Timestamp,Head_position_x,Head_position_y,Head_position_z,Head_euler_x,Head_euler_y,Head_euler_z,Head_quat_x,Head_quat_y,Head_quat_z,Head_quat_w,Head_sixD_a,Head_sixD_b,Head_sixD_c,Head_sixD_d,Head_sixD_e,Head_sixD_f,LeftHand_position_x,LeftHand_position_y,LeftHand_position_z,LeftHand_euler_x,LeftHand_euler_y,LeftHand_euler_z,LeftHand_quat_x,LeftHand_quat_y,LeftHand_quat_z,LeftHand_quat_w,LeftHand_sixD_a,LeftHand_sixD_b,LeftHand_sixD_c,LeftHand_sixD_d,LeftHand_sixD_e,LeftHand_sixD_f,RightHand_position_x,RightHand_position_y,RightHand_position_z,RightHand_euler_x,RightHand_euler_y,RightHand_euler_z,RightHand_quat_x,RightHand_quat_y,RightHand_quat_z,RightHand_quat_w,RightHand_sixD_a,RightHand_sixD_b,RightHand_sixD_c,RightHand_sixD_d,RightHand_sixD_e,RightHand_sixD_f,Gender,Build Type
0.0,0.07188,1.599914,2.54918,8.645197137575453,13.25409237352316,1.4534344698551522,-0.076322,-0.114119,-0.003865,-0.990524,0.973924,0.025076,-0.225485,0.009763,0.98832,0.15208,-0.076003,1.258176,2.786186,-21.72192600021576,-3.457355565804616,-16.707629498123826,-0.182038,-0.056675,-0.148242,0.970399,0.949625,-0.267074,0.163965,0.308341,0.889773,-0.336496,0.193239,1.233003,2.797043,-18.15309480603824,20.20208003142534,14.08624191147622,-0.132901,0.190925,0.146663,0.961444,0.884075,0.231269,-0.406111,-0.332765,0.921655,-0.19955,F,BuildTutorial
0.098,0.081109,1.602421,2.5459,7.186915306162777,19.38935542242711,0.2916172573464288,-0.062209,-0.167909,0.008051,-0.983805,0.943483,0.005049,-0.331382,0.036732,0.99213,0.1197,-0.072452,1.257292,2.787272,-21.75818996096196,-2.142177233417476,-17.336819043303915,-0.183782,-0.046588,-0.151469,0.970109,0.949773,-0.276759,0.146066,0.311007,0.886562,-0.342464,0.193892,1.23144,2.795686,-17.95652907788496,20.49048283991354,14.370194192380357,-0.130392,0.193511,0.149112,0.960894,0.880638,0.236097,-0.410774,-0.337026,0.921527,-0.192876,F,BuildTutorial
0.125,0.081822,1.602715,2.545164,6.99478830567872,20.160121648177924,0.1545033364257766,-0.060297,-0.174617,0.009352,-0.982744,0.938843,0.002677,-0.344335,0.039438,0.992554,0.115247,-0.071897,1.257028,2.788016,-21.698272151634203,-1.9044005994485296,-17.470324131736284,-0.183536,-0.044713,-0.152224,0.970125,0.949657,-0.27894,0.142633,0.311766,0.886285,-0.342493,0.194279,1.231466,2.795388,-17.975615359496356,20.68944376785311,14.445330460527854,-0.130166,0.19528,0.149994,0.960429,0.878735,0.23728,-0.414153,-0.338955,0.921117,-0.191448,F,BuildTutorial
0.159,0.081798,1.602981,2.544523,6.840286625117762,20.46716580155928,0.0217922146376315,-0.058742,-0.177334,0.010412,-0.982341,0.936888,0.000379,-0.349628,0.041289,0.992882,0.111717,-0.070897,1.256574,2.788435,-21.64134460203264,-1.5842133555146118,-17.704999315270562,-0.183392,-0.042305,-0.153705,0.970027,0.94917,-0.282679,0.138451,0.313713,0.885484,-0.342786,0.194833,1.231622,2.794976,-17.976832486721293,20.901199011886597,14.336486738253512,-0.130086,0.196932,0.149324,0.960207,0.87784,0.235529,-0.417041,-0.338001,0.92156,-0.191006,F,BuildTutorial
0.192,0.081138,1.603366,2.544152,6.668248497761233,20.419488894778947,-0.144189490911201,-0.057015,-0.177024,0.011545,-0.982486,0.937059,-0.002499,-0.349163,0.042872,0.993232,0.107946,-0.070657,1.256497,2.789089,-21.56589477949358,-1.4510134711496865,-17.731025600992385,-0.182922,-0.041121,-0.153723,0.970164,0.949357,-0.283228,0.136028,0.313316,0.885818,-0.342287,0.195232,1.23179,2.794599,-18.02413489282663,21.036263545976404,14.33480064746326,-0.130312,0.1981,0.149529,0.959904,0.876795,0.235438,-0.419285,-0.338697,0.92132,-0.19093,F,BuildTutorial
0.225,0.080073,1.603608,2.543834,6.52414821671314,20.141322680164116,-0.2457122541976918,-0.055652,-0.174699,0.012058,-0.982974,0.93867,-0.00426,-0.344791,0.04315,0.993515,0.105196,-0.07032,1.256392,2.789598,-21.50665867989508,-1.4754749793327482,-17.61476694757754,-0.182429,-0.041066,-0.152786,0.970407,0.94994,-0.281547,0.135447,0.311513,0.886752,-0.341511,0.195507,1.232309,2.794155,-18.126835322597728,21.099865488294284,14.404911174235297,-0.130974,0.198796,0.150332,0.959545,0.875761,0.236427,-0.420886,-0.340575,0.920492,-0.191579,F,BuildTutorial
0.259,0.078512,1.603693,2.543626,6.475729331234007,19.62671566125687,-0.2806439545856075,-0.055238,-0.170303,0.012036,-0.983769,0.941704,-0.004867,-0.336408,0.042496,0.993608,0.104583,-0.070213,1.256378,2.789814,-21.519808959604912,-1.5130710004459051,-17.43811268944823,-0.182554,-0.04112,-0.151348,0.970607,0.950806,-0.278785,0.13508,0.308811,0.887536,-0.34193,0.195558,1.232468,2.793625,-18.173586610144692,21.06292535086986,14.460225695440965,-0.131321,0.198588,0.150818,0.959464,0.875634,0.237251,-0.420686,-0.341566,0.920018,-0.192095,F,BuildTutorial
0.292,0.076772,1.603867,2.54356,6.425189224485488,19.06750436905995,-0.2950272255568587,-0.054841,-0.16551,0.011817,-0.984611,0.944934,-0.005117,-0.327222,0.041424,0.993706,0.104082,-0.070361,1.256756,2.789943,-21.511821605847345,-1.3281044661191954,-17.31708250123562,-0.182772,-0.03935,-0.150029,0.970844,0.951886,-0.276926,0.131248,0.305694,0.888171,-0.343079,0.195396,1.232487,2.793402,-18.17479753262672,20.992922357686545,14.607913387406146,-0.131168,0.198172,0.151976,0.959388,0.875262,0.23962,-0.420117,-0.343596,0.919396,-0.191448,F,BuildTutorial
0.325,0.075062,1.603899,2.543524,6.418126514529338,18.46910727350167,-0.2351884785125597,-0.054925,-0.160338,0.011006,-0.985472,0.948341,-0.004079,-0.317226,0.039305,0.993724,0.104724,-0.070082,1.256862,2.789682,-21.517280793490755,-1.340061807053089,-17.096956685514904,-0.182878,-0.039107,-0.148182,0.971117,0.953026,-0.2735,0.130154,0.302108,0.889196,-0.343602,0.195498,1.232575,2.792978,-18.185717709744797,21.07113758961649,14.67961868491182,-0.131032,0.198918,0.152681,0.959141,0.87424,0.240756,-0.421594,-0.345015,0.919038,-0.190615,F,BuildTutorial
0.359,0.073168,1.603857,2.54351,6.552468621185268,17.842531303851636,-0.3207160004079883,-0.056025,-0.154981,0.011623,-0.986259,0.951692,-0.00556,-0.307004,0.040291,0.993452,0.106909,-0.070742,1.257323,2.79002,-21.53653461066107,-1.4135352377448247,-16.932988183188247,-0.183003,-0.039492,-0.146907,0.971272,0.953718,-0.270919,0.130483,0.299827,0.889857,-0.343888,0.195378,1.232577,2.792835,-18.195905964124258,21.03736750696312,14.83465184673397,-0.130894,0.198821,0.153954,0.958976,0.873537,0.243228,-0.421632,-0.347326,0.918329,-0.189831,F,BuildTutorial
0.392,0.071235,1.603337,2.543536,6.8821370355411275,17.251464057321872,-0.4520266953463941,-0.058752,-0.149942,0.012895,-0.986864,0.954702,-0.007833,-0.297459,0.043071,0.992764,0.112093,-0.071657,1.257915,2.790179,-21.583102752901357,-1.5009019954214022,-16.94969266524783,-0.18328,-0.040317,-0.147182,0.971144,0.953424,-0.271092,0.132258,0.300649,0.889492,-0.344114,0.195273,1.232454,2.792892,-18.198553433676715,20.96455503154568,14.952053008575463,-0.130811,0.198348,0.154857,0.95894,0.873355,0.245104,-0.420921,-0.348889,0.917816,-0.189449,F,BuildTutorial
0.425,0.06955,1.602483,2.543519,7.362608383330686,16.560276817882496,-0.489390082853526,-0.062923,-0.143986,0.013464,-0.987485,0.958173,-0.008471,-0.286063,0.044711,0.991719,0.120394,-0.071828,1.258265,2.78949,-21.75272692954732,-1.366931636721453,-16.912778778333514,-0.184903,-0.039333,-0.146631,0.97096,0.953905,-0.2702,0.130606,0.299291,0.888621,-0.347531,0.194827,1.232486,2.793277,-18.172112022368555,20.869954749004044,15.099773764825642,-0.130461,0.197702,0.155949,0.958944,0.873188,0.247507,-0.41986,-0.350677,0.91732,-0.188547,F,BuildTutorial
0.459,0.067798,1.601776,2.543638,7.754976700774178,15.82769679439542,-0.5176942079590254,-0.066358,-0.13767,0.013775,-0.988157,0.961715,-0.008953,-0.273907,0.045495,0.990814,0.127351,-0.073455,1.259062,2.789795,-21.905532451183312,-1.3331333007129702,-17.01662815819704,-0.186206,-0.039405,-0.147434,0.970586,0.953421,-0.27152,0.131399,0.30087,0.887181,-0.349839,0.19427,1.232792,2.793516,-18.18832584371595,20.74091585080524,15.232163121332473,-0.130546,0.196787,0.156932,0.95896,0.873294,0.249603,-0.418396,-0.352362,0.916661,-0.188612,F,BuildTutorial
0.491,0.066235,1.601383,2.543768,7.9963635451716835,15.179943748624332,-0.5723258592261069,-0.068455,-0.132105,0.014148,-0.988768,0.964696,-0.009892,-0.263179,0.046065,0.990228,0.131635,-0.074779,1.259648,2.78963,-21.99846338329069,-1.4635207260484064,-17.16802391879346,-0.186772,-0.040872,-0.148915,0.970191,0.952308,-0.273684,0.134933,0.304219,0.885882,-0.350235,0.193423,1.233796,2.793845,-18.342262206532094,20.598300984182856,15.241991719382687,-0.132023,0.19574,0.157059,0.958952,0.874037,0.249539,-0.416882,-0.352908,0.915805,-0.191722,F,BuildTutorial
0.524,0.064798,1.601231,2.543855,8.056625421226233,14.641725762613635,-0.6181948342814728,-0.06899,-0.127485,0.014289,-0.989335,0.967087,-0.010683,-0.254223,0.045864,0.990072,0.132865,-0.076495,1.260208,2.789547,-21.974376067294006,-1.6577798939028714,-17.03310353574381,-0.186365,-0.042267,-0.148092,0.970335,0.952564,-0.271644,0.137225,0.303152,0.886674,-0.349154,0.192339,1.235175,2.794004,-18.64091280102568,20.42204969076449,15.24461864511112,-0.134779,0.19453,0.157275,0.958779,0.874846,0.249147,-0.415417,-0.354021,0.914198,-0.197258,F,BuildTutorial
0.558,0.063683,1.601454,2.543784,8.0146066435183,14.377895775434569,-0.6079488026525306,-0.068671,-0.125202,0.013996,-0.989653,0.968257,-0.010508,-0.249735,0.044899,0.990177,0.132416,-0.07788,1.260568,2.789092,-22.00649027259994,-1.867273047837504,-17.020352037403477,-0.186371,-0.04406,-0.148321,0.970219,0.952119,-0.271385,0.140782,0.304231,0.886534,-0.348571,0.1913,1.236314,2.79413,-18.82521301687666,20.352311102630296,15.11640899366118,-0.136646,0.193955,0.156364,0.95878,0.875863,0.246832,-0.414653,-0.352844,0.913756,-0.201371,F,BuildTutorial
0.592,0.062874,1.601501,2.54348,8.025340055297498,14.205715492172272,-0.4306715321397289,-0.068976,-0.123608,0.012373,-0.989854,0.969136,-0.007444,-0.246415,0.041548,0.990178,0.133493,-0.07954,1.2611,2.788786,-22.09592978803103,-2.041432095513868,-17.083965524878096,-0.186878,-0.045749,-0.149134,0.969919,0.951333,-0.272196,0.144485,0.306394,0.885671,-0.348868,0.190136,1.237307,2.794333,-18.965643263454048,20.274602539493777,15.030686653567884,-0.138081,0.193323,0.155739,0.958804,0.876743,0.245258,-0.413727,-0.352035,0.913358,-0.204569,F,BuildTutorial
0.625,0.062149,1.601594,2.543296,7.983403886186483,13.997271919990729,-0.2989493752319674,-0.068776,-0.12173,0.011065,-0.990116,0.970119,-0.005167,-0.242575,0.038655,0.990295,0.133498,-0.080635,1.261101,2.788418,-22.105023202990782,-2.0994382241115113,-17.221183835321064,-0.186824,-0.046475,-0.150389,0.969701,0.950447,-0.274299,0.146327,0.30903,0.88496,-0.348348,0.188987,1.238084,2.794628,-19.02637772044286,20.12690757399984,14.960273886027876,-0.138912,0.192054,0.155051,0.959051,0.878149,0.244047,-0.411456,-0.350761,0.913325,-0.206892,F,BuildTutorial
0.659,0.061317,1.601464,2.542996,8.028343901783124,13.690815255892575,-0.2553786943337152,-0.069239,-0.119053,0.010551,-0.990414,0.97143,-0.004414,-0.237286,0.037386,0.990189,0.134639,-0.082153,1.26129,2.788229,-22.116298071886913,-2.307264958153513,-17.14156328640157,-0.18668,-0.048118,-0.150053,0.969701,0.950337,-0.273048,0.149344,0.308979,0.88527,-0.347606,0.187682,1.23873,2.794759,-19.115573018457543,19.958588848324492,14.940437229891671,-0.139925,0.190697,0.154796,0.959215,0.879346,0.243599,-0.409159,-0.350332,0.912918,-0.209398,F,BuildTutorial
0.692,0.060387,1.601386,2.542657,8.0928982235045,13.289149108387203,-0.2284094047347992,-0.069861,-0.115561,0.01014,-0.990789,0.973086,-0.003947,-0.23041,0.036239,0.990033,0.136091,-0.083226,1.261447,2.787792,-22.14378459298045,-2.4837212419615144,-17.105822032076368,-0.186697,-0.049587,-0.150036,0.969626,0.950061,-0.272442,0.152185,0.309473,0.885267,-0.347172,0.186683,1.239333,2.794791,-19.177984628567778,19.83522891511256,14.92604986957643,-0.140642,0.1897,0.154605,0.959339,0.880222,0.243278,-0.407461,-0.349997,0.912634,-0.21119,F,BuildTutorial
0.725,0.05954,1.601505,2.542558,8.035675307267555,12.91306454461143,-0.205897789641524,-0.069421,-0.112298,0.00966,-0.9912,0.974592,-0.003559,-0.223961,0.034742,0.990175,0.13545,-0.084233,1.261849,2.787543,-22.209073760750172,-2.6337936802334925,-17.18091493951263,-0.18702,-0.05106,-0.150912,0.969351,0.949237,-0.273474,0.155437,0.311671,0.884498,-0.347165,0.185795,1.239775,2.794809,-19.250517890427016,19.70198097661572,14.862671046494734,-0.141538,0.188568,0.154003,0.959527,0.881451,0.242161,-0.405467,-0.348919,0.9125,-0.21354,F,BuildTutorial
0.761,0.059054,1.601626,2.542241,7.994150857181709,12.617323073837367,-0.135268767295263,-0.069154,-0.109699,0.00883,-0.991517,0.975776,-0.002338,-0.218758,0.032683,0.99028,0.135198,-0.085631,1.262392,2.787605,-22.306384015121033,-2.8314752465108652,-17.186671540349973,-0.187581,-0.052862,-0.151279,0.969089,0.948641,-0.273374,0.15921,0.313038,0.883856,-0.347572,0.184913,1.239841,2.794725,-19.28258970073363,19.470927763639285,14.947959669247837,-0.14198,0.186766,0.154472,0.959739,0.882514,0.243472,-0.402357,-0.34954,0.91196,-0.214828,F,BuildTutorial
0.797,0.058587,1.60162,2.541954,7.978656790547772,12.35369212233033,-0.0648605802093312,-0.069106,-0.107376,0.008047,-0.991781,0.976811,-0.001121,-0.2141,0.030803,0.990319,0.135349,-0.086559,1.262721,2.787631,-22.336857283868767,-2.962711432156237,-17.21142635566109,-0.187654,-0.05405,-0.151702,0.968943,0.94813,-0.273696,0.161678,0.314266,0.883545,-0.347252,0.184219,1.239649,2.794558,-19.242530209641913,19.310061563823407,15.002064495160305,-0.141771,0.185451,0.154676,0.959992,0.883367,0.244392,-0.39992,-0.349558,0.911953,-0.214828,F,BuildTutorial
0.83,0.058252,1.601711,2.541842,7.955884512746124,12.174260538548166,-0.0295383947831726,-0.068954,-0.105803,0.007612,-0.991964,0.977496,-0.00051,-0.210955,0.029692,0.990375,0.13519,-0.086577,1.262836,2.787055,-22.35016170665341,-3.0397283212229884,-17.131040948215485,-0.187703,-0.054586,-0.151148,0.96899,0.948349,-0.27243,0.162529,0.313414,0.883844,-0.347263,0.183913,1.239451,2.794316,-19.21431887774635,19.30507591481202,14.969031628804936,-0.141593,0.185344,0.154358,0.96009,0.883642,0.243909,-0.399606,-0.348883,0.91225,-0.214665,F,BuildTutorial
0.863,0.057967,1.601635,2.541655,7.973093273508178,12.0398074414937,-0.0228619135353411,-0.069118,-0.104634,0.007489,-0.992078,0.977991,-0.000396,-0.208645,0.029324,0.990333,0.135574,-0.087321,1.263259,2.787171,-22.375815872394252,-2.9877335988988416,-17.196316621972343,-0.187958,-0.054285,-0.151614,0.968885,0.948132,-0.273387,0.162187,0.314201,0.88337,-0.347758,0.183921,1.239069,2.793936,-19.18841525356515,19.408575566689645,14.998471713284042,-0.141187,0.186225,0.1547,0.959924,0.882776,0.244416,-0.401207,-0.349586,0.912269,-0.213439,F,BuildTutorial
0.897,0.057768,1.601476,2.54142,8.055191487015744,11.894292967178128,0.0510866154650306,-0.069905,-0.103324,0.006835,-0.992165,0.978555,0.000882,-0.205984,0.028009,0.990133,0.137302,-0.08716,1.263201,2.786619,-22.45637924495253,-2.97648783624676,-17.265898447607313,-0.188622,-0.054404,-0.152181,0.96866,0.947762,-0.2743,0.162809,0.315348,0.882525,-0.348863,0.184177,1.238657,2.793574,-19.08463875056569,19.48537728946153,14.949628516292684,-0.140287,0.186719,0.154255,0.960032,0.882683,0.243792,-0.401792,-0.348568,0.91305,-0.211754,F,BuildTutorial
0.93,0.057517,1.601189,2.541335,8.16408850581087,11.784250472670568,0.1122057197068132,-0.070909,-0.102326,0.006336,-0.9922,0.978978,0.001939,-0.203955,0.027085,0.989864,0.139415,-0.087088,1.263106,2.786396,-22.435830379219027,-2.9136433936426687,-17.383685171056264,-0.188476,-0.054041,-0.153074,0.968568,0.947296,-0.276154,0.162386,0.316896,0.88209,-0.348559,0.184386,1.238209,2.793225,-19.003948208151684,19.56687098911295,14.88366040270878,-0.139604,0.187252,0.1537,0.960117,0.882626,0.242857,-0.402482,-0.347421,0.913775,-0.21051,F,BuildTutorial
0.964,0.057632,1.600731,2.54101,8.415479761313659,11.74940556004041,0.1026818876247827,-0.073079,-0.102012,0.006621,-0.992073,0.9791,0.001773,-0.203374,0.028047,0.989231,0.14365,-0.087142,1.263071,2.786304,-22.3725423932206,-2.902861603192919,-17.374690302011714,-0.187959,-0.053856,-0.152983,0.968694,0.947391,-0.276142,0.16185,0.316633,0.882535,-0.347671,0.184809,1.237969,2.792773,-19.009016816625177,19.683805310310785,14.925581339215077,-0.139421,0.188287,0.1542,0.959861,0.88154,0.243519,-0.404457,-0.348523,0.913569,-0.209581,F,BuildTutorial
0.997,0.058176,1.599871,2.540838,8.86255782004584,11.955295238425744,0.0240646142187328,-0.076865,-0.103813,0.007838,-0.991591,0.978323,0.000416,-0.207085,0.031502,0.988061,0.150809,-0.086562,1.262886,2.785877,-22.380301019142003,-2.8422463304618963,-17.371480386797636,-0.188107,-0.053348,-0.152856,0.968713,0.947578,-0.276077,0.160864,0.316217,0.882502,-0.348134,0.185268,1.237664,2.79219,-19.014605302935077,19.690980681242895,14.98732478848741,-0.139357,0.188427,0.154733,0.959757,0.881106,0.244496,-0.404814,-0.34953,0.913274,-0.209186,F,BuildTutorial
1.03,0.05927,1.598599,2.540703,9.581068084159526,12.544034709998485,-0.0245575012543516,-0.08299,-0.108885,0.009336,-0.99054,0.976114,-0.000423,-0.21726,0.036569,0.986051,0.162377,-0.086264,1.263024,2.785933,-22.40957912438823,-2.637864651719648,-17.513731493653772,-0.188563,-0.051891,-0.153721,0.968567,0.947354,-0.278209,0.158492,0.317348,0.881627,-0.349319,0.185764,1.237397,2.791707,-19.004879030086528,19.777475028421932,14.982477684472729,-0.139166,0.189137,0.154785,0.959636,0.880538,0.244431,-0.406088,-0.349717,0.913349,-0.208547,F,BuildTutorial
1.063,0.060895,1.59691,2.540411,10.456217276891548,13.384634442005332,-0.0357967212739165,-0.090464,-0.116081,0.010928,-0.989051,0.972812,-0.000614,-0.231596,0.042618,0.983394,0.17641,-0.085817,1.263417,2.785854,-22.48577897420214,-2.3191129583188115,-17.598786136849526,-0.189598,-0.049434,-0.153908,0.968463,0.947737,-0.279364,0.154111,0.316854,0.88073,-0.35202,0.186443,1.237513,2.791125,-19.053803430688728,19.9321032119372,15.050941247615658,-0.139256,0.190557,0.155609,0.959209,0.878948,0.245451,-0.408906,-0.351595,0.912787,-0.207847,F,BuildTutorial
1.097,0.062632,1.595661,2.540312,11.116979617540386,14.298191554741786,-0.116311807648134,-0.095983,-0.123964,0.013057,-0.987547,0.968925,-0.001992,-0.247347,0.049585,0.981234,0.186338,-0.085345,1.26388,2.785579,-22.641490457134132,-2.105265133680104,-17.65955786775277,-0.191177,-0.047927,-0.154051,0.968206,0.947943,-0.279981,0.151709,0.316631,0.879439,-0.355432,0.187197,1.237729,2.790425,-19.1195590895029,20.04256374197116,15.103337132643532,-0.139573,0.191602,0.156267,0.958848,0.877739,0.246187,-0.411056,-0.353157,0.9122,-0.207776,F,BuildTutorial
1.13,0.064441,1.594334,2.540231,11.785036739172533,15.337131612964376,-0.1720887660888338,-0.101545,-0.13289,0.01518,-0.985798,0.96422,-0.002941,-0.265088,0.056918,0.978916,0.196172,-0.084207,1.263847,2.78491,-22.76770859009558,-1.9658638849862975,-17.80773319796382,-0.192371,-0.04716,-0.155055,0.967847,0.947468,-0.281994,0.150943,0.318283,0.877903,-0.357746,0.18814,1.238053,2.789535,-19.211816837685287,20.19985223683262,15.091608824424878,-0.140156,0.192983,0.156481,0.958451,0.876543,0.245863,-0.413792,-0.354054,0.91174,-0.208269,F,BuildTutorial
1.163,0.066197,1.592651,2.539951,12.64199576598735,16.34770407841826,-0.148447951877863,-0.108797,-0.141454,0.016928,-0.983803,0.959409,-0.002528,-0.282009,0.064087,0.975753,0.20928,-0.083306,1.263477,2.78488,-22.772771000433497,-1.7936517321851655,-17.879129860976033,-0.192618,-0.045832,-0.155368,0.967811,0.94752,-0.283077,0.148568,0.31839,0.877518,-0.358595,0.188983,1.238276,2.78886,-19.281643180798635,20.339953953871788,15.14420743411861,-0.140464,0.194279,0.157184,0.958029,0.875098,0.246596,-0.416406,-0.355752,0.911126,-0.208061,F,BuildTutorial
1.197,0.067626,1.590996,2.539757,13.511528631682152,17.261760368333047,-0.0016774372716802,-0.116303,-0.149028,0.017668,-0.981811,0.954957,-2.9e-05,-0.296745,0.069358,0.972323,0.223108,-0.082633,1.263127,2.785153,-22.747957229079564,-1.6038160454401655,-18.071137130199688,-0.192591,-0.044519,-0.156674,0.967667,0.946942,-0.286069,0.146508,0.320365,0.876723,-0.358779,0.189966,1.238304,2.788224,-19.25258589911542,20.591124567545116,15.175845064116766,-0.13982,0.196392,0.157717,0.957604,0.873112,0.247142,-0.420235,-0.35698,0.911151,-0.205837,F,BuildTutorial
1.23,0.068615,1.589731,2.539758,14.1955796551151,17.94122074388334,0.1275370442910034,-0.122224,-0.154597,0.018176,-0.98022,0.951539,0.002157,-0.307521,0.073425,0.969462,0.233994,-0.08169,1.262476,2.785419,-22.806179550982815,-1.3425698397380603,-18.438610065277512,-0.193303,-0.04301,-0.159327,0.967161,0.94553,-0.291561,0.144792,0.324817,0.874498,-0.360204,0.190961,1.238191,2.787568,-19.233500801099257,20.768894566274447,15.207925551104887,-0.139359,0.1979,0.158176,0.957285,0.871632,0.247681,-0.422979,-0.357998,0.911118,-0.204208,F,BuildTutorial
1.263,0.069256,1.588933,2.539807,14.578146098161008,18.505750924677685,0.2656431187155589,-0.125594,-0.159202,0.018131,-0.979057,0.948652,0.004486,-0.316291,0.075493,0.967795,0.240153,-0.081201,1.262293,2.786044,-22.79136813841519,-1.1082949119645258,-18.86543644768777,-0.193349,-0.041733,-0.162536,0.966673,0.943681,-0.298101,0.143536,0.330377,0.872396,-0.360244,0.191875,1.238254,2.786935,-19.23783574491312,21.008116251742877,15.06166140644086,-0.13932,0.199724,0.157251,0.957064,0.870765,0.245348,-0.426114,-0.35665,0.911724,-0.203863,F,BuildTutorial
1.297,0.069611,1.588888,2.540034,14.649233760449874,18.770160029899376,0.3267979983112428,-0.126245,-0.161379,0.017999,-0.978619,0.947266,0.005518,-0.320401,0.075975,0.967476,0.241283,-0.080191,1.262223,2.786125,-22.857365223646216,-0.9828464360516168,-18.955021091081814,-0.194052,-0.040918,-0.163066,0.966478,0.94347,-0.29932,0.14238,0.331081,0.871507,-0.361748,0.192803,1.238335,2.786265,-19.283309362586493,21.228289423885517,15.055145034102052,-0.139412,0.201593,0.157527,0.956614,0.869092,0.245176,-0.429615,-0.357593,0.9115,-0.203214,F,BuildTutorial
1.33,0.069685,1.58891,2.540103,14.652750920680637,18.87376454866891,0.3686244169995032,-0.126318,-0.162217,0.017761,-0.978476,0.94674,0.006225,-0.321938,0.075739,0.967457,0.241435,-0.079253,1.262546,2.786482,-22.959402853345008,-0.788204851272971,-18.953962925108485,-0.19519,-0.039417,-0.162704,0.966372,0.943947,-0.299078,0.1397,0.329854,0.870857,-0.364425,0.193758,1.238106,2.785727,-19.25799153840999,21.354438901668303,15.060412378559644,-0.139016,0.202631,0.157689,0.956425,0.86815,0.245297,-0.431445,-0.357973,0.911618,-0.202011,F,BuildTutorial
1.363,0.069474,1.589018,2.540117,14.61298029593771,18.83684129161503,0.4386293520461037,-0.126083,-0.161833,0.017066,-0.978582,0.947038,0.007408,-0.321037,0.074209,0.967624,0.241242,-0.077957,1.26269,2.786649,-23.130087820068365,-0.5290221010956888,-19.083040572609946,-0.196955,-0.037692,-0.163308,0.965981,0.943819,-0.300658,0.137148,0.330353,0.869078,-0.368198,0.194883,1.237773,2.785185,-19.215676944270182,21.55542898849704,15.079578401092872,-0.138349,0.204296,0.158033,0.956111,0.866577,0.245666,-0.434387,-0.358723,0.91177,-0.199983,F,BuildTutorial
1.397,0.069052,1.589087,2.540165,14.557723244208995,18.628932487266944,0.4330764134909871,-0.125634,-0.160075,0.016807,-0.978933,0.948187,0.007316,-0.317629,0.073127,0.967867,0.240593,-0.076887,1.262778,2.787033,-23.38995027413356,-0.4021979662040245,-19.232253198639185,-0.199278,-0.037249,-0.164279,0.965357,0.94325,-0.302331,0.137391,0.332022,0.866601,-0.37251,0.195655,1.237352,2.784847,-19.269837306054793,21.472545293127368,15.561182936531218,-0.138062,0.204232,0.162026,0.955498,0.864074,0.253237,-0.435026,-0.366024,0.909373,-0.197654,F,BuildTutorial
1.43,0.068552,1.589204,2.54006,14.50913208870552,18.380982847085978,0.4309404129384375,-0.125252,-0.157969,0.016486,-0.97933,0.949548,0.007281,-0.313537,0.071863,0.96808,0.240117,-0.075582,1.262223,2.787517,-23.434908717803875,-0.3249431747055556,-19.55636726047682,-0.199663,-0.037227,-0.166862,0.964835,0.941542,-0.307123,0.138468,0.336854,0.864583,-0.372861,0.195714,1.237154,2.784938,-19.53817382500036,20.842705522643342,16.970287479320373,-0.138749,0.200935,0.173371,0.954105,0.859135,0.27507,-0.431536,-0.386588,0.901382,-0.19509,F,BuildTutorial
1.463,0.06801,1.58942,2.539927,14.422503849334856,18.194680392805544,0.4440875280709296,-0.124556,-0.15638,0.016051,-0.97968,0.950576,0.007507,-0.310403,0.070405,0.968457,0.23903,-0.074442,1.261396,2.787772,-23.401991486091315,-0.4562342237234865,-19.96964111544108,-0.199055,-0.039003,-0.170578,0.96424,0.938764,-0.313428,0.143126,0.344483,0.862561,-0.370568,0.193714,1.23663,2.785418,-20.589625173922865,18.906707768630024,22.31939305373112,-0.141676,0.192664,0.21664,0.946507,0.831896,0.355511,-0.4261,-0.464694,0.86599,-0.184717,F,BuildTutorial
1.496,0.067399,1.589569,2.539929,14.34764541895522,17.93606055216098,0.415268535984343,-0.123913,-0.154215,0.015915,-0.980107,0.951929,0.007023,-0.306239,0.069414,0.968785,0.237987,-0.073906,1.260833,2.788081,-23.420222102878277,-0.3706829885383459,-20.6000178214752,-0.199122,-0.039406,-0.175726,0.963285,0.935135,-0.322855,0.1459,0.354242,0.858942,-0.369773,0.190487,1.236641,2.78587,-22.370117744267873,15.586173718713953,29.853417139514345,-0.151438,0.178036,0.275772,0.932373,0.784506,0.460322,-0.415517,-0.568167,0.802033,-0.184199,F,BuildTutorial
1.53,0.066531,1.589665,2.539818,14.308363338414877,17.586334705868982,0.3130889196643862,-0.12349,-0.151341,0.016359,-0.980601,0.953656,0.005295,-0.300851,0.069462,0.968965,0.237237,-0.072165,1.259996,2.787806,-23.65649523230495,0.1543759674433627,-21.796185436496987,-0.201531,-0.037459,-0.184777,0.961166,0.928909,-0.340103,0.146486,0.3703,0.850486,-0.373566,0.187662,1.237471,2.785143,-24.493529847278445,12.353329985756629,35.81424520534876,-0.168345,0.164896,0.320451,0.917486,0.74024,0.5325,-0.410473,-0.643538,0.737942,-0.203226,F,BuildTutorial
1.563,0.065417,1.58953,2.539957,14.355776068223268,17.143420741566057,0.2112299034366964,-0.123827,-0.147651,0.016815,-0.981113,0.955833,0.003571,-0.293888,0.069561,0.968768,0.238011,-0.070907,1.259289,2.788724,-24.145557047302862,0.9935326825943884,-24.623483155040844,-0.206144,-0.036313,-0.206735,0.955744,0.911884,-0.380199,0.154647,0.410142,0.829531,-0.379027,0.183139,1.236002,2.785285,-25.6921275827306,7.164314994406131,46.40960169278229,-0.179945,0.14342,0.396174,0.888874,0.644953,0.652682,-0.397544,-0.755913,0.621331,-0.206259,F,BuildTutorial
1.596,0.064058,1.589319,2.540157,14.452675514507106,16.67390323703124,0.1873383823848803,-0.124695,-0.143639,0.016634,-0.981602,0.958182,0.003166,-0.286141,0.068478,0.968349,0.240023,-0.06935,1.258937,2.789503,-25.0370222895852,2.616580273073246,-27.865033398052784,-0.21569,-0.030543,-0.23019,0.94845,0.89216,-0.423471,0.157237,0.449823,0.800981,-0.395081,0.177909,1.235298,2.784167,-27.387504751482368,0.3146989982180995,57.92797210813504,-0.20583,0.116974,0.471062,0.849737,0.528836,0.752403,-0.392711,-0.84871,0.47147,-0.239598,F,BuildTutorial
1.63,0.062607,1.589028,2.54034,14.640662630251835,16.181146623466184,0.2461518586793913,-0.126448,-0.13932,0.015823,-0.982014,0.960679,0.004156,-0.27763,0.066311,0.967521,0.243938,-0.067698,1.258633,2.790565,-26.018639457187696,4.414184597629416,-31.372489833196,-0.22671,-0.024692,-0.254888,0.939694,0.868845,-0.467838,0.161978,0.49023,0.76727,-0.413488,0.170959,1.233305,2.782534,-27.93640563293294,-8.490254028179281,70.10845509554274,-0.238315,0.079454,0.541212,0.802486,0.401554,0.830759,-0.385479,-0.906499,0.300593,-0.296485,F,BuildTutorial
1.663,0.060946,1.58857,2.540497,14.909041588950805,15.60803307022851,0.2372167251622636,-0.128816,-0.134371,0.015583,-0.982399,0.963403,0.004002,-0.268027,0.065235,0.966328,0.248909,-0.067329,1.258769,2.792559,-26.8791354423571,5.694723909866678,-34.16545208717286,-0.236084,-0.022006,-0.274319,0.931949,0.848529,-0.500913,0.170542,0.521694,0.738027,-0.427963,0.165781,1.229252,2.781137,-26.723057901583218,-16.697565821355056,81.64128620883606,-0.265376,0.042558,0.603866,0.750407,0.26707,0.883703,-0.384375,-0.928878,0.129844,-0.346881,F,BuildTutorial
1.697,0.059147,1.588018,2.540704,15.212219697894602,15.042205379970865,0.2666933237265101,-0.131525,-0.129434,0.015038,-0.982712,0.966041,0.004492,-0.258349,0.063603,0.96495,0.25461,-0.068463,1.258607,2.79574,-26.99105591893941,6.21994041583435,-35.492770685560444,-0.238017,-0.020783,-0.283893,0.928612,0.837945,-0.51736,0.173742,0.537147,0.725505,-0.430251,0.166289,1.227495,2.781841,-25.57996581226157,-20.41469018699871,88.77151116251511,-0.276584,0.028899,0.643298,0.713326,0.170665,0.901776,-0.397081,-0.933748,0.019337,-0.357408,F,BuildTutorial
1.73,0.057198,1.58758,2.54108,15.49881067980325,14.45436914409848,0.446404672176215,-0.134254,-0.124133,0.013134,-0.983054,0.968837,0.007508,-0.247586,0.059154,0.963607,0.260698,-0.071373,1.258554,2.799325,-26.81874361063257,5.717892521797932,-35.22338767961941,-0.235442,-0.023836,-0.282925,0.929491,0.838771,-0.514728,0.177536,0.537176,0.729042,-0.424194,0.171082,1.228125,2.782958,-26.099512079026766,-20.709996762545803,90.70210295160376,-0.280671,0.034965,0.653243,0.702336,0.144103,0.897964,-0.415806,-0.937218,-0.011004,-0.34857,F,BuildTutorial
1.763,0.054907,1.587147,2.541574,15.774073079414173,13.72487134205172,0.5520449546701608,-0.136806,-0.117698,0.011658,-0.983512,0.972023,0.009272,-0.234704,0.055136,0.962296,0.266357,-0.074918,1.258473,2.803324,-26.71755333328924,4.9642041713719,-34.50109107182375,-0.232943,-0.028213,-0.2787,0.931272,0.843061,-0.505947,0.18239,0.532235,0.736128,-0.418141,0.176204,1.230459,2.784295,-26.87408368687105,-20.41230975559225,90.6507138744364,-0.283347,0.041462,0.651751,0.702293,0.147002,0.891945,-0.427581,-0.938937,-0.010131,-0.343939,F,BuildTutorial
1.796,0.052433,1.586806,2.542299,15.976242978210111,12.936929329816858,0.5427356696839477,-0.13861,-0.110908,0.010995,-0.984056,0.975157,0.009107,-0.221326,0.052385,0.961333,0.270362,-0.079153,1.258314,2.807604,-26.68472888059408,4.521988024114082,-35.50088974000972,-0.231315,-0.033741,-0.287741,0.928741,0.832133,-0.518864,0.195791,0.550083,0.727398,-0.410245,0.182418,1.23327,2.786341,-27.268806659290817,-18.269691901978817,88.56573476329271,-0.274338,0.052044,0.643129,0.713033,0.167354,0.888588,-0.427087,-0.945699,0.022249,-0.324282,F,BuildTutorial
1.83,0.049982,1.586747,2.543083,16.04223174342224,12.183467892355912,0.5534733859531951,-0.139256,-0.104411,0.010052,-0.984685,0.977995,0.009283,-0.208424,0.048876,0.961014,0.272147,-0.068458,1.254196,2.798721,-27.704972482873107,5.0047911575098345,-37.39644322942383,-0.24016,-0.036528,-0.301061,0.922145,0.816056,-0.537699,0.211974,0.572789,0.703371,-0.42093,0.189738,1.23616,2.787681,-27.5249078321049,-15.537717986536135,86.12501979715879,-0.261863,0.065018,0.633611,0.725078,0.18862,0.884783,-0.426125,-0.952886,0.059931,-0.29735,F,BuildTutorial
1.863,0.047148,1.586611,2.544046,16.153104171899663,11.389767653365087,0.5634695506668539,-0.140284,-0.097558,0.009097,-0.985251,0.9808,0.009446,-0.19479,0.045297,0.960475,0.274655,-0.070536,1.255303,2.799821,-28.84867442120373,5.076617366319486,-37.59906717991947,-0.249403,-0.039593,-0.30135,0.919467,0.815242,-0.534412,0.223125,0.573911,0.693973,-0.434773,0.196336,1.239607,2.788669,-28.765749664664582,-12.778171529008462,83.58682420035429,-0.255883,0.084153,0.620941,0.736122,0.214702,0.871109,-0.441671,-0.957242,0.097913,-0.272214,F,BuildTutorial
1.896,0.044157,1.586157,2.54505,16.392422254400543,10.647524299170332,0.5189878085119184,-0.142363,-0.091192,0.008764,-0.985566,0.983215,0.00869,-0.182246,0.043239,0.959312,0.279017,-0.074196,1.255796,2.801062,-29.083148431752807,4.141695688862526,-35.57460066493859,-0.249609,-0.043346,-0.286866,0.923864,0.831658,-0.508412,0.223301,0.55169,0.710806,-0.43634,0.20191,1.24311,2.789515,-30.04477438878033,-9.669863245861013,78.8911164111836,-0.251167,0.10123,0.594578,0.757064,0.27246,0.849415,-0.451951,-0.951117,0.166786,-0.25992,F,BuildTutorial
1.93,0.041364,1.585407,2.545962,16.798237495590772,9.982427403921124,0.562909934624076,-0.145935,-0.085354,0.007867,-0.985574,0.985306,0.009406,-0.170541,0.040419,0.957282,0.286316,-0.07798,1.254428,2.803298,-27.462228299683684,2.149180674427474,-31.781316189111017,-0.233243,-0.047458,-0.261649,0.935353,0.858575,-0.46733,0.210835,0.511607,0.754275,-0.411495,0.208808,1.24483,2.790481,-29.244642702726463,-4.746783395150541,66.9709840543665,-0.232474,0.105742,0.524679,0.812088,0.427063,0.803006,-0.415691,-0.901335,0.341337,-0.266618,F,BuildTutorial
1.963,0.037851,1.58426,2.546999,17.401244101702034,8.918193207366373,0.4991642449125795,-0.151147,-0.076195,0.007468,-0.985542,0.988277,0.008314,-0.152444,0.037753,0.954198,0.296786,-0.082914,1.252584,2.805522,-25.871325384818583,-0.4492028379639013,-26.571029889699652,-0.216986,-0.055161,-0.224824,0.948329,0.892823,-0.402476,0.202189,0.450353,0.804742,-0.386745,0.217425,1.246074,2.789325,-29.32041995539504,1.5297195726280024,54.51340382689565,-0.21905,0.127378,0.446032,0.858399,0.569662,0.709942,-0.414087,-0.82155,0.506146,-0.262435,F,BuildTutorial
1.996,0.033637,1.582211,2.548125,18.432517944164807,7.550884227758068,0.1628808601794908,-0.159906,-0.064769,0.009146,-0.984963,0.991443,0.002696,-0.130516,0.038732,0.948693,0.313819,-0.089209,1.249201,2.809083,-23.26432015711315,-3.1934243956781416,-18.68989795007361,-0.194443,-0.059657,-0.164525,0.965176,0.938745,-0.294392,0.179141,0.340791,0.870247,-0.355713,0.227275,1.246223,2.78957,-28.560186462524037,9.838982295208284,40.45965060360284,-0.201857,0.162958,0.353716,0.898657,0.69666,0.56995,-0.435686,-0.701527,0.668278,-0.247519,F,BuildTutorial
2.03,0.02907,1.579498,2.549131,19.808927571451033,6.08746725806569,-0.0988768776744991,-0.171718,-0.052455,0.009982,-0.983698,0.994298,-0.001623,-0.106629,0.037653,0.940827,0.336789,-0.094722,1.243366,2.813429,-20.15347971458939,-5.405315162473442,-12.377474831628003,-0.168749,-0.064996,-0.114225,0.976858,0.965456,-0.201228,0.165535,0.2451,0.916953,-0.314839,0.24032,1.242414,2.788507,-25.454905672182193,19.186898533939353,22.51729673439158,-0.181314,0.201845,0.223788,0.936111,0.818356,0.345786,-0.459049,-0.492175,0.834089,-0.249119,F,BuildTutorial
2.063,0.024063,1.576881,2.550633,21.118920928332884,4.523370657854904,-0.3259493435306342,-0.183002,-0.039316,0.010026,-0.982275,0.996708,-0.005308,-0.080907,0.034087,0.93282,0.358728,-0.098587,1.235974,2.817032,-17.20776555035774,-6.447568134151963,-8.017484818523648,-0.145113,-0.065909,-0.077405,0.984178,0.979329,-0.133231,0.152198,0.171488,0.945901,-0.275432,0.252274,1.231321,2.78874,-18.41070380122309,26.643962470638495,12.810459865914172,-0.129322,0.243402,0.143791,0.95045,0.840159,0.210378,-0.499874,-0.336287,0.9252,-0.175829,F,BuildTutorial
2.096,0.018914,1.574334,2.552438,22.38441040005952,2.9361328146609593,-0.4894019377975326,-0.193928,-0.025961,0.009161,-0.980629,0.998484,-0.007898,-0.054469,0.028036,0.924616,0.379868,-0.101483,1.228664,2.819265,-15.317760926799346,-7.430403253831555,-5.601652148776128,-0.129698,-0.070641,-0.056952,0.987393,0.983533,-0.094144,0.154274,0.130792,0.95987,-0.24808,0.257498,1.220891,2.79002,-12.892662049165642,29.447046053064913,10.913901130899648,-0.084077,0.26173,0.119799,0.95398,0.834292,0.18456,-0.519514,-0.272582,0.957159,-0.097706,F,BuildTutorial
2.129,0.013469,1.571696,2.554424,23.638062132186818,1.231986437889497,-0.6345809228233912,-0.204748,-0.011657,0.007622,-0.978716,0.999612,-0.010146,-0.025939,0.019693,0.916041,0.400602,-0.100382,1.22177,2.819791,-15.16969339461996,-6.276781563224533,-9.28575914625416,-0.126971,-0.064759,-0.087319,0.985931,0.976363,-0.155735,0.149871,0.188625,0.952508,-0.23906,0.256686,1.213843,2.790157,-11.805864593668518,29.604907641977615,11.66040922032842,-0.073101,0.262918,0.123828,0.954042,0.831081,0.197835,-0.519775,-0.274714,0.958646,-0.07437,F,BuildTutorial
2.163,0.007529,1.569161,2.556849,24.79696885864817,-0.6274055620411917,-0.8775784041515943,-0.214741,0.003703,0.006304,-0.976644,0.999893,-0.013904,0.004526,0.010723,0.907693,0.419497,-0.098453,1.217164,2.819885,-15.656539701146547,-4.431284780531228,-12.767777443012852,-0.131,-0.053196,-0.115304,0.983216,0.96775,-0.212801,0.134816,0.240676,0.939088,-0.245335,0.252687,1.208595,2.789967,-12.101630310603282,29.158121923940875,15.244102524769673,-0.067914,0.261633,0.153951,0.950387,0.815695,0.257088,-0.518216,-0.328162,0.943374,-0.048532,F,BuildTutorial
2.196,0.001295,1.566304,2.559299,26.06849470491629,-2.4757954018217494,-1.0673491036726332,-0.225667,0.018946,0.0042,-0.974011,0.999247,-0.016732,0.035012,-0.00037,0.898113,0.439764,-0.098098,1.211367,2.82066,-14.357341004861928,-4.159113609902989,-16.994279140198287,-0.118191,-0.05406,-0.15099,0.979954,0.948559,-0.283148,0.141643,0.308705,0.926466,-0.215318,0.2497,1.204685,2.788315,-12.33575138556876,30.32769606891763,17.66880374387311,-0.06253,0.272907,0.175145,0.943894,0.789693,0.296507,-0.537093,-0.364766,0.930829,-0.022446,F,BuildTutorial
2.229,-0.005284,1.563404,2.562165,27.23256508763759,-4.400456656755436,-1.4067937126379877,-0.235685,0.034422,0.002885,-0.971215,0.997614,-0.021829,0.065503,-0.010622,0.888888,0.458001,-0.099936,1.204204,2.822907,-10.96098210359622,-4.908912043007548,-21.444781624773803,-0.085822,-0.059638,-0.189049,0.976391,0.921408,-0.358934,0.148909,0.379407,0.913791,-0.145042,0.248623,1.202366,2.78448,-12.90745597631716,32.528916981696305,17.37739517072372,-0.064623,0.291403,0.17522,0.938193,0.768765,0.291118,-0.56943,-0.366444,0.930243,-0.019138,F,BuildTutorial
2.263,-0.011634,1.560852,2.564736,28.415740809251467,-6.079138804200788,-1.8929858401066053,-0.245911,0.047348,0.002978,-0.968131,0.995499,-0.029054,0.090214,-0.01752,0.879038,0.47643,-0.103588,1.198312,2.824917,-7.250918613848731,-3.577914243130573,-23.04757047866444,-0.055705,-0.043154,-0.201212,0.97701,0.915303,-0.388364,0.10674,0.397979,0.912822,-0.091483,0.246167,1.199177,2.783091,-13.393277231358969,31.829434643749305,19.854408035343496,-0.063514,0.287591,0.196155,0.935297,0.75763,0.330394,-0.562883,-0.403459,0.914978,-0.005985,F,BuildTutorial
2.296,-0.017888,1.558355,2.567407,29.428691167001325,-7.4741756413394,-2.3252259081479583,-0.254687,0.057885,0.003031,-0.965285,0.99328,-0.035336,0.110207,-0.023634,0.870251,0.492042,-0.103406,1.194808,2.824546,-7.386429406905014,0.557734642327965,-21.671650248054696,-0.064178,-0.007339,-0.187295,0.980178,0.929733,-0.366223,0.038429,0.368107,0.921603,-0.123063,0.240387,1.19651,2.782464,-14.474331714649242,28.080591418524545,23.947786715132985,-0.069623,0.26079,0.229562,0.935116,0.75858,0.393021,-0.519703,-0.465648,0.884908,-0.010476,F,BuildTutorial
2.329,-0.023573,1.556395,2.570204,30.28449741387405,-8.578164046357927,-2.713154874817659,-0.262121,0.066005,0.003258,-0.96277,0.991266,-0.040876,0.125387,-0.028329,0.862564,0.505155,-0.104175,1.196435,2.822803,-9.73963986173455,1.5338358322640484,-23.325143674453145,-0.085828,-0.004098,-0.200287,0.975962,0.919737,-0.390241,0.04238,0.391648,0.905037,-0.165889,0.235437,1.195386,2.780253,-16.15410258118834,26.242222060875527,25.0006190695364,-0.084945,0.249048,0.239843,0.934471,0.760902,0.405941,-0.506202,-0.490562,0.87052,-0.039293,F,BuildTutorial
2.363,-0.028962,1.555008,2.573183,30.83760685685226,-9.220095080395396,-3.0331079806481713,-0.26697,0.07044,0.004069,-0.961118,0.990043,-0.045433,0.133231,-0.029789,0.857421,0.513754,-0.109762,1.196631,2.822902,-10.185053277330152,0.0521165583359996,-21.69874474618671,-0.087263,-0.016263,-0.187445,0.978256,0.9292,-0.3639,0.064532,0.369576,0.914499,-0.164634,0.232848,1.194551,2.777102,-17.39489462141526,26.719677796766273,24.687047216434724,-0.094896,0.25458,0.239729,0.932048,0.755438,0.39856,-0.520061,-0.495195,0.86705,-0.054834,F,BuildTutorial
2.397,-0.034218,1.553944,2.576277,31.187867023613183,-9.574570012668042,-3.1073625518450525,-0.269961,0.073092,0.003598,-0.960086,0.989289,-0.046374,0.138407,-0.032555,0.854216,0.518898,-0.115354,1.196485,2.822405,-11.340616617419046,-0.8534217380239306,-23.251237510577297,-0.095281,-0.027169,-0.201245,0.974517,0.917525,-0.387056,0.091304,0.397411,0.900844,-0.174771,0.229096,1.193431,2.775686,-18.118127948515248,26.75576395729261,25.793959905619705,-0.098318,0.256912,0.249945,0.928363,0.743048,0.413561,-0.526163,-0.514597,0.855722,-0.054122,F,BuildTutorial
2.429,-0.039366,1.552803,2.579221,31.625952283501785,-9.699634612540976,-3.1379078887918608,-0.273648,0.07388,0.00322,-0.958983,0.989063,-0.046609,0.139937,-0.034259,0.850213,0.525324,-0.119043,1.194031,2.820762,-12.56303944928863,-0.1425014554396372,-25.652979211948622,-0.106409,-0.025495,-0.220799,0.969162,0.901196,-0.422554,0.096408,0.433406,0.87985,-0.194997,0.226346,1.193251,2.774144,-18.20513598098601,27.640589672845095,23.530768245537164,-0.1023,0.262238,0.232505,0.930971,0.754346,0.379256,-0.535843,-0.486564,0.870953,-0.068534,F,BuildTutorial
2.463,-0.044387,1.551941,2.58244,31.953693462758817,-9.549238968337791,-3.032213685551323,-0.276315,0.072736,0.002445,-0.958308,0.989407,-0.044882,0.138055,-0.035509,0.847288,0.529945,-0.125337,1.193465,2.819,-13.672900695255391,-1.721593720114739,-23.265119133649232,-0.11357,-0.038609,-0.20193,0.972027,0.915467,-0.383793,0.120925,0.401332,0.892652,-0.205194,0.223025,1.193484,2.771487,-19.33401604245662,28.595777873245392,24.310409454323505,-0.10781,0.272261,0.241682,0.925117,0.734928,0.388463,-0.555858,-0.505872,0.859934,-0.067872,F,BuildTutorial
2.496,-0.049304,1.551081,2.585843,32.16460561754444,-9.353201280728165,-2.876568137284359,-0.277975,0.071386,0.001459,-0.957931,0.989804,-0.042482,0.135955,-0.036892,0.845456,0.53277,-0.1334,1.191584,2.8158,-14.07074525273551,-4.639276176917127,-19.80770801546442,-0.113649,-0.06062,-0.175444,0.976027,0.931089,-0.328698,0.158211,0.356256,0.912607,-0.200578,0.217563,1.193918,2.770147,-20.98810953038339,27.78612545939226,27.85664201263992,-0.114777,0.271711,0.272204,0.915917,0.704157,0.43626,-0.560215,-0.561005,0.825463,-0.062332,F,BuildTutorial
2.529,-0.054152,1.549907,2.589282,32.578373000445396,-9.083938621077746,-2.8340085297456032,-0.281399,0.069073,0.001457,-0.957101,0.990454,-0.041664,0.1314,-0.036085,0.841625,0.538856,-0.137042,1.186844,2.808815,-14.840673613958812,-4.409774640920943,-21.388370433932504,-0.119731,-0.061436,-0.188759,0.972759,0.921191,-0.352523,0.164725,0.381946,0.900069,-0.209745,0.210365,1.196053,2.768272,-23.484493609952587,25.81449844581108,30.479746223356393,-0.133904,0.263151,0.294717,0.908825,0.687787,0.465217,-0.557245,-0.606166,0.790424,-0.088281,F,BuildTutorial
2.562,-0.05883,1.548687,2.592663,33.10063619057367,-8.808370241741777,-2.858662215313809,-0.285764,0.066503,0.001972,-0.955988,0.991147,-0.04178,0.126025,-0.034237,0.83667,0.546636,-0.137514,1.18531,2.799917,-17.0687365601952,-2.276463604827488,-21.07364478421384,-0.142279,-0.046446,-0.183705,0.97152,0.928191,-0.34373,0.142521,0.370163,0.892018,-0.25939,0.201055,1.196537,2.767231,-24.80278714005898,22.39841288821789,34.1591803066077,-0.145667,0.243197,0.321256,0.903566,0.6753,0.5097,-0.533081,-0.651403,0.751152,-0.106982,F,BuildTutorial
2.596,-0.063239,1.547424,2.596259,33.46404148538832,-8.59000821421586,-2.701333790120227,-0.288698,0.064934,0.000955,-0.955215,0.991565,-0.039318,0.123501,-0.035668,0.833306,0.551661,-0.14214,1.184507,2.79039,-21.73306284729012,-2.099487603963109,-11.831464572679623,-0.185632,-0.037323,-0.104636,0.976319,0.975317,-0.19046,0.111725,0.218173,0.909184,-0.354662,0.192465,1.195545,2.765898,-25.239849843044993,19.27795703122753,34.780786139878494,-0.156717,0.220304,0.322453,0.907155,0.69498,0.515979,-0.500768,-0.65408,0.742928,-0.142258,F,BuildTutorial
2.629,-0.067711,1.545965,2.599671,33.9966363662854,-8.370238777836263,-2.7959297224176676,-0.29318,0.062657,0.00194,-0.954,0.992141,-0.040442,0.118411,-0.033037,0.828083,0.559631,-0.146485,1.1828,2.778616,-28.159261729185413,-0.4274530831848655,-8.002883077580245,-0.242423,-0.020585,-0.06859,0.967524,0.989743,-0.122744,0.073089,0.142706,0.873054,-0.466275,0.185077,1.193071,2.765098,-24.838948348369737,17.418776385574265,36.898913384964416,-0.154862,0.207556,0.336391,0.905417,0.687524,0.544863,-0.480037,-0.673433,0.725718,-0.140789,F,BuildTutorial
2.663,-0.072206,1.544502,2.603161,34.60589394785321,-8.193399574419859,-2.905469431624801,-0.298298,0.060664,0.002902,-0.952539,0.992623,-0.041721,0.113838,-0.030663,0.82202,0.568633,-0.148917,1.181319,2.77136,-30.951545388460723,1.8895254641583237,-12.438659768178756,-0.266946,-0.013106,-0.100019,0.958418,0.979649,-0.184722,0.078521,0.198716,0.837472,-0.50907,0.181357,1.191272,2.763633,-24.665382646357234,17.679313662691996,37.04031684346996,-0.152436,0.209387,0.337745,0.904903,0.684171,0.547417,-0.481918,-0.675089,0.725383,-0.13444,F,BuildTutorial
2.696,-0.076421,1.543188,2.606372,35.1564891099227,-8.19717610861302,-2.8977311002443997,-0.302862,0.060497,0.002464,-0.951109,0.992668,-0.041333,0.113586,-0.031957,0.816537,0.576407,-0.153901,1.17797,2.775001,-29.598703336118515,1.124620899862961,-16.036575560635153,-0.254249,-0.026233,-0.132373,0.957678,0.963579,-0.240201,0.117558,0.26688,0.83567,-0.480033,0.180736,1.190115,2.761501,-24.52835642744403,19.521520853641793,34.67024026563245,-0.150474,0.220517,0.321322,0.90856,0.696249,0.517517,-0.497407,-0.650246,0.748219,-0.131716,F,BuildTutorial
2.729,-0.0802,1.54214,2.609405,35.7125177384812,-8.2512892174801,-2.8199807746333545,-0.307428,0.060932,0.001307,-0.949618,0.992571,-0.039947,0.11492,-0.034982,0.810973,0.584037,-0.163665,1.17474,2.787036,-25.333814796378164,-2.7400677112804166,-8.7608810399007,-0.216798,-0.040003,-0.079726,0.972133,0.984087,-0.137663,0.112345,0.172353,0.893285,-0.415134,0.181406,1.188992,2.759129,-24.196550666613415,21.796829506673753,32.51815643648185,-0.145818,0.235098,0.306867,0.910659,0.701123,0.490339,-0.517681,-0.627465,0.76914,-0.121293,F,BuildTutorial
2.762,-0.083391,1.541207,2.612108,36.125466469752254,-8.285128033071322,-2.6249412509160557,-0.31074,0.061577,-0.000673,-0.948498,0.992416,-0.036992,0.11723,-0.039546,0.80688,0.58939,-0.174147,1.1717,2.805154,-19.601740701405753,-7.149135596102215,0.5078890434519208,-0.170164,-0.060684,-0.006254,0.983526,0.992557,0.00835,0.121498,0.032955,0.94201,-0.333963,0.181161,1.18805,2.757147,-24.239784723897035,22.73313819323854,31.795247416144765,-0.145185,0.241706,0.302358,0.910538,0.700316,0.480433,-0.52796,-0.620801,0.775002,-0.118229,F,BuildTutorial
2.797,-0.086014,1.540308,2.614382,36.58042523247663,-8.51394376939676,-2.4251568054910275,-0.314386,0.063841,-0.003253,-0.947141,0.991827,-0.033979,0.122979,-0.046304,0.802302,0.59512,-0.183512,1.1707,2.82456,-15.7517941428721,-9.378729884980173,5.959159408950585,-0.140594,-0.073774,0.04013,0.986499,0.985894,0.099921,0.134272,-0.058432,0.957246,-0.283314,0.180227,1.186933,2.755962,-24.467556511999685,22.757256108520664,32.20519026825889,-0.146108,0.242864,0.305898,0.908898,0.694887,0.485092,-0.530865,-0.627029,0.770158,-0.117011,F,BuildTutorial
2.829,-0.088154,1.539084,2.616421,36.93060278827071,-8.919701056874342,-2.3988658635432607,-0.317246,0.067131,-0.004829,-0.945952,0.99094,-0.033458,0.130069,-0.05173,0.798664,0.59955,-0.186741,1.172131,2.844396,-14.51207977106784,-8.886423426356316,5.4641399525058585,-0.129444,-0.070761,0.037368,0.988353,0.987193,0.092185,0.130199,-0.055547,0.963696,-0.26116,0.178825,1.185948,2.755659,-24.39052821823881,22.055894954020832,32.77135148543984,-0.146177,0.237869,0.309411,0.909019,0.695366,0.49298,-0.522912,-0.632063,0.765794,-0.118556,F,BuildTutorial
2.863,-0.089694,1.537974,2.61814,37.31499583529826,-9.319756747799582,-2.5622736339105003,-0.320494,0.069823,-0.00487,-0.944661,0.990202,-0.035554,0.135041,-0.053958,0.79452,0.604836,-0.188435,1.176732,2.86484,-16.206410336895892,-8.493481052511989,5.027967295769069,-0.14365,-0.067076,0.032878,0.986805,0.98884,0.08416,0.122936,-0.045618,0.956568,-0.287919,0.178158,1.184033,2.756389,-23.289589318904007,21.39906584589101,32.18230963411969,-0.140165,0.229685,0.302748,0.914299,0.711178,0.489216,-0.504871,-0.617991,0.777395,-0.117232,F,BuildTutorial
2.896,-0.090517,1.536583,2.618991,37.82556312965648,-9.673309648888816,-2.806924283496989,-0.324831,0.071829,-0.004233,-0.943031,0.989645,-0.038681,0.138224,-0.054649,0.788933,0.612044,-0.189753,1.18134,2.884673,-18.459544255517315,-9.245111378990138,6.808684371623806,-0.164314,-0.069914,0.045519,0.982874,0.98608,0.112455,0.122475,-0.066503,0.941858,-0.329364,0.178461,1.18197,2.757508,-22.351125936885808,21.15813096607622,30.669892757648512,-0.136106,0.224084,0.289353,0.920618,0.732123,0.471768,-0.491357,-0.593765,0.795501,-0.120924,F,BuildTutorial
2.929,-0.090261,1.535522,2.619313,38.37742715278416,-10.007940910526075,-2.846715559727665,-0.329373,0.07422,-0.00529,-0.941263,0.988927,-0.038933,0.143205,-0.058851,0.782971,0.619269,-0.187236,1.178706,2.904284,-17.939108004338838,-7.6415030175649665,2.794908950664562,-0.157122,-0.062007,0.01365,0.985536,0.991938,0.04639,0.117932,-0.007419,0.950253,-0.311391,0.17912,1.180683,2.759435,-21.84282963830756,20.655101770393394,29.536016427813852,-0.135365,0.217726,0.279078,0.925412,0.749423,0.457579,-0.478526,-0.575468,0.807584,-0.129012,F,BuildTutorial
2.962,-0.08904,1.534664,2.619729,38.6794867094492,-10.378587599154418,-2.7803900634481935,-0.331785,0.077316,-0.007146,-0.940154,0.987942,-0.037868,0.15012,-0.064741,0.779735,0.622753,-0.182392,1.171634,2.924044,-16.300654174665805,-4.2388403170673925,1.2083190822723666,-0.142052,-0.035113,0.005188,0.989223,0.99748,0.020239,0.067994,-0.000288,0.959589,-0.281406,0.180405,1.180112,2.76162,-21.800131416257933,20.11818812703589,29.324608957895556,-0.136713,0.213056,0.276687,0.927018,0.756103,0.454732,-0.470666,-0.571242,0.809508,-0.135571,F,BuildTutorial
2.996,-0.086438,1.534225,2.619779,38.9286052370844,-10.685656488990304,-2.742736252987616,-0.333778,0.079828,-0.008552,-0.939227,0.987109,-0.037226,0.155662,-0.069354,0.777038,0.625622,-0.18069,1.163373,2.939869,-15.002947416640826,-4.265751278098367,0.6166704456652885,-0.130658,-0.036196,0.000473,0.990767,0.997379,0.010396,0.071601,0.008522,0.965857,-0.258937,0.182333,1.179395,2.764564,-21.6499869082704,19.37889948685756,30.00399591043608,-0.136029,0.2076,0.281152,0.927012,0.755711,0.464783,-0.461386,-0.577742,0.804899,-0.135468,F,BuildTutorial
3.029,-0.082906,1.534062,2.619997,39.04235835014673,-10.95974593702211,-2.7750317402590396,-0.33471,0.081926,-0.009183,-0.938708,0.986408,-0.037602,0.159957,-0.072084,0.775769,0.626886,-0.173241,1.149264,2.952432,-11.262857281545866,-0.0346319705304059,0.0662852724473699,-0.098129,-0.000244,0.000546,0.995174,0.999999,0.001134,0.000379,-0.001039,0.980741,-0.19531,0.184954,1.179129,2.767937,-21.613781357462305,18.614419161887753,30.5588037614407,-0.136627,0.202005,0.284697,0.927079,0.756283,0.472675,-0.452343,-0.583072,0.800561,-0.138308,F,BuildTutorial
3.062,-0.078488,1.533806,2.620507,38.92085188330843,-11.29825627504392,-2.811628311311728,-0.333715,0.084651,-0.009765,-0.938815,0.985478,-0.038163,0.165462,-0.074835,0.777078,0.62494,-0.168413,1.136875,2.960581,-9.07748722717082,2.113402176354658,-2.2400282805402174,-0.079464,0.016834,-0.018023,0.996533,0.998784,-0.038596,-0.030687,0.033245,0.986721,-0.158983,0.18897,1.180139,2.771429,-21.836954118866917,18.19289036251356,30.572832851101587,-0.139486,0.199052,0.284502,0.927351,0.758874,0.472137,-0.44855,-0.583197,0.799204,-0.145444,F,BuildTutorial
3.098,-0.073132,1.533562,2.621298,38.78689869214061,-11.675242857111602,-2.8707270580440785,-0.332631,0.087634,-0.010257,-0.938921,0.98443,-0.039038,0.171387,-0.077562,0.778503,0.62283,-0.164339,1.125323,2.964965,-7.168241413325018,3.858990567838636,-6.70257643820878,-0.064336,0.029894,-0.056209,0.995895,0.991894,-0.115803,-0.052311,0.108109,0.985403,-0.131505,0.194214,1.18178,2.774787,-22.177146675240685,17.80741022052567,30.59534846859588,-0.143204,0.196634,0.284501,0.927301,0.760789,0.471319,-0.446161,-0.583954,0.797104,-0.153701,F,BuildTutorial
3.129,-0.066592,1.533076,2.622159,38.70127760888857,-12.082470113373398,-2.9662562347356713,-0.331968,0.090737,-0.010576,-0.938857,0.98331,-0.040386,0.177401,-0.080102,0.779371,0.621421,-0.158789,1.11636,2.96632,-6.069116469666423,7.046450935766959,-6.798640785061905,-0.056384,0.058126,-0.055852,0.99515,0.987004,-0.117717,-0.109389,0.104607,0.987403,-0.118714,0.200458,1.183865,2.778207,-22.700678986357328,17.451485036913013,30.405278982097897,-0.148718,0.194545,0.282941,0.927351,0.764193,0.466907,-0.44498,-0.582636,0.795655,-0.165738,F,BuildTutorial
3.162,-0.058958,1.532521,2.622943,38.74709958747864,-12.416486339319018,-3.162818339353485,-0.33247,0.092879,-0.009978,-0.938476,0.982548,-0.043031,0.180963,-0.080486,0.778728,0.622177,-0.156791,1.108208,2.968183,-4.445521790906576,7.040295103004219,-6.6657308815987095,-0.042213,0.058999,-0.055606,0.995814,0.986854,-0.115728,-0.112809,0.105766,0.990252,-0.090634,0.208387,1.186149,2.781711,-23.24234874756587,17.378673342005506,30.088771477846937,-0.153892,0.194595,0.280718,0.927172,0.76666,0.460654,-0.447247,-0.580441,0.79503,-0.176116,F,BuildTutorial
3.196,-0.04976,1.532145,2.624113,38.69808047815884,-12.472028549034947,-3.4468530684187826,-0.332295,0.092537,-0.007765,-0.938593,0.982753,-0.046923,0.17887,-0.076076,0.779039,0.622343,-0.156657,1.102967,2.969145,-3.5132753399867247,6.4336484733264045,-5.445877962070687,-0.033236,0.054571,-0.045691,0.99691,0.989869,-0.094728,-0.105768,0.087473,0.993615,-0.071253,0.217972,1.188903,2.785351,-23.73940177524655,17.858936689115865,29.058503545399393,-0.158588,0.198018,0.27344,0.927831,0.772039,0.444605,-0.454183,-0.570218,0.800161,-0.185993,F,BuildTutorial
3.229,-0.038168,1.532326,2.625852,38.49378282209343,-11.6799775997275,-3.698919462112229,-0.330858,0.08543,-0.003212,-0.9398,0.985383,-0.050493,0.1627,-0.062568,0.781046,0.621332,-0.156999,1.099465,2.970984,-2.9992267045731236,5.207165340783157,-4.7357628309586834,-0.027997,0.044291,-0.040071,0.997822,0.992865,-0.082446,-0.086145,0.077486,0.995221,-0.059422,0.230066,1.191492,2.788839,-23.95377914381662,18.71563802413898,27.51482766667265,-0.161055,0.20319,0.262313,0.929498,0.779811,0.42219,-0.462223,-0.553089,0.810506,-0.192803,F,BuildTutorial
3.262,-0.022561,1.53268,2.627494,38.625081004735975,-8.882071314009119,-3.2040703606957055,-0.331642,0.063829,0.000706,-0.941243,0.991851,-0.043666,0.119689,-0.041008,0.780026,0.624402,-0.158627,1.098156,2.972881,-3.327310448962044,2.862161904396249,-6.226047894668081,-0.030336,0.023351,-0.053542,0.997832,0.993176,-0.108268,-0.043352,0.105435,0.992426,-0.063042,0.242484,1.193452,2.792289,-23.79607731382704,18.66444442387366,26.4206780186256,-0.161797,0.200968,0.253205,0.932374,0.790998,0.407131,-0.456691,-0.537195,0.819418,-0.199938,F,BuildTutorial
3.296,-0.003247,1.533436,2.62952,38.74533813591174,-4.120745067453425,-1.5265369715055157,-0.331919,0.029498,0.000634,-0.942846,0.998259,-0.020777,0.055204,-0.018387,0.779658,0.625935,-0.159065,1.100672,2.973977,-5.183194122244127,1.3213630651807229,-6.955793458387991,-0.045829,0.008755,-0.060077,0.997103,0.992628,-0.120609,-0.011953,0.119004,0.988581,-0.092444,0.255517,1.195366,2.795422,-23.86620647672585,18.231931677006138,25.53721917421009,-0.16485,0.196298,0.245456,0.934903,0.802437,0.394236,-0.447966,-0.523675,0.825152,-0.211871,F,BuildTutorial
3.329,0.019084,1.534193,2.631372,38.56381825293211,2.391861532697322,0.8396696859031944,-0.33028,-0.017281,-2.3e-05,-0.943725,0.999403,0.011459,-0.032602,0.011371,0.781831,0.623387,-0.159117,1.10269,2.9744,-5.493721688199054,0.0696129909238837,-4.77951206132888,-0.047907,-0.001392,-0.04162,0.997983,0.996532,-0.08294,0.006766,0.083206,0.991945,-0.095504,0.271234,1.194869,2.799272,-23.13064694506875,18.561317499185193,24.627324739618285,-0.159614,0.196558,0.237787,0.937734,0.809645,0.383215,-0.444547,-0.508709,0.835961,-0.205873,F,BuildTutorial
3.363,0.042257,1.534886,2.632282,38.337012375367,9.096140245961044,3.3728448005463183,-0.329376,-0.065234,-0.001685,-0.941941,0.991483,0.046147,-0.121783,0.039799,0.783017,0.620726,-0.159206,1.102898,2.975509,-4.841971499738953,-1.5456301089019462,-3.7980485136047513,-0.041768,-0.014868,-0.033675,0.998449,0.99729,-0.066004,0.032502,0.068488,0.994243,-0.082406,0.287883,1.192959,2.80302,-21.87480358245724,19.096132426849103,23.55492212118649,-0.149927,0.197624,0.228437,0.941426,0.817523,0.370855,-0.440595,-0.489371,0.850677,-0.192,F,BuildTutorial
3.395,0.064998,1.535567,2.63232,38.13510366366158,15.21516125931988,5.827260978381238,-0.329749,-0.108503,-0.004426,-0.937803,0.976415,0.079858,-0.20059,0.063257,0.782493,0.619439,-0.159491,1.103884,2.976316,-5.344976638247078,-3.299400666521996,-4.457025603472663,-0.045454,-0.030548,-0.040168,0.997691,0.994907,-0.077373,0.064607,0.082928,0.992641,-0.088244,0.303791,1.190679,2.806641,-20.47760561944966,19.102025283934196,23.944649446671015,-0.137603,0.196093,0.230158,0.943207,0.817149,0.380208,-0.433254,-0.48814,0.856185,-0.169312,F,BuildTutorial
3.428,0.087341,1.536172,2.63186,37.91338936129859,20.741022219154623,8.296386424661836,-0.331025,-0.146689,-0.008971,-0.932108,0.956804,0.113839,-0.267521,0.080392,0.780684,0.619734,-0.15874,1.104567,2.976463,-5.654488366191716,-4.188243991772101,-5.773940363610495,-0.047391,-0.038933,-0.052071,0.996758,0.991546,-0.100113,0.082549,0.107494,0.990086,-0.09042,0.318037,1.187793,2.809963,-19.29120108006942,18.038095109193527,25.09833765131565,-0.127949,0.18681,0.237196,0.944706,0.81768,0.400356,-0.41366,-0.495965,0.854734,-0.153128,F,BuildTutorial
3.462,0.108794,1.5367,2.631379,37.36785704815356,25.52946147430749,10.021847151546396,-0.329518,-0.181215,-0.010188,-0.92654,0.934115,0.138306,-0.329092,0.100549,0.782628,0.614315,-0.157213,1.105644,2.976604,-5.897146362840288,-4.960204799431411,-6.26530711660614,-0.048953,-0.045959,-0.056747,0.996128,0.989335,-0.108554,0.097118,0.117554,0.988767,-0.09231,0.330251,1.186073,2.812545,-19.208099968324685,16.483532542060455,26.401624417642424,-0.128475,0.175313,0.246123,0.944555,0.817378,0.419906,-0.394426,-0.509999,0.845836,-0.156406,F,BuildTutorial
3.496,0.129024,1.537196,2.630915,36.698577360303545,29.906548817596097,11.385235281392037,-0.326942,-0.213535,-0.01013,-0.920549,0.908601,0.158277,-0.386515,0.120976,0.786013,0.606257,-0.154786,1.107294,2.976665,-6.671083828507625,-5.4470558848368675,-6.180107726268385,-0.055476,-0.0505,-0.056514,0.995579,0.988512,-0.106926,0.106823,0.118132,0.987457,-0.104754,0.341148,1.184938,2.814696,-19.41862407052555,15.476554370474268,26.650931538794573,-0.132025,0.167663,0.247209,0.94517,0.821554,0.423037,-0.382216,-0.51158,0.842915,-0.166676,F,BuildTutorial
3.529,0.147538,1.537378,2.630753,36.176441758227,33.10057206398828,12.38893474757088,-0.325098,-0.237084,-0.010395,-0.91542,0.887366,0.173184,-0.427305,0.135119,0.788406,0.600132,-0.151387,1.108771,2.976769,-7.644561999103408,-5.411646856196405,-6.2268652362780355,-0.063931,-0.05065,-0.057274,0.995021,0.988309,-0.107501,0.108118,0.120453,0.985265,-0.121424,0.351316,1.183021,2.816375,-19.286315436055546,14.77818144461928,26.311710464268515,-0.132903,0.161271,0.243499,0.94712,0.8294,0.418379,-0.37021,-0.504112,0.84609,-0.173211,F,BuildTutorial
3.562,0.163641,1.537606,2.631497,35.95443861634302,35.02468338328898,12.73279721095926,-0.324257,-0.251818,-0.008284,-0.911799,0.873038,0.178414,-0.453842,0.148201,0.789578,0.595486,-0.147941,1.10954,2.976644,-8.12801717867958,-5.377630959385766,-6.520702494500429,-0.068017,-0.050744,-0.059987,0.994586,0.987653,-0.112421,0.1091,0.126227,0.983551,-0.129209,0.360596,1.179593,2.818483,-18.48183536610903,13.989650953233822,25.91895242724515,-0.128375,0.152883,0.238762,0.950337,0.839239,0.414556,-0.351883,-0.493061,0.853025,-0.170993,F,BuildTutorial
3.596,0.177409,1.537588,2.632513,35.93373484887779,36.15494979503246,12.58255321894946,-0.32382,-0.261259,-0.003952,-0.909323,0.863456,0.176389,-0.472579,0.162015,0.790251,0.590978,-0.144571,1.110033,2.976443,-8.493620672529058,-5.604985159770999,-7.34576850519412,-0.070689,-0.053397,-0.067421,0.993784,0.985206,-0.126454,0.115663,0.141552,0.980915,-0.133299,0.368563,1.175325,2.82023,-17.70858040972637,12.453890675333897,25.284430343663523,-0.125848,0.138065,0.231269,0.954786,0.854906,0.406874,-0.321853,-0.476374,0.861354,-0.176456,F,BuildTutorial
3.629,0.189611,1.537456,2.633485,36.14630063945944,36.93636107766383,12.384750844178496,-0.325021,-0.267651,0.000437,-0.907041,0.856725,0.173192,-0.485825,0.174777,0.788722,0.589382,-0.141785,1.110731,2.976217,-8.794832595469309,-6.259752646407661,-8.156911757971326,-0.072494,-0.059746,-0.074983,0.99275,0.981616,-0.140216,0.129497,0.157541,0.978244,-0.134977,0.375582,1.170851,2.821697,-17.022202262712966,10.950625853926407,25.07302378805109,-0.12333,0.124095,0.227477,0.957938,0.865709,0.405209,-0.29386,-0.466427,0.866088,-0.179827,F,BuildTutorial
3.662,0.199516,1.537192,2.635155,36.552251767968606,37.152635661117415,12.270287245945312,-0.327885,-0.268996,0.003134,-0.905606,0.855262,0.170724,-0.489265,0.182076,0.784963,0.592183,-0.139193,1.112106,2.975584,-9.319373430698992,-6.743247487145185,-7.982369918195597,-0.07682,-0.06412,-0.074019,0.992224,0.98082,-0.137036,0.138614,0.156738,0.97724,-0.142952,0.38193,1.166293,2.823291,-16.18395642589382,9.87053451437008,25.8703887891734,-0.117616,0.114405,0.232601,0.958632,0.865617,0.419045,-0.274059,-0.472868,0.864127,-0.172279,F,BuildTutorial
3.695,0.207136,1.537038,2.637736,37.008593952132834,36.76347277047206,12.13635668080216,-0.331107,-0.265529,0.004391,-0.905452,0.858951,0.167885,-0.483755,0.183789,0.780698,0.597271,-0.136931,1.113373,2.974447,-9.836180125174517,-7.037788501413654,-7.062328005786681,-0.081641,-0.066306,-0.066501,0.992228,0.982362,-0.121141,0.142439,0.142794,0.977825,-0.153195,0.387477,1.162451,2.824963,-15.445658353654602,9.332546464072724,25.59297820939753,-0.112754,0.108277,0.229413,0.960694,0.871292,0.416373,-0.259776,-0.465208,0.869313,-0.166965,F,BuildTutorial
3.728,0.211719,1.536715,2.641006,37.66640869833001,35.37807192725715,11.508328940090772,-0.334835,-0.255299,0.007187,-0.907004,0.869542,0.157929,-0.467927,0.184003,0.775668,0.603724,-0.135843,1.113161,2.973798,-9.61935582759508,-7.924379662684692,-7.583981973408608,-0.078909,-0.074236,-0.071525,0.991538,0.978746,-0.130123,0.158504,0.153555,0.977315,-0.145863,0.39091,1.158306,2.826845,-14.197492647126433,8.607740851330604,25.369290038456693,-0.103871,0.099713,0.226335,0.963349,0.87766,0.415364,-0.239135,-0.456794,0.875967,-0.154991,F,BuildTutorial
3.762,0.213675,1.536224,2.644683,38.3926901910432,33.14286241070705,10.544196237610672,-0.338566,-0.239255,0.01021,-0.90996,0.885306,0.143425,-0.442337,0.180588,0.770538,0.611277,-0.13561,1.112882,2.9731,-9.595965065093512,-9.159005947759477,-9.001715244244156,-0.076875,-0.08586,-0.084607,0.989727,0.97094,-0.154275,0.182963,0.180677,0.973864,-0.137643,0.391767,1.154037,2.828956,-12.90981642114761,7.450511734271251,25.73254376817855,-0.094991,0.08792,0.227918,0.965039,0.880647,0.423197,-0.212992,-0.456603,0.87806,-0.143264,F,BuildTutorial
3.796,0.213402,1.535489,2.649164,39.15585615321931,30.06534994829736,9.409059271337286,-0.342574,-0.217009,0.011988,-0.914006,0.905527,0.12677,-0.404909,0.170597,0.764999,0.621026,-0.133991,1.113055,2.971838,-9.824311277149258,-9.1325109898061,-8.831655613155396,-0.078996,-0.085656,-0.083265,0.989692,0.97146,-0.15128,0.182701,0.178346,0.973653,-0.142099,0.392291,1.150435,2.831528,-12.195480060024186,7.001357649220761,26.287179222356524,-0.089443,0.083234,0.232,0.965012,0.878496,0.432877,-0.202146,-0.462656,0.876351,-0.134007,F,BuildTutorial
3.829,0.210693,1.533957,2.654155,39.81452900414423,25.93827874695716,7.520309822001727,-0.344937,-0.188801,0.016164,-0.919299,0.928186,0.100531,-0.35828,0.159967,0.761514,0.628098,-0.131006,1.112411,2.971161,-9.696965237313911,-7.920144121190585,-8.632528472399962,-0.078901,-0.074965,-0.080634,0.990784,0.975757,-0.147952,0.161272,0.171611,0.974546,-0.144258,0.394075,1.14683,2.835341,-11.550599852610372,8.28873242141273,26.868367058038285,-0.080913,0.093253,0.237618,0.963481,0.869683,0.44279,-0.218147,-0.472971,0.873982,-0.111599,F,BuildTutorial
3.862,0.206359,1.532313,2.658882,40.35868924912202,21.792890292603087,5.450014410521466,-0.346793,-0.161126,0.021316,-0.923753,0.947168,0.072373,-0.312466,0.151137,0.758561,0.633832,-0.129764,1.111456,2.971582,-9.76002361136793,-7.619251339792187,-9.119298119235832,-0.07935,-0.072739,-0.084668,0.990578,0.975081,-0.156198,0.157545,0.179285,0.97307,-0.144887,0.395367,1.144735,2.83936,-11.641860549186632,9.258487979830738,26.39020093789949,-0.080092,0.101247,0.234319,0.96355,0.869687,0.435339,-0.232648,-0.467775,0.877359,-0.106897,F,BuildTutorial
3.896,0.200068,1.530165,2.663112,41.17867304661513,17.151100566327965,3.447035776941669,-0.351777,-0.129067,0.024574,-0.926818,0.965476,0.045255,-0.256533,0.136357,0.751298,0.645723,-0.12962,1.109892,2.971954,-9.419453946213949,-7.846847270120798,-9.578225268434482,-0.075936,-0.074793,-0.08861,0.990347,0.973109,-0.164149,0.1616,0.186867,0.972764,-0.137152,0.395052,1.143053,2.843546,-11.592676703295384,9.382045919319753,26.02554112419916,-0.079749,0.101939,0.231314,0.964232,0.872205,0.429821,-0.23348,-0.462339,0.880268,-0.106633,F,BuildTutorial
3.929,0.191803,1.52794,2.667072,41.76619004265421,11.995271613761073,1.029436795146732,-0.355374,-0.094435,0.028897,-0.929493,0.980494,0.013401,-0.196091,0.120838,0.745749,0.655177,-0.130158,1.108723,2.972781,-9.21169742852896,-7.855283246626318,-10.219252685626712,-0.073713,-0.075139,-0.094044,0.989988,0.97102,-0.175128,0.162637,0.197282,0.971444,-0.131818,0.394089,1.141596,2.848169,-11.313489480968071,9.695990694671034,26.559626562081597,-0.076271,0.104413,0.235878,0.963142,0.866919,0.43844,-0.237111,-0.470295,0.877089,-0.097663,F,BuildTutorial
3.962,0.181449,1.526228,2.670806,42.0931109040281,6.243754511067406,-1.6445865420633248,-0.357827,-0.055968,0.03293,-0.931527,0.991566,-0.021297,-0.127838,0.101405,0.741751,0.662966,-0.131135,1.108825,2.974086,-9.573081748495884,-7.856309610089305,-10.100671207134312,-0.076915,-0.07533,-0.093212,0.989809,0.971274,-0.172936,0.163464,0.196112,0.970791,-0.13822,0.394229,1.142304,2.85249,-11.854541928064243,11.281124364209765,26.63524998111704,-0.077483,0.118805,0.237885,0.960881,0.858592,0.438747,-0.26518,-0.475569,0.874815,-0.09238,F,BuildTutorial
3.996,0.169036,1.525928,2.674383,42.488644152900136,-0.1999757946744016,-4.845147983327689,-0.36209,-0.013691,0.038765,-0.931236,0.99662,-0.062284,-0.053572,0.082113,0.734777,0.673321,-0.13378,1.108648,2.97575,-9.811414003930729,-8.519442021357843,-9.50392784302394,-0.078856,-0.080816,-0.088641,0.989643,0.971223,-0.162701,0.173938,0.188192,0.971849,-0.141752,0.393978,1.144291,2.856079,-12.510070106402996,13.051723812671318,25.371583412165105,-0.080796,0.133989,0.228963,0.960778,0.859246,0.418314,-0.294466,-0.461617,0.882096,-0.093896,F,BuildTutorial
4.029,0.155954,1.52722,2.678015,42.50712671865815,-6.3191807865494205,-7.49346119172273,-0.364528,0.027607,0.040872,-0.929885,0.995135,-0.09614,0.021544,0.055887,0.730897,0.680195,-0.135491,1.107673,2.97732,-9.439556917651869,-8.517942670115838,-9.503791807012895,-0.075642,-0.080556,-0.088422,0.989935,0.971385,-0.162878,0.172866,0.187252,0.97292,-0.135515,0.391107,1.146904,2.858921,-13.056853374552196,13.473309417720008,24.390228240266353,-0.085744,0.137767,0.221459,0.961574,0.863952,0.402274,-0.302923,-0.449525,0.887207,-0.10388,F,BuildTutorial
4.062,0.142243,1.529086,2.681856,41.636538463425985,-12.61600092269478,-9.721409645156031,-0.360685,0.072398,0.039813,-0.929021,0.986347,-0.126201,0.105798,0.021749,0.736642,0.675933,-0.135975,1.106421,2.979031,-8.705377447466915,-7.739723395792791,-10.7049146190052,-0.069115,-0.074066,-0.097901,0.990027,0.969859,-0.183611,0.160188,0.204087,0.971277,-0.122349,0.385847,1.150134,2.861021,-13.722707174382794,12.853895841801924,24.31151998762695,-0.092653,0.133641,0.220821,0.961662,0.866757,0.399946,-0.297954,-0.449474,0.885307,-0.11918,F,BuildTutorial
4.095,0.129822,1.530604,2.684568,40.66356268912397,-17.865686598260858,-11.726807281451231,-0.35632,0.109776,0.040961,-0.926988,0.972543,-0.154172,0.174331,-0.002289,0.742716,0.669603,-0.135889,1.106313,2.980589,-8.432920065622646,-6.421180688825629,-11.841740125984604,-0.067256,-0.063129,-0.10681,0.989991,0.969213,-0.202991,0.139361,0.219974,0.968136,-0.119681,0.379792,1.15326,2.862452,-14.30711945679785,11.970778760540076,24.947921871026946,-0.098579,0.127772,0.225825,0.960708,0.865355,0.408713,-0.290027,-0.459096,0.87857,-0.131703,F,BuildTutorial
4.129,0.119592,1.53133,2.686387,39.86452259486864,-21.522958698091323,-13.076000359360554,-0.352722,0.13626,0.041918,-0.924804,0.959352,-0.173657,0.222456,-0.018591,0.74766,0.663822,-0.136835,1.107178,2.982257,-8.535285254121915,-5.558475843248451,-11.54663400338702,-0.069087,-0.055585,-0.103786,0.990639,0.972278,-0.197949,0.12447,0.21331,0.968911,-0.125344,0.374434,1.1558,2.864031,-14.558864006925656,11.501457009591228,25.093872443531364,-0.101468,0.124407,0.226797,0.96062,0.866172,0.410486,-0.28504,-0.460979,0.876535,-0.138513,F,BuildTutorial
4.162,0.111309,1.531538,2.688403,39.08756571298326,-24.16955267399631,-13.50567929128582,-0.348044,0.157464,0.038806,-0.923345,0.947399,-0.181271,0.263774,-0.037946,0.754719,0.654949,-0.139313,1.106789,2.984309,-8.282807743020854,-5.57592002342251,-10.521077229582051,-0.067381,-0.054922,-0.094835,0.99169,0.97598,-0.180692,0.121712,0.195495,0.972932,-0.123225,0.370331,1.15841,2.865774,-15.041668280108764,11.549165603337324,24.68754853805219,-0.105888,0.125282,0.223727,0.960749,0.868501,0.403359,-0.28811,-0.456423,0.877468,-0.147406,F,BuildTutorial
4.195,0.104983,1.532019,2.690666,38.72025119906892,-26.01984012032775,-13.361659845570236,-0.345511,0.173371,0.032821,-0.921676,0.937731,-0.180304,0.296904,-0.059303,0.759089,0.64828,-0.141823,1.105144,2.986401,-7.996893817707673,-5.3573778908817635,-10.714956563030915,-0.064996,-0.052921,-0.096285,0.991819,0.975857,-0.184116,0.117492,0.197874,0.973009,-0.118737,0.366248,1.160506,2.867736,-15.538106848105864,11.234733321145534,24.666119423360044,-0.110711,0.123483,0.223544,0.960481,0.869561,0.402077,-0.286704,-0.45676,0.875543,-0.157463,F,BuildTutorial
4.229,0.100068,1.532779,2.692885,38.67315351289931,-27.405075158872336,-13.079109052154193,-0.345056,0.185427,0.026481,-0.919702,0.929831,-0.176676,0.3228,-0.079255,0.760471,0.644518,-0.144262,1.103174,2.988338,-7.861744188605386,-5.3272060587994705,-11.377219860516629,-0.063546,-0.052922,-0.101952,0.991346,0.97361,-0.195413,0.117885,0.208865,0.971136,-0.115201,0.361785,1.162229,2.869898,-15.933695456539496,10.249904568935117,25.112529101452992,-0.115512,0.116361,0.226524,0.960106,0.870294,0.408092,-0.27577,-0.461856,0.870688,-0.169091,F,BuildTutorial
4.262,0.096744,1.534102,2.695091,38.76032147068357,-28.35396926239145,-12.716668343607616,-0.345336,0.193989,0.020517,-0.917982,0.923895,-0.171652,0.341986,-0.096314,0.760644,0.641985,-0.146775,1.101068,2.989718,-7.489123401063299,-5.851493236873839,-11.572652603570942,-0.059756,-0.057249,-0.103789,0.991151,0.971901,-0.198899,0.125889,0.212583,0.971314,-0.106572,0.357275,1.163884,2.871974,-16.351487696989594,8.75678853526895,25.81827296179363,-0.121329,0.105335,0.231072,0.959578,0.871021,0.417903,-0.258225,-0.469024,0.86377,-0.18417,F,BuildTutorial
4.295,0.094283,1.535445,2.696794,38.61064519608274,-29.111497912467513,-12.364321952998385,-0.343673,0.201351,0.015768,-0.917114,0.918418,-0.16732,0.358485,-0.109476,0.76328,0.636725,-0.149142,1.09989,2.991028,-7.267798735168028,-6.310404700374708,-12.189760961564478,-0.057095,-0.061339,-0.10927,0.990474,0.968595,-0.209453,0.133987,0.223462,0.969601,-0.099698,0.353562,1.165401,2.874132,-16.674473456553862,7.413953123177528,26.448270276686543,-0.126225,0.095375,0.234996,0.959035,0.871361,0.426661,-0.24226,-0.474816,0.857689,-0.197282,F,BuildTutorial
4.329,0.092416,1.536276,2.698496,38.31107582201297,-29.42550729836526,-11.833538351332209,-0.340415,0.205917,0.01129,-0.917382,0.914942,-0.160909,0.370121,-0.11948,0.767981,0.62923,-0.150446,1.099695,2.991909,-7.1719187617426945,-6.117977119454587,-12.431752914377071,-0.056323,-0.059709,-0.111227,0.9904,0.968127,-0.213593,0.130801,0.227045,0.968913,-0.098281,0.350947,1.166731,2.876476,-16.750049036007788,6.5943710052982,27.060956150541124,-0.128062,0.089343,0.239229,0.958325,0.869575,0.435636,-0.232511,-0.481402,0.852739,-0.202704,F,BuildTutorial
4.362,0.091113,1.536277,2.699543,38.164444312210584,-29.595444424086196,-11.30832604417132,-0.338325,0.209057,0.006929,-0.917488,0.912494,-0.154173,0.378926,-0.128744,0.770977,0.623715,-0.152231,1.100334,2.990745,-6.925946540723279,-5.630661686473114,-12.842525687868529,-0.054469,-0.055467,-0.114447,0.990383,0.967651,-0.220651,0.122335,0.232736,0.96787,-0.095195,0.350276,1.167771,2.879411,-16.499322649996394,6.550897552732824,27.023425757852188,-0.126076,0.08845,0.23882,0.958773,0.870283,0.435646,-0.229826,-0.480252,0.85414,-0.199508,F,BuildTutorial
4.395,0.090006,1.536043,2.700062,38.1624909968829,-30.204919331256335,-10.699943202067864,-0.337201,0.21573,0.000269,-0.916382,0.906921,-0.145983,0.395201,-0.144995,0.772591,0.618126,-0.156035,1.101865,2.989819,-7.072977992775955,-5.452878967136658,-13.048142473385628,-0.055821,-0.05417,-0.116191,0.990176,0.967131,-0.224052,0.120248,0.236147,0.966767,-0.097956,0.34983,1.168826,2.882609,-16.394367479238515,6.286082603920429,26.666871052671983,-0.126013,0.085638,0.235525,0.959852,0.874388,0.430554,-0.223759,-0.473721,0.857298,-0.201568,F,BuildTutorial
4.429,0.089077,1.53647,2.70104,38.37901247303814,-30.831123947081863,-10.191378364586658,-0.337914,0.221912,-0.006161,-0.914621,0.901434,-0.138704,0.410095,-0.161244,0.771553,0.615391,-0.161065,1.10407,2.987379,-8.094353401032887,-5.738167994617901,-12.28136194042408,-0.064744,-0.057183,-0.110082,0.990162,0.969224,-0.210593,0.127495,0.225402,0.96738,-0.115625,0.349716,1.170368,2.886033,-16.80550379062627,5.976451920768185,26.20201797927227,-0.130444,0.083307,0.23135,0.96048,0.879074,0.42268,-0.220385,-0.466148,0.858923,-0.212031,F,BuildTutorial
4.462,0.088655,1.536831,2.70159,38.370738361176585,-31.457338335785646,-9.812384601438298,-0.337058,0.228035,-0.011008,-0.913384,0.895758,-0.133612,0.423988,-0.173831,0.772542,0.610706,-0.166651,1.10386,2.983801,-7.794492753021104,-6.28118785833015,-11.985139017425755,-0.061788,-0.061446,-0.107705,0.990357,0.969248,-0.20574,0.135017,0.220927,0.969164,-0.109148,0.350343,1.171314,2.889812,-16.923175497459972,5.9959559606673185,25.89379688350961,-0.131619,0.083339,0.228806,0.960926,0.881405,0.417794,-0.220395,-0.46167,0.860648,-0.214815,F,BuildTutorial
4.495,0.087886,1.537186,2.702186,38.22725845033833,-32.21788106711782,-9.802468787733794,-0.335835,0.234332,-0.012963,-0.912215,0.889841,-0.133743,0.436229,-0.181044,0.774094,0.606631,-0.171032,1.100781,2.980443,-5.915892170670756,-6.821034549048549,-13.824804995291366,-0.043987,-0.065178,-0.123026,0.989283,0.961233,-0.237682,0.139781,0.249149,0.965859,-0.070994,0.350513,1.171326,2.893589,-16.594422753141803,5.83722225048477,26.071741526352955,-0.129042,0.081594,0.230069,0.961124,0.880822,0.421191,-0.216221,-0.463307,0.860833,-0.210506,F,BuildTutorial
4.528,0.087366,1.537512,2.702506,38.19275258325473,-32.70883549133249,-9.947555147592157,-0.335808,0.237864,-0.01316,-0.911307,0.886495,-0.135769,0.442373,-0.183739,0.774119,0.605789,-0.173184,1.098998,2.976702,-5.143594060139084,-6.345421435471603,-15.231031029406434,-0.03708,-0.06074,-0.13465,0.988335,0.95636,-0.261654,0.130049,0.270663,0.960989,-0.056938,0.349971,1.171511,2.896998,-16.444005425849113,5.189154144116482,26.607159140518775,-0.128719,0.076475,0.233812,0.960685,0.878967,0.429552,-0.207129,-0.468927,0.857527,-0.211555,F,BuildTutorial
4.562,0.087227,1.53771,2.702774,38.165451121610765,-32.93364296228159,-9.84511744085702,-0.335354,0.239992,-0.014563,-0.910895,0.884384,-0.134433,0.446983,-0.187496,0.774651,0.603954,-0.170478,1.098377,2.971959,-5.2255856865259505,-4.16657898906038,-14.779040508184757,-0.040507,-0.041872,-0.130039,0.989796,0.962673,-0.254031,0.093425,0.260815,0.962898,-0.069298,0.348883,1.172729,2.899616,-16.82011943456067,4.134326509273799,27.409872818874497,-0.133546,0.069296,0.239347,0.959206,0.875822,0.440658,-0.196866,-0.477675,0.849757,-0.223025,F,BuildTutorial
4.595,0.087226,1.537813,2.703,38.14886243904906,-32.997197222788564,-9.646000858184358,-0.334798,0.241104,-0.016289,-0.910777,0.883208,-0.131771,0.45009,-0.191113,0.77529,0.601998,-0.168111,1.09769,2.967318,-4.970557553894511,-2.3463596175937265,-13.621094585128487,-0.040622,-0.025452,-0.119332,0.991697,0.970224,-0.234614,0.060177,0.23875,0.96822,-0.074496,0.348203,1.173953,2.901801,-17.104012946640836,3.348092965772282,28.158137312713208,-0.137151,0.06418,0.244667,0.95771,0.872039,0.451035,-0.190044,-0.486244,0.842656,-0.231297,F,BuildTutorial
4.628,0.087164,1.538124,2.703392,38.11061732478806,-33.02151733827336,-9.37876423084196,-0.333932,0.242133,-0.018386,-0.910782,0.882067,-0.12822,0.45334,-0.195204,0.776303,0.599374,-0.165966,1.09589,2.963108,-4.404233150160858,-0.3162574914120019,-13.611960637502074,-0.037827,-0.007292,-0.118525,0.992204,0.971797,-0.234651,0.023436,0.235754,0.969042,-0.073335,0.348085,1.174789,2.903829,-17.05910585461791,2.867657937481402,28.64311151692836,-0.137544,0.060654,0.248147,0.956988,0.869488,0.458263,-0.184353,-0.491633,0.839009,-0.233153,F,BuildTutorial
4.662,0.087086,1.538259,2.703982,38.063106212045895,-32.89890794319661,-9.181494830730852,-0.333164,0.241801,-0.019476,-0.911128,0.882306,-0.125629,0.453601,-0.196609,0.777245,0.597692,-0.165528,1.094036,2.959553,-3.823699026808844,0.7074803940299426,-14.486360386826703,-0.033873,0.001915,-0.125804,0.991475,0.968339,-0.249593,0.004726,0.249334,0.966052,-0.06765,0.348616,1.176013,2.905704,-17.261577453206865,2.8943708149448546,28.721627744234283,-0.139138,0.061398,0.248812,0.956537,0.868646,0.45891,-0.186696,-0.49308,0.837467,-0.235628,F,BuildTutorial
4.695,0.086922,1.538394,2.704583,37.96132638077026,-32.70233286119076,-9.012279385792205,-0.332045,0.240874,-0.019993,-0.911771,0.88316,-0.123504,0.45252,-0.19642,0.778692,0.595867,-0.165912,1.091877,2.956798,-3.0120472561945255,0.9830518145295096,-14.784656683861954,-0.027166,0.005123,-0.12839,0.991338,0.96698,-0.254833,-0.003181,0.254277,0.965556,-0.055177,0.349775,1.177469,2.907438,-17.608634917589967,3.359340146859297,28.501592228258698,-0.141156,0.065737,0.24751,0.956291,0.868835,0.454825,-0.195602,-0.491942,0.837628,-0.237431,F,BuildTutorial
4.728,0.086723,1.538321,2.704966,38.05337048603951,-32.62056321207768,-8.78583448799831,-0.332305,0.24075,-0.02179,-0.911668,0.883129,-0.120275,0.45345,-0.199735,0.778198,0.595411,-0.167053,1.091587,2.955352,-3.2264840055492594,0.5230704979357207,-14.486113586257234,-0.028503,0.000977,-0.1259,0.991633,0.968297,-0.249749,0.00524,0.249637,0.966674,-0.056775,0.350569,1.17867,2.908634,-17.865105282553788,3.555637185308552,28.415140824325285,-0.142928,0.067801,0.247012,0.956013,0.868776,0.452911,-0.200248,-0.491674,0.837114,-0.239786,F,BuildTutorial
4.762,0.086395,1.53823,2.705084,38.17212884187737,-32.589594933964115,-8.599641608647742,-0.33285,0.240878,-0.02348,-0.911393,0.882853,-0.117553,0.4547,-0.203152,0.777319,0.595403,-0.167805,1.092043,2.953912,-3.704364785312337,0.1623821209834485,-14.077495643567485,-0.032251,-0.002555,-0.122431,0.99195,0.970008,-0.242726,0.012965,0.243055,0.967941,-0.063357,0.350429,1.179198,2.909577,-17.87648979425784,3.4808202185759645,28.439642420984537,-0.14317,0.067231,0.247122,0.955988,0.868822,0.453241,-0.199304,-0.491742,0.836866,-0.240509,F,BuildTutorial
4.795,0.086057,1.538179,2.705245,38.139498696242576,-32.57530585009412,-8.462047683296612,-0.332308,0.241209,-0.024451,-0.911478,0.882441,-0.115738,0.455964,-0.204885,0.777947,0.593987,-0.168003,1.093366,2.952886,-4.225238952709892,0.1483896981990596,-13.475752323855009,-0.036761,-0.00304,-0.1172,0.992423,0.97251,-0.232401,0.01465,0.232848,0.969825,-0.072253,0.3499,1.178844,2.910558,-17.647126933497564,3.2960536035195434,28.455377902348545,-0.141641,0.065232,0.247043,0.956375,0.869429,0.454052,-0.194755,-0.49101,0.837815,-0.238694,F,BuildTutorial
4.828,0.085649,1.538243,2.705467,38.17785359437425,-32.55347884764604,-8.316059223289983,-0.332306,0.241406,-0.025645,-0.911394,0.882131,-0.113697,0.457076,-0.207186,0.77783,0.593341,-0.168038,1.093647,2.952225,-4.065820682656929,-0.1819831854154523,-13.220236806588993,-0.035055,-0.00566,-0.115096,0.99272,0.973442,-0.228119,0.019307,0.228913,0.971048,-0.068296,0.348903,1.17826,2.911273,-17.54279105203606,3.0859132838941026,28.513291779211784,-0.141189,0.063332,0.247277,0.956509,0.869686,0.455162,-0.190981,-0.490929,0.837839,-0.238776,F,BuildTutorial
4.862,0.085656,1.538299,2.705567,38.15738856643531,-32.45875496077598,-8.025457608727287,-0.331555,0.241522,-0.027631,-0.911578,0.881807,-0.10978,0.458656,-0.210532,0.778616,0.591129,-0.167933,1.09389,2.952379,-3.9923865390898463,-0.3686360259897835,-13.976209419050258,-0.034183,-0.007429,-0.1217,0.99195,0.970268,-0.240934,0.023059,0.241949,0.968041,-0.066007,0.347454,1.17751,2.911786,-17.389251530945085,2.811679995088758,28.565883662999692,-0.140468,0.060786,0.247396,0.956749,0.870201,0.456314,-0.185817,-0.490468,0.838128,-0.238709,F,BuildTutorial
4.895,0.085804,1.538398,2.705602,38.15226111735848,-32.32515210697405,-7.774709068065111,-0.33102,0.241191,-0.029227,-0.911811,0.881946,-0.106379,0.45919,-0.212977,0.779143,0.589556,-0.167381,1.094799,2.952471,-3.9048658902418856,-0.4679431104962897,-14.100425052346912,-0.033311,-0.008232,-0.122805,0.991838,0.969703,-0.243056,0.024512,0.244153,0.967619,-0.064056,0.346015,1.176462,2.91203,-17.189565562696465,2.6109404442288264,28.49283768801717,-0.139268,0.058602,0.246566,0.957275,0.871542,0.45574,-0.180875,-0.488386,0.839619,-0.237737,F,BuildTutorial
4.928,0.085937,1.538655,2.705583,38.15064109514671,-32.25390322597125,-7.581848358176477,-0.33062,0.241183,-0.030552,-0.911915,0.881795,-0.103759,0.460079,-0.215201,0.779514,0.588257,-0.165098,1.095477,2.952523,-3.767225460196278,-0.2878104584535199,-13.506286590845349,-0.032346,-0.006358,-0.11761,0.992513,0.972255,-0.233047,0.02023,0.23387,0.970243,-0.062713,0.344825,1.175296,2.912034,-16.94540795886389,2.495669581844118,28.373406638255247,-0.137532,0.056984,0.245461,0.957908,0.873004,0.454583,-0.176687,-0.485931,0.841668,-0.235511,F,BuildTutorial
4.962,0.086311,1.538842,2.705559,38.09730548324236,-32.181017131551926,-7.367829393257206,-0.32977,0.241289,-0.031914,-0.912147,0.881523,-0.100919,0.46123,-0.217361,0.780466,0.586197,-0.162752,1.096245,2.952648,-3.928538181937351,-0.2406990265262237,-13.30863727324999,-0.033802,-0.006057,-0.115882,0.992669,0.973069,-0.229656,0.019859,0.230475,0.970858,-0.065705,0.343596,1.174167,2.911766,-16.766585052877886,2.279596676176809,28.25856647649902,-0.136552,0.054667,0.244267,0.958488,0.87469,0.453325,-0.171505,-0.483184,0.843374,-0.235061,F,BuildTutorial
4.995,0.086817,1.539019,2.705669,38.02412619792946,-32.094212319893224,-7.207564567408762,-0.328882,0.241153,-0.032761,-0.912474,0.881544,-0.098834,0.461641,-0.218409,0.781527,0.584391,-0.161609,1.097472,2.953277,-4.4112335352663825,-0.085800660999511,-13.348168406791764,-0.038138,-0.005216,-0.116164,0.992484,0.972958,-0.230184,0.019215,0.230979,0.970103,-0.074491,0.342683,1.173257,2.911448,-16.594186066927595,1.992370223011754,28.24444820628136,-0.135726,0.051888,0.243834,0.95887,0.875705,0.453525,-0.165697,-0.481695,0.844247,-0.234984,F,BuildTutorial
5.028,0.087433,1.539162,2.705684,37.98769230706992,-31.997643146576102,-7.07622853584806,-0.328347,0.240807,-0.033441,-0.912733,0.881788,-0.097091,0.461545,-0.219182,0.78214,0.583281,-0.162184,1.09819,2.954366,-4.4354326787246645,-0.6243587895576649,-13.130289705846655,-0.03782,-0.009833,-0.114455,0.99266,0.973607,-0.226485,0.02818,0.227973,0.97094,-0.072835,0.342199,1.172596,2.911105,-16.515611904795495,1.7920578130816287,28.15672872903442,-0.135532,0.049944,0.242876,0.959244,0.877034,0.452416,-0.161652,-0.479492,0.845285,-0.235755,F,BuildTutorial
5.062,0.088145,1.539462,2.705725,37.90010882794984,-31.90091793722905,-7.040069142550464,-0.32761,0.240251,-0.033239,-0.913152,0.882349,-0.096712,0.46055,-0.218123,0.783133,0.582344,-0.162436,1.098439,2.955248,-4.480558681430577,-0.8268377423172374,-13.29357663104186,-0.037992,-0.011686,-0.115937,0.992461,0.972844,-0.229238,0.032005,0.231014,0.97023,-0.072702,0.342462,1.172152,2.910898,-16.450211432602664,1.834285262357554,28.084237256069702,-0.134926,0.050076,0.24233,0.95946,0.877537,0.451499,-0.161486,-0.478526,0.846142,-0.234643,F,BuildTutorial
5.095,0.088959,1.539997,2.705794,37.68680088812899,-31.70259258207752,-6.932661356688103,-0.325762,0.239244,-0.033013,-0.914085,0.883345,-0.095521,0.458888,-0.216226,0.785578,0.579753,-0.162675,1.098978,2.956785,-4.461914224245517,-1.0897986743904666,-13.007951634256068,-0.037599,-0.013851,-0.113549,0.992724,0.97383,-0.224403,0.036039,0.226486,0.971386,-0.071505,0.343155,1.171759,2.910721,-16.39716435313694,1.9172461005632095,28.199003266234755,-0.134255,0.050795,0.243397,0.959246,0.876355,0.453317,-0.162805,-0.480595,0.845467,-0.232841,F,BuildTutorial
5.128,0.089722,1.540669,2.705832,37.46058478877477,-31.51491194053178,-6.763451049613695,-0.323679,0.238506,-0.033287,-0.915008,0.884014,-0.093482,0.458019,-0.215316,0.788248,0.576459,-0.164311,1.098958,2.958178,-4.218848526058023,-2.057442686640258,-11.88444873727746,-0.034747,-0.021655,-0.104096,0.993724,0.97739,-0.20538,0.050273,0.20839,0.975913,-0.06455,0.343856,1.171579,2.910416,-16.42258740228182,1.855947648887816,28.51259107070324,-0.13446,0.050703,0.245945,0.958572,0.873881,0.457877,-0.163344,-0.485147,0.842863,-0.232839,F,BuildTutorial
5.161,0.090509,1.541362,2.705959,37.17650309476347,-31.36763163331943,-6.622974490667045,-0.321185,0.238071,-0.033315,-0.915998,0.884424,-0.091896,0.457547,-0.213963,0.791461,0.572546,-0.164779,1.09882,2.958716,-4.395131013148454,-2.314878277671517,-12.590641959246312,-0.035893,-0.024267,-0.11032,0.992951,0.974481,-0.217342,0.056112,0.220826,0.973083,-0.065925,0.34464,1.171398,2.91019,-16.43021258696444,1.7540674717199307,28.651391987214076,-0.134682,0.05003,0.246985,0.958309,0.872991,0.459899,-0.162418,-0.486852,0.841718,-0.233421,F,BuildTutorial
5.195,0.091163,1.541864,2.706024,36.97495098784361,-31.1988098427392,-6.559607156437742,-0.319508,0.237141,-0.03287,-0.916842,0.885368,-0.091263,0.455845,-0.211811,0.793668,0.570287,-0.164697,1.098237,2.958902,-4.035283750094042,-2.3829271467904114,-13.634658989513596,-0.032484,-0.024812,-0.119332,0.992013,0.970289,-0.235145,0.056981,0.238369,0.969409,-0.058528,0.345457,1.170852,2.910186,-16.18580096526288,1.6349812841948184,28.670448707527378,-0.132884,0.048538,0.24705,0.95862,0.87322,0.460755,-0.158718,-0.486555,0.842616,-0.230788,F,BuildTutorial
5.228,0.091811,1.542204,2.706045,36.86796074708147,-31.086435947916055,-6.4594756036902865,-0.318486,0.236648,-0.033105,-0.917316,0.885803,-0.090003,0.455249,-0.211474,0.794941,0.568637,-0.164187,1.09784,2.959543,-3.1760469195868613,-2.3845901609344753,-12.628434078571052,-0.025251,-0.023721,-0.110488,0.993273,0.974459,-0.218292,0.052703,0.220688,0.97431,-0.044921,0.346451,1.170277,2.9103,-16.04142041665214,1.6524019358515465,28.83904694136742,-0.131566,0.048571,0.248507,0.958424,0.871771,0.463569,-0.158493,-0.48913,0.84187,-0.228052,F,BuildTutorial
5.262,0.092519,1.542536,2.706095,36.77971014794017,-31.012657716084995,-6.36391265239989,-0.317611,0.236427,-0.033457,-0.917664,0.885965,-0.088778,0.455174,-0.211589,0.796008,0.567099,-0.163321,1.097566,2.959709,-2.9241661990931114,-2.6277725779704064,-11.855565387022986,-0.023005,-0.025434,-0.103796,0.994007,0.977159,-0.205178,0.055338,0.207518,0.977394,-0.040454,0.347387,1.169777,2.910505,-15.957449634068652,1.726655060130453,28.94356903416093,-0.130657,0.049132,0.249481,0.958266,0.87069,0.4653,-0.159356,-0.490978,0.841376,-0.225894,F,BuildTutorial
5.295,0.09316,1.542783,2.70613,36.72472431490144,-30.907496491638675,-6.292791745147306,-0.317059,0.235846,-0.033606,-0.917998,0.886494,-0.087853,0.454323,-0.211256,0.796689,0.566267,-0.162257,1.097102,2.959644,-2.664635280664887,-2.5946862651804325,-12.339353791349096,-0.020678,-0.025002,-0.10794,0.993628,0.975448,-0.213471,0.05415,0.215539,0.975843,-0.035694,0.348191,1.169207,2.910784,-15.808316870663935,1.7300142255340805,29.049280203047378,-0.129356,0.04896,0.250395,0.958213,0.869811,0.467197,-0.158608,-0.492529,0.841139,-0.223383,F,BuildTutorial
5.328,0.093802,1.542938,2.706219,36.678857317652984,-30.806156134810873,-6.262240242146258,-0.316662,0.235172,-0.033463,-0.918313,0.887149,-0.08748,0.453115,-0.2104,0.79721,0.565851,-0.160737,1.096532,2.959509,-2.39071212726713,-2.222328658846435,-13.188527023109875,-0.018493,-0.021655,-0.115193,0.992935,0.972523,-0.227958,0.047265,0.22956,0.972777,-0.031736,0.348792,1.169036,2.910917,-15.795155617875988,1.6015461180831327,29.270165232770676,-0.129434,0.048107,0.252099,0.957799,0.868264,0.470467,-0.157415,-0.495374,0.839386,-0.223688,F,BuildTutorial
5.361,0.094548,1.543075,2.706186,36.6774804353029,-30.657699533721516,-6.2180227283909755,-0.316604,0.234106,-0.033404,-0.918608,0.888157,-0.086868,0.451255,-0.209608,0.797292,0.56603,-0.159669,1.095931,2.959788,-1.921327803296908,-2.141547406569839,-12.47889579354613,-0.014633,-0.020396,-0.108961,0.993729,0.975423,-0.215957,0.043726,0.217151,0.975827,-0.024638,0.349333,1.169134,2.910966,-15.8799343615172,1.6178055925581778,29.399087630062915,-0.130053,0.048573,0.253179,0.957407,0.867083,0.472156,-0.158862,-0.497424,0.837974,-0.224432,F,BuildTutorial
5.395,0.095122,1.543207,2.706226,36.629257652545725,-30.482206128470143,-6.1925019582115235,-0.31622,0.232825,-0.033012,-0.91908,0.889405,-0.086566,0.448848,-0.207929,0.79783,0.56589,-0.158823,1.096246,2.959455,-2.4682455917535275,-2.045371762665036,-12.544357261208392,-0.019456,-0.02009,-0.109591,0.993583,0.975172,-0.216994,0.044187,0.218558,0.975223,-0.034258,0.34994,1.169385,2.911086,-15.963638953587791,1.7620898681062167,29.20632687418211,-0.130518,0.049741,0.251717,0.957669,0.868329,0.46914,-0.160978,-0.495108,0.839207,-0.224945,F,BuildTutorial
5.428,0.095806,1.543296,2.706052,36.59650131051134,-30.364291337215786,-6.165572668448725,-0.315939,0.231991,-0.032827,-0.919394,0.890206,-0.086229,0.447324,-0.206951,0.79821,0.565713,-0.15833,1.096017,2.959131,-2.8363251979044546,-1.364098814681948,-13.251297788155563,-0.023209,-0.014676,-0.115631,0.992913,0.972828,-0.228941,0.034511,0.230304,0.972182,-0.042696,0.350256,1.169477,2.911204,-15.911354869701738,1.7782335556542463,29.105051829912657,-0.130089,0.049648,0.250898,0.957947,0.86917,0.467777,-0.160398,-0.493612,0.840254,-0.224323,F,BuildTutorial
5.461,0.096091,1.543444,2.705958,36.506805609485454,-30.31477768288039,-6.1758734719626,-0.315261,0.231668,-0.032401,-0.919723,0.89056,-0.086472,0.44657,-0.205671,0.799121,0.564893,-0.158659,1.09615,2.959181,-3.4613099048500966,-0.4957490724385727,-14.550751102632224,-0.02941,-0.008114,-0.126709,0.991471,0.967758,-0.25078,0.023542,0.251734,0.96616,-0.056261,0.350314,1.169567,2.91143,-15.88621320077622,1.653187344118707,29.286975419458507,-0.130075,0.048755,0.252281,0.957631,0.867955,0.470501,-0.159009,-0.495868,0.838869,-0.224529,F,BuildTutorial
5.495,0.096382,1.543663,2.705849,36.445958949055985,-30.24198030722743,-6.191284519709922,-0.314829,0.231111,-0.031937,-0.920028,0.891136,-0.086754,0.445366,-0.204287,0.799726,0.56454,-0.160182,1.096711,2.959625,-4.069034746270362,0.0763723362793107,-15.586272478962409,-0.035264,-0.004154,-0.135488,0.990143,0.963252,-0.268012,0.017782,0.268598,0.960799,-0.068707,0.350493,1.17006,2.911559,-15.997348381468267,1.5570758742172155,29.29936472547469,-0.131211,0.048207,0.252254,0.957511,0.868088,0.470421,-0.158514,-0.495722,0.838303,-0.226952,F,BuildTutorial
5.528,0.096527,1.543877,2.70579,36.381866715907464,-30.178195452631986,-6.166072163010692,-0.314286,0.230741,-0.031817,-0.92031,0.891493,-0.086474,0.444705,-0.203601,0.800424,0.563798,-0.162523,1.097022,2.959815,-3.9544385792231536,0.2589270476857334,-15.031479466798588,-0.034501,-0.002274,-0.130643,0.990826,0.965855,-0.258732,0.013521,0.259045,0.963484,-0.067776,0.35072,1.170541,2.911688,-16.054632129744558,1.499074097527484,29.330087410535,-0.131805,0.047882,0.252433,0.957399,0.86797,0.470736,-0.158228,-0.49598,0.83781,-0.228206,F,BuildTutorial
5.561,0.096513,1.543992,2.705595,36.36280159560864,-30.149352068261663,-6.157377413789562,-0.314125,0.230555,-0.031764,-0.920414,0.891671,-0.086375,0.444367,-0.203317,0.800634,0.563603,-0.164117,1.097521,2.959679,-3.918232730651974,1.1388325094968337,-15.658335240511605,-0.035219,0.005183,-0.135797,0.990097,0.963065,-0.26927,-0.000699,0.26854,0.960638,-0.071148,0.350821,1.170854,2.911915,-16.021918991923606,1.392414309270955,29.533004284274583,-0.131683,0.047153,0.254012,0.957034,0.866509,0.473778,-0.157153,-0.498615,0.836275,-0.228094,F,BuildTutorial
5.595,0.096559,1.544095,2.705236,36.36009748726742,-30.102614807430893,-6.092601268549354,-0.313986,0.23036,-0.03215,-0.920496,0.891801,-0.085472,0.44428,-0.203848,0.800758,0.563234,-0.164923,1.098408,2.958994,-3.874992807959531,2.249825313275608,-16.29284221596243,-0.036242,0.014633,-0.140938,0.989247,0.959845,-0.279906,-0.018736,0.277784,0.957646,-0.075828,0.351081,1.171325,2.91198,-16.054693237311746,1.3545820353292606,29.574011810752307,-0.132024,0.046956,0.254304,0.956919,0.86625,0.474298,-0.157015,-0.499095,0.835799,-0.228789,F,BuildTutorial
5.628,0.096443,1.544235,2.705161,36.35241498216985,-30.057400018491045,-5.9887322533762,-0.313729,0.23029,-0.032843,-0.920577,0.891775,-0.084028,0.444608,-0.204967,0.800991,0.562496,-0.165984,1.099861,2.958954,-3.8736764908749217,2.7045036671980007,-16.07364579652859,-0.036754,0.01863,-0.138901,0.989449,0.960719,-0.276241,-0.026657,0.273502,0.958711,-0.077907,0.351402,1.171954,2.912115,-16.111813747393974,1.3968755918135898,29.54168911890107,-0.132421,0.047397,0.254071,0.956905,0.866403,0.47369,-0.157998,-0.498796,0.835825,-0.229344,F,BuildTutorial
5.661,0.096378,1.544388,2.705175,36.26920961994821,-30.032102499644513,-5.8917668296505905,-0.312879,0.230445,-0.033363,-0.920809,0.891564,-0.08276,0.445269,-0.205645,0.801988,0.560826,-0.167732,1.101193,2.959316,-3.964815239584672,2.0312724289793143,-15.739763707363954,-0.036687,0.012812,-0.136213,0.989917,0.962564,-0.270619,-0.01537,0.268739,0.9602,-0.076125,0.351572,1.172412,2.912241,-16.22294141877069,1.362812557364799,29.573689888343697,-0.133412,0.047393,0.254275,0.956713,0.866196,0.473891,-0.158529,-0.499182,0.835091,-0.231173,F,BuildTutorial
5.695,0.096193,1.544611,2.705192,36.18186992357133,-30.00869434824559,-5.953851347082709,-0.312315,0.230185,-0.032601,-0.921093,0.891905,-0.083724,0.444406,-0.203836,0.802793,0.560334,-0.167782,1.101898,2.958934,-3.838210706557435,1.981774833010295,-15.788850570540992,-0.03554,0.012521,-0.136677,0.989899,0.962325,-0.271483,-0.015074,0.269703,0.960113,-0.073784,0.351699,1.172653,2.91247,-16.23941233783134,1.3383340635459895,29.67517893629428,-0.133562,0.047343,0.25509,0.956477,0.865375,0.47533,-0.158706,-0.500623,0.834181,-0.231344,F,BuildTutorial
5.728,0.096017,1.544672,2.705127,36.15198138839368,-30.078330439240936,-6.016986707886511,-0.312184,0.230606,-0.032215,-0.921045,0.891566,-0.084641,0.444911,-0.203325,0.803006,0.560214,-0.166343,1.102734,2.958206,-3.833452802688253,2.2508779351589583,-15.953009348965557,-0.035841,0.0148,-0.138012,0.989671,0.961468,-0.274233,-0.019401,0.272111,0.959336,-0.075027,0.352066,1.172657,2.912665,-16.22534403006143,1.4257113349313482,29.646447475650294,-0.133262,0.048008,0.254955,0.956522,0.865387,0.474944,-0.159794,-0.500535,0.834479,-0.230457,F,BuildTutorial
5.761,0.095987,1.544654,2.70489,36.17915835155952,-30.107464522219097,-6.021290473282153,-0.312401,0.230798,-0.032322,-0.92092,0.891375,-0.08467,0.445288,-0.203736,0.802722,0.560472,-0.166469,1.103298,2.958684,-3.616565408809043,1.6360228157292984,-14.719696950165291,-0.03312,0.01011,-0.127577,0.991224,0.967244,-0.253584,-0.011591,0.252244,0.965255,-0.068238,0.352348,1.172656,2.913015,-16.25151994853107,1.5690061138402611,29.676143092321936,-0.133149,0.049296,0.255364,0.956363,0.864719,0.475313,-0.162292,-0.501568,0.834122,-0.229501,F,BuildTutorial
5.795,0.096026,1.544667,2.704624,36.19734500611595,-30.1035377552693,-6.029742740393822,-0.312564,0.230723,-0.032285,-0.920885,0.89145,-0.084769,0.44512,-0.203693,0.802523,0.560772,-0.166414,1.103776,2.958989,-3.7544035566457583,1.251003048536318,-13.484269085270297,-0.03381,0.00699,-0.116976,0.992535,0.972536,-0.232677,-0.005966,0.231732,0.970347,-0.068751,0.352488,1.172507,2.91327,-16.199905430020525,1.642239002542384,29.65204632990078,-0.132565,0.049766,0.255258,0.956448,0.864734,0.475088,-0.162873,-0.501476,0.83454,-0.228178,F,BuildTutorial
5.828,0.096148,1.54471,2.704209,36.20023686638112,-30.05509059234812,-6.007528093895907,-0.312556,0.230391,-0.032338,-0.920969,0.891748,-0.084455,0.444581,-0.203586,0.802526,0.560807,-0.165307,1.103637,2.959027,-3.976989734302251,1.283913803558688,-13.431166427248243,-0.035768,0.007063,-0.116477,0.992524,0.972767,-0.231717,-0.005689,0.230707,0.970308,-0.072647,0.352422,1.172348,2.913536,-16.144771765544576,1.588767099225649,29.629754398578427,-0.132233,0.049173,0.255021,0.956588,0.865093,0.474895,-0.16152,-0.500904,0.834958,-0.227904,F,BuildTutorial
5.861,0.096168,1.544749,2.703973,36.18412131863735,-29.980157703955324,-5.902517217677231,-0.312238,0.230093,-0.032941,-0.92113,0.891945,-0.083002,0.444461,-0.204373,0.802844,0.560065,-0.164921,1.102902,2.959278,-3.5788070413827784,0.8671056028554882,-13.36573815498518,-0.031893,0.003878,-0.116079,0.99272,0.973021,-0.230716,-0.000294,0.230221,0.971017,-0.064221,0.352303,1.172559,2.913502,-16.248703329135854,1.5332861665773838,29.82352416140652,-0.133142,0.049163,0.256553,0.956053,0.863528,0.477464,-0.162322,-0.503647,0.832908,-0.229356,F,BuildTutorial
5.894,0.096067,1.544832,2.703711,36.14098819377548,-29.933234832556685,-5.859360888677695,-0.311821,0.229881,-0.033062,-0.921319,0.892123,-0.082442,0.444207,-0.204285,0.80335,0.559372,-0.164635,1.102367,2.959763,-3.325741788944795,0.4597851683196767,-13.211056780344904,-0.029287,0.000646,-0.114868,0.992949,0.97361,-0.228153,0.005445,0.228077,0.971896,-0.058309,0.352253,1.172792,2.913633,-16.283426693116198,1.4982543425378962,29.906460623507627,-0.133475,0.049044,0.257197,0.95584,0.862889,0.478585,-0.162416,-0.50477,0.832069,-0.229933,F,BuildTutorial
5.928,0.096002,1.544882,2.703581,36.11079075913747,-29.90557182548141,-5.779910169036224,-0.311429,0.229908,-0.033557,-0.921427,0.892032,-0.081359,0.444589,-0.205041,0.803772,0.558488,-0.164084,1.102529,2.959935,-3.4733950650003114,0.2758270292092576,-12.76125266810122,-0.030386,-0.000977,-0.111009,0.993354,0.975352,-0.220483,0.008686,0.220602,0.973507,-0.060151,0.352031,1.173078,2.913729,-16.311452151450997,1.4066790161962728,29.869530156980467,-0.13393,0.048299,0.256776,0.955927,0.863466,0.477982,-0.16112,-0.503856,0.832258,-0.23125,F,BuildTutorial
5.961,0.095971,1.545009,2.703504,36.08801571628853,-29.84520582772045,-5.692916247397289,-0.311091,0.229684,-0.034041,-0.92158,0.892173,-0.080162,0.444524,-0.205649,0.804127,0.557753,-0.164117,1.102223,2.960196,-3.0906913317561484,0.1259180636659456,-12.46162528785533,-0.026928,-0.001835,-0.108465,0.993734,0.976464,-0.215472,0.009489,0.215669,0.975021,-0.053121,0.351844,1.173366,2.913777,-16.330289212237663,1.3240751601238794,29.91852841129655,-0.134252,0.047709,0.257084,0.955829,0.863264,0.478646,-0.160231,-0.504266,0.831769,-0.232114,F,BuildTutorial
5.994,0.095823,1.545137,2.703557,36.04674885970852,-29.76919553078331,-5.62124363304909,-0.310641,0.229312,-0.034318,-0.921814,0.892477,-0.079197,0.444087,-0.205737,0.804649,0.556967,-0.163736,1.101795,2.960029,-3.0799627158438434,0.1773791554323312,-12.915332872894083,-0.026878,-0.001485,-0.112387,0.9933,0.974734,-0.223189,0.008992,0.223348,0.973293,-0.053061,0.351651,1.173576,2.913839,-16.397996141036213,1.2572402601549846,29.97919979885135,-0.134942,0.047373,0.257496,0.955637,0.862904,0.47936,-0.160037,-0.50493,0.830973,-0.233515,F,BuildTutorial
6.027,0.095673,1.545258,2.703615,36.01847182990896,-29.71471740088244,-5.563398342296828,-0.310316,0.229061,-0.034572,-0.921976,0.892672,-0.078414,0.443834,-0.205911,0.805018,0.55637,-0.164786,1.10227,2.960482,-3.187810243577052,0.02019911732807,-12.901751193002646,-0.027659,-0.00295,-0.112303,0.993285,0.974759,-0.222934,0.012073,0.22326,0.973246,-0.054283,0.35169,1.173752,2.913971,-16.417597805903092,1.2588364619927148,30.008180668825304,-0.13509,0.047464,0.257735,0.955547,0.862639,0.479733,-0.160343,-0.50538,0.830646,-0.233704,F,BuildTutorial
6.061,0.095568,1.545441,2.703825,35.98392413173554,-29.635039212792787,-5.531664609296852,-0.310001,0.228543,-0.034534,-0.922212,0.893151,-0.078003,0.442941,-0.205392,0.805413,0.555989,-0.166169,1.102329,2.960687,-3.01721915403201,-0.4471025687368186,-12.37852701871708,-0.025753,-0.006716,-0.107877,0.993808,0.976635,-0.214072,0.018905,0.214764,0.975399,-0.049739,0.351806,1.173834,2.914066,-16.447743968330535,1.306662253856572,29.996468077823593,-0.135239,0.047916,0.257687,0.955517,0.862603,0.479489,-0.161267,-0.505409,0.830615,-0.233752,F,BuildTutorial
6.094,0.09558,1.545663,2.703966,35.91629008714765,-29.5370393241993,-5.491225417494211,-0.30941,0.227936,-0.034443,-0.922564,0.893717,-0.077499,0.441886,-0.204604,0.806159,0.555198,-0.167301,1.10288,2.960889,-3.3329556587833693,-0.4741715561516353,-12.751498494977191,-0.028442,-0.00734,-0.11112,0.993373,0.975197,-0.22035,0.020905,0.221185,0.973687,-0.054876,0.351739,1.173985,2.914166,-16.411164880474892,1.2732278323597568,30.089917197582324,-0.13497,0.047666,0.258435,0.955365,0.861878,0.480933,-0.160839,-0.506667,0.829989,-0.233254,F,BuildTutorial
6.128,0.095601,1.546229,2.704293,35.71817317580554,-29.33925652564749,-5.376580910147131,-0.307659,0.226862,-0.034392,-0.923416,0.894702,-0.076076,0.440137,-0.203108,0.808326,0.55259,-0.16814,1.10348,2.960896,-3.4468172593186366,-0.6358296460708979,-12.534268098553314,-0.029289,-0.008796,-0.109279,0.993541,0.975962,-0.21663,0.023879,0.217661,0.974401,-0.056277,0.351833,1.174278,2.914165,-16.452927325503403,1.2968335927373795,30.033259637925404,-0.135289,0.047889,0.257981,0.955432,0.862305,0.480009,-0.161314,-0.505924,0.830286,-0.233809,F,BuildTutorial
6.161,0.096049,1.547941,2.70579,34.89952895114196,-28.4754706832087,-4.951862354800499,-0.300523,0.221852,-0.033737,-0.927,0.899287,-0.070795,0.431592,-0.195892,0.817095,0.542201,-0.169141,1.104325,2.961194,-3.5901245127131114,-0.8700285274735651,-11.946078426204418,-0.030364,-0.010807,-0.104243,0.99403,0.978033,-0.206586,0.027814,0.207898,0.976423,-0.058112,0.352135,1.174527,2.914102,-16.5414471722221,1.354151974117299,29.951766938465145,-0.135933,0.048467,0.257349,0.955481,0.862845,0.478608,-0.162584,-0.504961,0.830587,-0.234818,F,BuildTutorial
6.194,0.097948,1.550544,2.707825,33.708257718117586,-26.42694449126457,-3.628750726310192,-0.289045,0.209715,-0.036741,-0.93334,0.909339,-0.05265,0.412711,-0.189818,0.830207,0.524143,-0.168523,1.104732,2.961107,-3.7131706464527654,-0.6062403466076255,-11.710133265198667,-0.031689,-0.008565,-0.102128,0.99423,0.978993,-0.202534,0.023504,0.203619,0.977132,-0.061262,0.352792,1.174753,2.914126,-16.594205452709605,1.3954256655992807,29.90629325670403,-0.1363,0.048874,0.257007,0.9555,0.863118,0.477817,-0.163458,-0.504464,0.830739,-0.235348,F,BuildTutorial
6.228,0.100755,1.554163,2.7101,32.002997383531245,-23.761622841851604,-2.2245414166087523,-0.273548,0.192626,-0.038482,-0.941587,0.922829,-0.032917,0.383801,-0.177852,0.847381,0.500313,-0.16745,1.104751,2.961082,-3.9050057802462126,-0.6039643297971854,-11.663290515054513,-0.033359,-0.008702,-0.101724,0.994215,0.979153,-0.20169,0.024091,0.202851,0.977079,-0.064562,0.354262,1.174856,2.914276,-16.515947137927114,1.5647976421540637,30.031537970277103,-0.135212,0.050261,0.258269,0.955243,0.861542,0.479828,-0.165864,-0.507011,0.830029,-0.23236,F,BuildTutorial
6.261,0.104494,1.558243,2.712381,30.038030532070753,-20.5765082275421,-0.7025957280676052,-0.256026,0.170933,-0.040455,-0.950577,0.938291,-0.010615,0.345685,-0.164437,0.865629,0.472914,-0.167029,1.104541,2.961066,-3.8843768451150575,-0.7016178364209861,-11.133810093448565,-0.033137,-0.009378,-0.097157,0.994673,0.980945,-0.192657,0.025095,0.1939,0.978925,-0.064099,0.356946,1.176129,2.914716,-17.055834556446857,2.479200284226122,30.07501722535836,-0.137629,0.059127,0.259621,0.954023,0.858202,0.479094,-0.184279,-0.511645,0.82731,-0.231902,F,BuildTutorial
6.294,0.108865,1.562406,2.713897,28.171650654906426,-17.301997548359154,0.6623211802641467,-0.239759,0.147281,-0.042149,-0.95867,0.953063,0.01019,0.302599,-0.151438,0.881479,0.447283,-0.165742,1.103657,2.960687,-3.8029471666709167,-0.4268857946189219,-11.314695156225582,-0.032652,-0.006976,-0.098647,0.994562,0.98044,-0.195766,0.020319,0.196677,0.978405,-0.063573,0.360159,1.177237,2.915358,-17.35571289186428,3.733665165751459,29.44249872265194,-0.137665,0.069467,0.255828,0.954345,0.859453,0.469171,-0.203027,-0.507423,0.831201,-0.227217,F,BuildTutorial
6.328,0.113398,1.566602,2.714685,26.282317922515983,-14.214770130147548,1.6089783667842947,-0.22389,0.123645,-0.041695,-0.96584,0.965947,0.025175,0.257512,-0.135906,0.896269,0.422174,-0.166206,1.103421,2.961397,-3.91566971191205,-0.5824332354238244,-11.698802884064357,-0.033468,-0.008535,-0.102026,0.994182,0.979036,-0.202293,0.0238,0.203436,0.976941,-0.064804,0.362023,1.178161,2.915996,-17.42842090814931,4.119953617994427,29.25021807262332,-0.137531,0.072609,0.254687,0.954436,0.859725,0.466193,-0.208656,-0.506137,0.832439,-0.225544,F,BuildTutorial
6.36,0.118033,1.570762,2.714864,24.34369752072717,-11.282429113003554,2.415950854992835,-0.207751,0.100491,-0.041229,-0.972132,0.976403,0.038406,0.212512,-0.121915,0.910279,0.395636,-0.165988,1.103293,2.961442,-4.067866635919885,-0.5911644332371147,-11.903802456008894,-0.034765,-0.008808,-0.103809,0.993951,0.978292,-0.205749,0.024727,0.206974,0.97603,-0.06728,0.362003,1.178775,2.916506,-17.51207920319758,3.5444225398909865,29.82895919484581,-0.139162,0.068697,0.258805,0.953381,0.856601,0.47436,-0.203021,-0.5126,0.827308,-0.229789,F,BuildTutorial
6.394,0.122146,1.574971,2.714596,22.380725881645393,-8.966748596895224,2.791774253656382,-0.19155,0.081374,-0.03899,-0.977326,0.983716,0.045038,0.173996,-0.107387,0.923577,0.368067,-0.16624,1.103861,2.961571,-4.319274369170572,-0.7181779364071058,-11.671985911799943,-0.036851,-0.010062,-0.101842,0.994067,0.979054,-0.201734,0.02751,0.203217,0.97654,-0.071215,0.361764,1.179457,2.917017,-17.633001505409496,3.20514823794056,30.24160141033436,-0.140697,0.066645,0.26181,0.95248,0.854028,0.479983,-0.200628,-0.51749,0.82332,-0.233125,F,BuildTutorial
6.428,0.126409,1.578955,2.713509,20.377585547792695,-7.074583448002294,2.980944726647166,-0.174916,0.065297,-0.036462,-0.981739,0.988814,0.04875,0.140966,-0.094436,0.93615,0.338681,-0.16557,1.104245,2.960844,-4.5605751727438175,-0.8196659513244421,-11.44567354000004,-0.038876,-0.011079,-0.099918,0.994174,0.979787,-0.197811,0.029797,0.199534,0.97701,-0.075085,0.36162,1.179955,2.917351,-17.501126568825978,3.129584863529785,30.153937582977825,-0.139821,0.065618,0.261004,0.952901,0.855142,0.479073,-0.198042,-0.515772,0.824654,-0.232219,F,BuildTutorial
6.461,0.130062,1.581816,2.711878,19.025635386455033,-5.381574115583022,3.095957029892638,-0.163775,0.050743,-0.034369,-0.984592,0.992488,0.051057,0.111181,-0.0843,0.943993,0.319016,-0.165248,1.104953,2.960524,-4.662197149496019,-0.6789979675726143,-11.55277617836994,-0.039871,-0.009984,-0.100801,0.994057,0.979479,-0.199607,0.027887,0.2012,0.976499,-0.077255,0.361188,1.180272,2.917647,-17.39675675067889,2.9888409983562707,30.046163277530496,-0.139332,0.064086,0.259949,0.953366,0.856639,0.477794,-0.194633,-0.513511,0.826026,-0.232351,F,BuildTutorial
6.495,0.133174,1.584404,2.710396,17.86359093665901,-3.9931114750928542,2.965150990895655,-0.154222,0.03842,-0.030951,-0.986804,0.995132,0.049235,0.085372,-0.072935,0.950515,0.301995,-0.164772,1.105442,2.9602,-4.70235932660732,-0.3874278374995492,-11.898653381600456,-0.040453,-0.007612,-0.103699,0.993757,0.978377,-0.205488,0.023518,0.20672,0.97522,-0.078822,0.360591,1.18055,2.917751,-17.576465850719924,2.8505832582601305,30.061885930370455,-0.141135,0.063351,0.259887,0.953167,0.856891,0.477548,-0.194126,-0.513312,0.82508,-0.236122,F,BuildTutorial
6.528,0.136084,1.586362,2.708539,16.841125974536283,-2.906711672445409,2.821323653065346,-0.145729,0.028686,-0.028058,-0.988511,0.99678,0.04711,0.06489,-0.063831,0.955952,0.286499,-0.164112,1.105896,2.95952,-4.817524444443713,-0.1679059603603063,-11.60631918109447,-0.041665,-0.005706,-0.101083,0.993989,0.979499,-0.200476,0.019767,0.201427,0.976092,-0.081676,0.359983,1.180346,2.917916,-17.540205700767515,2.8547311286703025,29.949989258421965,-0.140885,0.063168,0.258966,0.953466,0.857893,0.476032,-0.193426,-0.51163,0.826176,-0.235941,F,BuildTutorial
6.561,0.138781,1.587754,2.706463,16.143226567908492,-2.0401073327755497,2.53654289920241,-0.139964,0.020729,-0.02441,-0.989639,0.997949,0.042512,0.047861,-0.054117,0.959629,0.276015,-0.164857,1.106631,2.959826,-5.0831954268933774,-0.2364563000420626,-11.268146617325332,-0.043928,-0.006405,-0.098169,0.994179,0.980644,-0.194632,0.02136,0.195757,0.976867,-0.086087,0.359259,1.179797,2.918025,-17.350480003530205,2.8234982462333784,29.850191631966208,-0.139428,0.06237,0.258123,0.953962,0.858966,0.475086,-0.190975,-0.50987,0.827865,-0.233819,F,BuildTutorial
6.594,0.140825,1.589651,2.705072,15.268390233624435,-1.2978408714261611,2.270618338181064,-0.132591,0.013855,-0.021141,-0.990849,0.998722,0.03822,0.033063,-0.045569,0.963945,0.262169,-0.165806,1.106473,2.960063,-5.050064870822872,-0.4772889282439999,-11.28368672240785,-0.043433,-0.008472,-0.098396,0.994163,0.980493,-0.194907,0.025393,0.196378,0.976864,-0.084691,0.358262,1.179466,2.917885,-17.33661181489485,2.697542201077725,29.76401503670304,-0.139642,0.061186,0.257254,0.954242,0.860153,0.473877,-0.18862,-0.508053,0.828641,-0.235023,F,BuildTutorial
6.628,0.142583,1.591482,2.703726,14.278598442345674,-0.7528689701784069,2.1015174157419967,-0.124139,0.008797,-0.019012,-0.992044,0.999122,0.035537,0.022174,-0.039905,0.968456,0.245969,-0.165707,1.105581,2.959615,-4.80382517030797,-0.4362099391130347,-12.008011206348083,-0.041281,-0.008166,-0.104664,0.993617,0.977958,-0.207317,0.024869,0.208665,0.974683,-0.080325,0.357298,1.179223,2.917498,-17.332862062709225,2.6205018024584565,29.664661941220423,-0.139836,0.060415,0.256333,0.95451,0.861286,0.472449,-0.187024,-0.506242,0.829478,-0.235977,F,BuildTutorial
6.661,0.143985,1.593834,2.702629,13.067934134547004,-0.3250988171253216,2.0069486471886,-0.113725,0.004811,-0.017722,-0.993343,0.999326,0.034114,0.013588,-0.036302,0.973505,0.225765,-0.164809,1.105097,2.959255,-4.762476059940088,0.0624134773841188,-12.88988187516237,-0.041347,-0.004123,-0.112129,0.992825,0.97482,-0.222307,0.01746,0.222989,0.971435,-0.081176,0.35656,1.178972,2.917004,-17.292574909392076,2.546683706765518,29.579929829747975,-0.139709,0.059609,0.255543,0.954791,0.862289,0.471325,-0.185232,-0.504637,0.830358,-0.23632,F,BuildTutorial
6.694,0.145285,1.59585,2.701241,12.058810932123166,0.0375096327634866,2.041778532610733,-0.105028,0.001546,-0.017684,-0.994311,0.99937,0.034842,0.006788,-0.035491,0.977313,0.208807,-0.164954,1.105593,2.959824,-4.9281253782482946,0.0269490425355184,-12.8003651031527,-0.042751,-0.004559,-0.111359,0.99285,0.975157,-0.220736,0.018575,0.221515,0.971543,-0.083874,0.355998,1.178559,2.916481,-17.20795805981032,2.414604938551859,29.446375098551965,-0.139365,0.058162,0.254282,0.955267,0.863916,0.469602,-0.181997,-0.502026,0.831836,-0.236683,F,BuildTutorial
6.728,0.146251,1.597622,2.700024,11.102684994010104,0.2543655245183178,1.938071669522752,-0.096761,-0.000573,-0.016618,-0.995169,0.999447,0.033187,0.002076,-0.032966,0.980722,0.192605,-0.165186,1.105815,2.959919,-5.003407759316738,-0.4736245961094414,-12.445129024533436,-0.042944,-0.008836,-0.108466,0.993133,0.976314,-0.214683,0.026867,0.216201,0.972782,-0.083382,0.355547,1.178227,2.915955,-17.141488009181213,2.2994326729786043,29.32050345189337,-0.139128,0.056905,0.253103,0.95569,0.865401,0.467943,-0.179194,-0.499611,0.833165,-0.23712,F,BuildTutorial
6.761,0.14712,1.599051,2.698792,10.33319326302266,0.3849032385395652,1.7483356932116123,-0.090092,-0.001971,-0.014892,-0.99582,0.999549,0.030015,-0.001243,-0.029305,0.983323,0.17949,-0.164643,1.105696,2.959794,-5.064547768427207,-0.446893681851307,-12.447725236577831,-0.043499,-0.008663,-0.108478,0.993109,0.976315,-0.214707,0.026643,0.216214,0.972681,-0.084519,0.355553,1.177881,2.915653,-17.074845159402777,2.314847462469158,29.31323461406761,-0.138541,0.056881,0.253072,0.955786,0.865439,0.468004,-0.178855,-0.499525,0.833522,-0.23604,F,BuildTutorial
6.794,0.147833,1.600104,2.697663,9.772067570380964,0.5351982128388889,1.541969356147654,-0.085228,-0.003507,-0.013009,-0.99627,0.999637,0.026518,-0.00477,-0.025323,0.985134,0.169912,-0.163728,1.105702,2.959996,-5.113905167484379,-0.2354119308100452,-12.611893134004868,-0.044117,-0.00694,-0.109819,0.992948,0.975783,-0.217477,0.023472,0.218702,0.971987,-0.086088,0.355754,1.177556,2.915439,-16.982511006652604,2.337143790228202,29.418358301889615,-0.137668,0.056994,0.25399,0.955661,0.864481,0.469765,-0.178867,-0.50115,0.833073,-0.234175,F,BuildTutorial
6.827,0.148495,1.600361,2.696476,9.605266832549392,0.633869190231843,1.4394655996217898,-0.083785,-0.00446,-0.012054,-0.996401,0.99967,0.024769,-0.006868,-0.023274,0.98567,0.167074,-0.16313,1.105219,2.960167,-4.988604449907458,-0.3284972795597177,-12.505854092550042,-0.042949,-0.007587,-0.108938,0.993091,0.97615,-0.215718,0.024427,0.217022,0.972576,-0.083651,0.35597,1.177325,2.915132,-16.83712693752253,2.352697663524937,29.39831114966582,-0.136429,0.056785,0.253864,0.955885,0.864657,0.469835,-0.177829,-0.500823,0.833881,-0.23199,F,BuildTutorial
6.861,0.149067,1.600175,2.695197,9.794239167498157,0.691917799269631,1.3445863891059906,-0.08543,-0.005014,-0.011175,-0.996269,0.9997,0.023124,-0.008082,-0.02141,0.985154,0.170334,-0.162673,1.104696,2.960313,-4.982186402286963,-0.6462590094255867,-12.573860742277317,-0.042585,-0.01036,-0.109646,0.993004,0.975741,-0.216875,0.029914,0.21864,0.972329,-0.082302,0.356276,1.177612,2.914786,-16.89753888598206,2.322118065476795,29.30406949914577,-0.137048,0.056548,0.253032,0.956031,0.865554,0.468314,-0.177478,-0.499313,0.834385,-0.233428,F,BuildTutorial
6.893,0.149587,1.600034,2.69449,9.865191870431612,0.7976387989712641,1.2840515924542708,-0.086054,-0.005971,-0.010565,-0.996217,0.999705,0.022078,-0.010079,-0.020022,0.984966,0.171584,-0.162236,1.104188,2.960343,-5.047216114122488,-0.7556619793271236,-12.592597040671963,-0.043042,-0.011377,-0.10985,0.992951,0.975607,-0.217172,0.032051,0.219131,0.972161,-0.082978,0.356539,1.178288,2.914517,-17.044819251644906,2.310474221821772,29.26213362736488,-0.138325,0.056718,0.252645,0.955939,0.865907,0.467336,-0.178333,-0.498718,0.834073,-0.235802,F,BuildTutorial
6.927,0.149942,1.600183,2.69424,9.755567396769026,0.9367292426190824,1.2416970652738797,-0.085111,-0.007223,-0.010101,-0.996294,0.999692,0.021357,-0.012674,-0.018897,0.985308,0.169736,-0.160743,1.103338,2.960535,-4.8689317739119655,-0.3801754082806025,-12.51579972776554,-0.041862,-0.007925,-0.109045,0.993123,0.976093,-0.215926,0.024871,0.217253,0.972714,-0.08142,0.356981,1.179079,2.914289,-17.247956077439234,2.4696818279739365,29.22667815823977,-0.139689,0.05844,0.252511,0.955672,0.865646,0.466309,-0.182246,-0.498963,0.83345,-0.23748,F,BuildTutorial
6.961,0.150283,1.600328,2.694121,9.684666735741684,1.1022896583717916,1.227605771310815,-0.084508,-0.00868,-0.009862,-0.996336,0.999655,0.021119,-0.01563,-0.018184,0.985522,0.168568,-0.159952,1.103099,2.961376,-4.897339790533456,-0.3228629094849107,-12.419954351733962,-0.042169,-0.00742,-0.108193,0.993208,0.976479,-0.21429,0.023864,0.215542,0.973032,-0.082159,0.357368,1.179739,2.914047,-17.395126312692838,2.6019649696583653,29.15157563609801,-0.140666,0.059767,0.252025,0.955575,0.865822,0.464844,-0.185127,-0.498473,0.833393,-0.238707,F,BuildTutorial
6.994,0.15071,1.600439,2.69401,9.63736684214128,1.3857205000938666,1.1665000486103827,-0.084115,-0.011194,-0.009127,-0.996352,0.999583,0.020071,-0.020771,-0.016305,0.985683,0.16782,-0.158961,1.102983,2.961482,-4.906143928635586,-0.2459038508354428,-12.14581021523137,-0.042334,-0.00666,-0.105788,0.993465,0.977529,-0.209629,0.022191,0.210757,0.974034,-0.082706,0.357451,1.180073,2.913775,-17.413551347170564,2.546872084294541,29.275150340534896,-0.140877,0.059499,0.252985,0.955307,0.864917,0.466594,-0.184959,-0.500122,0.832304,-0.239056,F,BuildTutorial
7.027,0.151258,1.60062,2.693841,9.553178832475863,1.7966735804862817,1.1493190946891931,-0.083413,-0.014788,-0.008688,-0.996368,0.999412,0.019779,-0.02802,-0.014845,0.985934,0.166476,-0.158338,1.101427,2.961674,-4.134232852015577,-0.4094995808469481,-12.20340826840044,-0.035486,-0.007385,-0.106352,0.993668,0.97727,-0.210832,0.022224,0.21188,0.97486,-0.068952,0.357443,1.180103,2.913656,-17.377899519914486,2.5504456202437575,29.32230737536144,-0.140547,0.05951,0.253388,0.955249,0.864507,0.467369,-0.184919,-0.500824,0.832082,-0.238357,F,BuildTutorial
7.061,0.152037,1.600864,2.693564,9.400115243378586,2.4730499559572037,1.2657850639103685,-0.082153,-0.020601,-0.009238,-0.996364,0.998981,0.021793,-0.039535,-0.015023,0.986331,0.16409,-0.158699,1.100246,2.962206,-3.712234691029907,-0.6628452359423085,-12.822867449178272,-0.031541,-0.009362,-0.111793,0.993187,0.974829,-0.221472,0.025649,0.222653,0.973015,-0.060559,0.357464,1.180027,2.913353,-17.319676128154732,2.5708301213122033,29.258087269240065,-0.140049,0.059476,0.252886,0.955457,0.865022,0.466585,-0.184486,-0.499903,0.832869,-0.237541,F,BuildTutorial
7.094,0.153,1.601082,2.693307,9.265998778305342,3.2130578717674485,1.5122635937038114,-0.081103,-0.026876,-0.010884,-0.996284,0.998319,0.026046,-0.051787,-0.017327,0.986608,0.162187,-0.159791,1.100364,2.963492,-3.926510785387155,-1.1165386212258894,-13.281406517093217,-0.032901,-0.013634,-0.115901,0.992622,0.972762,-0.229194,0.034693,0.230988,0.970969,-0.062155,0.357364,1.179858,2.913106,-17.33551348771289,2.459568565175683,29.333723562575656,-0.140388,0.058675,0.253378,0.955326,0.864713,0.467643,-0.18325,-0.500593,0.832181,-0.238498,F,BuildTutorial
7.128,0.153791,1.601388,2.692997,9.12196453282088,3.8338330594061274,1.7195751256190797,-0.079967,-0.032148,-0.01229,-0.996203,0.997631,0.029628,-0.062086,-0.019345,0.986909,0.160116,-0.161582,1.100638,2.963821,-3.8411089315323506,-2.1475020870644332,-11.74887268373988,-0.031415,-0.02206,-0.102898,0.993951,0.977851,-0.203165,0.050319,0.205937,0.97685,-0.05791,0.357199,1.179485,2.912798,-17.25467014920365,2.380711979891786,29.421251981335867,-0.139843,0.05795,0.254024,0.955279,0.864228,0.469119,-0.181764,-0.501535,0.831832,-0.237736,F,BuildTutorial
7.161,0.154372,1.601597,2.69263,9.04427037830418,4.309048956397208,1.804994129437829,-0.079369,-0.036232,-0.012727,-0.996105,0.997051,0.031106,-0.070162,-0.019603,0.987077,0.159041,-0.162292,1.100047,2.964058,-3.174089517465399,-2.4504991691251625,-10.496620424993438,-0.025618,-0.023818,-0.092006,0.995144,0.981935,-0.181898,0.052119,0.184339,0.981757,-0.046605,0.357188,1.179046,2.912662,-17.092653585297747,2.3569900730127573,29.472141277753646,-0.138517,0.057463,0.254445,0.955389,0.863911,0.470269,-0.180289,-0.502108,0.832142,-0.235432,F,BuildTutorial
7.194,0.154719,1.601552,2.692213,9.035024299765324,4.5899711455197725,1.7882294223329664,-0.079314,-0.038687,-0.01239,-0.996022,0.9967,0.030818,-0.075101,-0.018545,0.987111,0.158956,-0.162947,1.098299,2.964386,-2.3435599582904603,-2.7288162523400357,-10.702031933636048,-0.018135,-0.025609,-0.093696,0.995106,0.981131,-0.185545,0.054367,0.187403,0.981785,-0.031294,0.3571,1.178944,2.912446,-17.09010162039005,2.320642407422777,29.54705402209694,-0.138539,0.057245,0.255026,0.955244,0.863369,0.471364,-0.180027,-0.503086,0.831537,-0.235479,F,BuildTutorial
7.227,0.154877,1.601681,2.691915,9.008006558085777,4.7853014353657,1.6884908902119182,-0.079065,-0.040458,-0.011398,-0.995983,0.996466,0.029101,-0.07879,-0.016306,0.987238,0.158416,-0.162279,1.098464,2.964364,-2.747445617906058,-2.0816777999777685,-11.828324068064337,-0.021971,-0.020533,-0.103425,0.994183,0.977763,-0.204744,0.045372,0.206548,0.977641,-0.039438,0.356719,1.17888,2.912251,-17.112417355854117,2.226718969464482,29.61667119356504,-0.1389,0.056595,0.255489,0.955107,0.863045,0.472316,-0.179084,-0.50376,0.830865,-0.236411,F,BuildTutorial
7.261,0.15514,1.601722,2.691629,9.001272091871764,4.967964579911946,1.6952152537369496,-0.079027,-0.042042,-0.011333,-0.995921,0.996208,0.029218,-0.081949,-0.015928,0.987253,0.158363,-0.163258,1.09948,2.964622,-3.1167608018423607,-2.923898618370464,-10.89795804133716,-0.024642,-0.02797,-0.095584,0.994723,0.980163,-0.18878,0.060355,0.191537,0.980513,-0.043677,0.356557,1.179074,2.912031,-17.15415300264757,2.188654765554103,29.623418389188643,-0.13933,0.056377,0.255492,0.955057,0.863092,0.472308,-0.178882,-0.503728,0.830623,-0.237328,F,BuildTutorial
7.294,0.155158,1.601726,2.691365,9.038160940144952,5.0126401257934825,1.7088181445375883,-0.079357,-0.042415,-0.011406,-0.995878,0.996142,0.029449,-0.08267,-0.015986,0.987145,0.159027,-0.16429,1.10067,2.96429,-3.916376851245392,-3.244571153788197,-10.687568494968428,-0.031373,-0.031352,-0.094003,0.994584,0.980361,-0.18502,0.068263,0.188955,0.980358,-0.056511,0.35681,1.179549,2.911975,-17.272646082427688,2.3265655946407975,29.612270076258184,-0.140017,0.057771,0.255547,0.954858,0.862717,0.471844,-0.181888,-0.504199,0.830182,-0.237866,F,BuildTutorial
7.332,0.154869,1.601674,2.691084,9.050279496326226,4.914067905461095,1.6055363692680569,-0.079415,-0.041628,-0.010572,-0.995916,0.996311,0.027669,-0.081237,-0.014445,0.987163,0.159062,-0.164912,1.102457,2.964209,-4.315281799665327,-3.4890605081452617,-10.347376305876734,-0.034735,-0.033691,-0.091211,0.994655,0.981091,-0.179107,0.073359,0.183788,0.980948,-0.062953,0.357153,1.179999,2.911965,-17.291508421909054,2.5067552026327724,29.52012147089442,-0.13982,0.059201,0.254996,0.954946,0.862945,0.47046,-0.184375,-0.50357,0.830855,-0.23685,F,BuildTutorial
7.361,0.154416,1.601525,2.69093,9.189019583871804,4.750190087225819,1.5213998548690213,-0.080576,-0.040242,-0.009903,-0.995887,0.996565,0.026209,-0.078557,-0.013239,0.986819,0.161287,-0.166784,1.102027,2.964211,-3.539452683455126,-3.805527464453803,-9.588073817555475,-0.027984,-0.035651,-0.08451,0.995391,0.983174,-0.166246,0.075703,0.170236,0.98415,-0.049685,0.3573,1.180235,2.912082,-17.28414098966459,2.587300851008977,29.543706511448196,-0.139567,0.059885,0.255292,0.954862,0.86248,0.470821,-0.185625,-0.504253,0.830695,-0.235957,F,BuildTutorial
7.394,0.15358,1.600857,2.690757,9.575811262568696,4.417062443956444,1.5643364860380156,-0.083922,-0.03726,-0.010377,-0.995722,0.997008,0.026919,-0.07246,-0.014411,0.985699,0.167899,-0.164982,1.102662,2.964011,-3.888496317036349,-2.533560359739437,-10.421050260589375,-0.031772,-0.025084,-0.091488,0.994983,0.982001,-0.180465,0.055729,0.183653,0.981241,-0.058636,0.357429,1.180701,2.912295,-17.40720789289452,2.597804509799805,29.64025957412654,-0.14052,0.060358,0.256091,0.954478,0.861548,0.471904,-0.187193,-0.50583,0.829343,-0.237332,F,BuildTutorial
7.427,0.152599,1.599891,2.690746,10.048661685536157,3.993941037525804,1.5873895745785354,-0.087998,-0.033497,-0.010739,-0.995499,0.997525,0.027277,-0.064803,-0.015486,0.984282,0.175923,-0.16433,1.103903,2.96414,-4.3979402847807245,-2.401439483664498,-10.04002069775765,-0.036382,-0.024216,-0.088221,0.995142,0.983262,-0.173822,0.054616,0.177346,0.981787,-0.068139,0.357359,1.181293,2.912483,-17.553995851164903,2.575973655949103,29.607349761602112,-0.141811,0.060455,0.255768,0.954368,0.861856,0.471046,-0.187934,-0.505339,0.828945,-0.239755,F,BuildTutorial
7.461,0.15154,1.598707,2.690923,10.692514862381575,3.624298219538907,1.6744656837630183,-0.093578,-0.030121,-0.011595,-0.995089,0.997917,0.028714,-0.057775,-0.01744,0.982218,0.186935,-0.163846,1.103821,2.964491,-4.349488950851549,-2.235490353062801,-9.9537306240354,-0.036106,-0.022711,-0.087412,0.995259,0.983687,-0.172356,0.051518,0.175636,0.982111,-0.067899,0.357308,1.181547,2.912645,-17.57699085128562,2.5560833000908363,29.571604590227587,-0.142066,0.060295,0.255442,0.954427,0.862227,0.470471,-0.187674,-0.504734,0.829133,-0.240378,F,BuildTutorial
7.494,0.150565,1.597426,2.691124,11.371268527525151,3.2221414988819563,1.80289494735056,-0.099459,-0.026415,-0.012864,-0.994608,0.998274,0.030844,-0.049986,-0.020335,0.979885,0.198526,-0.163098,1.103254,2.964797,-4.228210837539243,-1.918689280763111,-10.31014225446793,-0.035232,-0.019978,-0.090393,0.995082,0.98286,-0.178489,0.046129,0.181305,0.981176,-0.066505,0.357008,1.181639,2.912987,-17.579604597140452,2.4996109682946583,29.69544507320494,-0.142149,0.059984,0.256403,0.954177,0.861319,0.472254,-0.187365,-0.50636,0.828103,-0.24051,F,BuildTutorial
7.527,0.14964,1.596876,2.691666,11.691139705202582,2.8579298627347236,1.9239645137991517,-0.102218,-0.023095,-0.014157,-0.994393,0.998532,0.032876,-0.043038,-0.023433,0.978702,0.203943,-0.162364,1.102979,2.964682,-4.323949240406541,-1.7485326728909836,-10.338874683596885,-0.036193,-0.018584,-0.0906,0.995056,0.982893,-0.17896,0.043542,0.18165,0.980963,-0.06866,0.356585,1.181884,2.913107,-17.640621057868866,2.490822328270806,29.648931165341413,-0.142702,0.059986,0.255995,0.954204,0.861737,0.471422,-0.187539,-0.505663,0.828205,-0.241622,F,BuildTutorial
7.561,0.148708,1.596126,2.69209,12.093369882755038,2.4719401519915185,2.101733297158541,-0.10569,-0.019515,-0.015962,-0.99408,0.998729,0.035859,-0.035426,-0.027609,0.97715,0.210751,-0.161636,1.102725,2.964756,-4.407414373317131,-1.5623351339745042,-9.791231617254384,-0.037146,-0.016855,-0.085792,0.995478,0.984711,-0.169557,0.039931,0.172061,0.98252,-0.071063,0.356086,1.1823,2.91309,-17.73045318633944,2.378512289899831,29.631789789666783,-0.143711,0.059225,0.255697,0.95418,0.862223,0.470939,-0.186516,-0.504984,0.827933,-0.243964,F,BuildTutorial
7.594,0.147661,1.595021,2.692549,12.703356705791853,1.985765592209817,2.2580070406701283,-0.110932,-0.015039,-0.017663,-0.993557,0.998924,0.038435,-0.025965,-0.031762,0.974764,0.220965,-0.16249,1.103061,2.96529,-4.736515576770255,-1.9946295038506447,-9.74741986822993,-0.039689,-0.020838,-0.085591,0.995322,0.98448,-0.168726,0.048275,0.172035,0.982198,-0.07544,0.355571,1.182598,2.913185,-17.765530807578862,2.2890645221088106,29.61624938793619,-0.144211,0.058537,0.255449,0.954213,0.862639,0.470621,-0.18539,-0.504388,0.827899,-0.245309,F,BuildTutorial
7.627,0.146402,1.593466,2.692981,13.544517385062791,1.4471456390154644,2.3593936397324153,-0.118147,-0.01011,-0.018954,-0.992764,0.999077,0.040023,-0.015595,-0.035245,0.971364,0.234967,-0.162039,1.103362,2.964845,-4.8839773721768704,-1.7156287414208613,-9.816997189247708,-0.041167,-0.018548,-0.086113,0.995262,0.984481,-0.169882,0.04401,0.172936,0.98178,-0.078749,0.355232,1.182701,2.913295,-17.784096538032504,2.324897291135201,29.569545272106033,-0.14431,0.058817,0.255102,0.954274,0.862927,0.469899,-0.185882,-0.50385,0.828195,-0.245414,F,BuildTutorial
7.661,0.144731,1.591084,2.693433,14.741894651542768,0.6879442300354955,2.400698045416606,-0.128387,-0.003265,-0.020005,-0.991517,0.999178,0.040509,-0.001337,-0.038833,0.966233,0.254727,-0.162142,1.103991,2.965243,-4.896428467575136,-1.3938817673768158,-9.530925604474232,-0.041556,-0.015659,-0.083513,0.995517,0.985561,-0.164975,0.038119,0.167578,0.982598,-0.080124,0.354891,1.18283,2.913306,-17.80580366320399,2.2901358069669353,29.538904617274007,-0.144584,0.058536,0.254799,0.95433,0.863302,0.469398,-0.185406,-0.503251,0.828346,-0.246132,F,BuildTutorial
7.694,0.1429,1.588911,2.693955,15.89316952494222,-0.0821258528912337,2.153809027413014,-0.138212,0.003308,-0.018713,-0.99022,0.999278,0.036145,0.011723,-0.037974,0.961095,0.273596,-0.162121,1.104256,2.965887,-4.863217017165798,-1.3133043139431846,-9.708258537086737,-0.041303,-0.014999,-0.085022,0.99541,0.985092,-0.168025,0.036884,0.170503,0.98213,-0.079677,0.354267,1.182946,2.913366,-17.84573252410716,2.1761531824502653,29.55982433550825,-0.14516,0.0577,0.254822,0.954288,0.863473,0.469596,-0.184105,-0.503099,0.827989,-0.247643,F,BuildTutorial
7.727,0.140763,1.586656,2.694564,17.098187053212968,-1.239166596998418,2.1011019687409007,-0.148427,0.013417,-0.019737,-0.988635,0.998861,0.035042,0.032387,-0.043008,0.95516,0.292951,-0.161799,1.104105,2.96574,-4.83826394611247,-1.3935246086181152,-9.924700137289364,-0.040997,-0.015755,-0.086929,0.995246,0.98439,-0.17174,0.038487,0.174324,0.981525,-0.078866,0.353576,1.182905,2.913395,-17.855326224357345,2.085456765139886,29.506630947498948,-0.145468,0.056898,0.254262,0.954438,0.864227,0.468801,-0.182585,-0.501909,0.82838,-0.248747,F,BuildTutorial
7.76,0.137805,1.583592,2.694948,18.768926237225813,-2.869656504083453,1.8633678716515103,-0.162584,0.027352,-0.02012,-0.98611,0.997694,0.030786,0.060487,-0.048574,0.946323,0.319551,-0.160726,1.103443,2.965741,-4.428046520221638,-0.6238241933349805,-9.891232282896542,-0.038019,-0.00875,-0.086354,0.9955,0.984933,-0.171266,0.023987,0.172597,0.982195,-0.074185,0.352764,1.182566,2.913629,-17.774033078251854,1.886874120895752,29.5822060154177,-0.145194,0.055163,0.254656,0.954477,0.864214,0.470108,-0.179254,-0.502146,0.828138,-0.249073,F,BuildTutorial
7.794,0.133458,1.578611,2.695037,21.27856836896181,-5.442875444020763,1.5150192473414643,-0.183784,0.049098,-0.021744,-0.981499,0.994233,0.024636,0.104371,-0.06073,0.931501,0.358632,-0.160497,1.103036,2.96599,-4.432444704330512,-0.7006567500624447,-9.882874948548878,-0.038,-0.009418,-0.086307,0.995499,0.984925,-0.171121,0.025311,0.172552,0.982214,-0.074033,0.351935,1.182318,2.913851,-17.719589453103964,1.7289056712906758,29.673501485343017,-0.145048,0.053844,0.255228,0.954422,0.863919,0.471571,-0.17682,-0.50281,0.827639,-0.24939,F,BuildTutorial
7.827,0.127998,1.571752,2.694698,24.62530166977305,-8.994265055210912,0.8227428722958506,-0.212034,0.07813,-0.023713,-0.973845,0.986667,0.013053,0.162229,-0.079318,0.908958,0.409272,-0.160907,1.102434,2.966108,-4.42199922898417,-0.9186023072606768,-9.8933847731404,-0.037744,-0.011307,-0.08647,0.995475,0.98479,-0.171304,0.029038,0.173011,0.982197,-0.073191,0.351314,1.182829,2.913812,-17.838418552545196,1.6234004658987788,29.45475737319699,-0.146375,0.052946,0.253245,0.954797,0.866127,0.468096,-0.175244,-0.499096,0.828882,-0.252701,F,BuildTutorial
7.861,0.121901,1.563918,2.69369,28.4559855792881,-13.216537354089386,-0.4653676257626045,-0.244599,0.110558,-0.024374,-0.962992,0.974366,-0.00714,0.224857,-0.10103,0.879154,0.465705,-0.16182,1.102108,2.9664,-4.307402943223738,-1.156907604102846,-10.189995355333073,-0.036534,-0.013386,-0.089118,0.995261,0.983758,-0.176413,0.033156,0.178369,0.981447,-0.070336,0.350786,1.183932,2.913598,-18.16223595785395,1.5703299013544367,29.299309513550373,-0.149265,0.053005,0.251807,0.954727,0.867568,0.46499,-0.176382,-0.496637,0.828627,-0.258321,F,BuildTutorial
7.894,0.116024,1.557047,2.691959,32.024386534655804,-17.64131483558889,-2.3979579303483667,-0.275604,0.141657,-0.022414,-0.950512,0.958862,-0.035472,0.281648,-0.120693,0.84708,0.51758,-0.162256,1.101821,2.966582,-4.151916260824557,-1.1614839866202802,-10.102591146298902,-0.03519,-0.013279,-0.088351,0.995379,0.984036,-0.17495,0.032654,0.17682,0.981912,-0.067708,0.350442,1.18503,2.913336,-18.557828583035317,1.6228942178168748,29.073704495152786,-0.152555,0.053997,0.249904,0.954652,0.869265,0.460666,-0.179345,-0.493617,0.82855,-0.264286,F,BuildTutorial
7.926,0.110506,1.552256,2.691356,34.133824588389075,-21.79210113203867,-4.501020105750505,-0.295071,0.169247,-0.018572,-0.940183,0.942021,-0.064958,0.329206,-0.134802,0.825176,0.548555,-0.162837,1.101843,2.966798,-4.36845172284464,-1.5605608919542282,-9.960119180203192,-0.036784,-0.016865,-0.087255,0.995364,0.984204,-0.17246,0.039992,0.174942,0.982067,-0.070283,0.350101,1.185242,2.912966,-18.61765325664269,1.657277804136278,28.88157268730347,-0.15307,0.054155,0.248335,0.95497,0.870794,0.457725,-0.179458,-0.490883,0.829799,-0.265457,F,BuildTutorial
7.96,0.105927,1.549496,2.692142,34.943772092132676,-25.32853230661458,-6.444476493077622,-0.304225,0.192327,-0.013408,-0.932887,0.925661,-0.092005,0.366997,-0.142038,0.814534,0.562458,-0.162611,1.101685,2.966621,-4.4560951439391,-1.3555469350577751,-10.211984649504917,-0.037668,-0.015233,-0.089383,0.995168,0.983557,-0.176755,0.037053,0.17905,0.981184,-0.072249,0.349666,1.184962,2.912601,-18.646337775559957,1.6485557191900584,28.790905446826496,-0.153371,0.054022,0.247561,0.95513,0.871591,0.456334,-0.179133,-0.489476,0.830382,-0.266232,F,BuildTutorial
7.993,0.102803,1.54761,2.693155,35.198243966054555,-27.6421052400206,-7.903032044832892,-0.308595,0.206935,-0.008273,-0.928374,0.914219,-0.112357,0.389332,-0.143079,0.809402,0.569559,-0.161587,1.101546,2.96615,-4.472695765814767,-1.054457387385682,-10.769685184172744,-0.037985,-0.012816,-0.094127,0.994753,0.981952,-0.186292,0.032649,0.188239,0.979395,-0.073159,0.349505,1.184459,2.912236,-18.68764182994673,1.6968768560719965,28.559497605703942,-0.153721,0.054202,0.245687,0.955547,0.8734,0.452867,-0.17912,-0.486195,0.832015,-0.267142,F,BuildTutorial
8.027,0.100888,1.545966,2.693827,35.94204295392037,-29.215017306754504,-8.878899437462325,-0.316236,0.216062,-0.006329,-0.923727,0.906554,-0.124961,0.403167,-0.148345,0.79991,0.581496,-0.161493,1.101379,2.966154,-4.273818078584658,-1.1821323370674195,-11.17169174060157,-0.036105,-0.013889,-0.097647,0.994469,0.980544,-0.193212,0.034675,0.195217,0.978323,-0.069098,0.349179,1.182983,2.911814,-18.348367725978942,1.5658112171191647,28.648458028026237,-0.151128,0.052512,0.246332,0.955889,0.873126,0.45506,-0.174847,-0.486804,0.832962,-0.263051,F,BuildTutorial
8.06,0.100229,1.545033,2.694428,36.59845271949233,-29.837031046403293,-9.3094282832139,-0.322231,0.218999,-0.006116,-0.920961,0.904004,-0.129871,0.407321,-0.152402,0.79226,0.590846,-0.161875,1.101813,2.966471,-4.526344636121758,-1.2239000662851975,-10.9414243268928,-0.03829,-0.014388,-0.095677,0.994572,0.981278,-0.189213,0.035946,0.191417,0.97876,-0.07341,0.348666,1.18093,2.911398,-18.08773786131575,1.315309895293483,28.825804176658806,-0.149412,0.050102,0.247545,0.955975,0.872423,0.458321,-0.169764,-0.488264,0.832796,-0.260863,F,BuildTutorial
8.093,0.100401,1.544822,2.696024,36.650514355208905,-29.343870670996573,-8.828844941682238,-0.321763,0.216315,-0.008715,-0.921738,0.906264,-0.12314,0.40438,-0.15527,0.792785,0.589392,-0.160494,1.101519,2.966837,-4.461949840602103,-0.8684545030391501,-10.548206750800444,-0.038066,-0.011119,-0.092142,0.994956,0.982773,-0.182507,0.029141,0.1842,0.980122,-0.073699,0.348753,1.178638,2.911146,-17.64514836561014,1.39825508812577,28.78613935111022,-0.145553,0.049801,0.247426,0.956616,0.872601,0.458886,-0.167307,-0.48788,0.83519,-0.253833,F,BuildTutorial
8.127,0.10131,1.54439,2.697671,36.9126382311495,-28.20748927601072,-8.18076301388077,-0.322744,0.208655,-0.011326,-0.923131,0.912669,-0.113774,0.392543,-0.155595,0.791417,0.591143,-0.157391,1.100822,2.966619,-4.001130790828734,-0.2002007498316942,-11.905545552505838,-0.03454,-0.005357,-0.103706,0.993994,0.978433,-0.205796,0.017814,0.206536,0.976104,-0.067554,0.348677,1.176445,2.91101,-17.253261627039183,1.3924821893450576,28.800052097040272,-0.142284,0.048936,0.247624,0.957101,0.872575,0.460077,-0.164139,-0.487928,0.836876,-0.248124,F,BuildTutorial
8.16,0.102608,1.543831,2.699312,37.2296993402759,-26.921827395157433,-7.440029566211741,-0.324095,0.199998,-0.014351,-0.924531,0.91959,-0.1031,0.37911,-0.156173,0.789514,0.593531,-0.153871,1.102046,2.966693,-4.246772085567696,0.5894388777499907,-13.15298015091932,-0.037396,0.000863,-0.11426,0.992746,0.973888,-0.226927,0.006832,0.226798,0.971092,-0.074447,0.348644,1.174622,2.910862,-16.897617573852823,1.3298425035467265,28.90460310331919,-0.139402,0.047782,0.2485,0.957357,0.871929,0.462484,-0.160772,-0.489128,0.83763,-0.243167,F,BuildTutorial
8.193,0.104294,1.543281,2.700732,37.47902864575251,-25.581619967603665,-6.701849653777949,-0.325013,0.190985,-0.017025,-0.926068,0.92647,-0.092612,0.364796,-0.155677,0.788154,0.595465,-0.147815,1.105338,2.965069,-4.493386949766838,2.267759951255485,-11.877630237671296,-0.04103,0.015612,-0.102595,0.993754,0.978461,-0.205189,-0.022609,0.202627,0.975582,-0.08475,0.348737,1.173749,2.910522,-16.794937127485426,1.2979518554998852,28.97341088346924,-0.138584,0.047379,0.249059,0.95735,0.87145,0.463741,-0.159747,-0.490004,0.837529,-0.241747,F,BuildTutorial
8.227,0.105779,1.542894,2.702218,37.70939581188243,-24.35105320338841,-6.315058734132745,-0.326414,0.181887,-0.017102,-0.927404,0.933249,-0.08702,0.348531,-0.150462,0.786323,0.599214,-0.142056,1.109603,2.964749,-5.247804368440745,3.6025969856634283,-10.549376889615193,-0.04845,0.027061,-0.090356,0.994362,0.982207,-0.182315,-0.045062,0.177071,0.978977,-0.101244,0.349013,1.173519,2.910156,-16.73287008286537,1.3957496669404863,29.081543378664588,-0.137807,0.048193,0.250094,0.957152,0.870261,0.465472,-0.161185,-0.492038,0.836925,-0.239699,F,BuildTutorial
8.26,0.107151,1.542608,2.703543,37.8600954056622,-23.371423312687934,-6.169250954031151,-0.327539,0.174216,-0.015767,-0.928504,0.938801,-0.084845,0.333849,-0.143405,0.784939,0.602748,-0.137499,1.115322,2.965611,-6.700879140528527,3.4251345735566394,-10.898653076370808,-0.060986,0.024152,-0.093022,0.993501,0.981527,-0.187781,-0.036645,0.181889,0.975255,-0.125673,0.349531,1.173668,2.909806,-16.7702334201352,1.603941435436948,29.06053028270867,-0.137674,0.049987,0.250161,0.957062,0.869842,0.465075,-0.164562,-0.492603,0.836931,-0.238516,F,BuildTutorial
8.295,0.108613,1.542403,2.704654,37.92226001187531,-22.366069275586906,-5.954745914645286,-0.327854,0.166616,-0.014742,-0.929803,0.944044,-0.081838,0.319506,-0.136665,0.784589,0.604767,-0.132196,1.1232,2.965387,-8.327717632791845,2.934401386612519,-10.0794676260842,-0.074548,0.019062,-0.085734,0.993342,0.984573,-0.173169,-0.025087,0.167485,0.974185,-0.151371,0.350083,1.173953,2.909559,-16.833980820583026,1.818916096355802,28.99300744549035,-0.137768,0.051838,0.249843,0.957033,0.869783,0.463932,-0.168062,-0.492498,0.837197,-0.237794,F,BuildTutorial
8.327,0.110061,1.542169,2.705499,38.07896067682838,-21.2983213678026,-5.56843350892844,-0.328708,0.158906,-0.015086,-0.930845,0.949043,-0.076382,0.305751,-0.132552,0.783447,0.607158,-0.124423,1.132301,2.964432,-10.30993359635676,4.4388736405440925,-9.323082114990504,-0.09262,0.031146,-0.077412,0.992199,0.986075,-0.159386,-0.047467,0.147847,0.970858,-0.188617,0.350691,1.174371,2.909339,-16.91567105021378,2.0066126389905365,28.902346545961063,-0.138084,0.053471,0.249297,0.95704,0.869984,0.462407,-0.171196,-0.491941,0.837568,-0.237643,F,BuildTutorial
8.36,0.111369,1.542114,2.706281,38.15099929745153,-20.252489138960577,-5.230647944126049,-0.32897,0.15131,-0.014947,-0.93202,0.953764,-0.07169,0.291882,-0.127415,0.783111,0.60869,-0.117723,1.14177,2.964992,-12.27789416235189,4.788044186655182,-8.782574076968293,-0.109713,0.033229,-0.071608,0.990824,0.987536,-0.149193,-0.050135,0.13461,0.965671,-0.222171,0.351084,1.174648,2.909134,-16.958446130849435,2.131093819084221,28.920819809511052,-0.138162,0.054624,0.249594,0.956886,0.869438,0.462572,-0.173507,-0.49276,0.837228,-0.237143,F,BuildTutorial
8.394,0.112716,1.542313,2.706686,38.18686696926899,-19.18110736314948,-4.692661635635305,-0.328713,0.144104,-0.016306,-0.933229,0.957937,-0.064304,0.279683,-0.125171,0.783363,0.60883,-0.111038,1.149937,2.966608,-13.60885631648991,4.511411752763661,-7.213557476467209,-0.120613,0.031557,-0.057763,0.990515,0.991335,-0.122042,-0.048582,0.106817,0.964232,-0.242584,0.351433,1.174589,2.908794,-16.88392405139097,2.120948996567696,29.02378773979301,-0.137512,0.054504,0.250454,0.956762,0.868605,0.464259,-0.173176,-0.494239,0.836727,-0.235831,F,BuildTutorial
8.427,0.114084,1.542737,2.706956,38.07575417806035,-18.17583664332536,-4.202202180491006,-0.327356,0.137401,-0.017265,-0.934698,0.961646,-0.057683,0.268161,-0.122233,0.78508,0.607214,-0.10078,1.158117,2.967684,-15.20288239942214,5.229706925119339,-5.88584920055603,-0.134291,0.038377,-0.04481,0.989184,0.993039,-0.098957,-0.063888,0.078343,0.959916,-0.269116,0.352212,1.174692,2.908489,-16.977468247479,2.2708194467981,29.014442345106165,-0.137971,0.055944,0.250541,0.95659,0.868199,0.463893,-0.176165,-0.494767,0.836386,-0.235931,F,BuildTutorial
8.46,0.115417,1.543279,2.707093,37.80665395409713,-17.111881366262587,-3.7607953657097024,-0.324813,0.130163,-0.017475,-0.936616,0.965505,-0.051822,0.255177,-0.117292,0.788382,0.603901,-0.086134,1.16495,2.967725,-16.525043339143036,7.860470119076097,-6.408078817539049,-0.146938,0.059711,-0.045347,0.9863,0.988757,-0.107,-0.104459,0.071905,0.952706,-0.295265,0.353055,1.17452,2.908221,-16.98270941597528,2.473534027794063,29.009186806381113,-0.137574,0.057641,0.25074,0.956494,0.867614,0.463803,-0.179257,-0.495523,0.836405,-0.234272,F,BuildTutorial
8.493,0.117195,1.543983,2.707174,37.56568082527717,-15.911352624062516,-3.2726412545760852,-0.322495,0.121877,-0.017772,-0.938524,0.969661,-0.04525,0.240231,-0.111968,0.791362,0.601007,-0.072151,1.173341,2.970303,-18.233253015060725,9.213513513006196,-6.489212523373911,-0.162168,0.070236,-0.042998,0.983321,0.986436,-0.107342,-0.124182,0.061782,0.943705,-0.324967,0.353689,1.174101,2.908155,-16.81454514389494,2.4858168497079314,29.124868878892897,-0.136083,0.057522,0.251744,0.956451,0.866632,0.465906,-0.178551,-0.497217,0.836213,-0.231351,F,BuildTutorial
8.526,0.11925,1.544709,2.707229,37.266964427262714,-14.455264184062736,-2.631166655090318,-0.319628,0.111908,-0.018605,-0.940728,0.974261,-0.036534,0.222444,-0.106542,0.794984,0.597202,-0.055169,1.181975,2.972826,-19.951017789686126,10.750356109899249,-6.249183548598154,-0.177238,0.082723,-0.037244,0.979978,0.98354,-0.10232,-0.148931,0.043673,0.934399,-0.35354,0.354313,1.174134,2.908061,-16.9008779701671,2.5674562867975923,29.137196613422443,-0.136619,0.058403,0.251932,0.956271,0.866239,0.465872,-0.180536,-0.497788,0.835731,-0.231862,F,BuildTutorial
8.56,0.121464,1.545972,2.707112,36.77553093416106,-12.856076726131189,-1.9277627104375603,-0.315206,0.100951,-0.019448,-0.943438,0.978861,-0.026945,0.202743,-0.100337,0.800534,0.590828,-0.034888,1.191798,2.973326,-22.161955776059443,14.035676322554826,-7.525895976399795,-0.198214,0.107123,-0.040491,0.973446,0.97377,-0.121298,-0.192505,0.036365,0.918144,-0.394576,0.355067,1.174164,2.908107,-16.870789793843876,2.730676172485464,29.057501094830148,-0.13605,0.059606,0.251465,0.956401,0.866425,0.464785,-0.182437,-0.497222,0.836511,-0.230259,F,BuildTutorial
8.593,0.124103,1.547941,2.706761,36.02979639986387,-11.080478054281668,-1.1403703696542355,-0.308718,0.088744,-0.020437,-0.946784,0.983414,-0.016094,0.180661,-0.093492,0.808551,0.580951,-0.014968,1.204701,2.97318,-25.74981270407636,16.40439949894515,-10.007503592264268,-0.231834,0.119314,-0.05249,0.963982,0.966018,-0.15652,-0.205695,0.045876,0.886996,-0.459494,0.355575,1.174409,2.908374,-16.87634980603259,2.71957912520094,29.291435763964664,-0.135999,0.059803,0.253403,0.955884,0.864421,0.468181,-0.183255,-0.500714,0.834583,-0.22969,F,BuildTutorial
8.627,0.127065,1.55093,2.706537,34.7317568184699,-9.13644357898354,-0.2447610426101521,-0.297686,0.07538,-0.02174,-0.951435,0.987691,-0.003511,0.156381,-0.086247,0.821821,0.56318,0.000614,1.219236,2.974341,-29.16750227557837,16.569762227994016,-9.519146530296217,-0.259879,0.118297,-0.043306,0.957389,0.968261,-0.144407,-0.204005,0.021435,0.861175,-0.507857,0.356092,1.175074,2.908575,-16.979641254393453,2.7861503275489823,29.34798762233938,-0.136685,0.060648,0.253941,0.95559,0.863672,0.468748,-0.185329,-0.501907,0.833662,-0.230429,F,BuildTutorial
8.66,0.130054,1.555083,2.706244,32.926938483802154,-7.170936180703289,0.3516005687084378,-0.282664,0.060841,-0.02066,-0.957065,0.991743,0.00515,0.128136,-0.07394,0.839348,0.538542,0.017605,1.233292,2.972744,-33.06144871314405,18.98462509286113,-12.4851156066455,-0.296161,0.126646,-0.056171,0.945037,0.961611,-0.181183,-0.206099,0.031152,0.818267,-0.573994,0.356586,1.176194,2.90866,-17.159925258530127,2.882145852727803,29.20201219292949,-0.138057,0.061661,0.252817,0.955626,0.864563,0.466173,-0.187656,-0.500223,0.834047,-0.232684,F,BuildTutorial
8.693,0.1336,1.560245,2.705724,30.598512873695725,-5.132084782531035,0.911670096375776,-0.263244,0.04528,-0.019479,-0.963469,0.995141,0.013695,0.097507,-0.061373,0.860646,0.505491,0.036055,1.247312,2.970093,-37.84552854166908,24.108377379660393,-22.694992603000856,-0.349813,0.131288,-0.115621,0.92034,0.93879,-0.304675,-0.160768,0.120969,0.728525,-0.674254,0.357267,1.177398,2.908827,-17.40999765167446,3.061129124731055,29.143164512382096,-0.139784,0.063617,0.252515,0.955327,0.864378,0.464684,-0.192145,-0.500254,0.833393,-0.234951,F,BuildTutorial
8.727,0.137576,1.566446,2.704978,27.72032924285961,-3.075034380308103,1.3789681096577204,-0.239136,0.02893,-0.018106,-0.970386,0.997671,0.021303,0.064806,-0.048976,0.884972,0.463061,0.052828,1.262942,2.968589,-42.70544440085043,26.816280094134207,-30.586951370535186,-0.398606,0.1149,-0.15752,0.896158,0.923971,-0.373925,-0.08036,0.190726,0.632601,-0.750626,0.358178,1.178541,2.909171,-17.546228215235793,3.2294902283299,29.13082762975945,-0.140558,0.065296,0.252604,0.955077,0.863856,0.464156,-0.195736,-0.500868,0.83287,-0.235499,F,BuildTutorial
8.76,0.141541,1.573301,2.704005,24.471597917487493,-1.2128703764414202,1.7744901244501026,-0.211738,0.013624,-0.017375,-0.977077,0.999025,0.028183,0.03398,-0.039722,0.90973,0.413295,0.066578,1.282892,2.961967,-51.32920884745086,32.77470245438173,-42.464871340012664,-0.479397,0.086557,-0.199267,0.850282,0.905601,-0.421856,0.043861,0.255876,0.460943,-0.849741,0.359226,1.179623,2.909504,-17.711606724405176,3.4493523120644354,29.216398278398373,-0.141404,0.067586,0.253572,0.954536,0.862267,0.464972,-0.200739,-0.5032,0.831413,-0.235674,F,BuildTutorial
8.793,0.145594,1.580343,2.702477,21.08129752103118,0.5001587846295155,1.8764996045453903,-0.182977,-0.001295,-0.0153,-0.982997,0.999529,0.030554,0.003054,-0.029607,0.932571,0.359771,0.079804,1.301279,2.953166,-58.91636946082154,42.5840234944713,-56.75644374706268,-0.55343,0.060393,-0.228475,0.798666,0.888304,-0.431796,0.156423,0.298104,0.283029,-0.911608,0.360464,1.180906,2.90977,-17.924490249564574,3.648468098350392,29.072503058383074,-0.142828,0.069519,0.252603,0.954442,0.862717,0.462332,-0.204862,-0.502049,0.831583,-0.237521,F,BuildTutorial
8.826,0.149687,1.58605,2.699739,18.174420852434555,2.0901829454415366,1.905597636969689,-0.158189,-0.015382,-0.013537,-0.987196,0.99916,0.031595,-0.026086,-0.021862,0.949586,0.312743,0.088684,1.317693,2.949277,-63.8601937262084,48.10581295920862,-64.73675776710613,-0.593107,0.033606,-0.232836,0.769988,0.889316,-0.398426,0.224442,0.318699,0.188023,-0.92902,0.361974,1.1821,2.91008,-18.13411842101696,3.950983717769904,28.91248000045726,-0.144012,0.072281,0.251635,0.954314,0.86291,0.45946,-0.210434,-0.501097,0.83188,-0.238489,F,BuildTutorial
8.86,0.153277,1.590254,2.695869,16.162723559273076,3.2528382942595524,1.934951674341551,-0.140977,-0.025724,-0.012721,-0.989597,0.998353,0.03243,-0.047326,-0.017924,0.959928,0.279674,0.097646,1.331091,2.946425,-67.30033123989536,58.07181551918759,-77.39610001919762,-0.630716,0.012423,-0.24514,0.736172,0.879504,-0.376601,0.290937,0.34526,0.084208,-0.934722,0.363865,1.183525,2.910112,-18.468714791605557,4.314254437532835,28.83934312065119,-0.146056,0.075915,0.251471,0.953765,0.861999,0.457513,-0.218267,-0.501864,0.83086,-0.240426,F,BuildTutorial
8.893,0.156173,1.593761,2.692249,14.4011526416117,3.976574857257088,1.8179396899177351,-0.125798,-0.03243,-0.011381,-0.99146,0.997638,0.030727,-0.061443,-0.014408,0.968091,0.250185,0.107952,1.341633,2.942572,-68.14731276622766,73.66480848092638,-94.59774724675846,-0.669032,0.007203,-0.259452,0.696441,0.865266,-0.371024,0.33713,0.351747,-0.029837,-0.935619,0.365928,1.184973,2.910093,-18.702476016651033,4.724921366253639,28.592336586074342,-0.147277,0.079503,0.249936,0.953688,0.862422,0.453305,-0.225261,-0.500141,0.831682,-0.241172,F,BuildTutorial
8.927,0.158839,1.596156,2.688625,13.136466846548933,4.376602629544675,1.6364615650559462,-0.114833,-0.036297,-0.009809,-0.992673,0.997173,0.02781,-0.06981,-0.011137,0.973434,0.228695,0.117808,1.351684,2.943484,-67.32363726000696,81.40638268839092,-102.10898143949028,-0.686287,0.014376,-0.263527,0.677759,0.860694,-0.376948,0.342224,0.337484,-0.080872,-0.937851,0.368164,1.186652,2.909975,-19.04325557163109,5.0843012343028375,28.355940925568554,-0.149509,0.082888,0.248436,0.953444,0.862818,0.448956,-0.232345,-0.498526,0.831853,-0.243912,F,BuildTutorial
8.959,0.161069,1.59773,2.685108,12.370341617572953,4.518725991888542,1.342180157208342,-0.10811,-0.03793,-0.007388,-0.993388,0.997013,0.02288,-0.073761,-0.006477,0.976515,0.215351,0.124249,1.362052,2.946689,-67.31636324187996,85.22619336577496,-105.8012115689906,-0.695514,0.014603,-0.262232,0.668791,0.862043,-0.37107,0.345238,0.330443,-0.10501,-0.937966,0.370515,1.188453,2.909735,-19.396536322543863,5.480223522752375,28.15074098508401,-0.151755,0.08663,0.24726,0.953063,0.862716,0.445015,-0.240174,-0.497601,0.831666,-0.246424,F,BuildTutorial
8.993,0.163027,1.599044,2.682215,11.701213882278436,4.498637080966138,1.0293039886224262,-0.102203,-0.038127,-0.004928,-0.99402,0.997044,0.017591,-0.074791,-0.002004,0.97906,0.20356,0.131358,1.37094,2.947095,-68.39142095291004,88.07545857281927,-106.7655720333816,-0.702473,0.018656,-0.244225,0.668235,0.880012,-0.35261,0.318189,0.300188,-0.106229,-0.947947,0.372693,1.190093,2.909205,-19.757660362399704,5.807444094866138,28.033947178780934,-0.154155,0.089922,0.246744,0.952506,0.862063,0.442326,-0.247377,-0.497774,0.830707,-0.249292,F,BuildTutorial
9.026,0.165224,1.60023,2.679822,10.926880946766191,4.477260056551363,0.8239321128983434,-0.095415,-0.038199,-0.003433,-0.994698,0.997058,0.01412,-0.075338,0.00046,0.981768,0.190081,0.136944,1.378452,2.946874,-68.81942532776796,90.9044039998246,-109.2527405443619,-0.708913,0.017132,-0.238768,0.663429,0.885393,-0.341102,0.3158,0.292521,-0.119136,-0.948809,0.374805,1.191671,2.908453,-20.008031676959032,5.9855180718415655,27.93210594103204,-0.155943,0.091765,0.246155,0.952192,0.861974,0.440153,-0.251528,-0.497393,0.83018,-0.251798,F,BuildTutorial
9.06,0.167435,1.60145,2.677747,10.229523334964234,4.554385710118507,0.7512116638022792,-0.089338,-0.038991,-0.002982,-0.995233,0.996942,0.012902,-0.077078,0.001032,0.98402,0.178057,0.142801,1.384012,2.945497,-68.34421701195983,93.99221013006633,-112.75136530627834,-0.715953,0.016047,-0.242424,0.654511,0.881946,-0.340316,0.326123,0.294361,-0.142716,-0.944978,0.377067,1.193289,2.9074,-20.39741635320066,6.1850505918568945,27.807393640625616,-0.158866,0.094025,0.245422,0.951677,0.861855,0.43725,-0.25694,-0.496999,0.82906,-0.256226,F,BuildTutorial
9.093,0.169586,1.602338,2.675894,9.67839206576508,4.640159894932018,0.6647951657298884,-0.084523,-0.039848,-0.002361,-0.995622,0.996813,0.011437,-0.078948,0.002036,0.985701,0.168494,0.146228,1.389592,2.942187,-68.85964139239363,99.17961456748932,-117.48047876011502,-0.727055,0.012589,-0.233671,0.645469,0.890478,-0.319961,0.323532,0.283349,-0.166423,-0.944467,0.379719,1.194522,2.906414,-20.679036157580192,6.541151544797066,27.687591464587378,-0.160554,0.09737,0.244949,0.951179,0.861038,0.434715,-0.263888,-0.497248,0.828445,-0.25773,F,BuildTutorial
9.126,0.171715,1.603141,2.674402,9.15772963777502,4.82111113672222,0.5172719613877813,-0.079949,-0.041565,-0.001138,-0.995931,0.996542,0.008912,-0.082609,0.00438,0.987214,0.159342,0.148944,1.394608,2.940417,-69.58767843468179,100.89869715720457,-118.98246182359412,-0.730001,0.008413,-0.227149,0.64454,0.896665,-0.305096,0.320793,0.280531,-0.168995,-0.944851,0.382695,1.195362,2.905508,-20.86300923256874,6.983297248001563,27.586322572835883,-0.161232,0.101257,0.244751,0.95071,0.859688,0.432722,-0.271454,-0.498025,0.828203,-0.257005,F,BuildTutorial
9.16,0.173724,1.603703,2.673236,8.755117903087378,5.097528872001415,0.3992242907132429,-0.076407,-0.044074,-7.6e-05,-0.996102,0.996115,0.006887,-0.087793,0.006583,0.988324,0.152225,0.1515,1.398427,2.93966,-70.2222998408084,101.46586332946016,-119.09113482367124,-0.730466,0.007188,-0.220632,0.64629,0.90254,-0.295686,0.313036,0.274682,-0.164517,-0.947356,0.385636,1.195773,2.904943,-20.913539526365383,7.493461051762789,27.441036188914627,-0.160696,0.105383,0.24427,0.950476,0.858454,0.430476,-0.278834,-0.498214,0.829018,-0.253992,F,BuildTutorial
9.193,0.175623,1.603876,2.672286,8.543552023468667,5.407639721802277,0.3477384095964789,-0.074547,-0.046816,0.000491,-0.996118,0.995616,0.006003,-0.093341,0.007957,0.988885,0.148469,0.153775,1.401691,2.939459,-70.84712410814721,101.56989489072387,-118.73025586222543,-0.729973,0.006411,-0.214462,0.648926,0.90793,-0.2877,0.304781,0.268979,-0.157708,-0.950147,0.388319,1.196262,2.904174,-20.861987514247392,7.889646686120076,27.208851742281126,-0.15964,0.108246,0.242888,0.950686,0.858577,0.427259,-0.283365,-0.496381,0.831041,-0.250952,F,BuildTutorial
9.228,0.177191,1.603943,2.671603,8.40353981455079,5.656923471799945,0.3133147489671745,-0.073314,-0.049013,0.000892,-0.996103,0.995194,0.00541,-0.097775,0.008963,0.989249,0.145969,0.156232,1.403654,2.938375,-70.97342692407395,104.10042280872152,-121.39035825462524,-0.734645,0.002955,-0.212604,0.644274,0.909582,-0.278292,0.308568,0.269608,-0.169806,-0.947881,0.390329,1.196849,2.903439,-20.955087895795906,7.973769883605256,27.09921806196429,-0.160343,0.108968,0.242115,0.950682,0.859013,0.425404,-0.284831,-0.495293,0.831342,-0.252104,F,BuildTutorial
9.26,0.17884,1.603864,2.671054,8.344133922069707,5.955098246624222,0.2663516942788106,-0.072774,-0.051638,0.001464,-0.99601,0.994663,0.0046,-0.103076,0.010432,0.989404,0.144817,0.159418,1.405107,2.938654,-71.01727459850807,103.01712816594406,-119.435770436544,-0.732496,0.009105,-0.208276,0.648064,0.913077,-0.283292,0.293321,0.256613,-0.15986,-0.953202,0.391773,1.197634,2.902856,-21.013351913069677,7.862739206914847,26.97083519079387,-0.161185,0.107977,0.240906,0.95096,0.860611,0.423375,-0.283024,-0.492992,0.831968,-0.254536,F,BuildTutorial
9.293,0.180475,1.603683,2.670656,8.434338169142585,6.3720043992886115,0.2683680222813817,-0.073553,-0.055255,0.001755,-0.995758,0.993888,0.004634,-0.1103,0.011623,0.989174,0.146288,0.162733,1.408184,2.941637,-72.27748460070048,95.72378257645832,-109.0978562497166,-0.717324,0.025022,-0.187736,0.670504,0.928258,-0.287653,0.23578,0.215858,-0.099596,-0.971332,0.393405,1.198448,2.902382,-21.024727800713254,7.863725138148004,26.853889033765636,-0.161388,0.107842,0.239939,0.951185,0.861599,0.421644,-0.282602,-0.491261,0.832767,-0.255268,F,BuildTutorial
9.326,0.181943,1.603178,2.670066,8.698664343081692,6.782176464223013,0.2325334622993494,-0.075824,-0.058827,0.002466,-0.995381,0.993067,0.004011,-0.117486,0.013831,0.988489,0.150658,0.161623,1.413756,2.944463,-76.43277792445282,83.71605014419633,-90.89286609240828,-0.696852,0.039484,-0.127378,0.704708,0.964432,-0.234559,0.121878,0.124499,-0.003655,-0.992213,0.395124,1.199532,2.90202,-21.16733637773511,7.892125148918479,26.942083568558317,-0.162436,0.108471,0.24074,0.950733,0.860557,0.422519,-0.284463,-0.492997,0.831318,-0.25664,F,BuildTutorial
9.36,0.183309,1.602486,2.669624,9.047008439244332,7.106305546834482,0.3336261927305622,-0.078896,-0.061552,0.001991,-0.994979,0.992415,0.005751,-0.122801,0.013674,0.987543,0.156756,0.157954,1.419554,2.94995,-79.57046620036131,52.72237818185683,-52.13402373236085,-0.664983,0.054554,-0.047323,0.743359,0.989569,-0.142911,-0.018169,-0.002199,0.111118,-0.993805,0.396692,1.200832,2.902059,-21.315684393168393,7.956012942808105,26.957778061965303,-0.163525,0.109303,0.240991,0.950387,0.859952,0.422322,-0.286577,-0.493817,0.830366,-0.258141,F,BuildTutorial
9.393,0.184523,1.601508,2.669144,9.492107261040037,7.336882178922524,0.3745717876159058,-0.082778,-0.063493,0.002043,-0.994541,0.991929,0.006447,-0.126631,0.014576,0.986287,0.164393,0.15602,1.423114,2.96103,-75.12172808579083,20.12711378466884,-11.061942654762946,-0.610781,0.080021,0.030798,0.787143,0.985296,-0.049265,-0.163597,-0.146235,0.251995,-0.956616,0.398331,1.202474,2.902263,-21.505036949157947,8.046127236708946,26.8980796210317,-0.164973,0.110321,0.240664,0.950102,0.85982,0.420911,-0.289039,-0.493711,0.82973,-0.260381,F,BuildTutorial
9.426,0.185433,1.60003,2.668697,10.22701035674779,7.411467483364437,0.4091171885602728,-0.089172,-0.064057,0.002212,-0.993952,0.991784,0.007026,-0.127735,0.015822,0.984087,0.176983,0.15317,1.425449,2.970466,-70.68343385863609,5.510627743730411,11.185416806033455,-0.571211,0.095334,0.107079,0.808185,0.958891,0.064166,-0.276424,-0.281991,0.324504,-0.902872,0.399969,1.20444,2.902457,-21.80008480976736,8.131487778132932,26.696684262724673,-0.167451,0.111288,0.23918,0.949931,0.860816,0.417138,-0.291533,-0.491679,0.829507,-0.264897,F,BuildTutorial
9.46,0.186333,1.597992,2.668283,11.14401848470889,7.401905584239065,0.5348186833938614,-0.097193,-0.063791,0.001632,-0.993218,0.991856,0.009159,-0.127033,0.015641,0.981102,0.192859,0.149436,1.42694,2.976392,-68.00485678497365,-4.097887331976484,25.04516810260261,-0.552002,0.092242,0.160117,0.81311,0.931708,0.15855,-0.326775,-0.362221,0.339313,-0.868138,0.401598,1.206488,2.902505,-22.064486255274826,8.236355324133537,26.384373645899284,-0.169744,0.112186,0.236802,0.950014,0.862678,0.411845,-0.293548,-0.488017,0.830223,-0.269386,F,BuildTutorial
9.493,0.187171,1.596773,2.667835,11.730857970373632,7.31238676165819,0.5670680416508643,-0.102297,-0.06293,0.001604,-0.99276,0.992075,0.00969,-0.125277,0.01606,0.979065,0.202911,0.149349,1.427215,2.983314,-63.74750863370127,-4.7116033886368704,30.825288223489288,-0.517906,0.106569,0.204579,0.82375,0.893581,0.226659,-0.387478,-0.44743,0.379841,-0.809647,0.40302,1.208576,2.902396,-22.459372697473366,8.341024371099055,26.121898241346667,-0.173082,0.11338,0.23487,0.949749,0.863962,0.406887,-0.296669,-0.485383,0.829758,-0.27551,F,BuildTutorial
9.526,0.188079,1.596582,2.667663,11.83839289296741,7.130324044440158,0.5482523752980486,-0.103221,-0.061359,0.001663,-0.992763,0.992465,0.009365,-0.122173,0.015969,0.978685,0.204743,0.152209,1.427128,2.987223,-61.30095583404262,-3.5454115354873164,32.97906435472255,-0.496152,0.119114,0.228947,0.828992,0.86679,0.261393,-0.424674,-0.497788,0.402832,-0.768071,0.404566,1.210467,2.902092,-22.732808242251764,8.427494461442018,25.80909540332172,-0.175498,0.114112,0.232471,0.949809,0.865872,0.401553,-0.298365,-0.481659,0.830316,-0.280323,F,BuildTutorial
9.559,0.189079,1.596465,2.667343,11.85550935278592,6.949218718787025,0.5717906477790624,-0.103384,-0.059767,0.001305,-0.992843,0.992852,0.009767,-0.118949,0.014948,0.97862,0.205132,0.152141,1.428277,2.985011,-61.90318412492036,-6.957109608791555,36.14529377597343,-0.504181,0.10979,0.235891,0.82347,0.864603,0.277791,-0.418681,-0.499206,0.380315,-0.778559,0.405778,1.211739,2.901692,-22.953156494301385,8.401930880462492,25.927574427273104,-0.17727,0.114476,0.233463,0.949192,0.864781,0.402616,-0.30009,-0.483788,0.828141,-0.283074,F,BuildTutorial
9.595,0.190119,1.596361,2.667078,11.929748694400686,6.821005951711487,0.5607099003112884,-0.104023,-0.058659,0.001324,-0.992843,0.993115,0.009574,-0.116754,0.014833,0.978355,0.206402,0.154388,1.429157,2.983034,-61.80676069822488,-5.178741234195009,36.88815974236262,-0.498977,0.125551,0.249176,0.82047,0.844297,0.283588,-0.454687,-0.534176,0.377867,-0.756223,0.407107,1.212317,2.901329,-23.08119166975013,8.536279617641103,25.860263807112418,-0.178132,0.115713,0.233143,0.94896,0.86451,0.401262,-0.302675,-0.483711,0.827827,-0.284124,F,BuildTutorial
9.626,0.191236,1.596152,2.66692,11.97693094956599,6.76264808441963,0.5067382582331491,-0.104405,-0.058198,0.001763,-0.992829,0.99322,0.008652,-0.11593,0.015652,0.978193,0.207107,0.157029,1.429095,2.982348,-61.05812197431586,-4.042351019332629,37.13839369962165,-0.490905,0.132866,0.25715,0.821726,0.832441,0.292165,-0.470831,-0.553063,0.385772,-0.738445,0.408141,1.212206,2.901189,-23.013415123847413,8.573848891365012,25.836784927425633,-0.177514,0.115867,0.232991,0.949094,0.86458,0.401124,-0.302655,-0.483396,0.828408,-0.282964,F,BuildTutorial
9.659,0.192385,1.59607,2.666644,12.015921161590224,6.751702115183965,0.481127194484633,-0.10473,-0.058123,0.001995,-0.992799,0.993236,0.008213,-0.115826,0.016136,0.978055,0.20772,0.158105,1.429271,2.98048,-61.59546191847604,-4.990998677683022,36.620700131811574,-0.497374,0.125195,0.24844,0.821719,0.845208,0.283759,-0.452885,-0.532833,0.381793,-0.755198,0.408755,1.211651,2.900993,-22.921649403793673,8.366151670906723,25.99087194393488,-0.177017,0.114221,0.233925,0.949156,0.864466,0.403624,-0.299645,-0.4845,0.827888,-0.282596,F,BuildTutorial
9.693,0.193512,1.596309,2.666352,11.864212537771838,6.722997169069949,0.5087068834738355,-0.10343,-0.057863,0.001652,-0.992951,0.993298,0.008689,-0.115252,0.01525,0.978599,0.205211,0.159825,1.429424,2.978755,-61.965236468962,-3.2761840876218415,35.58790854732225,-0.497441,0.133914,0.247875,0.820474,0.84125,0.273522,-0.466352,-0.539979,0.382221,-0.749887,0.409262,1.210809,2.900911,-22.73057575170086,8.198860041019577,26.117639702994484,-0.17564,0.112686,0.234677,0.94941,0.864457,0.406025,-0.296408,-0.485194,0.828155,-0.280618,F,BuildTutorial
9.726,0.194396,1.596591,2.666052,11.679352361005456,6.629236694642228,0.5280743294631104,-0.101839,-0.05705,0.001306,-0.993163,0.993487,0.009025,-0.113586,0.014214,0.979254,0.202135,0.162633,1.429463,2.976388,-63.913277774121454,-1.1368158834075557,29.95376330698849,-0.513448,0.128643,0.214181,0.820944,0.875155,0.219559,-0.431159,-0.483764,0.380994,-0.787918,0.409762,1.21001,2.900756,-22.58104806256108,8.053221507771603,26.13901641416036,-0.17467,0.111241,0.234601,0.949778,0.865176,0.406776,-0.293264,-0.484498,0.828906,-0.279601,F,BuildTutorial
9.759,0.195245,1.596778,2.665679,11.603886109295589,6.487764800512909,0.5231010073870956,-0.101184,-0.055835,0.001186,-0.993299,0.993762,0.008942,-0.111161,0.013656,0.979521,0.200878,0.170635,1.429317,2.969633,-69.99545082082167,9.932153658859075,7.891490714913256,-0.565157,0.110063,0.105689,0.810749,0.953432,0.046968,-0.297929,-0.29578,0.338854,-0.893136,0.410444,1.2093,2.900571,-22.482459157297313,8.037668615295004,26.08875328601301,-0.173928,0.110857,0.234141,0.950073,0.865777,0.40634,-0.292092,-0.483464,0.829855,-0.278575,F,BuildTutorial
9.792,0.195923,1.597095,2.665488,11.483102185569258,6.325547355733783,0.505271108028987,-0.10013,-0.054455,0.001139,-0.993482,0.994067,0.008641,-0.108429,0.013169,0.979945,0.198831,0.180501,1.427703,2.961471,-73.89000814025515,36.827296080654015,-27.146631488473503,-0.613595,0.111563,0.00659,0.781672,0.975021,-0.126606,-0.182498,-0.147211,0.246916,-0.95779,0.410857,1.208709,2.900461,-22.392649297319533,7.984144416674868,26.064649704908128,-0.173311,0.110214,0.233842,0.950334,0.866342,0.406254,-0.290535,-0.482659,0.830562,-0.277862,F,BuildTutorial
9.826,0.196459,1.597634,2.665372,11.212650864020716,6.089070008695906,0.4483804581238688,-0.097761,-0.052476,0.0013,-0.993825,0.994489,0.007675,-0.104559,0.012845,0.980882,0.194179,0.191754,1.422961,2.955638,-71.51474816061652,65.87592446334448,-64.14325793596238,-0.649866,0.113492,-0.092387,0.745827,0.957168,-0.28532,-0.049212,-0.009699,0.138278,-0.990346,0.411076,1.208174,2.900362,-22.27448003077626,7.831542044448886,26.040125245432726,-0.172659,0.108697,0.233385,0.950739,0.867433,0.406241,-0.287278,-0.481312,0.831441,-0.277571,F,BuildTutorial
9.859,0.196799,1.598494,2.665229,10.81116061054632,5.7442404662815,0.4636795870399032,-0.094288,-0.049503,0.000697,-0.994313,0.995098,0.007948,-0.098574,0.010722,0.982219,0.187434,0.198959,1.419559,2.953647,-67.67346022472607,72.73899599696811,-73.92180465039212,-0.654421,0.123986,-0.138307,0.732961,0.930997,-0.365026,-0.000731,0.04047,0.105207,-0.993627,0.411318,1.207906,2.900322,-22.247110785471236,7.783380331058003,25.977185964719222,-0.172588,0.108153,0.232785,0.950961,0.868228,0.405407,-0.28605,-0.480071,0.832049,-0.277896,F,BuildTutorial
9.893,0.19672,1.599803,2.665118,10.150566175771628,5.041890514036754,0.6100919188968684,-0.088611,-0.043341,-0.001407,-0.995122,0.996239,0.010481,-0.086009,0.004881,0.984292,0.17648,0.203353,1.416455,2.951232,-65.62199913358943,77.58347575534529,-81.03244012306902,-0.663154,0.125905,-0.167504,0.718552,0.91218,-0.40771,0.041223,0.073732,0.064338,-0.995201,0.411548,1.207819,2.900393,-22.294550040055537,7.820218368453641,25.88142678258653,-0.173,0.1084,0.232055,0.951037,0.8688,0.403879,-0.286475,-0.478891,0.832443,-0.27875,F,BuildTutorial
9.926,0.196158,1.60119,2.66491,9.45538082507396,4.179527986400621,0.5282890160213908,-0.082532,-0.035961,-0.001586,-0.995938,0.997409,0.009095,-0.071368,0.002777,0.986372,0.164507,0.205502,1.413957,2.948186,-64.31273306904743,81.34827080402664,-86.33182052262252,-0.671897,0.126303,-0.186249,0.70563,0.898718,-0.432571,0.072034,0.093121,0.027732,-0.995269,0.411744,1.207474,2.900464,-22.190932746710835,7.679222328227759,25.9499579550734,-0.172356,0.107146,0.232392,0.951214,0.869028,0.405174,-0.283946,-0.479043,0.832575,-0.278094,F,BuildTutorial
9.958,0.195664,1.602413,2.664319,8.84914321978155,3.4249876331462423,0.5450836104158346,-0.077253,-0.029428,-0.002435,-0.996574,0.998256,0.009401,-0.058277,-0.000307,0.988052,0.15412,0.206585,1.412405,2.9462,-63.34739789012039,82.37415578018874,-87.49042369937894,-0.672984,0.131638,-0.193059,0.701778,0.890799,-0.44815,0.07509,0.093789,0.019642,-0.995398,0.411715,1.207211,2.900498,-22.262096357520168,7.491046207660632,25.964712591974337,-0.173318,0.105735,0.232243,0.951233,0.869767,0.405183,-0.281661,-0.478486,0.832048,-0.280619,F,BuildTutorial
9.992,0.19528,1.603686,2.663663,8.211161460280824,2.6876779976758183,0.6527408695818477,-0.071707,-0.022984,-0.004001,-0.997153,0.998911,0.011275,-0.045264,-0.004683,0.989684,0.143191,0.205899,1.412687,2.945088,-63.84717600242773,81.33620230494417,-86.30060182620154,-0.670898,0.129223,-0.188883,0.705352,0.89525,-0.439848,0.071147,0.093067,0.028438,-0.995254,0.412036,1.206747,2.900745,-22.1957406714572,7.58790919794473,25.780937110906052,-0.172738,0.106142,0.230852,0.951632,0.870882,0.402702,-0.281771,-0.476042,0.833738,-0.27976,F,BuildTutorial
10.026,0.194943,1.604836,2.66274,7.644087516756664,2.0008065719619563,0.7552144611183548,-0.066761,-0.016981,-0.005411,-0.99761,0.999365,0.013064,-0.033159,-0.00853,0.991027,0.133388,0.204588,1.413017,2.943462,-64.57775696451137,81.23394195972425,-86.72825052944015,-0.67267,0.121671,-0.187791,0.705299,0.899861,-0.428587,0.081013,0.101208,0.0245,-0.994564,0.411956,1.206074,2.901049,-22.04506953744342,7.492587432968426,25.72541979535986,-0.171722,0.104996,0.230221,0.952096,0.871949,0.402324,-0.279,-0.474444,0.83502,-0.278648,F,BuildTutorial
10.059,0.194602,1.60591,2.661688,7.06012001832129,1.3741891945228926,0.8909174455361027,-0.061659,-0.01149,-0.007021,-0.998007,0.999637,0.015431,-0.022069,-0.012598,0.992298,0.123233,0.203403,1.412937,2.942022,-64.90128039329029,81.23011422116397,-87.22862119469416,-0.67382,0.116748,-0.188976,0.704716,0.901316,-0.423682,0.090123,0.109015,0.02051,-0.993829,0.411598,1.205614,2.901157,-22.025106628256864,7.354198563173042,25.696660165340692,-0.171859,0.103767,0.229771,0.952314,0.872876,0.401961,-0.276614,-0.473295,0.83534,-0.279642,F,BuildTutorial
10.093,0.19409,1.607224,2.660747,6.359063020098469,0.741717694892854,1.000926205170393,-0.055518,-0.005978,-0.008362,-0.998405,0.999789,0.017362,-0.011009,-0.016034,0.993696,0.110959,0.201912,1.412518,2.94142,-65.08547710678467,79.95578676191057,-85.87869777919826,-0.67073,0.115695,-0.187039,0.708345,0.903262,-0.420177,0.087001,0.109776,0.030277,-0.993495,0.411112,1.205581,2.901001,-22.10395176814894,7.241150982238133,25.60162432301964,-0.17283,0.102826,0.228824,0.952469,0.874133,0.400352,-0.274972,-0.471438,0.835539,-0.282172,F,BuildTutorial
10.125,0.193671,1.608351,2.659725,5.750590868204818,0.1933018494722005,1.0912280454839716,-0.050176,-0.001207,-0.009426,-0.998695,0.999819,0.018949,-0.001466,-0.018707,0.994787,0.100243,0.200054,1.412438,2.941166,-65.72530325978875,77.91065088925598,-83.39848905523678,-0.666365,0.113606,-0.179794,0.71465,0.909536,-0.408386,0.077239,0.105573,0.047263,-0.993288,0.410642,1.20585,2.900995,-22.262070490197654,7.145111145458337,25.53334754134116,-0.174404,0.102207,0.228135,0.952413,0.875016,0.398908,-0.274263,-0.470209,0.835075,-0.285575,F,BuildTutorial
10.159,0.193475,1.609536,2.658628,5.095500014693075,-0.1753633751152039,1.1710412965453492,-0.044434,0.001983,-0.010277,-0.998958,0.999781,0.020356,0.004875,-0.020709,0.99584,0.088735,0.197523,1.41243,2.941737,-66.44852696616705,74.66714326022024,-79.19967695966236,-0.659058,0.113198,-0.167944,0.724309,0.917962,-0.392495,0.05739,0.094079,0.074875,-0.992745,0.410351,1.206389,2.900866,-22.524593404183047,7.222656278973804,25.350397019213535,-0.176608,0.103038,0.226773,0.952243,0.875915,0.395491,-0.276333,-0.46828,0.834768,-0.289615,F,BuildTutorial
10.193,0.193596,1.610691,2.657474,4.4726631600327105,-0.3812144288060137,1.3304495885689087,-0.03898,0.003777,-0.011731,-0.999164,0.999696,0.023148,0.008463,-0.023737,0.996686,0.077807,0.194635,1.412249,2.942788,-67.12926230181134,71.39880945038813,-75.37725274081649,-0.652573,0.110284,-0.158399,0.732732,0.925495,-0.376064,0.045115,0.08819,0.098118,-0.991259,0.410392,1.207506,2.900515,-23.1347425015938,7.551068290965313,24.975644484194756,-0.181402,0.106249,0.224272,0.951581,0.876826,0.388279,-0.283577,-0.465374,0.83359,-0.29758,F,BuildTutorial
10.226,0.19408,1.61165,2.656287,3.9017863111252686,-0.261398164919689,1.4622018115893505,-0.034011,0.002714,-0.01283,-0.999336,0.999656,0.025457,0.006297,-0.025827,0.997357,0.067907,0.19174,1.411818,2.943618,-67.66732104037155,69.36842793336996,-73.43049466131274,-0.649606,0.105198,-0.15437,0.736963,0.930207,-0.364205,0.045507,0.090857,0.108363,-0.989951,0.410513,1.208231,2.900212,-23.384691643851856,7.84067860965841,24.519406207017685,-0.183355,0.108356,0.22099,0.951737,0.878845,0.380913,-0.287293,-0.460383,0.835089,-0.30112,F,BuildTutorial
10.259,0.195133,1.612209,2.655083,3.5415989719187637,0.0786333919044206,1.6347058121351516,-0.030908,-0.000245,-0.014237,-0.999421,0.999595,0.028472,0.000391,-0.028441,0.997684,0.061787,0.188764,1.41117,2.94528,-67.97055234685752,66.34073983013597,-70.50659334270344,-0.64394,0.100407,-0.150861,0.743304,0.934319,-0.353583,0.045026,0.09496,0.125164,-0.987581,0.41039,1.208204,2.900103,-23.230079784049934,7.788342836722314,24.258858558568015,-0.182408,0.107245,0.218711,0.952571,0.881329,0.37755,-0.284106,-0.455799,0.837786,-0.300603,F,BuildTutorial
10.292,0.196135,1.612406,2.653883,3.3675030327524165,0.4559100442211677,1.690330123373847,-0.029438,-0.003543,-0.014627,-0.999453,0.999547,0.029447,-0.006222,-0.02903,0.997839,0.058947,0.185459,1.410829,2.94715,-68.3369765584179,62.1021775517181,-66.17927615633933,-0.636112,0.09487,-0.14428,0.752027,0.940366,-0.3377,0.040867,0.096309,0.149089,-0.984123,0.410053,1.208095,2.900143,-23.20703030665213,7.607720249040635,24.377710955917028,-0.18245,0.105894,0.219407,0.952554,0.881294,0.379354,-0.2818,-0.456635,0.837145,-0.301119,F,BuildTutorial
10.326,0.19721,1.61253,2.652829,3.345824752985809,0.9591791538854152,1.562232533247295,-0.029304,-0.007968,-0.013382,-0.999449,0.999515,0.027216,-0.015142,-0.026283,0.997924,0.058789,0.18197,1.410869,2.948472,-68.8812129321176,57.81516837982745,-61.361956167635725,-0.629205,0.09024,-0.133264,0.760394,0.948195,-0.316224,0.030465,0.089107,0.172685,-0.980938,0.409553,1.208221,2.900156,-23.247122328079215,7.447070713724819,24.574191798770432,-0.182913,0.10494,0.220791,0.952251,0.880478,0.382106,-0.28063,-0.458886,0.835588,-0.302019,F,BuildTutorial
10.359,0.198408,1.612541,2.652087,3.2974536779341017,1.6058086149990412,1.4259580140844474,-0.028941,-0.013648,-0.012034,-0.999416,0.999338,0.024844,-0.026584,-0.023264,0.998035,0.058178,0.178413,1.410727,2.949882,-69.3285963572888,52.891149415312384,-55.82102585943087,-0.621475,0.085314,-0.120882,0.769336,0.956218,-0.292039,0.018981,0.079957,0.198312,-0.976872,0.409272,1.208547,2.900067,-23.25766679591873,7.441025873025206,24.392271114638618,-0.183179,0.104617,0.219271,0.952586,0.881951,0.379422,-0.279645,-0.456076,0.836731,-0.303109,F,BuildTutorial
10.393,0.199722,1.612652,2.651389,3.2295223464744067,2.3693729413278186,1.4252306920312772,-0.028428,-0.020315,-0.011847,-0.999319,0.998894,0.024834,-0.039928,-0.022524,0.998103,0.057298,0.175198,1.410881,2.950306,-69.89641017896494,49.50900022800136,-52.58954586224299,-0.618415,0.077265,-0.114695,0.773588,0.961751,-0.273017,0.022315,0.081889,0.208816,-0.97452,0.408882,1.208991,2.899723,-23.26906084797682,7.291956942127708,24.381637504064553,-0.183569,0.10338,0.218946,0.952721,0.88275,0.379235,-0.277368,-0.455144,0.83673,-0.30451,F,BuildTutorial
10.426,0.20113,1.612867,2.650552,3.116757489962309,3.1720148342771317,1.487831102599409,-0.027542,-0.027312,-0.012221,-0.999173,0.998209,0.025926,-0.053905,-0.022918,0.998184,0.055705,0.172751,1.41072,2.950706,-69.9045129202857,47.23925157891809,-50.57191511116563,-0.614877,0.072727,-0.11322,0.777057,0.963784,-0.265393,0.026207,0.08652,0.218214,-0.972058,0.408255,1.209499,2.89939,-23.33416212994133,7.086661326684171,24.40685209574539,-0.184483,0.101824,0.218836,0.952738,0.883485,0.379417,-0.274765,-0.454556,0.836154,-0.306962,F,BuildTutorial
10.459,0.202394,1.613098,2.649747,3.0086302602428248,3.890132428662107,1.6126890209316356,-0.026712,-0.033557,-0.013169,-0.998993,0.997401,0.028105,-0.066343,-0.024519,0.998226,0.054254,0.171542,1.410774,2.9496,-69.92104348214613,47.493923155590906,-50.83366379673532,-0.615379,0.072972,-0.113552,0.776588,0.963562,-0.266178,0.026416,0.086555,0.216829,-0.972365,0.407638,1.209689,2.898985,-23.275125832076363,6.843599846947174,24.450657612204388,-0.184415,0.099773,0.218801,0.952976,0.884343,0.380224,-0.270862,-0.453823,0.836235,-0.307826,F,BuildTutorial
10.492,0.203279,1.61332,2.649085,2.917698243185316,4.4443799276120455,1.583470129248337,-0.025973,-0.038407,-0.012816,-0.998842,0.996721,0.027598,-0.076059,-0.023608,0.998322,0.05287,0.171013,1.411134,2.947894,-70.26590347099594,49.496567794141185,-53.452764923139185,-0.620759,0.07075,-0.118843,0.771705,0.961742,-0.271261,0.03835,0.095586,0.20107,-0.974902,0.407077,1.209765,2.898649,-23.26006292944406,6.583902151014413,24.593141579652972,-0.184663,0.097817,0.219566,0.952955,0.884445,0.382346,-0.267522,-0.454599,0.835381,-0.308995,F,BuildTutorial
10.526,0.203973,1.613355,2.648463,2.890931074401548,4.924883131660404,1.4967131434726726,-0.025761,-0.042618,-0.011961,-0.998688,0.996081,0.026086,-0.084507,-0.021695,0.998387,0.052475,0.170499,1.411345,2.947109,-70.25892394369093,49.36064935169277,-54.18373903596982,-0.621017,0.065908,-0.124533,0.771029,0.960296,-0.273896,0.053041,0.110177,0.197658,-0.97406,0.406656,1.209646,2.898373,-23.21927577444063,6.408187638642124,24.65065773825582,-0.18461,0.096378,0.219757,0.953067,0.884836,0.383302,-0.264848,-0.454472,0.835252,-0.309532,F,BuildTutorial
10.559,0.204615,1.613303,2.647923,2.919526540247662,5.290132252631448,1.516309827636375,-0.026056,-0.045793,-0.012038,-0.998539,0.995516,0.026427,-0.090824,-0.021654,0.998352,0.053139,0.168394,1.412044,2.94761,-70.31856647888642,44.78742387356933,-48.48764508467698,-0.613362,0.065369,-0.110355,0.779318,0.967097,-0.252194,0.033489,0.091814,0.223219,-0.970435,0.406187,1.209379,2.898177,-23.09845992961508,6.19191582715617,24.725305931748792,-0.183953,0.09449,0.22002,0.953323,0.885325,0.384737,-0.261106,-0.454264,0.835505,-0.309153,F,BuildTutorial
10.592,0.205067,1.613403,2.647447,2.89416196569084,5.515190953605127,1.5748976656659772,-0.025883,-0.047744,-0.012508,-0.998446,0.995128,0.027449,-0.094692,-0.022506,0.998347,0.052879,0.16648,1.412322,2.947913,-70.24192057399505,41.10101505373913,-43.52438761963034,-0.606754,0.066937,-0.096399,0.786178,0.972454,-0.232801,0.011732,0.070345,0.245114,-0.966939,0.405971,1.209249,2.897819,-23.06133718106423,6.129231108268103,24.82885172804748,-0.183678,0.09407,0.220778,0.953242,0.884816,0.386352,-0.260448,-0.455466,0.835039,-0.308642,F,BuildTutorial
10.626,0.205492,1.613415,2.647043,2.843887596738483,5.641205182431336,1.6130883466506123,-0.025475,-0.04884,-0.012834,-0.998399,0.9949,0.028114,-0.09687,-0.023138,0.998373,0.052122,0.166056,1.411864,2.946655,-70.41986073686874,42.49772423618415,-45.23676472260435,-0.609927,0.066668,-0.099976,0.783294,0.97112,-0.237946,0.017515,0.075297,0.235987,-0.968835,0.406083,1.20952,2.897298,-23.153614813679436,6.247840378434711,24.70425690860906,-0.184324,0.095017,0.219939,0.953217,0.885198,0.384271,-0.262223,-0.454327,0.835303,-0.309606,F,BuildTutorial
10.659,0.205623,1.613402,2.646711,2.931316307075184,5.677183790508937,1.6253733778434585,-0.026246,-0.049139,-0.012895,-0.998364,0.994838,0.028327,-0.09744,-0.023168,0.99829,0.053674,0.166277,1.411118,2.945771,-70.27171991812362,44.49063699837322,-47.760702306841154,-0.612413,0.067445,-0.1072,0.780327,0.967919,-0.249911,0.026043,0.084693,0.226916,-0.970225,0.406084,1.209791,2.89669,-23.18573343221193,6.325014025049118,24.55484287762997,-0.184569,0.095474,0.218823,0.953381,0.886003,0.382,-0.262822,-0.452486,0.836102,-0.310146,F,BuildTutorial
10.692,0.205537,1.613201,2.646451,3.1004830330044246,5.586232285449663,1.5789600887739257,-0.02769,-0.048335,-0.012439,-0.99837,0.995018,0.027515,-0.095823,-0.022161,0.998157,0.056492,0.166478,1.41021,2.945524,-69.81385946968233,45.11125221000092,-48.542942634689645,-0.611066,0.069528,-0.111218,0.780637,0.965593,-0.258614,0.02737,0.088669,0.228458,-0.969508,0.405894,1.209801,2.896099,-23.164341174447724,6.291209312310879,24.525661489092435,-0.184479,0.095109,0.218524,0.953504,0.886403,0.381636,-0.261999,-0.451818,0.83643,-0.310235,F,BuildTutorial
10.725,0.205222,1.612964,2.646201,3.269163541672315,5.335642325831128,1.525766401528447,-0.029111,-0.046143,-0.011967,-0.998439,0.995455,0.026582,-0.091446,-0.021209,0.998019,0.059235,0.16563,1.409825,2.945779,-69.73379228272225,42.973805623994686,-45.80069950121567,-0.606962,0.069852,-0.104192,0.784769,0.96853,-0.248328,0.016845,0.078737,0.241483,-0.967206,0.40576,1.209717,2.89552,-23.1504984486368,6.287311261421564,24.544476819465253,-0.184355,0.095083,0.218673,0.953496,0.886282,0.38195,-0.261949,-0.452066,0.836391,-0.309979,F,BuildTutorial
10.759,0.204666,1.6128,2.646076,3.4088481255342833,4.898944590896321,1.4840749650721314,-0.030267,-0.042331,-0.011662,-0.998577,0.996144,0.025853,-0.083835,-0.020728,0.997896,0.061435,0.163961,1.409677,2.946283,-69.84607672250786,39.736473783487995,-42.026733968970355,-0.602517,0.067063,-0.09489,0.789602,0.972997,-0.230664,0.00844,0.069038,0.255938,-0.964225,0.405664,1.209619,2.895009,-23.083152736831607,6.295672646076852,24.4742528167186,-0.183834,0.094924,0.218096,0.953744,0.886847,0.381116,-0.261254,-0.450917,0.837278,-0.309256,F,BuildTutorial
10.792,0.204037,1.612676,2.646062,3.50572403844349,4.454211689151151,1.437007845980813,-0.03105,-0.038456,-0.011336,-0.998713,0.996785,0.02503,-0.076109,-0.020254,0.997815,0.062892,0.162774,1.40914,2.946751,-69.65643421182946,37.877543687986666,-39.7793600138852,-0.598616,0.066745,-0.089846,0.793178,0.974946,-0.222437,0.001684,0.062618,0.267173,-0.961612,0.405297,1.209463,2.894402,-23.032281785004052,6.120485654995249,24.520741384961557,-0.183704,0.093453,0.218198,0.953892,0.887313,0.381938,-0.258456,-0.450609,0.837286,-0.309685,F,BuildTutorial
10.827,0.203486,1.612593,2.646019,3.6217074042685864,4.036206361486847,1.425859364107381,-0.032016,-0.034802,-0.011316,-0.998817,0.997322,0.024833,-0.068797,-0.020377,0.997694,0.064744,0.161992,1.408173,2.946829,-69.64763610451402,37.533908955795326,-39.71264927911182,-0.598255,0.064748,-0.091212,0.79346,0.974976,-0.222219,0.006386,0.067275,0.267543,-0.961195,0.404964,1.209341,2.893794,-23.03691741122515,5.9780786457089174,24.633220844927763,-0.183923,0.092456,0.218906,0.953784,0.887064,0.383568,-0.25689,-0.451588,0.836505,-0.310368,F,BuildTutorial
10.859,0.202971,1.612309,2.645872,3.7910575328836296,3.653613324487759,1.388558070007024,-0.033444,-0.031458,-0.01105,-0.998884,0.997777,0.024179,-0.062106,-0.019971,0.997519,0.067509,0.161563,1.40714,2.94707,-69.57693494613156,37.25797217916072,-39.918954851249545,-0.597733,0.06203,-0.094347,0.793704,0.974502,-0.223921,0.014322,0.075613,0.267629,-0.960551,0.404849,1.209139,2.893303,-22.935716195941904,5.9072348434531365,24.654564870552015,-0.183195,0.091725,0.218964,0.953982,0.887283,0.384168,-0.255234,-0.451382,0.836989,-0.30936,F,BuildTutorial
10.892,0.202567,1.61205,2.645805,3.9726998883949434,3.4279455777481465,1.4213891468771087,-0.035014,-0.02946,-0.011354,-0.998888,0.998006,0.024745,-0.05806,-0.020619,0.99729,0.070619,0.161193,1.405991,2.947975,-69.20194506544932,36.20922095709039,-38.77496351274584,-0.594048,0.062114,-0.093256,0.796588,0.97489,-0.222372,0.011838,0.074776,0.27682,-0.958008,0.404986,1.209073,2.892792,-22.92638802020449,5.912189024260362,24.630148683928276,-0.183127,0.091711,0.218768,0.954041,0.887459,0.383838,-0.255116,-0.451017,0.83721,-0.309295,F,BuildTutorial
10.926,0.20239,1.611732,2.645753,4.177359531341439,3.286970984481139,1.5028320801029929,-0.036804,-0.028181,-0.012055,-0.998852,0.998121,0.026157,-0.055409,-0.022009,0.997,0.074203,0.160656,1.405011,2.949666,-68.57331948025505,33.89589383276124,-35.7023832630057,-0.586756,0.064065,-0.08597,0.802635,0.97701,-0.213187,-0.001955,0.062823,0.296653,-0.952917,0.405238,1.208941,2.892406,-22.87865829829159,5.946740218600242,24.597576389553858,-0.182688,0.091864,0.218549,0.954161,0.887595,0.383497,-0.255159,-0.450627,0.837722,-0.308475,F,BuildTutorial
10.959,0.202435,1.611439,2.645813,4.41230847538851,3.2465343303313263,1.545632132677231,-0.038858,-0.027785,-0.012382,-0.998782,0.998149,0.026893,-0.054539,-0.022575,0.996673,0.07831,0.159624,1.404131,2.95079,-68.63285310336333,31.582292686902452,-33.1350204305044,-0.584055,0.060745,-0.079575,0.805517,0.979956,-0.199155,-0.004909,0.057243,0.305096,-0.9506,0.405516,1.208601,2.892342,-22.82654571552237,5.940750642630133,24.6404639411815,-0.182229,0.091792,0.218893,0.954176,0.88732,0.384272,-0.254949,-0.45118,0.837757,-0.307572,F,BuildTutorial
10.992,0.202843,1.611141,2.645865,4.638588734878526,3.4067161751948074,1.579829660630559,-0.040856,-0.02914,-0.012566,-0.998661,0.997986,0.027478,-0.057175,-0.022716,0.996346,0.082334,0.159568,1.402564,2.952414,-68.19480152806591,30.786944520840756,-32.42258715577853,-0.580367,0.060178,-0.079999,0.808179,0.979957,-0.199159,-0.004412,0.059456,0.313548,-0.947709,0.405844,1.208128,2.892254,-22.682955026439195,5.901310266980473,24.610532286067237,-0.181127,0.091167,0.218572,0.95452,0.88783,0.384236,-0.253221,-0.450288,0.838839,-0.305924,F,BuildTutorial
11.025,0.203382,1.610733,2.645916,4.900249353667126,3.638520082684374,1.5895159763228035,-0.043164,-0.031122,-0.012494,-0.998505,0.997751,0.027638,-0.061071,-0.022265,0.995962,0.086977,0.160708,1.400818,2.953349,-67.51824266367066,32.05807373065267,-33.98586255122436,-0.577871,0.06345,-0.086784,0.809017,0.976885,-0.213751,-0.002365,0.067087,0.317068,-0.946027,0.406192,1.207786,2.892032,-22.52629738378153,5.867058183742436,24.69674435061085,-0.179813,0.090745,0.219226,0.954658,0.88741,0.385938,-0.252101,-0.451207,0.839214,-0.303533,F,BuildTutorial
11.059,0.20405,1.610117,2.646014,5.272327685106497,3.907593503108368,1.6108620342109623,-0.046441,-0.033408,-0.012466,-0.998285,0.997457,0.027992,-0.065544,-0.021786,0.995376,0.093556,0.161586,1.399624,2.95334,-67.41289205780616,33.72850893195575,-35.971683509540874,-0.579641,0.065557,-0.092703,0.806923,0.974217,-0.225607,0.001669,0.073609,0.310845,-0.947606,0.406472,1.208039,2.891702,-22.63492306270698,5.90151099233434,24.71689064346095,-0.18064,0.091253,0.219455,0.954401,0.887025,0.385928,-0.253469,-0.451864,0.838417,-0.304755,F,BuildTutorial
11.092,0.204589,1.60931,2.646256,5.756230898564357,4.098987983957504,1.6126163095562775,-0.050677,-0.035008,-0.01225,-0.998026,0.997249,0.028,-0.068636,-0.020903,0.994564,0.102011,0.162372,1.397895,2.954384,-66.73234848765095,34.89003050002642,-37.98079173600456,-0.577609,0.06601,-0.103366,0.807048,0.969916,-0.243099,0.012864,0.090587,0.311366,-0.945963,0.406761,1.208065,2.891387,-22.580593309771533,5.977542748124533,24.509098612026875,-0.180206,0.091465,0.21784,0.954833,0.88836,0.383036,-0.253179,-0.448966,0.840144,-0.304284,F,BuildTutorial
11.125,0.204967,1.608492,2.646557,6.239739316233168,4.233519437366814,1.5568257748750716,-0.054884,-0.036139,-0.011546,-0.997772,0.997121,0.027008,-0.07085,-0.019075,0.993709,0.110358,0.162015,1.395334,2.958088,-65.18212264867115,32.40765623414386,-35.941018075929776,-0.564548,0.064061,-0.106642,0.815972,0.969047,-0.246365,0.015865,0.101702,0.339827,-0.934973,0.406881,1.207728,2.891195,-22.511076597037967,5.934681234327229,24.50733752747929,-0.179707,0.090985,0.217753,0.954993,0.888611,0.383204,-0.252044,-0.448607,0.840578,-0.303613,F,BuildTutorial
11.159,0.205468,1.607702,2.646928,6.672492409171298,4.4022536207089695,1.534943906402218,-0.058661,-0.03756,-0.011127,-0.997509,0.996931,0.026605,-0.073627,-0.017792,0.99287,0.117865,0.160815,1.391967,2.961858,-63.79830218605085,29.69047999684035,-32.589428202632625,-0.5513,0.065463,-0.100305,0.825664,0.971307,-0.237817,0.002495,0.093457,0.372014,-0.92351,0.406831,1.206868,2.891233,-22.239834086680325,5.846873799826381,24.559058481666213,-0.177562,0.089864,0.218028,0.955437,0.888777,0.384711,-0.249145,-0.448536,0.841871,-0.300114,F,BuildTutorial
11.192,0.206219,1.607101,2.6474,7.010739917382251,4.714687195596679,1.5811978883766349,-0.061651,-0.040208,-0.011246,-0.997224,0.996514,0.027386,-0.078806,-0.017471,0.992145,0.123865,0.160817,1.388045,2.964308,-62.85924948984251,30.35599715837248,-33.443191837821644,-0.546259,0.069159,-0.106191,0.827975,0.967881,-0.251403,0.001492,0.100289,0.380649,-0.919265,0.406719,1.206476,2.891074,-22.23829075856231,5.802132112846774,24.75246423288047,-0.177483,0.089788,0.219571,0.955106,0.887454,0.387555,-0.249454,-0.451298,0.840577,-0.2996,F,BuildTutorial
11.225,0.207076,1.606684,2.64789,7.270630261272672,5.078877262791831,1.6486944192626778,-0.063973,-0.043302,-0.011535,-0.996945,0.995984,0.02854,-0.084863,-0.017459,0.991549,0.128554,0.163156,1.384056,2.964205,-62.02319572805657,35.509783184685176,-40.168213553386785,-0.550584,0.076968,-0.132739,0.820557,0.952913,-0.302594,0.019854,0.133084,0.358475,-0.924005,0.406627,1.206519,2.890514,-22.31279716081853,5.7928691357477575,24.66233308763748,-0.178195,0.089701,0.21881,0.955156,0.888151,0.386027,-0.249339,-0.449965,0.840737,-0.301153,F,BuildTutorial
11.258,0.207903,1.606195,2.648491,7.535977331439189,5.422186172089698,1.611228949656248,-0.0663,-0.04627,-0.010906,-0.996667,0.99548,0.027875,-0.090785,-0.015604,0.990971,0.133167,0.166269,1.380587,2.964503,-60.235657064805984,40.081518595705056,-44.10771155752448,-0.548206,0.097736,-0.145748,0.817726,0.93841,-0.345523,-4.3e-05,0.131205,0.356456,-0.925054,0.406602,1.206165,2.890108,-22.17729029386396,5.761052832815009,24.50810280282088,-0.177241,0.088961,0.217466,0.955709,0.889589,0.384133,-0.24713,-0.447204,0.842589,-0.300089,F,BuildTutorial
11.292,0.208767,1.605559,2.64907,7.879477465677809,5.7281417417664215,1.5679062661063938,-0.069297,-0.048905,-0.0102,-0.996344,0.995009,0.027104,-0.096039,-0.013548,0.990188,0.139084,0.167375,1.377854,2.967229,-58.54303303025049,41.29810065950314,-45.132898536841594,-0.540555,0.10848,-0.154026,0.819944,0.929016,-0.369865,-0.011376,0.135307,0.368152,-0.919868,0.406628,1.20561,2.889715,-22.060976038651177,5.674020786006427,24.63261428568108,-0.176336,0.088225,0.218363,0.95574,0.889068,0.386282,-0.245652,-0.448512,0.842446,-0.298533,F,BuildTutorial
11.325,0.209365,1.604782,2.649583,8.39111464161695,5.961046310318883,1.5440588558717396,-0.073754,-0.050868,-0.009616,-0.995932,0.99464,0.026657,-0.099903,-0.01165,0.988936,0.147886,0.167693,1.374574,2.971849,-56.289468288985894,41.585695102650114,-44.260782091306325,-0.526409,0.123832,-0.155425,0.826681,0.921017,-0.387347,-0.041105,0.126601,0.397473,-0.908839,0.406701,1.204868,2.889339,-21.925226482387018,5.573771000290172,24.694160809698847,-0.175343,0.087246,0.218715,0.955932,0.889104,0.387558,-0.243502,-0.44875,0.842837,-0.297067,F,BuildTutorial
11.359,0.209869,1.603456,2.649952,9.096551702522412,6.126102501045992,1.5193682103485555,-0.079885,-0.052212,-0.008961,-0.995395,0.994387,0.026181,-0.102513,-0.009497,0.987076,0.15997,0.169557,1.368309,2.976747,-53.17991916089685,44.42805669950979,-45.81813292501979,-0.5133,0.150108,-0.166385,0.828436,0.899567,-0.42978,-0.077899,0.121578,0.417679,-0.900424,0.406928,1.203914,2.889239,-21.734390672187587,5.557319043286666,24.670081667134088,-0.173794,0.086738,0.218479,0.956316,0.889487,0.38772,-0.241839,-0.448018,0.844126,-0.294502,F,BuildTutorial
11.392,0.210177,1.60154,2.650414,10.13027143339978,6.225959418100548,1.6139281764163218,-0.088911,-0.052846,-0.009214,-0.994594,0.994245,0.027725,-0.103482,-0.008931,0.98402,0.177834,0.174494,1.355385,2.98355,-47.82077678680908,49.71940679744747,-50.51300728532891,-0.496575,0.190672,-0.19981,0.822881,0.84744,-0.518205,-0.115361,0.139473,0.426979,-0.893441,0.407229,1.202917,2.889322,-21.550457225403985,5.6005194222572,24.705732754436703,-0.172143,0.08683,0.218831,0.956525,0.889147,0.388741,-0.241451,-0.44853,0.844959,-0.291316,F,BuildTutorial
11.425,0.210164,1.598542,2.65105,11.628559312012367,6.234846528269721,1.822623133296618,-0.102002,-0.052487,-0.010291,-0.993345,0.994279,0.031153,-0.102175,-0.009739,0.978979,0.203727,0.179197,1.336491,2.991996,-41.16574857282483,53.46015069458064,-54.346119057306474,-0.471634,0.231208,-0.241164,0.816054,0.776766,-0.611697,-0.149875,0.175515,0.438804,-0.881275,0.407253,1.202272,2.889277,-21.412421326355137,5.546907733719061,24.79800684628739,-0.171019,0.086278,0.219513,0.956621,0.888741,0.39047,-0.240152,-0.449491,0.845134,-0.289322,F,BuildTutorial
11.458,0.209957,1.594244,2.651831,13.724202816986814,5.999693710196503,2.124041661563485,-0.120259,-0.049738,-0.012125,-0.991422,0.994758,0.036006,-0.095707,-0.01208,0.970781,0.239661,0.182751,1.316822,2.999444,-35.88084745003899,54.97715081097601,-53.365143527454144,-0.441343,0.269662,-0.251946,0.817938,0.727611,-0.650179,-0.218745,0.174124,0.48348,-0.857863,0.407066,1.202517,2.888779,-21.610547052004044,5.516218513049026,24.69990812315281,-0.172812,0.086223,0.218659,0.956499,0.889507,0.388494,-0.240518,-0.448095,0.844649,-0.292881,F,BuildTutorial
11.491,0.208959,1.588144,2.652687,16.858768066294637,5.100438214180323,2.2162452702858535,-0.147269,-0.041174,-0.01259,-0.988159,0.996292,0.037009,-0.077664,-0.012755,0.956307,0.292088,0.185558,1.298238,3.005092,-32.32297223428308,56.242494451904015,-50.35903173751748,-0.41477,0.305251,-0.241674,0.822424,0.696831,-0.650735,-0.301613,0.144299,0.539119,-0.829776,0.407203,1.202933,2.888254,-21.813516275676538,5.599269216870956,24.38277605157559,-0.174595,0.086789,0.216149,0.956694,0.891494,0.383272,-0.241539,-0.443884,0.845592,-0.29655,F,BuildTutorial
11.525,0.207475,1.581506,2.653086,20.252879464325716,3.956298096607059,1.772963755216071,-0.176221,-0.031258,-0.009153,-0.983812,0.997878,0.029026,-0.058279,-0.006993,0.937725,0.347309,0.188416,1.279133,3.007681,-30.034415734229903,59.16340913494983,-49.09129805124367,-0.403045,0.340108,-0.232578,0.817184,0.660469,-0.654275,-0.368383,0.10596,0.566926,-0.816926,0.407154,1.202894,2.887661,-21.930622165045193,5.610861546802785,24.270439813514127,-0.17564,0.086916,0.215236,0.956697,0.892238,0.3813,-0.241913,-0.442364,0.845648,-0.298653,F,BuildTutorial
11.558,0.206121,1.57595,2.654013,23.17447682982931,2.9476642789965206,1.155058692300732,-0.201037,-0.023171,-0.004705,-0.979298,0.998882,0.018531,-0.043491,0.000102,0.919124,0.393969,0.190601,1.258537,3.011131,-26.449698381183815,60.90329910973989,-45.47822048944326,-0.372592,0.378792,-0.217446,0.818785,0.618468,-0.638353,-0.458261,0.073813,0.627784,-0.77488,0.40713,1.202325,2.886855,-21.919283180570204,5.613361454775988,24.26298393483409,-0.175546,0.086906,0.215177,0.956729,0.892293,0.38122,-0.241837,-0.442243,0.845766,-0.298499,F,BuildTutorial
11.592,0.204928,1.571932,2.655706,25.179758203615975,1.975220777559932,0.7347678078784202,-0.218042,-0.015424,-0.0025,-0.975815,0.999512,0.011605,-0.029012,0.001848,0.904903,0.425613,0.192421,1.234475,3.016505,-20.460028362664104,62.355047312822016,-43.95139172849457,-0.331556,0.415584,-0.229813,0.815197,0.548952,-0.650264,-0.525175,0.099106,0.674514,-0.73158,0.407329,1.201271,2.886032,-21.638809315950105,5.761756312129712,24.145665900105406,-0.173005,0.087486,0.214403,0.957312,0.892755,0.380231,-0.241689,-0.440773,0.848201,-0.293725,F,BuildTutorial
11.625,0.203729,1.570195,2.658238,26.05088389808825,1.1461341053415084,0.6905954069922697,-0.225427,-0.008386,-0.003617,-0.974217,0.999833,0.010828,-0.014708,-0.003267,0.89834,0.43929,0.193403,1.21246,3.017218,-15.486919953897466,66.79835112720941,-46.01510641985715,-0.316729,0.458095,-0.255061,0.790428,0.450186,-0.693399,-0.562611,0.11303,0.669253,-0.734387,0.407115,1.199828,2.884997,-21.273292093615545,5.74267090329569,24.19688709656325,-0.169935,0.086777,0.214773,0.957844,0.892685,0.381944,-0.239233,-0.44093,0.84999,-0.288268,F,BuildTutorial
11.658,0.20256,1.569052,2.660805,26.58518570914242,0.4977295632062331,0.7720335319773125,-0.229945,-0.002678,-0.005558,-0.973184,0.999924,0.01205,-0.002655,-0.009587,0.894189,0.447588,0.192719,1.195639,3.016798,-11.317399729417142,70.80511397948149,-42.601964672471816,-0.284302,0.507915,-0.241437,0.776468,0.367461,-0.663739,-0.651478,0.086134,0.721761,-0.686762,0.406549,1.198009,2.883554,-20.99712879501404,5.437814313131531,24.2057609841696,-0.168181,0.083766,0.214377,0.95851,0.894052,0.382789,-0.232689,-0.439141,0.851515,-0.286492,F,BuildTutorial
11.691,0.201408,1.567818,2.663201,27.301650850556037,-0.0191486861494212,0.8762405014669515,-0.235996,0.001967,-0.00747,-0.971723,0.999881,0.01359,0.007348,-0.015446,0.8885,0.458617,0.190723,1.184849,3.01889,-10.005739674276445,73.04639144133344,-36.44966073895961,-0.251986,0.541223,-0.201074,0.776628,0.333295,-0.58508,-0.739321,0.039558,0.792145,-0.60905,0.406138,1.19523,2.882294,-20.445927281259237,5.161784821411968,24.44835344441452,-0.163896,0.080851,0.215975,0.959143,0.893635,0.3878,-0.225891,-0.440805,0.852986,-0.279475,F,BuildTutorial
11.725,0.200119,1.566143,2.665314,28.300711266303473,-0.4278762444795156,0.932106631644038,-0.244428,0.005609,-0.0088,-0.969611,0.999782,0.014323,0.015179,-0.019806,0.880355,0.473902,0.187415,1.174615,3.026175,-8.803351114603457,73.36699558404668,-33.527641568482345,-0.230729,0.552567,-0.186721,0.778826,0.319611,-0.545832,-0.774543,0.035859,0.823799,-0.565747,0.406365,1.192419,2.880784,-19.965062508115604,5.179959908545707,24.505865171417028,-0.159781,0.080242,0.216456,0.95978,0.893416,0.389859,-0.223201,-0.441143,0.855233,-0.271972,F,BuildTutorial
11.758,0.198881,1.564937,2.668073,29.034661801207637,-0.8559692506878211,0.7657207035562527,-0.250612,0.008906,-0.008341,-0.968011,0.999702,0.011685,0.021422,-0.020613,0.874248,0.485042,0.184067,1.160258,3.035269,-4.875974779762748,73.41187973773472,-33.16949814686153,-0.203136,0.56259,-0.204261,0.774923,0.283539,-0.545138,-0.788943,0.088009,0.834027,-0.54466,0.407039,1.189175,2.879265,-19.34229851043387,5.487890837549891,24.589175431294784,-0.153903,0.081841,0.217529,0.960363,0.891966,0.392623,-0.224152,-0.443006,0.85799,-0.259999,F,BuildTutorial
11.792,0.197546,1.563997,2.671655,29.560104779270677,-1.227197379657734,0.3877998906746202,-0.255058,0.011218,-0.006004,-0.966842,0.999676,0.005887,0.024754,-0.017331,0.869819,0.493067,0.180799,1.145601,3.043079,-1.1915679755900763,73.8763749817632,-33.95772037594872,-0.183429,0.572301,-0.227417,0.766229,0.241505,-0.55846,-0.793598,0.138553,0.829271,-0.5414,0.407678,1.186208,2.877518,-18.71080071331752,5.728235183272322,24.830948451718655,-0.147958,0.083056,0.219807,0.960674,0.889574,0.397748,-0.224623,-0.446903,0.859587,-0.247767,F,BuildTutorial
11.825,0.196259,1.562833,2.675165,30.23491253303754,-1.5001014682477491,0.2419336137511991,-0.260749,0.013188,-0.005452,-0.965301,0.999593,0.003649,0.028304,-0.017404,0.86396,0.503259,0.177276,1.133711,3.051498,1.116215669213808,74.0977827043098,-34.02099356022332,-0.168816,0.578385,-0.239089,0.761452,0.216616,-0.559391,-0.8001,0.168828,0.828675,-0.533662,0.408268,1.183709,2.875609,-18.21983606528945,6.044169313215223,24.952816678124968,-0.143129,0.084984,0.221166,0.960925,0.887727,0.40072,-0.226638,-0.449375,0.8612,-0.237482,F,BuildTutorial
11.858,0.194811,1.561809,2.679237,30.782038232560463,-1.7536663419777023,0.0219312874872594,-0.265371,0.014805,-0.004246,-0.964023,0.999526,0.000328,0.030799,-0.016043,0.859121,0.511522,0.174591,1.124383,3.058453,3.1970100741114287,74.25024417503164,-33.543459535603034,-0.152799,0.584077,-0.246105,0.758248,0.196574,-0.551709,-0.81054,0.194724,0.83217,-0.519207,0.409132,1.181776,2.873311,-17.76592341867798,6.502488426341957,25.09186822326329,-0.138315,0.088185,0.22282,0.96096,0.88515,0.403847,-0.231124,-0.452636,0.862441,-0.226532,F,BuildTutorial
11.891,0.193075,1.561324,2.683812,31.052955704177332,-1.930922651129886,-0.3201348708698157,-0.26769,0.015487,-0.001819,-0.963379,0.999514,-0.004787,0.030813,-0.011796,0.856678,0.515717,0.172917,1.117693,3.063894,4.648366294028177,75.26033104591073,-33.75252375055076,-0.14637,0.593111,-0.253418,0.75005,0.167998,-0.55378,-0.81554,0.206525,0.82871,-0.52018,0.410231,1.180078,2.870772,-17.292179462823615,6.978145184068446,25.154093592885033,-0.13335,0.091397,0.223808,0.961132,0.883113,0.405843,-0.23538,-0.454594,0.864255,-0.215422,F,BuildTutorial
11.925,0.191345,1.560616,2.688475,31.365728240640703,-1.885564550904539,-0.4346901520971976,-0.270334,0.014816,-0.000796,-0.962652,0.99956,-0.006478,0.028956,-0.009543,0.853838,0.520451,0.171682,1.113732,3.070196,5.853409158247097,75.60713572091984,-32.89008255734711,-0.134607,0.598535,-0.253403,0.747946,0.155085,-0.540198,-0.827125,0.217929,0.835336,-0.504699,0.411976,1.178848,2.867928,-16.826309645919267,7.634197110124821,25.146273099732564,-0.128149,0.096055,0.224372,0.961254,0.880862,0.406738,-0.242172,-0.455975,0.86647,-0.203263,F,BuildTutorial
11.958,0.189132,1.5596,2.693523,31.721952151488264,-1.807716960913217,-0.4134527042613539,-0.273323,0.014188,-0.000841,-0.961817,0.999596,-0.006137,0.027751,-0.009374,0.850588,0.52575,0.170818,1.110337,3.07492,7.482243225017762,77.3774614981984,-32.69291960688245,-0.126682,0.612877,-0.258352,0.735926,0.115272,-0.535537,-0.836608,0.224976,0.834412,-0.503133,0.413974,1.177453,2.865059,-16.300612602195415,8.26304380679799,25.337849794675947,-0.122318,0.100594,0.226503,0.961049,0.877155,0.410752,-0.248762,-0.45997,0.86747,-0.189537,F,BuildTutorial
11.991,0.186498,1.558398,2.698503,32.11754370559045,-1.7988019814046818,-0.4802683127542079,-0.27665,0.013925,-0.000315,-0.96087,0.999612,-0.007099,0.026935,-0.00831,0.846929,0.531641,0.170276,1.106725,3.078842,9.878649100969785,78.97813954942487,-31.7047715272104,-0.109145,0.627625,-0.262699,0.724682,0.074153,-0.517751,-0.852312,0.243742,0.838153,-0.487944,0.415702,1.175648,2.862488,-15.689736054776814,8.68164783276038,25.881286350246732,-0.115852,0.103555,0.231278,0.960399,0.871574,0.420243,-0.252496,-0.468231,0.866178,-0.174628,F,BuildTutorial
12.025,0.184031,1.557076,2.70343,32.59275764519452,-1.7495126790802271,-0.5624938161078393,-0.280642,0.013276,0.000427,-0.959721,0.999647,-0.008272,0.025243,-0.006631,0.84248,0.538686,0.170599,1.104075,3.082425,11.805727349980708,80.79844910565373,-31.330440654782493,-0.098662,0.641875,-0.268717,0.711375,0.031576,-0.508974,-0.860203,0.255659,0.836114,-0.485337,0.417411,1.173871,2.860084,-15.12978406931127,9.045204952208469,26.46840096235776,-0.109859,0.106135,0.236338,0.959589,0.86576,0.430254,-0.255618,-0.476894,0.864151,-0.160671,F,BuildTutorial
12.066,0.181806,1.555802,2.708477,32.912824842692906,-1.5705323488485512,-0.5972981438253863,-0.283324,0.011667,0.001116,-0.958953,0.999725,-0.008752,0.021744,-0.004471,0.839453,0.543414,0.171519,1.103908,3.085692,13.359335504718649,82.50493857328254,-30.159067606165117,-0.085941,0.655102,-0.26832,0.701042,-0.002308,-0.488807,-0.872389,0.263607,0.841237,-0.47205,0.419047,1.172219,2.857868,-14.5856771572674,9.41459699724063,27.00640565612812,-0.104008,0.108692,0.240959,0.958805,0.86025,0.439455,-0.258552,-0.484674,0.862243,-0.147066,F,BuildTutorial
12.091,0.179844,1.5544,2.713409,33.19779362140453,-1.3539911969980585,-0.5363670820014201,-0.2857,0.009986,0.00111,-0.958267,0.999798,-0.007834,0.018505,-0.003578,0.836749,0.547575,0.173247,1.104709,3.088101,13.864461550916072,84.31300953256014,-29.037450433656193,-0.080411,0.667406,-0.262905,0.692087,-0.0291,-0.47124,-0.881525,0.256573,0.84883,-0.462232,0.420584,1.170787,2.855762,-14.11209271302936,9.754149689248326,27.741446081353573,-0.098599,0.111256,0.247194,0.957494,0.853034,0.451434,-0.261801,-0.495313,0.858347,-0.133813,F,BuildTutorial
12.125,0.178045,1.553099,2.717905,33.50822114767363,-1.0925478289922432,-0.4414099896258457,-0.288285,0.008019,0.00094,-0.957511,0.99987,-0.006423,0.014815,-0.002824,0.833782,0.552086,0.175365,1.107237,3.09142,13.362993319664891,85.17535157564897,-27.36505540211051,-0.075754,0.67331,-0.249471,0.691866,-0.031165,-0.447213,-0.893884,0.243189,0.864051,-0.440766,0.422209,1.169771,2.853647,-13.77557135898898,10.140112376122255,28.515968246202412,-0.094168,0.114454,0.253826,0.955827,0.844946,0.463672,-0.2666,-0.506783,0.85341,-0.121914,F,BuildTutorial
12.158,0.176266,1.551957,2.722427,33.61363238904406,-0.7717346713282661,-0.5084305354554841,-0.289165,0.005164,0.0023,-0.957263,0.999936,-0.00739,0.008555,0.001418,0.832757,0.553638,0.176327,1.109341,3.095398,12.890471475216742,86.01539786074873,-25.903837458653616,-0.071916,0.67894,-0.237484,0.690992,-0.034717,-0.425852,-0.904127,0.230547,0.876859,-0.421861,0.423951,1.169205,2.851756,-13.472601128338022,10.72998125681816,28.866478100747788,-0.089956,0.119033,0.257068,0.954806,0.839494,0.469485,-0.273556,-0.512316,0.851648,-0.110581,F,BuildTutorial
12.191,0.17461,1.550535,2.726244,33.97687522642932,-0.3658220482722668,-0.5075307588680553,-0.292188,0.001759,0.003303,-0.956354,0.999972,-0.007345,0.001434,0.005289,0.829231,0.558881,0.176586,1.110279,3.098573,12.937830323129525,87.2028267787122,-26.24378716192681,-0.076111,0.685876,-0.239022,0.683117,-0.055116,-0.430966,-0.900684,0.222155,0.874151,-0.431865,0.425771,1.168844,2.850045,-13.163425433288506,11.447642764068164,29.04165418848588,-0.085564,0.124507,0.258904,0.954016,0.834934,0.47269,-0.281868,-0.515303,0.851295,-0.098789,F,BuildTutorial
12.224,0.172743,1.549148,2.729771,34.29408390768259,0.087106057809916,-0.5545083939418028,-0.294818,-0.002153,0.004848,-0.955539,0.999944,-0.007996,-0.006972,0.010535,0.826118,0.563399,0.176208,1.11055,3.102353,13.291562518052444,87.86402326579098,-26.003604129005137,-0.073836,0.690226,-0.239171,0.678921,-0.067229,-0.426684,-0.901899,0.222829,0.874691,-0.430422,0.427173,1.168642,2.848639,-12.96454310233335,12.091840918124795,29.321129655850637,-0.082126,0.129659,0.261579,0.952901,0.82953,0.477221,-0.290069,-0.519815,0.849663,-0.088684,F,BuildTutorial
12.258,0.171093,1.548022,2.733169,34.47900930354177,0.6249119088601572,-0.4928729980716744,-0.296337,-0.006483,0.005724,-0.955044,0.99985,-0.00709,-0.015776,0.014775,0.824303,0.565956,0.174761,1.110581,3.104473,14.15424884432572,89.64888036176475,-26.134980634422703,-0.073048,0.701208,-0.243746,0.666002,-0.10221,-0.427114,-0.898402,0.222226,0.870504,-0.439133,0.428086,1.168545,2.847253,-12.764695137699007,12.551726843056157,29.55403088951683,-0.079133,0.133228,0.263708,0.952075,0.825417,0.481053,-0.295422,-0.523224,0.848392,-0.080416,F,BuildTutorial
12.291,0.16957,1.546976,2.736406,34.65638710744478,1.2910781630542747,-0.2361722877316667,-0.297803,-0.011369,0.005323,-0.954545,0.999685,-0.00339,-0.024874,0.016932,0.82257,0.568412,0.173634,1.110401,3.106374,15.064696429039484,91.21557474612122,-27.528918826776057,-0.079481,0.709877,-0.255992,0.651326,-0.138914,-0.446312,-0.88403,0.220626,0.856302,-0.466982,0.428363,1.168208,2.846123,-12.446837663730518,12.664736544525391,30.02274305135664,-0.075668,0.133811,0.267462,0.951227,0.821118,0.488584,-0.295045,-0.529085,0.845477,-0.072376,F,BuildTutorial
12.325,0.16823,1.546024,2.739427,34.768007304313876,1.9592516264816369,0.0084193069035857,-0.298732,-0.016294,0.005038,-0.954185,0.999418,0.000121,-0.034105,0.019349,0.821468,0.569927,0.172198,1.11045,3.106125,16.216192312052225,92.75371982480496,-26.14627482397619,-0.06732,0.720093,-0.253947,0.642219,-0.166045,-0.423133,-0.890723,0.229227,0.861958,-0.4522,0.428458,1.168019,2.845007,-12.237514768565868,12.85348690401809,30.47116872259289,-0.07295,0.135218,0.271161,0.950193,0.816376,0.495582,-0.296528,-0.535039,0.8423,-0.065301,F,BuildTutorial
12.358,0.167063,1.545275,2.742138,34.983496169526894,2.5913195380506604,0.2009764421071049,-0.300529,-0.021039,0.005124,-0.953527,0.999062,0.002875,-0.043203,0.022417,0.819312,0.57291,0.170552,1.110271,3.104544,16.832338718582623,94.1761751650651,-25.133522901427437,-0.060371,0.72884,-0.251175,0.634082,-0.188592,-0.406533,-0.89396,0.230528,0.866533,-0.442693,0.428604,1.168086,2.844149,-12.142185591819851,13.09897320997625,30.748869795561305,-0.071241,0.13722,0.27355,0.94935,0.812682,0.499839,-0.299515,-0.538941,0.84019,-0.060192,F,BuildTutorial
12.392,0.165998,1.544395,2.744204,35.2719442121932,3.198354746943608,0.3989983633848686,-0.302941,-0.025541,0.005138,-0.952653,0.998643,0.005686,-0.051776,0.025264,0.816401,0.576933,0.167509,1.109116,3.102208,17.996198460381414,96.20223948476428,-24.600142335176347,-0.054563,0.74054,-0.254257,0.619659,-0.226091,-0.395917,-0.890018,0.234294,0.864752,-0.444196,0.428799,1.168274,2.843252,-12.033569468752887,13.42167171359383,30.849501882532778,-0.069442,0.139717,0.274503,0.948844,0.810255,0.501516,-0.303264,-0.540325,0.839652,-0.055074,F,BuildTutorial
12.425,0.165138,1.543742,2.745819,35.51828691587685,3.6281987289801583,0.6595557117575601,-0.305032,-0.028393,0.004177,-0.95191,0.998353,0.009369,-0.056604,0.025274,0.813877,0.580488,0.164324,1.10759,3.101128,18.90273693770832,97.4526570202716,-25.698833668789135,-0.059262,0.74689,-0.265034,0.606961,-0.256174,-0.410255,-0.875252,0.233205,0.85249,-0.467842,0.429255,1.16862,2.842369,-12.035539962174784,13.87463900857163,30.8613473550363,-0.068358,0.143478,0.274875,0.948254,0.807716,0.501686,-0.309686,-0.540918,0.839542,-0.050765,F,BuildTutorial
12.458,0.164331,1.543348,2.747112,35.626565542777534,3.850885059700515,0.69997618022584,-0.305933,-0.03012,0.004466,-0.951566,0.998146,0.00993,-0.060056,0.026929,0.812771,0.581961,0.162024,1.107201,3.102958,18.996463814638577,97.12638417147166,-26.01440397904225,-0.060016,0.745016,-0.267447,0.608129,-0.253154,-0.41471,-0.87403,0.23586,0.84974,-0.471499,0.429908,1.168823,2.841704,-12.060460867187471,14.412976224260431,30.77886073634828,-0.06738,0.147937,0.274531,0.947738,0.805495,0.500431,-0.317407,-0.540302,0.840186,-0.04649,F,BuildTutorial
12.491,0.163412,1.543069,2.74803,35.83482034489674,3.878072699102583,0.4695289800497204,-0.307599,-0.030935,0.006513,-0.950991,0.998001,0.006643,-0.062845,0.031419,0.810682,0.584644,0.161068,1.109393,3.104932,18.044377703773307,96.34377332404648,-26.81496647866909,-0.068913,0.740122,-0.266391,0.613601,-0.237489,-0.428924,-0.871564,0.224909,0.848573,-0.478894,0.430282,1.168574,2.841244,-12.00661714243072,14.78918947775432,30.64208875785123,-0.06621,0.150852,0.273575,0.947638,0.804801,0.498523,-0.322133,-0.538475,0.841547,-0.042947,F,BuildTutorial
12.525,0.162642,1.542723,2.748841,35.998315660390304,3.989936809950038,0.2282113388438898,-0.308881,-0.032493,0.008864,-0.950504,0.997731,0.003222,-0.067244,0.036923,0.809028,0.586609,0.16038,1.112153,3.104671,16.947008042943306,96.6243750669524,-27.04493827076817,-0.077428,0.741067,-0.260803,0.613846,-0.234396,-0.434945,-0.869415,0.205428,0.851973,-0.481603,0.430355,1.168166,2.840914,-11.892983999125084,14.984107189588949,30.83841363504004,-0.064537,0.152329,0.275213,0.947042,0.802108,0.501614,-0.324046,-0.540938,0.840186,-0.038392,F,BuildTutorial
12.558,0.161904,1.542373,2.749509,36.11478911657717,4.032063060997485,-0.0704977303527577,-0.309757,-0.033637,0.011489,-0.950151,0.997473,-0.000994,-0.071039,0.042672,0.807838,0.587859,0.160677,1.115074,3.105096,15.671375502233358,96.08099227435702,-26.99765655664515,-0.083324,0.737601,-0.253191,0.6204,-0.216322,-0.43708,-0.873021,0.191239,0.857903,-0.476897,0.430418,1.167485,2.84072,-11.756917161147184,15.230979235904444,31.03177567111205,-0.062551,0.154179,0.27683,0.946404,0.799188,0.504699,-0.326463,-0.543275,0.838905,-0.033035,F,BuildTutorial
12.591,0.160936,1.541944,2.750077,36.35152651763935,4.118311818623288,-0.359756078211575,-0.311623,-0.035117,0.014189,-0.949451,0.997131,-0.005057,-0.075527,0.04883,0.80538,0.590744,0.160995,1.117519,3.103402,14.725605558898543,96.72816007279944,-26.60795703400387,-0.087709,0.74092,-0.244836,0.619193,-0.217815,-0.433172,-0.874596,0.17323,0.864725,-0.471425,0.43023,1.166988,2.840636,-11.695982923531036,15.455389866969314,31.02426253460179,-0.061512,0.155895,0.276836,0.94619,0.798117,0.504699,-0.32907,-0.543057,0.839157,-0.030089,F,BuildTutorial
12.625,0.160046,1.541514,2.750826,36.489574183471866,4.265499244608347,-0.429708938381377,-0.312726,-0.036517,0.01521,-0.94902,0.99687,-0.00603,-0.078825,0.051709,0.803943,0.592455,0.161133,1.118822,3.101819,14.322865332826034,96.99180841507268,-25.630127427546604,-0.084261,0.742881,-0.236875,0.620418,-0.215963,-0.419116,-0.881874,0.168731,0.87358,-0.456495,0.429774,1.166208,2.840617,-11.472858221473894,15.507070430084624,31.120919566935985,-0.059399,0.155884,0.277462,0.946143,0.79743,0.506518,-0.32794,-0.543556,0.838974,-0.025897,F,BuildTutorial
12.659,0.159074,1.541066,2.751574,36.62775295445253,4.4582868303992855,-0.4800594576726585,-0.313827,-0.038241,0.016196,-0.948571,0.996551,-0.006725,-0.082715,0.054729,0.8025,0.594136,0.16074,1.118899,3.09915,14.07618032303974,98.24600726899092,-25.96725668347552,-0.090461,0.74925,-0.236204,0.612086,-0.234334,-0.42471,-0.874476,0.1536,0.872049,-0.464691,0.429173,1.165357,2.840749,-11.244814407409756,15.51496530085757,31.32984592123327,-0.057199,0.155553,0.278986,0.945885,0.795941,0.509982,-0.326185,-0.545572,0.837791,-0.021413,F,BuildTutorial
12.691,0.158005,1.540645,2.752283,36.832891438693814,4.572404006265957,-0.4672529786028304,-0.315513,-0.039135,0.016468,-0.947971,0.996395,-0.006526,-0.08459,0.055917,0.800361,0.596906,0.160693,1.119109,3.099006,13.728707051408067,97.9274970561594,-25.925105131973833,-0.091517,0.747405,-0.23407,0.614997,-0.226807,-0.424705,-0.876461,0.151103,0.873672,-0.462455,0.428612,1.164887,2.840848,-11.145369740742664,15.627051770470134,31.4912094770668,-0.055879,0.156337,0.280283,0.945451,0.794001,0.512515,-0.326942,-0.547459,0.836638,-0.018025,F,BuildTutorial
12.724,0.157087,1.540096,2.752882,36.98819961797065,4.706963097907028,-0.5187104637087221,-0.31676,-0.040378,0.017315,-0.947488,0.99614,-0.007232,-0.087485,0.058393,0.798727,0.598853,0.159825,1.118888,3.099211,13.949029963417416,98.10436305585893,-25.360789916762112,-0.086933,0.748901,-0.232276,0.614523,-0.229608,-0.415685,-0.880049,0.155269,0.876982,-0.454747,0.427881,1.164977,2.840937,-11.19309946467477,15.70251117322987,31.438801557013488,-0.056163,0.15704,0.279931,0.945422,0.793955,0.511666,-0.328382,-0.546945,0.836969,-0.018275,F,BuildTutorial
12.758,0.156173,1.53982,2.753856,36.98457391235835,4.7794641275869845,-0.5629529468873963,-0.316703,-0.0411,0.01788,-0.947465,0.995982,-0.007849,-0.089206,0.059914,0.798759,0.598661,0.159758,1.119522,3.10039,13.14488115654718,97.5245373423804,-25.61407404267914,-0.092022,0.745179,-0.22909,0.619482,-0.215547,-0.420981,-0.881087,0.146689,0.878099,-0.455439,0.427133,1.164978,2.841171,-11.131608586365132,15.697525225830685,31.53886549661004,-0.055527,0.156911,0.280698,0.945254,0.793176,0.513235,-0.327813,-0.548086,0.836251,-0.016885,F,BuildTutorial
12.791,0.155135,1.539441,2.754602,37.0573984590919,4.903724565484168,-0.5645006756631927,-0.317285,-0.042126,0.018261,-0.947218,0.995784,-0.007861,-0.091393,0.061325,0.797994,0.599538,0.159562,1.119866,3.102218,12.457913478082029,97.02800582941754,-26.470287720835714,-0.10053,0.741371,-0.22989,0.622426,-0.20496,-0.435238,-0.876675,0.13712,0.874089,-0.466012,0.42633,1.164934,2.841598,-11.10269242609702,15.752667912377731,31.668946039433784,-0.054973,0.157364,0.281771,0.944892,0.791684,0.515184,-0.328363,-0.549787,0.835167,-0.015206,F,BuildTutorial
12.824,0.154084,1.539075,2.755286,37.159787327683034,5.033041508120156,-0.5498769192412267,-0.318116,-0.043146,0.018534,-0.946888,0.99559,-0.007649,-0.093502,0.062551,0.796918,0.600841,0.159619,1.119965,3.105351,11.71735895084109,95.79239037763575,-29.09813249178156,-0.119162,0.731581,-0.240854,0.626561,-0.186444,-0.476173,-0.859359,0.127466,0.85558,-0.501733,0.425321,1.16503,2.841827,-11.131467195236027,15.770016009596295,31.664143449397635,-0.055176,0.157569,0.281766,0.944847,0.79156,0.515064,-0.328851,-0.54984,0.835127,-0.01547,F,BuildTutorial
12.858,0.152979,1.53887,2.756274,37.179585944240266,5.153697988636058,-0.424484296006178,-0.318308,-0.043793,0.01784,-0.946807,0.995528,-0.005902,-0.094285,0.061661,0.796724,0.60119,0.159072,1.119603,3.108891,11.71179457613386,94.23305946583304,-29.18081950622489,-0.116428,0.722899,-0.242879,0.636295,-0.163146,-0.477417,-0.863398,0.140753,0.854909,-0.499319,0.424129,1.164961,2.841992,-11.059087364470322,15.580810442007389,31.808693443239775,-0.054843,0.155916,0.282801,0.944831,0.791428,0.517296,-0.325648,-0.5515,0.834032,-0.015449,F,BuildTutorial
12.891,0.151747,1.538576,2.757065,37.26000998523956,5.285716674341594,-0.3673972346268369,-0.318974,-0.044717,0.017765,-0.946541,0.99537,-0.005103,-0.095986,0.062157,0.79588,0.602256,0.157766,1.121289,3.110536,10.836727141635707,93.28397722135269,-29.075799431150102,-0.118942,0.716927,-0.238027,0.644369,-0.141283,-0.477301,-0.867308,0.136209,0.858392,-0.494582,0.422851,1.164477,2.842341,-10.92356941189174,15.36787261607019,32.02708312405386,-0.053949,0.153958,0.284379,0.94473,0.790852,0.52071,-0.321582,-0.553934,0.832437,-0.01437,F,BuildTutorial
12.924,0.150515,1.538234,2.75778,37.391393209192,5.409282502692397,-0.0964617850262062,-0.320147,-0.044967,0.015922,-0.946166,0.995449,-0.001339,-0.095287,0.058922,0.794505,0.604393,0.156495,1.121611,3.109868,11.01659852243787,93.67344457404032,-28.033166296671535,-0.112139,0.720326,-0.232852,0.643689,-0.146178,-0.461322,-0.875108,0.138216,0.866409,-0.479824,0.421795,1.164016,2.842539,-10.801759083542814,15.313643693480287,32.18616923381303,-0.052859,0.153308,0.285557,0.944542,0.789908,0.523234,-0.319801,-0.555649,0.831326,-0.012299,F,BuildTutorial
12.957,0.149349,1.537964,2.758273,37.51849222460138,5.445935971978477,0.1327675255854567,-0.321281,-0.044611,0.014182,-0.945826,0.995617,0.001838,-0.093501,0.055493,0.793155,0.606487,0.155765,1.122367,3.109444,10.706253747885604,93.26494657043185,-27.52126108641253,-0.109942,0.718257,-0.228499,0.647925,-0.136211,-0.454034,-0.880511,0.138167,0.871402,-0.470711,0.420886,1.163836,2.842736,-10.792475620723394,15.350600506976049,32.13305982823167,-0.052761,0.153567,0.285128,0.944635,0.790239,0.522479,-0.320216,-0.554889,0.831837,-0.012108,F,BuildTutorial
12.991,0.148167,1.537738,2.758615,37.61473463225854,5.477955679177118,0.2115514066584574,-0.322102,-0.04464,0.01366,-0.945553,0.995641,0.002924,-0.09322,0.054591,0.792127,0.60791,0.155335,1.121784,3.108702,11.356377249455132,92.9279162303484,-26.8728156349666,-0.101339,0.717475,-0.229034,0.650003,-0.134454,-0.443162,-0.886301,0.152329,0.874547,-0.460394,0.420249,1.163407,2.842884,-10.65070455313133,15.383974162486105,32.13056347802869,-0.051504,0.153518,0.284996,0.944752,0.790419,0.522688,-0.319431,-0.554315,0.832249,-0.009813,F,BuildTutorial
13.024,0.147078,1.537394,2.758668,37.7853314860213,5.551271487679868,0.3553825356885733,-0.323557,-0.044813,0.012749,-0.945061,0.995659,0.004901,-0.092952,0.053097,0.790296,0.61042,0.154737,1.121667,3.108055,12.031878287000415,92.55103585904158,-25.70056211363281,-0.089214,0.716803,-0.22672,0.653324,-0.130418,-0.424141,-0.896156,0.168346,0.881278,-0.441599,0.419624,1.162818,2.843082,-10.511893976143476,15.408662602733123,32.25813855700488,-0.050119,0.153461,0.285934,0.944552,0.789382,0.524777,-0.318566,-0.555543,0.831459,-0.006921,F,BuildTutorial
13.057,0.146119,1.537183,2.758663,37.87641688773285,5.620358260093088,0.4920418180498843,-0.324354,-0.044981,0.011855,-0.944791,0.995672,0.006778,-0.092686,0.051581,0.789308,0.611828,0.15271,1.122496,3.104362,11.982554641242915,94.505909853993,-24.63617842729447,-0.086595,0.728647,-0.218901,0.643162,-0.157689,-0.407772,-0.899364,0.155384,0.889167,-0.430392,0.418804,1.16257,2.843448,-10.492449187648296,15.437675117099095,32.23590647624448,-0.049915,0.153646,0.285746,0.94459,0.789484,0.524488,-0.31879,-0.555164,0.831715,-0.006491,F,BuildTutorial
13.091,0.14512,1.537189,2.758516,37.94040030753484,5.571668990198669,0.5218383893246085,-0.324898,-0.044484,0.011498,-0.944632,0.995778,0.007182,-0.091514,0.050629,0.788618,0.612795,0.152965,1.12442,3.102311,11.23633205857363,94.86471903397876,-24.68983760885046,-0.092007,0.730153,-0.214363,0.64223,-0.15815,-0.409699,-0.898407,0.140981,0.891167,-0.431215,0.417561,1.162213,2.844005,-10.414692080892832,15.280054269745252,32.23689610809487,-0.049661,0.152169,0.285616,0.944882,0.790536,0.524633,-0.315932,-0.554861,0.831914,-0.006925,F,BuildTutorial
13.124,0.14431,1.537217,2.758402,37.911035506393034,5.612900035080015,0.570922921951988,-0.324671,-0.04469,0.011198,-0.944704,0.995755,0.007861,-0.091709,0.050177,0.788926,0.612436,0.15433,1.129295,3.100651,10.862775680098595,94.2136420622275,-23.608973740835054,-0.08614,0.72709,-0.206493,0.649062,-0.142598,-0.393316,-0.908278,0.14279,0.899881,-0.412098,0.416369,1.162042,2.844458,-10.313167509548624,15.022964706036303,32.32283776129764,-0.049346,0.149853,0.286124,0.945115,0.791354,0.526051,-0.311494,-0.55563,0.831396,-0.007522,F,BuildTutorial
13.157,0.143706,1.537451,2.758216,37.815085676130224,5.661819457700338,0.6645566019854262,-0.323912,-0.044846,0.010524,-0.944965,0.995756,0.009162,-0.091574,0.048943,0.78994,0.611228,0.155011,1.131646,3.099248,10.754413466704923,94.59150710522502,-23.274319915069697,-0.085329,0.729412,-0.203653,0.647459,-0.147033,-0.388193,-0.909773,0.139233,0.902489,-0.407587,0.4152,1.162182,2.844863,-10.349118847829232,14.830565134741114,32.37147508252385,-0.050062,0.14837,0.286473,0.945206,0.791839,0.526697,-0.309162,-0.556407,0.830854,-0.00963,F,BuildTutorial
13.19,0.143099,1.537693,2.757973,37.74328988295551,5.6880316950174326,0.7448786143262797,-0.323349,-0.044849,0.009905,-0.945164,0.995781,0.01028,-0.091185,0.047727,0.790694,0.610348,0.155551,1.131976,3.099354,10.685241669613216,94.88089853200216,-24.341900833925248,-0.093056,0.730168,-0.209018,0.643822,-0.153667,-0.405033,-0.901296,0.133248,0.895304,-0.425059,0.414236,1.162958,2.845244,-10.47266296745456,14.7575480687951,32.24574070860999,-0.051433,0.147996,0.285509,0.945482,0.793164,0.524663,-0.309225,-0.555111,0.831679,-0.01275,F,BuildTutorial
13.224,0.142496,1.537983,2.757492,37.715731767709855,5.754688403075879,0.8889229220058137,-0.323173,-0.044998,0.008893,-0.945228,0.995792,0.012272,-0.090815,0.045897,0.790961,0.610143,0.156192,1.134946,3.100236,10.182235712468357,94.16430603011504,-24.651962100752623,-0.096682,0.725527,-0.20828,0.648755,-0.13954,-0.410536,-0.901104,0.129956,0.894544,-0.427671,0.413273,1.163769,2.845711,-10.61225020086398,14.638428450599962,32.18623424695911,-0.052966,0.147306,0.285082,0.945634,0.794058,0.523563,-0.308794,-0.554771,0.831845,-0.016183,F,BuildTutorial
13.258,0.142023,1.538381,2.756875,37.58401202414844,5.789034208684685,1.0619814629339894,-0.322152,-0.044822,0.007504,-0.945597,0.995869,0.014687,-0.089602,0.043071,0.792324,0.608579,0.156264,1.14021,3.099763,9.94092860331523,94.21176488172522,-24.583748967833863,-0.09776,0.725681,-0.206379,0.649028,-0.138411,-0.409777,-0.901624,0.126007,0.895702,-0.426429,0.412467,1.164593,2.846205,-10.695660919219778,14.4489627549584,32.0774380690438,-0.054269,0.145882,0.284165,0.946057,0.795937,0.521838,-0.306869,-0.553506,0.83261,-0.019775,F,BuildTutorial
13.291,0.14172,1.539009,2.756181,37.33101556937085,5.610949105127631,1.266182898585234,-0.320152,-0.042836,0.005208,-0.946383,0.996276,0.017571,-0.084413,0.037285,0.794951,0.605527,0.156342,1.147633,3.098176,9.383505140283688,94.76665280377892,-26.594301630010943,-0.114793,0.726509,-0.213789,0.642885,-0.147043,-0.441679,-0.885041,0.108087,0.882234,-0.458236,0.411766,1.165364,2.846678,-10.804662951940806,14.198916251933213,32.10142966558262,-0.055765,0.144078,0.284332,0.946196,0.796794,0.521999,-0.304364,-0.554137,0.832091,-0.023597,F,BuildTutorial
13.324,0.141465,1.53989,2.755233,37.07278400858696,5.263687923814424,1.1402199402046915,-0.317989,-0.040374,0.005173,-0.94722,0.996686,0.015877,-0.079776,0.035477,0.797712,0.601994,0.157327,1.159199,3.09807,8.17682487763157,93.97611770704432,-27.45436812445528,-0.125829,0.720059,-0.212105,0.648609,-0.126946,-0.456355,-0.880696,0.093938,0.878357,-0.468684,0.411715,1.16638,2.8469,-11.109930300447878,14.171024553741752,32.09732179364066,-0.058377,0.144543,0.284529,0.945908,0.796301,0.521401,-0.306668,-0.555153,0.83127,-0.028186,F,BuildTutorial
13.357,0.141601,1.54126,2.753676,36.624946794308805,4.94051558739728,0.8322972737201368,-0.314196,-0.038637,0.006653,-0.948548,0.996926,0.011658,-0.07748,0.036901,0.802473,0.595546,0.157935,1.17634,3.100906,4.861084656254727,91.91712593986458,-29.18278155376193,-0.152399,0.702454,-0.204476,0.664472,-0.070503,-0.485843,-0.871198,0.057631,0.869929,-0.489799,0.411845,1.167143,2.847218,-11.292816625752923,14.17884658506279,32.022824568840555,-0.059972,0.144986,0.284064,0.945881,0.796574,0.519991,-0.30835,-0.554771,0.831422,-0.031082,F,BuildTutorial
13.391,0.142206,1.544019,2.751892,35.6612294845458,4.638861818675046,0.7793397283997525,-0.306208,-0.036445,0.005923,-0.951248,0.997273,0.011051,-0.072965,0.033588,0.812403,0.582128,0.156367,1.19842,3.104729,0.1319392463029687,89.02227687501876,-32.60619037721819,-0.196009,0.673089,-0.200959,0.684213,0.013133,-0.53886,-0.842293,0.011135,0.842392,-0.53875,0.41208,1.167707,2.847492,-11.447942614719167,14.078908825129805,31.94294123815926,-0.06161,0.144471,0.283474,0.946031,0.797541,0.518549,-0.308279,-0.554153,0.831693,-0.034663,F,BuildTutorial
13.424,0.143394,1.549139,2.750343,33.62698154318642,4.261013375033757,0.7674063165919045,-0.289289,-0.03365,0.004347,-0.95664,0.997698,0.011152,-0.066897,0.027787,0.832586,0.553198,0.15162,1.225001,3.107696,-6.388673788745378,85.0779333999195,-34.95643102950801,-0.241906,0.631544,-0.18502,0.713023,0.133839,-0.569395,-0.811096,-0.041702,0.814499,-0.578665,0.412453,1.168411,2.847636,-11.799395811158542,14.137807126671795,31.689638305408884,-0.064708,0.145611,0.281691,0.946182,0.798895,0.514217,-0.312005,-0.551906,0.832926,-0.040417,F,BuildTutorial
13.457,0.145419,1.556393,2.748948,30.283893367335363,3.931390878939986,0.653036186794465,-0.261242,-0.031622,0.003462,-0.964749,0.997976,0.009841,-0.062823,0.023202,0.863481,0.503847,0.14323,1.252428,3.111019,-14.771700778279952,79.3341314615636,-36.42318762325705,-0.291836,0.570394,-0.16063,0.750786,0.297697,-0.574121,-0.762733,-0.091725,0.778059,-0.621458,0.41276,1.168782,2.847832,-12.064463048527188,14.20409402619422,31.453225149382657,-0.067052,0.146615,0.279985,0.94637,0.800224,0.510278,-0.315052,-0.549601,0.834225,-0.044812,F,BuildTutorial
13.491,0.147695,1.564671,2.74667,26.52106717805992,3.726448095584444,0.4845893365723253,-0.22939,-0.030677,0.003344,-0.972846,0.998096,0.007567,-0.061222,0.020581,0.894739,0.446116,0.129086,1.277824,3.112251,-23.861275857081203,72.34223702940692,-37.13001139163566,-0.342047,0.494269,-0.135802,0.787566,0.474511,-0.552033,-0.685638,-0.124221,0.729123,-0.673015,0.413211,1.168794,2.84796,-12.251434373018084,14.349888327661567,31.181032192082213,-0.068603,0.148072,0.277971,0.946626,0.801614,0.505952,-0.318477,-0.546585,0.836052,-0.047563,F,BuildTutorial
13.524,0.150346,1.573528,2.743683,22.593540860470913,3.491224890056439,0.6047935466354792,-0.195955,-0.028838,0.000794,-0.980189,0.998336,0.009745,-0.056844,0.012858,0.923202,0.3841,0.111868,1.298577,3.112086,-33.363943911292864,62.96401153072127,-35.03428554178188,-0.384024,0.403369,-0.102924,0.824151,0.6534,-0.479457,-0.585824,-0.140157,0.683864,-0.716021,0.414107,1.168398,2.848473,-12.55781732864696,14.750505761169352,30.51376611056093,-0.071064,0.151642,0.272949,0.94734,0.805007,0.495599,-0.326107,-0.538704,0.840897,-0.051861,F,BuildTutorial
13.557,0.152516,1.580768,2.739224,19.102690139677872,3.2668854322552163,0.4081371223852631,-0.165963,-0.027519,0.001219,-0.985747,0.998482,0.00673,-0.054659,0.011538,0.94491,0.327128,0.088663,1.313361,3.112891,-42.126864540255696,45.65178194103733,-25.87949325952315,-0.403908,0.278642,-0.056717,0.869483,0.838284,-0.323721,-0.438731,-0.126462,0.667282,-0.73399,0.41474,1.16659,2.849616,-12.49218432175716,15.076972513248712,29.83021706896346,-0.070658,0.153781,0.267441,0.948596,0.809653,0.485655,-0.329547,-0.529119,0.846965,-0.051797,F,BuildTutorial
13.591,0.154414,1.586474,2.734256,16.667361183036345,3.074229027310804,0.0357861712192087,-0.144894,-0.026496,0.003579,-0.989086,0.99857,0.000598,-0.05345,0.014759,0.957986,0.286435,0.058858,1.317348,3.113288,-44.91309952327829,18.21849170814793,-5.364666388187143,-0.383599,0.128501,0.017704,0.914344,0.966348,-0.066212,-0.248571,-0.13096,0.705077,-0.696934,0.414524,1.164091,2.851692,-12.223583462066427,14.998687556005637,29.66011432533678,-0.068826,0.152468,0.265754,0.949416,0.812257,0.483635,-0.326092,-0.52561,0.849276,-0.049651,F,BuildTutorial
13.624,0.156434,1.590868,2.729408,14.661549395273074,2.8124662299383365,0.2607683204990936,-0.127614,-0.02405,0.000875,-0.991532,0.998842,0.004404,-0.047916,0.007873,0.967428,0.253025,0.031128,1.306552,3.109562,-38.39184288469318,-3.0125341703517146,11.419136350697311,-0.329525,0.007998,0.085322,0.94025,0.985312,0.155178,-0.071272,-0.16572,0.768267,-0.618307,0.413316,1.162427,2.854555,-12.079065327467571,14.568585661070104,29.397889130720227,-0.068956,0.148444,0.263199,0.950755,0.817381,0.480004,-0.318567,-0.520948,0.851942,-0.05298,F,BuildTutorial
13.657,0.157824,1.593852,2.724576,13.23963099271258,2.629877904147003,-0.1571096322930838,-0.115219,-0.022953,0.004007,-0.993067,0.998914,-0.002669,-0.046512,0.013247,0.973417,0.228656,0.018505,1.289814,3.100155,-31.42804572864323,-9.426358045763626,12.231919440590048,-0.276811,-0.049889,0.080085,0.956281,0.982195,0.180787,0.051078,-0.125549,0.833925,-0.537408,0.412216,1.16219,2.857143,-12.293474284992428,14.217186248235445,28.978975324984265,-0.072088,0.14571,0.259681,0.951913,0.822669,0.47338,-0.314845,-0.515396,0.854738,-0.061567,F,BuildTutorial
13.69,0.159446,1.596514,2.720177,12.125747198970004,2.5578417219417218,-0.2130810648974948,-0.105552,-0.022391,0.004206,-0.994153,0.998962,-0.003636,-0.045407,0.01309,0.977682,0.20968,0.016205,1.27314,3.087287,-28.381045487944352,-9.660863053551918,10.374946584356929,-0.250657,-0.059217,0.066786,0.963952,0.984066,0.158444,0.080683,-0.099072,0.865421,-0.491153,0.409956,1.162999,2.860465,-12.615116150904337,13.65383844893423,28.87877400061879,-0.076179,0.14162,0.258736,0.952468,0.825999,0.471299,-0.309198,-0.514453,0.854505,-0.071831,F,BuildTutorial
13.724,0.161007,1.598899,2.716516,10.87263669961954,2.574302456187829,-0.2673358247144755,-0.094663,-0.022583,0.00445,-0.995243,0.99894,-0.004583,-0.045794,0.013134,0.982038,0.188225,0.01402,1.256581,3.070018,-24.56587424820968,-12.265566391762803,12.948103243798952,-0.221943,-0.079872,0.086959,0.967884,0.972117,0.203786,0.116014,-0.132878,0.886359,-0.443521,0.407282,1.165246,2.863793,-13.427568139526436,13.18172693779613,28.612990456168824,-0.084367,0.139155,0.256795,0.952667,0.829385,0.465799,-0.308468,-0.51276,0.853877,-0.089279,F,BuildTutorial
13.757,0.162171,1.600999,2.713331,9.883750528688491,2.6492021472959024,-0.6356135359061541,-0.085993,-0.023508,0.007516,-0.99599,0.998782,-0.010928,-0.048119,0.019014,0.985098,0.170943,0.012617,1.238098,3.052425,-19.732129445739247,-15.040618794068234,17.36727516210052,-0.187392,-0.101817,0.125298,0.968926,0.947867,0.280969,0.150346,-0.20465,0.898369,-0.388653,0.404383,1.169497,2.867249,-15.033453192961082,13.308947219146985,28.246271669948637,-0.097974,0.143118,0.254981,0.951264,0.829004,0.457065,-0.322249,-0.513152,0.850772,-0.113414,F,BuildTutorial
13.79,0.163385,1.602592,2.710347,9.188807335308251,2.7689922662359523,-0.7261547539757932,-0.079924,-0.024591,0.00825,-0.996464,0.998654,-0.012511,-0.050328,0.020373,0.987088,0.158877,0.018581,1.218556,3.03558,-14.98942346536481,-14.02081955429724,18.277109539436037,-0.147035,-0.09891,0.140571,0.974083,0.940913,0.302942,0.151356,-0.244769,0.917241,-0.314256,0.401579,1.175496,2.870421,-17.01203462646028,14.371129747229649,26.914644868872717,-0.113933,0.154463,0.246347,0.949986,0.830908,0.432856,-0.34961,-0.50325,0.852665,-0.140366,F,BuildTutorial
13.824,0.164708,1.604362,2.707806,8.308531868231949,2.9877636066122855,-0.7704518204411839,-0.072241,-0.026488,0.008592,-0.996998,0.998449,-0.013306,-0.054058,0.02096,0.989415,0.143593,0.029472,1.202906,3.015584,-13.37822253631457,-12.649397723664796,16.33900151574797,-0.130146,-0.091851,0.127574,0.978954,0.950577,0.273685,0.146629,-0.225869,0.933574,-0.278249,0.398259,1.180261,2.874239,-18.119675430989663,15.914608541678138,23.816910849943355,-0.124384,0.165946,0.223142,0.95247,0.84534,0.38379,-0.371627,-0.466353,0.869473,-0.162885,F,BuildTutorial
13.857,0.166143,1.606198,2.705431,7.289572560264342,3.447033284738,-0.9945020471853652,-0.063279,-0.030566,0.010569,-0.997472,0.997908,-0.017216,-0.062314,0.024953,0.991768,0.125592,0.043598,1.190571,2.99399,-13.369233665261792,-10.542503436501724,15.799979801170716,-0.127353,-0.074449,0.12534,0.981085,0.957495,0.2649,0.114158,-0.226975,0.936143,-0.268551,0.393705,1.183113,2.878185,-18.585805831181126,17.049847565726402,20.729679134140472,-0.130771,0.172639,0.19914,0.95574,0.861079,0.335499,-0.382079,-0.425803,0.886485,-0.181208,F,BuildTutorial
13.891,0.168004,1.608125,2.703133,6.2886081455873155,4.102000037186251,-0.8315476531561234,-0.054555,-0.036132,0.009204,-0.997814,0.99722,-0.014425,-0.07311,0.02231,0.993878,0.108207,0.061043,1.178855,2.971776,-11.408662722626062,-7.241816826812005,14.843597975265752,-0.106483,-0.049502,0.122052,0.985553,0.965306,0.25112,0.071581,-0.230035,0.947529,-0.221973,0.387498,1.184531,2.881997,-18.889138957423008,17.128011996697257,19.27448769421151,-0.135382,0.171987,0.18739,0.957589,0.870611,0.312317,-0.380125,-0.405453,0.893113,-0.194824,F,BuildTutorial
13.924,0.169857,1.610276,2.700968,5.132920266406014,4.868494134826259,-0.6027755088379558,-0.044514,-0.042665,0.007152,-0.998072,0.996257,-0.010478,-0.085803,0.018075,0.995935,0.088246,0.078912,1.17028,2.948632,-10.039087393183644,-3.3139576931228265,14.605575945453584,-0.090411,-0.017454,0.124063,0.987993,0.968608,0.248302,0.012056,-0.24199,0.952869,-0.182981,0.381899,1.186123,2.885178,-19.6406434266566,17.20057573998019,18.53780779716801,-0.142706,0.172588,0.182096,0.957439,0.874109,0.299434,-0.382457,-0.397951,0.892952,-0.21041,F,BuildTutorial
13.957,0.171814,1.612136,2.698988,4.065492301178428,5.678155990335988,-0.4026335453199974,-0.035253,-0.049624,0.005264,-0.998132,0.99502,-0.007009,-0.099434,0.014007,0.997459,0.069853,0.096097,1.163863,2.926481,-8.816772131875206,0.524242245296641,16.531052460382284,-0.07541,0.015564,0.143682,0.986624,0.958227,0.281173,-0.052382,-0.285867,0.947338,-0.14433,0.377644,1.188516,2.887258,-20.952901531761253,18.205519205285555,17.107909468724852,-0.154405,0.180543,0.172866,0.955867,0.875043,0.274719,-0.398533,-0.386226,0.892553,-0.232763,F,BuildTutorial
13.991,0.173713,1.613363,2.696995,3.3338997031147466,6.441604408479948,-0.248201720872307,-0.028922,-0.056223,0.003796,-0.997992,0.993649,-0.004325,-0.11244,0.01083,0.998298,0.057301,0.11006,1.160756,2.907056,-7.818666945149114,3.244022446001768,18.676793020713767,-0.062665,0.038924,0.163727,0.983744,0.943357,0.317252,-0.097103,-0.327008,0.938533,-0.110546,0.375173,1.189848,2.88956,-21.19067878974472,19.176922054892938,14.952844241596972,-0.158457,0.185929,0.15648,0.956993,0.881889,0.240578,-0.405457,-0.358425,0.900811,-0.245096,F,BuildTutorial
14.024,0.175419,1.613986,2.695226,2.940782106943068,7.0060261139299955,-0.0945311705222303,-0.025562,-0.061102,0.002391,-0.997801,0.992522,-0.001649,-0.122059,0.007896,0.998682,0.050719,0.119682,1.161465,2.892578,-8.428018480569762,4.343280481004924,19.80581962275964,-0.065836,0.049856,0.174134,0.981253,0.934384,0.335174,-0.120772,-0.348303,0.930686,-0.111841,0.373923,1.189778,2.892421,-20.40578450368008,20.393114913150654,12.711648877232436,-0.153978,0.192455,0.138396,0.959218,0.887615,0.206236,-0.411833,-0.324772,0.914274,-0.242127,F,BuildTutorial
14.058,0.176896,1.614767,2.693686,2.5026906309412986,7.299414337153989,-0.1729497533564576,-0.021698,-0.063674,0.002896,-0.997731,0.991875,-0.003015,-0.127185,0.008541,0.999042,0.042929,0.127064,1.165079,2.88355,-9.888242143984655,6.802212068357589,18.997350800007055,-0.075099,0.072492,0.169164,0.980045,0.932257,0.320688,-0.167499,-0.342464,0.931488,-0.122675,0.374097,1.188091,2.895427,-18.364065806064875,21.831001261838026,10.14494642941857,-0.139543,0.200056,0.115802,0.962858,0.893135,0.16717,-0.417571,-0.278835,0.934235,-0.222386,F,BuildTutorial
14.091,0.178122,1.615474,2.692426,2.1119050557553747,7.343502185386346,-0.3166119849560204,-0.018214,-0.06408,0.003937,-0.997771,0.991757,-0.005522,-0.128017,0.010191,0.999306,0.035842,0.132064,1.170995,2.883604,-10.765143082621444,10.19319174064485,17.02099136705555,-0.079317,0.101297,0.154997,0.979502,0.93143,0.28757,-0.223028,-0.319708,0.93937,-0.123981,0.371523,1.186411,2.898956,-16.145460035448604,20.64447434931649,9.26482237084683,-0.123378,0.187987,0.103749,0.968853,0.907795,0.154647,-0.389863,-0.247421,0.948028,-0.200063,F,BuildTutorial
14.125,0.178916,1.616098,2.691191,1.803372583658694,6.991422652027243,-0.4461289991507755,-0.01547,-0.061027,0.004845,-0.998005,0.992505,-0.007782,-0.12196,0.011558,0.999474,0.030287,0.129916,1.17829,2.882766,-13.206837908518796,9.873245400520547,15.64851975096166,-0.101866,0.100284,0.144534,0.97912,0.938107,0.2626,-0.225826,-0.303462,0.937467,-0.170489,0.366678,1.186386,2.902194,-15.343788305356536,18.03159562325132,10.080162477726004,-0.117697,0.166287,0.10683,0.973182,0.921872,0.168786,-0.348802,-0.247072,0.94947,-0.193553,F,BuildTutorial
14.157,0.179169,1.616421,2.689882,1.6135766752884175,6.430629063941337,-0.8032917830840235,-0.013665,-0.05618,0.007788,-0.998297,0.993566,-0.014015,-0.112382,0.017085,0.999505,0.026408,0.126569,1.184282,2.883174,-15.363595809961318,8.541871029695631,13.38450815478659,-0.123791,0.088836,0.125057,0.98038,0.952938,0.223212,-0.205149,-0.267201,0.938073,-0.220505,0.362414,1.188329,2.905091,-16.544734630292297,17.223029073015756,13.047324462845316,-0.124501,0.163379,0.132568,0.969656,0.911466,0.216408,-0.349853,-0.297772,0.933851,-0.198129,F,BuildTutorial
14.191,0.1792,1.61657,2.688568,1.6344782815589691,5.981418377949631,-1.3172259394496355,-0.013643,-0.052329,0.012222,-0.998462,0.994225,-0.022979,-0.10483,0.025835,0.999329,0.025964,0.123247,1.186881,2.883701,-16.327364561316376,6.899448433934665,9.38240456435214,-0.136398,0.070956,0.089326,0.984064,0.973972,0.156449,-0.164019,-0.195162,0.946833,-0.255773,0.360641,1.190823,2.907143,-17.336035533559166,17.069447516584194,15.371305115776671,-0.12808,0.165328,0.152912,0.965857,0.898569,0.253031,-0.358537,-0.337732,0.920427,-0.196852,F,BuildTutorial
14.223,0.179357,1.617114,2.687552,1.313561756961001,5.565097205380106,-1.6267112244583064,-0.010759,-0.0487,0.014734,-0.998647,0.994822,-0.02838,-0.097586,0.030476,0.999334,0.020054,0.119557,1.185896,2.883358,-15.65016167165326,5.065738385563888,5.6162109048662305,-0.133708,0.050392,0.054497,0.988237,0.988982,0.094236,-0.114171,-0.121187,0.958305,-0.258778,0.359102,1.193053,2.907344,-17.536027633126945,16.2834842110428,16.769336173671014,-0.128875,0.160475,0.164019,0.964747,0.894692,0.27511,-0.351911,-0.357835,0.912979,-0.196021,F,BuildTutorial
14.257,0.179758,1.618251,2.686855,0.6401340406076749,5.238398834466261,-1.7521692861191822,-0.004881,-0.045777,0.015529,-0.998819,0.995327,-0.030575,-0.091598,0.031469,0.99947,0.008329,0.11318,1.18333,2.88235,-14.187046905249977,2.814872301261608,5.361307396249852,-0.122177,0.030121,0.049427,0.990819,0.9933,0.090585,-0.071766,-0.105306,0.96526,-0.239133,0.357583,1.195052,2.907732,-17.670737329730798,15.153123104857046,17.557485239932173,-0.130587,0.151997,0.169506,0.964941,0.896329,0.28743,-0.337606,-0.366825,0.908429,-0.200489,F,BuildTutorial
14.291,0.179967,1.619077,2.686437,0.0786959952147324,5.019756536976961,-1.813500033753712,7e-06,-0.043797,0.01584,-0.998915,0.995662,-0.031646,-0.087498,0.031645,0.999498,-0.001402,0.107902,1.178216,2.882128,-12.033440504581224,1.3189089861043517,6.027813908033257,-0.104065,0.016941,0.05349,0.992987,0.993704,0.102704,-0.044778,-0.109756,0.972618,-0.204859,0.357303,1.196383,2.908378,-17.535149260736958,14.64283698982535,18.587819963093196,-0.128859,0.148709,0.17748,0.964252,0.892773,0.303946,-0.332525,-0.380596,0.903792,-0.19572,F,BuildTutorial
14.323,0.180203,1.619529,2.685834,-0.3169341419481241,4.853302406200121,-1.8867107912810168,0.00346,-0.042289,0.016332,-0.998966,0.99589,-0.032923,-0.084377,0.032338,0.999443,-0.008294,0.106078,1.173966,2.884938,-10.744286831305198,0.3644433432713065,4.538507275379986,-0.093425,0.006871,0.039719,0.99481,0.99675,0.077742,-0.021092,-0.080309,0.979388,-0.185334,0.35796,1.197476,2.908738,-17.7445139175592,14.72806662927562,19.727248531915908,-0.129005,0.15097,0.187334,0.962014,0.884228,0.321485,-0.338805,-0.399388,0.896527,-0.191645,F,BuildTutorial
14.357,0.180074,1.620222,2.685051,-0.6491356275756631,4.639611021302724,-1.847724513526069,0.006312,-0.04038,0.015881,-0.999038,0.996234,-0.032241,-0.080483,0.031222,0.999416,-0.013894,0.104747,1.170168,2.887217,-9.636904150966805,-0.29296145131425,4.07428335612822,-0.084036,0.00044,0.035207,0.995841,0.997521,0.070048,-0.006794,-0.070196,0.983397,-0.167342,0.359441,1.198857,2.908574,-18.21624466679013,15.724907092729424,19.69213674216303,-0.131403,0.159896,0.188594,0.96,0.877732,0.320078,-0.356563,-0.404121,0.894331,-0.191984,F,BuildTutorial
14.391,0.179746,1.621021,2.68441,-1.074974105290579,4.495893102148317,-1.698879074568248,0.009954,-0.039079,0.014445,-0.999082,0.996528,-0.029642,-0.077799,0.028086,0.999385,-0.021018,0.106152,1.1703,2.888417,-10.07359448767708,0.1900411477998588,5.481200099566086,-0.087616,0.005848,0.047775,0.994991,0.995367,0.094047,-0.020009,-0.096096,0.980082,-0.173796,0.360884,1.200211,2.908409,-18.634625843892724,16.984299469872237,19.034514227325296,-0.133828,0.170196,0.184954,0.958601,0.873651,0.309039,-0.375804,-0.400147,0.895764,-0.193619,F,BuildTutorial
14.424,0.179465,1.621803,2.68372,-1.6349190360829708,4.582941576915898,-1.4609530046710524,0.014764,-0.039794,0.012167,-0.999025,0.996537,-0.025486,-0.07915,0.023136,0.999268,-0.030468,0.107591,1.172685,2.889164,-10.86764810944716,-0.0057000901786791,7.747397244708771,-0.094483,0.006348,0.067249,0.993232,0.990875,0.132389,-0.025317,-0.134788,0.973101,-0.186834,0.361571,1.201098,2.907968,-18.728508209828732,17.501090205320658,17.983398945121493,-0.13538,0.173395,0.176863,0.959336,0.877307,0.292394,-0.380576,-0.386291,0.900783,-0.198416,F,BuildTutorial
14.456,0.179085,1.622523,2.683079,-2.0234241260113155,4.818703157915244,-1.2894028298533795,0.018113,-0.041831,0.010498,-0.998905,0.99628,-0.022489,-0.083191,0.019458,0.999123,-0.037065,0.111136,1.174819,2.890069,-11.760745960975756,0.6879479350706539,6.880642474582296,-0.101907,0.012109,0.060306,0.992891,0.992433,0.117286,-0.036337,-0.122222,0.971956,-0.200905,0.360918,1.201655,2.907661,-18.54157486843662,17.269279977004846,16.611424776687624,-0.1362,0.169626,0.164885,0.962024,0.88808,0.271041,-0.371284,-0.363453,0.908525,-0.206118,F,BuildTutorial
14.49,0.178765,1.622537,2.682465,-2.103311839491159,5.116092659639616,-1.1179133953701457,0.01877,-0.044443,0.008925,-0.998796,0.99589,-0.019497,-0.088443,0.01616,0.999136,-0.038288,0.118138,1.17783,2.890346,-13.285702348693295,3.6829326871241337,3.482633836817582,-0.114597,0.035417,0.033883,0.992202,0.995195,0.059119,-0.078048,-0.075354,0.971439,-0.225007,0.360151,1.202053,2.90739,-18.498478240318686,17.382832473575416,15.46388936788721,-0.137373,0.169168,0.155332,0.963526,0.894508,0.252854,-0.368673,-0.345811,0.914001,-0.212171,F,BuildTutorial
14.524,0.17837,1.622392,2.682045,-2.1057139786181818,5.349634293660208,-0.918066234784659,0.018728,-0.046511,0.007144,-0.998717,0.995572,-0.016011,-0.092634,0.012527,0.999197,-0.038073,0.118725,1.183186,2.893922,-14.667800883359554,5.222338468331585,1.024237984189123,-0.12711,0.046323,0.014671,0.990698,0.995278,0.017293,-0.095514,-0.040846,0.967255,-0.250497,0.358983,1.202334,2.907338,-18.574697211696932,17.421916513625447,15.255736872791871,-0.138273,0.169317,0.153713,0.963631,0.895408,0.249421,-0.368828,-0.34307,0.914506,-0.214437,F,BuildTutorial
14.556,0.177783,1.622499,2.681861,-2.2041965352249675,5.4241018199910425,-0.808940141528737,0.019546,-0.047171,0.00614,-0.998677,0.995474,-0.014107,-0.093978,0.010419,0.999161,-0.039619,0.121484,1.18647,2.89424,-15.751185029228768,6.036162303481098,0.355714238772044,-0.13667,0.052579,0.010285,0.989167,0.994259,0.005975,-0.10683,-0.034719,0.962431,-0.269298,0.357072,1.202308,2.907404,-18.540172706802014,16.88663744280299,15.772827668592925,-0.137952,0.165406,0.157379,0.963764,0.895745,0.257717,-0.362246,-0.348989,0.912402,-0.213844,F,BuildTutorial
14.59,0.176974,1.622378,2.681668,-2.134514910139723,5.388965459876529,-0.7580353314744519,0.018916,-0.046878,0.005731,-0.998705,0.995539,-0.01322,-0.093417,0.009673,0.999219,-0.03832,0.124342,1.187815,2.894642,-16.070726474008815,7.31429724393772,-1.0138769991372878,-0.140053,0.061923,0.000173,0.988206,0.992331,-0.017004,-0.122433,-0.017686,0.96077,-0.276781,0.354867,1.202941,2.907069,-18.588505782102143,16.178498876976583,15.48764129233288,-0.139728,0.159147,0.154171,0.96508,0.901808,0.2531,-0.350262,-0.342048,0.913415,-0.220625,F,BuildTutorial
14.624,0.175853,1.622062,2.681643,-1.9720249248252204,5.023362900335088,-0.4350277989201497,0.017358,-0.043751,0.003038,-0.998887,0.996153,-0.007589,-0.087299,0.004551,0.999379,-0.034944,0.127785,1.188227,2.894338,-16.368806503899055,8.478565102078363,-2.4142522493807372,-0.14348,0.070162,-0.010274,0.98711,0.989944,-0.040417,-0.135567,0.00015,0.958616,-0.284703,0.353071,1.204275,2.90666,-18.725804268316317,15.713713611862456,14.910444070816116,-0.142297,0.154648,0.148872,0.966267,0.907842,0.243689,-0.341231,-0.331713,0.915178,-0.228948,F,BuildTutorial
14.658,0.174336,1.62171,2.681665,-1.7920620280564503,4.350207486438881,-0.160737872903363,0.01568,-0.037927,0.000808,-0.999157,0.997122,-0.002804,-0.075764,0.000425,0.999507,-0.031396,0.129164,1.189793,2.894217,-17.29248347969786,9.120569470930832,-3.091054949054212,-0.151923,0.074534,-0.014632,0.98547,0.988461,-0.051485,-0.142457,0.006191,0.953411,-0.301612,0.352026,1.206458,2.9063,-19.11044503080839,15.73819339978388,14.394158167623408,-0.146225,0.154548,0.144929,0.966297,0.910221,0.234892,-0.341062,-0.325286,0.915228,-0.237796,F,BuildTutorial
14.69,0.172808,1.621518,2.681854,-1.685221700072749,3.741621975775392,-0.0738541384738378,0.014719,-0.032633,0.000164,-0.999359,0.99787,-0.001289,-0.065219,-0.000632,0.999567,-0.02943,0.131331,1.190449,2.893991,-18.01265159334008,10.071447918335538,-4.337045190603236,-0.159108,0.080732,-0.023497,0.983674,0.985861,-0.071916,-0.15135,0.020536,0.948265,-0.316816,0.350968,1.209254,2.905907,-19.65048767587364,15.657493740365238,13.967582745662126,-0.15148,0.153774,0.14176,0.966081,0.912516,0.227315,-0.340063,-0.32049,0.913916,-0.249085,F,BuildTutorial
14.724,0.171735,1.620966,2.681992,-1.4341015740157788,3.3265711181112465,-0.0501295753390582,0.012522,-0.029018,7.4e-05,-0.999501,0.998316,-0.000875,-0.058006,-0.000579,0.999686,-0.025036,0.133944,1.190297,2.894517,-17.964988883960206,11.308429096982657,-6.291069276724139,-0.160479,0.088644,-0.038576,0.982294,0.981308,-0.104238,-0.161767,0.047336,0.945517,-0.322114,0.349832,1.212925,2.905348,-20.493598517180416,15.570930812780713,13.137089946669391,-0.159843,0.15259,0.135469,0.965823,0.916728,0.212898,-0.338058,-0.31046,0.912197,-0.267417,F,BuildTutorial
14.757,0.171054,1.620267,2.682106,-1.0098228268150833,3.120715757626966,-0.0253302709564714,0.008815,-0.027227,-1.9e-05,-0.99959,0.998517,-0.000441,-0.054433,-0.000519,0.999845,-0.017623,0.13494,1.190485,2.895835,-17.52777542609583,11.757713170865436,-6.6279049623523605,-0.15716,0.092299,-0.041252,0.982385,0.979558,-0.110062,-0.168379,0.05204,0.947198,-0.316398,0.348119,1.216754,2.905023,-21.34974365415282,15.24714299577705,12.551589834888878,-0.168247,0.149657,0.1309,0.965485,0.920936,0.202404,-0.33303,-0.303122,0.909116,-0.285701,F,BuildTutorial
14.79,0.170972,1.619561,2.682239,-0.5652147036286765,3.2462652664732996,-0.0670306960693104,0.004947,-0.028322,0.000445,-0.999587,0.998395,-0.001171,-0.056617,0.00061,0.999951,-0.009914,0.135933,1.189674,2.897547,-16.667705867053698,12.125262633484066,-7.901905909647855,-0.150988,0.094321,-0.052522,0.982623,0.97669,-0.131702,-0.169503,0.074737,0.948888,-0.306635,0.345968,1.219484,2.905118,-21.735802285627805,14.507302999762585,12.860257636964633,-0.171973,0.144164,0.132759,0.96541,0.923184,0.206749,-0.324016,-0.305918,0.905601,-0.293772,F,BuildTutorial
14.823,0.171521,1.618696,2.68234,-0.06244256396683,3.683516015478701,-0.0405305704900695,0.000556,-0.032139,0.000336,-0.999483,0.997934,-0.000707,-0.064244,0.000636,0.999999,-0.001134,0.137707,1.188004,2.899409,-15.175587603322576,12.986738019136617,-9.682954244151938,-0.140191,0.100625,-0.068244,0.982631,0.970435,-0.162331,-0.178619,0.105904,0.951378,-0.289247,0.343978,1.221672,2.905561,-21.7964567546591,13.832785927213646,13.031837387519326,-0.173058,0.138784,0.133242,0.965938,0.925971,0.209371,-0.314231,-0.305442,0.904596,-0.297342,F,BuildTutorial
14.857,0.172438,1.617688,2.682443,0.518636816260639,4.339512467249578,-0.0263346554473154,-0.004514,-0.037861,0.000401,-0.999273,0.997133,-0.000459,-0.075671,0.001143,0.999959,0.00899,0.139562,1.187202,2.901348,-13.71399588750523,13.973714267651207,-9.760574487897362,-0.12835,0.110252,-0.069368,0.983137,0.966065,-0.164699,-0.198979,0.108096,0.957429,-0.267667,0.343271,1.223273,2.90601,-21.623981626857375,14.110309658045477,12.650227696234468,-0.171742,0.14042,0.130295,0.966339,0.926611,0.203586,-0.31614,-0.30005,0.907056,-0.295329,F,BuildTutorial
14.89,0.173617,1.616783,2.682354,1.0285444575814968,5.131762914749746,0.0931250313523914,-0.009003,-0.044759,-0.00041,-0.998957,0.995993,0.001625,-0.089417,-1.3e-05,0.999838,0.018023,0.139666,1.188562,2.903584,-13.377829472054067,13.581450153336805,-8.935265644881278,-0.124458,0.108072,-0.063092,0.984302,0.96868,-0.151104,-0.197046,0.097303,0.961059,-0.258645,0.343609,1.224305,2.906524,-21.181912462904418,14.852480275312852,11.786180255950008,-0.168247,0.145089,0.123707,0.967129,0.927292,0.19046,-0.322265,-0.288103,0.912779,-0.289537,F,BuildTutorial
14.923,0.174504,1.616058,2.682171,1.4483794315990708,5.801746877857039,0.2809766052010587,-0.012747,-0.050573,-0.001809,-0.998637,0.994878,0.004903,-0.100962,-0.002324,0.999669,0.025642,0.137591,1.190621,2.905886,-13.320650646847357,12.242210881578854,-8.841158964304768,-0.123142,0.096707,-0.06379,0.985604,0.973157,-0.149561,-0.174918,0.101926,0.961534,-0.255077,0.343697,1.224738,2.907073,-20.391594547118338,15.318553597680308,10.42376169504995,-0.162792,0.146571,0.112102,0.969252,0.9319,0.16959,-0.320627,-0.265032,0.921864,-0.28271,F,BuildTutorial
14.957,0.175062,1.615405,2.682071,1.826707795038211,6.29944795744425,0.4105492639712887,-0.016113,-0.054881,-0.002701,-0.998359,0.993962,0.007161,-0.109495,-0.003624,0.999466,0.03247,0.13669,1.192315,2.907854,-13.217682483728208,11.81199202305158,-9.37182255813876,-0.122447,0.092519,-0.068917,0.985747,0.973381,-0.158527,-0.165524,0.113212,0.960514,-0.254156,0.343328,1.224812,2.907232,-19.776918472962684,15.500796706596203,9.100368370603196,-0.159086,0.145935,0.100526,0.971231,0.937195,0.148836,-0.315457,-0.2417,0.929172,-0.279678,F,BuildTutorial
14.99,0.175379,1.615232,2.681994,1.966240595281848,6.631801442930474,0.416086773071772,-0.017339,-0.05777,-0.002632,-0.998176,0.993311,0.007257,-0.115238,-0.00325,0.999385,0.034918,0.137362,1.194335,2.90918,-13.36795954982136,12.524473003583996,-9.820425509419293,-0.124547,0.098037,-0.071856,0.98474,0.970451,-0.16594,-0.175183,0.117099,0.958649,-0.259382,0.342676,1.224884,2.907244,-19.563256863496417,15.590360938602002,8.666839207090597,-0.157743,0.145997,0.096751,0.971824,0.938648,0.141989,-0.314291,-0.234109,0.931513,-0.278345,F,BuildTutorial
15.023,0.175569,1.615109,2.681819,2.028133524736929,6.842410307756267,0.4989980377598523,-0.017926,-0.059589,-0.00329,-0.998057,0.992877,0.008704,-0.118829,-0.004431,0.999336,0.036175,0.138235,1.196194,2.909869,-13.766554764259745,13.394975460282271,-11.18125814044733,-0.129743,0.10364,-0.082147,0.982689,0.965021,-0.188343,-0.182376,0.134556,0.952838,-0.27202,0.34143,1.224757,2.906759,-19.806323067884925,15.434638828199914,9.0413249907057,-0.159469,0.145306,0.099964,0.97132,0.937787,0.147851,-0.314159,-0.240538,0.929154,-0.280739,F,BuildTutorial
15.057,0.175711,1.614879,2.681406,2.136638367301951,6.9461084301331315,0.5654405814311708,-0.018909,-0.060476,-0.003795,-0.997983,0.992656,0.009863,-0.120565,-0.005289,0.999256,0.038201,0.138908,1.19784,2.91005,-14.39754048831822,13.842270321318669,-12.468692476368393,-0.136646,0.105337,-0.091943,0.980703,0.960901,-0.209124,-0.181482,0.151549,0.945749,-0.287388,0.340207,1.224466,2.905875,-19.912710863303783,15.123765506250267,9.099176939723362,-0.160573,0.142802,0.100129,0.971493,0.939163,0.148689,-0.309619,-0.24041,0.928381,-0.283393,F,BuildTutorial
15.09,0.175643,1.614311,2.680951,2.417938261796192,6.982842659649142,0.6183507239437115,-0.021388,-0.060771,-0.0041,-0.997914,0.99258,0.010783,-0.121114,-0.005584,0.999052,0.043186,0.137824,1.199064,2.910377,-14.742672270401044,13.248602312921026,-12.239396966653608,-0.138913,0.100167,-0.090303,0.981079,0.963624,-0.205018,-0.171454,0.14936,0.945097,-0.290659,0.339624,1.223612,2.905173,-19.60438511861185,15.091188862307208,8.79215638965525,-0.158358,0.141954,0.097168,0.972281,0.940815,0.14399,-0.306813,-0.233908,0.930963,-0.280349,F,BuildTutorial
15.123,0.175541,1.613534,2.680414,2.8276563309462137,6.9505018672885575,0.7060967491334122,-0.025001,-0.060446,-0.004653,-0.997847,0.992649,0.012309,-0.1204,-0.006264,0.998707,0.050457,0.136938,1.19925,2.910789,-14.506271758984235,12.723350066832094,-11.812040220831877,-0.13612,0.096423,-0.08753,0.982096,0.966082,-0.198176,-0.165564,0.145676,0.94762,-0.284245,0.339188,1.222532,2.904544,-19.304004566484465,15.047469334798835,8.702049553922432,-0.155948,0.141322,0.096039,0.972875,0.941609,0.14279,-0.304931,-0.230945,0.932914,-0.276291,F,BuildTutorial
15.156,0.175241,1.61283,2.680146,3.2497874074029856,6.810275833850425,0.7638310046162945,-0.028701,-0.059182,-0.004967,-0.997822,0.992946,0.013309,-0.117822,-0.006515,0.998303,0.057864,0.136502,1.198903,2.910804,-14.488332448488906,12.408953787918405,-11.76318412378144,-0.135686,0.093804,-0.087503,0.982412,0.967088,-0.197384,-0.160562,0.146472,0.947865,-0.283016,0.338734,1.221757,2.903811,-19.183522579679053,14.952668958284454,8.75320003934688,-0.154938,0.140531,0.096223,0.973132,0.941984,0.143729,-0.303328,-0.230823,0.933471,-0.274505,F,BuildTutorial
15.19,0.174808,1.611916,2.679939,3.755475271559604,6.549211535072612,0.7796186396205316,-0.033101,-0.056867,-0.004917,-0.997821,0.993484,0.013576,-0.11316,-0.006047,0.99776,0.066617,0.135714,1.198609,2.910871,-14.605473848085945,11.805169153363057,-11.707474496683009,-0.136182,0.088576,-0.087622,0.982818,0.968953,-0.196358,-0.150243,0.148108,0.947554,-0.283206,0.338449,1.22127,2.902885,-19.149918120125555,14.75559968440377,8.89493461129121,-0.154645,0.139033,0.097127,0.973304,0.942472,0.146068,-0.300684,-0.232071,0.933302,-0.274025,F,BuildTutorial
15.223,0.174282,1.610572,2.679816,4.477154953435711,6.2303738453238475,0.804135941440232,-0.039383,-0.054027,-0.004879,-0.997751,0.994115,0.013992,-0.107426,-0.005481,0.99685,0.079115,0.135371,1.198626,2.910853,-14.88804146177928,11.806054413369756,-11.8488807616281,-0.138708,0.088132,-0.088551,0.982421,0.968783,-0.198438,-0.1486,0.149539,0.945838,-0.288147,0.338523,1.221027,2.90206,-19.109344020971033,14.685290231046094,8.886442681836458,-0.154369,0.138405,0.09692,0.973458,0.942901,0.145965,-0.299387,-0.231427,0.933553,-0.273715,F,BuildTutorial
15.257,0.173629,1.60898,2.679667,5.293255835237485,5.907444524471186,0.8497160302940655,-0.046495,-0.051131,-0.005018,-0.997596,0.994721,0.014767,-0.101549,-0.005257,0.995626,0.093281,0.136823,1.19889,2.910542,-15.617571591623625,13.11312133626083,-13.306990198502527,-0.147177,0.096724,-0.09863,0.979416,0.961833,-0.22167,-0.160434,0.164728,0.937223,-0.307374,0.339014,1.221028,2.901096,-19.153269617793143,14.85913439615108,8.742331741150196,-0.154772,0.139708,0.095974,0.973302,0.942541,0.143578,-0.301664,-0.23007,0.933669,-0.274462,F,BuildTutorial
15.29,0.173135,1.607549,2.679429,6.076475068682447,5.653364656875606,0.8576511964970313,-0.053305,-0.048848,-0.004851,-0.997371,0.995181,0.014884,-0.096922,-0.004469,0.99427,0.106804,0.137252,1.19989,2.911158,-16.772145473027788,13.679016433400456,-14.99541128030285,-0.15894,0.097913,-0.110953,0.976136,0.956205,-0.247734,-0.155883,0.185486,0.924855,-0.332021,0.339711,1.220938,2.900053,-19.264997548481677,15.009678081711504,8.712869461281086,-0.155634,0.140998,0.09604,0.972972,0.941792,0.143,-0.304269,-0.230776,0.933109,-0.275772,F,BuildTutorial
15.323,0.172937,1.606126,2.679104,6.900605755065085,5.5477414562478815,0.9699876242333866,-0.060519,-0.047796,-0.005527,-0.997007,0.99537,0.016806,-0.094637,-0.005235,0.992614,0.121203,0.135921,1.201522,2.912553,-18.106020684682058,13.33841173912036,-15.93465312371178,-0.170672,0.091921,-0.117858,0.973926,0.95532,-0.260946,-0.138819,0.198193,0.913962,-0.35411,0.340221,1.220664,2.899233,-19.245864974826492,14.88944465472776,8.811502626902461,-0.155451,0.140102,0.096695,0.973065,0.942043,0.144623,-0.30272,-0.231739,0.93297,-0.275434,F,BuildTutorial
15.357,0.172967,1.604786,2.678744,7.6859041521778035,5.5533530355248235,1.155109658621913,-0.067427,-0.047657,-0.006799,-0.996562,0.995365,0.019978,-0.094069,-0.007125,0.990815,0.135039,0.134398,1.202912,2.914251,-18.901892564202253,13.117210907920256,-16.67763705542329,-0.177744,0.08782,-0.123565,0.972331,0.954039,-0.271511,-0.126855,0.209073,0.906278,-0.367354,0.340737,1.22011,2.898581,-19.114303118924703,14.90370475596806,8.855590768071902,-0.154264,0.140221,0.096957,0.973211,0.941875,0.145458,-0.302844,-0.231982,0.933604,-0.273071,F,BuildTutorial
15.39,0.173329,1.603764,2.678395,8.274178345004868,5.7526797584282825,1.3270757583833208,-0.072627,-0.049212,-0.007916,-0.996113,0.995031,0.022919,-0.096891,-0.008622,0.989325,0.145469,0.13252,1.204044,2.916127,-19.127131835040913,12.414251011745412,-16.619576521889392,-0.178843,0.08163,-0.123906,0.972625,0.955968,-0.270227,-0.11447,0.211831,0.905325,-0.368124,0.341651,1.2198,2.897876,-19.064179508198677,15.159065013531787,8.79077561604957,-0.153701,0.142279,0.096699,0.973027,0.940812,0.144444,-0.306608,-0.231918,0.934051,-0.271595,F,BuildTutorial
15.422,0.174142,1.602792,2.678138,8.841494979359528,6.271648038768386,1.577128816314494,-0.077708,-0.053476,-0.009485,-0.995496,0.994101,0.027195,-0.104996,-0.010573,0.987743,0.155731,0.130669,1.20538,2.91784,-19.27891765337819,11.53697540927556,-15.691812138857228,-0.178567,0.07542,-0.117228,0.974004,0.961139,-0.255296,-0.105053,0.201426,0.908743,-0.365533,0.342758,1.219486,2.897165,-19.040032703977115,15.397353847892658,8.716054070245143,-0.153388,0.144191,0.096359,0.972829,0.939847,0.143248,-0.310108,-0.231717,0.934374,-0.270652,F,BuildTutorial
15.456,0.175299,1.60202,2.677768,9.329488896908495,7.0727722021882045,2.0879085496666607,-0.082277,-0.059989,-0.013109,-0.994716,0.992459,0.035951,-0.117188,-0.016208,0.986117,0.165257,0.129437,1.206266,2.919047,-19.26122079155528,11.022724379957856,-15.888454601593535,-0.178011,0.070766,-0.119718,0.974152,0.961319,-0.258442,-0.095251,0.208053,0.907959,-0.363764,0.343312,1.219068,2.896364,-19.044000846010487,15.410622852602016,8.764241687646257,-0.15335,0.14437,0.09679,0.972766,0.939578,0.144031,-0.310561,-0.232587,0.934231,-0.2704,F,BuildTutorial
15.49,0.17663,1.601138,2.677304,9.864486469718946,7.918467294175543,2.7801757824034596,-0.087416,-0.06669,-0.018177,-0.993771,0.990444,0.047788,-0.129371,-0.024469,0.984056,0.176168,0.128463,1.206964,2.91977,-19.395494068604687,10.695788873391985,-16.096241047313526,-0.178928,0.067485,-0.121858,0.973952,0.961193,-0.261516,-0.087846,0.213217,0.906271,-0.364981,0.343754,1.218525,2.895606,-19.007292479803994,15.397002872530486,8.73697179501553,-0.153083,0.144201,0.096502,0.972861,0.939787,0.143616,-0.310121,-0.231915,0.934506,-0.270026,F,BuildTutorial
15.523,0.177634,1.600129,2.677189,10.416806491086517,8.690031735296218,3.3602600083287832,-0.092691,-0.072763,-0.02224,-0.992784,0.988422,0.057649,-0.140352,-0.030671,0.981828,0.18728,0.127567,1.207659,2.920417,-19.684084623831453,10.312633466096504,-16.403181099760197,-0.181132,0.063359,-0.124783,0.973451,0.96083,-0.265892,-0.07815,0.219987,0.903241,-0.368459,0.344384,1.218121,2.894886,-18.923212879734475,15.45958029596524,8.662570034551889,-0.152408,0.144595,0.095866,0.972972,0.939804,0.142474,-0.310596,-0.230624,0.935163,-0.268853,F,BuildTutorial
15.557,0.178476,1.59944,2.676812,10.813830252709032,9.231493435576771,3.546580088697448,-0.096357,-0.07717,-0.023128,-0.992081,0.98702,0.060762,-0.148661,-0.031019,0.980361,0.194757,0.127073,1.208027,2.920486,-20.037466663103903,10.113096746871475,-16.907395492576693,-0.18417,0.060376,-0.129038,0.972515,0.959408,-0.273222,-0.069904,0.228744,0.898861,-0.373797,0.345057,1.217478,2.894325,-18.80099816294403,15.650762157743216,8.581500756883194,-0.15131,0.146056,0.095302,0.97298,0.939171,0.141254,-0.313059,-0.229652,0.936046,-0.266604,F,BuildTutorial
15.59,0.179173,1.598832,2.676664,11.15387200328504,9.553942495253716,3.550723179225495,-0.099366,-0.079843,-0.022638,-0.991584,0.986225,0.060763,-0.153842,-0.029028,0.979228,0.200675,0.127118,1.207865,2.920521,-20.218641876506087,10.1054659195804,-17.482835034335718,-0.185991,0.059126,-0.133755,0.971608,0.957228,-0.281908,-0.065141,0.23792,0.895034,-0.377237,0.345712,1.217064,2.89365,-18.71194941406862,15.644107243098505,8.616648113675588,-0.150512,0.146006,0.095497,0.973092,0.939126,0.141903,-0.312901,-0.229806,0.936453,-0.265039,F,BuildTutorial
15.623,0.179868,1.598382,2.676487,11.454299920800606,9.873784482237683,3.51994765136455,-0.102004,-0.082535,-0.021862,-0.991113,0.98542,0.060173,-0.159143,-0.026498,0.978234,0.205804,0.127568,1.207184,2.920865,-20.14748439669185,10.384300087935648,-17.831428667811288,-0.185902,0.061027,-0.136328,0.971149,0.955381,-0.28748,-0.067846,0.242099,0.893711,-0.377716,0.34632,1.216494,2.892856,-18.60815812765489,15.550076913442984,8.814464522128313,-0.149455,0.145419,0.096944,0.9732,0.93891,0.145225,-0.312021,-0.232159,0.93653,-0.262705,F,BuildTutorial
15.656,0.180496,1.597744,2.676201,11.80843258273353,10.151369346604865,3.5121528937626545,-0.105111,-0.084821,-0.021266,-0.990608,0.984706,0.059963,-0.163578,-0.024301,0.976999,0.211855,0.127812,1.205843,2.921477,-19.83894705497539,10.42960985417282,-18.42353483032609,-0.183671,0.060914,-0.141583,0.970829,0.952488,-0.297282,-0.066265,0.25253,0.892439,-0.373874,0.346779,1.215923,2.892129,-18.487822971499902,15.529506374958034,8.923189973902756,-0.148309,0.145329,0.097714,0.973312,0.938663,0.147105,-0.311885,-0.23332,0.936913,-0.260301,F,BuildTutorial
15.69,0.180857,1.597184,2.675818,12.16287816624772,10.270691840099584,3.513950369279885,-0.108196,-0.085728,-0.020887,-0.990206,0.984429,0.059917,-0.165256,-0.022815,0.975715,0.217853,0.126596,1.204625,2.922372,-19.57961437043754,9.618853183715284,-18.652345741779595,-0.180585,0.054071,-0.145065,0.971299,0.952065,-0.301331,-0.052645,0.262274,0.892691,-0.366491,0.347245,1.215643,2.891237,-18.36426608658288,15.485912368753768,9.03537765630122,-0.147151,0.145044,0.098481,0.973453,0.938528,0.149046,-0.311369,-0.23442,0.937296,-0.257921,F,BuildTutorial
15.723,0.180899,1.597209,2.675633,12.209974542235022,10.19816468123374,3.462125447947585,-0.108551,-0.085134,-0.02047,-0.990227,0.984666,0.059024,-0.164161,-0.022058,0.975595,0.218466,0.125489,1.204015,2.922933,-19.450023684685934,9.036183089258564,-18.535961445391468,-0.178701,0.049508,-0.145112,0.971884,0.952983,-0.299759,-0.044368,0.264371,0.894017,-0.361721,0.347723,1.215724,2.890203,-18.38884810682145,15.34511731830597,9.120987245973389,-0.147374,0.14397,0.099053,0.973521,0.938923,0.150425,-0.309511,-0.235295,0.936939,-0.258422,F,BuildTutorial
15.756,0.180679,1.597308,2.675364,12.20854887206358,10.002079847214366,3.4737135643645565,-0.108512,-0.083429,-0.020757,-0.990371,0.985218,0.059219,-0.160747,-0.023007,0.975589,0.218397,0.125125,1.203505,2.923089,-19.39601219338417,9.150597975261446,-18.396645604661117,-0.178328,0.050776,-0.143801,0.972081,0.953486,-0.297683,-0.04743,0.261463,0.895041,-0.361302,0.348292,1.215623,2.889291,-18.348438123007643,15.272084185328142,9.179789000776855,-0.147019,0.143405,0.099417,0.973621,0.939103,0.151422,-0.308476,-0.235755,0.937004,-0.257767,F,BuildTutorial
15.79,0.180096,1.597464,2.675158,12.143434132888954,9.596320666113304,3.497869678166782,-0.107892,-0.079921,-0.021399,-0.990714,0.986309,0.059647,-0.153741,-0.025156,0.975803,0.217201,0.125142,1.203089,2.922986,-19.374760284593968,9.303543649820137,-18.941178722820663,-0.178586,0.051257,-0.1482,0.971348,0.950819,-0.306215,-0.046644,0.2696,0.892287,-0.362131,0.349233,1.215166,2.888398,-18.203596619731748,15.346058572169284,9.189128330912547,-0.145708,0.143973,0.099441,0.973731,0.938766,0.151702,-0.309361,-0.235614,0.937761,-0.255126,F,BuildTutorial
15.823,0.179132,1.597953,2.674995,11.91902855961545,8.860700443429756,3.4292371864623092,-0.105768,-0.073698,-0.021654,-0.99142,0.988199,0.058526,-0.141551,-0.027347,0.976688,0.212913,0.124445,1.203021,2.9231,-19.44610745648173,9.111459788022938,-19.238085272727616,-0.179067,0.049056,-0.15095,0.970949,0.949616,-0.310698,-0.041201,0.27556,0.890298,-0.362541,0.350427,1.214405,2.887754,-17.987439741565026,15.529780965125749,9.21935076460989,-0.143667,0.145464,0.099704,0.973786,0.937799,0.152383,-0.311949,-0.235977,0.938838,-0.250796,F,BuildTutorial
15.856,0.178126,1.598627,2.674716,11.557219890710714,8.17878106630397,3.3103292592856883,-0.102436,-0.06802,-0.021487,-0.992179,0.989823,0.056574,-0.130573,-0.028703,0.97809,0.206194,0.123239,1.20314,2.923429,-19.508989890186676,8.662853040594676,-19.41569562356345,-0.179075,0.04488,-0.153099,0.970813,0.949093,-0.313336,-0.032308,0.281188,0.888985,-0.36144,0.35128,1.213951,2.886979,-17.899309343807246,15.650778780295038,9.125552282114125,-0.14293,0.146331,0.098965,0.97384,0.937587,0.150922,-0.313295,-0.234582,0.939554,-0.249419,F,BuildTutorial
15.89,0.177199,1.599641,2.674178,11.038237375882508,7.486483373269749,3.323897406854684,-0.097817,-0.062172,-0.02253,-0.993005,0.991254,0.056908,-0.119067,-0.032582,0.979848,0.197067,0.121254,1.203519,2.92389,-19.520836089195544,7.880106873181638,-19.265982261925604,-0.178075,0.038462,-0.15304,0.971282,0.950199,-0.310988,-0.020211,0.283592,0.889736,-0.357695,0.351811,1.213471,2.886424,-17.793186299866477,15.625101619835249,9.185989976383643,-0.14197,0.146135,0.099334,0.973972,0.937555,0.152004,-0.312867,-0.234991,0.939954,-0.247518,F,BuildTutorial
15.923,0.176287,1.601022,2.673623,10.359599017304095,6.808012417959806,3.3577122965315156,-0.091816,-0.056468,-0.023768,-0.99389,0.992493,0.057614,-0.107881,-0.036876,0.98201,0.185195,0.120082,1.204148,2.923893,-19.65341505220881,7.6538431492001076,-19.38370113898369,-0.178929,0.036157,-0.154281,0.971017,0.94978,-0.312558,-0.015007,0.28668,0.888364,-0.358643,0.35221,1.213558,2.885823,-17.84143897789643,15.569113489973269,8.88123637784923,-0.142817,0.145304,0.096725,0.974235,0.939062,0.146961,-0.310749,-0.229969,0.940495,-0.250165,F,BuildTutorial
15.956,0.175413,1.602532,2.673088,9.580789706270696,6.152202234381923,3.4221626030485517,-0.08495,-0.050961,-0.025233,-0.994761,0.993533,0.058861,-0.0971,-0.041544,0.984294,0.171581,0.1198,1.205351,2.923576,-20.133604349362795,7.975497128089493,-19.77572085143051,-0.183541,0.037512,-0.156692,0.969718,0.948081,-0.317664,-0.015233,0.290124,0.883521,-0.367722,0.352539,1.21376,2.885507,-17.915303680158992,15.4954892683626,8.53804494736348,-0.143942,0.144283,0.093793,0.974508,0.94077,0.141268,-0.308212,-0.224342,0.940967,-0.25348,F,BuildTutorial
15.99,0.174373,1.604187,2.672706,8.715186730598793,5.372255200048551,3.5097105883239252,-0.077293,-0.044383,-0.026942,-0.995656,0.994609,0.060511,-0.084216,-0.046789,0.9866,0.156306,0.119921,1.206593,2.92283,-20.839281733578268,8.492918261339103,-20.73803054892441,-0.190522,0.039174,-0.16336,0.967202,0.943558,-0.330931,-0.013532,0.301077,0.87403,-0.381345,0.352644,1.214097,2.885498,-18.12696372601086,15.381730988060568,8.353155830045996,-0.146072,0.143176,0.0923,0.974497,0.941963,0.138065,-0.306013,-0.22172,0.940287,-0.258263,F,BuildTutorial
16.023,0.173274,1.606021,2.672446,7.723466678761201,4.517871458682627,3.5948488196111454,-0.068497,-0.037196,-0.028617,-0.996547,0.995595,0.062132,-0.070216,-0.051941,0.988978,0.138651,0.120005,1.207225,2.92212,-21.266667350306637,8.798917522732891,-21.812653591961336,-0.194921,0.039221,-0.171508,0.964911,0.938093,-0.34627,-0.008829,0.31569,0.865182,-0.389616,0.35249,1.214385,2.885654,-18.466515601505098,15.157381861600456,8.628451292880442,-0.148809,0.141775,0.094705,0.974057,0.941862,0.142301,-0.30438,-0.22669,0.937774,-0.263043,F,BuildTutorial
16.056,0.172211,1.60766,2.672208,6.808757097166103,3.721527475363901,3.670603579215361,-0.060359,-0.030496,-0.030026,-0.997259,0.996337,0.063568,-0.0572,-0.056205,0.990911,0.122219,0.119857,1.207496,2.921437,-21.38603473695925,8.790230195547657,-22.00636626382689,-0.195973,0.038609,-0.17304,0.964449,0.937133,-0.348909,-0.00665,0.318644,0.863303,-0.391374,0.35217,1.213975,2.886256,-18.38826092256549,14.871636487805556,9.908304796977802,-0.146812,0.140958,0.105133,0.973409,0.938156,0.163286,-0.30529,-0.246064,0.934786,-0.256178,F,BuildTutorial
16.09,0.171448,1.608664,2.671517,6.268971507569983,3.044436605764677,3.795848748916343,-0.055509,-0.0247,-0.031606,-0.997652,0.996782,0.065806,-0.045776,-0.060322,0.99184,0.112319,0.119841,1.207279,2.920746,-21.139136716958323,8.786944347801953,-21.528785327005743,-0.193737,0.039822,-0.169258,0.965522,0.939532,-0.342275,-0.011315,0.311415,0.867635,-0.387595,0.351865,1.21352,2.887095,-18.15038755659228,14.77359471333482,10.153891138945657,-0.144573,0.140302,0.10686,0.973651,0.937793,0.16752,-0.304107,-0.248655,0.93536,-0.251541,F,BuildTutorial
16.123,0.171135,1.609116,2.670935,6.0310355606618336,2.618251483416979,3.913184377460882,-0.053341,-0.021006,-0.032885,-0.997814,0.996955,0.067867,-0.038411,-0.063385,0.992147,0.10783,0.120046,1.2064,2.920145,-20.48820327329563,8.657307064051752,-21.014493195239748,-0.187906,0.04069,-0.165743,0.967246,0.941747,-0.335921,-0.016427,0.305337,0.874441,-0.376992,0.351368,1.213579,2.887803,-18.11940136727425,14.609212500829631,9.77927794611034,-0.144915,0.138414,0.103438,0.974239,0.940285,0.16143,-0.299675,-0.241663,0.936601,-0.253729,F,BuildTutorial
16.156,0.171305,1.60922,2.670544,6.0084620793914745,2.4840238647330004,3.988970699173096,-0.053119,-0.019809,-0.033612,-0.997826,0.996956,0.069182,-0.035961,-0.064973,0.992097,0.107338,0.120606,1.205261,2.919359,-19.67699064944164,8.685227132307336,-20.40301839551073,-0.180901,0.043251,-0.161271,0.969224,0.944242,-0.328264,-0.025491,0.296968,0.882533,-0.364618,0.350714,1.213603,2.888556,-18.175208437546132,14.342796757383416,9.442413128990818,-0.146031,0.135751,0.100289,0.974776,0.943027,0.155872,-0.293945,-0.235167,0.937234,-0.257466,F,BuildTutorial
16.19,0.171789,1.609337,2.670307,5.950342109035626,2.4802244592533116,3.978331783546793,-0.05261,-0.019799,-0.033533,-0.997856,0.996967,0.069005,-0.035984,-0.064838,0.992216,0.106323,0.121605,1.204575,2.918334,-18.993348393186015,8.949593571301424,-19.760940420110288,-0.175252,0.047585,-0.156044,0.970913,0.946772,-0.319689,-0.037708,0.286331,0.889874,-0.35516,0.349323,1.213348,2.88946,-18.276853221322742,13.698440040580428,10.655307605931572,-0.146073,0.131876,0.109877,0.974268,0.941071,0.175572,-0.289066,-0.252626,0.93318,-0.255648,F,BuildTutorial
16.222,0.172363,1.609464,2.670135,5.856109623846477,2.563944322018277,3.950612438074932,-0.051809,-0.02057,-0.033273,-0.997891,0.99694,0.068537,-0.037605,-0.064274,0.992418,0.104767,0.121917,1.204606,2.91709,-18.57257418128069,8.50191851604426,-18.626382689966658,-0.170641,0.046147,-0.147467,0.973142,0.952248,-0.302762,-0.039487,0.271264,0.89827,-0.345726,0.34787,1.213218,2.890238,-18.31516221892283,13.12978002911417,11.764231082685162,-0.145707,0.12848,0.118612,0.973752,0.938848,0.193556,-0.284781,-0.268438,0.929401,-0.253287,F,BuildTutorial
16.256,0.17297,1.609376,2.669786,5.870924114985111,2.6658796623283525,3.888985534235932,-0.051956,-0.021481,-0.032687,-0.997883,0.99694,0.067467,-0.039475,-0.063003,0.992464,0.105096,0.121823,1.204625,2.916008,-18.289007596115436,7.981616634761656,-17.730722971883644,-0.167235,0.043458,-0.140857,0.974835,0.956542,-0.28916,-0.037616,0.260089,0.904384,-0.338296,0.346818,1.213775,2.890549,-18.47381232227597,12.784067336850269,11.662835452551974,-0.147529,0.125526,0.117439,0.974006,0.940903,0.191735,-0.279177,-0.265809,0.928887,-0.257904,F,BuildTutorial
16.29,0.173505,1.609166,2.669627,5.961992002437564,2.798399160692115,3.850039586613863,-0.052779,-0.022625,-0.032267,-0.997828,0.996894,0.066783,-0.041745,-0.062006,0.992346,0.10679,0.12238,1.204503,2.914854,-18.07251754829315,7.994979096422194,-17.44522733216022,-0.165306,0.044291,-0.138582,0.975452,0.957667,-0.285003,-0.04059,0.255717,0.906938,-0.334772,0.345864,1.214323,2.890742,-18.52388725387328,12.476516110280835,11.336012776557226,-0.148621,0.122524,0.114303,0.974595,0.943846,0.186378,-0.272798,-0.259217,0.929693,-0.261681,F,BuildTutorial
16.323,0.174093,1.609011,2.669565,6.02123183491259,3.013677405010384,3.8253114338629497,-0.05335,-0.024493,-0.031938,-0.997764,0.99676,0.066346,-0.04547,-0.061119,0.992268,0.108026,0.123655,1.204604,2.913717,-18.211238790297276,8.448654611826734,-17.774979958174463,-0.167167,0.047477,-0.140616,0.974694,0.955946,-0.289988,-0.045539,0.258242,0.904565,-0.339224,0.345126,1.214931,2.890932,-18.631123355914475,12.14618149729903,11.313275816922433,-0.149889,0.119759,0.113763,0.974807,0.945431,0.185893,-0.267588,-0.257695,0.929183,-0.264977,F,BuildTutorial
16.356,0.174779,1.608898,2.669512,6.135560153829322,3.342972301665883,3.779736841250243,-0.054426,-0.027347,-0.031357,-0.997651,0.996538,0.065543,-0.051151,-0.059589,0.992109,0.110311,0.124546,1.204861,2.912973,-18.46362359561386,8.605318546623598,-18.069299520555415,-0.169621,0.048013,-0.142674,0.973944,0.954678,-0.294202,-0.045124,0.261625,0.901746,-0.344103,0.344399,1.215124,2.891074,-18.73371828812033,11.65180391026814,11.767520467884978,-0.150795,0.116223,0.117055,0.974706,0.945581,0.193137,-0.261868,-0.26324,0.927118,-0.266753,F,BuildTutorial
16.39,0.175512,1.608616,2.669529,6.295083146380246,3.8487639796950974,3.68112984094302,-0.055925,-0.03175,-0.030209,-0.997473,0.996159,0.063816,-0.059962,-0.056713,0.99192,0.113486,0.125369,1.20486,2.912347,-18.495228560280665,8.747360281928332,-18.201536611565324,-0.170122,0.048978,-0.14356,0.973679,0.953984,-0.296227,-0.046532,0.262898,0.900898,-0.345351,0.344186,1.215359,2.891314,-19.10134206863391,11.084057965192892,12.932759252082729,-0.153368,0.11323,0.126462,0.973481,0.942373,0.211485,-0.259245,-0.280948,0.920972,-0.269962,F,BuildTutorial
16.423,0.176368,1.608242,2.669532,6.489662591689569,4.4617843973903675,3.511477546324029,-0.057724,-0.037113,-0.028364,-0.997239,0.995636,0.060855,-0.070747,-0.052286,0.991727,0.117235,0.126504,1.204572,2.911797,-18.245064984082124,9.089031451557013,-18.172279348433424,-0.168419,0.052291,-0.143027,0.973881,0.953618,-0.296197,-0.053673,0.26097,0.902356,-0.342999,0.345472,1.215615,2.891569,-19.530278583556125,10.888529432763765,14.13147951094835,-0.156061,0.113562,0.136649,0.971636,0.936861,0.230101,-0.263333,-0.300992,0.913944,-0.272232,F,BuildTutorial
16.456,0.177635,1.607859,2.669485,6.676099848414983,5.420686859662287,3.3024460700753813,-0.059498,-0.045511,-0.025982,-0.996852,0.994507,0.057216,-0.087644,-0.046385,0.99157,0.120986,0.127364,1.204626,2.911163,-18.18351960372355,9.385127013406985,-18.075963223857343,-0.168221,0.055039,-0.141829,0.973939,0.95371,-0.294784,-0.059491,0.257749,0.903173,-0.343285,0.347882,1.215677,2.891984,-19.736110237022487,10.847998417350688,15.62496282828904,-0.15637,0.115454,0.14937,0.969488,0.928718,0.253518,-0.270577,-0.325733,0.906474,-0.268707,F,BuildTutorial
16.49,0.178981,1.607582,2.669449,6.820513940040214,6.5205731749265405,3.1567115052226935,-0.06093,-0.055114,-0.024069,-0.996329,0.992766,0.054677,-0.10689,-0.041244,0.991417,0.124066,0.128036,1.20471,2.91047,-18.23256211179651,9.723147253061327,-18.23577962324206,-0.169134,0.057604,-0.142644,0.973513,0.952669,-0.297218,-0.063905,0.258247,0.902093,-0.345742,0.350843,1.216866,2.892137,-20.485460805731847,10.21980434097507,18.063683319801164,-0.161157,0.114364,0.169509,0.965514,0.916376,0.290464,-0.275475,-0.364186,0.890591,-0.272426,F,BuildTutorial
16.523,0.180443,1.607511,2.669424,6.841361487337763,7.74416556853487,2.875386828907,-0.061203,-0.065894,-0.02096,-0.995727,0.990437,0.049806,-0.128659,-0.033675,0.99163,0.124645,0.128579,1.204721,2.909861,-18.265983481578168,10.03739055984925,-18.384199242015992,-0.169885,0.060004,-0.143408,0.973125,0.951667,-0.299496,-0.068057,0.258721,0.901147,-0.347849,0.353632,1.218946,2.892491,-21.807770034243102,7.850643202243394,23.384392936867503,-0.17118,0.10407,0.211209,0.956691,0.889121,0.368494,-0.271435,-0.439753,0.852177,-0.283571,F,BuildTutorial
16.556,0.181956,1.607579,2.669487,6.859841846079299,9.029654580738246,2.577174959691118,-0.061394,-0.077215,-0.01767,-0.994966,0.987451,0.044644,-0.151483,-0.025682,0.991837,0.124899,0.129359,1.204448,2.90893,-18.22930463145527,10.463368515985524,-18.57537471059418,-0.170213,0.063392,-0.144435,0.972701,0.95024,-0.302565,-0.074153,0.259405,0.900332,-0.349445,0.358102,1.221893,2.892653,-23.14206158286002,5.898792322806276,28.275721480488276,-0.181937,0.09781,0.248983,0.946224,0.856882,0.435596,-0.275699,-0.506778,0.809813,-0.2956,F,BuildTutorial
16.589,0.183315,1.607701,2.669527,6.8007682706302734,10.203554183136475,2.3434679793635995,-0.060881,-0.087542,-0.015059,-0.994185,0.984219,0.040602,-0.172232,-0.019283,0.992133,0.123691,0.130059,1.203977,2.907853,-18.172044387937564,11.046479712297918,-18.73911701644465,-0.17056,0.068184,-0.145016,0.97223,0.948642,-0.305238,-0.083114,0.258719,0.899759,-0.351423,0.365337,1.225439,2.893363,-23.906282450832755,5.250198950109857,31.658979490467495,-0.186826,0.099544,0.275707,0.937642,0.828153,0.479835,-0.289692,-0.554224,0.778163,-0.295461,F,BuildTutorial
16.622,0.184082,1.607684,2.669589,6.822024658581514,11.118016328723316,2.079034626349809,-0.060963,-0.095609,-0.012262,-0.993475,0.981417,0.036021,-0.188476,-0.012706,0.992266,0.123476,0.130774,1.203018,2.90662,-18.06474930084281,11.72743945737428,-18.96740760168218,-0.170661,0.073785,-0.146053,0.971648,0.946448,-0.309009,-0.093534,0.25864,0.899087,-0.353198,0.373578,1.229815,2.893715,-24.5572335964498,5.282537710803845,33.35306143400646,-0.190583,0.104098,0.289494,0.932221,0.810714,0.500067,-0.304429,-0.579423,0.759743,-0.295059,F,BuildTutorial
16.656,0.184501,1.607288,2.669774,6.843122488934749,11.680181701393131,1.6869221824679528,-0.060861,-0.100686,-0.008546,-0.993018,0.979579,0.029228,-0.198926,-0.004717,0.992446,0.122593,0.132288,1.201405,2.905612,-17.86486151377561,12.580091066586483,-19.295576735608876,-0.170291,0.080837,-0.147791,0.970889,0.943247,-0.314508,-0.106632,0.259445,0.898318,-0.354561,0.381381,1.2335,2.894321,-24.991556230928936,5.116731793343966,35.55700840774927,-0.192523,0.107498,0.307005,0.925812,0.788384,0.527066,-0.317257,-0.60985,0.737365,-0.290475,F,BuildTutorial
16.689,0.184787,1.606646,2.670195,6.834328549713251,11.940042523445747,1.1709869853010924,-0.06034,-0.103212,-0.003946,-0.99282,0.978664,0.020291,-0.204465,0.00462,0.992687,0.120628,0.134162,1.199496,2.904927,-17.654375805665573,13.41682439190371,-19.520326792205477,-0.169767,0.087926,-0.148703,0.970225,0.940313,-0.318405,-0.120126,0.258697,0.898133,-0.355573,0.388865,1.236005,2.895615,-25.172842011240743,5.3343911762121135,37.26461399305872,-0.191757,0.112582,0.321087,0.920575,0.768457,0.547993,-0.330422,-0.634346,0.720265,-0.280756,F,BuildTutorial
16.723,0.185421,1.605636,2.670851,6.910909816991876,12.086309620025622,0.5825514749718738,-0.060471,-0.10478,0.001299,-0.992654,0.978039,0.010093,-0.208177,0.015252,0.992683,0.119782,0.13632,1.197551,2.90466,-17.637091507976205,14.047600969346512,-19.70657376801909,-0.170589,0.093016,-0.149364,0.969504,0.938077,-0.321354,-0.129399,0.257884,0.89718,-0.35856,0.396315,1.237739,2.896684,-25.633134473102213,5.7872230607081265,37.67452515402411,-0.193788,0.118121,0.325034,0.918067,0.760801,0.551025,-0.342861,-0.642586,0.713599,-0.279034,F,BuildTutorial
16.756,0.18666,1.604359,2.671681,7.265256030858963,12.20222967572822,0.1415731299811046,-0.063131,-0.105992,0.005508,-0.992346,0.977471,0.002451,-0.211056,0.024315,0.991968,0.124128,0.139154,1.19529,2.904713,-17.594057004542112,14.645152093777815,-20.00358087312652,-0.171258,0.097697,-0.15104,0.968666,0.935285,-0.326077,-0.137538,0.259152,0.895716,-0.361295,0.403321,1.237986,2.897909,-25.72067448606609,6.211946150404652,38.8580020649867,-0.192021,0.123744,0.335191,0.914036,0.744669,0.565231,-0.35494,-0.660276,0.70155,-0.268073,F,BuildTutorial
16.79,0.189195,1.603223,2.672516,7.732945394271768,12.369647342852344,-0.1577159999578813,-0.066891,-0.107583,0.00863,-0.991906,0.976703,-0.002728,-0.214579,0.031513,0.990902,0.130843,0.142696,1.193002,2.905546,-17.504943393030935,15.024235633684984,-20.278499935409247,-0.171251,0.100638,-0.152915,0.968072,0.932978,-0.330533,-0.142476,0.261596,0.894581,-0.362344,0.410529,1.236489,2.899832,-25.20861419371316,6.510487911811193,39.94959540896745,-0.185828,0.126506,0.344482,0.91148,0.730657,0.58096,-0.358645,-0.674994,0.6936,-0.251599,F,BuildTutorial
16.822,0.193666,1.602129,2.673536,8.41840764499019,12.853257538142469,-0.4113489304703681,-0.072536,-0.11189,0.011773,-0.991,0.974684,-0.007103,-0.223475,0.039567,0.9892,0.141132,0.146226,1.191375,2.906651,-17.521997352755104,15.058089587862863,-20.533242157612296,-0.171663,0.100514,-0.154993,0.967681,0.931749,-0.334476,-0.141318,0.265458,0.893019,-0.363387,0.418326,1.23417,2.902609,-24.82875437778491,6.5957269730744255,40.042419851058774,-0.182419,0.126267,0.345429,0.911844,0.729471,0.583888,-0.356297,-0.676021,0.694805,-0.245442,F,BuildTutorial
16.856,0.201416,1.599873,2.673997,9.607655977275591,14.524924658556026,-0.8019473165715639,-0.082189,-0.126549,0.017504,-0.988395,0.967358,-0.013799,-0.253038,0.055403,0.985877,0.15804,0.150313,1.190874,2.907472,-17.46084930682683,14.847961917490958,-21.167271671793124,-0.17141,0.097896,-0.160742,0.967056,0.929157,-0.344453,-0.134237,0.277332,0.889561,-0.362998,0.426854,1.230755,2.906668,-24.63676967184881,6.184054440834601,41.139543080023174,-0.180936,0.124187,0.353533,0.909315,0.719184,0.598006,-0.353784,-0.687885,0.684553,-0.241247,F,BuildTutorial
16.889,0.211516,1.596836,2.67424,11.108308304295178,16.887489124272097,-0.856017266918356,-0.094643,-0.14686,0.021566,-0.984383,0.955934,-0.01466,-0.293214,0.070257,0.981155,0.179996,0.15454,1.191693,2.907903,-17.689877276114437,14.410628447376643,-21.175230608091507,-0.172721,0.093795,-0.161163,0.967159,0.930458,-0.344142,-0.125757,0.279341,0.888387,-0.36433,0.436364,1.224547,2.911924,-23.311972200518095,5.333838272943759,43.87229357068656,-0.170181,0.117664,0.374193,0.903976,0.692269,0.636476,-0.340091,-0.716572,0.662036,-0.21962,F,BuildTutorial
16.922,0.22293,1.593466,2.674623,12.559787576934534,19.230646095737224,-0.8557383213996202,-0.106606,-0.166831,0.025589,-0.979872,0.943026,-0.014577,-0.332401,0.085717,0.975961,0.200382,0.159638,1.192459,2.907788,-17.87502572331913,14.2714974402279,-21.08645879268109,-0.174005,0.092434,-0.160383,0.96719,0.931466,-0.34241,-0.122988,0.278074,0.887999,-0.36624,0.444975,1.216835,2.91757,-20.712260046756192,3.532853354534483,46.33526052738525,-0.153261,0.098568,0.391924,0.901771,0.673359,0.676639,-0.297905,-0.737065,0.645813,-0.19915,F,BuildTutorial
16.956,0.234489,1.590142,2.675493,13.850532383186025,20.73568605432588,-0.6606697655551697,-0.117574,-0.179335,0.027329,-0.976355,0.934184,-0.011196,-0.356615,0.095536,0.970859,0.219786,0.165304,1.192929,2.907581,-18.14245041878685,14.24068160843186,-21.1188719425426,-0.176228,0.091661,-0.160356,0.966865,0.931769,-0.342392,-0.120729,0.277779,0.886459,-0.370174,0.453401,1.211373,2.922551,-19.450698598291886,1.8745733260473767,47.40207903418056,-0.148176,0.082656,0.398665,0.901265,0.668469,0.69411,-0.267135,-0.7431,0.638221,-0.201187,F,BuildTutorial
16.989,0.245586,1.587043,2.677075,15.05629115412474,21.314749652800117,-0.6258842666627386,-0.12775,-0.184042,0.02955,-0.974133,0.930511,-0.010549,-0.366113,0.104595,0.965613,0.238015,0.170856,1.193556,2.907938,-18.620840959104346,13.85247889309419,-21.45109041189746,-0.179944,0.087035,-0.163144,0.966142,0.931618,-0.346562,-0.109462,0.283917,0.882009,-0.376101,0.462412,1.207257,2.927384,-18.953316136877003,1.285817532185633,48.06601879484457,-0.145856,0.077158,0.403367,0.900038,0.662683,0.703583,-0.256558,-0.748599,0.632042,-0.200306,F,BuildTutorial
17.023,0.256455,1.584968,2.678913,15.791148972905312,21.0078225312165,-0.6605296443388682,-0.134023,-0.18135,0.030656,-0.973761,0.932345,-0.011094,-0.3614,0.108314,0.962196,0.249893,0.176234,1.193794,2.908357,-19.279505827067545,13.27468241832604,-22.31041901915766,-0.185234,0.07962,-0.170468,0.964515,0.929203,-0.358335,-0.090436,0.299342,0.873258,-0.384467,0.469471,1.203098,2.931982,-18.368437571544103,0.442041041067776,47.02862041577183,-0.144835,0.067172,0.394425,0.904953,0.679834,0.694414,-0.235828,-0.733329,0.646904,-0.20915,F,BuildTutorial
17.056,0.26742,1.583207,2.680722,16.43331392503427,20.335346682564975,-0.6865296821472753,-0.139623,-0.175557,0.031065,-0.974023,0.93643,-0.011492,-0.350667,0.109539,0.959081,0.261084,0.182077,1.193503,2.90925,-19.75566910702736,12.611742216661318,-23.233999887822755,-0.188807,0.071656,-0.178727,0.962951,0.925844,-0.371269,-0.070513,0.317152,0.864817,-0.389237,0.475446,1.198113,2.936366,-17.5778247830378,-0.335641219647921,45.14950902672077,-0.142198,0.055983,0.378966,0.912705,0.706502,0.675847,-0.209968,-0.707689,0.672329,-0.217138,F,BuildTutorial
17.088,0.277942,1.58237,2.682884,17.25601931326473,19.112127639192533,-0.5718447477227108,-0.147116,-0.16487,0.02977,-0.974827,0.943864,-0.009531,-0.330198,0.106551,0.954941,0.27701,0.18749,1.192616,2.911217,-19.893716894846676,11.375055553041303,-23.540294477960856,-0.188182,0.060499,-0.183172,0.963003,0.925576,-0.37556,-0.047582,0.330021,0.862071,-0.384604,0.480101,1.191124,2.94123,-16.36583044001544,-1.3591354428332083,43.83230235986027,-0.13642,0.042231,0.367857,0.918851,0.725796,0.664489,-0.177974,-0.687534,0.692142,-0.219629,F,BuildTutorial
17.123,0.288007,1.58219,2.685408,18.06395376296291,17.465457349073162,-0.9275598290878704,-0.153947,-0.151194,0.031735,-0.975927,0.952266,-0.015391,-0.30488,0.108494,0.950586,0.290886,0.192723,1.191278,2.913924,-19.491270149582153,9.40293404801238,-23.25458184931283,-0.181524,0.045122,-0.184378,0.964893,0.927938,-0.37219,-0.020137,0.339428,0.866108,-0.366942,0.483439,1.182677,2.945646,-14.508482784277398,-2.9050689308415416,43.25069831138299,-0.126614,0.023145,0.362493,0.923056,0.736126,0.663342,-0.134522,-0.675064,0.705135,-0.216965,F,BuildTutorial
17.155,0.298671,1.580774,2.688229,18.48217194880197,16.118995143027494,-1.245000382087844,-0.15749,-0.140101,0.033131,-0.97697,0.958548,-0.020606,-0.284185,0.108864,0.948198,0.298444,0.19774,1.191126,2.916295,-19.02496373271832,6.758213608418067,-22.444291236791948,-0.173134,0.024914,-0.182049,0.967606,0.932475,-0.36093,0.014824,0.343676,0.873765,-0.344123,0.486765,1.174805,2.949241,-12.753564464480895,-4.47460829663435,42.33230637821451,-0.117503,0.003893,0.354523,0.927627,0.748596,0.656815,-0.090537,-0.658645,0.721013,-0.215238,F,BuildTutorial
17.189,0.310771,1.577555,2.69083,19.170044934054115,15.68390451615121,-1.2713823205417625,-0.163451,-0.136358,0.033555,-0.976506,0.960561,-0.020957,-0.277279,0.110109,0.944316,0.310071,0.203579,1.191971,2.917654,-19.01943304593526,4.738034391161771,-21.2480085609554,-0.16976,0.009635,-0.174962,0.969782,0.938591,-0.342622,0.040715,0.336079,0.88114,-0.332632,0.490382,1.168811,2.952101,-12.035608757643672,-5.850007207510883,40.479369902793245,-0.115792,-0.011393,0.338574,0.933718,0.770475,0.634905,-0.057132,-0.629628,0.743919,-0.223949,F,BuildTutorial
17.223,0.324777,1.571304,2.692455,20.607095603742486,16.835622787052746,-0.8074282878706642,-0.175917,-0.145273,0.033041,-0.973066,0.955608,-0.01319,-0.294345,0.115413,0.935923,0.332758,0.210548,1.19253,2.918456,-19.554121339562688,3.700529043467031,-20.54852551804652,-0.17268,0.001036,-0.170283,0.970146,0.942005,-0.330757,0.056799,0.330042,0.88237,-0.335403,0.496239,1.163283,2.955232,-11.89050752195726,-6.746523509121322,38.8971420552252,-0.116985,-0.020757,0.324849,0.938273,0.788085,0.614451,-0.037053,-0.604737,0.761576,-0.233013,F,BuildTutorial
17.256,0.340114,1.563684,2.692987,23.064242220942123,19.574205593110207,-0.1448553064829846,-0.196797,-0.166805,0.035204,-0.965509,0.941874,-0.002327,-0.33596,0.133634,0.920063,0.368274,0.217815,1.192119,2.918706,-20.253974473687553,3.1709630340642136,-21.07535574117968,-0.17778,-0.005366,-0.175181,0.968337,0.938566,-0.337361,0.072678,0.341176,0.875412,-0.342421,0.505281,1.158886,2.959174,-12.73482299675475,-7.501405337232089,39.36609463571694,-0.126097,-0.023939,0.327191,0.936201,0.784746,0.618671,-0.037692,-0.606596,0.754091,-0.251769,F,BuildTutorial
17.288,0.355855,1.556381,2.692367,26.074957267064168,23.28026501840679,1.0218649315312915,-0.222693,-0.194585,0.037005,-0.954555,0.921535,0.016018,-0.387965,0.157313,0.898077,0.410744,0.22463,1.191353,2.918769,-20.829643143857457,2.5947290702396395,-21.869937113238397,-0.18167,-0.012419,-0.182503,0.966196,0.933077,-0.348156,0.090309,0.35718,0.867377,-0.346525,0.521854,1.155463,2.964634,-13.442612596840195,-6.630938409581255,40.04179512747768,-0.129447,-0.013962,0.333081,0.933866,0.777724,0.625721,-0.060155,-0.618491,0.744601,-0.251073,F,BuildTutorial
17.322,0.371228,1.552538,2.693149,27.691078062649087,26.71983613661915,2.354296168881216,-0.237389,-0.219523,0.035877,-0.945605,0.901045,0.036373,-0.432197,0.172076,0.884718,0.433202,0.230888,1.19098,2.918127,-21.197936234188017,2.035583637723964,-22.272638894168907,-0.183814,-0.018389,-0.186613,0.964909,0.929675,-0.353369,0.104091,0.366889,0.862777,-0.347864,0.546734,1.154214,2.971073,-14.528601221484402,-4.565563518291383,41.521289318687614,-0.132148,0.007839,0.346631,0.928613,0.759571,0.641701,-0.106173,-0.645845,0.724767,-0.239995,F,BuildTutorial
17.356,0.385385,1.550394,2.694846,28.553463302073823,29.376185778790372,3.1306853776114,-0.24517,-0.239118,0.036897,-0.938804,0.882923,0.047971,-0.467061,0.186527,0.877061,0.442687,0.23612,1.190758,2.916799,-21.22860843666472,1.0971790757339464,-21.897731804831153,-0.182623,-0.025744,-0.184943,0.965289,0.930267,-0.347644,0.117251,0.36645,0.864889,-0.343046,0.57697,1.156645,2.977337,-16.649544314847176,-1.2119284118380105,42.529446344971355,-0.138714,0.042755,0.357409,0.922599,0.740861,0.64763,-0.178046,-0.671353,0.706034,-0.225392,F,BuildTutorial
17.389,0.397263,1.548789,2.695364,29.88972356067105,31.59498127637091,3.9652003359588712,-0.2571,-0.254287,0.038002,-0.931554,0.867788,0.059952,-0.493306,0.201557,0.864911,0.459679,0.240172,1.18997,2.915082,-20.67038030999177,-0.1477681069863686,-21.137560106388108,-0.17613,-0.034153,-0.180667,0.967042,0.932386,-0.337395,0.129697,0.361457,0.872675,-0.32831,0.607956,1.160597,2.982145,-18.520370462050906,2.079344554681627,40.82586098526201,-0.144542,0.0729,0.346918,0.923819,0.748667,0.619905,-0.234981,-0.662053,0.717511,-0.216481,F,BuildTutorial
17.422,0.407522,1.547886,2.696442,30.435938119256992,32.918086163468914,4.682909734854223,-0.262695,-0.262882,0.036503,-0.92766,0.859121,0.07039,-0.506908,0.205841,0.859318,0.468191,0.243985,1.188529,2.913055,-20.016878109579356,-1.2519730810400318,-20.58817234095853,-0.169063,-0.041641,-0.177839,0.968534,0.933278,-0.330407,0.140794,0.358567,0.879582,-0.312675,0.639432,1.163049,2.987119,-18.20009852476424,6.263060133859029,33.57870405904142,-0.13561,0.097258,0.293064,0.941416,0.809309,0.525412,-0.262606,-0.578168,0.791447,-0.198325,F,BuildTutorial
17.456,0.41665,1.546798,2.697825,30.82854285348419,33.691199806065605,5.2017422612186754,-0.266806,-0.267538,0.035078,-0.925207,0.854386,0.077853,-0.513774,0.20767,0.855168,0.474932,0.248226,1.186641,2.910746,-19.32965575525266,-1.6448525342515474,-20.625511800145752,-0.162622,-0.043973,-0.178833,0.96935,0.93217,-0.332401,0.143415,0.361005,0.883146,-0.299547,0.672575,1.165107,2.991921,-17.27516885108657,11.497288221881815,25.7127569721321,-0.123648,0.129795,0.233544,0.955679,0.857221,0.414288,-0.305839,-0.478484,0.860337,-0.17571,F,BuildTutorial
17.489,0.424498,1.545573,2.698826,31.30478209734356,34.052240318648906,5.512852032749707,-0.271236,-0.269217,0.034631,-0.923447,0.852646,0.082084,-0.516001,0.210002,0.850463,0.482298,0.252638,1.184837,2.908157,-18.75822368326884,-1.2715262848349984,-21.280563008973385,-0.158133,-0.040848,-0.18394,0.969274,0.928995,-0.343658,0.13736,0.369496,0.88232,-0.291521,0.704782,1.167669,2.998127,-16.35260635566553,14.410218597081492,25.23294109979645,-0.110573,0.151968,0.231903,0.954411,0.846254,0.409055,-0.341363,-0.476269,0.867989,-0.14058,F,BuildTutorial
17.522,0.432133,1.544989,2.700242,31.34233188136485,33.9815562813529,5.609491206804047,-0.271784,-0.268378,0.033781,-0.923562,0.853664,0.083484,-0.514089,0.208279,0.849985,0.483886,0.256165,1.183489,2.905601,-18.437668185485165,-0.9143999544092524,-22.018777636333706,-0.155748,-0.038325,-0.189752,0.968642,0.925051,-0.355666,0.133354,0.379542,0.879474,-0.287183,0.732192,1.173292,3.006715,-18.471014378734115,14.195161803387744,26.73430911872636,-0.126753,0.155474,0.245738,0.948354,0.830882,0.426679,-0.357185,-0.505506,0.847093,-0.164002,F,BuildTutorial
17.556,0.438948,1.544802,2.701514,31.42086951897829,33.66003653261567,5.671710112330827,-0.27265,-0.265553,0.032716,-0.924161,0.856823,0.084336,-0.508667,0.205276,0.849183,0.48657,0.2585,1.182291,2.903512,-18.02422474963536,-0.8815949965850947,-22.573812825736915,-0.152122,-0.038109,-0.194482,0.968289,0.921449,-0.365035,0.132971,0.388224,0.878072,-0.279772,0.760137,1.177994,3.017575,-19.788912438603504,14.490420028814288,26.066021716201888,-0.138053,0.159481,0.241497,0.947199,0.83249,0.413458,-0.368799,-0.501525,0.845241,-0.184499,F,BuildTutorial
17.589,0.445306,1.544727,2.702902,31.521436201565567,33.27715434081914,5.600670097111785,-0.2734,-0.262525,0.032631,-0.924807,0.860032,0.083194,-0.503412,0.203903,0.848376,0.488552,0.26034,1.180779,2.901745,-17.321141976087308,-0.7819895031686485,-23.34569929109856,-0.146098,-0.037072,-0.201018,0.967922,0.916435,-0.378308,0.130502,0.399972,0.876494,-0.26792,0.784675,1.174676,3.031721,-17.21717941952983,13.991498186173086,27.595918159616694,-0.115561,0.152382,0.251761,0.948705,0.826792,0.442476,-0.347318,-0.512913,0.846524,-0.142538,F,BuildTutorial
17.622,0.451477,1.545241,2.704801,31.531781879883397,32.77233151356572,5.597934721945793,-0.273618,-0.258444,0.031474,-0.925932,0.864432,0.083144,-0.495827,0.199716,0.848286,0.490434,0.261906,1.179453,2.900143,-16.595256568334314,-0.4123209781080064,-24.459401173711456,-0.140285,-0.03405,-0.21012,0.966959,0.909381,-0.396801,0.124804,0.415908,0.872339,-0.256991,0.80211,1.166739,3.046783,-13.075640181852044,11.74453870024993,24.74206307681651,-0.088855,0.123551,0.22311,0.962841,0.869914,0.407682,-0.27757,-0.451595,0.884654,-0.115976,F,BuildTutorial
17.655,0.457725,1.545565,2.707474,31.357288974806472,32.31913369850908,5.630904231624167,-0.272413,-0.254885,0.029698,-0.927331,0.868304,0.083788,-0.488906,0.193948,0.849819,0.490095,0.263423,1.179201,2.898134,-16.1730574027614,0.0398325673820864,-25.69996844507952,-0.137222,-0.030949,-0.22014,0.965272,0.901161,-0.416497,0.120164,0.433484,0.865417,-0.251286,0.818901,1.159023,3.061063,-11.972217677740051,12.030362611115953,22.965362908296058,-0.08089,0.122781,0.207606,0.9671,0.88365,0.381687,-0.271069,-0.421414,0.900714,-0.105477,F,BuildTutorial
17.689,0.463896,1.545205,2.710221,31.29899395010369,31.8321041718797,5.814943911548827,-0.272471,-0.250565,0.026908,-0.928576,0.872987,0.086571,-0.48,0.186515,0.850072,0.492535,0.264486,1.179852,2.896163,-15.936733414960274,0.5263217057152683,-26.977761420312344,-0.135862,-0.027912,-0.230383,0.963165,0.892289,-0.436209,0.116369,0.451378,0.856931,-0.248853,0.832948,1.151341,3.07341,-11.512442102691328,12.570429288562703,20.77093771531442,-0.078424,0.125113,0.189083,0.970796,0.897189,0.347498,-0.272575,-0.386746,0.916195,-0.104953,F,BuildTutorial
17.722,0.469859,1.54475,2.712622,31.452068627659248,31.35153141611976,6.119357978975676,-0.274467,-0.24578,0.023661,-0.929355,0.878065,0.090938,-0.469821,0.178896,0.848217,0.498523,0.264736,1.181068,2.894089,-15.629217849300822,0.8654502165272265,-28.32250184727948,-0.133663,-0.026009,-0.241377,0.96083,0.882121,-0.456892,0.114507,0.470798,0.847743,-0.244299,0.844319,1.142436,3.083476,-11.017945065326016,13.869687395907652,17.679235445216705,-0.075699,0.1334,0.163294,0.974582,0.911079,0.29809,-0.284742,-0.338483,0.93521,-0.103983,F,BuildTutorial
17.756,0.475536,1.544509,2.7155,31.385563905903645,30.80951761733138,6.087495773451431,-0.273973,-0.241528,0.022465,-0.930644,0.882319,0.090531,-0.461862,0.174157,0.848869,0.49909,0.26451,1.182811,2.891489,-15.483791359081984,0.8512116036420255,-29.134340919358927,-0.132228,-0.026757,-0.248247,0.959257,0.875315,-0.469189,0.116984,0.483341,0.841779,-0.240396,0.854982,1.131326,3.090894,-9.840664850853022,16.7322101391906,14.245732126114063,-0.066228,0.154365,0.134609,0.976558,0.916104,0.242461,-0.319322,-0.283353,0.954989,-0.087793,F,BuildTutorial
17.789,0.480675,1.544351,2.718603,31.18614139482846,30.1199740949473,5.763453268026756,-0.271825,-0.236901,0.022994,-0.932449,0.886698,0.085909,-0.454297,0.171674,0.851165,0.496031,0.263103,1.184941,2.888684,-15.474432763612564,0.5761021177135143,-29.61236559022684,-0.131431,-0.029588,-0.252566,0.958155,0.87067,-0.476218,0.12309,0.491773,0.837873,-0.236916,0.856902,1.119368,3.096548,-8.65279538389971,16.129502836231605,10.682900814633204,-0.061345,0.146238,0.102445,0.982016,0.936239,0.183263,-0.299785,-0.219147,0.971484,-0.090521,F,BuildTutorial
17.822,0.485037,1.544175,2.721733,30.93839885118942,29.28782910067723,5.379129100202625,-0.269205,-0.231275,0.0236,-0.934603,0.89191,0.080407,-0.445008,0.168635,0.853943,0.492284,0.261113,1.186207,2.885904,-15.265821548935858,0.1360103952710663,-30.274989740282887,-0.128524,-0.03355,-0.25867,0.956789,0.863929,-0.486361,0.130692,0.503609,0.833143,-0.228584,0.857135,1.103298,3.101724,-5.2279322085312065,15.910387146342938,10.840564890939518,-0.031906,0.141903,0.099738,0.984326,0.939832,0.187294,-0.285721,-0.205404,0.978069,-0.034507,F,BuildTutorial
17.856,0.488337,1.544018,2.724766,30.70343147276633,28.55114003560118,4.946128594612616,-0.26659,-0.226495,0.024896,-0.936488,0.89616,0.074133,-0.437494,0.167393,0.85662,0.48804,0.258702,1.186911,2.882976,-14.934612529752378,-0.5955788891052479,-30.622859774535492,-0.123985,-0.039288,-0.262474,0.956134,0.859128,-0.492177,0.140216,0.511662,0.831471,-0.216469,0.853473,1.089355,3.105411,-2.8537063804602902,13.95005520438611,13.077787083523276,-0.010731,0.123424,0.116004,0.985492,0.942619,0.225993,-0.245756,-0.231291,0.972856,0.007484,F,BuildTutorial
17.889,0.490864,1.543381,2.727314,30.55770110674,27.77673176571709,4.5857978414293195,-0.264872,-0.221127,0.025736,-0.938234,0.900881,0.068847,-0.428572,0.165434,0.858361,0.485641,0.255381,1.18728,2.880477,-14.571056215048385,-1.425937524872741,-30.557053149134145,-0.11907,-0.045321,-0.262886,0.956378,0.857674,-0.492043,0.149292,0.513629,0.833427,-0.203923,0.851849,1.080624,3.107992,-2.2788967308133987,13.654462007867158,13.008013623390482,-0.006155,0.120324,0.114796,0.986056,0.944688,0.224909,-0.238706,-0.227871,0.973568,0.015488,F,BuildTutorial
17.922,0.492406,1.54292,2.728942,30.696535297398515,27.023392578915633,4.2897735305688665,-0.265612,-0.215521,0.026706,-0.939302,0.905675,0.064319,-0.419065,0.16466,0.857474,0.487469,0.252848,1.186728,2.877756,-14.07969235792865,-1.9067218921685367,-30.81094585071875,-0.113753,-0.048473,-0.265575,0.956128,0.85424,-0.49682,0.153113,0.518876,0.83306,-0.191779,0.853656,1.072979,3.110381,-1.5896867202521625,15.252154389432684,13.965279253125676,0.002484,0.133382,0.122309,0.983485,0.9345,0.24124,-0.261751,-0.239915,0.970069,0.037513,F,BuildTutorial
17.955,0.492906,1.542781,2.729998,30.728288128807986,26.35552885939108,3.977360194668929,-0.265449,-0.210741,0.027785,-0.940401,0.909633,0.059623,-0.411112,0.16414,0.857529,0.487546,0.250957,1.185953,2.875211,-13.699460020915929,-2.0609509309846414,-31.406434853895604,-0.109963,-0.049464,-0.270744,0.95507,0.848501,-0.506281,0.154027,0.528038,0.829211,-0.183259,0.855884,1.070162,3.110593,-2.1131312161471603,17.079326439125914,12.937724285903489,-0.001392,0.149578,0.114116,0.982142,0.929208,0.22374,-0.29413,-0.224572,0.973951,0.031404,F,BuildTutorial
17.989,0.49283,1.543407,2.730563,30.571985308351692,25.777910662511783,3.649573506104001,-0.263716,-0.206878,0.028835,-0.941713,0.91274,0.054805,-0.404848,0.163423,0.859245,0.484759,0.248338,1.185646,2.873276,-13.48480400314426,-2.275452516760881,-31.9513467731352,-0.107422,-0.051264,-0.275513,0.9539,0.84293,-0.514609,0.156994,0.536637,0.825107,-0.176692,0.8517,1.070225,3.110976,-2.4721171421277663,15.424319917012204,10.481810493707664,-0.009032,0.135557,0.093379,0.986318,0.945809,0.181755,-0.269091,-0.186652,0.982397,0.007499,F,BuildTutorial
18.022,0.492067,1.544496,2.730767,30.325930135664535,25.35124372369853,3.3347099751439853,-0.261245,-0.204277,0.029972,-0.942934,0.914745,0.05021,-0.4009,0.163256,0.861706,0.480427,0.245843,1.185648,2.871583,-13.394658219526416,-2.6120551640163665,-32.035974704301914,-0.105821,-0.053931,-0.27654,0.953635,0.841234,-0.516022,0.161388,0.53885,0.824655,-0.172,0.846374,1.072134,3.112949,-2.332798931102475,13.653320745437496,12.509301175874976,-0.007144,0.120336,0.110558,0.986532,0.946593,0.216419,-0.239009,-0.219858,0.975452,0.012513,F,BuildTutorial
18.055,0.490615,1.546162,2.730722,29.83398438106063,25.006599543963432,3.1050936410443803,-0.25689,-0.202314,0.03015,-0.944546,0.91632,0.046989,-0.39768,0.1609,0.866198,0.473089,0.242628,1.186311,2.870112,-13.43883823871708,-3.182803146805433,-32.01358220535887,-0.104822,-0.058764,-0.276875,0.953362,0.839774,-0.515605,0.170092,0.540244,0.824705,-0.167327,0.841357,1.085192,3.114586,-4.735637483396487,12.847282498256652,12.786985765198056,-0.028352,0.11566,0.115156,0.986184,0.946724,0.220571,-0.234654,-0.233688,0.971871,-0.029283,F,BuildTutorial
18.094,0.48868,1.548261,2.730561,29.064494404920495,24.66208379960337,2.9933680327266883,-0.250452,-0.200254,0.028869,-0.946752,0.91813,0.045644,-0.393642,0.154972,0.872881,0.462669,0.238966,1.187709,2.868901,-13.679706066114187,-3.9753945230973,-31.88302597885367,-0.104987,-0.065804,-0.276509,0.95299,0.838426,-0.513203,0.183482,0.540837,0.825041,-0.163713,0.836667,1.108035,3.114894,-9.24582079076478,12.59559905477641,10.68266909981452,-0.069585,0.116322,0.101029,0.985607,0.952525,0.182962,-0.243356,-0.215339,0.969902,-0.113662,F,BuildTutorial
18.122,0.485788,1.551213,2.730097,28.056014698775577,23.941989276528556,3.196446407100946,-0.242645,-0.194539,0.023787,-0.950112,0.923178,0.049206,-0.381211,0.139609,0.881116,0.451824,0.235131,1.189214,2.868707,-13.931750849640984,-4.802046125917478,-31.582801485882392,-0.105282,-0.07299,-0.274779,0.952935,0.838338,-0.508324,0.196968,0.539062,0.826824,-0.160542,0.831937,1.132172,3.113385,-12.406497400702584,12.586667152340592,11.317208577675158,-0.096136,0.119036,0.10922,0.982171,0.947803,0.191658,-0.254826,-0.237433,0.957658,-0.162843,F,BuildTutorial
18.155,0.480871,1.555155,2.729161,26.6971767806245,22.390268930577296,2.998699235213939,-0.231347,-0.182915,0.019835,-0.955315,0.932298,0.046735,-0.35866,0.122532,0.89217,0.434762,0.232157,1.19071,2.868384,-14.230721329937124,-5.27880795194303,-31.325325857608114,-0.106805,-0.077404,-0.273102,0.952899,0.838848,-0.503942,0.205853,0.537011,0.828017,-0.16127,0.82427,1.161308,3.109945,-16.196150642958255,12.760395887511017,12.971857780004727,-0.126672,0.125127,0.126694,0.975831,0.936584,0.215564,-0.276303,-0.278964,0.935806,-0.215515,F,BuildTutorial
18.189,0.474468,1.559677,2.72754,24.80913192523044,20.322075208148927,2.2785271791454935,-0.214828,-0.168059,0.018775,-0.961901,0.942807,0.036088,-0.331379,0.108327,0.906993,0.406975,0.229956,1.19287,2.868859,-14.706890265238291,-5.115002573082501,-31.16449339543915,-0.111275,-0.076975,-0.271648,0.952838,0.840565,-0.500542,0.207145,0.534804,0.82765,-0.170235,0.814431,1.192641,3.105568,-19.83224848055868,13.492364150064526,12.162383557073012,-0.157793,0.133182,0.123748,0.970593,0.933898,0.198187,-0.297584,-0.282248,0.919576,-0.273344,F,BuildTutorial
18.222,0.466598,1.564706,2.724959,22.745351477638565,17.65322563014195,1.3698729916771988,-0.196639,-0.148092,0.018675,-0.969048,0.95544,0.022047,-0.29436,0.094436,0.921969,0.375574,0.228011,1.195508,2.869581,-15.502963833312414,-4.856107739111853,-30.92866402942725,-0.118684,-0.076389,-0.269472,0.952609,0.8431,-0.49527,0.209501,0.531535,0.826598,-0.18495,0.800067,1.223898,3.099185,-22.61621245137399,13.913811271626642,10.963472303021591,-0.182405,0.136822,0.116626,0.966647,0.935356,0.175557,-0.307064,-0.275386,0.906254,-0.320728,F,BuildTutorial
18.255,0.457243,1.569506,2.720966,20.876354567381323,14.858836765777797,0.2866734010486402,-0.179971,-0.126715,0.020987,-0.97525,0.967006,0.004676,-0.254711,0.086544,0.93434,0.345715,0.22629,1.197923,2.871011,-16.212598609802345,-4.783666122215181,-30.59793254798039,-0.124993,-0.077026,-0.266668,0.95254,0.84591,-0.488769,0.213404,0.52728,0.826529,-0.197041,0.782191,1.252371,3.092193,-24.60408821603395,13.778127060568153,8.435497634705065,-0.202335,0.132433,0.096827,0.965478,0.946172,0.133377,-0.294905,-0.24056,0.899371,-0.365053,F,BuildTutorial
18.289,0.44747,1.573972,2.715873,19.135947334194732,12.318593115784005,-0.5106830078936759,-0.164785,-0.106536,0.022203,-0.980308,0.976314,-0.00842,-0.216194,0.078642,0.944706,0.31835,0.223937,1.200351,2.873406,-16.687455492889953,-4.661190281690492,-30.22956078699806,-0.129484,-0.07665,-0.263477,0.952858,0.84941,-0.482262,0.214304,0.521961,0.827628,-0.206369,0.763116,1.279731,3.084225,-26.793490681011676,14.346804660776565,5.893096109961241,-0.223331,0.133131,0.078508,0.962412,0.952225,0.09165,-0.29132,-0.210579,0.887919,-0.40897,F,BuildTutorial
18.322,0.437043,1.578045,2.709725,17.6197869213904,9.756319700714696,-0.891886395164986,-0.151943,-0.085219,0.020687,-0.984491,0.98462,-0.014836,-0.174081,0.066629,0.95297,0.295648,0.221857,1.203248,2.876303,-17.229227574335155,-4.063964224164471,-29.82481784003948,-0.13563,-0.072399,-0.259411,0.953451,0.854929,-0.475032,0.208427,0.51431,0.828621,-0.221072,0.740328,1.302343,3.074681,-27.79842941150464,14.582715659742476,2.996138780601756,-0.23497,0.129386,0.055649,0.961744,0.960325,0.046237,-0.275024,-0.167844,0.883385,-0.437561,F,BuildTutorial
18.355,0.425944,1.581948,2.703072,16.136990718236365,7.552924306105028,-1.3159420425508388,-0.139294,-0.066816,0.020589,-0.98778,0.990224,-0.02206,-0.137734,0.059289,0.960347,0.272432,0.220225,1.206459,2.878738,-18.073766004464012,-3.354390619918734,-28.963760599605013,-0.144786,-0.067249,-0.251315,0.954649,0.864637,-0.460362,0.201173,0.499309,0.831755,-0.242639,0.714973,1.320979,3.064603,-28.915603799090448,13.832784571648654,-0.1554542384541919,-0.248008,0.116271,0.028761,0.961325,0.971308,-0.002374,-0.237814,-0.11297,0.87533,-0.470143,F,BuildTutorial
18.389,0.414295,1.585431,2.696304,14.571152231427297,5.602062939762582,-1.7373791520054624,-0.125914,-0.050388,0.021217,-0.990534,0.994022,-0.029344,-0.105166,0.054722,0.967391,0.247306,0.218249,1.209367,2.881076,-18.675387445700416,-2.6183335134490995,-28.19525076106263,-0.151834,-0.061376,-0.24388,0.955878,0.873511,-0.447601,0.191395,0.484877,0.834938,-0.260332,0.688205,1.33525,3.052679,-30.353590210288942,14.353921071282365,-4.324030706976497,-0.264111,0.110692,-0.00344,0.958113,0.975471,-0.065061,-0.210294,-0.051879,0.860468,-0.506857,F,BuildTutorial
18.422,0.402013,1.588433,2.689424,13.22075502061376,3.7989489431992216,-2.090518347794097,-0.114434,-0.035019,0.021926,-0.992571,0.996586,-0.035512,-0.074535,0.051541,0.972848,0.225632,0.216564,1.212224,2.882435,-19.403479980192586,-1.5820077929521064,-27.846838694054476,-0.160278,-0.053754,-0.239419,0.956086,0.879578,-0.440579,0.179535,0.475041,0.833979,-0.280739,0.661947,1.340611,3.041016,-29.730966577679744,15.991165545175912,-10.285565824182305,-0.265085,0.111127,-0.050254,0.956481,0.970251,-0.155051,-0.185939,0.037218,0.854409,-0.518266,F,BuildTutorial
18.455,0.389583,1.591372,2.682645,12.088524116321652,2.269201735107744,-2.166614463961061,-0.104885,-0.021678,0.020882,-0.994029,0.998188,-0.036966,-0.047477,0.046061,0.977126,0.207611,0.215525,1.214867,2.882202,-20.2497807214415,-0.6351916842397609,-27.6186549769593,-0.169408,-0.047259,-0.235917,0.955725,0.88422,-0.434931,0.170265,0.466955,0.831289,-0.301516,0.63126,1.340866,3.030288,-29.355306790686424,14.647862832140923,-13.996213957318524,-0.264466,0.091781,-0.084839,0.956262,0.968758,-0.210801,-0.130659,0.11371,0.845721,-0.52137,F,BuildTutorial
18.488,0.376614,1.59419,2.676291,11.165379454217472,0.7599129109295998,-2.084035012599499,-0.097144,-0.008368,0.018744,-0.995059,0.999157,-0.035677,-0.020296,0.038929,0.980423,0.193015,0.212648,1.217726,2.881593,-20.859890870542344,-0.1910357262112413,-27.10209117103215,-0.175609,-0.044012,-0.230733,0.956026,0.88965,-0.425717,0.165191,0.456632,0.831847,-0.315464,0.601636,1.336417,3.018567,-29.255685868976567,14.335305599459788,-17.483921753837087,-0.266004,0.081244,-0.114765,0.953661,0.960457,-0.262117,-0.093903,0.175672,0.832141,-0.526004,F,BuildTutorial
18.522,0.363746,1.596553,2.670527,10.314958865313647,-0.45512842932442,-2.0919880994471876,-0.08995,0.002314,0.017824,-0.995784,0.999354,-0.035914,0.001402,0.035081,0.983183,0.179224,0.209085,1.220162,2.879826,-21.195678760814086,-0.1190163170586468,-26.131651155364377,-0.178922,-0.042572,-0.2224,0.957451,0.897452,-0.41064,0.161107,0.441109,0.83705,-0.323683,0.575935,1.323865,3.009295,-26.53239189261443,16.77899778248578,-21.826969551041888,-0.2498,0.096459,-0.149427,0.951823,0.936734,-0.332648,-0.10897,0.236266,0.830543,-0.504359,F,BuildTutorial
18.555,0.351272,1.598202,2.665102,9.705538538029522,-1.345598758294607,-2.0326149395698785,-0.084784,0.010198,0.016679,-0.996208,0.999236,-0.03496,0.01749,0.031502,0.985067,0.169264,0.205408,1.221739,2.877454,-21.28553807450027,0.1673570540185389,-25.170826132854227,-0.18056,-0.038841,-0.213883,0.959241,0.905491,-0.396304,0.151753,0.424357,0.843305,-0.329786,0.548577,1.305354,3.002581,-22.67763349489303,16.43468927462178,-23.57126559806167,-0.219113,0.097439,-0.170699,0.955697,0.922735,-0.368973,-0.111441,0.283572,0.845703,-0.452076,F,BuildTutorial
18.588,0.339104,1.599443,2.660165,9.216159526193666,-2.1498385207612145,-1.963659025109711,-0.080634,0.01732,0.01557,-0.996472,0.998915,-0.033823,0.032006,0.028237,0.986511,0.161239,0.201339,1.222185,2.874462,-21.154711368549886,0.4345731649692111,-24.08062651933309,-0.180301,-0.034645,-0.204373,0.961521,0.914063,-0.380526,0.140321,0.405512,0.851447,-0.332565,0.521391,1.285002,2.995889,-19.086466838328125,15.83681278433375,-26.264333890645656,-0.190783,0.094995,-0.199675,0.956404,0.902212,-0.418187,-0.105517,0.345694,0.847463,-0.402867,F,BuildTutorial
18.622,0.327671,1.600856,2.655695,8.57444718822911,-2.4921715508224103,-2.1084023532398968,-0.075125,0.020307,0.016717,-0.996827,0.998616,-0.036378,0.037973,0.030276,0.988154,0.150452,0.195523,1.221701,2.871497,-20.76178000525761,0.3369841845318432,-22.599963605863124,-0.177264,-0.032471,-0.192218,0.964663,0.923996,-0.35934,0.130794,0.382364,0.863259,-0.329516,0.496202,1.264724,2.988271,-16.34253238134511,16.112077568319357,-28.7474092921132,-0.170761,0.099441,-0.224005,0.954345,0.879867,-0.461517,-0.113299,0.393594,0.841325,-0.37048,F,BuildTutorial
18.655,0.316799,1.602286,2.651734,7.875944220478352,-2.6177210239618014,-2.149817432274843,-0.069074,0.021496,0.017142,-0.997233,0.998488,-0.037158,0.040505,0.031219,0.98987,0.138502,0.188538,1.22015,2.868689,-19.935134749287847,-0.0539719490990101,-20.988286070035407,-0.170111,-0.031982,-0.179466,0.968417,0.933538,-0.336715,0.123001,0.358476,0.877709,-0.317997,0.47182,1.245786,2.981301,-13.476839744082175,15.364250937262984,-30.86482839305736,-0.147417,0.097024,-0.246772,0.952869,0.85938,-0.498888,-0.112145,0.441676,0.834744,-0.328823,F,BuildTutorial
18.688,0.306007,1.603067,2.647774,7.374008167650073,-2.853441578165524,-2.1507219256260095,-0.064741,0.023636,0.017122,-0.997475,0.998296,-0.037217,0.044935,0.031097,0.991031,0.129965,0.181599,1.217996,2.865248,-19.122226364466204,-0.4750764490651528,-19.23727311714112,-0.16308,-0.031784,-0.165446,0.972123,0.943235,-0.311301,0.115758,0.332035,0.892065,-0.306551,0.449544,1.227,2.975834,-9.033713852116296,13.995255411382356,-32.04712235951569,-0.108653,0.095155,-0.263904,0.953674,0.8426,-0.524035,-0.124146,0.482679,0.837098,-0.257463,F,BuildTutorial
18.722,0.295575,1.603715,2.643935,6.964587846041903,-2.951612235667583,-2.2034944830326606,-0.061203,0.024535,0.017622,-0.997668,0.998175,-0.038165,0.0468,0.032158,0.991887,0.122985,0.174513,1.215266,2.862388,-17.983393252394272,-0.2804095299747038,-18.027923178283416,-0.153982,-0.026874,-0.155127,0.97545,0.950427,-0.29436,0.100201,0.310912,0.904451,-0.292066,0.430689,1.21323,2.970764,-5.3192401009344294,13.091555490647965,-34.42428118207886,-0.077732,0.095133,-0.288612,0.949532,0.815306,-0.562882,-0.135794,0.533303,0.821322,-0.202532,F,BuildTutorial
18.755,0.285633,1.603805,2.640418,6.615307944016327,-2.779780505809234,-2.4652054234033733,-0.058188,0.022969,0.02007,-0.99784,0.998139,-0.042725,0.043503,0.037379,0.992423,0.117046,0.168239,1.212053,2.859572,-16.91882698624757,0.6160072580064554,-17.768024607834576,-0.146163,-0.017465,-0.151971,0.977362,0.9532,-0.291956,0.078564,0.302167,0.911082,-0.2804,0.415022,1.205187,2.966023,-2.791804017687892,11.630896496541622,-36.36940210335034,-0.054637,0.088672,-0.308038,0.945656,0.794499,-0.592286,-0.134046,0.572907,0.804254,-0.157965,F,BuildTutorial
18.789,0.276189,1.60372,2.636965,6.366564201675257,-2.46918584571937,-2.576929301312862,-0.055987,0.020259,0.02125,-0.998,0.998276,-0.044683,0.038058,0.040146,0.992828,0.112612,0.162528,1.209107,2.856515,-16.27217870968895,1.7340121888363993,-18.088690200005185,-0.142104,-0.007452,-0.153484,0.977852,0.952774,-0.298051,0.058196,0.302287,0.912499,-0.275625,0.400918,1.202894,2.96219,-2.443678154397663,10.09916328927971,-36.71464011950805,-0.047874,0.07683,-0.311867,0.945803,0.793672,-0.597287,-0.115471,0.582574,0.800894,-0.13848,F,BuildTutorial
18.822,0.267267,1.603613,2.633988,6.008775147597926,-1.963609755201184,-2.654300156976193,-0.052787,0.015893,0.022228,-0.998232,0.998507,-0.046054,0.029383,0.042699,0.993439,0.106094,0.15671,1.207469,2.853623,-16.166095008988773,2.788111485651501,-18.537365475808677,-0.142611,0.001132,-0.156041,0.977401,0.9513,-0.305353,0.042294,0.304707,0.910626,-0.27913,0.391429,1.205598,2.958508,-3.983311397620499,9.890248765209266,-35.54769897862849,-0.05927,0.071468,-0.301088,0.949066,0.808477,-0.579976,-0.099965,0.563032,0.811666,-0.15554,F,BuildTutorial
18.855,0.258895,1.603466,2.631427,5.667743692598641,-1.365744222169156,-2.6204391532592974,-0.049696,0.01077,0.022247,-0.998459,0.998778,-0.045495,0.019295,0.043355,0.994071,0.099718,0.150402,1.206972,2.85082,-16.553660698031877,3.606214607725647,-19.055613538138054,-0.147054,0.006891,-0.159254,0.9762,0.949181,-0.312954,0.033383,0.308901,0.906027,-0.289303,0.386134,1.207561,2.95647,-4.308770670043443,11.356073107939052,-35.38583299937003,-0.065686,0.082823,-0.298667,0.948485,0.807877,-0.577442,-0.117876,0.555681,0.812967,-0.174078,F,BuildTutorial
18.889,0.25086,1.60319,2.629079,5.547546639267232,-0.9301601082936528,-2.608571470593002,-0.048563,0.007004,0.022342,-0.998546,0.998904,-0.045298,0.011817,0.043938,0.994285,0.097297,0.144297,1.206072,2.848171,-16.569934618252663,4.193503886822111,-19.294819948918914,-0.148031,0.011561,-0.160527,0.975799,0.948195,-0.316707,0.024963,0.309861,0.904636,-0.292609,0.381256,1.208362,2.95517,-3.8195672086127184,12.185489018304777,-36.44303574240708,-0.064646,0.090398,-0.307393,0.945071,0.794676,-0.592703,-0.131122,0.569328,0.802662,-0.177766,F,BuildTutorial
18.922,0.243568,1.602337,2.626821,5.71514704893638,-0.3504700338864993,-2.8061685075627794,-0.049913,0.001833,0.024303,-0.998456,0.998812,-0.048715,0.001235,0.048349,0.993836,0.099762,0.139131,1.204523,2.845824,-16.191367209904747,4.776475610572656,-19.15313688849787,-0.145607,0.017272,-0.158778,0.976366,0.948982,-0.315081,0.012511,0.305022,0.907176,-0.289816,0.379032,1.208571,2.953295,-3.109407430928602,13.63638837578932,-38.92759844309029,-0.064944,0.102917,-0.327696,0.936913,0.764047,-0.627412,-0.150286,0.600677,0.776796,-0.189145,F,BuildTutorial
18.955,0.237458,1.601795,2.624764,6.129207502784916,0.2359167633195558,-2.854960305410494,-0.053394,-0.003387,0.024986,-0.998255,0.998729,-0.049523,-0.009431,0.050246,0.99305,0.106431,0.134941,1.202765,2.843679,-15.746889705936008,5.69496604515212,-19.33882737505159,-0.143138,0.02553,-0.159466,0.976438,0.947838,-0.318726,-0.004206,0.304109,0.908164,-0.287673,0.377094,1.208425,2.950742,-2.997464564872073,15.017356497971106,-40.09922903147992,-0.069144,0.113825,-0.336567,0.932194,0.747533,-0.643233,-0.165671,0.611751,0.763883,-0.205531,F,BuildTutorial
18.988,0.232084,1.601372,2.622836,6.747342351423607,0.8355054493133832,-2.8351244907441004,-0.058648,-0.008732,0.025124,-0.997924,0.998585,-0.049119,-0.020374,0.051168,0.991859,0.116613,0.131994,1.201405,2.84192,-15.43132035684471,6.716834000203785,-19.75807087121698,-0.141999,0.034196,-0.161975,0.975926,0.94519,-0.325862,-0.020745,0.306439,0.907201,-0.288238,0.373188,1.209065,2.947549,-3.9372522186237937,15.2789305679455,-38.90516323552229,-0.07635,0.113938,-0.32557,0.935518,0.762045,-0.626551,-0.163467,0.591754,0.77635,-0.217044,F,BuildTutorial
19.022,0.227675,1.600733,2.621143,7.394026750983897,1.5390313977611774,-2.8366618410053523,-0.064123,-0.014994,0.025564,-0.997502,0.998243,-0.049077,-0.033191,0.052923,0.99047,0.127159,0.130352,1.20055,2.840166,-15.303211275002615,7.879486655028306,-20.53268685992321,-0.142844,0.043331,-0.167218,0.974554,0.940321,-0.338305,-0.036685,0.313546,0.903268,-0.29291,0.369708,1.208481,2.944072,-4.272544157453255,15.920822791750586,-37.748423313833214,-0.079701,0.119009,-0.315267,0.938132,0.772887,-0.610494,-0.173039,0.572553,0.788509,-0.22458,F,BuildTutorial
19.055,0.224191,1.599813,2.619442,8.017546685096875,2.374435358730676,-2.8327314565507744,-0.069362,-0.02239,0.0261,-0.996999,0.997635,-0.048937,-0.048267,0.055149,0.989016,0.137138,0.129088,1.200725,2.838495,-15.403303876544449,8.654994503486707,-20.779350132776337,-0.144927,0.049451,-0.168259,0.973776,0.938487,-0.342028,-0.047538,0.31336,0.90137,-0.298894,0.369096,1.20547,2.940643,-3.282889486956927,17.820119729115202,-37.93498269716435,-0.077084,0.137216,-0.316782,0.93535,0.761642,-0.613759,-0.207852,0.57145,0.787414,-0.231136,F,BuildTutorial
19.088,0.221617,1.598158,2.61776,8.820354236273241,3.3298092588411015,-2.822196085670463,-0.076127,-0.030852,0.026776,-0.996261,0.996662,-0.048654,-0.06555,0.058048,0.986975,0.150034,0.128507,1.201269,2.837314,-15.55534893590777,8.867052887454001,-20.088823421353567,-0.146215,0.051885,-0.161989,0.97452,0.942135,-0.330896,-0.053755,0.300551,0.904761,-0.301788,0.370041,1.200364,2.938637,-0.9348630842442788,18.950059798134788,-40.35373304633237,-0.064331,0.151735,-0.338942,0.92626,0.72419,-0.647418,-0.237483,0.608373,0.76196,-0.222034,F,BuildTutorial
19.121,0.219848,1.59534,2.616304,9.88690116077936,4.3770870594709175,-2.6810189108380804,-0.085196,-0.04005,0.02658,-0.995204,0.995379,-0.046082,-0.084245,0.05973,0.98407,0.167446,0.129004,1.201633,2.836429,-15.79479601606626,9.3573484550691,-19.801229066988373,-0.148794,0.056045,-0.158701,0.97444,0.943346,-0.325967,-0.061997,0.292611,0.905349,-0.30777,0.375455,1.193351,2.937675,2.831527505803506,21.947533132083567,-46.40018684090399,-0.052674,0.184468,-0.390945,0.9002,0.626268,-0.72329,-0.290931,0.684423,0.688775,-0.239068,F,BuildTutorial
19.155,0.218966,1.591614,2.615344,11.51005434117176,5.490468022631537,-2.511237714349581,-0.099092,-0.049837,0.026579,-0.993474,0.99362,-0.042935,-0.104292,0.062689,0.978949,0.194242,0.130978,1.202137,2.835699,-16.26074712494353,10.178209061514869,-19.876190968012004,-0.15391,0.062184,-0.157819,0.973416,0.942453,-0.326388,-0.072483,0.288105,0.90281,-0.319264,0.384893,1.185825,2.937735,6.455458104202029,26.829505010191927,-52.3957101557392,-0.053116,0.232015,-0.440467,0.865643,0.504317,-0.787221,-0.354892,0.737926,0.606336,-0.296348,F,BuildTutorial
19.188,0.218672,1.58673,2.614866,14.01161572353532,6.678955679070111,-2.423462843243824,-0.120513,-0.060379,0.028057,-0.990477,0.991134,-0.041026,-0.126371,0.070132,0.969379,0.235342,0.133359,1.202861,2.835191,-16.697421415834178,10.88050487285409,-19.868679811388112,-0.158559,0.06746,-0.156363,0.972553,0.942,-0.325535,-0.081632,0.282749,0.90082,-0.32951,0.392227,1.180298,2.941248,7.936281900760481,30.549018486701677,-54.48109377023199,-0.060943,0.264221,-0.456708,0.847284,0.443209,-0.806129,-0.392075,0.741719,0.575407,-0.344617,F,BuildTutorial
19.223,0.219041,1.579413,2.614593,17.591215009767186,7.933826737698035,-2.0714376139675137,-0.151283,-0.071113,0.028397,-0.98552,0.988273,-0.034454,-0.148759,0.077487,0.952614,0.294146,0.135095,1.204223,2.834967,-17.09777190441479,11.573583122031264,-19.51300177000007,-0.162653,0.073202,-0.151953,0.97216,0.943103,-0.319259,-0.092897,0.271633,0.900909,-0.338496,0.400727,1.175731,2.945115,8.921489184422963,35.84962181859193,-57.19978363099336,-0.081908,0.304821,-0.475092,0.821379,0.362745,-0.830395,-0.422919,0.730526,0.535158,-0.424191,F,BuildTutorial
19.255,0.219654,1.571338,2.613846,21.884288026631673,9.131887241137084,-1.45300750945768,-0.188209,-0.080552,0.027519,-0.978433,0.985508,-0.02353,-0.167987,0.084172,0.92764,0.363867,0.135281,1.206741,2.834602,-17.675187169512366,11.776876147104485,-19.17330482092929,-0.167572,0.074507,-0.148152,0.971812,0.945,-0.312922,-0.095161,0.262981,0.899941,-0.347774,0.408866,1.167992,2.9464,11.85596607585617,42.491476881340446,-61.0596243078684,-0.10018,0.359361,-0.503166,0.779518,0.235369,-0.856455,-0.459442,0.712452,0.473577,-0.517819,F,BuildTutorial
19.288,0.220402,1.56487,2.61412,25.26494232109504,10.200453663525495,-0.9910905351630048,-0.217072,-0.088627,0.027847,-0.971725,0.982739,-0.015643,-0.184333,0.092597,0.904209,0.416932,0.134668,1.209299,2.833235,-18.239124732115695,11.760229026521596,-19.485687858411925,-0.172505,0.073013,-0.150205,0.970747,0.944216,-0.316811,-0.089931,0.266431,0.895362,-0.35685,0.409875,1.162028,2.951583,13.414193941811495,44.88931435383951,-58.48012397834951,-0.091025,0.383592,-0.487287,0.779181,0.230817,-0.829203,-0.509064,0.689537,0.508531,-0.515689,F,BuildTutorial
19.321,0.221424,1.561035,2.615871,26.94387991011941,10.92323779817967,-0.4994619031066197,-0.231506,-0.09357,0.026393,-0.967964,0.981096,-0.007772,-0.193365,0.094419,0.891417,0.443239,0.133213,1.211738,2.830861,-18.59597213369351,12.278423034058044,-20.842413907262586,-0.177083,0.074741,-0.160489,0.968142,0.937314,-0.337223,-0.087881,0.284282,0.88577,-0.366873,0.40882,1.155305,2.953147,16.698624977158058,47.02832284766847,-60.20588348436063,-0.082796,0.408288,-0.505153,0.755822,0.156243,-0.831221,-0.533536,0.696002,0.47593,-0.537654,F,BuildTutorial
19.355,0.2222,1.560414,2.618461,27.141408945918016,11.198618923173957,-0.2440636940260583,-0.233323,-0.095344,0.024955,-0.967392,0.980574,-0.003791,-0.196115,0.092775,0.889875,0.446672,0.130262,1.21443,2.827781,-19.234200386767977,12.75136289046323,-21.68446105611585,-0.183661,0.076301,-0.166094,0.965847,0.933182,-0.348869,-0.08638,0.292815,0.877363,-0.380122,0.406627,1.151291,2.953014,18.77200823739695,49.80109751064591,-59.59870013484109,-0.078078,0.433992,-0.504318,0.742441,0.114629,-0.816622,-0.565675,0.681082,0.479135,-0.553676,F,BuildTutorial
19.388,0.222267,1.5598,2.62001,27.415468235228474,11.150291812973313,-0.4040437890242523,-0.235514,-0.095215,0.026431,-0.966834,0.980471,-0.00626,-0.196563,0.095958,0.887669,0.450373,0.126228,1.214935,2.823949,-19.414286819777132,13.070568499024503,-21.63079599412626,-0.185592,0.078759,-0.164907,0.965483,0.933205,-0.347664,-0.09087,0.289196,0.876723,-0.384348,0.399588,1.15374,2.959527,16.606742736549066,47.7450333615653,-55.40872938556877,-0.069258,0.415947,-0.472424,0.773956,0.207609,-0.788885,-0.578411,0.673654,0.544039,-0.500212,F,BuildTutorial
19.421,0.221978,1.558874,2.621136,27.817925228625995,10.909166630225732,-0.555781225324361,-0.238841,-0.093429,0.027536,-0.966161,0.981026,-0.008579,-0.193688,0.097837,0.884393,0.456373,0.121828,1.213351,2.820573,-18.833751654000064,12.989388580116836,-21.866668005779317,-0.18078,0.078728,-0.167739,0.965911,0.931331,-0.352507,-0.09144,0.295578,0.878364,-0.375647,0.391215,1.16009,2.970066,12.882386589854065,42.30096800717302,-52.60398103689249,-0.065076,0.367782,-0.446932,0.812868,0.329978,-0.77446,-0.539747,0.678725,0.592035,-0.434542,F,BuildTutorial
19.455,0.22148,1.557643,2.621948,28.33552077441131,10.509844894471923,-0.7331725386833237,-0.24316,-0.090359,0.028594,-0.965345,0.982035,-0.011262,-0.188361,0.099149,0.880112,0.464299,0.116175,1.210806,2.817997,-18.03316251953766,12.36498963128938,-22.4770848530886,-0.173551,0.073959,-0.174812,0.96636,0.927941,-0.363535,-0.082265,0.312192,0.878641,-0.361284,0.385505,1.168185,2.978541,8.653436875203022,38.181639896432635,-49.44700296767155,-0.071643,0.326058,-0.416524,0.845613,0.440387,-0.751156,-0.491756,0.657717,0.64275,-0.392786,F,BuildTutorial
19.488,0.220728,1.556692,2.622788,28.76632756909896,10.022082201951203,-0.9274824420472408,-0.246763,-0.08661,0.029507,-0.964747,0.983256,-0.014189,-0.181677,0.099678,0.876475,0.471017,0.10971,1.209068,2.815416,-17.709510471794246,11.505054717745743,-22.87577989944864,-0.169753,0.066699,-0.179833,0.966641,0.926423,-0.370313,-0.067893,0.325023,0.877688,-0.35217,0.369425,1.185248,2.995426,-1.9485196046057631,25.692643131490875,-38.979448112539984,-0.089797,0.204036,-0.321676,0.920234,0.709788,-0.628678,-0.31775,0.55539,0.776922,-0.296535,F,BuildTutorial
19.521,0.220051,1.556297,2.623602,29.238633726801044,9.504489168355647,-1.0873085589871416,-0.250756,-0.082548,0.030059,-0.964056,0.984565,-0.016559,-0.174237,0.099356,0.872436,0.478523,0.103248,1.207587,2.81239,-17.43509412326017,10.208282418898555,-22.922433182189057,-0.165426,0.056188,-0.182415,0.967575,0.927136,-0.37159,-0.048381,0.33441,0.878719,-0.340623,0.342643,1.208511,3.003328,-19.13552367171642,7.508864661374708,-17.32731049564541,-0.173691,0.038849,-0.13746,0.974385,0.959191,-0.281373,-0.027956,0.254383,0.901872,-0.349165,F,BuildTutorial
19.555,0.219571,1.555903,2.624362,29.637798173623334,8.940499498080987,-1.1742818092788925,-0.254201,-0.077958,0.02981,-0.963543,0.986068,-0.017812,-0.165388,0.097081,0.868986,0.48522,0.096239,1.205905,2.809658,-16.86061346150238,8.541494553477122,-22.857538224927534,-0.157897,0.043235,-0.184763,0.969052,0.927987,-0.371743,-0.025447,0.344436,0.881862,-0.321998,0.31553,1.22003,2.996334,-31.56507624502649,-16.317314140835453,16.186687913942073,-0.285779,-0.0973,0.095893,0.948508,0.962675,0.237523,0.129771,-0.126298,0.818269,-0.560789,F,BuildTutorial
19.588,0.21954,1.556088,2.625732,29.892002239402768,8.2070608962582,-0.9811316653134754,-0.256646,-0.071338,0.026706,-0.963499,0.988395,-0.014846,-0.151176,0.08808,0.86684,0.490745,0.08995,1.204219,2.807102,-16.362064707647978,7.015852899509776,-22.838594216794704,-0.151214,0.031244,-0.187071,0.970136,0.928057,-0.372417,-0.004046,0.353519,0.884278,-0.305085,0.295089,1.219117,2.983126,-30.208405352422208,-44.41980035408581,38.63284746857864,-0.348379,-0.264599,0.20271,0.876087,0.777792,0.539544,0.322384,-0.170821,0.675082,-0.717694,F,BuildTutorial
19.621,0.22003,1.556412,2.62748,30.224050171248837,7.325835604571179,-0.5710955807660983,-0.259864,-0.062973,0.021457,-0.963351,0.991148,-0.008612,-0.132482,0.07407,0.864021,0.497978,0.084432,1.202281,2.805208,-15.747201985785964,5.815113501210406,-23.006254003319913,-0.144084,0.021954,-0.190478,0.970812,0.926472,-0.376163,0.012264,0.36351,0.885916,-0.288121,0.286178,1.203046,2.977538,-16.975028412155254,-60.17922974710297,45.53847555165705,-0.309662,-0.407797,0.262969,0.817716,0.529099,0.682625,0.504061,-0.177509,0.669914,-0.720906,F,BuildTutorial
19.654,0.2211,1.55668,2.630346,30.32393029830508,6.230427267978681,-0.3448680345293647,-0.261003,-0.053238,0.017114,-0.963717,0.993746,-0.005196,-0.111547,0.060777,0.863169,0.501244,0.081014,1.199928,2.80292,-15.01453875781588,4.820654061713238,-23.285476730438525,-0.136265,0.014494,-0.19452,0.971279,0.923904,-0.381817,0.024857,0.373916,0.887188,-0.270342,0.289354,1.178163,2.981571,-0.6583485494121115,-68.11631366947053,54.88587426347985,-0.26232,-0.494812,0.378951,0.736713,0.223114,0.817953,0.530257,-0.298758,0.57517,-0.761527,F,BuildTutorial
19.688,0.222397,1.556708,2.634036,30.35499107569683,5.008025363845172,-0.4170046133950942,-0.261405,-0.043117,0.014947,-0.96415,0.995835,-0.006281,-0.090958,0.051365,0.862888,0.502778,0.079485,1.19749,2.800223,-14.377215298964382,3.765956859610501,-23.457138924159946,-0.129084,0.006496,-0.197543,0.971737,0.921869,-0.385597,0.038374,0.382242,0.888628,-0.253438,0.29941,1.159913,2.994702,11.774412915293585,-69.5964836893764,67.82941582676682,-0.246843,-0.518094,0.504337,0.645206,-0.045554,0.906579,0.419571,-0.395026,0.369426,-0.841118,F,BuildTutorial
19.721,0.22436,1.555893,2.637285,30.65426519933818,3.84659076003025,-0.3041926780200543,-0.264094,-0.033069,0.01143,-0.963862,0.997552,-0.004568,-0.069785,0.039501,0.860248,0.508344,0.078896,1.195374,2.797691,-13.870019502101714,2.7465393717726228,-23.30959846863431,-0.123026,-0.001085,-0.197645,0.972522,0.92187,-0.384162,0.050741,0.384696,0.891602,-0.238862,0.303944,1.161273,3.003453,12.791609819118138,-72.1556637506845,64.98261327435668,-0.238423,-0.541979,0.486781,0.642229,-0.061395,0.88369,0.46403,-0.366809,0.412398,-0.833894,F,BuildTutorial
19.755,0.226921,1.554544,2.640465,31.24789027225102,2.703112240841804,0.1554987097604459,-0.269278,-0.02235,0.005046,-0.96279,0.99895,0.00232,-0.045755,0.021753,0.854927,0.518291,0.079111,1.193124,2.795691,-13.368420703934415,1.80089692619738,-23.340425120122,-0.117134,-0.008256,-0.199087,0.972921,0.920593,-0.385458,0.062704,0.389326,0.893288,-0.224637,0.306142,1.167294,3.011205,9.9094079354413,-75.32236262754806,63.101865248465025,-0.260245,-0.554502,0.457651,0.644481,-0.033833,0.878508,0.476528,-0.301282,0.445655,-0.842983,F,BuildTutorial
19.788,0.229913,1.5536,2.644586,31.475398029256215,1.4633401692146044,0.5559767216394946,-0.271268,-0.010975,-0.001206,-0.96244,0.999756,0.008275,-0.020471,0.003633,0.852824,0.522185,0.080475,1.19112,2.793638,-12.989099553651576,0.8721782682259935,-23.8366889493901,-0.112229,-0.015959,-0.204344,0.972314,0.915978,-0.393791,0.076901,0.400955,0.891296,-0.211722,0.30952,1.170164,3.018849,9.420285691888292,-77.4191505364846,64.90826286404261,-0.280388,-0.560306,0.46066,0.628675,-0.0523,0.893417,0.446173,-0.265005,0.418349,-0.868767,F,BuildTutorial
19.821,0.233605,1.552688,2.649083,31.8318700717243,0.360538086832927,0.967206376428454,-0.274241,-0.000711,-0.007254,-0.961633,0.999894,0.014341,0.002611,-0.013561,0.849478,0.52745,0.08234,1.190175,2.791233,-12.947493333187142,-0.3099065196737001,-24.03968021955199,-0.109716,-0.026108,-0.20722,0.971772,0.912756,-0.397013,0.096213,0.408471,0.890045,-0.202417,0.314637,1.168259,3.027068,11.538964324163794,-78.3585455170251,63.69080826244246,-0.265445,-0.575052,0.46088,0.621646,-0.086189,0.878298,0.470281,-0.267719,0.434258,-0.860086,F,BuildTutorial
19.854,0.238232,1.551666,2.653392,32.51742393408125,-0.6604754075662816,1.5493690590771787,-0.27987,0.009318,-0.014593,-0.959882,0.9994,0.0228,0.026058,-0.033232,0.842919,0.537013,0.08316,1.190064,2.789563,-12.88129015542662,-1.9308886766936124,-23.646245984005365,-0.106348,-0.039368,-0.205419,0.972082,0.912506,-0.390995,0.12023,0.407742,0.892986,-0.190584,0.319367,1.16442,3.034184,12.078050409340554,-80.79121840926662,66.82662112555373,-0.28801,-0.58207,0.473971,0.59464,-0.126908,0.898967,0.419228,-0.2284,0.384804,-0.894293,F,BuildTutorial
19.887,0.243483,1.550943,2.658002,32.99888805801743,-1.5897664359112462,2.0017299524669907,-0.283703,0.01826,-0.020686,-0.958515,0.998477,0.029295,0.046742,-0.050016,0.83817,0.543112,0.084733,1.189324,2.787531,-12.53533941630442,-3.784775598264304,-23.294928217588257,-0.10024,-0.054178,-0.204104,0.972295,0.910813,-0.386037,0.146273,0.40776,0.896587,-0.17281,0.320955,1.165142,3.04359,9.7517685933461,-80.66562222758316,63.887318678816065,-0.286217,-0.58151,0.448543,0.615415,-0.078688,0.884956,0.458978,-0.219203,0.433778,-0.873949,F,BuildTutorial
19.921,0.248827,1.55054,2.662862,33.34698701624287,-2.458970451235316,2.378538917644222,-0.286363,0.026504,-0.026033,-0.957401,0.99724,0.034668,0.06566,-0.065027,0.834638,0.546948,0.086356,1.189137,2.785652,-12.237840918926086,-5.669096753647887,-23.19254235353845,-0.094405,-0.069567,-0.204788,0.971756,0.906445,-0.384872,0.173871,0.411142,0.8983,-0.154984,0.325099,1.166398,3.056895,5.928065114369853,-77.6818403931716,59.82936126885373,-0.277443,-0.562962,0.41603,0.658042,0.019987,0.85991,0.510055,-0.23515,0.499889,-0.833556,F,BuildTutorial
19.955,0.254075,1.550907,2.668748,33.29426297306798,-3.417167063668201,2.712152534675536,-0.285593,0.035335,-0.031203,-0.957191,0.995556,0.039551,0.085468,-0.079917,0.834926,0.544529,0.088277,1.190012,2.783889,-12.245884290611286,-7.142031176610315,-23.24467626481545,-0.091796,-0.082107,-0.206429,0.97068,0.901291,-0.385678,0.197299,0.415827,0.897921,-0.144311,0.332268,1.166121,3.067102,2.801911016699506,-77.28565874343441,59.03556029898305,-0.29096,-0.552656,0.397991,0.67195,0.07235,0.856462,0.511116,-0.213258,0.513891,-0.830925,F,BuildTutorial
19.987,0.259509,1.551199,2.675531,32.92115280114502,-4.5118111848961115,3.1409048761186154,-0.281995,0.045495,-0.037412,-0.957606,0.993061,0.045994,0.108233,-0.097312,0.838158,0.536676,0.089879,1.190722,2.78206,-12.183312235402136,-8.50745297396924,-23.33352051846573,-0.088726,-0.093631,-0.208232,0.969536,0.895745,-0.387162,0.218509,0.420392,0.897534,-0.133053,0.34144,1.164345,3.078274,0.817103683858716,-75.21361429435805,56.2257278031199,-0.282561,-0.540892,0.377129,0.696684,0.130419,0.83115,0.540538,-0.219808,0.555866,-0.801684,F,BuildTutorial
20.021,0.265473,1.550825,2.682689,32.817017823098425,-5.684592177101623,3.534989934180019,-0.280535,0.056247,-0.043552,-0.957204,0.989879,0.051819,0.132115,-0.114935,0.838807,0.532158,0.090232,1.191033,2.78081,-11.976308536764948,-10.07349365794964,-23.60456937541683,-0.083864,-0.106725,-0.211599,0.967886,0.887671,-0.391706,0.242087,0.427508,0.896386,-0.117175,0.3521,1.158109,3.08636,0.796700507361478,-75.39857181043334,57.587244436026054,-0.289713,-0.538546,0.384818,0.691339,0.123767,0.844127,0.521663,-0.220031,0.535964,-0.815064,F,BuildTutorial
20.054,0.272119,1.549712,2.690364,32.89340416272388,-6.879181804833889,3.9827221120627287,-0.280443,0.067327,-0.050243,-0.956187,0.985886,0.05832,0.156935,-0.133846,0.837655,0.529547,0.090858,1.190278,2.779504,-11.56908468067544,-11.906896150769688,-24.156927047255778,-0.076432,-0.121884,-0.217285,0.965448,0.875863,-0.400924,0.26856,0.438187,0.893891,-0.094615,0.36428,1.148409,3.091565,2.9927895222025023,-76.66067095395466,58.76495273466371,-0.286337,-0.550282,0.398861,0.675361,0.076201,0.853881,0.51486,-0.223618,0.517843,-0.825732,F,BuildTutorial
20.087,0.279256,1.548124,2.698385,33.02612232152781,-8.087254448444202,4.346216003674872,-0.280759,0.07831,-0.056293,-0.954921,0.981398,0.063537,0.181168,-0.151482,0.836011,0.527389,0.091256,1.188526,2.778382,-10.89422985962494,-13.893833419848685,-24.728479362693697,-0.066263,-0.137788,-0.222809,0.962798,0.862741,-0.410779,0.294852,0.4473,0.891931,-0.066194,0.377439,1.141191,3.096682,3.5030296395653275,-77.00192984998786,58.82254376985528,-0.284728,-0.553788,0.40071,0.672072,0.0655,0.85397,0.516184,-0.223254,0.516723,-0.826532,F,BuildTutorial
20.121,0.286555,1.546283,2.706637,33.24283586694163,-9.291105746697806,4.550573053850173,-0.281801,0.088865,-0.061066,-0.953395,0.976748,0.066355,0.203864,-0.166525,0.833719,0.526481,0.091483,1.186525,2.778207,-10.311931621972365,-15.49839052186941,-25.279334123056945,-0.057503,-0.150522,-0.227767,0.960291,0.850931,-0.420133,0.315285,0.454755,0.889632,-0.041872,0.388783,1.138334,3.102077,2.296296832135017,-76.52309330849538,57.55918557983274,-0.284284,-0.550227,0.388824,0.682092,0.092132,0.843268,0.529538,-0.217586,0.535997,-0.815698,F,BuildTutorial
20.154,0.293985,1.544444,2.714798,33.506992223330066,-10.52722132057313,4.6478117478627645,-0.283241,0.099411,-0.065086,-0.951659,0.971762,0.067565,0.226082,-0.180195,0.831076,0.526158,0.092629,1.184,2.778438,-9.545517980572283,-16.84471192153468,-26.096319404345593,-0.047228,-0.160775,-0.234433,0.957582,0.838386,-0.43379,0.330054,0.464163,0.885622,-0.015067,0.40051,1.135883,3.107601,1.5755799257991805,-75.79710356782223,56.25691323741636,-0.28,-0.54678,0.379434,0.691854,0.114123,0.831222,0.544101,-0.218829,0.55526,-0.802372,F,BuildTutorial
20.188,0.301384,1.542515,2.722937,33.77833173412538,-11.776830482584812,4.792771573193023,-0.284631,0.110164,-0.069577,-0.949741,0.966046,0.069447,0.248862,-0.194872,0.828289,0.525321,0.094421,1.181614,2.779198,-8.765514496495042,-18.152280558332414,-26.679801004106263,-0.037136,-0.170453,-0.238902,0.955245,0.827743,-0.44376,0.343392,0.46908,0.883094,0.010494,0.412865,1.130776,3.110041,2.087896210025064,-76.12184452605764,56.45432705396075,-0.278897,-0.549879,0.382229,0.688295,0.103067,0.832892,0.543753,-0.219454,0.552235,-0.804287,F,BuildTutorial
20.221,0.308806,1.540272,2.730629,34.138895851838946,-13.060695486449177,4.707594270124881,-0.286915,0.120605,-0.072361,-0.947575,0.960437,0.067929,0.270087,-0.206342,0.824888,0.526292,0.096587,1.180012,2.780208,-8.1317331167189,-19.538629827208112,-26.676000882658112,-0.028944,-0.180809,-0.238484,0.953727,0.820867,-0.444431,0.358691,0.465364,0.884575,0.031031,0.423469,1.126063,3.11061,2.188631806898756,-77.19163982134317,55.9165771615416,-0.279228,-0.557913,0.376877,0.684637,0.093394,0.827618,0.553467,-0.204478,0.559991,-0.802869,F,BuildTutorial
20.254,0.315917,1.538215,2.737837,34.552277866670856,-14.226125123006913,4.392280311181032,-0.289944,0.129447,-0.073057,-0.94543,0.955813,0.063075,0.287131,-0.213205,0.82119,0.529331,0.100318,1.178516,2.781221,-7.613552132109641,-20.378836746086183,-26.49110007591626,-0.023163,-0.186789,-0.236446,0.95324,0.818406,-0.442127,0.367063,0.459434,0.887113,0.044171,0.433643,1.121157,3.113817,1.6423725063956165,-76.68973735532416,55.21420615857832,-0.277504,-0.554912,0.371287,0.690805,0.108439,0.820953,0.560605,-0.204993,0.570276,-0.795464,F,BuildTutorial
20.288,0.323013,1.536452,2.744242,34.98295778669977,-15.060865979913697,4.033943890830871,-0.293388,0.135403,-0.072644,-0.943564,0.952778,0.057638,0.298149,-0.21654,0.817292,0.533989,0.103794,1.177669,2.78334,-7.257069100463208,-20.92252366851828,-26.815620084651503,-0.018521,-0.190699,-0.238747,0.951993,0.813268,-0.447507,0.371932,0.461634,0.885314,0.055794,0.441247,1.115842,3.11732,0.9545646627255866,-76.2181119616871,54.126632461103725,-0.274946,-0.552547,0.362557,0.698319,0.126489,0.810201,0.572341,-0.202519,0.585915,-0.784659,F,BuildTutorial
20.321,0.329677,1.535034,2.750132,35.22500621986726,-15.718845338161792,4.011877292343683,-0.29499,0.140745,-0.074399,-0.942145,0.949311,0.057152,0.309099,-0.223226,0.814892,0.534904,0.107194,1.177841,2.786024,-7.165034225177095,-21.252688572325106,-27.71864432817738,-0.015541,-0.193396,-0.246158,0.949612,0.804009,-0.461498,0.374952,0.47352,0.87833,0.065696,0.445965,1.109153,3.119673,0.524607076066951,-76.28180310687918,53.584838241247624,-0.275171,-0.552913,0.35704,0.700779,0.133619,0.804703,0.578446,-0.196121,0.593607,-0.780492,F,BuildTutorial
20.354,0.335594,1.533897,2.75574,35.404751831693744,-16.315068014963458,3.9219681473053862,-0.296194,0.145397,-0.07539,-0.940981,0.946352,0.05575,0.318291,-0.228012,0.813171,0.535504,0.111019,1.178419,2.788615,-7.0839529647202815,-21.59694174226287,-28.086152178054228,-0.013497,-0.196134,-0.249128,0.948306,0.798933,-0.467205,0.378716,0.477794,0.875506,0.072127,0.447915,1.101978,3.12225,-0.2254249008455079,-76.13183634201052,53.00773969666691,-0.276534,-0.551077,0.350254,0.7051,0.147273,0.798711,0.583414,-0.189145,0.601702,-0.776002,F,BuildTutorial
20.387,0.341141,1.532779,2.760593,35.56525743512438,-16.893340976005664,3.911098869037664,-0.297145,0.150098,-0.076976,-0.939814,0.943091,0.055485,0.327874,-0.233888,0.811559,0.535414,0.114195,1.179591,2.791524,-7.059698174149168,-22.05477449187992,-28.204698221674647,-0.012093,-0.199886,-0.250124,0.947279,0.794967,-0.469041,0.384745,0.47871,0.874583,0.077082,0.447589,1.094577,3.123865,-0.7917422454374576,-76.25880513898625,52.38868546329424,-0.277419,-0.551618,0.343391,0.707701,0.155602,0.792093,0.590234,-0.179977,0.610244,-0.771499,F,BuildTutorial
20.421,0.346142,1.531918,2.765053,35.83690224491846,-17.603784096622324,3.840708517446849,-0.29899,0.155703,-0.078561,-0.938184,0.93917,0.054302,0.339134,-0.240516,0.808867,0.536551,0.118553,1.180759,2.793347,-6.965283465639552,-22.131403216021223,-28.37035112840049,-0.010851,-0.200348,-0.25136,0.946869,0.793358,-0.471662,0.384862,0.480358,0.873401,0.080171,0.444132,1.088256,3.123647,-1.7105065566520152,-76.80995399037637,51.14461475372391,-0.278669,-0.555251,0.329856,0.710799,0.165782,0.778385,0.605503,-0.15946,0.627077,-0.762461,F,BuildTutorial
20.454,0.350181,1.531193,2.769429,35.896171895100835,-18.364055210880604,3.4677262435191984,-0.299474,0.160941,-0.077566,-0.937228,0.936163,0.048999,0.348136,-0.24179,0.808598,0.536384,0.121515,1.182366,2.795882,-6.914586252751665,-22.086247974859827,-28.585665916966637,-0.010153,-0.199893,-0.253059,0.94652,0.792008,-0.474991,0.383545,0.48311,0.871716,0.081949,0.438526,1.082936,3.122239,-3.003351813722509,-77.43809652917078,50.58373654728144,-0.285628,-0.556614,0.318399,0.712194,0.177606,0.771492,0.610947,-0.135555,0.634078,-0.761295,F,BuildTutorial
20.487,0.353965,1.530167,2.77291,36.01989637356955,-19.16540348101589,3.095833138170264,-0.30048,0.166492,-0.076782,-0.936,0.93277,0.043681,0.357817,-0.243792,0.807632,0.536932,0.123231,1.184503,2.798297,-6.911094287719392,-22.244329176526183,-29.017291559307655,-0.009017,-0.201227,-0.25663,0.945287,0.787297,-0.481549,0.385063,0.488807,0.868119,0.086235,0.43202,1.079602,3.119206,-4.521115193281449,-78.46726882573473,49.557305195034296,-0.292616,-0.561002,0.301731,0.71317,0.188471,0.758687,0.623596,-0.102055,0.646668,-0.755913,F,BuildTutorial
20.521,0.357194,1.529269,2.775623,36.27488601625993,-19.97277852261457,2.653481350826185,-0.302683,0.171852,-0.075639,-0.934413,0.929491,0.037323,0.366952,-0.245391,0.805323,0.539664,0.125375,1.186292,2.799385,-7.101727661240728,-22.397700378973763,-29.48400055317264,-0.009429,-0.202921,-0.260775,0.943785,0.781639,-0.488405,0.387944,0.496058,0.863815,0.088036,0.425786,1.076371,3.115964,-5.389378183369566,-79.56782941685879,49.654018774083475,-0.301171,-0.564943,0.295002,0.709302,0.187627,0.75878,0.623739,-0.078203,0.64454,-0.760561,F,BuildTutorial
20.554,0.360064,1.528482,2.777937,36.480842557934906,-20.606925709186157,2.203794067508449,-0.304634,0.175765,-0.073944,-0.933187,0.927278,0.03092,0.373094,-0.245095,0.803461,0.542567,0.126916,1.187859,2.800102,-7.13182370588528,-22.372233248042445,-29.76453999494533,-0.00924,-0.202797,-0.263128,0.943161,0.779275,-0.492596,0.387403,0.500091,0.861357,0.089294,0.420975,1.07442,3.113301,-6.501449188840505,-80.31323910622694,48.87583405391215,-0.305818,-0.56823,0.282389,0.709821,0.194742,0.748441,0.633965,-0.053341,0.653464,-0.755076,F,BuildTutorial
20.587,0.362564,1.527817,2.779508,36.646337338666946,-21.070076567178756,1.8587511242522456,-0.306221,0.178557,-0.07261,-0.932241,0.92569,0.026024,0.377386,-0.244736,0.801913,0.545014,0.127907,1.189178,2.800578,-7.207229160354401,-22.508176227805723,-30.00621226110228,-0.009122,-0.204093,-0.26524,0.94229,0.775988,-0.496142,0.389468,0.503589,0.859129,0.091076,0.417271,1.071332,3.112171,-6.665289736450926,-80.50836434711978,48.4393754162384,-0.305099,-0.570105,0.278299,0.710242,0.195059,0.743197,0.640008,-0.047443,0.658929,-0.750708,F,BuildTutorial
20.621,0.364547,1.527611,2.780932,36.66028045690749,-21.340128944870628,1.6229832045599084,-0.306534,0.180118,-0.071435,-0.931929,0.924909,0.022721,0.379509,-0.24357,0.801868,0.545602,0.128041,1.190183,2.801105,-7.258594674798447,-22.859778500099676,-30.22981094703347,-0.008329,-0.207108,-0.267182,0.94109,0.771441,-0.499434,0.394265,0.506334,0.857089,0.094995,0.414527,1.069405,3.111019,-7.0875055762120445,-80.8880055031984,48.20793091062802,-0.307359,-0.571798,0.273609,0.709729,0.196371,0.739871,0.643451,-0.036883,0.661337,-0.749182,F,BuildTutorial
20.654,0.366308,1.52764,2.782274,36.47629942261548,-21.38081863996874,1.5928577438459437,-0.305057,0.180441,-0.071023,-0.932383,0.924793,0.022351,0.379812,-0.242531,0.803792,0.543228,0.128415,1.190556,2.801377,-7.22671009208879,-23.013953962515114,-30.42009407591643,-0.00736,-0.208319,-0.268706,0.940397,0.768801,-0.502314,0.39576,0.508446,0.855486,0.098111,0.411217,1.069063,3.110644,-7.867051980350816,-80.65282692068621,47.71285368788224,-0.308947,-0.569305,0.267011,0.713547,0.209194,0.73282,0.647467,-0.029279,0.666514,-0.744918,F,BuildTutorial
20.687,0.367492,1.527703,2.783234,36.2754629621109,-21.47221805141436,1.548442855863833,-0.303433,0.181146,-0.070602,-0.932807,0.924403,0.021785,0.380795,-0.241648,0.805887,0.540511,0.128965,1.190534,2.802046,-7.13962850959541,-22.84826412177866,-30.532967962693863,-0.006825,-0.20678,-0.269489,0.940517,0.769236,-0.504094,0.392639,0.50974,0.854659,0.098612,0.408344,1.07044,3.110198,-9.266665096026138,-80.56523165229648,46.88911448488906,-0.312936,-0.566726,0.254606,0.718379,0.227994,0.720506,0.654897,-0.011109,0.674493,-0.738197,F,BuildTutorial
20.721,0.36869,1.527542,2.783666,36.16514066425466,-21.519692653021604,1.4892587137677678,-0.302598,0.18142,-0.070079,-0.933065,0.924352,0.020981,0.380965,-0.24057,0.807048,0.539259,0.129605,1.190347,2.80235,-7.09505189195692,-22.78688927685827,-30.77578324814097,-0.006164,-0.206194,-0.27141,0.940097,0.767641,-0.507762,0.391032,0.512846,0.852597,0.100337,0.405698,1.07134,3.111005,-10.29479245880533,-80.25205078169877,46.77018818416287,-0.317731,-0.561919,0.249193,0.72194,0.2443,0.716883,0.65299,-0.002727,0.673899,-0.738818,F,BuildTutorial
20.754,0.369703,1.527664,2.784079,36.15918355802609,-21.514236766625473,1.5491187623567988,-0.302458,0.181536,-0.070543,-0.933053,0.924137,0.021826,0.381439,-0.241454,0.807086,0.538806,0.129473,1.190427,2.802995,-7.143117189983613,-22.960478353410103,-30.910818287424338,-0.005905,-0.207729,-0.2726,0.939417,0.765076,-0.509716,0.393507,0.514623,0.851309,0.102159,0.403019,1.071763,3.112843,-10.691297002212089,-79.92481268810971,46.63845049673965,-0.318719,-0.558987,0.247139,0.724482,0.252912,0.714415,0.652417,-0.001776,0.674682,-0.738107,F,BuildTutorial
20.788,0.370216,1.527867,2.784384,36.04517506519598,-21.544686292972585,1.40170563601421,-0.301743,0.181441,-0.06925,-0.9334,0.924567,0.019779,0.380505,-0.238772,0.808311,0.538164,0.129079,1.190596,2.804112,-7.072203029766291,-23.025921454196418,-30.967496844269096,-0.005061,-0.208114,-0.272959,0.939232,0.764364,-0.510637,0.393698,0.51485,0.850936,0.104106,0.400839,1.071412,3.114337,-10.652136042946506,-79.91642480137178,46.85510658172362,-0.319526,-0.558453,0.248742,0.72399,0.252516,0.717054,0.649668,-0.003293,0.67206,-0.740489,F,BuildTutorial
20.821,0.370548,1.528141,2.784792,35.88645308806811,-21.59636966658238,1.3875471059869318,-0.300439,0.181889,-0.069029,-0.933749,0.924303,0.019618,0.381155,-0.238204,0.809943,0.535959,0.129497,1.19095,2.804744,-7.106098353283235,-22.949754183322906,-30.97976802182785,-0.0055,-0.207564,-0.273108,0.939308,0.764658,-0.510782,0.392938,0.515348,0.850764,0.103043,0.398742,1.072429,3.115042,-11.0912491605909,-80.25924246459373,46.86863441656923,-0.322918,-0.559204,0.245504,0.72301,0.254038,0.716157,0.650064,0.006149,0.670904,-0.741519,F,BuildTutorial
20.854,0.370867,1.528234,2.78509,35.74735010093864,-21.64708364187916,1.4799892822940663,-0.299126,0.1826,-0.069703,-0.933982,0.923598,0.020962,0.382789,-0.239443,0.811331,0.5333,0.129994,1.191906,2.805244,-7.427525261311312,-22.85160662782017,-30.92205585776832,-0.008492,-0.207454,-0.273118,0.939307,0.764739,-0.50956,0.394365,0.516606,0.850669,0.097367,0.396167,1.073634,3.116625,-11.1810098248501,-80.28505203413225,46.93473980016525,-0.323823,-0.558898,0.245364,0.722889,0.254859,0.71671,0.649133,0.007225,0.66987,-0.742443,F,BuildTutorial
20.888,0.370862,1.528233,2.785171,35.7241632545065,-21.728233314750167,1.6094096720494542,-0.29868,0.183608,-0.070934,-0.933834,0.922513,0.022802,0.385292,-0.242162,0.811517,0.531788,0.129802,1.192529,2.80626,-7.578743206505964,-22.920440434472415,-30.97285350996392,-0.009484,-0.20835,-0.273769,0.93891,0.763282,-0.510136,0.396437,0.51804,0.849922,0.096271,0.393998,1.07399,3.118666,-10.922863325970766,-80.20266950416365,46.47869917879734,-0.319901,-0.560467,0.244109,0.723845,0.252576,0.711981,0.655201,0.005194,0.676149,-0.736747,F,BuildTutorial
20.921,0.370726,1.528194,2.784936,35.755924220820674,-21.830922362986527,1.5713058068874346,-0.298937,0.184333,-0.07094,-0.933609,0.921978,0.022251,0.386604,-0.242668,0.811208,0.532028,0.130327,1.192771,2.806504,-7.62690631543496,-23.091949599520312,-30.85037191831731,-0.009696,-0.209849,-0.272853,0.93884,0.76303,-0.508261,0.39932,0.5164,0.850915,0.09631,0.392164,1.074052,3.120465,-10.896117888973569,-80.44117860518067,47.04877987640849,-0.323043,-0.560455,0.247179,0.721412,0.249586,0.718739,0.648939,0.005466,0.669091,-0.743161,F,BuildTutorial
20.954,0.37066,1.528165,2.784769,35.85084760279951,-21.919980698312894,1.5924617359414115,-0.299622,0.185076,-0.071491,-0.9332,0.921272,0.022526,0.388266,-0.244337,0.810231,0.532752,0.130933,1.193355,2.80688,-7.736182187688469,-23.03980908764626,-30.69856314889144,-0.011,-0.209643,-0.271771,0.939185,0.76438,-0.505875,0.399767,0.515099,0.852039,0.093288,0.391534,1.073578,3.122222,-10.043227512845167,-80.07967593897749,46.461972143980155,-0.314357,-0.562459,0.249077,0.723035,0.2432,0.713809,0.656757,-0.006558,0.678281,-0.734774,F,BuildTutorial
20.999,0.370259,1.528242,2.784716,35.92167953619531,-21.985996200605115,1.513710870790678,-0.300286,0.185379,-0.071132,-0.932954,0.92115,0.021392,0.38862,-0.244059,0.809537,0.533934,0.131373,1.194322,2.80754,-8.004852253286295,-23.000596665568754,-30.65971251953568,-0.013383,-0.209893,-0.271857,0.939074,0.764078,-0.50497,0.401486,0.516205,0.85183,0.088987,0.391286,1.070774,3.122483,-8.211031675742788,-80.38215456713057,47.082888008002136,-0.307233,-0.568266,0.26197,0.716975,0.21689,0.724832,0.653894,-0.026471,0.673959,-0.738294,F,BuildTutorial
21.015,0.369899,1.528377,2.784573,35.916140544942735,-21.996570027371988,1.4601414262273884,-0.300321,0.185327,-0.070715,-0.932985,0.921307,0.020636,0.388289,-0.243266,0.809614,0.534179,0.131574,1.194873,2.807782,-8.156196469391652,-23.055467482083618,-30.495800816328085,-0.014804,-0.210645,-0.27075,0.939204,0.764647,-0.502342,0.403693,0.514815,0.852951,0.086257,0.391764,1.071057,3.121681,-8.408401766376404,-80.76532212468732,47.679639757893355,-0.312239,-0.568445,0.263605,0.714065,0.214765,0.731444,0.647199,-0.02148,0.666039,-0.745608,F,BuildTutorial
21.049,0.369526,1.528637,2.784357,35.90298815287885,-21.84616237572972,1.5206160380101983,-0.300209,0.184266,-0.070793,-0.933225,0.922069,0.021495,0.386428,-0.242768,0.809726,0.534235,0.132555,1.195148,2.80713,-8.200485321370671,-23.14177648178547,-30.1846471287812,-0.01554,-0.211405,-0.268278,0.939731,0.76667,-0.497648,0.405665,0.510789,0.855571,0.084223,0.392265,1.073409,3.121963,-9.306989496302476,-80.11451322620114,46.70137100857859,-0.311247,-0.564283,0.254438,0.72109,0.233692,0.718209,0.655412,-0.015683,0.676773,-0.736025,F,BuildTutorial
21.082,0.369263,1.528833,2.784073,35.904235848153434,-21.695696442372157,1.8085575934468316,-0.299851,0.183794,-0.072746,-0.933283,0.921856,0.025564,0.386689,-0.246007,0.809595,0.532951,0.133008,1.195134,2.807164,-8.211088388834769,-23.082102190496073,-29.991433523208578,-0.016123,-0.210911,-0.266701,0.940281,0.768775,-0.494746,0.405231,0.508348,0.857222,0.082179,0.392784,1.075417,3.122507,-9.773302709686384,-79.44061953247687,46.15041333564421,-0.309834,-0.560094,0.250292,0.726396,0.247297,0.710695,0.658603,-0.01655,0.682714,-0.730499,F,BuildTutorial
21.116,0.368843,1.529267,2.783858,35.83862513429385,-21.599833102122577,1.9855862276232965,-0.299093,0.1835,-0.073838,-0.933498,0.921752,0.028088,0.386762,-0.247622,0.810183,0.531307,0.133759,1.194823,2.80718,-8.17331003320345,-22.96021543991625,-29.929265857701544,-0.016208,-0.209823,-0.266116,0.940688,0.770313,-0.493862,0.403383,0.507466,0.857839,0.081181,0.393674,1.077187,3.121428,-10.332977813524538,-79.72544703896315,47.17386750753359,-0.318774,-0.557357,0.252997,0.723691,0.250693,0.721525,0.645411,-0.010841,0.668751,-0.743407,F,BuildTutorial
21.149,0.368607,1.529732,2.783471,35.72493559736472,-21.570661675503786,1.985407714544748,-0.298184,0.183303,-0.073589,-0.933848,0.921969,0.028125,0.38624,-0.246757,0.811342,0.529938,0.134244,1.19461,2.807172,-8.042642166170431,-22.96795735902997,-29.844535110581468,-0.015264,-0.209603,-0.265223,0.941005,0.771447,-0.492754,0.402572,0.505551,0.858848,0.082457,0.395088,1.078896,3.120616,-10.035992471966496,-79.58853374480836,47.178046541539665,-0.316733,-0.557409,0.254989,0.723848,0.248552,0.722247,0.645432,-0.016047,0.669321,-0.7428,F,BuildTutorial
21.183,0.368022,1.530728,2.782969,35.56350506551102,-21.5092719017714,1.832569068072769,-0.297148,0.182464,-0.07194,-0.93447,0.923063,0.026013,0.383769,-0.24289,0.813055,0.5291,0.135036,1.194727,2.806795,-8.020496622095363,-22.988921078354736,-29.5435867832968,-0.015583,-0.209689,-0.26272,0.941683,0.774018,-0.488262,0.403109,0.501332,0.861471,0.080829,0.397008,1.081103,3.11877,-9.264368142118013,-79.40072838291094,48.31180859291848,-0.31724,-0.555508,0.266755,0.720841,0.240505,0.737034,0.631615,-0.032116,0.656401,-0.753728,F,BuildTutorial
21.215,0.367045,1.53232,2.782227,35.160853296336214,-21.310918661289087,1.6019689658019145,-0.294343,0.180399,-0.06894,-0.935984,0.925407,0.022855,0.378286,-0.235252,0.817219,0.526128,0.135376,1.195777,2.806916,-8.135708724819994,-22.92999871303238,-29.26731485238224,-0.017177,-0.209401,-0.260616,0.942304,0.776462,-0.483964,0.403591,0.498352,0.863569,0.076774,0.398975,1.086929,3.115466,-9.088000995431363,-78.28968264107635,48.66672181762113,-0.315284,-0.548077,0.272988,0.725042,0.250178,0.741455,0.62262,-0.050256,0.652148,-0.756424,F,BuildTutorial
21.249,0.365419,1.535169,2.781787,34.13321155774623,-20.992832906292513,1.3490496170616508,-0.286502,0.177537,-0.064527,-0.939273,0.928634,0.019489,0.370485,-0.222947,0.827506,0.515295,0.136413,1.198121,2.807066,-8.76857629058823,-22.52992884630476,-28.66505055845429,-0.024423,-0.207272,-0.256538,0.943732,0.782454,-0.474082,0.403749,0.49433,0.867184,0.060249,0.400929,1.099388,3.110055,-10.835260749811972,-75.48660526180909,46.15668799685404,-0.307559,-0.531355,0.255417,0.746881,0.304848,0.708378,0.636607,-0.054687,0.68034,-0.730854,F,BuildTutorial
21.282,0.363575,1.54005,2.781031,32.09996633446266,-20.450789834346047,1.1498902161899884,-0.270359,0.173323,-0.058568,-0.945217,0.933058,0.017,0.359325,-0.204438,0.846951,0.490794,0.137995,1.201122,2.807881,-9.882181864165643,-21.69402294050014,-27.951522985646676,-0.036808,-0.202368,-0.252044,0.945604,0.791043,-0.461769,0.401274,0.491564,0.870238,0.032399,0.402822,1.114353,3.101353,-12.777524088344702,-71.72112180393137,41.51791637677981,-0.290672,-0.512418,0.224514,0.776229,0.374042,0.64644,0.664988,-0.050658,0.730207,-0.681346,F,BuildTutorial
21.315,0.361841,1.548156,2.78049,28.45447457787314,-19.29602935382029,0.8279562062357744,-0.241112,0.164201,-0.048093,-0.955296,0.941451,0.012705,0.336912,-0.171067,0.879104,0.444872,0.139985,1.204174,2.809667,-11.13065793033925,-20.60473613903068,-27.41595156984683,-0.050518,-0.195541,-0.248904,0.947237,0.799621,-0.451786,0.395596,0.4913,0.870989,0.001637,0.404339,1.128862,3.085262,-14.615289823247627,-70.42957035648868,39.65537369825949,-0.291763,-0.502803,0.205869,0.787198,0.409614,0.617519,0.671481,-0.030721,0.744984,-0.666375,F,BuildTutorial
21.349,0.3602,1.557731,2.778938,24.29482577463694,-17.714835576092216,0.8778892613146475,-0.206759,0.152117,-0.0398,-0.965675,0.950553,0.013965,0.310249,-0.139771,0.911334,0.387215,0.141084,1.206357,2.813373,-12.009509660034936,-19.751002689592028,-27.10216743542791,-0.060226,-0.189967,-0.247016,0.948298,0.805792,-0.445607,0.390044,0.491371,0.870712,-0.020375,0.404994,1.140503,3.064339,-16.599581326879264,-69.99627485424092,40.001568542366314,-0.305236,-0.492868,0.199449,0.790021,0.434603,0.61602,0.656993,-0.014255,0.734102,-0.67889,F,BuildTutorial
21.383,0.359097,1.567106,2.775545,20.2036035585768,-16.106190005162283,0.7999710357271336,-0.172701,0.139128,-0.031376,-0.974594,0.959318,0.013103,0.282024,-0.109213,0.93838,0.327895,0.141165,1.20828,2.818344,-13.0016582897218,-19.324176078102088,-26.265981292530768,-0.070803,-0.187756,-0.241054,0.949541,0.813282,-0.431194,0.390698,0.484369,0.87376,-0.043942,0.404519,1.145638,3.044418,-17.142531381790576,-67.10278958994944,40.03418457933256,-0.303776,-0.470981,0.204688,0.802496,0.47256,0.614668,0.631562,-0.042378,0.731646,-0.680366,F,BuildTutorial
21.415,0.358399,1.57495,2.770035,17.041284309650266,-14.530902590712174,0.7320887736344233,-0.146174,0.126007,-0.025005,-0.980882,0.966994,0.012216,0.254506,-0.085891,0.956016,0.280458,0.140909,1.210453,2.824121,-14.172999639531684,-18.892254720184788,-25.57153686200658,-0.082634,-0.18576,-0.236383,0.950152,0.819233,-0.418499,0.392066,0.479899,0.87459,-0.069209,0.404562,1.145428,3.026834,-16.881705428374946,-63.919118982509374,37.34322266649826,-0.285607,-0.45616,0.195066,0.819937,0.507736,0.580448,0.63662,-0.059319,0.760756,-0.646321,F,BuildTutorial
21.449,0.356821,1.580662,2.763226,14.876630948454595,-13.199467122186377,0.6303302825840075,-0.127972,0.114671,-0.020297,-0.984917,0.972877,0.010633,0.231077,-0.069332,0.966422,0.247429,0.140114,1.21265,2.831457,-15.2812809971714,-18.171456782585658,-24.94691681671335,-0.094388,-0.181173,-0.231884,0.95105,0.826812,-0.406866,0.388384,0.475268,0.874641,-0.095514,0.404647,1.138141,3.00932,-13.267994330834462,-62.773636203217066,39.39251788112303,-0.267208,-0.45382,0.229142,0.818622,0.483083,0.617689,0.620558,-0.132632,0.752189,-0.645462,F,BuildTutorial
21.483,0.354518,1.584545,2.75616,13.427567440518976,-12.122966726539786,0.4536774216914837,-0.11584,0.105331,-0.016255,-0.987534,0.977282,0.007703,0.211802,-0.056509,0.972634,0.225367,0.13963,1.214761,2.839334,-16.272816252175158,-17.277890381882326,-24.29808023455319,-0.105497,-0.174813,-0.226756,0.952309,0.836045,-0.394999,0.380795,0.468768,0.874904,-0.121653,0.401527,1.124828,2.990787,-5.97922092878898,-62.531096068528335,45.97029446562946,-0.243433,-0.459741,0.308408,0.796407,0.387047,0.715068,0.582128,-0.267405,0.69125,-0.671318,F,BuildTutorial
21.517,0.351766,1.587014,2.749063,12.614809927488905,-11.112874547734402,0.2338018835071788,-0.10915,0.096463,-0.012656,-0.989253,0.98107,0.003983,0.193615,-0.046098,0.975852,0.213512,0.140547,1.216882,2.846591,-17.335302795818777,-16.204085773400124,-23.896836261749673,-0.117121,-0.167197,-0.223403,0.95311,0.844272,-0.386692,0.371045,0.46502,0.872748,-0.148553,0.402923,1.119212,2.977262,-4.9790042374867145,-57.20750740780236,42.15634850830721,-0.207599,-0.43258,0.296046,0.825914,0.450463,0.668623,0.59163,-0.309411,0.738519,-0.599045,F,BuildTutorial
21.551,0.348499,1.588819,2.742104,12.232789631964778,-10.186506201168712,0.0543735934755608,-0.106086,0.088322,-0.009929,-0.990377,0.984201,0.000928,0.177051,-0.038407,0.977294,0.208377,0.14143,1.219586,2.853802,-18.457694889063823,-15.004785009447696,-23.40709866705512,-0.129557,-0.158452,-0.219013,0.954013,0.853853,-0.376826,0.35908,0.45894,0.870497,-0.177791,0.406903,1.122147,2.968521,-7.955786954639192,-50.4290168616187,35.09503989278085,-0.187972,-0.386284,0.243935,0.869452,0.582561,0.569401,0.580005,-0.278959,0.810324,-0.515321,F,BuildTutorial
21.586,0.344479,1.591157,2.73597,11.678042961624046,-9.178699374758711,-0.2297416446139377,-0.101567,0.079395,-0.006152,-0.991636,0.987317,-0.003928,0.158712,-0.028328,0.979293,0.200458,0.143195,1.222377,2.860392,-19.341642475374197,-13.471966163331205,-23.06579844226412,-0.140342,-0.146647,-0.215035,0.955279,0.864509,-0.369676,0.340536,0.451999,0.868128,-0.205064,0.411112,1.129306,2.960322,-12.868747338016128,-43.31269938468715,30.368528693644564,-0.19657,-0.326631,0.20199,0.902149,0.705024,0.492862,0.509929,-0.236039,0.84112,-0.486623,F,BuildTutorial
21.62,0.341013,1.592959,2.729737,11.203378283662428,-8.223450946879067,-0.534814240937393,-0.097693,0.070904,-0.002366,-0.992685,0.989934,-0.009156,0.141234,-0.018551,0.980901,0.193621,0.145037,1.225521,2.866821,-20.317082038670325,-11.725243983961414,-23.228805520675284,-0.151616,-0.133806,-0.214778,0.955499,0.871933,-0.369865,0.320831,0.451014,0.861766,-0.232261,0.41497,1.13551,2.953781,-15.83141729165016,-36.75728102622892,24.554818919375556,-0.19411,-0.277358,0.157448,0.927688,0.796565,0.399801,0.453479,-0.18445,0.875063,-0.447486,F,BuildTutorial
21.654,0.337346,1.594196,2.724137,10.952370630002171,-7.211395890594296,-0.7428947251591371,-0.095647,0.061984,0.000439,-0.993484,0.992316,-0.01273,0.123077,-0.010984,0.981703,0.190101,0.147349,1.227815,2.872196,-21.07342345040515,-10.31989010646338,-23.00670939235753,-0.160833,-0.122964,-0.211384,0.956206,0.880393,-0.3647,0.303154,0.443807,0.858899,-0.255594,0.419495,1.138947,2.946806,-16.940727050455024,-31.90004456827022,21.361919950471737,-0.189549,-0.240843,0.136485,0.942039,0.846732,0.348452,0.402027,-0.165846,0.890886,-0.422868,F,BuildTutorial
21.687,0.333729,1.595402,2.718971,10.768674865395765,-6.081967644747842,-0.8495900842577842,-0.094093,0.05212,0.002393,-0.994195,0.994556,-0.014566,0.103184,-0.00505,0.982282,0.187344,0.149437,1.229266,2.877025,-21.35998179223534,-9.193238647393356,-22.107745914974693,-0.166201,-0.112709,-0.202381,0.958497,0.892677,-0.350499,0.283335,0.425429,0.862838,-0.272986,0.421543,1.142377,2.940633,-18.24881480708359,-28.682761234446005,22.00634175573894,-0.197491,-0.210745,0.144018,0.94649,0.869691,0.355863,0.342051,-0.189383,0.880513,-0.434548,F,BuildTutorial
21.72,0.330008,1.596488,2.713928,10.506818739798682,-5.021615070098909,-1.0423184991161685,-0.091866,0.04279,0.005038,-0.994839,0.996287,-0.017885,0.084214,0.002161,0.98307,0.183216,0.152654,1.229157,2.88094,-21.2804667253087,-7.923480234248814,-21.141143725441363,-0.168618,-0.100541,-0.192402,0.961479,0.905746,-0.336075,0.25822,0.403887,0.869099,-0.285556,0.423058,1.146706,2.935191,-19.701351549653417,-26.193543426374926,21.487709262068673,-0.205329,-0.188279,0.140806,0.950034,0.889449,0.34486,0.29992,-0.190223,0.876027,-0.443162,F,BuildTutorial
21.753,0.326314,1.598234,2.709109,9.876718331630247,-3.7729614234528905,-1.3981087708869298,-0.086431,0.031745,0.009315,-0.995708,0.997811,-0.024037,0.061608,0.013062,0.984886,0.172712,0.157096,1.227755,2.88451,-21.337339115688614,-6.083280095903794,-21.288251236058528,-0.172056,-0.085394,-0.190914,0.96263,0.912519,-0.338174,0.230101,0.396944,0.867897,-0.298646,0.424991,1.150332,2.931612,-19.813422777461337,-23.84259697731003,20.36163423978259,-0.201651,-0.17053,0.135385,0.954949,0.905181,0.327347,0.271093,-0.189797,0.882015,-0.431308,F,BuildTutorial
21.787,0.322575,1.600672,2.704475,8.759720113933387,-2.631077931816976,-1.4866896365639448,-0.076639,0.021899,0.011179,-0.996756,0.998791,-0.025642,0.041943,0.018929,0.988003,0.15327,0.163565,1.224781,2.887253,-21.407425524041535,-3.422041583763941,-23.526884734929453,-0.175767,-0.066571,-0.205664,0.960404,0.906542,-0.371639,0.200167,0.418443,0.853617,-0.310233,0.429082,1.155148,2.930269,-20.03311803258187,-20.66989824011016,19.96643571223408,-0.199147,-0.144329,0.137216,0.959521,0.920682,0.320809,0.222322,-0.205838,0.883024,-0.421781,F,BuildTutorial
21.821,0.318658,1.603292,2.699966,7.523830252891864,-1.7488151982966071,-1.590201371513553,-0.065808,0.014316,0.012844,-0.997647,0.99926,-0.027512,0.026874,0.023744,0.991009,0.131674,0.170753,1.222304,2.888928,-21.41109168579261,-0.5439360885287393,-25.36849790293638,-0.180202,-0.045339,-0.216614,0.95841,0.902046,-0.398869,0.164976,0.43155,0.841211,-0.325773,0.43552,1.162806,2.929271,-21.306654233554692,-17.206707838190916,18.730478749299,-0.204273,-0.115311,0.130837,0.963254,0.93917,0.299169,0.168695,-0.204949,0.882308,-0.423708,F,BuildTutorial
21.854,0.314658,1.605273,2.695813,6.560046667740614,-0.9130661900195226,-1.718465428966302,-0.057327,0.007096,0.014515,-0.998225,0.999478,-0.029792,0.012502,0.028165,0.993006,0.114656,0.176806,1.220686,2.889994,-21.021755414410748,1.5459748377283495,-24.755705043653496,-0.181009,-0.026144,-0.208338,0.960806,0.911824,-0.39088,0.12566,0.409809,0.847662,-0.336935,0.442599,1.172129,2.928944,-22.774094224456135,-14.603058934845212,17.143494440701314,-0.212217,-0.094009,0.120117,0.965245,0.953469,0.271785,0.130501,-0.191984,0.881072,-0.432266,F,BuildTutorial
21.887,0.310558,1.606328,2.692381,6.125835750536207,-0.4104486715365806,-1.562152275996846,-0.053476,0.002848,0.013421,-0.998475,0.999624,-0.027105,0.004252,0.026496,0.99392,0.106866,0.181122,1.219642,2.890751,-20.503846916601105,2.8005822977508794,-23.112666488796748,-0.179134,-0.012084,-0.192813,0.96467,0.925355,-0.367672,0.092392,0.376331,0.861469,-0.34095,0.450568,1.18029,2.930022,-23.540146236768177,-12.366917847512772,17.2606577895823,-0.216325,-0.073822,0.124326,0.965555,0.958187,0.272026,0.088769,-0.208148,0.875493,-0.436103,F,BuildTutorial
21.92,0.306436,1.606616,2.689378,6.1282959093349225,-0.1168417434356703,-1.6058852244265946,-0.053463,0.000269,0.013939,-0.998473,0.999611,-0.027865,-0.000953,0.027807,0.993895,0.10677,0.184805,1.219327,2.891035,-20.487875175447225,4.027825878775091,-22.522269884428702,-0.181061,-0.000791,-0.18592,0.965738,0.930866,-0.358814,0.068854,0.359387,0.865301,-0.34942,0.45759,1.187292,2.93126,-23.970854708994633,-11.018770590731537,18.739750823025027,-0.219236,-0.05901,0.138851,0.963937,0.954477,0.29356,0.052881,-0.241812,0.865312,-0.439047,F,BuildTutorial
21.953,0.302538,1.606681,2.686888,6.154157949180197,0.1563947365351755,-1.7085385774768924,-0.053653,-0.002163,0.014961,-0.998445,0.999543,-0.029643,-0.005925,0.030107,0.993795,0.107075,0.1879,1.218973,2.891034,-20.68384007959055,5.336812344585691,-22.79898457113303,-0.184842,0.009452,-0.186034,0.964954,0.930604,-0.362522,0.050533,0.355534,0.862449,-0.360245,0.464025,1.194075,2.9318,-24.594475590142324,-10.036462865035798,19.902140552742456,-0.223744,-0.047516,0.149845,0.961887,0.950578,0.309531,0.024357,-0.267005,0.85497,-0.444674,F,BuildTutorial
21.987,0.298945,1.606668,2.684849,6.195297336617262,0.2027302047729586,-1.7721168417730444,-0.054004,-0.002602,0.015537,-0.998417,0.999504,-0.030744,-0.006874,0.031306,0.993684,0.107756,0.18944,1.218584,2.891032,-20.58050043575315,6.063213779706043,-22.977922680138597,-0.185175,0.015463,-0.186443,0.964733,0.93,-0.365462,0.039215,0.354009,0.861899,-0.363055,0.469613,1.200983,2.930789,-25.598900577303613,-8.94327909552448,19.585882877845727,-0.230578,-0.037354,0.148336,0.960955,0.953202,0.302315,0.003384,-0.267863,0.84966,-0.454232,F,BuildTutorial
22.02,0.29584,1.606474,2.682832,6.314689760325597,0.281845145197487,-1.856944836178781,-0.055031,-0.003348,0.016315,-0.998346,0.999445,-0.032207,-0.008481,0.032944,0.993411,0.109772,0.189713,1.218079,2.890752,-20.08189586379791,6.263079496848538,-22.63691640353511,-0.181263,0.018578,-0.183628,0.96596,0.931871,-0.36149,0.030679,0.34802,0.866849,-0.357008,0.473073,1.206508,2.929831,-25.79965031829928,-7.801391659638552,18.715768422423597,-0.230548,-0.029212,0.143145,0.962031,0.957313,0.288889,-0.009797,-0.26195,0.852715,-0.451951,F,BuildTutorial
22.054,0.293083,1.606307,2.6811,6.42817318484956,0.3788057927332899,-1.6879858386841724,-0.056012,-0.004126,0.014892,-0.998311,0.999522,-0.029272,-0.009906,0.030196,0.993282,0.111713,0.1893,1.217664,2.890075,-19.771105662540503,6.276703159693228,-22.091963378330583,-0.178581,0.020091,-0.179244,0.967252,0.934936,-0.353923,0.025153,0.339572,0.871961,-0.352667,0.475095,1.210219,2.928674,-25.594686010536673,-7.083084712876874,17.909734167961794,-0.227762,-0.025091,0.137984,0.963564,0.960662,0.277343,-0.014501,-0.254483,0.85817,-0.445851,F,BuildTutorial
22.086,0.291153,1.60613,2.679708,6.504012436213865,0.6880845994451857,-1.641664756284571,-0.056635,-0.006807,0.014643,-0.998264,0.999479,-0.028464,-0.01525,0.030006,0.993156,0.112875,0.189584,1.21686,2.888086,-19.609020749434627,6.669355992629616,-21.98407427248178,-0.177809,0.023853,-0.177846,0.967567,0.935604,-0.352638,0.017085,0.335673,0.87351,-0.352568,0.47713,1.212847,2.927289,-25.77285558910391,-6.198936628385262,16.889289854096084,-0.228019,-0.019433,0.131018,0.964606,0.964913,0.261624,-0.022258,-0.243899,0.861683,-0.444989,F,BuildTutorial
22.12,0.290559,1.605709,2.678578,6.717504406267279,1.5279590422747649,-1.5994191610843775,-0.058391,-0.014127,0.014713,-0.998085,0.999168,-0.02772,-0.029918,0.03102,0.992748,0.116143,0.190114,1.215446,2.885885,-19.23140702455723,7.651532380381867,-22.49874287829354,-0.176298,0.032008,-0.180979,0.967027,0.932444,-0.361309,0.001907,0.338737,0.872331,-0.352556,0.481806,1.21434,2.926954,-25.74402265910567,-3.534586463765768,15.13819699657817,-0.224688,-0.000473,0.12154,0.966821,0.970455,0.235228,-0.053703,-0.234803,0.869487,-0.434581,F,BuildTutorial
22.153,0.290969,1.605012,2.677608,7.068541802698353,2.710001784792721,-1.5192201297751058,-0.06131,-0.024417,0.014686,-0.997712,0.998376,-0.02631,-0.050523,0.032298,0.992051,0.121622,0.189892,1.214372,2.88365,-19.070459352684654,8.386966683253254,-23.02670011362599,-0.17628,0.037688,-0.184442,0.966171,0.929122,-0.369691,-0.007799,0.343117,0.869814,-0.354535,0.487405,1.214247,2.926947,-25.69835220375108,-0.6415393681897628,13.224911572475452,-0.221531,0.020186,0.111031,0.968601,0.974529,0.206147,-0.088298,-0.224034,0.877192,-0.424669,F,BuildTutorial
22.186,0.292017,1.604271,2.676871,7.449503413800611,4.163729361950591,-1.5260794607503148,-0.064432,-0.037112,0.01564,-0.997109,0.996756,-0.026408,-0.076025,0.035973,0.991208,0.12733,0.188854,1.213597,2.881123,-19.01736659389526,8.43704991195795,-23.032388000483813,-0.175917,0.038198,-0.184461,0.966213,0.92903,-0.369897,-0.008914,0.343018,0.870055,-0.354039,0.491244,1.213254,2.927001,-25.716168356589737,0.5164816063437658,12.804439923886145,-0.220657,0.029181,0.109707,0.968723,0.974226,0.199674,-0.104952,-0.22543,0.87855,-0.421108,F,BuildTutorial
22.22,0.293247,1.603941,2.676342,7.579902548246771,5.378285432994998,-1.419800504199656,-0.065441,-0.047629,0.01545,-0.996599,0.994986,-0.024561,-0.096957,0.037029,0.990958,0.128966,0.187285,1.212727,2.878692,-18.82889229275317,8.135243197989277,-22.78910826884542,-0.173772,0.036364,-0.183038,0.966943,0.930349,-0.366613,-0.00671,0.341337,0.8726,-0.349368,0.493222,1.211897,2.927216,-25.757885311899383,0.1647995532403107,14.169428367961896,-0.221017,0.028882,0.120552,0.96736,0.969266,0.220467,-0.109167,-0.246001,0.873237,-0.420643,F,BuildTutorial
22.253,0.293947,1.604069,2.675677,7.559916613891122,6.054479097516016,-1.346897422024073,-0.065209,-0.053466,0.015193,-0.996323,0.993821,-0.023302,-0.10852,0.037248,0.991034,0.128313,0.1854,1.211689,2.876715,-18.65704161334851,7.954785805213687,-22.73079757407189,-0.172022,0.035237,-0.182968,0.967311,0.930562,-0.366096,-0.005221,0.34185,0.873863,-0.345692,0.494769,1.21115,2.927284,-25.64763862263835,0.0112450280058687,15.684227183845044,-0.219865,0.030379,0.133062,0.965935,0.962743,0.2437,-0.1172,-0.270417,0.867908,-0.416666,F,BuildTutorial
22.286,0.294344,1.604111,2.674973,7.540382271293144,6.465939325286475,-1.3632815808315863,-0.064976,-0.057051,0.01556,-0.996133,0.993006,-0.023586,-0.115682,0.038414,0.991072,0.127673,0.183601,1.210433,2.874866,-18.447311009074458,7.67952149117013,-22.831202154370327,-0.169848,0.033139,-0.184405,0.967496,0.929793,-0.36808,-0.001483,0.345565,0.874293,-0.340876,0.497076,1.211576,2.927629,-25.67977208905522,0.823385369980239,15.46265971897561,-0.219259,0.036837,0.132743,0.965892,0.962045,0.240278,-0.129371,-0.272585,0.86861,-0.413781,F,BuildTutorial
22.32,0.294581,1.603943,2.674261,7.574178311761538,6.702236786811141,-1.4012566869227592,-0.065218,-0.059129,0.016041,-0.995989,0.992493,-0.024241,-0.119876,0.039667,0.990979,0.128017,0.181795,1.209004,2.873492,-18.180943426096317,7.323430742034873,-22.909970953779727,-0.167055,0.030494,-0.185814,0.9678,0.929087,-0.369849,0.003057,0.349473,0.875132,-0.334683,0.499103,1.212921,2.927832,-25.883931150864377,1.93170014862562,13.857324951242717,-0.220315,0.043322,0.1213,0.966887,0.966819,0.215478,-0.137224,-0.253657,0.873495,-0.41553,F,BuildTutorial
22.355,0.295291,1.603747,2.673465,7.670358450259661,7.0391804165443554,-1.4757816062023426,-0.065966,-0.062107,0.016931,-0.995743,0.991712,-0.025523,-0.12592,0.041911,0.990724,0.129267,0.180633,1.207378,2.872185,-17.891353384594517,7.13987661728979,-23.06798252106839,-0.164361,0.029236,-0.187647,0.967946,0.927868,-0.372875,0.005087,0.353654,0.875548,-0.329157,0.500191,1.214072,2.928013,-25.931106774454364,2.479472601523916,12.277222645996444,-0.220772,0.04495,0.10901,0.968172,0.972193,0.191234,-0.135172,-0.230929,0.878753,-0.41769,F,BuildTutorial
22.386,0.295951,1.603737,2.672809,7.663357006666097,7.300696105337078,-1.5387765788616397,-0.065831,-0.064415,0.017625,-0.995594,0.99108,-0.026613,-0.130583,0.043575,0.990711,0.128812,0.180671,1.205066,2.871005,-17.123014138981436,7.221537845673088,-23.513891058299933,-0.158148,0.030696,-0.191911,0.9681,0.924456,-0.381287,0.001268,0.361869,0.876319,-0.317987,0.499787,1.213867,2.928741,-25.466812923598344,2.429401770407207,11.92567799299777,-0.217025,0.043458,0.105953,0.969425,0.973771,0.186563,-0.130246,-0.224289,0.883348,-0.411571,F,BuildTutorial
22.42,0.296291,1.603746,2.672272,7.613362525321094,7.448688814632771,-1.6882868797328887,-0.065288,-0.065782,0.018981,-0.995515,0.990625,-0.029201,-0.133452,0.046381,0.990754,0.127493,0.180621,1.201966,2.870822,-15.701460174087876,7.373323139932116,-23.899856374388875,-0.146545,0.034093,-0.196099,0.968972,0.920766,-0.390021,-0.008595,0.370036,0.88014,-0.297367,0.499844,1.209739,2.931334,-22.597372856977287,2.983227480983265,12.559250869343629,-0.19189,0.046796,0.112294,0.973847,0.9704,0.200755,-0.134241,-0.236674,0.901136,-0.363234,F,BuildTutorial
22.453,0.296802,1.603891,2.671314,7.522230755714083,7.555210052472108,-1.7716069141313693,-0.06443,-0.066746,0.019714,-0.995492,0.990313,-0.030649,-0.135432,0.047851,0.99092,0.125647,0.181062,1.197969,2.870826,-14.01313532407067,7.51553097393024,-24.32335039372907,-0.132693,0.037946,-0.200833,0.969855,0.916453,-0.399628,-0.020307,0.379487,0.884118,-0.272627,0.500179,1.20154,2.934465,-17.557933017280458,3.6443927576747464,12.476141931528982,-0.148228,0.047815,0.112157,0.981409,0.970269,0.205969,-0.127101,-0.234319,0.930898,-0.28022,F,BuildTutorial
22.486,0.297151,1.603907,2.670337,7.50260837823861,7.536832209715019,-1.781434439766581,-0.064257,-0.06659,0.019778,-0.995513,0.990349,-0.030821,-0.135124,0.047937,0.99096,0.125304,0.18136,1.193864,2.871074,-12.454781966967044,7.595710230332814,-24.47236902883865,-0.119733,0.04141,-0.203207,0.970905,0.913985,-0.404505,-0.031748,0.384672,0.888742,-0.249329,0.497478,1.188251,2.937587,-9.666729370683752,2.250357872642976,12.723549244805392,-0.081555,0.028781,0.112035,0.989934,0.97324,0.217119,-0.075257,-0.226508,0.961594,-0.15502,F,BuildTutorial
22.52,0.297098,1.604024,2.669404,7.3849754133140495,7.355530048442835,-1.7955167180088147,-0.063258,-0.065011,0.019734,-0.995682,0.990768,-0.031074,-0.131957,0.047523,0.991218,0.123403,0.181767,1.191905,2.870893,-11.97454869362404,7.413188539240825,-24.177166014138244,-0.115246,0.04107,-0.201252,0.971869,0.915621,-0.400648,-0.033443,0.381715,0.892432,-0.240539,0.493758,1.182192,2.939732,-7.57288735968836,0.7249854602078077,13.539155620407342,-0.064832,0.014053,0.118032,0.990792,0.971742,0.232067,-0.043151,-0.235711,0.963731,-0.125152,F,BuildTutorial
22.553,0.297063,1.604626,2.668745,7.010318438831569,7.151303250450921,-1.9614280419036836,-0.059945,-0.063285,0.020863,-0.995975,0.99112,-0.033972,-0.128562,0.049146,0.991943,0.116766,0.18201,1.192536,2.870063,-12.702766235446674,6.921795429679032,-23.693913949566824,-0.120389,0.036049,-0.19713,0.972289,0.91968,-0.392015,-0.022635,0.374656,0.893292,-0.248318,0.492244,1.186724,2.940492,-11.560036299685954,1.4404602289064374,13.073789709765236,-0.098623,0.023889,0.114513,0.988226,0.972632,0.221618,-0.069803,-0.231042,0.954321,-0.189452,F,BuildTutorial
22.586,0.296779,1.605047,2.668323,6.694175525595145,6.947330647196266,-2.10563928013265,-0.057156,-0.061547,0.021846,-0.996227,0.991469,-0.036491,-0.125127,0.050562,0.992512,0.111192,0.182041,1.192941,2.869342,-12.62592203648376,6.420342491273749,-22.802879440678858,-0.118623,0.032858,-0.190139,0.974011,0.925536,-0.378189,-0.018898,0.362598,0.899552,-0.243575,0.493625,1.187076,2.940555,-11.836833808973893,4.20514878447287,9.757103472064086,-0.099566,0.045124,0.088303,0.990077,0.980333,0.165868,-0.106937,-0.18384,0.964578,-0.189187,F,BuildTutorial
22.62,0.296938,1.604934,2.667521,6.71278245959207,6.745532553082459,-2.061857544275029,-0.057379,-0.059773,0.021374,-0.996332,0.991941,-0.035732,-0.12156,0.049451,0.992502,0.111782,0.181395,1.192868,2.869123,-12.02020658495364,5.7691218275163605,-21.021063912802095,-0.111946,0.030132,-0.176003,0.977539,0.93623,-0.350845,-0.019504,0.337353,0.912983,-0.229469,0.492737,1.183271,2.9411,-9.693547936523093,4.838418651146694,7.184237772932308,-0.081615,0.047266,0.065933,0.993357,0.986838,0.123275,-0.104667,-0.138705,0.977984,-0.155912,F,BuildTutorial
22.653,0.297486,1.604414,2.666521,7.022127973917595,6.617280520493273,-2.0829808263736256,-0.060082,-0.058708,0.021646,-0.99623,0.99217,-0.036073,-0.119575,0.050183,0.991843,0.11717,0.18087,1.192535,2.868932,-11.524938978929864,4.989085905961422,-18.990899632970994,-0.106079,0.026163,-0.15967,0.981106,0.947642,-0.318857,-0.017461,0.307755,0.926506,-0.216504,0.490385,1.179989,2.941869,-8.349293373637193,4.4880383628111495,4.581615354681075,-0.071122,0.041928,0.042683,0.995672,0.992841,0.079032,-0.089565,-0.09096,0.98624,-0.138049,F,BuildTutorial
22.687,0.298099,1.60411,2.665829,7.128204930397712,6.489300400839336,-2.2748280283950435,-0.060932,-0.057711,0.023298,-0.9962,0.992253,-0.039386,-0.117823,0.053452,0.991489,0.118711,0.180124,1.191565,2.868974,-10.873515732643384,4.174568682064582,-17.53286332681288,-0.099104,0.021404,-0.14821,0.983745,0.955152,-0.295843,-0.012735,0.287358,0.936425,-0.20133,0.489059,1.178464,2.942262,-7.935095221325815,5.273666993460851,1.2363834072662905,-0.068619,0.046638,0.013935,0.996455,0.995261,0.021371,-0.094858,-0.034172,0.990194,-0.135452,F,BuildTutorial
22.72,0.298742,1.604117,2.665277,7.020311851672551,6.447592184042721,-2.628627213355303,-0.059825,-0.057518,0.0263,-0.996203,0.992,-0.045519,-0.117746,0.059283,0.991459,0.11617,0.179772,1.189631,2.868593,-9.96018172478332,3.4687626847441786,-16.748869791847667,-0.090236,0.017193,-0.142426,0.985534,0.958839,-0.283834,-0.008185,0.277628,0.943145,-0.182758,0.486704,1.177279,2.942952,-7.616469175312064,4.925575436255012,-0.008045148013272,-0.066359,0.042871,0.002784,0.996871,0.996309,-0.00014,-0.085842,-0.01124,0.991177,-0.132065,F,BuildTutorial
22.753,0.299841,1.604341,2.664634,6.855146680839851,6.602387869917679,-2.8551241041669133,-0.058237,-0.058951,0.028269,-0.99616,0.991451,-0.049454,-0.120741,0.063187,0.991619,0.112694,0.179546,1.187643,2.868089,-9.192274565039888,2.9196135974309745,-16.311189222264883,-0.082898,0.013773,-0.139339,0.986673,0.96079,-0.277248,-0.004078,0.272681,0.947425,-0.167424,0.485223,1.17689,2.943915,-7.554234510607317,4.566049016394337,-0.4507854878368491,-0.065979,0.03949,-0.001298,0.997039,0.996878,-0.007798,-0.078574,-0.002623,0.99129,-0.131669,F,BuildTutorial
22.787,0.301179,1.604522,2.664047,6.70930333506442,6.880955264068391,-2.945072104626483,-0.056852,-0.06139,0.029118,-0.996068,0.990767,-0.051027,-0.125609,0.064988,0.99184,0.109681,0.180402,1.186431,2.866976,-9.102995587009602,2.717387749449081,-16.755158238632458,-0.08193,0.011826,-0.143334,0.986206,0.958631,-0.284651,0.00016,0.280776,0.945486,-0.16499,0.486189,1.177561,2.945322,-7.858164825303457,5.139452762068846,-0.7963501965455145,-0.068762,0.044253,-0.003854,0.996644,0.996054,-0.013769,-0.087678,0.001597,0.990514,-0.137404,F,BuildTutorial
22.821,0.302517,1.604461,2.66365,6.639036775660914,7.173820247267366,-2.9532616162626093,-0.056162,-0.063926,0.029297,-0.995942,0.990111,-0.051176,-0.130623,0.065537,0.991975,0.108122,0.181613,1.185233,2.865621,-9.037751937852446,2.970815660490233,-17.63958058614639,-0.081792,0.01346,-0.150781,0.985086,0.954168,-0.299267,-0.001854,0.294863,0.94115,-0.165203,0.487554,1.177731,2.947088,-7.626202758791829,5.238262946423758,0.1546392909957873,-0.066371,0.045685,0.004384,0.996739,0.995787,0.002676,-0.091655,-0.014804,0.991151,-0.131909,F,BuildTutorial
22.853,0.30363,1.604347,2.663299,6.679465972907442,7.348481951964315,-2.9335127235750855,-0.05648,-0.065442,0.029233,-0.995828,0.989726,-0.050829,-0.133641,0.065614,0.991911,0.108663,0.183372,1.183567,2.863898,-8.732569105919477,3.4195777123844584,-18.68113630809279,-0.079918,0.017005,-0.159518,0.983808,0.94853,-0.316587,-0.007963,0.311151,0.936335,-0.162672,0.487678,1.177557,2.94927,-7.008116015647352,4.232517850111189,1.5329776525635574,-0.060579,0.037672,0.0156,0.99733,0.996675,0.026553,-0.077033,-0.035681,0.992174,-0.119659,F,BuildTutorial
22.887,0.304757,1.604464,2.663078,6.609367939817751,7.3893610440990685,-2.980957699094963,-0.055833,-0.065807,0.029627,-0.995828,0.989583,-0.051658,-0.134373,0.066355,0.99201,0.107302,0.184805,1.182061,2.862519,-8.387107006436601,3.873465120219431,-19.299237873055123,-0.0777,0.020978,-0.164642,0.983065,0.944906,-0.326967,-0.015661,0.320447,0.933712,-0.159676,0.488548,1.179092,2.951529,-6.991144220386656,3.518735567722795,2.2795834116135505,-0.060321,0.031851,0.021717,0.997434,0.997028,0.03948,-0.066159,-0.047166,0.99178,-0.118948,F,BuildTutorial
22.92,0.305803,1.60475,2.663026,6.400403836298584,7.43028373111784,-3.00193186862421,-0.053994,-0.066132,0.029714,-0.995906,0.989487,-0.052043,-0.134931,0.066325,0.992404,0.103616,0.1873,1.179791,2.860707,-7.781139723085901,4.640959192985044,-20.003682823279597,-0.073781,0.028007,-0.170432,0.982204,0.940337,-0.338931,-0.029867,0.330666,0.931019,-0.154482,0.491025,1.181461,2.953831,-6.883023194528461,3.283832833111473,2.4682696185941495,-0.059375,0.029887,0.02321,0.997518,0.997136,0.042755,-0.062382,-0.049853,0.991872,-0.117069,F,BuildTutorial
22.953,0.306959,1.605277,2.663056,6.0952022453384975,7.546573456291839,-2.91787333925311,-0.05136,-0.067045,0.028867,-0.996009,0.989344,-0.050616,-0.136519,0.06439,0.993058,0.098439,0.189851,1.177663,2.859036,-7.381718160963939,5.493162243493135,-20.95831565346229,-0.071924,0.035327,-0.178259,0.980716,0.933952,-0.354724,-0.043649,0.344561,0.926102,-0.153668,0.493525,1.183241,2.956284,-6.302108376515098,2.4454224107078995,3.133325675166122,-0.054353,0.022801,0.028465,0.997856,0.99734,0.054329,-0.048598,-0.059286,0.992471,-0.107175,F,BuildTutorial
22.986,0.307886,1.605691,2.663049,5.848609486748082,7.605704914497402,-2.7740899240450414,-0.049286,-0.06745,0.027504,-0.996125,0.989388,-0.048147,-0.137087,0.061444,0.993629,0.094479,0.191475,1.176152,2.857832,-7.11715940802162,6.025793046478427,-21.88127532017574,-0.070813,0.039742,-0.185961,0.979196,0.927678,-0.369813,-0.051494,0.358556,0.920808,-0.153461,0.495847,1.185691,2.958904,-6.102440106608472,1.6855087985748969,3.9717844701304625,-0.052682,0.016523,0.035383,0.997848,0.99695,0.068872,-0.036703,-0.072354,0.991945,-0.103967,F,BuildTutorial
23.02,0.308891,1.60601,2.663147,5.632355772239394,7.673705039562182,-2.781632474295454,-0.047385,-0.068005,0.027475,-0.99618,0.989241,-0.048295,-0.138094,0.061184,0.994,0.090672,0.192796,1.175196,2.856635,-7.054102271050247,6.282100404861332,-22.547917937491977,-0.070934,0.041626,-0.191531,0.978034,0.923166,-0.380554,-0.054251,0.368743,0.916568,-0.154697,0.499692,1.190734,2.961447,-7.375146500489405,2.2116736979233607,4.480052827173945,-0.063502,0.021758,0.040238,0.996933,0.995815,0.077466,-0.048493,-0.082993,0.988697,-0.124864,F,BuildTutorial
23.053,0.309969,1.606278,2.663252,5.437064815786589,7.687410061181117,-2.8382718626639933,-0.04565,-0.068111,0.027861,-0.996243,0.989169,-0.049294,-0.138255,0.061731,0.99428,0.087162,0.193643,1.174484,2.855552,-6.978249731077232,6.3297285981665885,-23.00287862349023,-0.070534,0.041884,-0.195427,0.977282,0.920108,-0.387883,-0.054296,0.376066,0.913667,-0.154233,0.503734,1.195738,2.963539,-8.421373229196451,2.9881649395862153,4.807687661610639,-0.072244,0.029059,0.043728,0.996004,0.994487,0.082907,-0.064203,-0.091304,0.985737,-0.141369,F,BuildTutorial
23.087,0.311044,1.606607,2.663488,5.257696097438992,7.682296065262845,-2.8257274700475628,-0.044099,-0.068028,0.027647,-0.996325,0.989216,-0.049091,-0.137994,0.061091,0.994582,0.084112,0.193829,1.17387,2.855199,-6.711473522481409,6.073915767463157,-22.920325763107673,-0.067796,0.040221,-0.195028,0.977625,0.920693,-0.386781,-0.052197,0.375874,0.914736,-0.148246,0.505573,1.199132,2.965238,-8.594095611193449,2.781637127784861,5.593834444338836,-0.073635,0.02783,0.050461,0.995619,0.993358,0.096381,-0.062847,-0.104578,0.984063,-0.143815,F,BuildTutorial
23.119,0.311963,1.606743,2.663649,5.140913599377421,7.6546089806656,-2.8089893247809172,-0.0431,-0.067759,0.027424,-0.996393,0.989313,-0.04881,-0.137393,0.060492,0.994781,0.082172,0.193219,1.173579,2.855342,-6.594921599322048,5.61918418051262,-22.63819744411217,-0.065938,0.036708,-0.192948,0.978303,0.922847,-0.382364,-0.046377,0.372682,0.916847,-0.143181,0.506677,1.20332,2.966392,-9.39367169409587,2.461996814702829,5.586233769093629,-0.080724,0.025375,0.050312,0.995143,0.99365,0.096039,-0.058626,-0.104232,0.981905,-0.15811,F,BuildTutorial
23.153,0.312854,1.606718,2.663799,5.094205496310699,7.553739389619872,-2.8139705192131363,-0.042715,-0.066875,0.027403,-0.99647,0.989554,-0.048899,-0.135618,0.060325,0.994849,0.081462,0.192196,1.173788,2.855692,-6.729550623926324,5.038987591018274,-22.654317352516237,-0.066113,0.031512,-0.193353,0.978392,0.923243,-0.382517,-0.036096,0.374184,0.916487,-0.141555,0.509227,1.208876,2.967312,-10.98096828870212,3.266741384022517,4.706223229285291,-0.094396,0.032276,0.043578,0.994057,0.994119,0.080544,-0.072395,-0.09273,0.978381,-0.184856,F,BuildTutorial
23.187,0.313692,1.606858,2.663998,4.939981235091042,7.43517081690764,-2.8172954066138085,-0.0414,-0.065816,0.027302,-0.996599,0.989846,-0.048968,-0.133444,0.059867,0.995081,0.078924,0.190783,1.1743,2.856171,-6.9564038689551975,4.281301210824178,-22.791549283890376,-0.066798,0.02457,-0.194862,0.978245,0.92285,-0.384529,-0.022038,0.377964,0.915133,-0.140266,0.511879,1.2129,2.967978,-12.01586087156738,4.297773198697211,4.168866908471828,-0.103167,0.04107,0.040069,0.993008,0.993415,0.071104,-0.089833,-0.088052,0.975502,-0.2016,F,BuildTutorial
23.22,0.314343,1.607238,2.664327,4.780158163411082,7.302626660372213,-2.8407682545702837,-0.040028,-0.064641,0.027371,-0.99673,0.990145,-0.049387,-0.13105,0.059737,0.995297,0.076255,0.1886,1.175063,2.85739,-7.042986844651632,3.5675950054442964,-22.7059219515605,-0.066308,0.018376,-0.194511,0.978484,0.923655,-0.383089,-0.010166,0.378215,0.915537,-0.136911,0.51285,1.215364,2.968517,-12.734526875599318,4.47470508696079,4.590084405308196,-0.109174,0.043205,0.044094,0.992104,0.992378,0.078057,-0.095356,-0.096925,0.972274,-0.212814,F,BuildTutorial
23.253,0.315074,1.607377,2.664448,4.661477332172974,7.185170359234436,-2.830861135987538,-0.039029,-0.063593,0.02718,-0.996842,0.990434,-0.049224,-0.128907,0.059152,0.995476,0.074354,0.187236,1.175821,2.85817,-7.220898739931172,2.958001623636483,-22.611794694539867,-0.06678,0.012918,-0.193999,0.978641,0.924395,-0.381436,0.000626,0.377985,0.91581,-0.13572,0.513182,1.217372,2.968869,-13.174638027413698,4.500705203525216,4.333776296755028,-0.113072,0.043313,0.042033,0.991752,0.992715,0.073577,-0.095416,-0.093167,0.970896,-0.220638,F,BuildTutorial
23.286,0.315768,1.607636,2.664617,4.564234342237818,7.11233290630468,-2.7091977381640353,-0.038267,-0.0629,0.026045,-0.996946,0.990731,-0.047117,-0.127408,0.056745,0.995715,0.073023,0.185482,1.176928,2.85967,-7.464584761129727,2.5171459192529912,-22.70265941919708,-0.06812,0.00868,-0.194958,0.978405,0.923832,-0.382678,0.009576,0.380313,0.914702,-0.136683,0.51529,1.219423,2.969239,-13.882700994372804,5.190782171937514,3.4110143721061283,-0.119338,0.048524,0.034984,0.99105,0.992843,0.057761,-0.104528,-0.080923,0.969069,-0.233144,F,BuildTutorial
23.321,0.316337,1.607754,2.664823,4.451347967032205,6.945456063920164,-2.588922740577658,-0.037387,-0.061388,0.024884,-0.997103,0.991225,-0.045033,-0.12428,0.054213,0.995966,0.071502,0.184889,1.177768,2.860797,-7.680113236890671,2.30409497856121,-22.925166211935185,-0.069609,0.006354,-0.196922,0.977924,0.922363,-0.386035,0.014989,0.384266,0.912752,-0.138647,0.518863,1.221291,2.970102,-14.721655779548742,6.13631482500398,2.4457315448934196,-0.126772,0.055801,0.027991,0.989966,0.992206,0.041272,-0.117579,-0.069568,0.966291,-0.247875,F,BuildTutorial
23.353,0.316726,1.607737,2.665213,4.434052045153618,6.691587724350649,-2.580252181476594,-0.037296,-0.059173,0.024717,-0.997245,0.991775,-0.044884,-0.119863,0.053711,0.995996,0.071461,0.184777,1.17855,2.861799,-7.791288922334576,2.187914327259521,-22.95604707703934,-0.070359,0.00515,-0.197225,0.977817,0.922151,-0.386425,0.017681,0.384976,0.912304,-0.139628,0.52369,1.223196,2.971103,-15.6958923793511,7.117149192197861,2.351466611607179,-0.134991,0.064271,0.028761,0.988342,0.990084,0.0395,-0.134808,-0.074204,0.9619,-0.263138,F,BuildTutorial
23.386,0.317224,1.607552,2.665535,4.473002964837015,6.437509569678262,-2.605873914124526,-0.037677,-0.056977,0.024876,-0.997354,0.99227,-0.045327,-0.115527,0.053914,0.995923,0.072321,0.184447,1.179588,2.863071,-7.945806470649852,2.1076440989041783,-22.88673490424435,-0.071536,0.004239,-0.19664,0.977853,0.922629,-0.385178,0.019843,0.383964,0.912431,-0.14157,0.529754,1.225015,2.972092,-16.841714357174858,8.154760244272314,3.861070411525993,-0.14362,0.075218,0.043647,0.985804,0.984874,0.064449,-0.160839,-0.107661,0.954936,-0.276597,F,BuildTutorial
23.419,0.317501,1.607415,2.66611,4.585712855211866,5.990934805833133,-2.638101642505084,-0.03874,-0.053121,0.02506,-0.997522,0.9931,-0.04588,-0.107921,0.054111,0.995742,0.074625,0.184748,1.180266,2.863934,-8.007050774174553,2.0571271331168286,-22.95918452544813,-0.071974,0.003656,-0.197273,0.977696,0.92214,-0.386272,0.021248,0.385219,0.911807,-0.142179,0.536395,1.225997,2.973739,-17.0687384810782,8.831054161017402,6.35013635631103,-0.143518,0.084215,0.066019,0.983845,0.977099,0.105732,-0.18466,-0.154077,0.950088,-0.27128,F,BuildTutorial
23.453,0.317704,1.607037,2.666691,4.831874100347744,5.42135124306933,-2.8246832003546616,-0.040929,-0.048274,0.026591,-0.997641,0.993925,-0.049104,-0.098497,0.057007,0.995236,0.079097,0.185205,1.180911,2.864909,-8.026694955645633,2.054075997064751,-22.919039610822,-0.072135,0.003621,-0.196927,0.977754,0.922414,-0.385614,0.021329,0.384569,0.912033,-0.142486,0.543305,1.227522,2.976679,-17.257485119236133,8.818718685250454,8.454987497518815,-0.143577,0.086832,0.08417,0.982223,0.970751,0.140413,-0.194746,-0.190282,0.944602,-0.267431,F,BuildTutorial
23.486,0.31787,1.606391,2.667303,5.1773177250277165,4.905889914304949,-2.979710434124179,-0.043997,-0.043914,0.027882,-0.997677,0.994588,-0.05177,-0.090077,0.059498,0.994574,0.085341,0.186453,1.181232,2.865361,-8.092670262395663,2.246560761947303,-22.93397301532882,-0.073029,0.005139,-0.196914,0.977684,0.922397,-0.38579,0.018713,0.384289,0.911783,-0.144822,0.55127,1.231125,2.97956,-18.87760920381578,9.155042920338156,11.015552299905572,-0.15516,0.094054,0.107407,0.977519,0.959235,0.180797,-0.21721,-0.239171,0.928779,-0.283139,F,BuildTutorial
23.519,0.317965,1.605679,2.668101,5.619407751398515,4.365711345475356,-3.08075342395383,-0.047943,-0.039346,0.028696,-0.997662,0.995257,-0.053485,-0.08126,0.061031,0.993756,0.093403,0.187912,1.181306,2.865524,-8.15273932079411,2.5790780526319725,-23.06265793526985,-0.074121,0.007788,-0.19778,0.977409,0.921645,-0.387778,0.014096,0.385469,0.910778,-0.147974,0.55992,1.236395,2.981918,-21.494923623616597,9.625511014739976,13.807131480161576,-0.174568,0.104166,0.133206,0.970016,0.942811,0.222056,-0.248592,-0.294792,0.903564,-0.310917,F,BuildTutorial
23.552,0.318443,1.605118,2.669101,5.956663718565948,4.057074795807894,-3.014384929672696,-0.050978,-0.036703,0.028089,-0.99763,0.995728,-0.052302,-0.076095,0.059786,0.993225,0.099652,0.189411,1.181234,2.865566,-8.132487318521855,2.885909536979445,-23.24209056903691,-0.074494,0.010324,-0.199118,0.977086,0.920491,-0.39065,0.009491,0.387573,0.909605,-0.149686,0.569499,1.240041,2.985234,-22.710167116432828,10.595351278022369,15.164652817342713,-0.182389,0.1156,0.146835,0.965303,0.930152,0.241312,-0.276741,-0.325649,0.890348,-0.318173,F,BuildTutorial
23.586,0.319183,1.604361,2.670199,6.375218272653452,3.824831595722736,-2.8460761222149067,-0.05473,-0.03469,0.026637,-0.997543,0.996174,-0.049346,-0.072125,0.056941,0.99259,0.107344,0.190384,1.181165,2.865729,-8.039592448822827,3.1004185269327245,-23.315377026921592,-0.074083,0.01227,-0.199636,0.976989,0.91999,-0.391903,0.005603,0.388266,0.909314,-0.149655,0.579693,1.24278,2.989101,-23.500163215645205,11.939256302412993,15.60091884259231,-0.186845,0.128369,0.153142,0.961851,0.920138,0.246629,-0.304172,-0.34257,0.883273,-0.320116,F,BuildTutorial
23.62,0.320001,1.603309,2.671413,6.983870649967769,3.5922703848341393,-2.7214867654859334,-0.060118,-0.032722,0.0256,-0.997326,0.996548,-0.047128,-0.068346,0.054997,0.991461,0.118239,0.191215,1.180961,2.865689,-7.928218063283972,3.2297129260981516,-23.413831476144964,-0.073371,0.013507,-0.200432,0.976863,0.919289,-0.393572,0.003023,0.389608,0.908887,-0.148761,0.588176,1.244931,2.99305,-24.28861657243908,12.39645147742451,18.081866654592012,-0.18996,0.137106,0.175157,0.956262,0.901044,0.282903,-0.328764,-0.387081,0.86647,-0.315274,F,BuildTutorial
23.652,0.320958,1.602239,2.672816,7.602244890150188,3.4191083101555053,-2.594761767095122,-0.065573,-0.03126,0.024559,-0.997056,0.996839,-0.044874,-0.065557,0.053073,0.990194,0.129225,0.192378,1.180489,2.865381,-7.762816793534491,3.4547180035318417,-23.548504562376575,-0.072374,0.015635,-0.201498,0.976686,0.918308,-0.395864,-0.001375,0.391338,0.908321,-0.147674,0.594103,1.246735,2.996927,-25.1096576847444,12.2388253211204,20.675181365145317,-0.193955,0.141148,0.196955,0.950615,0.882573,0.319703,-0.344754,-0.429208,0.847181,-0.313153,F,BuildTutorial
23.686,0.321849,1.601073,2.674361,8.255644720047489,3.1402990254785275,-2.4936759973020792,-0.071343,-0.028889,0.023667,-0.996752,0.997211,-0.043058,-0.060967,0.051302,0.9887,0.140856,0.193228,1.180043,2.865006,-7.63473102950948,3.6912780058765935,-23.68278338361349,-0.07172,0.017797,-0.202543,0.976481,0.91732,-0.398111,-0.005704,0.393005,0.907665,-0.147277,0.600729,1.248507,3.000175,-25.7508843568214,13.185323190574069,20.355091512242815,-0.198099,0.149276,0.196298,0.948652,0.878367,0.313295,-0.360995,-0.43158,0.844448,-0.317248,F,BuildTutorial
23.719,0.322651,1.600118,2.676148,8.771633257283536,2.710396658742565,-2.4964241527976427,-0.075919,-0.025241,0.023522,-0.996517,0.997619,-0.043048,-0.053878,0.050713,0.987366,0.150121,0.193671,1.179816,2.86482,-7.5671612532575905,3.822167602377451,-23.89354417288166,-0.071411,0.018903,-0.204284,0.976121,0.915822,-0.401511,-0.007727,0.396111,0.906337,-0.147135,0.607156,1.249304,3.003206,-25.91957181827666,14.51587915119767,18.522494254933957,-0.199756,0.157317,0.183544,0.949558,0.883126,0.285722,-0.372092,-0.411422,0.852818,-0.321611,F,BuildTutorial
23.753,0.323593,1.599479,2.678086,9.11594304924316,2.335055887918907,-2.584507560422362,-0.078973,-0.022098,0.024095,-0.996341,0.997862,-0.044523,-0.047841,0.051504,0.986365,0.156303,0.194021,1.1795,2.864486,-7.482534048135443,3.708653162730364,-24.190990383384673,-0.070535,0.017907,-0.206921,0.975647,0.913726,-0.40629,-0.005751,0.401238,0.904417,-0.145045,0.612201,1.249594,3.007763,-26.287536315188436,14.656541259121855,18.784317554193805,-0.202244,0.159353,0.186234,0.948167,0.879847,0.288706,-0.377517,-0.417619,0.848828,-0.324168,F,BuildTutorial
23.786,0.324918,1.598627,2.679698,9.543797849781257,1.9477328155893772,-2.5901103094035136,-0.082773,-0.018813,0.023933,-0.996103,0.998147,-0.044565,-0.041442,0.050794,0.985152,0.164,0.193801,1.179292,2.864308,-7.345301300264725,3.5110116176471045,-24.424817540476703,-0.069044,0.016336,-0.209085,0.97532,0.912033,-0.410106,-0.002993,0.405594,0.903033,-0.141512,0.616655,1.249253,3.015055,-26.75261954918899,13.82036000190307,20.6180013159461,-0.205011,0.15626,0.200222,0.945233,0.870988,0.314442,-0.3775,-0.442582,0.835763,-0.324993,F,BuildTutorial
23.819,0.326546,1.597651,2.681272,10.052799309262568,1.809526535196565,-2.68649753604224,-0.087211,-0.017779,0.024732,-0.995724,0.998144,-0.046152,-0.03972,0.052354,0.983565,0.172796,0.193341,1.178967,2.864399,-7.060071054135732,3.472326975960838,-24.706489284974538,-0.066588,0.016373,-0.211612,0.974945,0.909904,-0.414801,-0.003743,0.41044,0.901572,-0.13677,0.621937,1.247379,3.025696,-27.28220351337088,12.528656794280169,23.051195305730506,-0.208517,0.15074,0.218225,0.941369,0.859311,0.347998,-0.37481,-0.473724,0.817797,-0.326792,F,BuildTutorial
23.853,0.328794,1.596586,2.682622,10.59753376501306,1.957864967361846,-2.7967180442892277,-0.091893,-0.01926,0.025873,-0.995246,0.997919,-0.047961,-0.043092,0.05504,0.981773,0.181916,0.193306,1.178718,2.864445,-6.831584357566798,3.662421063922451,-25.065382339344595,-0.065054,0.018216,-0.214642,0.974354,0.907194,-0.420645,-0.007572,0.415905,0.899393,-0.134591,0.630716,1.24278,3.03916,-27.52543898909731,12.120997789535444,24.93248392416874,-0.208858,0.151197,0.23302,0.937667,0.845683,0.373832,-0.380881,-0.500147,0.804161,-0.321215,F,BuildTutorial
23.886,0.331343,1.595389,2.683759,11.224541405060922,2.182134060323171,-2.848814596185579,-0.097277,-0.021375,0.026596,-0.994672,0.997672,-0.048749,-0.047696,0.057066,0.97966,0.19238,0.193702,1.178418,2.864337,-6.662473926863277,3.905819770910504,-25.472781648547414,-0.064146,0.02038,-0.218034,0.973618,0.904092,-0.427178,-0.011713,0.421948,0.896693,-0.133794,0.642133,1.235379,3.05316,-26.071653697386388,13.595192992705227,25.51052085936635,-0.192988,0.161917,0.239624,0.937613,0.832727,0.386853,-0.39612,-0.511846,0.810672,-0.284299,F,BuildTutorial
23.919,0.333894,1.59428,2.684648,11.872303392651151,2.491364769259359,-2.897288431270581,-0.102816,-0.02423,0.027387,-0.994028,0.997326,-0.049464,-0.053803,0.05943,0.977358,0.203077,0.194111,1.178217,2.864017,-6.546225935915094,4.043243056966426,-25.876798890461725,-0.063497,0.021549,-0.221436,0.972867,0.901004,-0.433592,-0.013807,0.428119,0.893869,-0.133091,0.655375,1.227603,3.066021,-24.9915833813161,16.163215850921695,22.351909830727234,-0.183554,0.176171,0.217193,0.94239,0.843582,0.344688,-0.411776,-0.474035,0.83827,-0.269433,F,BuildTutorial
23.953,0.336143,1.593297,2.685608,12.383048424326384,2.8311150019837084,-2.8850288775111257,-0.107167,-0.027266,0.027683,-0.993482,0.996981,-0.04916,-0.060109,0.060848,0.975498,0.211427,0.193877,1.178528,2.864167,-6.4412033139002185,4.017917297183885,-26.11030112821491,-0.062601,0.021413,-0.223475,0.972462,0.899201,-0.437322,-0.013667,0.43196,0.892281,-0.131324,0.665139,1.220324,3.075478,-23.925819361614455,17.825899000741668,23.67942270457843,-0.169321,0.190359,0.229726,0.939319,0.821979,0.367108,-0.435411,-0.496035,0.837113,-0.230632,F,BuildTutorial
23.986,0.338217,1.592523,2.686661,12.827173228502735,3.0784716062986015,-2.8303300522382537,-0.110971,-0.029443,0.027533,-0.993006,0.99675,-0.048146,-0.064585,0.061215,0.973855,0.218768,0.193283,1.179284,2.864596,-6.400585468631597,3.9713533505674143,-26.258467733616527,-0.062193,0.021018,-0.224774,0.972197,0.89807,-0.439663,-0.012908,0.434434,0.891218,-0.130375,0.670694,1.21517,3.082787,-23.53721095749793,17.984528813726655,25.222473672865934,-0.163184,0.193308,0.242228,0.936658,0.807915,0.39068,-0.441183,-0.516859,0.829394,-0.212045,F,BuildTutorial
24.019,0.340071,1.591612,2.687701,13.234754370356494,3.3276754357755207,-2.846391943011594,-0.114438,-0.031694,0.028006,-0.99253,0.996422,-0.04834,-0.069325,0.062848,0.972239,0.225391,0.192784,1.180351,2.864492,-6.50424636345221,3.689498289252013,-26.179693341996924,-0.062506,0.018463,-0.224218,0.972357,0.898771,-0.438347,-0.007875,0.433731,0.891639,-0.129836,0.675736,1.21111,3.08876,-23.25105253826861,19.367716283811003,22.372296195612535,-0.162906,0.200167,0.220563,0.94061,0.82257,0.34971,-0.44842,-0.480144,0.849627,-0.218163,F,BuildTutorial
24.053,0.341728,1.590777,2.688879,13.634868794770442,3.5469182392309517,-2.841189328853065,-0.117851,-0.033661,0.028277,-0.992058,0.996135,-0.048171,-0.073453,0.064039,0.970623,0.231927,0.192234,1.181101,2.86453,-6.554903336846106,3.3550015206204065,-26.196163760103047,-0.062283,0.015515,-0.224521,0.972353,0.8987,-0.438559,-0.002205,0.434694,0.891423,-0.12809,0.683763,1.205885,3.093836,-22.496745126541008,22.564773704827797,16.674428861073178,-0.161448,0.217596,0.177225,0.946139,0.842487,0.265098,-0.468977,-0.405619,0.885052,-0.228377,F,BuildTutorial
24.086,0.343098,1.589987,2.689888,13.985247155945908,3.6764874919855535,-2.871411207682212,-0.120843,-0.034878,0.02876,-0.991642,0.995913,-0.04861,-0.076124,0.065469,0.96914,0.23766,0.192271,1.181394,2.864105,-6.595078216803985,3.0851128521507203,-26.20730765894027,-0.062096,0.013139,-0.224748,0.972348,0.898632,-0.438697,0.00236,0.435434,0.891265,-0.126665,0.69171,1.197985,3.099637,-21.188167711304985,24.6848497217338,14.380016699736125,-0.151891,0.230937,0.159173,0.947767,0.842664,0.231564,-0.486102,-0.371873,0.903186,-0.214396,F,BuildTutorial
24.122,0.344208,1.589306,2.690707,14.267976173497772,3.805483748918233,-3.0308580930212736,-0.123207,-0.036217,0.030349,-0.991256,0.995535,-0.051243,-0.079279,0.069092,0.967798,0.24206,0.192299,1.181486,2.864033,-6.600335773451318,3.0437136306542683,-26.34809724796763,-0.062075,0.012701,-0.225963,0.972073,0.897559,-0.440882,0.00336,0.437729,0.890175,-0.126423,0.700324,1.188126,3.106358,-19.587237795041656,26.343213093668307,13.089365333106429,-0.138952,0.241962,0.14787,0.948832,0.839178,0.213364,-0.500256,-0.347849,0.917654,-0.192127,F,BuildTutorial
24.153,0.345381,1.5892,2.691481,14.250768834096649,4.000647403844233,-3.0617168177267455,-0.122996,-0.037935,0.030821,-0.991203,0.995222,-0.051768,-0.082784,0.070432,0.967844,0.24149,0.192506,1.18135,2.864014,-6.5156702479436435,3.23958526729252,-26.66121666274452,-0.061783,0.014363,-0.228542,0.971466,0.895125,-0.445815,0.000333,0.442266,0.887903,-0.126605,0.710051,1.177037,3.112712,-17.640536491554986,28.251486131987548,11.403723562291969,-0.124003,0.254745,0.132445,0.949835,0.835127,0.188423,-0.516779,-0.31478,0.934163,-0.168085,F,BuildTutorial
24.186,0.346376,1.590635,2.692485,13.4902034120932,4.078348432597606,-2.808115811108597,-0.116477,-0.038202,0.028496,-0.992049,0.995457,-0.047639,-0.082434,0.065437,0.971242,0.228925,0.193417,1.180946,2.863617,-6.447373036873201,3.4099788579191364,-26.861571858371367,-0.061572,0.015838,-0.230173,0.971071,0.893539,-0.448979,-0.002415,0.445078,0.886459,-0.126873,0.719939,1.166008,3.118482,-16.02437459027295,30.318816412133497,10.906648703220853,-0.109315,0.270566,0.127117,0.94799,0.821271,0.181858,-0.540779,-0.300165,0.943783,-0.138472,F,BuildTutorial
24.219,0.346688,1.593235,2.693446,12.108358935341355,3.855792310279512,-2.561676395207791,-0.104635,-0.035802,0.025763,-0.993532,0.996109,-0.0437,-0.076532,0.058684,0.976776,0.206072,0.194267,1.180357,2.863025,-6.3304618576376175,3.546424038098624,-26.933979613815424,-0.060867,0.017194,-0.230757,0.970954,0.892911,-0.450202,-0.005298,0.446016,0.886092,-0.126134,0.72729,1.156483,3.124145,-15.483062444284316,30.97767269155845,12.851135012065438,-0.099383,0.277482,0.142612,0.944875,0.805331,0.214347,-0.552718,-0.324656,0.939569,-0.108665,F,BuildTutorial
24.252,0.346322,1.595678,2.694031,10.82528182703189,3.3695786867743274,-2.5701638632069437,-0.093607,-0.031377,0.02509,-0.994798,0.996772,-0.044044,-0.067124,0.055792,0.981216,0.184666,0.193772,1.180055,2.863091,-6.142672610335396,3.4033482932953785,-26.82356022719589,-0.058973,0.016422,-0.229965,0.971272,0.893693,-0.448654,-0.004777,0.44478,0.887277,-0.12211,0.732252,1.147968,3.129466,-15.014420365732647,30.867912824868995,12.431386993258672,-0.096632,0.275931,0.138038,0.946293,0.809615,0.207922,-0.548901,-0.314576,0.943216,-0.106705,F,BuildTutorial
24.286,0.345794,1.597749,2.694357,9.762897110653224,2.677838765792366,-2.513611742175896,-0.08454,-0.025142,0.023836,-0.995818,0.9976,-0.043222,-0.054103,0.051724,0.98457,0.167175,0.193239,1.179469,2.863016,-5.951510426989291,2.988403261822872,-26.905353036626696,-0.05653,0.013253,-0.230933,0.971236,0.892988,-0.45008,0.000366,0.447083,0.886949,-0.115928,0.736957,1.138897,3.133236,-14.258220305194031,31.41720284412481,9.558831038640792,-0.096671,0.277672,0.113072,0.949088,0.820226,0.160945,-0.548931,-0.268317,0.955739,-0.120706,F,BuildTutorial
24.319,0.345227,1.599475,2.694678,8.81271681868704,1.8222308816433737,-2.3346613968357115,-0.076481,-0.017416,0.021531,-0.996686,0.998466,-0.040255,-0.038009,0.045583,0.987374,0.151705,0.192163,1.179113,2.863546,-5.842337392018285,2.5854328714038632,-27.011711133405893,-0.054802,0.010009,-0.232064,0.971104,0.892093,-0.451813,0.005995,0.449619,0.886286,-0.111082,0.741194,1.126146,3.136477,-11.966443674824902,31.732180413598872,10.757058874701618,-0.074338,0.280102,0.118045,0.94978,0.815217,0.182589,-0.54962,-0.265878,0.961079,-0.07508,F,BuildTutorial
24.353,0.344646,1.600757,2.695257,8.085165008605992,0.8974921468286037,-2.1716035966042946,-0.070335,-0.009147,0.019454,-0.997292,0.999076,-0.037515,-0.020981,0.040088,0.989349,0.139933,0.191694,1.17867,2.863782,-5.706697557236558,2.3433629366804185,-27.12762914925219,-0.053171,0.008181,-0.233199,0.97094,0.891103,-0.453715,0.008911,0.451975,0.885582,-0.107067,0.744023,1.111823,3.139509,-8.699905616629236,31.59234533584812,13.099209076632672,-0.041547,0.277985,0.129952,0.950847,0.811673,0.22403,-0.539441,-0.270228,0.962773,-0.00676,F,BuildTutorial
24.385,0.344015,1.60165,2.695972,7.58880666750222,-0.0567316916074135,-1.998231653686356,-0.066175,-0.00066,0.017366,-0.997657,0.999396,-0.034564,-0.003616,0.034739,0.990639,0.132017,0.190521,1.178761,2.864693,-5.56078122909489,2.1359961702163783,-27.19507129101462,-0.051517,0.006693,-0.233904,0.970871,0.890489,-0.45487,0.011104,0.453491,0.88527,-0.103163,0.744897,1.100164,3.14165,-6.4399171319835125,31.16113839117393,11.433796208018675,-0.027123,0.272225,0.110813,0.955447,0.827228,0.196985,-0.526204,-0.22652,0.97397,0.008503,F,BuildTutorial
24.419,0.343594,1.602141,2.696587,7.268179172193418,-0.9546236197882554,-1.8491257478999144,-0.063508,0.00729,0.015575,-0.997833,0.999409,-0.032008,0.012569,0.030156,0.991448,0.126967,0.190107,1.179057,2.864703,-5.601351971399814,1.81046261856595,-27.28799450567746,-0.051199,0.00381,-0.234827,0.97068,0.889683,-0.456274,0.01665,0.455494,0.88447,-0.101186,0.745499,1.089728,3.142747,-4.883244757480348,30.85273402872487,9.90263783226766,-0.017976,0.268311,0.094414,0.958526,0.83819,0.171351,-0.517761,-0.190644,0.981526,0.016203,F,BuildTutorial
24.452,0.343198,1.60224,2.697488,7.106889516622107,-1.7841415977757653,-1.7883574756011478,-0.062207,0.01457,0.014609,-0.99785,0.999149,-0.030967,0.027259,0.027342,0.991834,0.124573,0.189388,1.179739,2.864869,-5.646364134645071,1.5709945558352088,-27.473521877359257,-0.051092,0.001606,-0.236495,0.970287,0.888135,-0.4591,0.02105,0.458771,0.88292,-0.099908,0.748194,1.080871,3.141854,-3.190349507072867,32.25417031875969,9.77424070982436,-0.00299,0.27893,0.089513,0.956126,0.828371,0.169503,-0.533919,-0.172839,0.983957,0.044218,F,BuildTutorial
24.486,0.343348,1.602123,2.698668,7.147360944546124,-2.3840886175901197,-1.85802258959927,-0.062647,0.01975,0.014882,-0.997729,0.998777,-0.032171,0.037545,0.027222,0.991708,0.125598,0.18868,1.180516,2.864829,-5.661294332881503,1.4175671415744835,-27.619624014644504,-0.050902,0.000211,-0.237797,0.96998,0.886905,-0.461339,0.023799,0.461296,0.881723,-0.098849,0.751222,1.076026,3.140173,-2.376849929305854,34.160590237541065,9.185404993815125,0.003751,0.294293,0.082596,0.952132,0.813139,0.159493,-0.559791,-0.155078,0.986328,0.055757,F,BuildTutorial
24.519,0.34407,1.601521,2.700149,7.424597817126398,-2.6470831144711457,-2.148556395855407,-0.06515,0.021832,0.017209,-0.997488,0.998454,-0.037177,0.041313,0.031487,0.990919,0.130724,0.18776,1.181581,2.865092,-5.777889853130114,1.3218842156333708,-27.75918197080316,-0.051689,-0.000905,-0.238997,0.969643,0.885759,-0.463391,0.026463,0.463578,0.880417,-0.099807,0.75313,1.078279,3.138153,-4.080627913066296,36.25510440008752,5.845895710151187,-0.017936,0.312257,0.059494,0.947963,0.797912,0.101594,-0.594151,-0.123997,0.992278,0.003149,F,BuildTutorial
24.552,0.345602,1.600232,2.702063,8.043575771090799,-2.3004297855198597,-2.532151766090158,-0.070547,0.01847,0.020629,-0.997124,0.998467,-0.043745,0.033922,0.038533,0.989195,0.14145,0.187149,1.18242,2.864787,-5.939973368071351,1.1185007024047429,-27.714552732011057,-0.052637,-0.002945,-0.23868,0.969666,0.886046,-0.46257,0.030838,0.46319,0.880523,-0.100675,0.752955,1.080166,3.137124,-5.07141643604568,36.93389126961774,2.4460396105554207,-0.0352,0.317271,0.034236,0.947063,0.796334,0.042511,-0.603361,-0.087183,0.995178,-0.04495,F,BuildTutorial
24.586,0.347802,1.598192,2.704081,9.062513261958228,-1.517634753883864,-2.759670869652094,-0.079291,0.011296,0.022957,-0.996523,0.998691,-0.047545,0.018873,0.043963,0.986372,0.158549,0.18612,1.182877,2.864737,-5.963260205555446,0.7919704680250831,-27.68876012829094,-0.052155,-0.005745,-0.238607,0.969698,0.886068,-0.462153,0.036031,0.463352,0.880694,-0.098407,0.751057,1.07811,3.137881,-4.257955705513166,36.132932459825994,3.125415046274675,-0.026853,0.310754,0.037425,0.949374,0.804063,0.054372,-0.592053,-0.08775,0.995757,-0.027726,F,BuildTutorial
24.619,0.350803,1.595501,2.705967,10.521892663905442,-0.3506939262841312,-3.0390200177564077,-0.09174,0.000615,0.026125,-0.99544,0.998634,-0.052125,-0.003569,0.0519,0.981803,0.182675,0.185667,1.182715,2.864343,-5.882186939623059,0.5673240150118352,-27.752234271469963,-0.050997,-0.007505,-0.239258,0.969587,0.885398,-0.463198,0.038957,0.464729,0.88031,-0.095301,0.749478,1.075975,3.138371,-3.768866944411709,35.454967717618516,4.42728792210286,-0.019544,0.305308,0.046777,0.950903,0.809198,0.077027,-0.582465,-0.100895,0.99486,-0.008607,F,BuildTutorial
24.652,0.354311,1.591116,2.707923,12.79972026073259,1.298727679660236,-3.3223320207527447,-0.111086,-0.014489,0.030069,-0.99325,0.997772,-0.056514,-0.035464,0.062952,0.973511,0.219802,0.186,1.182429,2.863894,-5.8177396586737,0.5538081559810896,-27.77603343279337,-0.050422,-0.007495,-0.239475,0.969564,0.885191,-0.463616,0.038684,0.465128,0.880219,-0.094185,0.748903,1.075548,3.138456,-4.21714710471752,35.134337335393404,4.740617682849506,-0.022573,0.302812,0.050498,0.951444,0.81151,0.082422,-0.578497,-0.109763,0.993881,-0.012371,F,BuildTutorial
24.686,0.358412,1.585832,2.70969,15.563190812656227,3.381632589080236,-3.559938048641817,-0.134365,-0.033424,0.034755,-0.989758,0.99535,-0.059817,-0.075503,0.077781,0.961476,0.263654,0.186737,1.182086,2.863739,-5.718040990089572,0.817460802100465,-27.942142892520653,-0.050122,-0.005128,-0.24078,0.969271,0.883998,-0.466248,0.034078,0.467276,0.879026,-0.094694,0.748856,1.074959,3.138038,-4.394729583784111,35.07897826594613,4.9673883451005825,-0.023475,0.302443,0.052834,0.951413,0.811474,0.086335,-0.577977,-0.114734,0.993315,-0.012709,F,BuildTutorial
24.719,0.363006,1.580279,2.711614,18.34404882989677,5.8409098509298225,-3.4832018556825113,-0.15759,-0.055113,0.038082,-0.98523,0.991025,-0.057668,-0.1206,0.092409,0.94743,0.306328,0.187972,1.18183,2.863643,-5.619171680307897,1.2325658043420402,-28.16300446358444,-0.050155,-0.001505,-0.242484,0.968857,0.882398,-0.469714,0.02724,0.470016,0.877372,-0.096456,0.748754,1.073671,3.137083,-3.897740057126141,35.38880432594662,5.028539189110315,-0.019042,0.304893,0.052095,0.95077,0.808652,0.087449,-0.581751,-0.110672,0.993847,-0.004442,F,BuildTutorial
24.752,0.367727,1.574812,2.713495,21.02577165318761,8.462387145312247,-3.0860009122405323,-0.17994,-0.077416,0.03986,-0.979816,0.984836,-0.050251,-0.166052,0.105972,0.932066,0.346445,0.189374,1.182122,2.863604,-5.63655663537231,1.6098852413871927,-28.15678051552866,-0.0511,0.001651,-0.242261,0.968863,0.882614,-0.469604,0.021559,0.469266,0.877397,-0.099818,0.748864,1.071855,3.135537,-2.628116825797431,35.77327411617023,4.546372227033972,-0.009628,0.307678,0.044775,0.950388,0.80666,0.079182,-0.585688,-0.091031,0.995805,0.009251,F,BuildTutorial
24.786,0.37208,1.570152,2.714818,23.318653652138902,11.133759315196732,-2.3180422925968087,-0.199176,-0.099055,0.039317,-0.974151,0.977284,-0.037142,-0.208652,0.11606,0.917566,0.380267,0.190739,1.182832,2.863661,-5.815541638698721,1.8940488313060535,-27.874459675543136,-0.053204,0.003804,-0.239702,0.96938,0.885057,-0.465129,0.018131,0.464319,0.879425,-0.104973,0.749725,1.068501,3.132498,-0.5339514328546806,36.943407767181206,5.059795624000409,0.00957,0.316719,0.043341,0.94748,0.795621,0.088191,-0.599341,-0.076068,0.99606,0.045588,F,BuildTutorial
24.819,0.375843,1.566357,2.715844,25.141423848252476,13.58803152893672,-1.601813462790243,-0.214481,-0.118474,0.039292,-0.96872,0.96884,-0.025305,-0.246391,0.126947,0.904908,0.406234,0.192949,1.182649,2.863355,-5.743340897267655,2.248321118152119,-27.75426165795951,-0.053327,0.007009,-0.238539,0.969642,0.8861,-0.463343,0.011848,0.461848,0.880511,-0.10676,0.751541,1.066463,3.128525,0.9367738470344258,38.640559148510086,4.145066286291453,0.019674,0.330342,0.031424,0.943133,0.779773,0.072272,-0.621877,-0.046275,0.997251,0.057872,F,BuildTutorial
24.852,0.379107,1.563318,2.716343,26.605992323648135,15.76709709252868,-0.8759113294690141,-0.226899,-0.135218,0.038928,-0.9637,0.960402,-0.013668,-0.278284,0.136391,0.894003,0.426798,0.194824,1.182624,2.863724,-5.638379430625306,2.658900733824858,-27.725316435286164,-0.053291,0.010717,-0.238133,0.96971,0.886356,-0.462982,0.004595,0.460697,0.880906,-0.108458,0.7537,1.065519,3.122898,2.3360762864965414,40.65212879119904,1.6493957161554649,0.024112,0.346979,0.006414,0.937541,0.759128,0.02876,-0.650305,0.004705,0.998755,0.049662,F,BuildTutorial
24.885,0.381505,1.562075,2.716866,27.33370043155377,17.481552750233984,-0.317455237173345,-0.233122,-0.148308,0.038566,-0.960298,0.953035,-0.004923,-0.30282,0.143218,0.888334,0.436293,0.197267,1.182093,2.864103,-5.563377322976834,3.300211040675539,-27.615429168272428,-0.053973,0.016353,-0.236927,0.969889,0.887197,-0.461351,-0.006146,0.45782,0.881905,-0.112446,0.755845,1.061349,3.116281,5.319520793890109,42.80795340897145,-0.5682781886583416,0.041396,0.364758,-0.021547,0.929932,0.732974,-0.009875,-0.680185,0.070274,0.995644,0.061272,F,BuildTutorial
24.919,0.383322,1.561673,2.717558,27.47186859002175,18.753728732209883,-0.1228233485030299,-0.234105,-0.158519,0.039714,-0.958379,0.946589,-0.001903,-0.322436,0.150343,0.887235,0.436132,0.19953,1.18144,2.864902,-5.408986616789046,3.80742499850018,-27.38903116213996,-0.053674,0.021075,-0.234828,0.970325,0.888823,-0.457981,-0.015692,0.453456,0.88395,-0.114061,0.757377,1.055853,3.109601,8.882124480500654,44.71469262948242,-3.640056716795045,0.059532,0.381323,-0.058724,0.920652,0.702289,-0.062728,-0.709123,0.153531,0.986015,0.06483,F,BuildTutorial
24.952,0.384416,1.561325,2.717641,27.600390265201828,19.65956484568833,0.078246749839639,-0.235148,-0.165633,0.04007,-0.956904,0.94192,0.001211,-0.335835,0.154583,0.886199,0.436755,0.20172,1.180524,2.865704,-5.231569437383762,4.07697718822663,-27.2386480602283,-0.052694,0.023795,-0.233498,0.970637,0.889825,-0.455791,-0.021584,0.450776,0.885404,-0.113405,0.760074,1.052821,3.102071,10.950452478534794,47.38319224638035,-10.240355785515302,0.051329,0.406182,-0.119537,0.904485,0.641454,-0.174542,-0.747042,0.257937,0.966152,-0.004256,F,BuildTutorial
24.986,0.385088,1.56069,2.717645,27.836141415098293,20.27985116780597,0.1905266311209837,-0.237061,-0.17049,0.040758,-0.955549,0.938544,0.002941,-0.345147,0.158725,0.884282,0.439149,0.203483,1.179913,2.867064,-5.197645239568802,4.377522311045299,-27.24240995080679,-0.05302,0.026409,-0.233405,0.970574,0.889649,-0.455874,-0.026514,0.450273,0.885422,-0.115247,0.762844,1.050184,3.094386,12.795848926839383,49.69671543472361,-15.475693582942208,0.04397,0.427413,-0.167815,0.887256,0.578312,-0.260204,-0.773207,0.335377,0.939809,-0.065428,F,BuildTutorial
25.018,0.385647,1.559836,2.717736,28.157802326630947,20.79636907163841,0.3384713066972128,-0.239779,-0.174359,0.041087,-0.954158,0.935822,0.005208,-0.352436,0.162023,0.881636,0.443247,0.205094,1.180034,2.868689,-5.291751977252478,4.7554904982734705,-27.20805806997305,-0.054577,0.029432,-0.232896,0.970523,0.889787,-0.455274,-0.031708,0.448848,0.885562,-0.119646,0.764252,1.047913,3.088357,13.773950065332873,50.786004262667504,-16.74391548939598,0.045186,0.436966,-0.181456,0.879825,0.552269,-0.27981,-0.785306,0.358789,0.930064,-0.079069,F,BuildTutorial
25.052,0.386103,1.558212,2.717711,28.768770313380426,21.372032909953575,0.5102477832217207,-0.244915,-0.178525,0.041826,-0.952048,0.932759,0.007807,-0.360417,0.167088,0.876534,0.451408,0.20647,1.180542,2.870256,-5.449641010968102,5.078047703194572,-27.11797843769815,-0.056543,0.031882,-0.231904,0.97057,0.890408,-0.453764,-0.035662,0.446553,0.886047,-0.124546,0.764928,1.047029,3.084001,13.656612478078785,51.26036889059617,-17.282236626238387,0.04145,0.440723,-0.185346,0.877321,0.54282,-0.28868,-0.788677,0.361752,0.927858,-0.090643,F,BuildTutorial
25.085,0.386882,1.556211,2.717374,29.737370146207187,22.091634414145673,0.7959171870181815,-0.253131,-0.183425,0.042574,-0.94893,0.929085,0.012062,-0.369669,0.17366,0.868225,0.464788,0.207626,1.181899,2.87179,-5.762228561073627,5.335819844299366,-27.00877667395785,-0.059677,0.033478,-0.230697,0.970617,0.891317,-0.451832,-0.037453,0.44384,0.886436,-0.131293,0.764966,1.047406,3.080875,13.147765752757056,51.39112916579684,-17.219076127774226,0.037519,0.441328,-0.183089,0.877667,0.543416,-0.288267,-0.788417,0.354499,0.930142,-0.095747,F,BuildTutorial
25.119,0.388089,1.554569,2.717411,30.454636536641555,22.96210133103573,1.1009065886642384,-0.259227,-0.189574,0.043192,-0.946043,0.924393,0.016563,-0.381083,0.180008,0.861871,0.474104,0.208633,1.183363,2.873115,-6.119698698232744,5.51940669757174,-26.917456641754153,-0.063043,0.034349,-0.229644,0.970623,0.892167,-0.450127,-0.037725,0.441465,0.886578,-0.138158,0.764713,1.050241,3.078994,10.896008032942229,50.98742400304994,-12.845056312928788,0.037232,0.435365,-0.14112,0.888345,0.581086,-0.218307,-0.784016,0.283144,0.957398,-0.056728,F,BuildTutorial
25.152,0.389574,1.552785,2.717841,31.0595649229066,23.884837140463684,1.5230104115593748,-0.264571,-0.195875,0.04287,-0.943291,0.91959,0.022768,-0.392218,0.184523,0.856329,0.482341,0.210381,1.184246,2.873605,-6.330067855869643,5.733359681666307,-26.837086656089788,-0.065226,0.035776,-0.228733,0.970643,0.892803,-0.448702,-0.039612,0.439368,0.886854,-0.142989,0.763557,1.056367,3.079843,6.231586528700137,48.89002923471332,-5.710824851864759,0.028836,0.41516,-0.067748,0.906764,0.646105,-0.09892,-0.756811,0.146807,0.989157,-0.003957,F,BuildTutorial
25.185,0.391121,1.550636,2.717494,32.029893024383455,25.027448125081808,2.182137985263343,-0.273251,-0.203098,0.041899,-0.939324,0.913992,0.032281,-0.404447,0.189706,0.847157,0.496323,0.211436,1.18532,2.874442,-6.544250588715619,5.990699776090003,-26.748678547001404,-0.067522,0.03757,-0.227718,0.970657,0.893466,-0.447145,-0.042184,0.436998,0.887171,-0.148192,0.761118,1.063481,3.081779,0.6787403089941706,45.02285885962423,1.7159240028436071,0.011204,0.382736,0.011565,0.923717,0.706758,0.029942,-0.706821,-0.01279,0.999481,0.029551,F,BuildTutorial
25.219,0.392588,1.549037,2.716969,32.8231765435453,26.16257885233763,2.76124294623108,-0.280355,-0.210418,0.041416,-0.935634,0.908018,0.040482,-0.416971,0.195485,0.839372,0.507189,0.212915,1.185526,2.874666,-6.634094505466281,6.2411269761180685,-26.64362652237267,-0.068743,0.039571,-0.226628,0.970746,0.894148,-0.445437,-0.045669,0.434556,0.887828,-0.1514,0.75989,1.06828,3.08296,-2.874538044118471,42.25913473761354,5.384961238772522,-0.006442,0.361066,0.052835,0.93102,0.73368,0.093729,-0.673,-0.103033,0.994334,0.026159,F,BuildTutorial
25.252,0.393801,1.547883,2.717035,33.26190124824914,27.051150343968914,3.1724862663293076,-0.284365,-0.216307,0.041124,-0.93309,0.903041,0.046276,-0.427055,0.199764,0.834891,0.512886,0.214348,1.185098,2.874675,-6.522847325755018,6.468124242879116,-26.56966504333783,-0.068224,0.041764,-0.225931,0.970854,0.894422,-0.44439,-0.050265,0.432993,0.888601,-0.151342,0.757073,1.067775,3.083566,-2.374996137075713,39.27525650096408,3.766989437079092,-0.008465,0.336458,0.03791,0.940897,0.770718,0.065643,-0.633787,-0.077036,0.996982,0.009581,F,BuildTutorial
25.285,0.394696,1.547039,2.717238,33.553555632889655,27.59030927697781,3.557462028370825,-0.287269,-0.219491,0.039933,-0.931507,0.900458,0.05171,-0.431858,0.200502,0.831763,0.517657,0.216067,1.184141,2.874521,-6.363973486502259,6.774689497410418,-26.61746684875418,-0.067503,0.044655,-0.22625,0.970701,0.893633,-0.445272,-0.056149,0.433214,0.888508,-0.151258,0.754559,1.063081,3.086345,0.9794615218017336,36.534260868199034,2.024672664967109,0.013653,0.313244,0.014098,0.94947,0.803358,0.035325,-0.594447,-0.018219,0.99923,0.034758,F,BuildTutorial
25.319,0.395041,1.546822,2.7175,33.71622281076612,27.930350178207703,3.663178280815827,-0.288669,-0.221848,0.040267,-0.930501,0.898324,0.053143,-0.436107,0.203019,0.830098,0.519347,0.2168,1.18337,2.874712,-6.218569184428545,7.026268941128133,-26.60073687441379,-0.066763,0.047091,-0.226051,0.970683,0.893367,-0.445135,-0.061238,0.432559,0.888888,-0.150902,0.754197,1.067108,3.087262,0.2056507541448574,35.455302433613426,2.601844929593956,0.008622,0.304375,0.021079,0.95228,0.813824,0.045396,-0.579336,-0.034898,0.998963,0.029253,F,BuildTutorial
25.352,0.395009,1.546914,2.718138,33.63746386579321,28.01607992360283,3.7350500100756574,-0.288142,-0.222432,0.039734,-0.930548,0.89789,0.054236,-0.436866,0.202133,0.830791,0.518584,0.217292,1.182699,2.874574,-6.07627662795514,7.176540613532414,-26.638387361641737,-0.065872,0.048631,-0.226373,0.970593,0.892781,-0.445839,-0.064579,0.433025,0.888832,-0.149888,0.748681,1.080436,3.090662,-3.4213994371464795,31.28584453912944,1.540244649853198,-0.025122,0.269883,0.020986,0.962336,0.853445,0.026831,-0.520492,-0.053951,0.997857,-0.037025,F,BuildTutorial
25.385,0.394532,1.547008,2.719012,33.480440036587154,27.92278951787359,3.8297543803870737,-0.287088,-0.221574,0.038401,-0.931134,0.89886,0.05571,-0.43468,0.198735,0.832212,0.517618,0.217387,1.182209,2.874274,-5.996113738536611,7.167160389324686,-26.714726478629693,-0.065208,0.048671,-0.227076,0.970472,0.892136,-0.447089,-0.064853,0.434394,0.888369,-0.148669,0.738186,1.093979,3.093997,-5.830573833298718,25.897559036318153,0.8682679087234535,-0.047869,0.224159,0.018771,0.973195,0.898801,0.015076,-0.438099,-0.057997,0.994712,-0.084756,F,BuildTutorial
25.419,0.393628,1.54703,2.719644,33.52091263618917,27.690685276985544,3.895648131423221,-0.287619,-0.219487,0.037368,-0.931507,0.900858,0.056641,-0.430403,0.195874,0.831758,0.519434,0.215757,1.18253,2.874564,-6.063624625540321,6.91313555506688,-26.765707079926855,-0.065296,0.046353,-0.22761,0.970454,0.89209,-0.447823,-0.060243,0.435717,0.88786,-0.147835,0.726439,1.113242,3.09545,-8.546912495646682,22.26266089179524,2.271197543323063,-0.069285,0.193933,0.033775,0.977982,0.922498,0.03919,-0.384007,-0.092936,0.988118,-0.122418,F,BuildTutorial
25.452,0.392105,1.547273,2.72072,33.52636566533848,27.097433584657495,3.8776583527103488,-0.287819,-0.214702,0.036036,-0.932612,0.905209,0.056376,-0.421211,0.190805,0.831723,0.521373,0.214185,1.182748,2.874481,-6.143583603549239,6.628468467113296,-26.83221826392229,-0.065432,0.043741,-0.228287,0.970407,0.891943,-0.448788,-0.055019,0.437339,0.887207,-0.146963,0.712686,1.143006,3.094126,-12.736497036247815,20.26535680093455,2.0111478778605805,-0.106103,0.176732,0.03668,0.977836,0.93484,0.034231,-0.353414,-0.109238,0.974794,-0.194537,F,BuildTutorial
25.485,0.38972,1.547574,2.72209,33.4757444477596,26.000251361866884,3.715259376231813,-0.287448,-0.206213,0.034504,-0.934698,0.912572,0.05405,-0.405329,0.183052,0.832366,0.523124,0.212081,1.182985,2.874688,-6.100780407496121,6.38680823780874,-26.86936291924013,-0.064602,0.041761,-0.228764,0.970438,0.891846,-0.449398,-0.051495,0.438607,0.886988,-0.14449,0.693131,1.177409,3.091352,-17.741569547457846,17.63166010781799,-0.4231472017514622,-0.152943,0.150862,0.020028,0.976447,0.953679,-0.007033,-0.300743,-0.08526,0.952415,-0.292638,F,BuildTutorial
25.519,0.387564,1.547167,2.722398,33.60774523102644,25.014440843032503,3.703155693941365,-0.288787,-0.198088,0.032378,-0.936117,0.919426,0.053792,-0.389568,0.175029,0.831108,0.527849,0.209982,1.18331,2.874923,-5.990721988146481,6.286418476988806,-27.174268800925855,-0.06358,0.040967,-0.231465,0.969899,0.889492,-0.454204,-0.050035,0.443785,0.884764,-0.142297,0.670221,1.204304,3.090279,-22.8752780156849,11.095934156093364,4.52791692855459,-0.193475,0.102482,0.057694,0.974031,0.972338,0.072735,-0.221966,-0.152046,0.918478,-0.365077,F,BuildTutorial
25.552,0.385735,1.545542,2.720695,34.466706644718506,24.571460272372494,3.504317009094384,-0.295558,-0.194288,0.034477,-0.934724,0.922127,0.050394,-0.38359,0.179299,0.822914,0.539134,0.207374,1.184689,2.875129,-6.239085532559406,5.900930979350276,-27.024945216951377,-0.064852,0.037275,-0.230278,0.970246,0.891165,-0.451688,-0.042463,0.442019,0.885532,-0.143013,0.662913,1.215376,3.094684,-25.425285482674365,7.0911779777502835,9.320273836077924,-0.214013,0.077972,0.092666,0.969295,0.970667,0.146267,-0.190818,-0.213015,0.891223,-0.400433,F,BuildTutorial
25.585,0.38445,1.543889,2.718067,35.457122229002636,24.85451791064324,3.3897847379879993,-0.303306,-0.196095,0.037989,-0.931724,0.920207,0.048162,-0.388457,0.189744,0.813125,0.550295,0.204887,1.186923,2.875,-6.831369776343438,5.253210684791157,-26.490531499121108,-0.068415,0.030892,-0.225815,0.971274,0.896107,-0.442882,-0.029112,0.434428,0.888654,-0.146852,0.669412,1.216312,3.102713,-23.923366988409047,8.026817691072473,12.393932156712577,-0.19815,0.090388,0.119765,0.968619,0.954973,0.196193,-0.222566,-0.267835,0.892786,-0.362212,F,BuildTutorial
25.618,0.383361,1.543161,2.716871,35.74686101587572,25.258556668446893,3.526094506558328,-0.30575,-0.198777,0.0385,-0.930335,0.918011,0.049916,-0.393401,0.193188,0.81007,0.553593,0.203299,1.188884,2.874388,-7.319659939845273,5.097912138121193,-26.586934824838806,-0.072266,0.02853,-0.22648,0.970912,0.895786,-0.443908,-0.022667,0.435661,0.886969,-0.153251,0.682171,1.212398,3.109752,-22.281676322005957,10.106008468294418,14.143771057807324,-0.180367,0.109456,0.137214,0.967812,0.938383,0.22611,-0.261364,-0.305079,0.897281,-0.319084,F,BuildTutorial
25.652,0.382225,1.542952,2.71702,35.6558080798673,25.461261854456236,3.886015403627458,-0.305574,-0.19954,0.035945,-0.930332,0.917784,0.055067,-0.393243,0.188829,0.810666,0.554225,0.20164,1.190821,2.87381,-7.681340176100467,5.438434479876966,-26.927712355807092,-0.076089,0.030456,-0.228957,0.96998,0.893303,-0.448802,-0.024242,0.439532,0.883579,-0.161556,0.688565,1.2156,3.111967,-23.196934796845493,10.400312810970853,12.468148563328352,-0.189399,0.110002,0.12405,0.967801,0.945023,0.198443,-0.25991,-0.28178,0.897479,-0.339311,F,BuildTutorial
25.686,0.381178,1.542927,2.717601,35.516762893867416,25.73504296414329,4.401341672604204,-0.305269,-0.200512,0.032222,-0.930359,0.917513,0.062465,-0.392769,0.182376,0.811546,0.555097,0.200236,1.192234,2.872766,-7.899412891693576,5.598906669016056,-26.959386385735268,-0.078261,0.031345,-0.228998,0.969769,0.893155,-0.449057,-0.024952,0.439244,0.88287,-0.166147,0.697676,1.217477,3.112962,-23.376046415878935,14.010429218171591,8.221312773565547,-0.191992,0.133537,0.094316,0.967684,0.946545,0.13126,-0.294659,-0.233813,0.908487,-0.346386,F,BuildTutorial
25.718,0.38035,1.542806,2.718244,35.51211854911672,25.969501919058068,4.869848922996014,-0.30599,-0.20117,0.029035,-0.930085,0.917375,0.069101,-0.391979,0.177123,0.811054,0.557512,0.198297,1.192911,2.871722,-7.866492804136488,5.372757104661824,-26.91758850908822,-0.07752,0.029527,-0.228816,0.969929,0.893543,-0.448448,-0.021802,0.439292,0.883268,-0.16389,0.702093,1.219292,3.111922,-23.955349930817995,16.151190360706895,7.681646428541459,-0.195806,0.150876,0.093965,0.9644,0.936814,0.122155,-0.327807,-0.240325,0.905661,-0.349316,F,BuildTutorial
25.752,0.379767,1.542568,2.718942,35.603061959221954,26.185378829116605,5.121770821442711,-0.307113,-0.202161,0.027749,-0.929539,0.916722,0.072585,-0.392878,0.175761,0.809823,0.559728,0.196518,1.192892,2.870552,-7.798035517059342,5.056575421430525,-26.795918886084102,-0.076281,0.027072,-0.228034,0.970283,0.894535,-0.446646,-0.017745,0.438386,0.884363,-0.160375,0.701896,1.218148,3.111451,-23.954389937064217,15.71867997130256,8.31295294445615,-0.195337,0.148313,0.098539,0.964436,0.936587,0.132128,-0.324573,-0.248011,0.904267,-0.347551,F,BuildTutorial
25.785,0.379541,1.542337,2.719641,35.61431937360251,26.391135945794392,5.195894311214762,-0.307285,-0.20362,0.027722,-0.929164,0.915541,0.073622,-0.39543,0.176655,0.809615,0.559747,0.195877,1.191972,2.86907,-7.671359049336572,4.798245736188877,-26.525740969172183,-0.074636,0.025319,-0.225979,0.970939,0.896585,-0.442602,-0.015434,0.435043,0.886726,-0.156377,0.701295,1.216071,3.111158,-23.94950420428065,15.597751968695963,7.739688012461082,-0.196134,0.146314,0.093501,0.965081,0.939699,0.123077,-0.319088,-0.237866,0.905578,-0.351209,F,BuildTutorial
25.818,0.379426,1.542076,2.720189,35.66604398050623,26.664020681937274,5.38517200543029,-0.307974,-0.205273,0.027025,-0.928593,0.914265,0.076248,-0.397876,0.176627,0.808843,0.56087,0.195059,1.190484,2.868486,-7.395379587037097,4.661228145520763,-26.45122956268702,-0.072014,0.024762,-0.225568,0.971247,0.897012,-0.44173,-0.015612,0.434597,0.887867,-0.151058,0.700101,1.212695,3.110894,-23.53133043575577,15.454321263234188,7.951610435345429,-0.192445,0.145324,0.094613,0.965865,0.939858,0.126834,-0.317143,-0.238701,0.908027,-0.344252,F,BuildTutorial
25.852,0.3793,1.541802,2.720843,35.80065783974861,26.84469922528453,5.781964701498181,-0.309727,-0.205531,0.024573,-0.928021,0.914306,0.081709,-0.396696,0.172925,0.806931,0.564765,0.194984,1.188366,2.868107,-7.102045479702031,4.704026966681118,-26.5947052183879,-0.069647,0.025628,-0.226896,0.971087,0.895723,-0.444242,-0.018169,0.437102,0.887335,-0.146896,0.69729,1.210584,3.109591,-22.469883576164793,15.764672291375977,8.57308976339338,-0.182398,0.14856,0.099264,0.966855,0.936153,0.137754,-0.323483,-0.246142,0.913755,-0.323211,F,BuildTutorial
25.885,0.379066,1.541719,2.721807,35.835518810452605,26.776086100322132,6.010025335998102,-0.310429,-0.204322,0.022612,-0.928103,0.915483,0.084883,-0.393302,0.168826,0.806246,0.566979,0.194889,1.186174,2.868362,-6.696179099205186,4.6517578465068095,-26.516664212911113,-0.06609,0.026051,-0.226455,0.971428,0.896079,-0.443412,-0.020681,0.436526,0.888701,-0.140201,0.691124,1.211822,3.107766,-22.169953284846265,16.081504173472194,6.370655019683693,-0.182453,0.147634,0.080845,0.9687,0.943337,0.102757,-0.315527,-0.210502,0.92035,-0.329613,F,BuildTutorial
25.918,0.378498,1.541586,2.722941,35.90930229394039,26.341950261344973,6.070767012510555,-0.311212,-0.200563,0.021093,-0.928696,0.918659,0.085657,-0.385654,0.164014,0.805404,0.569582,0.194637,1.184354,2.869137,-6.293345571314906,4.5967634829501565,-26.518180470023715,-0.06257,0.026396,-0.226682,0.971598,0.895837,-0.443791,-0.022926,0.437185,0.8894,-0.133553,0.67952,1.218014,3.104863,-23.645670616717716,14.651056097672331,2.2155548516807313,-0.200763,0.128707,0.044888,0.97011,0.962839,0.035413,-0.267743,-0.138771,0.915359,-0.377969,F,BuildTutorial
25.952,0.37719,1.541229,2.723898,36.05811824435638,25.50669652665131,6.023568385776646,-0.312476,-0.193765,0.0195,-0.929749,0.92415,0.084834,-0.372493,0.157354,0.803957,0.573492,0.194804,1.183576,2.869879,-6.190502750743747,4.569067597082255,-26.59151485384615,-0.061661,0.026329,-0.227365,0.971499,0.895224,-0.445017,-0.023119,0.438523,0.889006,-0.13178,0.668766,1.223291,3.102155,-25.117396116388008,13.874605123073913,1.0083488557278864,-0.214802,0.119788,0.034788,0.968659,0.968881,0.015934,-0.247013,-0.118857,0.9053,-0.407805,F,BuildTutorial
25.985,0.375233,1.540537,2.724598,36.38069487878683,24.177876519360428,5.900471736230644,-0.315088,-0.182989,0.01748,-0.931091,0.932419,0.082763,-0.351774,0.147867,0.800829,0.580353,0.195613,1.183563,2.870424,-6.1631422120107295,4.666059294018114,-26.445618902484323,-0.061587,0.027285,-0.226088,0.971775,0.896279,-0.442775,-0.025182,0.436053,0.890182,-0.132035,0.658201,1.225052,3.101517,-25.460415976723095,13.718415361787464,2.404462732216885,-0.216291,0.121059,0.046631,0.967672,0.966341,0.037879,-0.254462,-0.142615,0.902087,-0.407308,F,BuildTutorial
26.018,0.372319,1.539491,2.72516,36.906388773344986,22.493570033080307,5.689681995629503,-0.319251,-0.169371,0.015483,-0.932284,0.942148,0.079275,-0.325689,0.137012,0.795678,0.59002,0.196826,1.184312,2.870983,-6.256527426129724,4.914846417748337,-26.37620231806464,-0.062851,0.029245,-0.225321,0.971815,0.896751,-0.441617,-0.028518,0.434264,0.890561,-0.135339,0.646253,1.222398,3.102519,-24.457530955026893,12.642919683756912,4.107589838522176,-0.206536,0.115084,0.058119,0.969908,0.966756,0.065203,-0.247248,-0.160279,0.90793,-0.387265,F,BuildTutorial
26.051,0.368661,1.538538,2.725648,37.4501680461131,20.305448655368583,5.4451611574341925,-0.323574,-0.151744,0.012243,-0.933876,0.953648,0.075334,-0.291343,0.121067,0.790301,0.60064,0.198642,1.18574,2.871098,-6.594914578285628,5.324470490508517,-26.416316612847755,-0.066533,0.032016,-0.225264,0.971496,0.896463,-0.441946,-0.032231,0.433425,0.889659,-0.143698,0.632451,1.212916,3.106354,-21.730969667867576,10.371144959272184,8.372543459138283,-0.180752,0.102229,0.088389,0.9742,0.963473,0.135261,-0.231136,-0.209174,0.919032,-0.334106,F,BuildTutorial
26.085,0.363832,1.537348,2.726081,38.11136100898698,17.530667007281632,4.841078876246675,-0.328469,-0.130281,0.010255,-0.93543,0.965843,0.066401,-0.250475,0.104772,0.784005,0.611848,0.199366,1.187712,2.871778,-6.961919142375945,5.761178890601126,-26.43789290194497,-0.070504,0.034966,-0.224992,0.971177,0.896312,-0.441945,-0.03619,0.432084,0.888816,-0.152678,0.617918,1.203689,3.109123,-21.409276034660493,8.11481090390748,9.822707212189664,-0.178648,0.085132,0.097008,0.975411,0.966684,0.158828,-0.200738,-0.219663,0.917349,-0.331993,F,BuildTutorial
26.118,0.358944,1.53651,2.726456,38.47469467960277,14.864296287479378,4.012016155815717,-0.330789,-0.110618,0.009821,-0.937148,0.975334,0.054776,-0.213828,0.091589,0.780964,0.617824,0.200363,1.189301,2.871957,-7.353749011673618,6.057779699867003,-26.596966985650855,-0.074452,0.036586,-0.225932,0.970604,0.895232,-0.44403,-0.03738,0.433134,0.886823,-0.16106,0.604562,1.189881,3.111577,-20.203476234610353,5.844830494673602,8.779121090486713,-0.170813,0.063453,0.084169,0.979649,0.977779,0.143234,-0.153077,-0.186589,0.927477,-0.323992,F,BuildTutorial
26.152,0.354635,1.536334,2.726644,38.50945097852206,12.681624610448932,3.372042877397816,-0.330677,-0.094576,0.008798,-0.938952,0.981956,0.046027,-0.183424,0.07907,0.78115,0.619316,0.200322,1.190924,2.87184,-7.607140114317849,6.163814882873683,-26.98719615892381,-0.076929,0.036708,-0.229018,0.969683,0.892406,-0.449798,-0.035955,0.438503,0.883265,-0.166008,0.59382,1.170421,3.115253,-18.21850388692671,3.7843004690039943,12.61167950021124,-0.153693,0.049784,0.113587,0.980305,0.969239,0.207398,-0.132522,-0.238003,0.926953,-0.290022,F,BuildTutorial
26.185,0.350591,1.536183,2.726346,38.60356048647843,10.523447527592316,2.811077428206028,-0.331175,-0.078451,0.007251,-0.940275,0.987586,0.038327,-0.152333,0.065597,0.780541,0.621653,0.199273,1.193,2.871193,-7.953032248736773,5.875665032386269,-27.223513640378354,-0.079344,0.033394,-0.231012,0.969135,0.891036,-0.453063,-0.028068,0.442465,0.880676,-0.169219,0.587575,1.149994,3.118397,-16.410343149718038,3.757097604622045,14.138912802424455,-0.137564,0.049754,0.12639,0.981135,0.9631,0.234323,-0.132405,-0.261701,0.930203,-0.257361,F,BuildTutorial
26.218,0.347513,1.536242,2.726003,38.660372317347715,9.15566797130408,2.693922512411885,-0.331635,-0.067537,0.004301,-0.940978,0.99084,0.0367,-0.129955,0.052891,0.78,0.62354,0.197443,1.195158,2.869721,-8.315948367561909,5.39839109278765,-27.069216520103385,-0.081407,0.028714,-0.229838,0.969393,0.8927,-0.450283,-0.018249,0.440933,0.881095,-0.171029,0.586242,1.130847,3.121578,-13.884469439076248,4.672420479465593,13.35211320320963,-0.115245,0.05423,0.120201,0.984545,0.965222,0.224187,-0.134489,-0.249186,0.944541,-0.213891,F,BuildTutorial
26.252,0.345024,1.536019,2.725894,38.787561195307305,8.069876940106546,2.554616857622552,-0.332633,-0.058972,0.002385,-0.941208,0.993033,0.034743,-0.112596,0.043721,0.7787,0.625872,0.195092,1.196773,2.867718,-8.461485165083348,5.089441573205092,-27.02756104923223,-0.082007,0.02583,-0.229628,0.969474,0.893208,-0.449472,-0.012422,0.440999,0.881092,-0.170869,0.587309,1.11792,3.123857,-13.204680721587364,5.043043967142065,15.077253588966848,-0.10814,0.058395,0.135213,0.983165,0.956615,0.253244,-0.144068,-0.278503,0.940047,-0.196846,F,BuildTutorial
26.285,0.343311,1.535606,2.72633,38.91804751831676,7.611307230739,2.7307603410695656,-0.333795,-0.054643,-0.000313,-0.941061,0.994028,0.037069,-0.102636,0.035889,0.777162,0.628276,0.191819,1.197728,2.865669,-8.452229676375149,4.707310604450032,-27.202551885945297,-0.081197,0.022492,-0.231385,0.969207,0.89191,-0.452173,-0.006023,0.444868,0.879736,-0.167802,0.590527,1.109593,3.126303,-13.715579968635332,5.859144548105924,15.083366551992492,-0.111558,0.065955,0.136188,0.98217,0.954206,0.252803,-0.159943,-0.282234,0.938015,-0.201174,F,BuildTutorial
26.318,0.341953,1.534887,2.726662,39.20658884819887,7.389125359810018,2.925583033669694,-0.336249,-0.052136,-0.002386,-0.940326,0.994552,0.039548,-0.096445,0.030575,0.773862,0.632616,0.188155,1.198078,2.86295,-8.49387437676452,4.092200087751189,-27.17835115894519,-0.080302,0.01722,-0.231594,0.96934,0.892136,-0.451751,0.003811,0.44622,0.879832,-0.163656,0.594095,1.104845,3.128309,-14.9611174708255,6.2029524492455135,15.447629730177407,-0.12161,0.070629,0.140039,0.980108,0.950801,0.257329,-0.172508,-0.291686,0.9312,-0.218601,F,BuildTutorial
26.353,0.340632,1.53414,2.72718,39.475068575648336,7.190372985498843,3.099025161719015,-0.33852,-0.049887,-0.004233,-0.939626,0.994987,0.04173,-0.090885,0.025822,0.770773,0.636587,0.183927,1.19759,2.860489,-8.32420508337925,3.5427228108017386,-27.20751859840858,-0.07776,0.012902,-0.232293,0.969447,0.891747,-0.452398,0.011111,0.448385,0.879987,-0.156763,0.592813,1.10225,3.129285,-15.246968565999948,4.716214236309612,17.783147961108398,-0.124654,0.060779,0.158462,0.977577,0.942391,0.294666,-0.158338,-0.324971,0.918702,-0.224456,F,BuildTutorial
26.385,0.339337,1.53346,2.728046,39.71672687561225,7.036087053522265,3.3115201141737227,-0.340582,-0.047893,-0.006289,-0.938973,0.995333,0.044434,-0.085657,0.020812,0.767929,0.640197,0.180489,1.195897,2.857544,-7.957429905112977,2.9504969700933388,-27.424285516104216,-0.073474,0.008509,-0.234659,0.96926,0.889725,-0.456142,0.017988,0.453641,0.879073,-0.146424,0.58694,1.104512,3.12842,-14.298621094161373,3.260564439096281,16.684982542614243,-0.118993,0.04598,0.147407,0.980815,0.952314,0.278216,-0.125276,-0.3001,0.928224,-0.219864,F,BuildTutorial
26.418,0.337908,1.532793,2.729266,39.93885360767128,6.7864066855874645,3.467921231431419,-0.342447,-0.045288,-0.008185,-0.938409,0.995764,0.04638,-0.079391,0.015655,0.765327,0.643452,0.176781,1.194403,2.855199,-7.656232219765813,2.3562967236345567,-27.680679694722876,-0.069719,0.003952,-0.2373,0.968923,0.887347,-0.460401,0.02543,0.459299,0.877657,-0.136979,0.575014,1.113797,3.125997,-15.581400339990596,1.5926338569684624,15.816956038021315,-0.132358,0.032288,0.138174,0.980993,0.959731,0.262547,-0.099926,-0.279642,0.926779,-0.250761,F,BuildTutorial
26.452,0.336268,1.531983,2.730374,40.188408407352554,6.348929665264436,3.40737581575362,-0.344432,-0.041784,-0.008861,-0.937839,0.996351,0.045405,-0.072269,0.012162,0.762576,0.646784,0.172761,1.193462,2.853123,-7.546108041233976,1.5755990899991137,-27.67731112098925,-0.06717,-0.002417,-0.237769,0.968993,0.88692,-0.460469,0.036626,0.461118,0.877908,-0.129026,0.555528,1.126141,3.121729,-17.618265941132893,-1.5019536565998393,15.090124051439194,-0.153505,0.007267,0.127756,0.979827,0.967251,0.248127,-0.053463,-0.252589,0.920229,-0.298961,F,BuildTutorial
26.485,0.335007,1.531282,2.731218,40.400851616541175,6.122848367757095,3.3725741552281865,-0.346138,-0.039953,-0.009144,-0.937288,0.99664,0.044799,-0.068564,0.010517,0.76021,0.649593,0.168997,1.19275,2.851607,-7.401555241973141,0.8531925052156365,-27.43383492911161,-0.064465,-0.008087,-0.236157,0.96954,0.888329,-0.456885,0.046129,0.458971,0.880148,-0.121183,0.529399,1.136283,3.115743,-18.26443552609708,-7.062091246140892,16.993763874314944,-0.165658,-0.036735,0.135938,0.976078,0.960343,0.277544,0.026674,-0.253202,0.908157,-0.333377,F,BuildTutorial
26.518,0.333999,1.530532,2.731515,40.67667163796752,6.000224346091985,3.525188328381574,-0.348432,-0.038376,-0.010619,-0.936488,0.996829,0.046632,-0.064477,0.006853,0.756965,0.65342,0.165992,1.191637,2.850505,-7.045591109449174,0.2755137341224636,-27.293262938515085,-0.060277,-0.012165,-0.235343,0.969965,0.888931,-0.455083,0.05197,0.458016,0.881961,-0.111207,0.503,1.145741,3.108707,-19.26220436829635,-12.333291464848534,18.52411609308806,-0.181213,-0.077754,0.140026,0.970314,0.948695,0.299917,0.100142,-0.243557,0.89511,-0.373442,F,BuildTutorial
26.551,0.333112,1.529846,2.731164,41.00355697655795,5.979508779472146,3.570136324065302,-0.351112,-0.037935,-0.010879,-0.935502,0.996885,0.046993,-0.063336,0.006284,0.753204,0.657757,0.164425,1.190843,2.849105,-6.8900771313844675,0.0012849105672646,-27.3843406562402,-0.058386,-0.014213,-0.236277,0.969826,0.887943,-0.456635,0.055158,0.459954,0.881529,-0.106533,0.483959,1.153954,3.104297,-20.759880480231548,-13.569314667260404,17.997583373734752,-0.194887,-0.08679,0.131753,0.968054,0.950217,0.288917,0.11668,-0.22126,0.88932,-0.400192,F,BuildTutorial
26.584,0.332838,1.529397,2.730865,41.08795680565811,6.396375682989565,3.8166822246133423,-0.351925,-0.040545,-0.011567,-0.935078,0.996445,0.05017,-0.067683,0.006905,0.75203,0.659093,0.163062,1.191317,2.848384,-6.851528500098248,0.0766305878440992,-27.520532351328686,-0.058199,-0.013565,-0.237396,0.969573,0.886919,-0.458766,0.053937,0.461924,0.880512,-0.106416,0.474058,1.159354,3.101093,-21.101488229609895,-13.313407442913496,16.022018228787328,-0.195979,-0.087502,0.115065,0.969895,0.958207,0.257498,0.124635,-0.188904,0.896705,-0.400295,F,BuildTutorial
26.618,0.333352,1.529174,2.730559,41.28214811178156,7.744395831389794,4.407541390845416,-0.353878,-0.049625,-0.012115,-0.933896,0.994781,0.057751,-0.084114,0.012493,0.749247,0.662172,0.161859,1.193066,2.847011,-7.0784377749244465,0.2728875148571705,-27.926161104180252,-0.060481,-0.012589,-0.240693,0.968633,0.883816,-0.464765,0.053503,0.46781,0.876818,-0.111107,0.473197,1.163117,3.098791,-21.111234975477423,-12.300610766587493,17.065479692138215,-0.195747,-0.077134,0.125615,0.969513,0.956543,0.273768,0.100387,-0.213373,0.891809,-0.398936,F,BuildTutorial
26.651,0.334475,1.528828,2.730281,41.30942755077054,9.629899918537266,5.1583509785862445,-0.354669,-0.062646,-0.012381,-0.932809,0.991845,0.067535,-0.108091,0.021339,0.748114,0.663227,0.159709,1.196355,2.845569,-7.789056333670573,0.2545905120977786,-27.705921661130823,-0.066475,-0.01411,-0.238731,0.968705,0.885617,-0.460644,0.059076,0.464396,0.877177,-0.122053,0.483831,1.165546,3.096918,-21.836852348776414,-8.745193840907326,18.83522375021561,-0.198564,-0.04295,0.145953,0.968207,0.953706,0.299682,0.025207,-0.265569,0.87854,-0.39704,F,BuildTutorial
26.685,0.335707,1.528658,2.729861,41.41531974062303,11.596093850573231,6.102028030295349,-0.356322,-0.075638,-0.013861,-0.931194,0.988174,0.079717,-0.130989,0.028088,0.745685,0.665706,0.156664,1.198996,2.844186,-8.363891213573591,-0.1370364548017468,-27.34818201060652,-0.070575,-0.018398,-0.235854,0.969048,0.888069,-0.454511,0.068948,0.459705,0.878784,-0.128103,0.502556,1.160568,3.09504,-19.296526139068888,-2.09604476877163,20.22579921103746,-0.168134,0.011672,0.170058,0.970915,0.941888,0.326298,-0.07985,-0.334148,0.885623,-0.322517,F,BuildTutorial
26.718,0.336641,1.528576,2.72914,41.49369199865837,13.504078683444988,6.867020906626809,-0.357736,-0.088683,-0.014044,-0.929496,0.983876,0.089559,-0.154813,0.037342,0.743656,0.667519,0.153834,1.199464,2.842529,-8.502009721793817,-0.7303425953629845,-27.246396094142117,-0.070542,-0.023636,-0.235342,0.969061,0.888111,-0.452787,0.079013,0.459456,0.879276,-0.125594,0.527829,1.14861,3.090574,-15.858232629277882,6.26726167954661,17.501889956875,-0.127901,0.074468,0.157913,0.976299,0.939036,0.289291,-0.185799,-0.327389,0.91741,-0.22622,F,BuildTutorial
26.751,0.337245,1.528572,2.728307,41.369418975691595,15.23680920118209,7.413158343960873,-0.357393,-0.101136,-0.013215,-0.928368,0.979194,0.096827,-0.178338,0.047755,0.744191,0.666258,0.151002,1.199131,2.841177,-8.643049669890633,-1.3982389162487705,-27.134499441099404,-0.070391,-0.029503,-0.234796,0.969044,0.888,-0.450902,0.090235,0.459209,0.879832,-0.12257,0.553434,1.128592,3.083703,-10.187159717916002,13.6599930310392,16.060196719722935,-0.070741,0.129607,0.148609,0.97781,0.922235,0.272287,-0.274487,-0.308961,0.945822,-0.099821,F,BuildTutorial
26.784,0.337543,1.528797,2.727691,41.189006413276154,16.747526362158887,8.036253223977207,-0.356699,-0.111603,-0.013795,-0.927427,0.974709,0.105204,-0.197165,0.05403,0.745151,0.664704,0.14872,1.197983,2.840596,-8.507187600410942,-1.7032942807121758,-27.138630794272743,-0.068615,-0.031809,-0.235021,0.969043,0.887506,-0.451127,0.093901,0.459857,0.880114,-0.11803,0.570523,1.107976,3.075205,-6.312837928681496,16.95216940233043,17.580747916333106,-0.03133,0.153767,0.158942,0.974737,0.902187,0.300217,-0.309723,-0.319488,0.947512,-0.012198,F,BuildTutorial
26.818,0.337552,1.529031,2.727019,40.988759682446656,17.78511049284676,8.562214141318256,-0.355751,-0.118572,-0.015114,-0.926905,0.971425,0.112382,-0.209057,0.056346,0.746426,0.663079,0.147146,1.196708,2.840217,-8.228268705720588,-1.7650326516546495,-26.861063029151666,-0.066205,-0.031604,-0.232715,0.969774,0.88969,-0.447177,0.092111,0.455547,0.882921,-0.113699,0.578228,1.091351,3.067651,-4.833520766200857,16.666747628364345,16.850440563432265,-0.020056,0.149354,0.150888,0.976997,0.909852,0.288844,-0.297889,-0.300826,0.953661,0.005883,F,BuildTutorial
26.851,0.337365,1.52928,2.726773,40.75082365134956,18.36296184087444,8.828379866455549,-0.354202,-0.122681,-0.015836,-0.926952,0.969397,0.116266,-0.21622,0.057549,0.74858,0.660542,0.146373,1.195344,2.840193,-7.955795331364578,-1.8051881182358651,-26.59084487058135,-0.06389,-0.031245,-0.230453,0.970481,0.89183,-0.443308,0.090093,0.451293,0.885619,-0.109607,0.577835,1.079773,3.062753,-5.063942533619132,14.103954131301604,10.567285599689315,-0.032362,0.126166,0.096701,0.986754,0.949462,0.182675,-0.255249,-0.199007,0.979203,-0.039467,F,BuildTutorial
26.885,0.337187,1.529223,2.726359,40.648585019148584,18.684014099280738,9.114646647587517,-0.353738,-0.124508,-0.017318,-0.926859,0.968396,0.12019,-0.218551,0.055984,0.749139,0.660044,0.146139,1.194273,2.840402,-7.744731500159049,-1.595217730638803,-26.6405934618213,-0.062511,-0.029073,-0.230761,0.970565,0.891808,-0.444303,0.085285,0.451572,0.885683,-0.107924,0.579386,1.067995,3.058299,-3.7448918694801896,13.411429853420364,4.313408913204031,-0.028036,0.117846,0.041168,0.991782,0.968835,0.075052,-0.236064,-0.088267,0.995038,-0.045908,F,BuildTutorial
26.918,0.337036,1.528912,2.725928,40.79335153361202,18.77091977437097,9.323988696739251,-0.355138,-0.124398,-0.018515,-0.926315,0.968365,0.122658,-0.217313,0.054056,0.747068,0.662546,0.148042,1.193125,2.840397,-7.505054261668751,-0.828912014787557,-26.974955174193703,-0.061957,-0.022283,-0.233187,0.9702,0.890255,-0.449715,0.072133,0.455237,0.883571,-0.109829,0.584612,1.064334,3.05211,-4.23337889871696,15.485169412939014,6.623074578818157,-0.02876,0.13652,0.062167,0.988266,0.954995,0.115023,-0.273413,-0.130729,0.990616,-0.039872,F,BuildTutorial
26.951,0.336847,1.528759,2.726004,40.866044446050765,18.73472050372652,9.177619867771918,-0.355555,-0.124476,-0.01733,-0.926167,0.968411,0.120617,-0.218247,0.056415,0.746561,0.662921,0.150499,1.192298,2.840992,-7.202068728601791,0.3269264816018211,-27.34971942851345,-0.061701,-0.012082,-0.23577,0.969773,0.888533,-0.455795,0.052528,0.458777,0.881211,-0.113975,0.581429,1.072724,3.049775,-6.818779403709869,12.960742193270764,4.760495763403638,-0.05436,0.11502,0.047899,0.990718,0.968952,0.082403,-0.233113,-0.107413,0.989502,-0.096691,F,BuildTutorial
26.985,0.336631,1.528843,2.72688,40.76822010141122,18.611922765873324,9.057971025028868,-0.354624,-0.123965,-0.016896,-0.926601,0.968695,0.119233,-0.217748,0.05661,0.747912,0.661379,0.152154,1.192676,2.842107,-7.128235529578824,1.335868934559576,-27.64075255872408,-0.063141,-0.003551,-0.237697,0.969279,0.886975,-0.46034,0.0369,0.461237,0.879027,-0.120714,0.578973,1.08839,3.047279,-9.531184694357254,13.006735781160776,1.216479620539314,-0.081342,0.11374,0.01992,0.989975,0.973333,0.020937,-0.228439,-0.057944,0.985973,-0.156521,F,BuildTutorial
27.018,0.33628,1.52876,2.727425,40.73832349307027,18.4615897937966,8.971252763625191,-0.354269,-0.123051,-0.016706,-0.926862,0.969159,0.118154,-0.216266,0.056219,0.748429,0.660828,0.153111,1.193755,2.843209,-7.2133459115779806,2.0019741585032778,-27.694287488049735,-0.065242,0.001875,-0.237755,0.96913,0.886939,-0.461075,0.027388,0.460586,0.878433,-0.127347,0.577622,1.107024,3.046702,-11.304084940111712,14.812892781238608,-1.3927478184122557,-0.099217,0.127084,0.000701,0.986917,0.967698,-0.023834,-0.250983,-0.026602,0.980311,-0.19566,F,BuildTutorial
27.051,0.335583,1.528612,2.727128,40.93800323238714,18.35007353966327,8.748083501097833,-0.355614,-0.122619,-0.01494,-0.926434,0.969483,0.114891,-0.21657,0.059528,0.746631,0.66257,0.154259,1.194393,2.843797,-7.272253405182154,2.3030769642192745,-27.44924433888259,-0.066355,0.00444,-0.235492,0.969598,0.889047,-0.457255,0.022642,0.456077,0.880281,-0.130767,0.569998,1.129015,3.046214,-13.834663606715596,13.715435843272513,-4.367132941859055,-0.124005,0.113893,-0.023183,0.985451,0.972982,-0.073938,-0.218723,0.017444,0.968171,-0.249683,F,BuildTutorial
27.085,0.334537,1.528787,2.726713,41.011654500726394,18.205262526986136,8.4939514589027,-0.355915,-0.122157,-0.013223,-0.926406,0.969806,0.111454,-0.216921,0.062455,0.7463,0.662673,0.154939,1.195113,2.845003,-7.3636715498971155,2.66034024118619,-27.467675204326927,-0.067863,0.007262,-0.23541,0.969497,0.889059,-0.457445,0.017871,0.455473,0.879953,-0.135006,0.558281,1.152636,3.045676,-16.74754089368427,11.250542940302582,-6.214024986520683,-0.149972,0.088979,-0.039111,0.983901,0.981106,-0.103651,-0.163363,0.050273,0.951957,-0.302076,F,BuildTutorial
27.119,0.332722,1.528985,2.726284,40.97166536802777,17.695808949607965,8.131754129349513,-0.355157,-0.119203,-0.011934,-0.927099,0.971296,0.1068,-0.21255,0.062543,0.747443,0.661376,0.15605,1.196053,2.846062,-7.601758727730137,3.1454603958979006,-27.654588299440853,-0.070889,0.010755,-0.236614,0.968955,0.887796,-0.460061,0.012705,0.457012,0.877977,-0.142465,0.544342,1.174833,3.045565,-19.537695296781894,8.290096806838791,-7.932882522664193,-0.173752,0.059357,-0.055756,0.981417,0.986736,-0.130066,-0.097132,0.088813,0.933403,-0.347666,F,BuildTutorial
27.151,0.330067,1.529139,2.725433,41.001130729138325,16.80826005700497,7.589755848394015,-0.354757,-0.113668,-0.010254,-0.927967,0.973949,0.09968,-0.203686,0.061619,0.748085,0.660736,0.156949,1.197448,2.846884,-7.910109516906421,3.5519707834612357,-27.425555043099237,-0.074305,0.013694,-0.2343,0.969224,0.889832,-0.456214,0.008274,0.452143,0.879165,-0.150453,0.531398,1.193962,3.046599,-21.21524021868864,6.425078232394224,-11.241037541558034,-0.188304,0.036817,-0.085848,0.977659,0.982549,-0.181725,-0.039659,0.153994,0.914344,-0.374515,F,BuildTutorial
27.185,0.32686,1.529244,2.724251,41.014071017191874,15.863954927235342,7.2869002328939905,-0.354483,-0.106942,-0.010705,-0.928865,0.976898,0.095706,-0.19108,0.055931,0.748455,0.660823,0.157227,1.198921,2.847505,-8.257981195157793,3.77885981215823,-27.25403067292369,-0.077685,0.015005,-0.232554,0.96936,0.891387,-0.453188,0.007041,0.448525,0.879768,-0.157589,0.518071,1.210394,3.048018,-23.122964097062553,4.363028047576707,-14.052312837630726,-0.203332,0.012515,-0.112182,0.972582,0.974517,-0.223301,0.021276,0.213123,0.892143,-0.398322,F,BuildTutorial
27.219,0.323583,1.529118,2.722462,41.24645282869901,15.105443863296989,7.196936163048012,-0.356198,-0.100858,-0.012028,-0.928874,0.979366,0.094195,-0.1788,0.049506,0.745957,0.664152,0.156256,1.200872,2.847844,-8.640414978145808,3.7143040950361463,-27.304280503643923,-0.080791,0.013632,-0.23286,0.969053,0.891181,-0.45351,0.011206,0.449105,0.878498,-0.16293,0.503388,1.22171,3.050786,-24.047937543177856,1.504158073834882,-12.328672732736646,-0.208477,-0.009604,-0.102297,0.972615,0.978886,-0.194986,0.061335,0.202995,0.892145,-0.403571,F,BuildTutorial
27.251,0.320502,1.529169,2.721011,41.30202608733386,14.349667887331556,6.984764299705989,-0.356383,-0.09534,-0.012589,-0.929378,0.981504,0.091355,-0.16824,0.044555,0.745665,0.66483,0.15527,1.203317,2.847016,-9.22022901419745,3.579449577137864,-27.067550452162703,-0.08539,0.011466,-0.230707,0.969201,0.893286,-0.449161,0.017174,0.445245,0.878966,-0.170811,0.485466,1.231131,3.053149,-25.075055515129463,-1.9422901205036012,-8.481745885372948,-0.21523,-0.03255,-0.075845,0.973069,0.986376,-0.133594,0.095995,0.161616,0.895847,-0.41393,F,BuildTutorial
27.284,0.317483,1.529302,2.719812,41.24662296616379,13.67529844079073,6.815218030155201,-0.355722,-0.090443,-0.013374,-0.930109,0.983283,0.089223,-0.158729,0.039467,0.746565,0.664141,0.153536,1.205247,2.846111,-9.790894742169712,3.378810481186642,-26.64803468416907,-0.089774,0.008925,-0.227069,0.969691,0.89672,-0.441976,0.023462,0.438771,0.880761,-0.178158,0.465514,1.240418,3.054693,-26.88087527309981,-4.78240957433247,-8.553949781911255,-0.228559,-0.057786,-0.082143,0.968336,0.979827,-0.13267,0.149462,0.1855,0.882027,-0.433149,F,BuildTutorial
27.318,0.314718,1.529029,2.71807,41.33775131176322,13.244504013449816,6.925973318716496,-0.356489,-0.086525,-0.015508,-0.930155,0.984546,0.09054,-0.149907,0.032842,0.74535,0.665864,0.151136,1.206226,2.845592,-9.995156214973443,3.188130527146357,-26.508639766001608,-0.091114,0.007009,-0.225955,0.969842,0.89779,-0.439559,0.02758,0.437004,0.881285,-0.1799,0.444542,1.24323,3.055704,-27.216881712453848,-7.429858333065037,-8.131592129269098,-0.229735,-0.079462,-0.083973,0.966362,0.973269,-0.125786,0.192162,0.198807,0.880341,-0.43067,F,BuildTutorial
27.351,0.312263,1.529065,2.716199,41.50234451054938,13.020473138301424,6.86775701446925,-0.357744,-0.08475,-0.01555,-0.929836,0.985151,0.089555,-0.146482,0.03172,0.743556,0.667921,0.148772,1.206613,2.844569,-9.96783420957292,3.0261454778073915,-26.785736019359295,-0.090577,0.005474,-0.228439,0.96932,0.895572,-0.443852,0.03077,0.441869,0.879223,-0.178097,0.422449,1.238409,3.055733,-26.284543346597964,-11.436378451987036,-1.5228902499694312,-0.224929,-0.100024,-0.035529,0.968576,0.977466,-0.023828,0.209745,0.113822,0.896289,-0.428615,F,BuildTutorial
27.384,0.309977,1.529155,2.714964,41.3820436266688,12.965206968669412,6.699697081391476,-0.356641,-0.084925,-0.014491,-0.930261,0.985156,0.087536,-0.147668,0.033614,0.745195,0.665999,0.145923,1.207822,2.843131,-10.372787152016056,2.6634529642598515,-26.501709805366943,-0.093271,0.001815,-0.22617,0.969611,0.897688,-0.438932,0.038671,0.438255,0.880296,-0.181694,0.404504,1.232561,3.055868,-25.507497019008373,-12.926018108243705,0.1439298993192512,-0.219496,-0.109509,-0.023632,0.96916,0.974899,0.002268,0.222637,0.093879,0.902526,-0.420278,F,BuildTutorial
27.417,0.308128,1.52931,2.714171,41.21478619797589,13.068843001179992,6.945400392703473,-0.355486,-0.085142,-0.016349,-0.930652,0.984967,0.090965,-0.146851,0.030103,0.746725,0.664451,0.142485,1.208556,2.841923,-10.645029629691356,2.2860985304676844,-26.25234482241568,-0.094831,-0.001718,-0.22427,0.969901,0.8994,-0.434714,0.045867,0.435366,0.88142,-0.183182,0.39011,1.226515,3.055195,-24.969287334941203,-13.655205954461731,-0.823652522286047,-0.213805,-0.117611,-0.032667,0.96922,0.970201,-0.013032,0.241951,0.113615,0.906441,-0.406764,F,BuildTutorial
27.451,0.306675,1.52927,2.713586,41.14948470996887,13.510874385814992,7.466056643249878,-0.355419,-0.087173,-0.01928,-0.930434,0.984058,0.097843,-0.148512,0.026088,0.746611,0.664749,0.139298,1.207884,2.840722,-10.356377553438897,2.1669457873561986,-26.842131509042375,-0.092144,-0.002627,-0.229457,0.968944,0.894686,-0.444177,0.047376,0.445145,0.877718,-0.17736,0.382757,1.217039,3.054508,-23.32074758182621,-13.582472156341204,1.4182865254372186,-0.20211,-0.113319,-0.011862,0.972713,0.974036,0.02273,0.225249,0.068882,0.918022,-0.390502,F,BuildTutorial
27.484,0.305407,1.52929,2.713179,41.13950552175896,14.06834969689546,7.80038776301105,-0.355694,-0.09067,-0.020276,-0.929973,0.982736,0.102213,-0.154217,0.02679,0.746141,0.665249,0.136172,1.207725,2.839011,-10.25662866097628,1.9052217294478693,-27.266861654747743,-0.090759,-0.004974,-0.233289,0.96815,0.891103,-0.450815,0.051977,0.452621,0.874678,-0.173417,0.378422,1.207163,3.052957,-22.825916458041274,-15.078239467986542,8.18938718621368,-0.204851,-0.114273,0.043492,0.971126,0.9701,0.13129,0.204128,-0.037655,0.912289,-0.407812,F,BuildTutorial
27.518,0.304326,1.529243,2.713282,41.10477364966794,14.753322025676445,8.009225829942157,-0.355704,-0.095612,-0.019887,-0.929483,0.980926,0.104988,-0.163592,0.03105,0.746159,0.665044,0.132196,1.208468,2.837065,-10.522343838370446,1.2359020119243582,-26.78023693572113,-0.091685,-0.010786,-0.229629,0.96889,0.894308,-0.442993,0.063009,0.446949,0.877728,-0.172712,0.382623,1.200234,3.05213,-23.061446309492023,-13.777289682859546,7.642307742129309,-0.205841,-0.104033,0.040904,0.97218,0.975008,0.122361,0.185437,-0.036704,0.911913,-0.40874,F,BuildTutorial
27.55,0.303605,1.529268,2.713802,40.94631724307482,15.45867374120112,8.365901287573326,-0.354858,-0.100382,-0.020797,-0.929283,0.978982,0.109896,-0.171808,0.03259,0.747287,0.663702,0.128649,1.20787,2.835481,-10.36750209752723,0.8122608648609684,-26.65429076131736,-0.089542,-0.013957,-0.228939,0.969213,0.894784,-0.441283,0.068053,0.446281,0.879138,-0.16718,0.39358,1.189951,3.053011,-21.179154501529805,-10.586988645612442,7.040762052762018,-0.188212,-0.079279,0.043178,0.977971,0.983701,0.114296,0.138811,-0.054611,0.925424,-0.374979,F,BuildTutorial
27.584,0.302899,1.529189,2.714457,40.86405758207956,16.19552089263545,8.691803328587886,-0.354624,-0.105431,-0.021269,-0.928802,0.976864,0.114287,-0.180765,0.035267,0.747578,0.663237,0.126145,1.206183,2.834032,-10.018894681845396,0.5939668762698556,-26.899769076328703,-0.086125,-0.015288,-0.231263,0.968951,0.892568,-0.445532,0.069461,0.450798,0.8782,-0.159832,0.408906,1.179231,3.054111,-20.337968574104025,-6.938326297990169,10.718279023748298,-0.181021,-0.042841,0.081126,0.979191,0.983167,0.174386,0.054528,-0.143365,0.9213,-0.361458,F,BuildTutorial
27.617,0.302062,1.528794,2.714827,40.91000145970333,16.939572020047674,8.929483583596438,-0.355354,-0.110674,-0.020825,-0.927923,0.974635,0.117305,-0.190594,0.040009,0.74658,0.664092,0.124858,1.204234,2.832611,-9.759169648587784,0.415868534261759,-26.881921929931735,-0.083572,-0.016255,-0.231299,0.96915,0.892473,-0.44561,0.070168,0.451044,0.879033,-0.154469,0.428418,1.168902,3.052674,-21.4405617615946,-3.175741922542998,15.931203840703692,-0.187922,-0.001196,0.131003,0.973408,0.965673,0.255489,-0.046908,-0.25459,0.895047,-0.366162,F,BuildTutorial
27.651,0.301443,1.52859,2.715601,40.903148728713376,17.747202081718623,9.245500976421232,-0.355759,-0.116238,-0.020887,-0.927086,0.972105,0.121433,-0.200664,0.043978,0.745998,0.664495,0.123494,1.202664,2.832073,-9.499116453639866,0.3788433561754933,-26.659415194713663,-0.081329,-0.015884,-0.229495,0.969776,0.89416,-0.442533,0.068137,0.4477,0.881436,-0.150452,0.447678,1.154634,3.049999,-20.65221898045255,-0.3962343719732611,18.37960661591427,-0.177492,0.025269,0.156506,0.971269,0.949735,0.295048,-0.104644,-0.312989,0.888005,-0.336875,F,BuildTutorial
27.684,0.301068,1.528368,2.716711,40.84951759415525,18.498367532048224,9.597557309078235,-0.355833,-0.121281,-0.021484,-0.926397,0.969659,0.126118,-0.209419,0.046505,0.745842,0.664497,0.122457,1.200982,2.831811,-9.168728463522829,0.3818185596216119,-26.60610905757848,-0.078546,-0.015159,-0.229105,0.970109,0.894562,-0.442132,0.065403,0.446895,0.882683,-0.145451,0.467708,1.137955,3.045637,-18.954377141879043,3.1612633383996136,20.072798769552023,-0.157332,0.055475,0.176302,0.970096,0.93168,0.324604,-0.163108,-0.359516,0.888329,-0.285693,F,BuildTutorial
27.717,0.30082,1.527961,2.718095,40.90096213271237,19.285889751624687,9.897366764702404,-0.356716,-0.126651,-0.021376,-0.925341,0.967005,0.129916,-0.219141,0.050798,0.744594,0.665582,0.122312,1.199378,2.831613,-8.882643175193628,0.4019045943911924,-26.600676115757885,-0.076165,-0.014412,-0.229099,0.970312,0.894612,-0.442399,0.062867,0.44679,0.883425,-0.141205,0.486547,1.123283,3.038852,-16.954345945435367,6.318167174593947,18.588524839558676,-0.136456,0.077563,0.167515,0.973295,0.931845,0.304915,-0.196701,-0.347251,0.906637,-0.239638,F,BuildTutorial
27.751,0.300656,1.527427,2.719819,41.00776160566608,20.05396028402746,10.275384583626735,-0.358139,-0.131539,-0.021854,-0.924098,0.96444,0.134609,-0.227456,0.053828,0.742517,0.667661,0.122432,1.19838,2.831816,-8.714224601304055,0.5556075648585752,-26.431455789236765,-0.075065,-0.012662,-0.227596,0.970775,0.896079,-0.439989,0.058754,0.443791,0.88513,-0.139979,0.500254,1.110174,3.030856,-15.308539551113295,6.796031475502758,18.3604948212643,-0.121886,0.079204,0.165635,0.975416,0.932584,0.303818,-0.19489,-0.342433,0.915418,-0.211542,F,BuildTutorial
27.784,0.300698,1.526587,2.721385,41.185810762882355,20.73104685355594,10.623380885440984,-0.360092,-0.135678,-0.022231,-0.92273,0.962194,0.138739,-0.234379,0.056688,0.739679,0.670568,0.123097,1.197161,2.832153,-8.45641808248615,0.8522985812142435,-26.32788601661835,-0.073479,-0.009568,-0.226578,0.97117,0.897142,-0.438685,0.051881,0.441497,0.886527,-0.138386,0.509433,1.101424,3.021981,-15.281407855130912,6.937084782375455,19.76540114248967,-0.120456,0.081852,0.177721,0.973245,0.923431,0.326213,-0.202139,-0.365651,0.907812,-0.205372,F,BuildTutorial
27.817,0.300701,1.525576,2.72305,41.47882548002636,21.42419659995988,10.905611489987129,-0.362891,-0.139979,-0.021796,-0.921,0.959862,0.141743,-0.242022,0.061445,0.735671,0.674547,0.123401,1.196124,2.833706,-8.197107266796271,1.2106074166119394,-26.32849005764344,-0.07199,-0.006016,-0.226413,0.971349,0.897402,-0.438985,0.044287,0.440718,0.88711,-0.13713,0.517125,1.094001,3.013561,-14.873923595759132,7.273189027551731,18.558220060561744,-0.117343,0.0829,0.167668,0.975318,0.93003,0.307605,-0.201057,-0.346516,0.916236,-0.201094,F,BuildTutorial
27.851,0.300794,1.524585,2.724662,41.702640926789215,21.978397036912504,11.062545729750218,-0.364961,-0.14363,-0.020889,-0.91964,0.957868,0.14326,-0.248927,0.066417,0.732734,0.677266,0.124646,1.195022,2.835049,-8.026525810149918,1.66504360815168,-26.26071423479457,-0.071443,-0.001782,-0.225596,0.971596,0.898207,-0.438122,0.035697,0.438631,0.888005,-0.138025,0.523525,1.087311,3.007311,-13.89037581739447,8.443066395553702,16.692043017961716,-0.108708,0.089803,0.152502,0.978193,0.937357,0.278828,-0.208846,-0.317877,0.929852,-0.185284,F,BuildTutorial
27.884,0.301086,1.523579,2.725788,41.97681633067951,22.475721290201115,11.362242830357834,-0.367598,-0.146282,-0.021192,-0.918164,0.956305,0.146462,-0.253041,0.06863,0.728845,0.68123,0.126388,1.19371,2.836447,-7.760494910919761,2.239532631254749,-26.268922548713437,-0.070319,0.003613,-0.225385,0.971722,0.898377,-0.438532,0.024676,0.437516,0.888513,-0.13829,0.527531,1.082536,3.001764,-13.175162589051448,8.593122723091964,15.626198808617154,-0.10322,0.089285,0.14318,0.980241,0.943055,0.26227,-0.2046,-0.299134,0.93769,-0.176794,F,BuildTutorial
27.917,0.301274,1.522798,2.726508,42.291508204394475,22.987816800704753,11.6732828041968,-0.370574,-0.148934,-0.021433,-0.916534,0.954719,0.149671,-0.257121,0.071093,0.724431,0.685672,0.128764,1.192524,2.837889,-7.54230901055641,3.0002735993645255,-26.422297798964745,-0.069979,0.010405,-0.226291,0.971487,0.897368,-0.441133,0.011455,0.438221,0.887791,-0.140677,0.530893,1.080729,2.996884,-13.791513813656683,8.32284886350408,14.487775322488162,-0.109707,0.086566,0.133494,0.981147,0.949371,0.242961,-0.199158,-0.280949,0.940288,-0.192165,F,BuildTutorial
27.951,0.301637,1.522292,2.727152,42.372783480269405,23.49064307759692,12.001024382852345,-0.371739,-0.151774,-0.022266,-0.915576,0.952938,0.153613,-0.261367,0.072068,0.722629,0.687469,0.131563,1.191839,2.839363,-7.473104678550644,3.74520849805378,-26.432131046849097,-0.070864,0.016853,-0.225943,0.971414,0.897332,-0.441356,-0.00072,0.436579,0.887856,-0.145292,0.537075,1.078495,2.993484,-13.920378206535558,10.108276040085446,14.630911899935592,-0.108591,0.102106,0.136491,0.979363,0.941889,0.245173,-0.229641,-0.289524,0.939157,-0.184826,F,BuildTutorial
27.983,0.301976,1.521832,2.727355,42.54350707217544,24.031928650574443,12.265703993003884,-0.373538,-0.154981,-0.022279,-0.914305,0.950969,0.156523,-0.266756,0.075043,0.719946,0.689961,0.133365,1.19213,2.841669,-7.454183920073564,4.488738667701084,-26.588809023201573,-0.0722,0.023095,-0.226815,0.970984,0.896044,-0.443801,-0.012098,0.437131,0.886685,-0.150687,0.548505,1.074816,2.990632,-12.566529040508357,13.91668473594724,10.43247188336976,-0.09724,0.129798,0.102907,0.98138,0.945125,0.176739,-0.274775,-0.227225,0.959909,-0.164144,F,BuildTutorial
28.017,0.302047,1.521422,2.727425,42.70166571401594,24.404839440212516,12.31028330725018,-0.374908,-0.15757,-0.021096,-0.913329,0.949453,0.156684,-0.272009,0.079613,0.717998,0.691477,0.136099,1.192829,2.842755,-7.617534239632841,5.10594134845191,-26.549918906327218,-0.074793,0.028019,-0.22601,0.970845,0.896269,-0.443033,-0.020597,0.434651,0.886651,-0.157891,0.559219,1.07133,2.988429,-11.189726348456473,16.648487786337423,5.2294479910415586,-0.089793,0.148336,0.059024,0.983082,0.949025,0.089413,-0.302252,-0.142691,0.976907,-0.159037,F,BuildTutorial
28.051,0.30239,1.521325,2.727543,42.71851522338933,24.812059199674163,12.436119826639,-0.375289,-0.160377,-0.020731,-0.912693,0.947699,0.158217,-0.27719,0.082534,0.717457,0.691697,0.137799,1.194129,2.844088,-7.883268647487528,5.549043053598464,-26.21411700743155,-0.077822,0.031463,-0.222729,0.97126,0.898804,-0.437553,-0.026451,0.427759,0.888671,-0.165185,0.568015,1.06789,2.986542,-10.27225359608129,18.11473330257579,2.5856879963941553,-0.084846,0.158746,0.036281,0.982998,0.946967,0.044389,-0.318251,-0.098265,0.98297,-0.155288,F,BuildTutorial
28.085,0.302481,1.521331,2.727591,42.68128571317876,25.129881619971354,12.504323021921484,-0.375151,-0.162742,-0.020311,-0.91234,0.946205,0.159165,-0.281712,0.085045,0.717699,0.691141,0.139246,1.195061,2.845179,-8.08257694569351,5.9065568812749225,-26.09415820267256,-0.080167,0.034178,-0.221354,0.971292,0.899668,-0.435479,-0.030904,0.424519,0.889151,-0.170862,0.572068,1.063754,2.985766,-9.19439101335544,17.24221964796289,2.724459533203659,-0.07567,0.151259,0.03544,0.984956,0.95173,0.046922,-0.30333,-0.092705,0.986036,-0.138342,F,BuildTutorial
28.117,0.302559,1.521369,2.727404,42.66444457632911,25.39115194046742,12.59074574032868,-0.375189,-0.164565,-0.020179,-0.912,0.945023,0.160292,-0.285025,0.08668,0.717651,0.690987,0.140523,1.19558,2.846044,-8.170831941453503,6.183950524115538,-26.021065927157704,-0.081426,0.036405,-0.220487,0.971303,0.90012,-0.434249,-0.034814,0.422391,0.88951,-0.174233,0.572606,1.057236,2.986038,-6.607318299713109,15.04278218922895,3.0542976615557538,-0.053629,0.132155,0.033918,0.989196,0.962769,0.052929,-0.265093,-0.081278,0.991947,-0.097134,F,BuildTutorial
28.151,0.302608,1.521298,2.727064,42.67636489150817,25.710337414382575,12.728987312092627,-0.375538,-0.166633,-0.020208,-0.91148,0.94365,0.161992,-0.288588,0.088316,0.717125,0.691326,0.141646,1.195726,2.84675,-8.202981658627424,6.547827630756622,-25.97253723216843,-0.082381,0.03946,-0.219796,0.97126,0.900266,-0.433459,-0.040437,0.420456,0.889807,-0.177373,0.574493,1.052843,2.985734,-5.75941346830765,14.67785009310442,4.1612368367017085,-0.045163,0.129302,0.042376,0.989669,0.96297,0.072197,-0.259761,-0.095556,0.992329,-0.078434,F,BuildTutorial
28.184,0.302606,1.52113,2.726736,42.712343934971315,26.028069651784943,12.878202455912415,-0.376093,-0.168613,-0.020275,-0.910886,0.942318,0.163764,-0.291923,0.089893,0.716285,0.691993,0.142871,1.195525,2.847205,-8.188743853223833,6.908110749219216,-25.958476342495832,-0.082946,0.042552,-0.219426,0.971165,0.900084,-0.433256,-0.04625,0.419138,0.889945,-0.179782,0.576995,1.047661,2.985129,-3.59082786747323,15.09282195587043,2.252782971415222,-0.028473,0.13185,0.023592,0.99058,0.964118,0.039232,-0.26256,-0.054249,0.997265,-0.050188,F,BuildTutorial
28.217,0.302601,1.520988,2.726543,42.73892856331987,26.322881830956103,13.04961488017602,-0.376606,-0.17035,-0.020611,-0.910343,0.941113,0.165836,-0.294628,0.090783,0.715486,0.692704,0.144237,1.195077,2.847148,-8.18470567792549,7.101127302466059,-25.949910150552203,-0.083278,0.044202,-0.219216,0.97111,0.899981,-0.433129,-0.049338,0.418405,0.890018,-0.181124,0.576169,1.046796,2.984512,-3.6486028658546736,14.54633234713781,0.1607405134957103,-0.031401,0.12658,0.005421,0.991444,0.967896,0.002799,-0.251335,-0.018698,0.997969,-0.060893,F,BuildTutorial
28.251,0.302477,1.520802,2.726475,42.78154952321099,26.57626601782792,13.18675753725232,-0.377188,-0.171842,-0.020773,-0.909818,0.940077,0.167434,-0.29702,0.091834,0.714595,0.693484,0.144689,1.194802,2.847326,-8.175774997821268,7.289929543435976,-25.908410098296788,-0.083547,0.04585,-0.218733,0.97112,0.900107,-0.432494,-0.052502,0.417171,0.890351,-0.182327,0.574147,1.048754,2.98336,-3.8886286968545503,14.174866056600008,0.027823376508211,-0.033639,0.123321,0.004427,0.991787,0.969545,0.000484,-0.244915,-0.017077,0.997698,-0.065634,F,BuildTutorial
28.284,0.302411,1.520615,2.726583,42.76879103585637,26.767022790486863,13.37694232179616,-0.37741,-0.172751,-0.021683,-0.909532,0.939374,0.169838,-0.297878,0.090953,0.714182,0.694025,0.144705,1.194626,2.847567,-8.0951760122709,7.416192213757862,-25.96363446858137,-0.083129,0.04704,-0.219164,0.971001,0.899508,-0.433439,-0.054915,0.417797,0.890113,-0.182056,0.572897,1.048891,2.982408,-2.6030681820431796,14.15897157387754,-1.7957881767565134,-0.024469,0.122846,-0.012748,0.992042,0.969493,-0.031305,-0.243114,0.019281,0.998478,-0.051681,F,BuildTutorial
28.317,0.302255,1.520352,2.72649,42.86892610897199,26.97226080890913,13.480140556321173,-0.378382,-0.173873,-0.021601,-0.908916,0.938603,0.170848,-0.299726,0.092315,0.712721,0.695347,0.144152,1.194779,2.847868,-8.113444666193725,7.41202883514913,-25.87198132299966,-0.083238,0.047035,-0.218378,0.97117,0.900198,-0.431994,-0.055003,0.416334,0.890765,-0.182219,0.572356,1.052251,2.981017,-3.19492746551533,14.479906039121303,-3.535414046907157,-0.031528,0.125063,-0.027078,0.991278,0.967252,-0.06157,-0.246238,0.045798,0.996546,-0.069278,F,BuildTutorial
28.35,0.301983,1.520119,2.726488,42.92196158986223,27.190735987687027,13.526095535347938,-0.378904,-0.175365,-0.021124,-0.908423,0.937602,0.171271,-0.302605,0.094515,0.711972,0.695818,0.143302,1.194897,2.848433,-8.147155893530286,7.402286438839846,-25.76568666919351,-0.083461,0.046963,-0.217461,0.97136,0.901011,-0.430304,-0.054938,0.414626,0.89149,-0.182566,0.571648,1.055378,2.980037,-3.199346954340522,14.347944434151897,-4.387884850620659,-0.032456,0.123682,-0.034484,0.991191,0.967027,-0.076389,-0.242946,0.060332,0.995515,-0.07287,F,BuildTutorial
28.384,0.301562,1.520096,2.726525,42.92037480364501,27.300049406558443,13.56064625863111,-0.378965,-0.17612,-0.02104,-0.908254,0.937078,0.171706,-0.303976,0.095266,0.711886,0.695804,0.143053,1.194685,2.848536,-8.093650059710892,7.489172134226125,-25.731522965332783,-0.083159,0.04783,-0.217145,0.971414,0.901121,-0.429831,-0.056809,0.413921,0.891865,-0.182336,0.570371,1.059889,2.978749,-3.331293596488306,13.812192386567462,-4.256877519509703,-0.0333,0.119037,-0.033362,0.99177,0.969435,-0.074103,-0.233892,0.058247,0.995556,-0.073995,F,BuildTutorial
28.417,0.300984,1.520202,2.726588,42.92769625007561,27.311123780585948,13.639662824631728,-0.379145,-0.175934,-0.021613,-0.908201,0.93716,0.172668,-0.303178,0.09415,0.711565,0.696284,0.142976,1.194375,2.848294,-8.068447788914158,7.615084328735511,-25.866601943299763,-0.083242,0.048849,-0.218216,0.971116,0.899991,-0.431959,-0.058546,0.415694,0.890905,-0.182995,0.56886,1.066981,2.977493,-3.7920257113942055,13.538635383754078,-3.820756331899333,-0.036764,0.116647,-0.029188,0.992064,0.971083,-0.06649,-0.229295,0.049337,0.995593,-0.079754,F,BuildTutorial
28.45,0.300195,1.520298,2.726713,42.86408226229944,27.14054449185528,13.558172772780203,-0.378495,-0.174958,-0.021675,-0.908659,0.93784,0.171831,-0.301546,0.093051,0.712544,0.69543,0.142798,1.194245,2.848109,-8.10824144323604,7.630300811372904,-25.785762340578128,-0.083573,0.048958,-0.217492,0.971245,0.900601,-0.430659,-0.058747,0.414293,0.891425,-0.183636,0.567073,1.074974,2.976719,-4.538438299197137,12.986462774591397,-4.509329862515844,-0.043756,0.111362,-0.034584,0.992214,0.972805,-0.078376,-0.217964,0.058884,0.993779,-0.094534,F,BuildTutorial
28.484,0.299199,1.52036,2.72661,42.81691281538021,26.860563979675593,13.421762693113472,-0.377869,-0.173266,-0.021623,-0.909245,0.939023,0.170264,-0.29874,0.091622,0.713495,0.694644,0.141896,1.194324,2.84853,-8.111466895937815,7.603217967974537,-25.78855542153212,-0.08355,0.04872,-0.217533,0.971249,0.900612,-0.430699,-0.058289,0.414416,0.891398,-0.183492,0.5653,1.082878,2.976691,-5.373693748356102,12.713106733868296,-4.175532646520608,-0.050587,0.108823,-0.03098,0.99229,0.974396,-0.072493,-0.212834,0.050472,0.992962,-0.107137,F,BuildTutorial
28.517,0.298174,1.520521,2.726553,42.759580441663815,26.577454752602833,13.336043772004729,-0.377241,-0.171396,-0.022003,-0.909851,0.940279,0.169354,-0.295288,0.089276,0.714411,0.694008,0.14142,1.194185,2.848668,-8.132507591684776,7.605138108919238,-25.83187250647729,-0.08375,0.048663,-0.217884,0.971156,0.900317,-0.431349,-0.058023,0.415047,0.891025,-0.183875,0.562879,1.092457,2.977339,-6.374704943245204,12.554677886610596,-2.9663542389081696,-0.058075,0.107705,-0.019611,0.992292,0.97603,-0.051429,-0.211473,0.026409,0.992486,-0.119478,F,BuildTutorial
28.55,0.296988,1.52093,2.726613,42.666412437216046,26.131522827491796,13.211564665607035,-0.376245,-0.168415,-0.022685,-0.910803,0.942244,0.168053,-0.289715,0.085407,0.715851,0.69301,0.140572,1.194327,2.849124,-8.157719262149575,7.560797158380509,-25.858201376718657,-0.08389,0.048218,-0.218122,0.971113,0.900195,-0.431733,-0.057054,0.415553,0.89077,-0.183968,0.556281,1.104407,2.978495,-7.1025534162044055,11.181109385946822,-1.5063979826284777,-0.06292,0.096413,-0.007024,0.993326,0.981311,-0.026087,-0.190655,0.001822,0.991983,-0.126356,F,BuildTutorial
28.584,0.295571,1.521422,2.726688,42.56880307190214,25.40458999766759,12.9551137783989,-0.374967,-0.16363,-0.023238,-0.912187,0.945371,0.165106,-0.281095,0.080317,0.717719,0.691685,0.139781,1.194635,2.849449,-8.141471492458644,7.594803444051419,-25.99681069220769,-0.083876,0.048437,-0.219283,0.970842,0.899137,-0.433904,-0.057264,0.417654,0.889759,-0.184104,0.548182,1.119195,2.979841,-8.725760927823671,10.06729965973417,-2.107755764909322,-0.077376,0.086078,-0.011595,0.993212,0.984912,-0.036354,-0.169193,0.009713,0.987757,-0.155698,F,BuildTutorial
28.617,0.293555,1.522074,2.72673,42.4952236971487,24.366194749778845,12.285182696473468,-0.37325,-0.157657,-0.021443,-0.913985,0.949369,0.156889,-0.272185,0.078493,0.72045,0.689051,0.13871,1.195668,2.849694,-8.330916233216042,7.503368294444094,-25.843144110611707,-0.085239,0.047399,-0.217916,0.971082,0.900532,-0.43131,-0.054906,0.415149,0.890494,-0.186206,0.539484,1.133877,2.981778,-10.576516763992128,9.640094742348731,-3.4066439447310706,-0.094287,0.080902,-0.021752,0.992014,0.985964,-0.058412,-0.156409,0.0279,0.981274,-0.190587,F,BuildTutorial
28.65,0.291018,1.522754,2.72652,42.403796223813224,23.024528795007665,11.555511636732168,-0.371311,-0.149448,-0.020156,-0.916181,0.954518,0.147915,-0.258874,0.074051,0.723444,0.686401,0.138208,1.196333,2.849453,-8.569595160715657,7.341192716444819,-25.630224777243043,-0.086864,0.045713,-0.216068,0.971432,0.90245,-0.427732,-0.051277,0.411849,0.891539,-0.18852,0.527505,1.144463,2.985529,-11.277753650469135,7.585539593030757,-2.080631197991284,-0.099222,0.064037,-0.01153,0.992936,0.991533,-0.035606,-0.124882,0.01019,0.980044,-0.19852,F,BuildTutorial
28.684,0.287995,1.523369,2.725711,42.370847666404806,21.61867440673384,10.889630244607806,-0.369966,-0.140395,-0.019435,-0.91817,0.959823,0.139572,-0.243433,0.068194,0.725494,0.684841,0.137928,1.196343,2.84902,-8.555033730763727,7.3225281636358,-25.774744656827856,-0.086763,0.045474,-0.217317,0.971173,0.901411,-0.429996,-0.050616,0.414214,0.890491,-0.188289,0.515151,1.152944,2.990212,-12.211106074039431,5.622370373037058,1.853064121937659,-0.10543,0.050478,0.021275,0.992917,0.993999,0.031604,-0.104727,-0.052892,0.976864,-0.207218,F,BuildTutorial
28.716,0.284524,1.523996,2.724861,42.346974892870584,19.966150236092037,10.076047436421796,-0.368546,-0.129791,-0.018275,-0.920323,0.965641,0.129306,-0.225429,0.06203,0.727679,0.683107,0.136926,1.197074,2.84903,-8.7602452078241,7.369100229765724,-25.786101054553914,-0.088591,0.045454,-0.217236,0.971027,0.901485,-0.429937,-0.049785,0.41383,0.889921,-0.191797,0.503925,1.164334,2.994373,-13.909412644032749,5.203495109065323,-1.3569454404785426,-0.121485,0.043624,-0.006246,0.991615,0.996116,-0.022986,-0.084998,0.001788,0.970405,-0.241477,F,BuildTutorial
28.75,0.280894,1.524744,2.724185,42.22772451177519,18.196683939041954,9.290872250360028,-0.366469,-0.118222,-0.017827,-0.922717,0.971412,0.119547,-0.205105,0.053751,0.730765,0.680509,0.13592,1.197824,2.848787,-8.965339696771283,7.296876389245668,-25.79632902617017,-0.090192,0.044428,-0.217237,0.970927,0.901668,-0.429857,-0.047087,0.413829,0.889347,-0.194442,0.489741,1.175791,2.998179,-16.281159445697508,3.53014225014727,-3.3153448512096486,-0.142358,0.026384,-0.024263,0.989166,0.99743,-0.055513,-0.045288,0.040489,0.958291,-0.282911,F,BuildTutorial
28.784,0.277237,1.525912,2.723762,41.88173257991061,16.425517465770508,8.604956367391829,-0.362751,-0.1065,-0.018437,-0.925597,0.976636,0.111396,-0.183777,0.043136,0.736144,0.675449,0.134544,1.198814,2.847885,-9.192508497688802,7.139945688863859,-25.90428241514031,-0.091855,0.042562,-0.21812,0.970657,0.901224,-0.431259,-0.042556,0.415621,0.887972,-0.196888,0.474106,1.186017,3.001247,-18.519837798172205,1.683908622347034,-2.9816088476547367,-0.161219,0.010312,-0.023311,0.98659,0.998701,-0.049322,-0.012831,0.042672,0.94693,-0.318595,F,BuildTutorial
28.817,0.273185,1.527113,2.723236,41.56023222777737,14.427639652809631,7.860762120032205,-0.359194,-0.093002,-0.019132,-0.928421,0.981969,0.102336,-0.158945,0.031286,0.741228,0.670524,0.132075,1.200194,2.847208,-9.46823442354837,6.835909601549741,-25.85107115425196,-0.093588,0.039482,-0.217729,0.970709,0.902071,-0.430092,-0.035897,0.415312,0.887671,-0.198887,0.457589,1.195181,3.003886,-19.659100534211056,-0.3433042972950725,-2.971283880439488,-0.170583,-0.007377,-0.026057,0.984971,0.998533,-0.048815,0.023422,0.053848,0.940445,-0.335653,F,BuildTutorial
28.85,0.268727,1.527938,2.72257,41.437712379751645,12.233944455061728,7.041498310018526,-0.357225,-0.077877,-0.019484,-0.930562,0.987111,0.091902,-0.131018,0.019377,0.744021,0.667876,0.129068,1.201172,2.846388,-9.618886394034922,6.354068587546848,-25.885822519631397,-0.093956,0.035073,-0.21832,0.970711,0.902213,-0.430441,-0.027066,0.41726,0.887018,-0.197723,0.441482,1.204611,3.006094,-20.966126385021568,-1.9302896244531993,-2.7786905535648083,-0.181464,-0.020969,-0.026902,0.982806,0.997673,-0.045269,0.050981,0.060489,0.932694,-0.355559,F,BuildTutorial
28.883,0.264038,1.528777,2.722215,41.18664100551168,9.912568118623057,6.324036664674244,-0.354345,-0.061423,-0.0211,-0.932857,0.991564,0.082897,-0.099644,0.004163,0.747989,0.663698,0.125548,1.201844,2.84552,-9.736276978964144,5.864943265292488,-25.931668440973905,-0.094028,0.030659,-0.219037,0.970691,0.902166,-0.431,-0.018329,0.419469,0.886363,-0.195976,0.424552,1.212779,3.009192,-22.134656849785827,-2.9741855075744716,-3.611276123304428,-0.191,-0.031503,-0.035892,0.980428,0.995439,-0.058344,0.075484,0.082412,0.924462,-0.372262,F,BuildTutorial
28.917,0.258778,1.529455,2.721479,41.0535620857545,7.175088121732884,5.373104605579373,-0.35232,-0.042133,-0.021893,-0.934674,0.995491,0.070613,-0.063334,-0.011236,0.750782,0.660454,0.121879,1.201989,2.8445,-9.744971488158598,5.372410390837866,-26.030443895872605,-0.093182,0.026389,-0.220271,0.970619,0.901569,-0.432517,-0.010177,0.422681,0.885596,-0.192514,0.404438,1.216947,3.013187,-22.894607450254146,-5.303934382551034,-2.838453988959425,-0.19707,-0.050245,-0.033429,0.97853,0.992716,-0.045618,0.111507,0.085225,0.920092,-0.382318,F,BuildTutorial
28.95,0.253122,1.529964,2.720371,40.996618628055465,4.332034312538949,4.0996208728805845,-0.350972,-0.022863,-0.020253,-0.935888,0.998134,0.053957,-0.028579,-0.02186,0.752817,0.657867,0.118292,1.201771,2.842865,-9.72988399213074,4.719296909606967,-26.022378901279744,-0.091796,0.020893,-0.220738,0.970779,0.901676,-0.432412,-3.8e-05,0.42474,0.885696,-0.187451,0.380552,1.217228,3.016988,-24.0131014386696,-9.886203604406324,1.444679480477222,-0.208296,-0.081662,-0.005638,0.974635,0.986599,0.02303,0.161529,0.045009,0.913162,-0.405103,F,BuildTutorial
28.983,0.247702,1.530543,2.71921,40.908438004125465,1.7454049972176675,3.04295065561738,-0.349674,-0.004988,-0.019554,-0.936654,0.999186,0.040118,0.004331,-0.033142,0.754692,0.655242,0.114146,1.201779,2.841473,-9.795688361635223,4.013750919168996,-26.10058140994456,-0.091002,0.014723,-0.221931,0.970695,0.90106,-0.433534,0.01181,0.428175,0.884931,-0.183205,0.359079,1.21619,3.02103,-25.157858697225144,-12.39525920121816,2.6522092272058893,-0.218892,-0.100328,-0.00105,0.970577,0.979866,0.041884,0.195212,0.04596,0.904171,-0.424691,F,BuildTutorial
29.016,0.242616,1.531311,2.717991,40.791408262449174,-0.6379260887646793,2.2677008696566503,-0.348325,0.012113,-0.020487,-0.937072,0.998867,0.029956,0.036974,-0.046834,0.7565,0.652314,0.110545,1.201421,2.839217,-9.73390563094634,3.4322919978830604,-26.205652476098955,-0.089361,0.009838,-0.223306,0.970594,0.900075,-0.435238,0.020813,0.431721,0.884298,-0.17786,0.338326,1.212555,3.025289,-24.78385174659606,-14.341882897698694,1.24574669491566,-0.214232,-0.1196,-0.016252,0.969297,0.970864,0.019738,0.238818,0.08275,0.907681,-0.411422,F,BuildTutorial
29.05,0.237776,1.532257,2.71728,40.47158949842826,-2.614201401355759,1.7077388535579872,-0.345437,0.026554,-0.021868,-0.937811,0.997633,0.02267,0.064914,-0.059361,0.760391,0.646748,0.106849,1.201483,2.836844,-9.696302746608891,2.891676767069485,-26.351070380773063,-0.087995,0.005222,-0.224971,0.97037,0.898722,-0.437529,0.029458,0.435691,0.88329,-0.173125,0.318051,1.20959,3.028255,-25.07446624787633,-17.367588582675516,1.8007173305537445,-0.216875,-0.143991,-0.017607,0.965361,0.957913,0.028461,0.285645,0.096451,0.905311,-0.413654,F,BuildTutorial
29.083,0.233291,1.533253,2.716783,40.19106643656867,-4.197256788275169,1.4479165519810822,-0.342894,0.038726,-0.024439,-0.938257,0.995806,0.019303,0.089431,-0.072419,0.763653,0.641553,0.102489,1.202147,2.834389,-9.785241100945845,2.167786757561117,-26.412129793980295,-0.087324,-0.001132,-0.22601,0.970202,0.897836,-0.438353,0.041669,0.438749,0.882588,-0.168933,0.300455,1.207879,3.030761,-25.66212644723889,-19.229111529242168,3.4590430453916476,-0.223773,-0.156166,-0.00806,0.962015,0.951094,0.054383,0.304076,0.0854,0.899722,-0.428028,F,BuildTutorial
29.116,0.228926,1.533933,2.716601,39.98445069561282,-5.571358996221414,1.366048784138112,-0.34092,0.049739,-0.027804,-0.938364,0.993506,0.018266,0.112304,-0.086094,0.766001,0.637048,0.097647,1.20309,2.831533,-9.952931421049604,1.2329567794461056,-26.380355835838696,-0.086899,-0.009357,-0.226402,0.970105,0.89731,-0.43764,0.057502,0.440893,0.882382,-0.164366,0.285854,1.206077,3.033908,-25.239710334665045,-19.787851680730753,2.498130470013339,-0.218836,-0.162942,-0.016576,0.961918,0.946351,0.039427,0.320728,0.103204,0.903672,-0.415603,F,BuildTutorial
29.15,0.224817,1.534294,2.716663,39.80536481360378,-6.657089002824596,1.41136832977892,-0.339151,0.058775,-0.031325,-0.938371,0.991128,0.018922,0.131554,-0.098656,0.767991,0.632817,0.092843,1.203557,2.828241,-10.016989050710931,0.2432421752717466,-26.294014559261377,-0.085496,-0.017798,-0.226401,0.970112,0.896852,-0.436224,0.073245,0.442311,0.882867,-0.157822,0.271908,1.204244,3.036186,-24.950217040145574,-21.02667028616524,0.9930967164501366,-0.213925,-0.176309,-0.031094,0.960304,0.935896,0.015714,0.351925,0.135154,0.906539,-0.399901,F,BuildTutorial
29.184,0.22085,1.534498,2.716912,39.728146612466,-7.537863432451381,1.5011494149704523,-0.338216,0.066258,-0.034627,-0.938094,0.988822,0.020149,0.147735,-0.109786,0.768822,0.629968,0.088537,1.20342,2.824572,-9.967263551249127,-0.6258717011755867,-26.167494910069145,-0.083383,-0.024965,-0.225978,0.970236,0.896622,-0.43434,0.086129,0.442667,0.883963,-0.15052,0.258461,1.202718,3.037075,-25.697340212546923,-23.067433726836487,2.4776174333413374,-0.22205,-0.190182,-0.0238,0.956012,0.926529,0.038953,0.374201,0.129966,0.900255,-0.415512,F,BuildTutorial
29.216,0.216901,1.534702,2.717347,39.586800268497946,-8.325463013917435,1.528635350407616,-0.336795,0.0728,-0.037097,-0.938026,0.986648,0.020558,0.161564,-0.118632,0.770386,0.626444,0.083185,1.203249,2.821792,-9.859140095942369,-1.5283029928979182,-26.029437283648377,-0.080724,-0.032296,-0.225465,0.970364,0.896245,-0.432352,0.099078,0.442781,0.885298,-0.142101,0.247903,1.199807,3.039084,-25.352364652707017,-23.73991340520123,3.4812790340861905,-0.220745,-0.194062,-0.016115,0.955695,0.924161,0.054874,0.378042,0.116478,0.902024,-0.415674,F,BuildTutorial
29.25,0.212937,1.534959,2.718111,39.38027816878537,-8.820192389864665,1.7540431178859617,-0.334788,0.077532,-0.040274,-0.938234,0.984734,0.023659,0.172453,-0.127487,0.77259,0.621975,0.078207,1.202675,2.818718,-9.74352109375687,-2.471010598267707,-25.96886948405898,-0.077908,-0.040012,-0.225607,0.970274,0.895001,-0.431567,0.112798,0.444036,0.886063,-0.133131,0.24062,1.198401,3.041924,-25.35404315249285,-23.43079638206203,2.449190258726772,-0.219068,-0.193463,-0.024134,0.956033,0.923979,0.038618,0.380488,0.130908,0.902854,-0.409534,F,BuildTutorial
29.283,0.209055,1.535045,2.718775,39.35164063168441,-9.173183811999053,2.17397699327887,-0.334131,0.08165,-0.044725,-0.937918,0.982666,0.029332,0.18305,-0.13846,0.772712,0.619471,0.073668,1.201573,2.815362,-9.54282304543422,-3.384593691401234,-25.920481070709663,-0.074426,-0.047327,-0.225794,0.970174,0.893555,-0.431073,0.12544,0.445163,0.886956,-0.12304,0.234075,1.198864,3.044891,-26.042187116934823,-23.684742266478423,2.276108929652821,-0.224442,-0.195524,-0.02729,0.954281,0.922051,0.035683,0.385419,0.139852,0.897762,-0.41769,F,BuildTutorial
29.317,0.205327,1.534969,2.719494,39.369242281627656,-9.533919220302334,2.5971741136779984,-0.333818,0.085834,-0.04925,-0.937429,0.980414,0.035031,0.193807,-0.149642,0.77228,0.617407,0.068815,1.200312,2.812517,-9.265915743007916,-4.180109325263859,-25.89412597273553,-0.070522,-0.053512,-0.226041,0.970087,0.892084,-0.43101,0.135704,0.446105,0.887865,-0.112632,0.226625,1.200198,3.048625,-27.565341219537267,-25.08999107463513,5.0547831061322706,-0.241628,-0.200492,-0.009892,0.949379,0.91941,0.078106,0.385467,0.115672,0.883036,-0.454826,F,BuildTutorial
29.35,0.201708,1.53475,2.720457,39.39108300216988,-9.79700463030514,3.03274656348252,-0.333546,0.089253,-0.053592,-0.936968,0.978324,0.040888,0.203006,-0.159968,0.771751,0.615477,0.063872,1.198842,2.810524,-8.954953176068555,-4.912991666644031,-25.963756136505054,-0.066403,-0.059159,-0.227012,0.969823,0.889931,-0.432467,0.144896,0.44818,0.888112,-0.101939,0.22018,1.201171,3.054247,-28.963862461230296,-26.373725056439337,8.26232384340884,-0.25876,-0.202765,0.011011,0.944356,0.91753,0.125732,0.377267,0.084138,0.865844,-0.493188,F,BuildTutorial
29.383,0.198532,1.534399,2.721376,39.46301195967959,-9.949228149859383,3.471068381965928,-0.333715,0.091772,-0.057663,-0.936423,0.976506,0.046744,0.21036,-0.169246,0.770618,0.614413,0.060126,1.196985,2.808477,-8.58685031495808,-5.475810702247899,-26.114373887063778,-0.062084,-0.063296,-0.228516,0.969495,0.887548,-0.43523,0.151105,0.450949,0.887852,-0.091451,0.215523,1.201209,3.061741,-30.149562681430996,-27.18947371976575,11.664215604877072,-0.274547,-0.200102,0.034552,0.939888,0.917531,0.174826,0.357175,0.044924,0.84686,-0.529915,F,BuildTutorial
29.417,0.195361,1.534149,2.722512,39.53928995482523,-10.137791650763496,3.718059838761359,-0.334042,0.094032,-0.060278,-0.935917,0.975049,0.050009,0.216284,-0.175652,0.769565,0.613935,0.057208,1.19544,2.806989,-8.28367358021905,-5.788799414966822,-26.172790696083027,-0.058857,-0.065388,-0.229093,0.969421,0.886482,-0.436477,0.153745,0.451871,0.888105,-0.084154,0.212719,1.201764,3.069572,-31.85334431665649,-27.509522772463335,14.39404919338805,-0.293082,-0.193446,0.052287,0.934852,0.919689,0.211152,0.331038,0.01563,0.822739,-0.568205,F,BuildTutorial
29.45,0.192475,1.533869,2.724052,39.57466043262964,-10.22503672286338,3.971596780039364,-0.334075,0.095484,-0.062625,-0.935604,0.973922,0.053386,0.220513,-0.180981,0.768944,0.613165,0.055179,1.194186,2.80589,-8.046159671401746,-5.949086905996602,-26.3088497525632,-0.056445,-0.066351,-0.230255,0.969224,0.88516,-0.438847,0.154611,0.453828,0.887593,-0.07886,0.209188,1.202453,3.075138,-33.64766863391362,-28.88077400290065,15.97156671813965,-0.31073,-0.197445,0.057304,0.927997,0.915464,0.22906,0.330844,0.016348,0.800326,-0.599342,F,BuildTutorial
29.484,0.189983,1.533526,2.725565,39.5881101633392,-10.030123901339008,4.372221895524112,-0.333961,0.095061,-0.065336,-0.935503,0.973389,0.05875,0.221499,-0.185737,0.768403,0.61242,0.053833,1.193267,2.805031,-7.862557268999309,-5.945483913811752,-26.334179384977713,-0.054882,-0.065975,-0.230412,0.969302,0.885115,-0.439436,0.15319,0.453919,0.887797,-0.075991,0.204706,1.199687,3.081676,-33.309789837482285,-30.37262391861841,19.05994969917707,-0.314332,-0.201711,0.079036,0.924263,0.906132,0.272907,0.323181,-0.019291,0.789898,-0.612935,F,BuildTutorial
29.517,0.18789,1.533082,2.727032,39.662884944470555,-9.806385545755838,4.865978391654193,-0.334295,0.09468,-0.068758,-0.935177,0.972616,0.0653,0.223057,-0.191905,0.767039,0.612229,0.052704,1.192943,2.80446,-7.766666331791531,-5.898071047693152,-26.290042307435005,-0.05419,-0.065366,-0.229987,0.969483,0.885667,-0.438852,0.151669,0.453021,0.888339,-0.075006,0.202214,1.196542,3.089218,-32.55988997074878,-30.202189831396932,20.113386927928477,-0.310161,-0.198973,0.089922,0.92527,0.904648,0.289831,0.312428,-0.042976,0.791429,-0.609749,F,BuildTutorial
29.55,0.186063,1.532683,2.728527,39.742806536947526,-9.451882970281927,5.301202916290548,-0.334809,0.093067,-0.071319,-0.934963,0.972504,0.071042,0.221786,-0.195681,0.765633,0.612793,0.050917,1.193269,2.804646,-7.830027677141098,-6.056452149685422,-26.133851027887836,-0.0545,-0.066755,-0.22876,0.969661,0.886425,-0.436363,0.154395,0.450916,0.889397,-0.075152,0.202652,1.197024,3.095267,-33.52147153805849,-29.060852175780337,17.806678987696195,-0.312969,-0.194137,0.071973,0.92692,0.914262,0.254944,0.314849,-0.011908,0.793741,-0.608139,F,BuildTutorial
29.584,0.184663,1.532144,2.729883,39.853163554039526,-9.0245739384456,5.791643769736704,-0.335589,0.091033,-0.074127,-0.934665,0.972436,0.077468,0.219924,-0.199667,0.763771,0.61383,0.049256,1.193527,2.804744,-7.893912450237187,-6.263689666498384,-26.106534261529916,-0.054644,-0.068619,-0.228648,0.969549,0.886023,-0.435872,0.158049,0.450871,0.889468,-0.074581,0.201938,1.19412,3.102153,-33.020725129579496,-29.16834748495301,17.847024101050014,-0.309151,-0.195836,0.073235,0.927745,0.91257,0.256973,0.31809,-0.014801,0.798124,-0.602311,F,BuildTutorial
29.617,0.18361,1.531597,2.731144,39.982301851405325,-8.705860466172153,6.193491273142152,-0.336538,0.089638,-0.076531,-0.934265,0.972216,0.082668,0.219002,-0.203334,0.761771,0.61511,0.047937,1.193726,2.804727,-7.93011164224481,-6.424061757742964,-26.147015883118815,-0.054606,-0.070065,-0.229079,0.969346,0.885227,-0.436462,0.160853,0.451766,0.889082,-0.073763,0.200108,1.186928,3.109919,-31.201849692607727,-30.285906605601873,20.61412840385171,-0.300426,-0.201096,0.097228,0.927282,0.900214,0.301144,0.314527,-0.059485,0.800582,-0.596263,F,BuildTutorial
29.65,0.18289,1.531175,2.732345,40.095528264676446,-8.33843314351266,6.488688345621877,-0.337483,0.087537,-0.077907,-0.934009,0.972535,0.086448,0.216106,-0.204617,0.760071,0.616785,0.047036,1.19387,2.80454,-8.006771532378014,-6.571839602818439,-26.030106304649717,-0.055033,-0.071407,-0.228187,0.969434,0.885663,-0.434566,0.163565,0.450285,0.889804,-0.074113,0.199242,1.178017,3.115742,-31.326434882708533,-31.96163549429801,24.10810820736375,-0.309186,-0.205044,0.120617,0.920767,0.886817,0.348915,0.30301,-0.095327,0.779711,-0.618841,F,BuildTutorial
29.683,0.182442,1.530845,2.733331,40.15677538459612,-8.028708164485504,6.741272908357465,-0.338005,0.085773,-0.079078,-0.933886,0.972779,0.089716,0.213661,-0.205683,0.758999,0.61775,0.046048,1.193579,2.804595,-8.01671366867529,-6.751352943829078,-26.051675481522597,-0.054746,-0.072955,-0.228459,0.969271,0.884969,-0.434889,0.166441,0.450865,0.889619,-0.072794,0.198731,1.163758,3.122128,-30.081948149760823,-33.118309143269094,26.264827926053083,-0.304777,-0.211527,0.138291,0.918283,0.872265,0.382917,0.304187,-0.125043,0.775973,-0.618247,F,BuildTutorial
29.717,0.182277,1.530667,2.734304,40.19988943211994,-7.812908121956787,6.947452967036609,-0.338354,0.084635,-0.080138,-0.933773,0.97283,0.092388,0.212289,-0.206934,0.758188,0.618327,0.045115,1.192945,2.804766,-7.822646864730074,-6.85368278465389,-26.226809685755672,-0.052785,-0.073528,-0.229917,0.968992,0.883463,-0.437814,0.166769,0.453339,0.888703,-0.068486,0.199416,1.146975,3.128285,-28.01438230912344,-33.152910940463755,27.85232192305564,-0.291786,-0.212843,0.156786,0.919226,0.860232,0.412453,0.299805,-0.164035,0.780558,-0.603177,F,BuildTutorial
29.75,0.18215,1.5307,2.735669,40.14504651891009,-7.585773123618786,7.137440947105795,-0.337926,0.083328,-0.080996,-0.933971,0.972992,0.094979,0.210394,-0.207614,0.758492,0.617727,0.044634,1.192557,2.804561,-7.6153339006835745,-6.825640226597612,-26.403970975258556,-0.050972,-0.072968,-0.231325,0.968796,0.882329,-0.440775,0.164964,0.455652,0.887781,-0.065004,0.199927,1.132612,3.130435,-27.528726956840824,-33.69575620624174,28.46221856866847,-0.289933,-0.216889,0.161682,0.918018,0.853636,0.42262,0.304463,-0.171086,0.779596,-0.602461,F,BuildTutorial
29.783,0.182277,1.530652,2.737172,40.065665642324454,-7.354067776933711,7.338134632557089,-0.337297,0.082005,-0.081922,-0.934235,0.973128,0.097749,0.208489,-0.20839,0.759039,0.616793,0.04408,1.192715,2.80428,-7.483575760318435,-6.8479920245562225,-26.491783103636575,-0.049755,-0.072938,-0.232028,0.968694,0.881687,-0.442269,0.164398,0.456786,0.887375,-0.062548,0.2001,1.120365,3.131469,-27.293709432424137,-34.155190084605984,29.121701272009933,-0.290036,-0.219509,0.166477,0.916505,0.848203,0.432484,0.305793,-0.177823,0.77633,-0.604724,F,BuildTutorial
29.817,0.182679,1.530441,2.738701,40.046813489161494,-7.224357137908759,7.533504724214085,-0.337097,0.081516,-0.083127,-0.934244,0.97289,0.100363,0.208355,-0.210279,0.758912,0.616309,0.043208,1.193098,2.803971,-7.420940692063762,-6.996763421409596,-26.50610054211167,-0.048914,-0.074079,-0.232189,0.968611,0.881201,-0.442555,0.166223,0.457049,0.887391,-0.060355,0.19942,1.107553,3.133249,-25.58253640907419,-34.467075268498675,30.009975500047258,-0.279051,-0.224316,0.177786,0.916627,0.836149,0.451117,0.312005,-0.200736,0.781046,-0.591331,F,BuildTutorial
29.849,0.183223,1.530021,2.740116,40.143532537659915,-7.164388048231366,7.616936822643579,-0.337872,0.081307,-0.083661,-0.933934,0.97278,0.101325,0.208405,-0.21121,0.757687,0.617495,0.042443,1.193225,2.803699,-7.302030336027971,-7.086248337353899,-26.70214765480999,-0.047598,-0.074684,-0.233837,0.968234,0.879485,-0.445709,0.166883,0.459928,0.886109,-0.057244,0.197892,1.098975,3.133159,-25.241805752597894,-35.33089491094964,30.86281572498178,-0.279485,-0.230053,0.183496,0.913944,0.82681,0.464003,0.317941,-0.206818,0.776434,-0.595295,F,BuildTutorial
29.882,0.183885,1.529302,2.741388,40.390066806287216,-7.144444951908646,7.566265263500408,-0.339937,0.081082,-0.083266,-0.933239,0.972985,0.100289,0.207948,-0.21054,0.75502,0.620982,0.041794,1.193048,2.803464,-7.099271315993536,-7.2424188610603935,-26.824694455507956,-0.045482,-0.075652,-0.234854,0.968014,0.878241,-0.447803,0.167828,0.461566,0.88555,-0.05252,0.197175,1.092735,3.132684,-25.60782821245106,-35.8128225048827,31.39189391994207,-0.284127,-0.231588,0.185429,0.911732,0.823966,0.469724,0.316921,-0.206523,0.769776,-0.603981,F,BuildTutorial
29.916,0.18469,1.528638,2.742636,40.59068758555232,-7.115104074367443,7.473774066006336,-0.341662,0.080638,-0.082488,-0.932717,0.973387,0.098774,0.20679,-0.208978,0.752926,0.624044,0.041354,1.192831,2.803258,-6.943047454626477,-7.357976579249382,-26.896763293796752,-0.043875,-0.076346,-0.235443,0.967891,0.877476,-0.449067,0.168449,0.462466,0.885283,-0.048982,0.196706,1.088086,3.133148,-25.39396028223023,-35.76261792556113,32.17725122009634,-0.283994,-0.229838,0.192444,0.910762,0.82028,0.481086,0.30935,-0.219996,0.764626,-0.605764,F,BuildTutorial
29.951,0.18537,1.528136,2.743806,40.79742912613476,-7.101396109773247,7.375448203496839,-0.343428,0.080303,-0.081711,-0.932165,0.973749,0.09718,0.205836,-0.207493,0.750762,0.627139,0.040856,1.192501,2.803029,-6.804246125201548,-7.467162774061272,-26.96092758037464,-0.042433,-0.077016,-0.235967,0.967775,0.876777,-0.450189,0.169093,0.463261,0.885039,-0.045784,0.197573,1.087044,3.133925,-26.125236996416813,-34.93455266125363,31.51531915036133,-0.286897,-0.222857,0.187052,0.912709,0.830693,0.469322,0.299477,-0.213574,0.765404,-0.607078,F,BuildTutorial
29.983,0.185927,1.527659,2.744736,40.973490878428294,-7.084613941673174,7.219367281667403,-0.344985,0.079756,-0.080446,-0.931747,0.974335,0.094881,0.20413,-0.204939,0.749028,0.630045,0.040488,1.192286,2.80278,-6.660237602020022,-7.585138657891151,-27.10032037602691,-0.040877,-0.077775,-0.237124,0.967498,0.875447,-0.452475,0.169881,0.465192,0.884203,-0.042212,0.198477,1.086858,3.134322,-26.760476954981264,-34.55611383045431,31.630080849007303,-0.291353,-0.217788,0.187041,0.912523,0.835169,0.468264,0.288483,-0.214452,0.760259,-0.613202,F,BuildTutorial
30.016,0.186457,1.527183,2.745687,41.09897348456058,-7.057570088002567,7.182272266491438,-0.346053,0.079465,-0.080102,-0.931406,0.974538,0.094217,0.203468,-0.204214,0.747663,0.6319,0.04058,1.192216,2.802392,-6.6469496200319,-7.689071848667147,-27.08942146076903,-0.040557,-0.078622,-0.237063,0.967458,0.875239,-0.45232,0.171357,0.465075,0.884312,-0.041197,0.199252,1.086306,3.134583,-27.105539493544303,-34.617483367830005,32.33641467569826,-0.29542,-0.215497,0.191482,0.910836,0.833791,0.476142,0.27943,-0.221493,0.752124,-0.620686,F,BuildTutorial
30.05,0.186941,1.52684,2.746315,41.214181239454696,-6.990596569132208,7.161485716993772,-0.347053,0.078895,-0.079766,-0.931111,0.974826,0.093781,0.202287,-0.203304,0.746383,0.633703,0.040862,1.192205,2.802004,-6.610926526005037,-7.744269148990614,-27.201227251808906,-0.040061,-0.079055,-0.23801,0.967211,0.874204,-0.454077,0.171995,0.466745,0.883493,-0.039863,0.199913,1.084788,3.135157,-26.87775297187512,-34.54984844018235,32.570735893427354,-0.294013,-0.215005,0.194194,0.910834,0.832123,0.480185,0.277476,-0.227328,0.75169,-0.6191,F,BuildTutorial
30.083,0.187359,1.526538,2.746694,41.33688037065824,-7.007926864390861,7.146574403930397,-0.348051,0.07903,-0.079735,-0.93073,0.974793,0.09341,0.202615,-0.203436,0.745006,0.635279,0.041423,1.192355,2.8015,-6.607030264808793,-7.695058478631638,-27.21616056154982,-0.04012,-0.078637,-0.238117,0.967216,0.874233,-0.454312,0.171225,0.466931,0.883381,-0.040161,0.200483,1.084647,3.13431,-27.49325663303555,-35.280311791174,33.854354917428964,-0.302348,-0.215671,0.200627,0.906543,0.826469,0.49417,0.269712,-0.233339,0.736669,-0.634722,F,BuildTutorial
30.116,0.187669,1.526268,2.746943,41.41612241460617,-7.037005569816609,7.037990392114568,-0.348751,0.078961,-0.078966,-0.930539,0.975059,0.091886,0.202032,-0.202038,0.744274,0.636582,0.041736,1.192546,2.801375,-6.555656763383463,-7.609723433857394,-27.24395739335241,-0.039844,-0.077823,-0.238299,0.967249,0.874315,-0.454787,0.169538,0.46719,0.883252,-0.039989,0.201216,1.084718,3.133531,-27.796508518596664,-35.97071945114249,35.433209793809915,-0.308838,-0.215996,0.210316,0.902071,0.818226,0.512856,0.25978,-0.246025,0.720772,-0.648043,F,BuildTutorial
30.151,0.188049,1.526301,2.747109,41.391723680031106,-7.043882687525393,6.997814702727277,-0.348575,0.078887,-0.078653,-0.930637,0.975181,0.091398,0.201664,-0.201391,0.744618,0.636385,0.042001,1.19298,2.801047,-6.61964077716207,-7.617312529367203,-27.275224694592445,-0.040348,-0.078027,-0.238594,0.967139,0.87397,-0.45521,0.170178,0.467803,0.88289,-0.04081,0.202835,1.086018,3.13278,-28.199980041187672,-35.84420442417381,35.54353380362224,-0.311828,-0.213461,0.210277,0.901655,0.820436,0.51232,0.253796,-0.246068,0.717094,-0.652094,F,BuildTutorial
30.183,0.188353,1.526344,2.747074,41.43654061785104,-7.109715733585913,6.954643493324221,-0.348925,0.079304,-0.078517,-0.930483,0.975092,0.090775,0.202375,-0.20146,0.744173,0.636883,0.042131,1.193207,2.800677,-6.666320981056654,-7.68326517836535,-27.19417376110396,-0.040661,-0.078649,-0.237954,0.967233,0.874384,-0.453918,0.171495,0.46671,0.883449,-0.041227,0.204685,1.086995,3.132024,-28.37626606804869,-35.316315497370496,35.092057664495016,-0.31135,-0.209991,0.207614,0.903251,0.8256,0.505817,0.250068,-0.244294,0.719915,-0.649648,F,BuildTutorial
30.216,0.188706,1.526353,2.746976,41.41957762765537,-7.2030499533026475,6.846322716635754,-0.348798,0.079727,-0.077916,-0.930544,0.975145,0.089392,0.202733,-0.200626,0.744539,0.636719,0.041935,1.19323,2.800793,-6.657484274670635,-7.784644081970967,-27.14621282622536,-0.040409,-0.07947,-0.237581,0.967268,0.87448,-0.453187,0.172938,0.466032,0.883845,-0.040412,0.205283,1.086858,3.13023,-28.55997833516346,-35.942356513925176,36.12247767996761,-0.315767,-0.21153,0.213441,0.899994,0.819397,0.517779,0.245957,-0.250602,0.709469,-0.658675,F,BuildTutorial
30.249,0.189037,1.526469,2.746862,41.39213119798676,-7.196993201856883,6.749105347575861,-0.348646,0.079374,-0.077099,-0.930699,0.975511,0.088166,0.201507,-0.19886,0.745003,0.63673,0.041788,1.193095,2.801127,-6.640476211155454,-7.778949843192417,-27.186581094989467,-0.040249,-0.079402,-0.237912,0.967199,0.874186,-0.453825,0.172746,0.466609,0.883556,-0.040076,0.205469,1.087537,3.127008,-29.403568226839266,-37.28452492699814,38.01578495031425,-0.328064,-0.214012,0.221804,0.892959,0.810004,0.536543,0.236677,-0.255704,0.686354,-0.680833,F,BuildTutorial
30.283,0.189387,1.526577,2.746722,41.33972507925075,-7.162928322167633,6.743421517020515,-0.348246,0.079065,-0.076932,-0.930889,0.97566,0.088162,0.200784,-0.198298,0.745612,0.636192,0.042123,1.192849,2.801313,-6.5973731068676456,-7.705352393373701,-27.149084091390183,-0.040063,-0.078681,-0.23755,0.967354,0.874759,-0.453286,0.171259,0.465895,0.88393,-0.040128,0.205643,1.087558,3.124433,-29.690216721035473,-38.1797100838935,39.062468762458195,-0.333876,-0.216999,0.226419,0.888917,0.803292,0.547436,0.234596,-0.257633,0.674523,-0.691841,F,BuildTutorial
30.316,0.189629,1.526685,2.74672,41.28105369089237,-7.123443561352294,6.7647223743254665,-0.34778,0.078792,-0.076966,-0.931084,0.975736,0.088519,0.200258,-0.198127,0.746252,0.635495,0.042609,1.192611,2.801589,-6.544392337652698,-7.613807973374418,-27.195707243876573,-0.039773,-0.077818,-0.237888,0.967353,0.874707,-0.454054,0.169478,0.466434,0.883655,-0.039926,0.2065,1.087639,3.12235,-30.193474630309797,-38.50719121263855,39.985408423930295,-0.339915,-0.215116,0.23093,0.88592,0.800794,0.555412,0.224158,-0.262929,0.662259,-0.701627,F,BuildTutorial
30.349,0.189812,1.526668,2.746738,41.30457544880255,-7.058477062000895,6.811818277335052,-0.347983,0.078414,-0.077159,-0.931024,0.975795,0.089101,0.199711,-0.198248,0.745909,0.63586,0.043206,1.192585,2.801867,-6.576186687063657,-7.47965976780714,-27.217142040119857,-0.040306,-0.076757,-0.238036,0.967379,0.874894,-0.454354,0.167696,0.46673,0.883429,-0.041441,0.207469,1.088005,3.120562,-31.062671713892104,-38.83828090203925,41.25537664360424,-0.349195,-0.210833,0.236802,0.881781,0.798948,0.564859,0.206437,-0.270371,0.643976,-0.715678,F,BuildTutorial
30.383,0.190016,1.526623,2.746866,41.29043447006587,-6.9614747857397505,6.924928159008699,-0.347856,0.077965,-0.077779,-0.931057,0.975744,0.090592,0.199292,-0.199075,0.745893,0.63562,0.043707,1.192907,2.802311,-6.612123970466448,-7.379968350672263,-27.164400630657727,-0.040852,-0.075969,-0.237571,0.967533,0.875577,-0.453509,0.166415,0.465923,0.883782,-0.042955,0.20873,1.088193,3.120193,-31.60674161820371,-38.64428009830951,42.0135313931155,-0.354046,-0.205085,0.241378,0.879959,0.799354,0.570024,0.190016,-0.279586,0.632776,-0.722098,F,BuildTutorial
30.416,0.190196,1.52656,2.746974,41.30836238465563,-6.892648225119422,7.063454677694819,-0.347955,0.077832,-0.078701,-0.930954,0.975497,0.092371,0.199685,-0.200699,0.745467,0.63561,0.043914,1.193449,2.803048,-6.6878763453061705,-7.245392819391965,-27.101354293663352,-0.041813,-0.074962,-0.237022,0.967705,0.876402,-0.452466,0.164903,0.465004,0.884144,-0.04539,0.210176,1.088444,3.120059,-32.219589217605126,-38.378576870821874,42.5860167509388,-0.358845,-0.199062,0.244515,0.878532,0.801174,0.572492,0.174278,-0.286763,0.622887,-0.727859,F,BuildTutorial
30.45,0.190224,1.526557,2.747112,41.312658015564466,-6.894703104121335,7.077907596468056,-0.347979,0.077894,-0.078826,-0.93093,0.975438,0.092551,0.199887,-0.200973,0.745394,0.635608,0.044809,1.193807,2.803161,-6.76316013959321,-7.1347823179530145,-27.02364395167214,-0.042729,-0.07415,-0.236356,0.967891,0.877276,-0.451196,0.163736,0.463869,0.884621,-0.047663,0.211141,1.088675,3.11984,-32.8331829021671,-38.50487627283583,43.7437551660003,-0.365436,-0.194125,0.25088,0.875118,0.798749,0.58098,0.156403,-0.297219,0.607031,-0.737003,F,BuildTutorial
30.483,0.190203,1.526545,2.74722,41.30202906844944,-6.8756433209900285,7.066475126698284,-0.347913,0.077701,-0.078672,-0.930983,0.975547,0.092418,0.199419,-0.200551,0.745535,0.635576,0.045687,1.193917,2.803098,-6.7853126660176,-7.037295755651189,-26.968196263440532,-0.043153,-0.07335,-0.23586,0.968054,0.87798,-0.45032,0.16237,0.462981,0.885016,-0.048949,0.210518,1.088053,3.118825,-33.13729039772768,-39.882834945066634,46.24850073703316,-0.37491,-0.195357,0.264407,0.866815,0.783849,0.604866,0.140418,-0.311902,0.579063,-0.753262,F,BuildTutorial
30.516,0.190379,1.526448,2.747099,41.37007884326512,-6.870893908266877,7.06315715195256,-0.348473,0.077674,-0.078651,-0.930778,0.975562,0.092279,0.199409,-0.200548,0.744761,0.636484,0.045992,1.194135,2.803337,-6.852008680724902,-6.980410231881908,-26.85435599798285,-0.043907,-0.072959,-0.234903,0.968282,0.878995,-0.448498,0.161917,0.461311,0.885786,-0.050752,0.210516,1.087329,3.118115,-33.21842198996954,-40.29959594640639,46.78422607612732,-0.37735,-0.196432,0.266798,0.864778,0.780467,0.609689,0.138387,-0.313195,0.572852,-0.757463,F,BuildTutorial
30.55,0.190505,1.526304,2.747117,41.38082724648228,-6.859864005474704,7.048427439822503,-0.348578,0.077543,-0.078501,-0.930762,0.97565,0.092072,0.199075,-0.200191,0.744662,0.636712,0.046131,1.194104,2.803588,-6.8189462675296735,-6.900868777056513,-26.851448448072297,-0.043792,-0.07222,-0.234835,0.968359,0.879273,-0.448484,0.160438,0.461135,0.885869,-0.050894,0.21041,1.087074,3.117885,-33.64718789976422,-40.49705901689062,46.58133886817319,-0.380399,-0.196919,0.263078,0.864471,0.784026,0.604662,0.140312,-0.305031,0.572173,-0.761298,F,BuildTutorial
30.583,0.190648,1.526197,2.747095,41.44366390008028,-6.797427994521957,7.107221506088481,-0.349093,0.077235,-0.078807,-0.930569,0.975649,0.092746,0.198767,-0.200595,0.743847,0.637537,0.046125,1.194015,2.80378,-6.781644666111249,-6.855653278495625,-26.84965083834636,-0.04357,-0.071763,-0.234788,0.968414,0.879449,-0.44849,0.159453,0.460997,0.885953,-0.050689,0.210025,1.086345,3.118344,-33.61133954649492,-40.53103890939123,47.25455028533165,-0.381384,-0.195078,0.268168,0.862889,0.780061,0.611597,0.132112,-0.313998,0.565265,-0.762811,F,BuildTutorial
30.616,0.190777,1.526109,2.747325,41.43688329507854,-6.748351165687364,7.2003702061381585,-0.349009,0.077118,-0.079412,-0.930559,0.975493,0.093965,0.198956,-0.201624,0.743773,0.637299,0.046166,1.194053,2.803883,-6.728686056080783,-6.79223045401591,-26.842596079865977,-0.043256,-0.071119,-0.234684,0.968501,0.879731,-0.448432,0.15806,0.460737,0.886104,-0.050406,0.209285,1.085579,3.118595,-33.46605037452143,-40.786833207238246,46.95763397327384,-0.380477,-0.198563,0.265605,0.863287,0.780054,0.609683,0.140721,-0.307488,0.569383,-0.7624,F,BuildTutorial
30.65,0.190968,1.526002,2.747437,41.43324332240653,-6.657300711501434,7.261987938668402,-0.349001,0.076565,-0.079634,-0.930588,0.975592,0.09477,0.198086,-0.201655,0.743714,0.637358,0.046458,1.193833,2.80357,-6.7250106047558225,-6.832258431819212,-26.789510901148997,-0.043176,-0.07143,-0.234249,0.968587,0.88005,-0.447614,0.158601,0.45995,0.886526,-0.050175,0.208428,1.08545,3.117943,-34.08034312634011,-41.52591226155655,48.09525384825719,-0.388345,-0.197864,0.269436,0.858745,0.776508,0.616433,0.13056,-0.309075,0.553184,-0.773602,F,BuildTutorial
30.683,0.191057,1.525809,2.747591,41.498896001714265,-6.641170245432937,7.274048354131235,-0.349539,0.076493,-0.079701,-0.930387,0.975593,0.094832,0.198054,-0.201781,0.742941,0.638219,0.046432,1.193814,2.803534,-6.671378179425836,-6.812061530986027,-26.830111165182295,-0.042738,-0.071168,-0.234564,0.96855,0.87983,-0.44829,0.157908,0.460456,0.886307,-0.049401,0.207647,1.084818,3.11816,-33.930131842491164,-41.70590086757691,47.98275749397755,-0.387557,-0.200195,0.268536,0.858842,0.77562,0.616435,0.135725,-0.306087,0.555376,-0.77322,F,BuildTutorial
30.716,0.19102,1.525592,2.747864,41.56411726360583,-6.706947057998742,7.197810594966367,-0.350075,0.076816,-0.079301,-0.930192,0.975621,0.093748,0.198431,-0.201314,0.742317,0.639092,0.046403,1.193927,2.803213,-6.665173626210355,-6.818436708847946,-26.85010589372187,-0.04266,-0.071217,-0.234733,0.968509,0.879657,-0.448606,0.157977,0.460758,0.886161,-0.049199,0.207062,1.083927,3.119036,-33.46227970038998,-41.452604218282325,48.02295931606042,-0.383864,-0.20003,0.271407,0.859636,0.772653,0.620191,0.135539,-0.313055,0.557973,-0.768546,F,BuildTutorial
30.75,0.191022,1.525487,2.748217,41.58821291217793,-6.658660837249532,7.152322850285198,-0.350335,0.076293,-0.078791,-0.930181,0.975943,0.093123,0.197139,-0.200035,0.742115,0.639727,0.046551,1.194023,2.802583,-6.699091297089566,-6.869830856114551,-26.805111663868757,-0.04287,-0.071702,-0.234385,0.968548,0.879846,-0.447878,0.158989,0.460173,0.886452,-0.049431,0.207654,1.085877,3.118192,-34.572582197135404,-41.237680853697455,47.94523344252248,-0.390738,-0.194242,0.267484,0.859096,0.781445,0.611384,0.124713,-0.307794,0.551553,-0.775276,F,BuildTutorial
30.783,0.191118,1.525404,2.748532,41.56748589629969,-6.592242903120749,7.147735336774369,-0.350215,0.075733,-0.078545,-0.930293,0.97619,0.093093,0.195924,-0.199185,0.74236,0.639709,0.045928,1.194267,2.802523,-6.719767778881351,-6.979422111704047,-26.782846015050012,-0.042835,-0.072661,-0.234246,0.968512,0.879698,-0.447515,0.160815,0.459965,0.886588,-0.048931,0.20807,1.087109,3.118458,-34.78137922634423,-40.70701369345378,47.31985464951046,-0.389869,-0.191557,0.263835,0.86122,0.787394,0.603804,0.124224,-0.305076,0.556788,-0.772604,F,BuildTutorial
30.816,0.19122,1.525199,2.748679,41.65470938437876,-6.615484977522898,7.20476765935189,-0.350871,0.076125,-0.079103,-0.929966,0.975895,0.093707,0.197099,-0.200548,0.741264,0.640553,0.04538,1.194394,2.802476,-6.6667243046407565,-7.048212771885803,-26.817736136117265,-0.042223,-0.07315,-0.234545,0.968429,0.879275,-0.448103,0.161488,0.460458,0.886412,-0.047465,0.208209,1.088487,3.117661,-34.487281652809465,-40.86572187440285,47.683860671347865,-0.388852,-0.192681,0.2671,0.860422,0.783063,0.609487,0.123849,-0.30979,0.554904,-0.772083,F,BuildTutorial
30.849,0.191102,1.525085,2.748935,41.78691847428543,-6.537528831772804,7.242008378583112,-0.351976,0.075651,-0.079202,-0.929579,0.976008,0.093995,0.196402,-0.200504,0.73968,0.642395,0.044627,1.194794,2.802506,-6.654325134867283,-7.073021666961632,-26.93216321066472,-0.041994,-0.073377,-0.235516,0.968186,0.878297,-0.449883,0.161866,0.462209,0.885538,-0.046753,0.209661,1.094422,3.113937,-35.83527232504691,-41.02216686381473,47.97290934978568,-0.398794,-0.187466,0.263795,0.85804,0.790537,0.602214,0.111306,-0.303174,0.542751,-0.783267,F,BuildTutorial
30.883,0.19086,1.525027,2.749281,41.762438461565445,-6.447410586352373,7.203706234482203,-0.351864,0.074794,-0.078608,-0.929741,0.976453,0.093536,0.194398,-0.198806,0.740024,0.642526,0.044003,1.195546,2.802357,-6.744064362665917,-7.1978149633317186,-26.88295305164061,-0.042529,-0.074592,-0.235183,0.968151,0.87825,-0.44904,0.164436,0.46173,0.885761,-0.047263,0.213626,1.105514,3.108908,-37.8860320143792,-39.79313394726231,46.12741302088675,-0.406954,-0.17658,0.246772,0.861575,0.815847,0.568945,0.103424,-0.281505,0.546984,-0.788393,F,BuildTutorial
30.916,0.190503,1.525142,2.74983,41.707745119807896,-6.4057562047969805,7.132127816127891,-0.351494,0.074218,-0.077885,-0.929988,0.976851,0.092691,0.192796,-0.197039,0.740771,0.64221,0.043114,1.196565,2.802182,-6.924781530011602,-7.322609676637741,-26.896903513977037,-0.043793,-0.076011,-0.235423,0.967926,0.877597,-0.449086,0.167766,0.462401,0.885317,-0.048987,0.221411,1.123058,3.103057,-40.46921486698702,-36.042093237980474,41.0113847015332,-0.409741,-0.156668,0.212338,0.873201,0.860736,0.499214,0.099599,-0.242441,0.574051,-0.782105,F,BuildTutorial
30.949,0.190292,1.525372,2.750312,41.60239571957598,-6.332361596872775,7.064165668894643,-0.35073,0.073379,-0.077081,-0.93041,0.977348,0.091962,0.190616,-0.194907,0.742093,0.641334,0.042242,1.197482,2.801814,-7.058474695416554,-7.580283601548325,-26.822023086739073,-0.044446,-0.078424,-0.234947,0.96782,0.8773,-0.447801,0.172685,0.461743,0.885649,-0.04918,0.235863,1.146971,3.094108,-45.65078204245806,-29.016256010372743,33.06327896044479,-0.425731,-0.114493,0.160735,0.883068,0.922112,0.381366,0.065351,-0.186393,0.585835,-0.788705,F,BuildTutorial
30.983,0.190093,1.525849,2.750664,41.44393833566797,-6.245002791951196,6.98914583204504,-0.349546,0.072388,-0.076164,-0.931009,0.977918,0.091214,0.188033,-0.192425,0.744034,0.639833,0.040727,1.198521,2.801885,-7.278356333277112,-7.985389948648574,-26.63863444260505,-0.045607,-0.082207,-0.233656,0.967764,0.877294,-0.444748,0.180426,0.459745,0.88665,-0.049858,0.254527,1.172401,3.083891,-49.901767140834785,-20.23830585063791,23.316190256838855,-0.438902,-0.072096,0.107775,0.88913,0.966374,0.254937,0.0336,-0.128365,0.591499,-0.796022,F,BuildTutorial
31.016,0.190073,1.526258,2.750518,41.38406099964668,-6.172002279950362,6.8857580102440314,-0.349171,0.07146,-0.075086,-0.931308,0.978511,0.089952,0.185538,-0.189759,0.744883,0.639641,0.039528,1.199467,2.802317,-7.498434563785284,-8.256434946504244,-26.620280949177175,-0.04693,-0.08492,-0.233714,0.967452,0.876333,-0.444244,0.186249,0.460185,0.886351,-0.051111,0.271124,1.194226,3.07344,-52.00011116688342,-14.371910889646648,15.438258268660746,-0.446089,-0.052993,0.065436,0.891019,0.98582,0.163888,0.036054,-0.069331,0.593445,-0.801883,F,BuildTutorial
31.05,0.190242,1.526458,2.74974,41.46104036462877,-6.148213250259535,6.835432634230577,-0.349845,0.071138,-0.074624,-0.931117,0.978741,0.089192,0.18469,-0.188742,0.74408,0.640875,0.038918,1.200159,2.803261,-7.836965171985141,-8.38523570684901,-26.504409129934434,-0.049619,-0.08662,-0.232953,0.967351,0.87646,-0.442099,0.190701,0.459291,0.886542,-0.055642,0.287484,1.211767,3.062052,-53.41689337269881,-10.685946920079193,10.299865353434392,-0.453158,-0.042678,0.038154,0.88959,0.993446,0.106562,0.041353,-0.029202,0.586385,-0.809506,F,BuildTutorial
31.082,0.190675,1.526649,2.748882,41.497282870187526,-5.9914838591342505,6.809191998879676,-0.350258,0.069796,-0.073941,-0.931118,0.979322,0.088802,0.181774,-0.186589,0.743704,0.641941,0.039086,1.20031,2.804794,-8.167632369474084,-8.25628758915786,-26.338246597757575,-0.052804,-0.086099,-0.23165,0.967542,0.877851,-0.439169,0.191073,0.457354,0.8871,-0.06229,0.301009,1.222593,3.051099,-53.32894449953802,-7.34103618156239,6.099929981956887,-0.450254,-0.033301,0.018762,0.892082,0.997078,0.063463,0.042519,-0.003487,0.593839,-0.804576,F,BuildTutorial
31.115,0.191338,1.526697,2.747594,41.577786708775854,-5.686578182211263,6.85035760977329,-0.351085,0.067471,-0.073361,-0.931024,0.980132,0.089225,0.177145,-0.183977,0.742715,0.643838,0.040376,1.199795,2.807024,-8.158241127943848,-7.787944031839362,-26.51645922533477,-0.053543,-0.082209,-0.232933,0.967531,0.877967,-0.441937,0.184024,0.459544,0.88575,-0.06531,0.307332,1.222008,3.046282,-47.521979930811504,-7.81672652991912,2.640963136695291,-0.403316,-0.053103,-0.006414,0.913496,0.994278,0.031115,0.102192,0.054553,0.674591,-0.736174,F,BuildTutorial
31.149,0.191865,1.526111,2.746158,41.8190801270473,-5.364651697466779,6.738588697375852,-0.353317,0.064593,-0.071514,-0.930527,0.981427,0.087449,0.170745,-0.178736,0.740106,0.648303,0.042267,1.199825,2.809494,-8.30504219995312,-7.242227644629294,-26.38883185048295,-0.055981,-0.077825,-0.231655,0.968063,0.880558,-0.4398,0.176615,0.457227,0.886404,-0.072329,0.307744,1.213683,3.041123,-39.82287977441342,-11.291995317120511,2.8845119178858845,-0.341136,-0.083941,-0.009945,0.936206,0.98571,0.03865,0.163957,0.075891,0.767055,-0.637077,F,BuildTutorial
31.182,0.192777,1.525278,2.744654,42.25478611034495,-4.840429583785592,6.86872716670545,-0.357115,0.060892,-0.071022,-0.929364,0.982496,0.08852,0.163908,-0.175502,0.734849,0.65513,0.044847,1.200688,2.811989,-8.766360656832605,-6.638687060190768,-26.29284299940692,-0.061168,-0.073572,-0.230704,0.968309,0.882726,-0.437785,0.170704,0.455786,0.886068,-0.084513,0.306848,1.2079,3.027116,-38.46651023200654,-16.05563682099592,6.7086223798718665,-0.333343,-0.112548,0.008778,0.936023,0.974512,0.091467,0.204842,0.058601,0.777611,-0.626009,F,BuildTutorial
31.215,0.193543,1.524208,2.743199,42.79364066488661,-4.377106894475499,6.917448055262837,-0.36175,0.057485,-0.070037,-0.927862,0.983581,0.088379,0.157348,-0.17156,0.728463,0.663256,0.047701,1.202678,2.814642,-9.29767446986802,-5.966408879615177,-26.285587518056246,-0.067024,-0.068917,-0.230431,0.968328,0.884304,-0.437028,0.164358,0.455504,0.884818,-0.098041,0.308098,1.202579,3.010485,-38.923648037871914,-20.04369748006898,10.87336130757846,-0.342165,-0.132257,0.030249,0.929794,0.963186,0.146758,0.225242,0.034256,0.764017,-0.644287,F,BuildTutorial
31.249,0.194082,1.52349,2.741836,43.216601613101766,-4.132231055640079,6.885318618759957,-0.365343,0.055558,-0.069046,-0.926645,0.984292,0.087367,0.153416,-0.168558,0.723515,0.669414,0.050775,1.205516,2.816777,-10.04978223746557,-5.336945342255686,-25.928103913284904,-0.074859,-0.064824,-0.227209,0.968798,0.888348,-0.430534,0.15962,0.449944,0.885545,-0.115589,0.314632,1.192839,3.0021,-35.35233285361122,-18.54330503574422,10.256633603913492,-0.312192,-0.126108,0.035329,0.940949,0.965698,0.145225,0.215263,0.012254,0.802576,-0.596424,F,BuildTutorial
31.282,0.194881,1.52282,2.74049,43.59619300636848,-4.066264106112273,6.71121345151157,-0.368539,0.054606,-0.067465,-0.925552,0.984933,0.084635,0.150809,-0.165134,0.719255,0.674836,0.05329,1.208076,2.819105,-10.682269338839731,-4.816635268582436,-25.525032276488623,-0.081463,-0.06135,-0.223572,0.969338,0.892503,-0.423439,0.155363,0.44343,0.886758,-0.130499,0.324691,1.18358,2.995975,-32.52744354737336,-14.586712721062009,6.344168926360517,-0.284111,-0.106311,0.017192,0.952724,0.976805,0.093167,0.192801,0.02765,0.83797,-0.545015,F,BuildTutorial
31.316,0.195664,1.521574,2.738832,44.242937020514,-4.078940388438046,6.280385037262042,-0.373962,0.053534,-0.064096,-0.923677,0.986052,0.078368,0.146834,-0.158446,0.712089,0.683977,0.056453,1.209197,2.820905,-11.006735508054966,-4.171782528869912,-25.393727371783857,-0.085534,-0.056409,-0.22204,0.969639,0.895033,-0.420947,0.147376,0.440246,0.886765,-0.140824,0.33208,1.176554,2.988497,-32.416129522586296,-12.167658450847156,5.434731694624341,-0.282067,-0.088498,0.015719,0.955175,0.983842,0.079954,0.160194,0.019896,0.840382,-0.54163,F,BuildTutorial
31.349,0.196703,1.520349,2.737203,44.923428590396036,-4.119368532059337,5.882485452877573,-0.379612,0.052762,-0.061102,-0.921617,0.986965,0.072567,0.143644,-0.152684,0.704323,0.693265,0.059434,1.209331,2.82295,-11.10156675209595,-3.423628894498651,-25.34039306328656,-0.087809,-0.050215,-0.221032,0.970007,0.897246,-0.419987,0.136235,0.437624,0.886869,-0.148151,0.330326,1.168017,2.980572,-31.416751225155583,-14.06684073560858,7.541389634519223,-0.275874,-0.099949,0.029751,0.95552,0.97825,0.112003,0.174591,-0.00171,0.846017,-0.533154,F,BuildTutorial
31.383,0.197794,1.519654,2.735828,45.31957932498006,-4.169291393543786,5.591835373885971,-0.382908,0.052308,-0.058981,-0.920417,0.98757,0.068517,0.14146,-0.148633,0.699806,0.698699,0.062694,1.208859,2.824771,-11.071161406999437,-2.4655251870916013,-25.515168533211604,-0.089332,-0.042182,-0.22177,0.970082,0.898077,-0.422734,0.121463,0.437807,0.885676,-0.154609,0.32209,1.158328,2.971603,-28.81259399516836,-18.134235734818215,8.091357985433321,-0.255844,-0.134922,0.028369,0.956836,0.961983,0.123326,0.24368,0.014749,0.867478,-0.497256,F,BuildTutorial
31.417,0.198819,1.5194,2.734795,45.338200122966335,-4.16800369572523,5.289545307226198,-0.383195,0.051292,-0.056551,-0.920507,0.988342,0.064801,0.13777,-0.143421,0.699927,0.699666,0.066347,1.208025,2.826162,-10.957480923471866,-1.452003368285301,-25.579167772534586,-0.090308,-0.033434,-0.221522,0.970389,0.899621,-0.423886,0.104899,0.435963,0.885545,-0.160455,0.309076,1.149687,2.961493,-27.0834670489401,-23.715311581071003,10.382946304188446,-0.246293,-0.178214,0.038175,0.951905,0.933565,0.160465,0.320481,0.015107,0.875765,-0.482502,F,BuildTutorial
31.451,0.199949,1.519323,2.733781,45.36130530691765,-4.031268186925071,5.112819931514254,-0.383525,0.049608,-0.054677,-0.920575,0.989099,0.062616,0.133275,-0.13872,0.699838,0.700702,0.069668,1.207331,2.827349,-10.766108273777512,-0.5213863131794325,-25.880739995077057,-0.090416,-0.025423,-0.223363,0.9702,0.898925,-0.428817,0.089721,0.438012,0.883868,-0.164086,0.299469,1.141988,2.953004,-26.28745401327228,-26.86602941068927,14.663922547482995,-0.248235,-0.196147,0.068481,0.946158,0.913673,0.22697,0.337174,-0.032207,0.867379,-0.496605,F,BuildTutorial
31.482,0.201067,1.519227,2.732599,45.45952268388299,-3.838446710478313,5.077922978706717,-0.384421,0.047966,-0.053763,-0.920342,0.989618,0.062082,0.129625,-0.135838,0.69866,0.702441,0.072183,1.207777,2.828508,-10.794118429357646,0.2093714886544702,-26.144617563332517,-0.092031,-0.019502,-0.22501,0.969804,0.897981,-0.432841,0.079243,0.440021,0.881802,-0.169728,0.293848,1.136319,2.947145,-25.41604565067249,-27.05150253584326,12.815463381552416,-0.238008,-0.202858,0.054721,0.948265,0.911709,0.200343,0.358678,-0.007216,0.880715,-0.473591,F,BuildTutorial
31.516,0.201807,1.519113,2.731756,45.47288539538659,-3.7465409962406686,4.952149344261886,-0.384623,0.046809,-0.052446,-0.920393,0.990117,0.060533,0.12651,-0.132549,0.698629,0.703099,0.074082,1.209245,2.828913,-11.11586559253714,0.6764015204544847,-25.99130699421376,-0.095691,-0.016055,-0.223259,0.969918,0.899796,-0.430013,0.073872,0.436158,0.881998,-0.178456,0.287749,1.132751,2.943444,-24.838245963638443,-26.472601390458244,9.72845282291266,-0.227555,-0.205053,0.031546,0.951408,0.913916,0.153348,0.375822,0.033296,0.894447,-0.445932,F,BuildTutorial
31.549,0.202328,1.518897,2.730836,45.524566287469405,-3.703289050396221,4.861408417936969,-0.385095,0.046169,-0.051578,-0.920277,0.990416,0.059374,0.124703,-0.130492,0.698082,0.704026,0.075758,1.210288,2.828943,-11.346157116135055,1.0816030784161914,-25.727332581111035,-0.098458,-0.01285,-0.220622,0.970292,0.902322,-0.425604,0.06838,0.430665,0.883264,-0.185396,0.278031,1.1286,2.93955,-24.154669666276337,-28.12800702882155,10.054804671735385,-0.223003,-0.218927,0.032475,0.949361,0.902033,0.159303,0.401198,0.035982,0.898431,-0.437639,F,BuildTutorial
31.582,0.20266,1.518584,2.729556,45.72558569915979,-3.676692774677372,4.773356818389794,-0.386758,0.045705,-0.050805,-0.919646,0.99066,0.058092,0.123364,-0.1288,0.695674,0.706716,0.07696,1.210318,2.829204,-11.2854688689,1.4660004077995608,-25.966420755150132,-0.098664,-0.009683,-0.222333,0.969918,0.900949,-0.429378,0.062655,0.433199,0.881668,-0.187086,0.265085,1.123062,2.935495,-22.65131214903638,-31.904195898794356,10.60648529112225,-0.212922,-0.250876,0.033395,0.943722,0.871892,0.169866,0.459293,0.043802,0.907098,-0.418634,F,BuildTutorial
31.616,0.202658,1.518308,2.728331,45.869441659125584,-3.685891338963225,4.719513913621604,-0.387931,0.045629,-0.050421,-0.919177,0.990752,0.05729,0.123001,-0.128093,0.693934,0.708553,0.078006,1.210429,2.828968,-11.310190897854044,1.7056689756910122,-26.111859803044865,-0.099328,-0.007829,-0.223349,0.969633,0.900108,-0.431577,0.059551,0.434687,0.880499,-0.189126,0.253733,1.118306,2.931834,-21.95849129118301,-34.03097749462809,9.319851217345963,-0.204853,-0.271529,0.020715,0.940148,0.851686,0.150196,0.502067,0.072297,0.915213,-0.396433,F,BuildTutorial
31.648,0.202487,1.518088,2.726947,45.963355181061296,-3.772997812085213,4.614189818285188,-0.388689,0.045991,-0.049883,-0.918868,0.990793,0.05592,0.123297,-0.127424,0.692866,0.709719,0.078561,1.210732,2.828335,-11.388517651297493,1.923670184006301,-26.017058619955428,-0.10042,-0.006056,-0.222331,0.969767,0.901065,-0.430001,0.056398,0.432434,0.88097,-0.192075,0.242176,1.111226,2.93118,-20.314440340944287,-34.36060701394427,5.838142466517985,-0.183069,-0.281793,-0.004132,0.941839,0.841151,0.095391,0.53232,0.110959,0.932937,-0.342515,F,BuildTutorial
31.682,0.202243,1.517999,2.725608,45.96241555009551,-3.875913498909756,4.452327756818374,-0.388702,0.046267,-0.048934,-0.918899,0.99093,0.053963,0.123072,-0.1259,0.693032,0.709828,0.078809,1.210875,2.827523,-11.415213444989604,2.2145102712518296,-26.06884361163787,-0.101208,-0.003693,-0.222504,0.969657,0.900957,-0.430758,0.052199,0.432253,0.880498,-0.194631,0.229233,1.099614,2.932204,-17.838156398025994,-34.58079458816102,4.51493067593745,-0.159484,-0.287562,-0.008889,0.944348,0.834458,0.074935,0.545953,0.108511,0.948972,-0.296105,F,BuildTutorial
31.716,0.201862,1.518098,2.724201,45.93053261302241,-3.9926130688991424,4.416148401980704,-0.388411,0.047074,-0.049035,-0.918976,0.990759,0.053556,0.124611,-0.126692,0.693465,0.709264,0.078748,1.210683,2.826864,-11.31769045411196,2.4753959235420666,-26.229347368518965,-0.100888,-0.001434,-0.223668,0.969429,0.899942,-0.43337,0.047911,0.433949,0.879589,-0.194966,0.21437,1.086424,2.930661,-16.732934033300484,-37.29728224939485,7.610448035562212,-0.158556,-0.306514,0.015787,0.938435,0.8116,0.126829,0.57028,0.067568,0.949222,-0.307266,F,BuildTutorial
31.749,0.201322,1.518567,2.723044,45.83130645600531,-4.062782323734091,4.41881822805156,-0.387583,0.047627,-0.049279,-0.919284,0.990606,0.053684,0.125766,-0.127522,0.694702,0.707904,0.078577,1.21053,2.825784,-11.192694205821285,2.572867308619331,-26.425465471500555,-0.100021,-0.000532,-0.225289,0.969144,0.898489,-0.436569,0.046099,0.436781,0.878481,-0.19363,0.202119,1.074083,2.928806,-15.625818357300444,-40.58235452152954,10.244122378882984,-0.157667,-0.330817,0.036006,0.929734,0.778527,0.17127,0.60379,0.037365,0.94769,-0.316999,F,BuildTutorial
31.782,0.200734,1.519129,2.722032,45.61920506119041,-4.172950468313681,4.424390840436114,-0.385829,0.04849,-0.049662,-0.919956,0.990365,0.053957,0.12754,-0.128792,0.69734,0.705075,0.077526,1.211316,2.824386,-11.284872958025792,2.459171359555353,-26.50960503627652,-0.100575,-0.001752,-0.226065,0.968905,0.897783,-0.437718,0.048868,0.438423,0.877559,-0.194103,0.194325,1.062621,2.929907,-14.280859730658728,-40.767341348922265,10.455843346163244,-0.147524,-0.333549,0.041635,0.930187,0.774023,0.175869,0.608242,0.020957,0.953007,-0.302224,F,BuildTutorial
31.816,0.200024,1.519451,2.721188,45.4839477341178,-4.285460663923971,4.402261341876235,-0.384702,0.049294,-0.04984,-0.920375,0.990172,0.053816,0.129084,-0.129669,0.699041,0.703226,0.075616,1.212602,2.823158,-11.469889456684886,2.1535917634223676,-26.37757791457876,-0.10154,-0.00459,-0.22515,0.969008,0.898573,-0.435411,0.054619,0.437276,0.877995,-0.194719,0.190564,1.054876,2.932654,-14.350924772462209,-39.189324460616355,10.189511470186329,-0.146758,-0.320973,0.041281,0.934738,0.790545,0.171384,0.587934,0.017037,0.953516,-0.30086,F,BuildTutorial
31.849,0.199198,1.519635,2.720534,45.405168955418986,-4.462947008565922,4.374959515642235,-0.384003,0.050614,-0.050202,-0.920576,0.989836,0.053557,0.131744,-0.131301,0.700043,0.701926,0.073212,1.213598,2.821608,-11.630261201386542,1.6573604733546667,-26.26536057633475,-0.101928,-0.009006,-0.224587,0.969067,0.898959,-0.433443,0.063238,0.437115,0.878343,-0.193504,0.188304,1.048974,2.93423,-14.072158651662308,-38.496220731217115,8.493332058072072,-0.139557,-0.317715,0.029114,0.937408,0.79642,0.143262,0.587531,0.034096,0.959352,-0.280144,F,BuildTutorial
31.882,0.198293,1.51962,2.71989,45.430076717471046,-4.639973108652314,4.441682524793571,-0.384095,0.052264,-0.051336,-0.920383,0.989266,0.054349,0.135641,-0.134646,0.699672,0.701662,0.07068,1.213851,2.819841,-11.6837441093545,1.1810542339844967,-26.418036800563005,-0.101428,-0.013275,-0.226284,0.968675,0.897239,-0.435698,0.071622,0.441084,0.877016,-0.190493,0.185285,1.046346,2.931792,-14.327881854281395,-40.52270498330992,9.940084358395502,-0.14632,-0.332172,0.037615,0.931041,0.776493,0.16725,0.607524,0.027165,0.954351,-0.29745,F,BuildTutorial
31.915,0.19736,1.519557,2.719336,45.46687823212695,-4.82749097536137,4.42311349476907,-0.384315,0.053714,-0.051823,-0.92018,0.988858,0.054086,0.138687,-0.13666,0.699232,0.701711,0.0675,1.21413,2.818578,-11.68809751075583,0.673644867590011,-26.455919683494336,-0.100456,-0.017606,-0.22705,0.968528,0.896277,-0.436271,0.07972,0.443346,0.876714,-0.186594,0.18436,1.046439,2.92935,-14.723346914450042,-41.189539553945615,11.013078953769208,-0.152866,-0.335737,0.044223,0.928416,0.77065,0.184761,0.609887,0.02053,0.949352,-0.313542,F,BuildTutorial
31.949,0.196104,1.519523,2.719292,45.46747240706219,-5.025710360251431,4.416034119812102,-0.384233,0.055282,-0.052431,-0.920087,0.98839,0.053999,0.14202,-0.138964,0.699233,0.701258,0.065322,1.213668,2.816691,-11.67313945370271,0.1664079204314168,-26.438313091337356,-0.099327,-0.021848,-0.227347,0.968489,0.895672,-0.436026,0.087483,0.444707,0.876895,-0.182459,0.186212,1.050318,2.928538,-15.204176841954496,-40.18679468779562,6.74370919076344,-0.144054,-0.332635,0.00938,0.931941,0.778532,0.113319,0.61729,0.078351,0.958321,-0.274741,F,BuildTutorial
31.983,0.194818,1.519426,2.719266,45.4761756933107,-5.230407679451349,4.469184423145989,-0.384182,0.057105,-0.053546,-0.919932,0.987744,0.054639,0.146209,-0.142395,0.699074,0.700728,0.062733,1.213019,2.815729,-11.58189046688587,-0.2896152762461806,-26.47939407230672,-0.097641,-0.025556,-0.228104,0.968391,0.894631,-0.436797,0.09404,0.446779,0.876869,-0.177451,0.189007,1.055194,2.92859,-16.285876025226184,-38.731350223765965,6.51799169381289,-0.152074,-0.320125,0.0062,0.935069,0.794963,0.108961,0.596793,0.08577,0.95367,-0.288369,F,BuildTutorial
32.015,0.193665,1.519279,2.719293,45.495573247023984,-5.360299145370492,4.638347425303283,-0.384191,0.058718,-0.055344,-0.919721,0.986979,0.056684,0.150534,-0.146919,0.698668,0.700198,0.0603,1.212068,2.814995,-11.403315640655586,-0.7940275757573265,-26.46567918318564,-0.09513,-0.029453,-0.228441,0.968451,0.893894,-0.436864,0.100511,0.448072,0.87753,-0.170801,0.192384,1.059032,2.929388,-16.85238381005513,-37.38061678124197,6.276696016877524,-0.155954,-0.308919,0.004413,0.938205,0.809099,0.104635,0.578283,0.088073,0.951318,-0.29536,F,BuildTutorial
32.049,0.192582,1.519022,2.719369,45.58621872484963,-5.421472328645939,4.799743375343246,-0.384806,0.059766,-0.056866,-0.919303,0.986389,0.058558,0.153651,-0.150551,0.697381,0.70071,0.05814,1.21114,2.81494,-11.24162143033234,-1.1944579125181782,-26.46937893444936,-0.092963,-0.03252,-0.228821,0.968474,0.893167,-0.437167,0.105533,0.44926,0.877998,-0.165182,0.19649,1.06219,2.929702,-17.24301847752195,-35.947802485777146,4.912116598801953,-0.155534,-0.298706,-0.005915,0.941567,0.821479,0.081779,0.564344,0.104057,0.951548,-0.289359,F,BuildTutorial
32.082,0.191518,1.518893,2.719483,45.70200044761257,-5.430829630062146,4.991531685997319,-0.385631,0.060507,-0.058463,-0.918809,0.985842,0.060766,0.156278,-0.154099,0.695741,0.701568,0.056803,1.21042,2.814973,-11.107168345490162,-1.374799421028468,-26.543160449551472,-0.091444,-0.033837,-0.229603,0.968388,0.892275,-0.438501,0.107527,0.450878,0.877841,-0.161567,0.201581,1.0672,2.930286,-18.37852421038637,-33.74531338479054,3.1499839465900696,-0.160639,-0.282212,-0.020369,0.945588,0.839883,0.052148,0.540257,0.129189,0.947561,-0.2923,F,BuildTutorial
32.115,0.190452,1.518866,2.719777,45.69236813629118,-5.462994629111729,5.083952922084396,-0.385488,0.061074,-0.05931,-0.918777,0.985505,0.061898,0.157954,-0.156072,0.695763,0.70111,0.056535,1.209913,2.814548,-11.106427903267418,-1.447807702488344,-26.484784714101828,-0.091309,-0.034406,-0.229168,0.968484,0.892596,-0.437609,0.108494,0.450175,0.878289,-0.161093,0.206952,1.072276,2.931375,-18.889113463589712,-31.25633312485512,0.8472073432487791,-0.159987,-0.264566,-0.037181,0.950277,0.857245,0.01399,0.514718,0.155318,0.946044,-0.28439,F,BuildTutorial
32.149,0.189709,1.51893,2.720146,45.65175728652031,-5.493529720744681,5.238693782286662,-0.385063,0.061831,-0.060644,-0.918818,0.984999,0.063823,0.160326,-0.159058,0.696097,0.700106,0.056423,1.210049,2.814602,-11.174137251634331,-1.462172457654064,-26.39822165364409,-0.091879,-0.034592,-0.228442,0.968595,0.893235,-0.436179,0.108989,0.448892,0.878745,-0.162183,0.210368,1.077286,2.93148,-19.192294626523424,-30.15193645434911,-0.1281571808854831,-0.160678,-0.25664,-0.044424,0.952022,0.864324,-0.002113,0.50293,0.167059,0.944418,-0.283135,F,BuildTutorial
32.182,0.189008,1.519197,2.720721,45.54558024218056,-5.475594476411263,5.308088442728934,-0.384182,0.061898,-0.061116,-0.919151,0.984867,0.06479,0.160746,-0.159909,0.697338,0.698676,0.056286,1.210591,2.815302,-11.199123021404189,-1.388148283312073,-26.283193956799884,-0.092272,-0.033923,-0.227408,0.968825,0.89427,-0.434376,0.107697,0.446896,0.879543,-0.163363,0.212954,1.084735,2.929975,-20.67771438127055,-30.002868844222327,0.5674986081121013,-0.174612,-0.253779,-0.041748,0.950455,0.867707,0.009267,0.49699,0.167984,0.935536,-0.310731,F,BuildTutorial
32.215,0.188669,1.519947,2.720976,45.26928329991175,-5.392944959237947,5.2973320557756685,-0.38201,0.06114,-0.060691,-0.920134,0.985157,0.064975,0.158883,-0.1584,0.70077,0.69558,0.056475,1.211144,2.815884,-11.331165629467415,-1.3108166117749216,-26.20896149248071,-0.093564,-0.033468,-0.226705,0.968881,0.89497,-0.433037,0.107275,0.445563,0.879702,-0.16613,0.214543,1.093105,2.929722,-21.550862636098273,-29.79040666192897,0.0541272568533795,-0.180797,-0.252434,-0.04761,0.94938,0.868021,0.000879,0.496526,0.181678,0.930092,-0.319253,F,BuildTutorial
32.248,0.188436,1.521454,2.721424,44.57183257364628,-5.285002791637628,5.240515397451024,-0.376479,0.059934,-0.059722,-0.922553,0.985682,0.065066,0.155553,-0.155321,0.709393,0.687486,0.057178,1.211486,2.816313,-11.480287158324057,-1.216321093161228,-25.997637452748233,-0.095073,-0.032786,-0.224825,0.969196,0.896758,-0.429564,0.106302,0.442032,0.88083,-0.169547,0.215471,1.101843,2.930864,-22.154986870816895,-29.804862087235183,-0.0331703135466129,-0.185601,-0.252436,-0.049687,0.948346,0.867615,-0.000536,0.497236,0.187945,0.926167,-0.326942,F,BuildTutorial
32.282,0.188328,1.52396,2.721618,43.567988754071905,-5.113166096006328,5.086238731744362,-0.368536,0.05783,-0.057699,-0.926017,0.986653,0.064236,0.149632,-0.149486,0.721704,0.675867,0.057884,1.211672,2.817198,-11.585287119351491,-1.014540230523193,-25.90300630892307,-0.096383,-0.031204,-0.223844,0.969346,0.897841,-0.427948,0.103645,0.439979,0.881209,-0.172886,0.216767,1.112851,2.933468,-23.72304801916277,-29.890117437540436,1.5951621827246434,-0.202088,-0.249597,-0.039842,0.946189,0.872228,0.025484,0.488435,0.176278,0.915146,-0.362538,F,BuildTutorial
32.315,0.188474,1.52672,2.721298,42.45297034597203,-4.870252626217458,5.065224920541108,-0.359625,0.055551,-0.056521,-0.929725,0.987439,0.065143,0.143946,-0.145053,0.73495,0.662426,0.058303,1.211703,2.818545,-11.657004408007111,-0.899470059378701,-25.950573669470977,-0.097202,-0.03041,-0.22414,0.969221,0.897673,-0.42857,0.102522,0.440394,0.880626,-0.174789,0.216833,1.125074,2.939308,-25.42775030074935,-29.77209102277985,3.6062444526002433,-0.220476,-0.243782,-0.026847,0.944055,0.879699,0.056807,0.472126,0.158186,0.901339,-0.403193,F,BuildTutorial
32.349,0.188721,1.529283,2.720716,41.45164313436907,-4.642946070126509,5.083465370258269,-0.351578,0.053529,-0.055764,-0.932962,0.98805,0.066412,0.139091,-0.14169,0.746567,0.650047,0.058296,1.212126,2.820319,-11.759597885282744,-0.8351943575884949,-25.91129413651845,-0.098206,-0.030032,-0.223739,0.969224,0.898078,-0.427808,0.10216,0.439605,0.880593,-0.176929,0.219023,1.13581,2.94552,-26.543012789430776,-29.617482647693016,6.008722704272856,-0.234674,-0.236793,-0.009277,0.942747,0.887686,0.093647,0.450826,0.128629,0.889684,-0.438083,F,BuildTutorial
32.381,0.189115,1.53119,2.719608,40.77367319020086,-4.430808579710764,5.138589627346782,-0.346122,0.051803,-0.055441,-0.935116,0.988486,0.067827,0.135262,-0.139547,0.754252,0.641585,0.059238,1.212425,2.821317,-11.901049095201264,-0.631709284312217,-25.970513882657983,-0.099785,-0.028637,-0.224043,0.969034,0.897969,-0.428496,0.100213,0.439926,0.879695,-0.180559,0.220486,1.146533,2.951929,-27.88859788433862,-30.700697707461774,10.975262528449065,-0.255886,-0.233519,0.026002,0.937718,0.889586,0.168273,0.424643,0.070743,0.867693,-0.492041,F,BuildTutorial
32.415,0.189691,1.532705,2.718451,40.23261605699234,-4.258743735574241,5.188858978448383,-0.341758,0.050411,-0.055241,-0.936808,0.988814,0.069044,0.13221,-0.137958,0.760299,0.634754,0.060073,1.213328,2.822294,-12.129609786113123,-0.4013733360476626,-26.043258043420263,-0.102151,-0.027199,-0.224417,0.968743,0.897794,-0.429248,0.098547,0.440362,0.878404,-0.185708,0.221293,1.157025,2.957313,-29.60974865069308,-32.84808730819796,15.79924826707452,-0.280345,-0.237077,0.05589,0.928481,0.881342,0.236712,0.408906,0.029142,0.836566,-0.547091,F,BuildTutorial
32.449,0.190246,1.533821,2.71737,39.77192265113452,-4.120082896597212,5.174331311627068,-0.338057,0.049113,-0.054635,-0.938254,0.989206,0.069318,0.129101,-0.13573,0.765465,0.629,0.061044,1.214633,2.822886,-12.458726886878438,-0.1800582616794417,-25.974824101976736,-0.105382,-0.025908,-0.223576,0.968627,0.898685,-0.427662,0.097312,0.438583,0.877817,-0.192566,0.221805,1.165182,2.964077,-29.99745858140255,-33.77640361101776,17.480088620255493,-0.2874,-0.239721,0.066136,0.924966,0.87632,0.260138,0.405452,0.015444,0.826055,-0.563378,F,BuildTutorial
32.482,0.190714,1.534825,2.716334,39.41690363163904,-4.016776395083291,5.1940318727792345,-0.335186,0.04823,-0.054437,-0.939341,0.989421,0.069937,0.127101,-0.134601,0.769374,0.624456,0.062172,1.215649,2.823176,-12.72610318346159,-0.004689595473176,-25.90075855571421,-0.108,-0.024877,-0.222731,0.96856,0.899544,-0.426083,0.096299,0.43683,0.877454,-0.198126,0.223375,1.169543,2.971891,-29.35132388224853,-33.34961010602939,16.748078666725323,-0.280531,-0.239274,0.063039,0.927403,0.877549,0.251173,0.408437,0.017322,0.834657,-0.550498,F,BuildTutorial
32.515,0.191118,1.535715,2.715328,39.1554491624109,-3.941183032275409,5.148837601320546,-0.333094,0.047408,-0.053806,-0.940163,0.989715,0.06959,0.124988,-0.132756,0.772306,0.621224,0.06334,1.216317,2.82332,-12.848192196579312,0.1713150193587433,-26.03510934835496,-0.109346,-0.023755,-0.223672,0.96822,0.898813,-0.427933,0.094916,0.438323,0.876028,-0.201115,0.224851,1.174278,2.975961,-31.027226202044904,-33.46928780968615,17.68769873368057,-0.29575,-0.234771,0.065768,0.923628,0.881114,0.260357,0.394781,0.017377,0.816413,-0.577207,F,BuildTutorial
32.549,0.191367,1.536654,2.714707,38.834251432939745,-3.84899183179751,4.994775409018285,-0.33056,0.04612,-0.052226,-0.94121,0.990291,0.067821,0.121344,-0.128802,0.776005,0.617435,0.064601,1.216953,2.822776,-13.051140146179444,0.2762844867062037,-25.843657176165,-0.111304,-0.023079,-0.221905,0.96842,0.900451,-0.424656,0.094098,0.434931,0.87674,-0.205335,0.225508,1.175707,2.979276,-30.697745690969413,-33.591636766079915,17.84916052921522,-0.293565,-0.23597,0.067658,0.923883,0.879481,0.263562,0.396294,0.013528,0.818484,-0.57437,F,BuildTutorial
32.582,0.191573,1.537633,2.714216,38.46446508994939,-3.86910723715383,4.8612760583500085,-0.327562,0.045807,-0.05113,-0.942332,0.990575,0.066354,0.119827,-0.126372,0.780177,0.612661,0.065435,1.217367,2.821925,-13.191432525259708,0.3072448730591168,-25.710614861462492,-0.112576,-0.022959,-0.220716,0.968547,0.901514,-0.422379,0.094169,0.432718,0.877222,-0.207936,0.225232,1.175723,2.980756,-30.417297834964625,-34.113144771349944,18.58394390118969,-0.293207,-0.238834,0.07302,0.922852,0.875253,0.274828,0.397997,0.005282,0.817396,-0.576052,F,BuildTutorial
32.615,0.191756,1.538362,2.713969,38.168287700932666,-3.964856345767029,4.785065804671032,-0.325111,0.046304,-0.050728,-0.943178,0.990565,0.065582,0.120331,-0.125798,0.783459,0.608578,0.065547,1.217574,2.821299,-13.28632903186715,0.1441657788054537,-25.61586786548317,-0.113084,-0.024427,-0.220053,0.968603,0.90196,-0.420763,0.097088,0.431812,0.877578,-0.208318,0.22438,1.17537,2.980854,-30.313688999567702,-35.11158245981403,18.994532872189698,-0.293906,-0.246019,0.074058,0.920657,0.86798,0.280977,0.409466,0.008248,0.81627,-0.577612,F,BuildTutorial
32.649,0.191798,1.53868,2.713756,38.0612268348949,-4.0816536139157,4.697293599649842,-0.324213,0.046991,-0.050318,-0.943475,0.99052,0.064476,0.121297,-0.125417,0.784708,0.607046,0.064828,1.217345,2.821054,-13.216864703442653,-0.0493683644270007,-25.67371161787,-0.112112,-0.025986,-0.220748,0.968518,0.901191,-0.421769,0.099833,0.433422,0.877403,-0.205693,0.223072,1.173932,2.980733,-29.636945707365243,-36.15404012768288,18.78733587273432,-0.288834,-0.256269,0.071704,0.919652,0.858369,0.279924,0.429936,0.016154,0.822867,-0.568005,F,BuildTutorial
32.682,0.191735,1.538998,2.713807,37.953134996325424,-4.241846021012512,4.625068011138258,-0.323282,0.048081,-0.050156,-0.943749,0.990345,0.063581,0.123181,-0.125756,0.785947,0.60537,0.063881,1.217004,2.820785,-13.165927593627552,-0.3538387169944201,-25.631123809015342,-0.111105,-0.02842,-0.220695,0.968577,0.900972,-0.421206,0.104094,0.433836,0.877898,-0.202684,0.221942,1.171918,2.981085,-29.285083580851847,-36.364275010334765,18.854080663197728,-0.286372,-0.25849,0.072745,0.919719,0.855782,0.281858,0.433812,0.014239,0.825399,-0.564371,F,BuildTutorial
32.715,0.191729,1.539326,2.713842,37.77968522762029,-4.404801378614713,4.522818713908547,-0.321824,0.049097,-0.049738,-0.944217,0.990231,0.062327,0.12473,-0.125529,0.787911,0.602859,0.062427,1.216559,2.820722,-13.069088815911083,-0.7064987616869846,-25.65510978426898,-0.1096,-0.031238,-0.221255,0.968534,0.900141,-0.421738,0.109008,0.435433,0.878068,-0.198479,0.222135,1.171275,2.981397,-30.12629156926574,-36.034472372544855,18.43398460303546,-0.291789,-0.255234,0.067741,0.919308,0.860534,0.273499,0.429744,0.024399,0.820541,-0.571067,F,BuildTutorial
32.748,0.191781,1.539958,2.713945,37.52831076070623,-4.472254995114375,4.393621630313497,-0.319776,0.049238,-0.048809,-0.944953,0.990387,0.060755,0.124272,-0.123736,0.790722,0.59954,0.061245,1.216025,2.820601,-12.91560371588102,-0.9245579178888076,-25.79456109735659,-0.107841,-0.032918,-0.222665,0.968353,0.898673,-0.424137,0.111778,0.438337,0.877581,-0.194196,0.222801,1.170088,2.982829,-29.774152482921313,-35.41588295683034,16.86322520287991,-0.285199,-0.254892,0.057693,0.922151,0.863404,0.251792,0.437189,0.038987,0.830666,-0.555404,F,BuildTutorial
32.782,0.191783,1.540702,2.714289,37.18415498135278,-4.556302198669969,4.3334896583116045,-0.316924,0.049694,-0.048471,-0.945907,0.990362,0.060201,0.124735,-0.123197,0.79442,0.594743,0.0605,1.215637,2.820023,-12.8553032931636,-1.2044019207621224,-25.794965696830904,-0.106787,-0.035167,-0.222939,0.968328,0.898123,-0.424245,0.11572,0.439267,0.87779,-0.191129,0.224488,1.169934,2.985054,-29.749348422300475,-34.6542652049423,16.867730335697114,-0.284624,-0.248792,0.059693,0.923866,0.869078,0.251921,0.425721,0.031328,0.830852,-0.555611,F,BuildTutorial
32.814,0.19185,1.541292,2.714634,36.919643973876816,-4.515402035368695,4.349654895906062,-0.314748,0.049347,-0.048433,-0.946654,0.990438,0.060635,0.123918,-0.122763,0.797176,0.591134,0.059447,1.215618,2.819862,-12.79160233146501,-1.382631180558476,-25.877804628033868,-0.105875,-0.036627,-0.223812,0.968172,0.897134,-0.425621,0.118315,0.441132,0.877398,-0.188616,0.228628,1.172779,2.987907,-30.9251421327298,-33.99710276113295,18.194338990679856,-0.296304,-0.23791,0.068767,0.922428,0.87734,0.267853,0.398157,0.014122,0.81495,-0.579359,F,BuildTutorial
32.848,0.192062,1.541834,2.715097,36.66770929638572,-4.343438836140541,4.442559897917705,-0.312697,0.048127,-0.048676,-0.947383,0.990629,0.062131,0.121631,-0.122328,0.799703,0.587803,0.058785,1.215949,2.819516,-12.83992684053459,-1.511742201582274,-25.996668143437613,-0.105992,-0.037921,-0.22493,0.96785,0.895937,-0.427359,0.121085,0.443436,0.876344,-0.188109,0.236136,1.176475,2.9936,-31.31302055084769,-31.92062103417056,16.215407427307984,-0.294215,-0.225529,0.057102,0.926992,0.891752,0.238575,0.384527,0.026842,0.820354,-0.571226,F,BuildTutorial
32.881,0.192232,1.542154,2.715571,36.537994042938045,-4.211056507878014,4.6014257470274424,-0.311614,0.047436,-0.049603,-0.947727,0.990579,0.064458,0.120827,-0.123585,0.800873,0.585944,0.057924,1.216438,2.819374,-12.92508456682577,-1.7489074919606633,-25.95367289075929,-0.106261,-0.040049,-0.224778,0.96777,0.895742,-0.426556,0.125287,0.443579,0.876367,-0.187668,0.243925,1.178905,3.000683,-31.256094490103493,-29.87975656505694,15.385135070804417,-0.291176,-0.211199,0.055726,0.9314,0.904579,0.226799,0.36097,0.019186,0.824222,-0.565942,F,BuildTutorial
32.915,0.192287,1.54216,2.715832,36.52741472082908,-4.071252041630576,4.652467476341929,-0.311566,0.046416,-0.049643,-0.947791,0.990762,0.06518,0.11892,-0.123027,0.800924,0.585991,0.057221,1.216621,2.819459,-12.948001706654702,-1.9144434268378792,-25.92316818822415,-0.106141,-0.041463,-0.224672,0.967749,0.895607,-0.426049,0.127946,0.443653,0.876514,-0.186804,0.250666,1.180973,3.007186,-31.58295489829974,-29.176959772351417,16.084317729116304,-0.294681,-0.20314,0.062411,0.931666,0.909678,0.236016,0.341735,0.003431,0.818536,-0.574445,F,BuildTutorial
32.949,0.19231,1.54197,2.715994,36.56596401754267,-3.951447227602127,4.703010151981464,-0.311917,0.045572,-0.049742,-0.947712,0.990898,0.065853,0.117409,-0.122712,0.800468,0.58668,0.057181,1.216375,2.819374,-12.93615606040918,-1.9530935734215105,-25.909595970401742,-0.10597,-0.041754,-0.224594,0.967773,0.895628,-0.425863,0.128416,0.443561,0.876656,-0.186354,0.255216,1.181526,3.013156,-30.54652698598536,-30.25919907960975,16.569668600000952,-0.287919,-0.212515,0.06615,0.931431,0.900923,0.245603,0.357795,-0.000854,0.825453,-0.56447,F,BuildTutorial
32.982,0.192395,1.541848,2.716109,36.64490661204212,-3.867241964560096,4.730470496007794,-0.312596,0.04497,-0.049753,-0.947516,0.991005,0.066169,0.116324,-0.122398,0.799617,0.587905,0.057429,1.216004,2.819481,-12.841923128551276,-1.8252262082489448,-25.960325088963213,-0.105406,-0.040539,-0.224912,0.967812,0.895543,-0.426798,0.125883,0.443891,0.876609,-0.185791,0.257722,1.181104,3.018154,-28.94485773466228,-32.54578741250715,18.79369668783632,-0.280982,-0.228511,0.082668,0.928439,0.881898,0.281919,0.37786,-0.02509,0.828431,-0.559529,F,BuildTutorial
33.015,0.192375,1.54179,2.716379,36.65376011963951,-3.796080616144395,4.707096988879009,-0.312709,0.04432,-0.049367,-0.947529,0.991197,0.065836,0.114864,-0.121272,0.799552,0.588226,0.057996,1.215408,2.819654,-12.709646870462343,-1.627991929566904,-25.85600208981763,-0.10471,-0.038522,-0.223862,0.968214,0.896804,-0.425426,0.121477,0.44156,0.877843,-0.185515,0.260437,1.183541,3.022538,-29.221519240038933,-33.83792324490905,20.39197455421271,-0.287371,-0.234441,0.091627,0.924154,0.873284,0.304097,0.380657,-0.034611,0.818045,-0.574112,F,BuildTutorial
33.048,0.192374,1.541806,2.716587,36.66104902154824,-3.70292823054678,4.742779983683409,-0.312796,0.043649,-0.049409,-0.94753,0.991307,0.066327,0.113628,-0.12094,0.799435,0.588454,0.058725,1.214941,2.819917,-12.623215611886044,-1.433245290814091,-25.89469412913421,-0.104347,-0.036745,-0.22402,0.968285,0.89693,-0.426162,0.11791,0.441499,0.877854,-0.185612,0.265557,1.18762,3.02849,-30.254241455725257,-32.57449037299383,19.302402601125817,-0.292332,-0.224909,0.083194,0.925763,0.884989,0.285532,0.367784,-0.02254,0.815242,-0.578682,F,BuildTutorial
33.081,0.192339,1.541912,2.716923,36.624466440498594,-3.604690765753144,4.816004187239744,-0.312508,0.043027,-0.049741,-0.947636,0.991349,0.06738,0.112637,-0.121165,0.79973,0.588006,0.059629,1.21439,2.81991,-12.537814498258792,-1.3028287905515752,-25.82307194783456,-0.103902,-0.035413,-0.223306,0.968548,0.897761,-0.425205,0.115002,0.439923,0.878678,-0.185453,0.269741,1.190605,3.034537,-30.828308840306736,-31.494086735117367,16.066677784266304,-0.289871,-0.223311,0.05824,0.928825,0.89348,0.237653,0.38107,0.021273,0.825166,-0.56449,F,BuildTutorial
33.116,0.192422,1.541981,2.717095,36.58451106497501,-3.5466844884207607,4.8891379369413075,-0.312175,0.042736,-0.050182,-0.947735,0.991311,0.068437,0.112336,-0.121802,0.800057,0.587429,0.060481,1.21399,2.819922,-12.467403560875576,-1.2044611918237322,-25.756907974384724,-0.103518,-0.034386,-0.222666,0.968773,0.898475,-0.424306,0.112725,0.438545,0.879408,-0.185258,0.270858,1.192775,3.038789,-31.97593058453505,-33.20163900922717,15.487992396199644,-0.298556,-0.236579,0.046161,0.923452,0.883799,0.226518,0.409376,0.05601,0.817467,-0.573246,F,BuildTutorial
33.148,0.192727,1.541948,2.717452,36.55536637640416,-3.451637133205115,5.087878822817837,-0.311902,0.042483,-0.051563,-0.947762,0.991073,0.071238,0.112692,-0.12424,0.800117,0.586837,0.060951,1.213776,2.820334,-12.389991698788698,-1.0571054996530995,-25.85223785724313,-0.103122,-0.033077,-0.223349,0.968704,0.898042,-0.425896,0.110148,0.43954,0.878962,-0.185014,0.268903,1.191139,3.044495,-31.273317330438665,-36.176054602034746,16.575748432657313,-0.296638,-0.258932,0.049141,0.917903,0.861079,0.243832,0.446194,0.063404,0.819182,-0.570018,F,BuildTutorial
33.182,0.193274,1.541976,2.717983,36.5283919462774,-3.2987269237202765,5.383283419636024,-0.31164,0.042014,-0.053587,-0.947757,0.990727,0.075388,0.113037,-0.127761,0.800018,0.586216,0.062073,1.21362,2.820104,-12.328736982088962,-1.0245575384337888,-25.937648197201465,-0.102643,-0.03276,-0.22405,0.968604,0.897457,-0.427306,0.109458,0.440756,0.878532,-0.18416,0.265839,1.188128,3.051108,-30.14215943634045,-39.453037448212456,17.801024205978628,-0.292237,-0.284128,0.053923,0.911571,0.832728,0.264374,0.486489,0.067757,0.82338,-0.563431,F,BuildTutorial
33.215,0.194016,1.542028,2.718704,36.50167232235801,-3.1340514217076043,5.5729086284384275,-0.311428,0.041159,-0.054705,-0.947801,0.990627,0.078064,0.112094,-0.129336,0.80004,0.585841,0.062352,1.214016,2.820528,-12.302788503299809,-0.9733593429195636,-26.0037088448385,-0.102505,-0.032336,-0.224566,0.968513,0.897049,-0.42836,0.108674,0.441619,0.878126,-0.184032,0.261453,1.186584,3.056174,-30.55229498158535,-43.65237122944387,20.424897462847625,-0.304299,-0.309609,0.062369,0.898696,0.800504,0.300529,0.518532,0.076327,0.807025,-0.585564,F,BuildTutorial
33.248,0.194976,1.542009,2.719429,36.53718193716862,-3.0502916161958997,5.713357605847086,-0.311712,0.04086,-0.055642,-0.947666,0.990469,0.079987,0.112131,-0.130933,0.799479,0.58625,0.062887,1.214311,2.820611,-12.312419640973618,-0.919693417077836,-26.088359692866305,-0.102668,-0.031977,-0.225232,0.968353,0.896496,-0.429643,0.108177,0.442775,0.87746,-0.184432,0.257466,1.183075,3.063303,-29.34514647376125,-46.069045808174224,21.0100456164434,-0.298206,-0.329682,0.064864,0.893407,0.774204,0.312526,0.550395,0.080727,0.813732,-0.575607,F,BuildTutorial
33.281,0.195978,1.541979,2.720289,36.57510678870263,-3.051417022978738,5.806569182124913,-0.311992,0.041136,-0.056419,-0.947516,0.99025,0.081247,0.113158,-0.132583,0.798956,0.586593,0.064188,1.21408,2.82002,-12.28069918534792,-0.8856266750298459,-26.31857086565559,-0.102403,-0.031833,-0.227151,0.967937,0.894778,-0.433217,0.108147,0.446256,0.875832,-0.183776,0.253642,1.176059,3.07186,-26.680726265315897,-46.6607978553836,24.789055973957673,-0.289643,-0.330889,0.102525,0.892249,0.760003,0.374635,0.531079,0.008724,0.811191,-0.584717,F,BuildTutorial
33.315,0.196951,1.541996,2.721159,36.63507456901273,-3.056930149748617,5.796901730478839,-0.312489,0.041176,-0.056359,-0.947354,0.990256,0.08105,0.11324,-0.132518,0.798349,0.587433,0.064996,1.21386,2.819769,-12.19554457508092,-0.9798495635943726,-26.39835482203196,-0.101474,-0.032532,-0.227921,0.967831,0.893988,-0.434575,0.109227,0.44778,0.87551,-0.18159,0.248398,1.170352,3.076541,-25.26324547556889,-47.71234332451578,26.94444917559319,-0.286439,-0.337199,0.121902,0.888476,0.742874,0.409787,0.529351,-0.02344,0.806186,-0.591198,F,BuildTutorial
33.348,0.19781,1.541969,2.722171,36.64274970594466,-3.1171228908039827,5.749149699586175,-0.31254,0.041546,-0.056129,-0.947334,0.990247,0.080377,0.113801,-0.132316,0.798336,0.587496,0.065371,1.213745,2.819561,-12.094764897341616,-1.153594306587207,-26.237687421591765,-0.100324,-0.03366,-0.22673,0.968192,0.894921,-0.432282,0.110671,0.44579,0.877058,-0.179001,0.243346,1.166938,3.079151,-24.87187645087325,-47.40083931272482,23.769700029778996,-0.273797,-0.3435,0.099447,0.892835,0.744236,0.365678,0.558921,0.010519,0.830291,-0.55723,F,BuildTutorial
33.382,0.198537,1.542032,2.723498,36.52721732992533,-3.2445607516558237,5.785022792611892,-0.311508,0.042658,-0.056762,-0.947587,0.989917,0.080998,0.116208,-0.134151,0.799482,0.585519,0.065389,1.213644,2.819202,-12.073794153478431,-1.5744054995844403,-25.9422153372404,-0.099409,-0.036918,-0.224602,0.968664,0.896383,-0.427787,0.116176,0.442467,0.879344,-0.176005,0.238168,1.164617,3.080542,-25.7427352863451,-47.82204809172979,22.285574893237925,-0.276167,-0.348329,0.083642,0.891854,0.743343,0.341586,0.575118,0.043201,0.833472,-0.55087,F,BuildTutorial
33.415,0.199302,1.54195,2.724969,36.53561210235625,-3.3712135969437096,5.875468634535451,-0.31148,0.043954,-0.057855,-0.947471,0.989442,0.08225,0.119332,-0.137013,0.799266,0.585151,0.064913,1.213088,2.819263,-11.879415629714511,-2.086584871921258,-25.82893338702336,-0.0968,-0.040776,-0.224096,0.96889,0.896237,-0.426355,0.122401,0.442143,0.880822,-0.169301,0.232514,1.160266,3.083115,-25.03863914590135,-47.96703611272122,20.557338467885955,-0.26568,-0.355101,0.072457,0.893346,0.737306,0.318145,0.595956,0.059228,0.848329,-0.526147,F,BuildTutorial
33.448,0.200215,1.5418,2.726385,36.55994260835672,-3.4608248042941536,5.916925784327397,-0.31162,0.044816,-0.058444,-0.947349,0.989152,0.082802,0.121337,-0.138664,0.798955,0.585186,0.064605,1.212237,2.819161,-11.657140031486756,-2.566978548380898,-25.81471955495932,-0.093984,-0.044399,-0.224382,0.968942,0.895363,-0.426481,0.128216,0.443172,0.881639,-0.162206,0.228128,1.155092,3.085749,-24.35737179978276,-47.704514075122,21.452751422351927,-0.263141,-0.352462,0.082574,0.894265,0.737904,0.33318,0.586932,0.037808,0.847877,-0.528843,F,BuildTutorial
33.482,0.201082,1.541348,2.727565,36.75075766689017,-3.532780481898088,5.893773641424267,-0.313171,0.045413,-0.05847,-0.946807,0.989038,0.082276,0.122617,-0.139164,0.79701,0.587715,0.064715,1.211394,2.818649,-11.378485960891505,-2.849418748362832,-25.82893004493441,-0.091066,-0.046264,-0.224729,0.969053,0.894713,-0.427122,0.130596,0.443975,0.882408,-0.155701,0.22557,1.150893,3.087205,-24.327032382126134,-46.31400172312035,18.848730428225437,-0.254059,-0.347513,0.065432,0.900226,0.749906,0.294386,0.592434,0.05877,0.862345,-0.502899,F,BuildTutorial
33.514,0.201924,1.540722,2.728332,37.07807215127468,-3.5796077382417324,5.715333235021612,-0.315924,0.045419,-0.057163,-0.945971,0.989339,0.079451,0.122048,-0.136847,0.793849,0.592517,0.065459,1.210971,2.817789,-11.263451266028088,-2.8960502983443295,-25.857484264462368,-0.089989,-0.04646,-0.225005,0.96908,0.894428,-0.427734,0.130542,0.444458,0.88255,-0.153505,0.223186,1.144821,3.088167,-23.564122212270014,-44.27963889046778,15.437374367519896,-0.236971,-0.340183,0.04553,0.908872,0.764405,0.243988,0.596786,0.078466,0.883543,-0.46173,F,BuildTutorial
33.548,0.202729,1.54021,2.729136,37.28191761723617,-3.680350391888849,5.515635477267654,-0.317638,0.045763,-0.055819,-0.945461,0.98958,0.076476,0.121995,-0.134621,0.79198,0.59552,0.06607,1.21091,2.817118,-11.205837686547516,-2.860191604850238,-25.916283395788753,-0.089548,-0.046092,-0.225473,0.96903,0.894075,-0.428725,0.12971,0.445234,0.882287,-0.152765,0.219773,1.136441,3.087433,-22.32740439481655,-43.41473577780101,14.119127232878432,-0.223116,-0.338009,0.040957,0.913396,0.768145,0.225651,0.599196,0.07601,0.897083,-0.435275,F,BuildTutorial
33.581,0.20362,1.539729,2.729583,37.52081946061957,-3.760370840962787,5.40546001385402,-0.319616,0.046189,-0.055165,-0.944812,0.989647,0.074716,0.122542,-0.133766,0.789605,0.598858,0.066288,1.210928,2.816807,-11.085395323603024,-2.759225874209313,-26.13715910299686,-0.08864,-0.045177,-0.22726,0.968739,0.892624,-0.432302,0.127817,0.44832,0.880992,-0.151205,0.215775,1.126782,3.08444,-21.319070394588987,-44.529658500023615,14.757496956893709,-0.217584,-0.347282,0.047298,0.910942,0.754316,0.237298,0.612125,0.064955,0.90084,-0.429265,F,BuildTutorial
33.615,0.204397,1.539457,2.730038,37.6506515439993,-3.824221673224335,5.289025033896229,-0.320704,0.046428,-0.054402,-0.944476,0.98977,0.072983,0.122595,-0.132542,0.788379,0.600742,0.066055,1.211096,2.816775,-11.06804896620894,-2.764415620164747,-26.352047032812028,-0.088398,-0.045353,-0.22908,0.968324,0.890931,-0.435629,0.128333,0.451666,0.879416,-0.150417,0.213702,1.118404,3.083293,-20.885610278827265,-44.40035610645354,13.776006117226345,-0.21117,-0.348777,0.041208,0.912175,0.753313,0.222481,0.618888,0.072124,0.907419,-0.413992,F,BuildTutorial
33.648,0.205157,1.539288,2.730567,37.70126741892088,-3.8861448993835457,5.195609053528784,-0.32113,0.046691,-0.053813,-0.944351,0.989848,0.071648,0.122748,-0.131624,0.787959,0.601494,0.065886,1.211267,2.816721,-11.039427860992944,-2.8612261868733,-26.474532677288853,-0.087913,-0.046209,-0.230189,0.968065,0.889756,-0.437551,0.129939,0.4538,0.878569,-0.148937,0.213474,1.110942,3.084138,-20.543110663787616,-43.36243045897547,12.474532984520993,-0.204213,-0.343367,0.033855,0.916106,0.761907,0.20227,0.615293,0.07821,0.914302,-0.397412,F,BuildTutorial
33.681,0.205865,1.539165,2.731053,37.7654871841811,-3.9064030640387504,5.130477797899254,-0.321677,0.046693,-0.053343,-0.944192,0.989949,0.070692,0.122494,-0.130773,0.787357,0.602468,0.065306,1.211649,2.817018,-11.049180141948948,-2.914263472019275,-26.677729064197862,-0.087806,-0.046832,-0.231946,0.967625,0.888016,-0.440649,0.131364,0.457097,0.876982,-0.148202,0.212992,1.104955,3.084826,-20.536773527923295,-42.82046777543189,11.834891826089049,-0.202105,-0.340173,0.029718,0.917907,0.766798,0.192057,0.612483,0.082945,0.916541,-0.391245,F,BuildTutorial
33.715,0.206409,1.539079,2.731666,37.82537154763216,-3.9122959830285406,5.1721370739361525,-0.322151,0.046875,-0.053712,-0.944,0.989836,0.071206,0.123106,-0.131609,0.786667,0.603186,0.064848,1.212134,2.817265,-11.094341013561834,-3.019821643576398,-26.76655355270347,-0.087937,-0.047881,-0.232778,0.967362,0.887044,-0.44194,0.133576,0.458782,0.876163,-0.147842,0.212217,1.099644,3.08466,-20.293096525418843,-42.89015435059409,11.719134705021313,-0.199855,-0.341271,0.029465,0.918,0.765332,0.190507,0.614796,0.082312,0.91838,-0.387045,F,BuildTutorial
33.748,0.206971,1.53898,2.732172,37.902374719437304,-3.934987737752593,5.136588516421147,-0.32279,0.046983,-0.053495,-0.943789,0.989862,0.070646,0.12322,-0.131308,0.78589,0.604264,0.064269,1.212681,2.817607,-11.095794826158231,-3.169648250935928,-26.812784575921945,-0.087625,-0.049184,-0.233283,0.967203,0.88632,-0.442645,0.136024,0.459884,0.875802,-0.146554,0.212049,1.094393,3.085574,-19.02108779703516,-42.02979582820476,11.548719206304591,-0.189041,-0.336369,0.033676,0.921947,0.771444,0.18927,0.607496,0.06508,0.926259,-0.371227,F,BuildTutorial
33.782,0.207418,1.538755,2.732759,37.940946002879144,-3.9877686202384264,4.981908758540519,-0.323147,0.046992,-0.052376,-0.943729,0.990097,0.068487,0.122545,-0.129228,0.785666,0.605003,0.06383,1.213316,2.817909,-11.171360462770515,-3.3115894070486083,-26.7120643397595,-0.088019,-0.050455,-0.232545,0.96728,0.886754,-0.44099,0.138545,0.458754,0.876351,-0.146812,0.212791,1.093354,3.08515,-19.753912656954363,-41.03696714041972,10.495928226862333,-0.191562,-0.329173,0.024522,0.92431,0.782088,0.171446,0.59912,0.080782,0.925406,-0.370269,F,BuildTutorial
33.815,0.207796,1.538375,2.733358,38.034554295614406,-3.988293711597101,4.868129421840793,-0.323965,0.046699,-0.051456,-0.943514,0.990343,0.066841,0.121463,-0.127356,0.784797,0.606526,0.063369,1.213599,2.818275,-11.194392978905691,-3.4106745018170423,-26.657426852476014,-0.088037,-0.051295,-0.232161,0.967326,0.886941,-0.440118,0.140116,0.458182,0.876702,-0.146503,0.213712,1.093,3.08511,-20.171967837086925,-40.056626265168575,8.971812356345168,-0.190404,-0.32329,0.012554,0.926862,0.790652,0.146382,0.59451,0.09984,0.927178,-0.361073,F,BuildTutorial
33.848,0.208285,1.537977,2.733792,38.19198951430312,-3.996517777646179,4.815221663179507,-0.32528,0.046656,-0.05107,-0.943084,0.99043,0.065975,0.121226,-0.12668,0.783169,0.608768,0.063343,1.213547,2.818805,-11.099544312040312,-3.312633259095993,-26.80717592538017,-0.087368,-0.050394,-0.233345,0.967149,0.886021,-0.442553,0.138252,0.460164,0.875834,-0.145478,0.213474,1.092365,3.084032,-20.08148757827849,-40.11475308318952,9.614730493183425,-0.1915,-0.322795,0.017933,0.92672,0.790963,0.156869,0.591413,0.090393,0.926012,-0.366512,F,BuildTutorial
33.881,0.208677,1.537673,2.734192,38.35063049982023,-3.985601180892181,4.745633718120973,-0.32662,0.046407,-0.050493,-0.942665,0.990594,0.064882,0.120476,-0.125511,0.78154,0.611099,0.063642,1.213355,2.819231,-10.980147275541617,-3.060469944697997,-26.910175711473713,-0.086829,-0.048106,-0.234018,0.967152,0.885843,-0.444308,0.13369,0.461015,0.875393,-0.145438,0.212507,1.092381,3.082234,-20.012267856835816,-40.611239136609065,10.05197938784062,-0.192269,-0.326159,0.020848,0.925321,0.786372,0.164002,0.595586,0.086839,0.925196,-0.36942,F,BuildTutorial
33.915,0.208946,1.537405,2.734572,38.46435791416999,-3.9236273045235066,4.659313562993924,-0.327618,0.045678,-0.049625,-0.9424,0.990902,0.063603,0.11861,-0.123463,0.780408,0.612961,0.064019,1.213279,2.819564,-10.902204063925176,-2.8647154284819387,-26.942179352464247,-0.086557,-0.046322,-0.234138,0.967234,0.886068,-0.444913,0.130141,0.460951,0.875375,-0.145751,0.211865,1.093312,3.080456,-20.04612835311099,-41.105774562569025,9.792869668120332,-0.19188,-0.330542,0.017823,0.923908,0.780848,0.159783,0.603942,0.093915,0.925729,-0.366342,F,BuildTutorial
33.948,0.209287,1.537223,2.73479,38.57044937842091,-3.8639754607744186,4.613401587387592,-0.328535,0.045081,-0.049094,-0.942137,0.991115,0.062886,0.117202,-0.122128,0.779309,0.614623,0.064137,1.21344,2.819814,-10.90083861908029,-2.767951817251161,-27.018134125104204,-0.086713,-0.04556,-0.234706,0.967119,0.885675,-0.446076,0.128828,0.461878,0.874788,-0.146337,0.212482,1.094123,3.080245,-19.88623973493634,-41.232834996672395,10.369296328506364,-0.192292,-0.330798,0.022758,0.923623,0.78011,0.169258,0.602313,0.085181,0.925012,-0.370267,F,BuildTutorial
33.981,0.209615,1.53705,2.734938,38.65416125619638,-3.8139510197187687,4.6271727336311,-0.32924,0.044729,-0.049077,-0.941909,0.991182,0.063,0.116577,-0.121906,0.778386,0.615837,0.064341,1.21364,2.820109,-10.914871527666204,-2.6655353701504874,-27.036805507564644,-0.087034,-0.044738,-0.234786,0.967109,0.885748,-0.44634,0.127401,0.461915,0.874601,-0.147335,0.214338,1.094645,3.081365,-19.663230870669793,-40.90075851097996,10.530678786705955,-0.190909,-0.32813,0.025313,0.924794,0.78338,0.172105,0.59724,0.078467,0.925826,-0.369716,F,BuildTutorial
34.015,0.209894,1.536971,2.735129,38.66835695814342,-3.787478731070107,4.564990373300133,-0.329392,0.044336,-0.048492,-0.941904,0.991366,0.062142,0.115467,-0.120558,0.778299,0.616212,0.064527,1.213898,2.820532,-10.911634649460762,-2.6239035537369553,-27.098509223105427,-0.087068,-0.044427,-0.235275,0.967001,0.885344,-0.447286,0.126892,0.462759,0.87413,-0.147485,0.216836,1.096194,3.082316,-20.092741872032217,-40.76942520941342,10.544238148638708,-0.194344,-0.326505,0.024305,0.924681,0.785608,0.171856,0.594379,0.081961,0.923279,-0.375283,F,BuildTutorial
34.048,0.210147,1.536952,2.735367,38.65323599324576,-3.730791238563021,4.52791428323559,-0.329306,0.04376,-0.048022,-0.941986,0.991558,0.061651,0.11407,-0.119293,0.778504,0.616199,0.064751,1.21423,2.820728,-11.003257109462664,-2.645890330031122,-27.08516487608733,-0.087802,-0.044787,-0.235179,0.966941,0.88537,-0.446945,0.127911,0.462674,0.873963,-0.148734,0.218582,1.097158,3.083212,-19.85579632798917,-40.946059157478444,11.640113479065896,-0.195623,-0.326374,0.033585,0.924166,0.784704,0.18977,0.590108,0.065616,0.921207,-0.383499,F,BuildTutorial
34.081,0.210343,1.536841,2.735515,38.67460731064891,-3.6836200293491297,4.542797383263774,-0.329496,0.04342,-0.048012,-0.941936,0.991619,0.061834,0.113437,-0.119061,0.778255,0.616558,0.065241,1.214521,2.820699,-11.064977159787096,-2.597140042091747,-27.068282372561775,-0.08843,-0.044487,-0.234999,0.966942,0.885593,-0.446593,0.127594,0.462329,0.873911,-0.150104,0.219259,1.098325,3.083294,-19.075891024722967,-41.78860456654274,12.861132325847134,-0.193222,-0.332164,0.044463,0.922147,0.775381,0.210365,0.595426,0.04636,0.921377,-0.385896,F,BuildTutorial
34.114,0.210362,1.536749,2.735631,38.71184424072051,-3.673466569545963,4.5732935585459495,-0.329795,0.043433,-0.048239,-0.941819,0.991573,0.062218,0.11363,-0.119513,0.777817,0.617024,0.065918,1.214638,2.820427,-11.07004546399453,-2.5485756718389534,-27.0380215929591,-0.088584,-0.044064,-0.234706,0.967018,0.885943,-0.446123,0.126803,0.461736,0.874132,-0.150641,0.219334,1.101333,3.08233,-18.354059977940043,-43.34234662230228,14.020088071491982,-0.191596,-0.343739,0.053511,0.917753,0.75796,0.229937,0.610431,0.033498,0.920856,-0.388462,F,BuildTutorial
34.148,0.210187,1.536757,2.735865,38.680907762619135,-3.6699515601706745,4.61231296186523,-0.329527,0.043509,-0.048545,-0.941893,0.991501,0.062774,0.113955,-0.120123,0.778111,0.616533,0.066263,1.214966,2.820481,-11.117308679721226,-2.5584159980100343,-26.968319248753687,-0.08899,-0.044188,-0.234125,0.967116,0.886466,-0.444988,0.12714,0.460717,0.874532,-0.151437,0.219797,1.106672,3.081429,-18.717558323722052,-45.0525449995186,16.16644704626192,-0.201869,-0.353131,0.066474,0.911114,0.74176,0.263703,0.616646,0.021441,0.90966,-0.4148,F,BuildTutorial
34.181,0.209929,1.536748,2.736166,38.65121003020223,-3.6800424021582785,4.649950160226545,-0.329264,0.043693,-0.048879,-0.941959,0.991404,0.063311,0.114502,-0.120857,0.778392,0.616035,0.066463,1.215178,2.820516,-11.1718601014324,-2.571305097021711,-26.928328184902444,-0.08944,-0.044375,-0.233797,0.967145,0.88674,-0.444294,0.127656,0.46017,0.874679,-0.152254,0.222461,1.112407,3.084653,-18.50749133170601,-44.22479513623485,16.324420550443186,-0.200218,-0.346611,0.069903,0.913722,0.749949,0.266539,0.60542,0.011051,0.910053,-0.414345,F,BuildTutorial
34.214,0.209718,1.536655,2.736019,38.75004261551086,-3.6956562931067114,4.742253779662079,-0.330035,0.044111,-0.049697,-0.941627,0.991169,0.064475,0.115875,-0.122707,0.777215,0.617155,0.06689,1.214995,2.820403,-11.153593616386766,-2.5851070388995767,-26.911735585388133,-0.089264,-0.044442,-0.233668,0.96719,0.886848,-0.444069,0.127685,0.459937,0.874863,-0.1519,0.226078,1.117828,3.088426,-18.454477701555113,-43.520272528828336,16.54077017463273,-0.200012,-0.340697,0.073039,0.915743,0.757181,0.270058,0.594765,0.002516,0.909321,-0.416087,F,BuildTutorial
34.248,0.209537,1.536663,2.735759,38.78142830310076,-3.803693554869865,4.783398773972622,-0.33023,0.045125,-0.050351,-0.941476,0.990857,0.065006,0.118224,-0.124613,0.776826,0.617262,0.067109,1.214776,2.820415,-11.175458941493837,-2.508911663233263,-26.924976650142675,-0.089599,-0.043853,-0.23372,0.967173,0.886904,-0.444236,0.126709,0.459953,0.874694,-0.152817,0.228474,1.120208,3.090677,-17.211020624967507,-44.01089832204871,17.148234126256682,-0.192413,-0.345653,0.081232,0.914824,0.747851,0.281642,0.601163,-0.01561,0.912758,-0.408204,F,BuildTutorial
34.281,0.209411,1.536727,2.735331,38.76532519730812,-3.942000783920095,4.754806225558863,-0.330048,0.046175,-0.050512,-0.94148,0.990633,0.064632,0.12029,-0.125593,0.777033,0.616803,0.067648,1.214285,2.820415,-11.093478683145689,-2.436659165966702,-26.95603247377104,-0.089042,-0.043103,-0.233927,0.967208,0.886841,-0.444835,0.125038,0.460187,0.8747,-0.152078,0.229925,1.121263,3.090853,-16.416881826801834,-45.32819830520037,18.07349641150899,-0.190017,-0.355953,0.089122,0.910631,0.73071,0.297588,0.614414,-0.02704,0.911902,-0.409517,F,BuildTutorial
34.314,0.209324,1.536879,2.734984,38.70830311293869,-3.972585652549671,4.6868195417462,-0.329593,0.046217,-0.050032,-0.941663,0.990722,0.06376,0.120022,-0.124692,0.77773,0.616107,0.068289,1.214208,2.820241,-11.089924734021794,-2.380289364244942,-26.950786488047044,-0.089129,-0.042616,-0.233839,0.967243,0.887007,-0.444762,0.124123,0.459955,0.874751,-0.152489,0.231928,1.124968,3.090549,-17.289892406492278,-46.42580303735939,17.97918561212595,-0.197334,-0.363299,0.083457,0.906702,0.722097,0.294724,0.62587,-0.007959,0.908189,-0.418485,F,BuildTutorial
34.348,0.20929,1.536993,2.734711,38.689190286485115,-3.9738290435736072,4.758934009331307,-0.329406,0.04643,-0.050625,-0.941686,0.990563,0.064758,0.120798,-0.125935,0.777857,0.615693,0.06835,1.214724,2.820263,-11.176243988849471,-2.3618281310140268,-26.969435086865953,-0.089889,-0.042648,-0.23398,0.967137,0.88687,-0.444913,0.124558,0.460248,0.874347,-0.153913,0.235591,1.12662,3.092448,-16.959143909208994,-46.800691437892766,17.365182609937737,-0.193077,-0.367881,0.079138,0.906158,0.716802,0.285482,0.636157,-0.001365,0.912917,-0.408142,F,BuildTutorial
34.381,0.209398,1.536945,2.734677,38.66517743052367,-3.9665576923545487,4.9084628149937535,-0.329151,0.046794,-0.051829,-0.941692,0.990248,0.06681,0.12225,-0.128419,0.777947,0.615067,0.068226,1.215699,2.820205,-11.295491040542192,-2.38363469265018,-26.91844302540613,-0.090871,-0.043031,-0.233564,0.967129,0.887193,-0.443952,0.125683,0.459593,0.874381,-0.155667,0.240287,1.126612,3.094272,-15.92352047747566,-48.3445811014539,19.88017215500245,-0.194473,-0.377634,0.100098,0.899752,0.694745,0.327006,0.640622,-0.033248,0.904322,-0.425555,F,BuildTutorial
34.415,0.209495,1.536882,2.734888,38.608707800064046,-3.9898120085872697,5.020083212193164,-0.32863,0.047291,-0.052804,-0.941795,0.989951,0.06838,0.123783,-0.130544,0.778428,0.61401,0.06811,1.216663,2.819891,-11.399067881808458,-2.4616983850566223,-26.980679860348243,-0.091563,-0.043947,-0.234149,0.966881,0.886486,-0.444741,0.127861,0.460837,0.873581,-0.15648,0.244646,1.127363,3.093947,-14.535432124198628,-52.129010307038506,21.96253355329839,-0.194584,-0.406225,0.115174,0.885355,0.643433,0.36203,0.674484,-0.04585,0.897744,-0.438126,F,BuildTutorial
34.448,0.209799,1.536701,2.735365,38.609111648480535,-3.993138857315331,5.171619424823329,-0.328569,0.047753,-0.054059,-0.941722,0.989595,0.070436,0.125464,-0.133196,0.77824,0.613679,0.067699,1.21761,2.819632,-11.462428751747272,-2.5346966808251157,-27.121477155188053,-0.091894,-0.044803,-0.235394,0.966508,0.885165,-0.446787,0.129867,0.463255,0.87229,-0.156539,0.248862,1.131403,3.092374,-13.845937116016044,-56.2907059754736,21.757178175154017,-0.192748,-0.439797,0.109363,0.870325,0.589236,0.359903,0.723375,-0.020823,0.901776,-0.431702,F,BuildTutorial
34.481,0.210245,1.536539,2.736063,38.66688962396027,-4.041656087952628,5.208090150184532,-0.329006,0.048272,-0.054507,-0.941517,0.989398,0.070875,0.126765,-0.134403,0.777568,0.614267,0.067604,1.218319,2.819183,-11.487724868057562,-2.530883302792206,-27.237399012319457,-0.09207,-0.044915,-0.236368,0.966248,0.884225,-0.448511,0.130323,0.465052,0.871306,-0.156691,0.254364,1.136514,3.091613,-12.435415273594712,-59.39512319203744,20.022609341246643,-0.178267,-0.468653,0.09728,0.859722,0.541802,0.334358,0.771139,-0.000176,0.917515,-0.397702,F,BuildTutorial
34.514,0.210612,1.536466,2.737058,38.693576661466146,-4.1353547889006075,5.14681256566796,-0.329207,0.048873,-0.054277,-0.941429,0.989331,0.070018,0.127759,-0.134376,0.777354,0.614544,0.066897,1.218881,2.81927,-11.443538133720578,-2.5015133167156884,-27.4699481535348,-0.091667,-0.044764,-0.238306,0.965818,0.882413,-0.452113,0.130157,0.468527,0.869615,-0.155732,0.259742,1.14214,3.089159,-10.75662546821418,-63.59038119050232,20.00723310935911,-0.169577,-0.502751,0.098358,0.841909,0.475134,0.336127,0.813183,0.004892,0.923139,-0.384435,F,BuildTutorial
34.548,0.210924,1.53631,2.738101,38.70398664314795,-4.26934748239183,5.065895893017332,-0.329264,0.049744,-0.053999,-0.941379,0.989219,0.06891,0.129217,-0.134426,0.777339,0.614552,0.066318,1.219205,2.81928,-11.412093617421675,-2.6726400537044968,-27.65499636677857,-0.090971,-0.046289,-0.240002,0.965391,0.880512,-0.454971,0.133041,0.471815,0.868246,-0.153426,0.266333,1.146931,3.091296,-7.936563748086765,-65.0521058641985,19.83731288407284,-0.149871,-0.518326,0.10823,0.834963,0.439249,0.3361,0.833125,-0.025373,0.93165,-0.36247,F,BuildTutorial
34.581,0.211299,1.535878,2.738866,38.87792138746265,-4.3911758922493975,5.0420780332753345,-0.330647,0.05072,-0.054186,-0.940831,0.988983,0.06842,0.131272,-0.135502,0.775472,0.61667,0.066054,1.219311,2.819149,-11.40066662316196,-2.923940255179647,-27.63398753849891,-0.090357,-0.048366,-0.240024,0.965342,0.880099,-0.454669,0.136755,0.47215,0.868448,-0.151234,0.272815,1.150477,3.094388,-4.8649917488792,-66.04916838944035,19.33065373365202,-0.126499,-0.530804,0.117838,0.829674,0.408722,0.329826,0.850977,-0.061242,0.940225,-0.335003,F,BuildTutorial
34.615,0.211673,1.535429,2.739338,39.11744284449098,-4.449397190131737,5.0818430247895225,-0.33257,0.051373,-0.054726,-0.940087,0.988732,0.068723,0.132991,-0.137064,0.772805,0.619666,0.06604,1.219073,2.819414,-11.354875137117054,-3.0808781261203406,-27.60829599564451,-0.089653,-0.049574,-0.23993,0.965369,0.879952,-0.454354,0.138735,0.472132,0.868791,-0.149309,0.278976,1.154546,3.099245,-3.415083018645456,-65.93581258758432,20.75761050433006,-0.122582,-0.530524,0.135129,0.827803,0.400569,0.353786,0.84521,-0.093655,0.933428,-0.346326,F,BuildTutorial
34.647,0.211873,1.535141,2.739761,39.27430001568556,-4.538778212394185,5.134649175581755,-0.333791,0.052299,-0.055449,-0.93956,0.98838,0.069282,0.135293,-0.13911,0.771018,0.621434,0.066345,1.218814,2.819715,-11.298963073493669,-3.224761126472244,-27.606189589365943,-0.088881,-0.05067,-0.240023,0.965361,0.879643,-0.454411,0.140496,0.472425,0.868978,-0.14728,0.284843,1.159221,3.104578,-2.356745314453818,-64.9805756498846,19.875094326964764,-0.109766,-0.525992,0.134652,0.832558,0.410402,0.339683,0.846278,-0.108739,0.939641,-0.324424,F,BuildTutorial
34.681,0.212003,1.53512,2.740269,39.292956081008555,-4.627729689233954,5.204313975776786,-0.333869,0.053236,-0.056283,-0.939431,0.987997,0.0702,0.137604,-0.141295,0.770728,0.6213,0.06646,1.21883,2.820287,-11.30295683384338,-3.4266435291889734,-27.45883167292201,-0.088559,-0.052265,-0.238938,0.965575,0.880354,-0.452168,0.143251,0.470682,0.870132,-0.146044,0.28934,1.166404,3.107881,-3.689400911609864,-65.06560895794043,19.5891980590074,-0.118182,-0.525052,0.126289,0.833309,0.416743,0.334579,0.845211,-0.086373,0.940168,-0.32958,F,BuildTutorial
34.714,0.21214,1.53525,2.740841,39.23503404776914,-4.651183778133096,5.344731323850162,-0.333316,0.053822,-0.057491,-0.93952,0.987596,0.072149,0.13946,-0.143908,0.77119,0.620126,0.066759,1.219089,2.820703,-11.36404291120254,-3.5616034061733517,-27.28290375391912,-0.088875,-0.05339,-0.237563,0.965823,0.881427,-0.449397,0.145358,0.468377,0.87133,-0.146309,0.293608,1.174625,3.114096,-5.595626638905527,-63.54796960756751,17.305776079618962,-0.120151,-0.513713,0.102338,0.843321,0.451253,0.296054,0.841857,-0.049162,0.950181,-0.307797,F,BuildTutorial
34.748,0.212332,1.535604,2.741794,39.02876531920875,-4.711556465362331,5.548053321246426,-0.331495,0.054851,-0.059293,-0.939993,0.986952,0.075104,0.14243,-0.147835,0.773191,0.616701,0.067389,1.219158,2.821097,-11.310246710683202,-3.6619348390142257,-27.206364069511423,-0.088249,-0.054068,-0.236992,0.965983,0.881823,-0.448317,0.146285,0.467403,0.872094,-0.144868,0.297434,1.179978,3.117795,-5.76885535065511,-63.68007323210143,15.95025178487071,-0.115437,-0.515854,0.091426,0.843925,0.451071,0.273411,0.849577,-0.035217,0.956631,-0.289165,F,BuildTutorial
34.781,0.2126,1.535706,2.742863,38.92271320237421,-4.846619560194041,5.754798363636774,-0.330452,0.056526,-0.061358,-0.940128,0.98608,0.07801,0.146835,-0.152727,0.774073,0.614398,0.068175,1.219124,2.821491,-11.162898837070786,-3.6664416910399753,-27.241782888329713,-0.086979,-0.053836,-0.237284,0.96604,0.881596,-0.449087,0.145294,0.467817,0.872262,-0.142501,0.298628,1.181492,3.118809,-3.923698863384165,-66.17271328453207,17.090313082388132,-0.109432,-0.535264,0.105941,0.830839,0.404537,0.29319,0.86625,-0.05889,0.953602,-0.295253,F,BuildTutorial
34.814,0.213102,1.535592,2.743937,38.93308698859867,-5.037552813819779,5.915260948835513,-0.330353,0.058558,-0.063227,-0.939915,0.985147,0.080166,0.151853,-0.157545,0.773738,0.613603,0.069007,1.219281,2.821936,-11.07169096045734,-3.5614561760727925,-27.37470017925483,-0.086365,-0.052867,-0.238319,0.965894,0.880818,-0.45125,0.143293,0.469513,0.87149,-0.14164,0.299653,1.18075,3.122459,0.2936216786643658,-67.96215047026182,20.770540441980064,-0.098664,-0.550144,0.150889,0.815377,0.349148,0.354622,0.867375,-0.137503,0.934996,-0.326919,F,BuildTutorial
34.848,0.213613,1.535526,2.745394,38.872100515066414,-5.20205556829112,6.109395043884735,-0.329659,0.060448,-0.06528,-0.939899,0.984169,0.082858,0.156671,-0.162567,0.774127,0.611801,0.069758,1.219422,2.822572,-10.93597685262362,-3.206187202485806,-27.75180876924003,-0.085794,-0.049879,-0.241223,0.965382,0.878647,-0.457187,0.137695,0.474304,0.868901,-0.141584,0.300283,1.179308,3.123862,6.233860857896487,-71.10448680723563,26.071824387023295,-0.08786,-0.575601,0.214043,0.784315,0.245738,0.436899,0.865293,-0.23461,0.892932,-0.384227,F,BuildTutorial
34.881,0.21432,1.535333,2.746706,38.94723096151181,-5.328910342639288,6.351259900568082,-0.330073,0.062208,-0.067645,-0.939471,0.983109,0.086036,0.16154,-0.168168,0.772952,0.611771,0.070574,1.219483,2.822931,-10.839677249010544,-2.982042929091308,-28.07783937527422,-0.085317,-0.048035,-0.243799,0.964871,0.876509,-0.462273,0.134296,0.478665,0.866566,-0.141217,0.299937,1.183177,3.125848,10.702876127698705,-73.06144076009856,27.256570664570827,-0.066812,-0.593631,0.242459,0.76443,0.177633,0.450008,0.87518,-0.291363,0.8735,-0.390007,F,BuildTutorial
34.914,0.215249,1.534987,2.747705,39.24619413627345,-5.415028845287446,6.491590298398602,-0.332399,0.063416,-0.06911,-0.938463,0.982405,0.087555,0.164971,-0.171873,0.769469,0.615123,0.071858,1.219216,2.822756,-10.687612169827238,-2.8751115968338827,-28.293847286333904,-0.084174,-0.046976,-0.245536,0.964583,0.875011,-0.465772,0.13196,0.481588,0.865254,-0.139317,0.298297,1.192054,3.12783,12.61616712539894,-74.28750258095123,27.26862339739337,-0.056357,-0.603894,0.251238,0.754331,0.144382,0.447101,0.882754,-0.310966,0.867406,-0.388467,F,BuildTutorial
34.947,0.216108,1.534697,2.748834,39.45152088661971,-5.5647897453664905,6.391874456521135,-0.334049,0.064418,-0.068776,-0.937834,0.982241,0.085963,0.166775,-0.172038,0.767363,0.617704,0.072224,1.219323,2.823095,-10.672132583816452,-3.065276221448251,-28.19918784373725,-0.083676,-0.048475,-0.244878,0.964719,0.87537,-0.464365,0.134509,0.480589,0.866066,-0.137707,0.295238,1.20064,3.125811,13.987211654832633,-76.20708148698661,27.298675569515364,-0.05143,-0.617805,0.257323,0.741254,0.104204,0.44503,0.889432,-0.317935,0.86228,-0.394196,F,BuildTutorial
34.981,0.216781,1.534367,2.749631,39.65254734499926,-5.588152510539868,6.184966244949085,-0.335799,0.064066,-0.067199,-0.937347,0.98276,0.082951,0.165234,-0.169004,0.765447,0.62091,0.072484,1.219582,2.823536,-10.741881603453344,-3.415747915665039,-28.031508741518007,-0.08359,-0.051449,-0.243725,0.964865,0.875902,-0.461723,0.140029,0.478925,0.867221,-0.136227,0.292634,1.207698,3.123155,14.933733931507906,-77.30608984591036,28.43087189048204,-0.053704,-0.625264,0.268832,0.730677,0.073547,0.460019,0.884858,-0.325701,0.84969,-0.414664,F,BuildTutorial
35.014,0.217266,1.534082,2.749805,39.883110443965734,-5.584612607179442,5.968957854414854,-0.33781,0.063469,-0.065478,-0.936786,0.983369,0.079797,0.163153,-0.16556,0.763194,0.624601,0.073075,1.219951,2.823865,-10.948260074106448,-3.634561504426853,-27.686041021951873,-0.085026,-0.053464,-0.240989,0.965317,0.878132,-0.45617,0.1442,0.474353,0.86939,-0.138386,0.291038,1.215035,3.123154,13.815294471090857,-76.16390220980033,29.0090661628662,-0.061707,-0.616505,0.267527,0.737931,0.096701,0.470919,0.87686,-0.318748,0.849243,-0.420935,F,BuildTutorial
35.048,0.217343,1.533902,2.749454,40.00984175993961,-5.524277381172231,5.710097636423956,-0.339024,0.062246,-0.063215,-0.936586,0.984259,0.076206,0.15946,-0.160618,0.762134,0.62718,0.073699,1.220254,2.824405,-11.202305463498782,-3.707829153081423,-27.38316879388683,-0.087159,-0.054372,-0.23851,0.965692,0.880313,-0.451176,0.14659,0.470132,0.871033,-0.1424,0.289029,1.223171,3.124303,9.283741847134957,-74.23735301626047,28.92155474039142,-0.087716,-0.598547,0.245758,0.757397,0.16269,0.477277,0.863562,-0.267269,0.863818,-0.427067,F,BuildTutorial
35.081,0.217177,1.534199,2.749143,39.892434855056216,-5.270743302370158,5.665105153934634,-0.338225,0.060009,-0.06207,-0.937097,0.985093,0.075738,0.154456,-0.156924,0.763503,0.626449,0.074337,1.220264,2.825191,-11.4270294430198,-3.816890741238467,-27.066828893227896,-0.088982,-0.055501,-0.235944,0.966091,0.8825,-0.44601,0.149228,0.465764,0.872826,-0.145739,0.288328,1.233331,3.125635,1.6243327814839568,-70.99894319144583,27.326289419170653,-0.125941,-0.566932,0.200285,0.789059,0.276949,0.458873,0.844236,-0.173275,0.88805,-0.425845,F,BuildTutorial
35.114,0.217047,1.534764,2.748574,39.64515257863994,-4.927217418484955,5.967745866039595,-0.336231,0.058019,-0.063482,-0.937845,0.985208,0.080057,0.151514,-0.158088,0.765838,0.623298,0.075231,1.219862,2.826169,-11.58015265311368,-3.9274680416835,-26.7251806249161,-0.090216,-0.056471,-0.233162,0.966596,0.884893,-0.440558,0.151239,0.460936,0.874993,-0.14807,0.290533,1.241139,3.123881,-5.785206199537794,-67.28751986486846,21.663060942243504,-0.145244,-0.535569,0.128785,0.821879,0.393161,0.367267,0.842935,-0.056115,0.924637,-0.376692,F,BuildTutorial
35.147,0.216963,1.535539,2.747754,39.43081401849541,-4.654464710453968,6.260043944557983,-0.33448,0.056574,-0.065037,-0.938452,0.985139,0.084223,0.149692,-0.159915,0.767786,0.620429,0.07642,1.21922,2.827132,-11.626060909570468,-3.8320215728127183,-26.6285389889465,-0.090845,-0.05568,-0.232275,0.966796,0.885896,-0.439009,0.149865,0.459242,0.875591,-0.149791,0.2902,1.245821,3.119152,-13.08562922777534,-64.38263586777427,18.3709847282554,-0.179682,-0.507098,0.074286,0.839671,0.474667,0.306985,0.824895,0.057481,0.924392,-0.377089,F,BuildTutorial
35.18,0.216975,1.536527,2.747378,39.00110606661938,-4.502064219591417,6.489749253207829,-0.330928,0.055846,-0.066406,-0.939659,0.984943,0.087835,0.148903,-0.161759,0.772154,0.614502,0.077694,1.218871,2.828375,-11.489599076535267,-3.47410444861279,-26.735212018546083,-0.090368,-0.052475,-0.232883,0.966874,0.886024,-0.440853,0.143564,0.459821,0.875198,-0.150308,0.292439,1.240058,3.112457,-16.42928965037982,-59.04136638573803,16.475386547973542,-0.192925,-0.464836,0.053723,0.862451,0.562083,0.272025,0.781067,0.086689,0.919787,-0.382722,F,BuildTutorial
35.214,0.217004,1.537244,2.746859,38.77360353365695,-4.353191241987394,6.600347853861348,-0.329092,0.054862,-0.06685,-0.94033,0.985043,0.089613,0.147176,-0.161832,0.774459,0.611575,0.078713,1.219429,2.829771,-11.644601445001047,-3.09606386650251,-26.63680643075826,-0.092488,-0.049513,-0.231757,0.9671,0.887675,-0.439105,0.138638,0.457423,0.875469,-0.155941,0.293086,1.23021,3.10063,-18.945560443179104,-55.820437012039314,15.22893419844533,-0.205332,-0.438362,0.039139,0.874154,0.612614,0.248447,0.750319,0.111592,0.912614,-0.393298,F,BuildTutorial
35.248,0.217164,1.537524,2.746034,38.677502322069614,-4.284602833885171,6.6066252884776935,-0.328339,0.054282,-0.066691,-0.940638,0.985212,0.089817,0.145914,-0.161109,0.775492,0.610456,0.08028,1.220217,2.830557,-11.817968693230744,-2.6873171150272137,-26.683804074626057,-0.09476,-0.046445,-0.231821,0.967017,0.888204,-0.439547,0.133762,0.457152,0.874559,-0.161736,0.293135,1.218962,3.085207,-21.14763061137846,-52.83948777175576,13.042093185153028,-0.212947,-0.415895,0.01886,0.883928,0.653351,0.210469,0.727211,0.143786,0.908596,-0.392147,F,BuildTutorial
35.281,0.217399,1.537663,2.745393,38.715743078016125,-4.26110272635482,6.472374043065552,-0.32873,0.053718,-0.065527,-0.940615,0.985641,0.087954,0.144137,-0.158589,0.775285,0.611378,0.081204,1.221603,2.831606,-12.098007034758725,-2.364991723921265,-26.58369996110143,-0.097816,-0.044195,-0.230699,0.967087,0.889649,-0.437567,0.130612,0.454859,0.87442,-0.168801,0.292658,1.206405,3.069282,-22.68304531859006,-50.04443953769565,10.135597338096783,-0.214136,-0.397348,-0.004374,0.892324,0.684192,0.162367,0.710998,0.177979,0.908253,-0.378681,F,BuildTutorial
35.314,0.217778,1.537609,2.744902,38.75753673384906,-4.200981840350082,6.3667044781300435,-0.329157,0.052936,-0.064493,-0.940582,0.986077,0.086473,0.142039,-0.156171,0.774992,0.612371,0.081895,1.222839,2.832715,-12.320046595640338,-2.097141987899521,-26.61502478731588,-0.100219,-0.042401,-0.230721,0.966916,0.88994,-0.437676,0.128242,0.454674,0.873448,-0.174242,0.291398,1.193578,3.054324,-23.1857542858996,-47.59218129220606,9.796178894340088,-0.216949,-0.378109,-0.004255,0.899972,0.714031,0.156402,0.682421,0.171719,0.90583,-0.387278,F,BuildTutorial
35.348,0.218268,1.537325,2.744271,38.9551658836136,-4.191893123448801,6.2777857228102985,-0.330827,0.052674,-0.063765,-0.94006,0.986319,0.085033,0.141225,-0.154738,0.772976,0.615276,0.082402,1.223923,2.833526,-12.533037426266905,-1.9972773687167624,-26.524051835758957,-0.102252,-0.041899,-0.229851,0.966932,0.890826,-0.435933,0.128032,0.45307,0.873426,-0.17848,0.289031,1.183122,3.036786,-23.64208394521698,-46.49372791391076,8.643811110867466,-0.216802,-0.37104,-0.012852,0.902863,0.724328,0.137678,0.675569,0.184091,0.905664,-0.381948,F,BuildTutorial
35.381,0.218805,1.537046,2.74352,39.19270173450872,-4.186449053388179,6.17244141218628,-0.332829,0.052405,-0.062919,-0.939425,0.98659,0.083332,0.140345,-0.1531,0.770533,0.61874,0.083082,1.22464,2.834291,-12.78477648150916,-1.7449974938314088,-26.611043501474704,-0.104853,-0.040347,-0.230336,0.966604,0.890635,-0.436827,0.126302,0.453748,0.871902,-0.184116,0.285201,1.175549,3.020631,-24.92625043536782,-44.66364051820551,7.639159438943069,-0.223897,-0.356894,-0.021653,0.906658,0.744316,0.120551,0.656857,0.199079,0.898802,-0.390541,F,BuildTutorial
35.414,0.219139,1.536597,2.742902,39.30078013876226,-4.249290178707563,5.87468194658666,-0.333818,0.052089,-0.060677,-0.939239,0.98721,0.079205,0.138358,-0.148757,0.769768,0.620749,0.084201,1.224662,2.83468,-12.80803326297615,-1.3935440498453069,-26.63338048408988,-0.105748,-0.037449,-0.230199,0.966656,0.891212,-0.437127,0.121087,0.452968,0.871651,-0.187203,0.28024,1.1699,3.005997,-26.66079862754066,-41.942373630305156,8.57225448995154,-0.240719,-0.331191,-0.014382,0.912228,0.780212,0.133208,0.611167,0.185687,0.883695,-0.429654,F,BuildTutorial
35.447,0.219589,1.535907,2.741738,39.650535670004025,-4.383094563504956,5.6454628467511085,-0.336722,0.05262,-0.059247,-0.938264,0.987442,0.075742,0.138644,-0.146616,0.766217,0.625633,0.084817,1.224667,2.835339,-12.88303385344424,-1.1387853635219862,-26.55091996066288,-0.106918,-0.035372,-0.229257,0.966829,0.89238,-0.435741,0.117421,0.450868,0.87202,-0.190524,0.272371,1.16309,2.989102,-26.307240096910057,-41.29803153640073,5.788570598195385,-0.230011,-0.3322,-0.034136,0.914097,0.776956,0.090412,0.623029,0.215226,0.89186,-0.397824,F,BuildTutorial
35.481,0.219964,1.535172,2.740348,40.082364445537934,-4.547148570782513,5.410504607087766,-0.340285,0.053389,-0.057885,-0.937019,0.987598,0.072144,0.139448,-0.144814,0.761711,0.631527,0.085686,1.224151,2.835707,-12.910274525078192,-0.8470823306039881,-26.5309172882615,-0.107737,-0.032946,-0.228811,0.96693,0.89312,-0.43539,0.113017,0.449588,0.872076,-0.193271,0.259324,1.155222,2.970417,-26.5942261079426,-43.40818302972376,6.227894826059174,-0.23293,-0.347759,-0.035814,0.907483,0.755563,0.097005,0.647854,0.227009,0.888922,-0.397851,F,BuildTutorial
35.514,0.220325,1.534128,2.738747,40.45617582161503,-4.835960196406487,4.9850578348978605,-0.343402,0.054573,-0.055344,-0.935967,0.987918,0.06612,0.140168,-0.141082,0.758025,0.636784,0.086571,1.223192,2.836066,-12.745637548860328,-0.5861719596664258,-26.44351897355665,-0.106891,-0.030336,-0.227857,0.967334,0.894322,-0.434342,0.107401,0.447312,0.873311,-0.192975,0.24603,1.144787,2.958295,-26.850573665628808,-42.46837683490147,8.438752851077927,-0.241747,-0.335406,-0.017156,0.910366,0.774417,0.13093,0.61898,0.193403,0.882529,-0.428647,F,BuildTutorial
35.547,0.22064,1.5327,2.736544,41.03189904407113,-5.141357238624736,4.6928487979947855,-0.348102,0.056306,-0.054012,-0.934204,0.987825,0.061716,0.142807,-0.140118,0.751815,0.644315,0.087198,1.222529,2.836909,-12.583770145154793,-0.1936794933569633,-26.576428560591143,-0.106273,-0.026825,-0.228645,0.96732,0.894003,-0.436645,0.100495,0.448048,0.872855,-0.193332,0.235691,1.130743,2.946195,-25.8150488221258,-41.82664796019413,3.5941740817089136,-0.219471,-0.341221,-0.051143,0.912571,0.761905,0.056433,0.645226,0.24312,0.898434,-0.365664,F,BuildTutorial
35.581,0.220653,1.531736,2.734358,41.507621608600225,-5.445004425672979,4.335097493569276,-0.35202,0.057772,-0.052147,-0.932751,0.987886,0.056607,0.144488,-0.137955,0.746726,0.650668,0.088383,1.222769,2.837133,-12.675252213681818,0.3379839149691669,-26.798702458576106,-0.108061,-0.022729,-0.230003,0.966905,0.893164,-0.43987,0.093663,0.449695,0.870843,-0.198513,0.223676,1.114344,2.936751,-25.925684014033735,-41.79304177280732,6.541847372081252,-0.229056,-0.335068,-0.027934,0.9135,0.773898,0.102463,0.624967,0.204535,0.893506,-0.399766,F,BuildTutorial
35.613,0.220342,1.53109,2.732515,41.634031029220736,-5.730144860316133,3.8650233935549183,-0.353163,0.058664,-0.049235,-0.932422,0.988269,0.050379,0.144175,-0.133251,0.745704,0.652817,0.089432,1.223988,2.836738,-13.007153092049942,0.7754688611048571,-26.813559413500258,-0.111735,-0.019721,-0.22962,0.966644,0.893772,-0.439514,0.08944,0.448328,0.869581,-0.206958,0.215314,1.098153,2.92957,-25.916902914250155,-41.41063355741545,6.877124764690095,-0.230049,-0.331356,-0.024466,0.914703,0.779209,0.107698,0.617442,0.197215,0.892958,-0.40464,F,BuildTutorial
35.647,0.220064,1.530866,2.730795,41.79613144005874,-5.94256067424638,3.64267907532898,-0.354508,0.059723,-0.048133,-0.931902,0.988233,0.047367,0.145438,-0.132055,0.744015,0.654983,0.090366,1.225704,2.835701,-13.29126199146104,1.154747425939345,-26.93094610402455,-0.114872,-0.017213,-0.230149,0.966199,0.893471,-0.440784,0.086137,0.448693,0.867672,-0.214055,0.20667,1.084063,2.922978,-24.625765571017737,-42.802845160066184,7.858619511899705,-0.222509,-0.342063,-0.015299,0.912825,0.765517,0.124293,0.631296,0.180155,0.900512,-0.395756,F,BuildTutorial
35.68,0.219817,1.531019,2.729681,41.752330874509106,-6.094702577875127,3.5255097840553145,-0.354149,0.060594,-0.047636,-0.932007,0.988118,0.045876,0.146689,-0.131713,0.744618,0.654367,0.090334,1.227737,2.834624,-13.618143396278516,1.3453093439621668,-26.877871348506165,-0.118016,-0.016215,-0.2294,0.966015,0.894225,-0.439381,0.085473,0.447035,0.866896,-0.220572,0.201155,1.076381,2.920248,-25.046117471230076,-42.543437753222655,10.532743706747036,-0.233714,-0.334119,0.005165,0.913081,0.776676,0.165608,0.607741,0.146745,0.890703,-0.43025,F,BuildTutorial
35.714,0.21986,1.531147,2.728618,41.694418090610455,-6.148259606051932,3.522342546724229,-0.353657,0.061015,-0.047756,-0.932161,0.987993,0.045876,0.14753,-0.132189,0.745293,0.653502,0.089978,1.229023,2.833288,-13.83457940088208,1.302843631134995,-26.85847395283619,-0.119757,-0.016991,-0.229207,0.965833,0.894351,-0.438682,0.087719,0.446821,0.866245,-0.223542,0.197895,1.071498,2.91952,-25.412748248238437,-41.19008708894647,9.554782577607426,-0.233761,-0.324806,-0.00105,0.916437,0.789,0.149929,0.595819,0.153778,0.89071,-0.427771,F,BuildTutorial
35.747,0.219788,1.531066,2.727463,41.71206038345083,-6.093701584059994,3.363446434658478,-0.353907,0.060082,-0.046301,-0.9322,0.988493,0.043797,0.144791,-0.128852,0.745212,0.65426,0.089349,1.229363,2.831816,-13.835364903657611,1.2908664849774338,-26.990030206834312,-0.11972,-0.017231,-0.230328,0.965567,0.893305,-0.440668,0.088424,0.448919,0.865233,-0.223257,0.197749,1.070719,2.921407,-26.47198556595395,-38.773964433445705,8.481468297199847,-0.239283,-0.306273,-0.007894,0.921346,0.812269,0.132025,0.568144,0.161118,0.885363,-0.436089,F,BuildTutorial
35.781,0.219703,1.530854,2.726184,41.726972327108506,-5.965725550491271,3.2618311636450232,-0.354132,0.058728,-0.045084,-0.93226,0.989037,0.042465,0.141431,-0.125654,0.745116,0.654991,0.089133,1.228693,2.829869,-13.763947316845885,1.3368527815310862,-26.969570627166803,-0.119214,-0.016677,-0.230132,0.965686,0.893523,-0.440494,0.08708,0.448446,0.865655,-0.22257,0.196398,1.067651,2.92377,-25.68599878278501,-37.97890453165891,7.149678344964048,-0.229556,-0.303531,-0.014704,0.924639,0.815305,0.112163,0.568064,0.166546,0.894176,-0.415587,F,BuildTutorial
35.814,0.219777,1.530643,2.724631,41.85132293963692,-5.7550878406127515,3.32000780453385,-0.355198,0.057204,-0.044946,-0.931956,0.989415,0.043139,0.138553,-0.124414,0.743628,0.656916,0.088698,1.227607,2.828505,-13.532691232892684,1.424843442831365,-27.05801577447999,-0.117431,-0.015556,-0.230866,0.965748,0.892918,-0.442263,0.084268,0.44957,0.865822,-0.219634,0.193183,1.061578,2.925818,-23.77622621881739,-39.05586879036049,8.264743248505686,-0.217218,-0.312256,-0.002221,0.924829,0.804983,0.131547,0.578531,0.139763,0.905623,-0.400391,F,BuildTutorial
35.847,0.219759,1.530471,2.722708,42.00095839934788,-5.436304130706151,3.3009435081686833,-0.356549,0.054565,-0.043847,-0.931651,0.9902,0.042789,0.132938,-0.12061,0.741901,0.659573,0.088213,1.226323,2.827433,-13.366595339026588,1.4866155499047693,-26.92924365655919,-0.116173,-0.014566,-0.229775,0.966176,0.893983,-0.440622,0.081534,0.44739,0.867415,-0.217794,0.193643,1.060376,2.925548,-24.819900411730725,-39.35025168970019,9.219418697238249,-0.22813,-0.311493,0.001786,0.922456,0.805938,0.145416,0.573863,0.138827,0.895907,-0.421992,F,BuildTutorial
35.88,0.219679,1.53064,2.721138,41.95815705841165,-5.137732404215345,3.3461845933658796,-0.356293,0.052274,-0.043274,-0.931907,0.99079,0.043405,0.128266,-0.117905,0.742366,0.659539,0.08835,1.225131,2.826152,-13.205232386351996,1.5774886793695595,-27.06880113025686,-0.114979,-0.013612,-0.230916,0.96606,0.892985,-0.443027,0.079401,0.449287,0.866916,-0.215867,0.195026,1.059329,2.925773,-24.091208031320967,-38.96617199210125,7.823677178625362,-0.218535,-0.312003,-0.006543,0.924583,0.805223,0.124268,0.579804,0.148466,0.904399,-0.400025,F,BuildTutorial
35.913,0.219658,1.531183,2.720006,41.699253708391176,-4.789221209907303,3.374122837814038,-0.354302,0.049498,-0.042353,-0.932859,0.991512,0.043944,0.12236,-0.114093,0.745352,0.656836,0.087956,1.225014,2.825362,-13.175654804773473,1.688185023686671,-27.13125413686718,-0.114946,-0.012681,-0.231342,0.965975,0.89264,-0.444026,0.077682,0.449856,0.866537,-0.216203,0.197429,1.062375,2.923849,-24.51688068020353,-39.71726846183009,8.931329355634347,-0.224936,-0.315399,-0.000345,0.921915,0.801047,0.141253,0.581697,0.142526,0.898807,-0.414526,F,BuildTutorial
35.947,0.219692,1.531543,2.719104,41.543009958194034,-4.413566159574672,3.463430126253761,-0.353129,0.046696,-0.041884,-0.933469,0.992131,0.045214,0.11676,-0.111174,0.747091,0.655359,0.087807,1.225786,2.824307,-13.337210746681784,1.7682524704017677,-26.993579451841956,-0.116483,-0.012197,-0.230042,0.966108,0.893864,-0.441649,0.077158,0.447332,0.867025,-0.219458,0.201434,1.068859,2.921384,-25.797729437848616,-39.898052679053926,10.110826493314072,-0.238326,-0.31279,0.004875,0.919423,0.804277,0.158057,0.57285,0.140127,0.886354,-0.441295,F,BuildTutorial
35.98,0.219832,1.531705,2.718367,41.48577303922784,-4.131730068421689,3.5471376618862385,-0.352732,0.04465,-0.041686,-0.933729,0.992537,0.046348,0.11279,-0.109346,0.747685,0.654989,0.087188,1.227532,2.823648,-13.649272546582,1.7768477624185024,-26.797893722283288,-0.11915,-0.012557,-0.228268,0.966198,0.895472,-0.438112,0.078662,0.444097,0.867394,-0.224512,0.209045,1.080804,2.918544,-27.296362325401468,-38.342187152260855,8.025322047128817,-0.244658,-0.302739,-0.013067,0.921043,0.816356,0.124065,0.564066,0.172205,0.879944,-0.442769,F,BuildTutorial
36.013,0.219923,1.531895,2.718019,41.40503212906568,-3.888527941067521,3.4692796726511705,-0.35219,0.042417,-0.040288,-0.934099,0.993155,0.045389,0.107622,-0.105144,0.748678,0.654542,0.086269,1.229014,2.823349,-13.823639423681351,1.7178812871668692,-26.792302367806645,-0.120502,-0.013401,-0.228218,0.966031,0.895474,-0.437702,0.080893,0.444161,0.866792,-0.2267,0.219197,1.098555,2.913716,-30.657073282678393,-37.42576291794092,7.222922051423874,-0.269372,-0.293027,-0.027105,0.916973,0.826802,0.108157,0.551998,0.207576,0.853408,-0.478129,F,BuildTutorial
36.047,0.219877,1.531971,2.717982,41.30931543296791,-3.67156661652336,3.2570232856696206,-0.351559,0.039983,-0.037874,-0.934544,0.993934,0.042678,0.101361,-0.098903,0.749943,0.654067,0.085279,1.230456,2.823133,-14.117429526300237,1.626949469288794,-26.723803578669767,-0.122804,-0.014688,-0.227629,0.965862,0.895938,-0.43611,0.08428,0.443324,0.866208,-0.230536,0.234115,1.120593,2.910722,-35.05416745622504,-34.70017727740773,7.9164594312490335,-0.306398,-0.263844,-0.026764,0.914216,0.85934,0.112747,0.498822,0.210619,0.810807,-0.546105,F,BuildTutorial
36.08,0.220117,1.531848,2.717922,41.31189743531183,-3.471886358660124,3.2648996230190943,-0.351643,0.038379,-0.037326,-0.934602,0.994268,0.042778,0.097989,-0.096761,0.749907,0.654428,0.084043,1.231803,2.823261,-14.3961039424266,1.4785906897850298,-26.7367674211557,-0.124854,-0.016514,-0.227797,0.96553,0.895672,-0.435765,0.088772,0.444012,0.86504,-0.233578,0.255617,1.144658,2.911768,-38.98243218203157,-28.63356871638113,4.294420908385791,-0.331807,-0.220835,-0.048228,0.915866,0.897812,0.058208,0.436515,0.23489,0.775157,-0.58648,F,BuildTutorial
36.115,0.220772,1.531766,2.717968,41.26135028569098,-3.0109548280133898,3.3367447400557855,-0.351356,0.034832,-0.036491,-0.934882,0.99491,0.043753,0.09077,-0.092706,0.750434,0.654411,0.083389,1.232267,2.823571,-14.558090352908332,1.3708239935243545,-26.810168457638365,-0.125992,-0.017829,-0.228475,0.965198,0.894962,-0.436555,0.091988,0.44554,0.86385,-0.235068,0.277067,1.165549,2.913188,-41.98411027126995,-23.716629903488688,1.8237109595338372,-0.353602,-0.18625,-0.059065,0.914761,0.923644,0.023657,0.38252,0.239777,0.742954,-0.624921,F,BuildTutorial
36.147,0.222353,1.532178,2.717933,41.05447641912773,-2.084581821368165,3.4416709002829,-0.349925,0.027556,-0.034494,-0.935737,0.996102,0.04527,0.075712,-0.083841,0.752726,0.652974,0.082865,1.232524,2.824471,-14.757285688636143,1.1891285598506294,-26.85129352837809,-0.127299,-0.019807,-0.228952,0.964875,0.894377,-0.436777,0.096514,0.446863,0.862752,-0.236586,0.291673,1.186357,2.91897,-44.94956620851887,-20.26761892977093,1.5682477264860126,-0.378503,-0.157419,-0.054806,0.910468,0.944431,0.019368,0.328138,0.218966,0.707464,-0.671974,F,BuildTutorial
36.181,0.224892,1.533049,2.717714,40.70161479485052,-0.6517605217539123,3.6024892676747946,-0.347422,0.016261,-0.031447,-0.93704,0.997493,0.047635,0.052326,-0.070233,0.756618,0.650074,0.084163,1.232091,2.824896,-14.9498607138145,1.159616315527269,-26.684538091789676,-0.12889,-0.020257,-0.227514,0.964995,0.895654,-0.433877,0.097744,0.444321,0.86325,-0.23954,0.312201,1.199508,2.921432,-46.88780517638953,-16.597466376637353,0.4289291790932862,-0.394178,-0.130945,-0.054025,0.908052,0.959869,0.005117,0.280401,0.201346,0.68341,-0.70172,F,BuildTutorial
36.213,0.228609,1.53418,2.717309,40.176326237944366,1.51082005205603,4.110598502047627,-0.343659,-5.7e-05,-0.029154,-0.938642,0.9983,0.05477,0.01993,-0.054691,0.762098,0.645148,0.085664,1.231355,2.826496,-15.025323794189848,1.4333646234040849,-26.359185241275984,-0.130119,-0.017734,-0.224437,0.9656,0.898627,-0.428817,0.092655,0.438047,0.865395,-0.243325,0.329762,1.204819,2.927386,-45.789296066362645,-14.31702488086164,0.5520386848381579,-0.386554,-0.112937,-0.044076,0.914264,0.970605,0.006719,0.240584,0.167906,0.697267,-0.696869,F,BuildTutorial
36.247,0.234147,1.535582,2.716879,39.47155266684837,4.854595617615049,4.991771183877586,-0.338796,-0.025134,-0.026665,-0.940146,0.997315,0.067169,-0.029192,-0.033107,0.769012,0.638376,0.088495,1.230165,2.82807,-14.864028724398162,2.012633051845514,-26.38624148054489,-0.129891,-0.012562,-0.22407,0.965797,0.89927,-0.429548,0.082474,0.436075,0.865842,-0.245268,0.346196,1.205065,2.932866,-44.567539658399326,-12.420701338431034,3.829651580863269,-0.380103,-0.087448,-0.010261,0.920744,0.984495,0.047582,0.168834,0.085374,0.710832,-0.698161,F,BuildTutorial
36.28,0.241219,1.536815,2.716154,38.76526615704158,9.230410482605082,6.325319096241094,-0.334483,-0.057537,-0.025212,-0.940306,0.992108,0.085905,-0.091339,-0.008924,0.774971,0.631934,0.092572,1.229411,2.82983,-14.833541000630388,2.848976761174905,-26.24233374848704,-0.131273,-0.005287,-0.221917,0.966174,0.90145,-0.427433,0.06848,0.430209,0.867041,-0.251318,0.36553,1.202063,2.93842,-43.30535830046195,-9.97728330648775,5.425668452248502,-0.370995,-0.063334,0.011774,0.926398,0.9917,0.068808,0.108609,0.025179,0.724448,-0.688869,F,BuildTutorial
36.313,0.248922,1.53784,2.715354,38.12574589711953,13.873376544692244,7.692922714478462,-0.331142,-0.092143,-0.023584,-0.938775,0.981907,0.105304,-0.157384,0.016745,0.779578,0.626082,0.097352,1.229541,2.831715,-15.03769976156909,3.7166453865521607,-26.022516436146574,-0.134664,0.001879,-0.218955,0.966396,0.904111,-0.4237,0.055338,0.422687,0.867849,-0.2611,0.38905,1.195008,2.944396,-40.758109847389534,-4.685834722229708,4.023401835956322,-0.349069,-0.026084,0.018652,0.936548,0.997943,0.053148,0.035836,-0.016727,0.755606,-0.654813,F,BuildTutorial
36.347,0.256619,1.538738,2.714725,37.46224765064304,18.23733838856444,9.020781386286696,-0.32789,-0.124687,-0.022799,-0.936174,0.967867,0.124455,-0.218507,0.03908,0.783936,0.61961,0.103156,1.229734,2.833167,-15.15973479608551,4.5869478162576565,-25.777648761398886,-0.13733,0.009269,-0.215788,0.96669,0.906699,-0.419746,0.041349,0.414655,0.869152,-0.269511,0.411741,1.186751,2.949449,-37.41124824106331,0.0093781699777045,4.425864685258029,-0.320464,0.012461,0.0366,0.946472,0.99701,0.061295,-0.047045,-0.077268,0.791927,-0.605708,F,BuildTutorial
36.38,0.263975,1.539559,2.714419,36.85170909765322,21.752273388929957,10.144539324616712,-0.325011,-0.150869,-0.022967,-0.933316,0.953422,0.14094,-0.266687,0.055196,0.787681,0.613606,0.109262,1.23005,2.834686,-15.209892897196651,5.521022406059782,-25.496717762741056,-0.139464,0.017391,-0.212258,0.967054,0.909289,-0.41538,0.025568,0.405678,0.870993,-0.277121,0.430871,1.178534,2.952755,-34.273740978298214,1.4250732104159245,6.322310596016341,-0.293529,0.028113,0.056351,0.953874,0.992069,0.090999,-0.086714,-0.124007,0.821331,-0.556811,F,BuildTutorial
36.413,0.270509,1.540142,2.714111,36.39558892019682,24.32288611489393,10.786079443271726,-0.322748,-0.170551,-0.021783,-0.930737,0.940876,0.150639,-0.303415,0.06954,0.790719,0.608217,0.115557,1.230259,2.836173,-15.229042391487985,6.418880103296438,-25.273496794584975,-0.141235,0.025205,-0.209261,0.967278,0.91115,-0.411946,0.010348,0.397707,0.872526,-0.283775,0.447331,1.174463,2.953265,-33.967284127159715,0.754017959053705,11.024931367595524,-0.290137,0.034323,0.093784,0.95176,0.980053,0.158603,-0.119756,-0.198437,0.81405,-0.545844,F,BuildTutorial
36.447,0.276766,1.540702,2.714133,35.973504465543705,26.310945596752703,11.135458317543243,-0.320277,-0.186276,-0.01991,-0.928616,0.929809,0.156297,-0.333205,0.082343,0.794052,0.602247,0.122166,1.229996,2.837522,-15.07811533051185,7.395853110223924,-25.154382084606652,-0.14171,0.033894,-0.207164,0.967395,0.911869,-0.410424,-0.006864,0.391212,0.874003,-0.288222,0.469698,1.172799,2.955821,-34.01576542761585,1.9956169191180944,14.586166774055318,-0.287979,0.053644,0.126427,0.947738,0.962277,0.208742,-0.174498,-0.270535,0.802169,-0.532293,F,BuildTutorial
36.48,0.282529,1.541108,2.714506,35.67933022295603,27.596915079434737,11.358193086066176,-0.31852,-0.196484,-0.018771,-0.927139,0.922083,0.159976,-0.352379,0.090362,0.796385,0.598002,0.128726,1.229495,2.839002,-14.82869375745924,8.508160388952605,-25.316668163421657,-0.14168,0.043571,-0.207366,0.966968,0.910202,-0.413379,-0.025505,0.388687,0.873852,-0.29207,0.498523,1.172005,2.962654,-32.72270134771957,4.474323407317752,15.80315550352864,-0.273658,0.075795,0.142696,0.948158,0.947786,0.229113,-0.22183,-0.31208,0.809499,-0.497311,F,BuildTutorial
36.513,0.287927,1.54116,2.714983,35.613961912393904,28.40487519096404,11.404595753038842,-0.318207,-0.202982,-0.017049,-0.925879,0.917016,0.16075,-0.365023,0.09761,0.796908,0.596163,0.13463,1.22927,2.840754,-14.66071511509521,9.468425082903783,-25.5539370128653,-0.14211,0.051711,-0.208331,0.966297,0.907848,-0.417316,-0.040726,0.387921,0.872806,-0.296186,0.534301,1.175223,2.970809,-33.30105816306882,9.191946579852884,17.947163047051454,-0.270142,0.120379,0.171637,0.93972,0.912099,0.257542,-0.318978,-0.38762,0.795128,-0.466393,F,BuildTutorial
36.546,0.293195,1.541143,2.71581,35.611038447156986,28.893039525623468,11.473591311287224,-0.318378,-0.206737,-0.016257,-0.925003,0.913991,0.161717,-0.372113,0.101566,0.796742,0.595724,0.140117,1.229011,2.842362,-14.577665843495506,10.107901528698472,-25.801232863379912,-0.142697,0.056961,-0.209701,0.965618,0.905562,-0.421239,-0.050159,0.388726,0.871326,-0.299472,0.574438,1.179334,2.980894,-33.56966195019403,15.658093444280064,17.12553824108356,-0.26348,0.171557,0.180119,0.932043,0.87625,0.245354,-0.414713,-0.426162,0.79627,-0.429348,F,BuildTutorial
36.58,0.298165,1.541037,2.717049,35.643979800349314,28.869776648750324,11.370734814969383,-0.318451,-0.206787,-0.015415,-0.924982,0.914004,0.160219,-0.37273,0.103186,0.796703,0.595497,0.145169,1.228606,2.844363,-14.389024309538366,10.554116417766217,-26.066979954694485,-0.142073,0.060773,-0.211575,0.965069,0.903085,-0.425638,-0.057182,0.391101,0.870103,-0.299936,0.614452,1.179332,2.994696,-29.879228745107923,21.552139762001648,13.554300470094336,-0.230167,0.209275,0.159873,0.93684,0.86129,0.203214,-0.465708,-0.395886,0.842928,-0.364344,F,BuildTutorial
36.613,0.302997,1.540778,2.718271,35.82000696748915,28.502294940874453,11.133963039897376,-0.319377,-0.204224,-0.014121,-0.925252,0.916187,0.156579,-0.368897,0.104318,0.795597,0.596777,0.149994,1.228535,2.846366,-14.241184539741065,10.81205562211475,-26.45859437062879,-0.141526,0.062764,-0.214705,0.96433,0.899925,-0.431859,-0.060277,0.396328,0.867744,-0.299908,0.649709,1.174075,3.011603,-24.455455446617822,24.50070246740419,12.819480732604386,-0.182531,0.22918,0.15128,0.944073,0.849182,0.201973,-0.487952,-0.369303,0.887594,-0.275304,F,BuildTutorial
36.647,0.307843,1.540515,2.719439,35.96596335744345,28.108082903806807,10.895668638314174,-0.320069,-0.201497,-0.012965,-0.925628,0.918462,0.152987,-0.364724,0.104985,0.794776,0.597754,0.15487,1.229089,2.847986,-14.250963228185048,11.0394105723486,-26.601281918249615,-0.142114,0.06448,-0.215614,0.963928,0.898706,-0.433999,-0.063025,0.397346,0.866629,-0.30178,0.67567,1.167641,3.029184,-21.702921967593763,23.757162589177486,14.779338768229051,-0.156701,0.224174,0.162042,0.948121,0.846977,0.237015,-0.475872,-0.377528,0.898374,-0.224493,F,BuildTutorial
36.68,0.312285,1.540259,2.720618,36.18012247358738,27.699466150199815,10.588169155150831,-0.321193,-0.198756,-0.011145,-0.925855,0.920744,0.148314,-0.360878,0.107041,0.793422,0.599186,0.159715,1.230045,2.849473,-14.384933991147488,11.193492375655447,-26.704724920350035,-0.143583,0.065367,-0.216149,0.96353,0.898014,-0.435304,-0.063895,0.397762,0.865327,-0.304951,0.695456,1.160309,3.044924,-20.306698963163488,21.88406215837638,15.710722675257244,-0.145918,0.208745,0.165234,0.952802,0.858246,0.253952,-0.446007,-0.37579,0.902812,-0.209077,F,BuildTutorial
36.713,0.316655,1.540116,2.722073,36.213105841006545,27.20073440227863,10.38700310817888,-0.321062,-0.195243,-0.010844,-0.926651,0.923525,0.145466,-0.354881,0.105274,0.793603,0.599259,0.163755,1.23138,2.851004,-14.504549851542372,11.20515279584806,-26.84224932113933,-0.144683,0.065041,-0.217162,0.96316,0.89722,-0.437145,-0.06245,0.399504,0.863815,-0.306955,0.71011,1.147251,3.0579,-16.837274172825598,21.015857270931075,14.470072325771216,-0.120083,0.197099,0.148981,0.961528,0.877914,0.239162,-0.414812,-0.333835,0.926769,-0.172199,F,BuildTutorial
36.746,0.320866,1.540052,2.72374,36.18716765880904,26.76626785481324,10.381814259455137,-0.320803,-0.191778,-0.012075,-0.927449,0.926151,0.145444,-0.347981,0.100648,0.79388,0.599687,0.167056,1.232993,2.852095,-14.659114630172114,10.915382762044386,-26.91020822600874,-0.145462,0.062194,-0.217935,0.963056,0.897273,-0.437861,-0.05639,0.401673,0.86269,-0.307285,0.722454,1.128717,3.06943,-10.371236114051335,21.360092478632527,15.2410352686663,-0.063557,0.194714,0.146383,0.967791,0.881317,0.258586,-0.395492,-0.308087,0.949065,-0.066013,F,BuildTutorial
36.78,0.324585,1.539798,2.725305,36.29440199044221,26.367591494599058,10.286177262899376,-0.321458,-0.188674,-0.012189,-0.927857,0.928507,0.143921,-0.342289,0.098682,0.793032,0.601134,0.169383,1.235029,2.853009,-14.929230453476244,10.543530032326196,-26.85860443566078,-0.146985,0.058566,-0.217693,0.963107,0.89836,-0.43654,-0.048816,0.402106,0.86201,-0.308624,0.728143,1.116265,3.077152,-8.352222842227924,20.981026787322055,16.169613363975618,-0.045355,0.189855,0.151048,0.969063,0.88228,0.275527,-0.381664,-0.309971,0.950255,-0.03055,F,BuildTutorial
36.813,0.327784,1.539304,2.726901,36.43179135728874,25.919424931841533,10.200749655539177,-0.322368,-0.185101,-0.012467,-0.928257,0.931164,0.142487,-0.335605,0.096196,0.791847,0.603096,0.171364,1.236779,2.853121,-15.16349485283,10.070547039061434,-26.762241396354277,-0.147998,0.054223,-0.217253,0.963306,0.899722,-0.434613,-0.04016,0.402513,0.861795,-0.308694,0.732432,1.108096,3.082238,-8.179147076954193,21.82931074138593,13.458918673390388,-0.047412,0.195769,0.128179,0.97108,0.89049,0.23038,-0.392369,-0.267507,0.962645,-0.041895,F,BuildTutorial
36.846,0.330334,1.538822,2.72856,36.57069791297677,25.35507805875098,10.12328522617135,-0.323292,-0.180563,-0.013142,-0.92882,0.934449,0.141163,-0.326923,0.092335,0.790619,0.605306,0.171791,1.237816,2.853442,-15.177320971002032,9.60340261177413,-26.92069149706957,-0.147296,0.050063,-0.219173,0.963203,0.898914,-0.436965,-0.031876,0.407468,0.860534,-0.305696,0.736335,1.099103,3.086073,-6.345208094710654,23.67313211816229,10.609123206240143,-0.035001,0.208937,0.101649,0.972002,0.892026,0.182979,-0.413291,-0.212231,0.976885,-0.025566,F,BuildTutorial
36.88,0.332335,1.538386,2.730246,36.72624542712304,24.761947241257463,9.924991701909343,-0.324161,-0.176112,-0.012895,-0.929375,0.937637,0.138145,-0.318988,0.090209,0.789506,0.607077,0.171884,1.238534,2.853246,-15.080768859729412,9.149547564732863,-27.120629151410245,-0.1457,0.046196,-0.221526,0.963101,0.897584,-0.440166,-0.024431,0.413242,0.859395,-0.301115,0.737851,1.093904,3.089261,-6.367769923784556,24.306110787579733,10.053666280109317,-0.035669,0.214148,0.097174,0.971301,0.889396,0.173493,-0.422937,-0.204047,0.97857,-0.027671,F,BuildTutorial
36.913,0.333962,1.538079,2.731891,36.82161641500654,24.21398914709922,9.750055804938103,-0.324598,-0.17204,-0.012838,-0.929986,0.940475,0.135565,-0.311655,0.08781,0.788943,0.60816,0.170543,1.239287,2.853322,-15.025789439317954,8.688515725234124,-27.24339025282262,-0.144393,0.042282,-0.223192,0.963093,0.896795,-0.442119,-0.016989,0.417699,0.858673,-0.297001,0.736107,1.094128,3.091424,-7.8815100531337965,23.658532019059617,9.117947047641229,-0.050797,0.209211,0.091657,0.97224,0.89566,0.15697,-0.416118,-0.199479,0.978038,-0.060422,F,BuildTutorial
36.946,0.335013,1.538022,2.733502,36.90068423553608,23.753942777384573,9.61992393198276,-0.324987,-0.168575,-0.012932,-0.930483,0.94283,0.133635,-0.305307,0.085503,0.788433,0.609149,0.168746,1.239432,2.852958,-14.9066270529901,8.260161250727164,-27.644506088383352,-0.142696,0.038434,-0.227205,0.962569,0.893801,-0.44837,-0.009148,0.426433,0.856031,-0.292173,0.737348,1.100379,3.092215,-10.105160001493568,25.84998464943876,8.969350740332073,-0.068154,0.228836,0.095554,0.966364,0.877007,0.153487,-0.455303,-0.215871,0.972449,-0.087991,F,BuildTutorial
36.98,0.335419,1.538174,2.73512,36.85106323312306,23.351949299512754,9.416500997315136,-0.324247,-0.165947,-0.012513,-0.931219,0.94461,0.130921,-0.300952,0.084311,0.789414,0.608044,0.165772,1.23946,2.852818,-14.842471993859668,7.5828309050254195,-27.978663098724113,-0.140909,0.03247,-0.230904,0.962171,0.891258,-0.45349,0.00259,0.435188,0.853656,-0.286152,0.737371,1.109924,3.092519,-12.159208808292025,27.66237293852705,3.794783206099859,-0.094912,0.240992,0.057274,0.964175,0.877285,0.064699,-0.47559,-0.156191,0.975423,-0.155418,F,BuildTutorial
37.013,0.335363,1.538248,2.736547,36.83714789359197,22.906770737312986,9.403040601663148,-0.324065,-0.162383,-0.013689,-0.931894,0.946889,0.130758,-0.293775,0.079732,0.789589,0.608434,0.162734,1.23916,2.852335,-14.801920866449104,6.697763028278832,-28.08756202779734,-0.138806,0.024993,-0.232931,0.962212,0.890237,-0.455196,0.016566,0.441319,0.852953,-0.278765,0.73298,1.122065,3.093041,-14.893093498538176,27.11150579819312,2.8500322110291463,-0.120172,0.235476,0.05434,0.96289,0.883197,0.048052,-0.466535,-0.161242,0.965212,-0.205833,F,BuildTutorial
37.046,0.334703,1.538337,2.737644,36.84681511242594,22.392882703671493,9.34068213723211,-0.323992,-0.158367,-0.014617,-0.932596,0.949412,0.129883,-0.285914,0.075356,0.789631,0.608937,0.158946,1.238861,2.852455,-14.763365640051944,5.744940547170157,-28.10305666292657,-0.136544,0.017056,-0.234234,0.962393,0.889688,-0.455507,0.031138,0.446191,0.852981,-0.270808,0.725308,1.133863,3.094122,-16.93681365409669,24.619355274498535,5.849747209466403,-0.132931,0.217938,0.080665,0.963497,0.891992,0.097499,-0.441411,-0.213382,0.951645,-0.220997,F,BuildTutorial
37.08,0.333625,1.538535,2.738473,36.76771552101842,21.91421945330011,9.262270782161885,-0.323185,-0.154785,-0.015473,-0.933464,0.951604,0.128935,-0.278971,0.071161,0.790625,0.608152,0.155624,1.238403,2.852627,-14.73563585326798,4.861568568214309,-28.05712186355851,-0.134498,0.00975,-0.234911,0.962617,0.889443,-0.454882,0.04442,0.449636,0.853454,-0.263522,0.717038,1.145608,3.094614,-18.401447806188244,22.247065281969306,6.971860673390655,-0.14502,0.19963,0.089684,0.964922,0.904209,0.115176,-0.411267,-0.230977,0.941852,-0.244059,F,BuildTutorial
37.113,0.33189,1.538905,2.739316,36.71000201217762,21.21041350355512,9.136475305261545,-0.322454,-0.14947,-0.016532,-0.934564,0.954771,0.127295,-0.268717,0.065494,0.791501,0.607649,0.152574,1.23813,2.852809,-14.837361411326434,4.03246532026323,-27.95150835710625,-0.133645,0.002691,-0.234933,0.962776,0.889599,-0.453094,0.057613,0.451656,0.853891,-0.258605,0.707687,1.160619,3.093292,-20.199157286213833,20.89934622396408,7.708163620455462,-0.160059,0.189749,0.09681,0.963849,0.909246,0.125877,-0.396769,-0.247362,0.930018,-0.271807,F,BuildTutorial
37.146,0.328873,1.5394,2.740516,36.68441183908375,19.637411348294012,8.449136057339524,-0.321164,-0.138585,-0.01538,-0.936703,0.961116,0.117829,-0.249746,0.060204,0.793235,0.605932,0.149209,1.238658,2.853462,-15.194651018186592,3.4440459310736418,-27.642764395740997,-0.13544,-0.002646,-0.232834,0.963036,0.891563,-0.447738,0.068167,0.449172,0.854889,-0.259634,0.692764,1.17912,3.091433,-22.5710265511325,18.53512287260895,9.6145968732595,-0.179229,0.173562,0.112517,0.961818,0.914432,0.154226,-0.374203,-0.278655,0.910434,-0.305714,F,BuildTutorial
37.179,0.324824,1.539503,2.741315,36.84363521083144,17.3197622997847,7.4887957866151,-0.32107,-0.122146,-0.013773,-0.939045,0.969781,0.104302,-0.220557,0.052568,0.793449,0.606362,0.14611,1.239122,2.854155,-15.424141943098222,2.958847060186014,-27.577807753188218,-0.136382,-0.007127,-0.232746,0.962901,0.891557,-0.446278,0.07721,0.450166,0.854459,-0.259326,0.668901,1.200554,3.090273,-25.67832727244891,12.904805869064084,11.64056047545876,-0.208558,0.131395,0.12309,0.961295,0.935169,0.181845,-0.30396,-0.291458,0.882705,-0.368624,F,BuildTutorial
37.213,0.320148,1.539045,2.741644,37.21265415093313,14.747733962079234,6.587166613179531,-0.322891,-0.103255,-0.013117,-0.940696,0.978333,0.091359,-0.185793,0.042002,0.791139,0.610192,0.143097,1.23956,2.855004,-15.411251045829369,2.33985198547492,-27.528271557614907,-0.13502,-0.012243,-0.233069,0.962964,0.891058,-0.445568,0.086517,0.45218,0.854897,-0.254331,0.641501,1.222742,3.087901,-28.884693988746456,6.901828519130869,13.72100221907142,-0.240208,0.087612,0.130373,0.957929,0.950654,0.207685,-0.230485,-0.291866,0.850606,-0.43736,F,BuildTutorial
37.246,0.315494,1.538532,2.741383,37.637565723330816,12.247645178551126,5.457497903414744,-0.325179,-0.085591,-0.010433,-0.941714,0.985131,0.075315,-0.154418,0.036014,0.7883,0.614237,0.140817,1.240997,2.855716,-15.692375559095057,1.971426442521852,-27.529308825963763,-0.136629,-0.015924,-0.233391,0.962605,0.89055,-0.444975,0.094433,0.453678,0.853722,-0.255606,0.619139,1.243053,3.085665,-31.564093449491327,3.7563643514119143,13.491819140799691,-0.266246,0.063252,0.12183,0.954081,0.962313,0.198791,-0.185568,-0.266153,0.828541,-0.492629,F,BuildTutorial
37.28,0.311209,1.538192,2.740525,37.97403696906469,10.097100629272658,4.537851474022133,-0.327132,-0.070316,-0.008682,-0.942319,0.989961,0.062368,-0.12684,0.029643,0.785818,0.617747,0.139085,1.243197,2.856237,-16.21390651873489,1.9160520187019632,-27.580004699217117,-0.140883,-0.017534,-0.233659,0.961898,0.890192,-0.444572,0.099569,0.454453,0.851111,-0.262837,0.597481,1.261893,3.083508,-34.63086460389071,0.2295157410489474,13.467910909823424,-0.295354,0.036799,0.112537,0.948023,0.971963,0.191638,-0.13625,-0.235113,0.800203,-0.551722,F,BuildTutorial
37.313,0.306961,1.538128,2.739188,38.2366849103061,8.190772645615603,3.6914757933408984,-0.328688,-0.056921,-0.006976,-0.942696,0.993423,0.050572,-0.102732,0.024265,0.783831,0.6205,0.13806,1.245428,2.856231,-16.77045858094352,2.0967355754161408,-27.77541007354799,-0.145886,-0.017424,-0.234824,0.96087,0.889108,-0.446187,0.102,0.456355,0.84715,-0.272172,0.576448,1.27665,3.082217,-36.665257995032405,-3.735601802744113,15.603504733881037,-0.315656,0.012021,0.118631,0.941352,0.971565,0.215758,-0.097524,-0.230935,0.772576,-0.591435,F,BuildTutorial
37.346,0.303025,1.53874,2.737994,38.110899720509515,6.776808382250395,3.1309772717594457,-0.327317,-0.046941,-0.006488,-0.943726,0.995509,0.042975,-0.084352,0.018484,0.785644,0.618403,0.1365,1.247777,2.856669,-17.27648087262545,2.3473905946400127,-27.975363491748016,-0.150606,-0.016646,-0.235936,0.959883,0.888114,-0.447928,0.103024,0.457956,0.843304,-0.281274,0.552846,1.288504,3.082241,-37.80396200415895,-8.957435229874754,19.678880025688127,-0.330835,-0.017601,0.136254,0.933634,0.96225,0.26607,-0.05729,-0.242778,0.743966,-0.622555,F,BuildTutorial
37.38,0.299283,1.539699,2.736768,37.812947740958904,5.614924927706975,2.932128471933058,-0.324715,-0.038042,-0.00831,-0.94501,0.996968,0.040412,-0.066503,0.008999,0.788982,0.61435,0.135276,1.249726,2.856284,-17.712998335173406,2.4090085326233366,-28.124929433583848,-0.15436,-0.017253,-0.23689,0.95904,0.887171,-0.449047,0.106226,0.4597,0.840112,-0.287901,0.528183,1.300281,3.080322,-39.52102018252421,-14.662986120817411,22.45935871397488,-0.352293,-0.052494,0.139459,0.923951,0.955591,0.294693,-0.001258,-0.220721,0.712882,-0.665644,F,BuildTutorial
37.413,0.29507,1.54045,2.735461,37.558100371536035,4.2962454321328805,2.625662960789247,-0.322422,-0.028108,-0.009613,-0.94613,0.998235,0.036315,-0.046988,-6.4e-05,0.791903,0.610647,0.133314,1.251758,2.855507,-18.20707339423506,2.206307880767425,-27.951978736830977,-0.158098,-0.019758,-0.235473,0.958732,0.888324,-0.445264,0.11234,0.457758,0.839115,-0.293842,0.505218,1.311011,3.079157,-40.56546299810451,-18.514055745344812,22.863374727814183,-0.365257,-0.080084,0.128831,0.918464,0.953978,0.295155,0.052996,-0.17815,0.69998,-0.691586,F,BuildTutorial
37.447,0.290847,1.541064,2.733898,37.38253750940802,3.1716614462036135,2.2918740142778566,-0.320806,-0.019803,-0.01007,-0.946884,0.999013,0.031775,-0.031042,-0.006364,0.793964,0.607932,0.131182,1.253036,2.854354,-18.48330432930469,1.9748736073866011,-27.87721570271452,-0.159944,-0.022171,-0.235034,0.958481,0.888535,-0.443458,0.117685,0.457643,0.838354,-0.296184,0.483759,1.318714,3.079777,-40.416423911566525,-21.792918213003393,24.284381951076337,-0.36893,-0.102082,0.129994,0.914643,0.945362,0.313118,0.09082,-0.162474,0.693985,-0.701418,F,BuildTutorial
37.48,0.286484,1.541412,2.732291,37.312195130486856,1.9551835089240828,2.074626623102361,-0.320081,-0.010372,-0.011693,-0.947262,0.999511,0.028792,-0.012165,-0.015513,0.794824,0.606642,0.129214,1.253815,2.852563,-18.780454134902747,1.677975735454723,-27.65944770672926,-0.161864,-0.024969,-0.233489,0.958467,0.889719,-0.4395,0.12345,0.455666,0.838567,-0.298622,0.46107,1.326051,3.079993,-40.9736900348174,-25.81631732340618,26.23915328425232,-0.379742,-0.126363,0.131111,0.906994,0.933685,0.333804,0.129644,-0.141863,0.677212,-0.721983,F,BuildTutorial
37.513,0.281743,1.541471,2.73043,37.338616120750515,0.5149860460526396,1.727386289961541,-0.32013,0.000568,-0.012842,-0.947286,0.99967,0.023967,0.009299,-0.024695,0.794704,0.606495,0.12649,1.253994,2.85058,-18.963510193472484,1.3195310161174802,-27.424496259676665,-0.16272,-0.028013,-0.231949,0.958612,0.89083,-0.435581,0.129193,0.453814,0.839444,-0.298976,0.437552,1.331803,3.08101,-41.80138946577741,-28.83930769446573,25.99204424292119,-0.388977,-0.148978,0.116905,0.901574,0.928278,0.326696,0.177682,-0.0949,0.67006,-0.736216,F,BuildTutorial
37.546,0.276721,1.541498,2.728553,37.37086720551819,-0.9594051553485242,1.390961892352679,-0.320241,0.011819,-0.01418,-0.947156,0.999319,0.019292,0.031471,-0.034432,0.794489,0.606301,0.123864,1.25344,2.848302,-18.99475755269446,0.9608275598691692,-27.2961894113776,-0.162289,-0.030896,-0.231371,0.958736,0.891026,-0.433619,0.134339,0.453675,0.84026,-0.296888,0.412745,1.333899,3.082869,-41.92842641791283,-32.50520646575514,26.218092273559837,-0.39381,-0.176631,0.105803,0.895835,0.915215,0.328682,0.233132,-0.050445,0.667439,-0.742954,F,BuildTutorial
37.579,0.271558,1.541706,2.726709,37.36779144258162,-2.534238597289147,1.117695533959257,-0.320049,0.024071,-0.016321,-0.946955,0.998309,0.015502,0.056034,-0.046317,0.794605,0.605358,0.120776,1.252694,2.845842,-18.983363324739816,0.5530557943836708,-27.176746042210972,-0.161405,-0.034116,-0.230952,0.958877,0.890994,-0.431896,0.139981,0.453923,0.841219,-0.293777,0.382697,1.331049,3.08511,-40.142455841136915,-38.22425488048948,30.353007904405356,-0.393472,-0.211915,0.123893,0.885958,0.879485,0.386294,0.277999,-0.052763,0.65966,-0.749709,F,BuildTutorial
37.613,0.266491,1.542183,2.724994,37.32904336476156,-4.080613760723142,0.8960611131851957,-0.31955,0.03623,-0.018797,-0.94669,0.996668,0.012435,0.08061,-0.058744,0.795069,0.603667,0.117708,1.251427,2.842998,-18.79762989763478,0.10994877882535,-27.0594833081422,-0.158995,-0.037285,-0.230657,0.959233,0.890815,-0.430651,0.144877,0.454364,0.843036,-0.287827,0.349235,1.327439,3.085463,-38.943766672384136,-44.279222068045705,34.698635691798,-0.400671,-0.247072,0.140502,0.871021,0.838429,0.44275,0.31782,-0.04677,0.639443,-0.767414,F,BuildTutorial
37.646,0.261524,1.542781,2.7236,37.09361004656944,-5.3808858005572,0.8104544159258574,-0.317406,0.046748,-0.021628,-0.94689,0.994694,0.011282,0.10226,-0.070635,0.797571,0.599075,0.11424,1.250119,2.840266,-18.49095590551447,-0.3847221733494088,-27.022584688998982,-0.155443,-0.040759,-0.231125,0.959561,0.88984,-0.430885,0.150075,0.456228,0.844838,-0.279473,0.313099,1.322699,3.083662,-38.227494795561874,-50.538474802200135,36.04245118793183,-0.406366,-0.291944,0.131423,0.855782,0.794993,0.462212,0.392869,0.012333,0.635189,-0.772259,F,BuildTutorial
37.679,0.256981,1.543332,2.722095,36.912579424394984,-6.5544914914762265,0.7679189450112561,-0.315693,0.056344,-0.024444,-0.946872,0.992456,0.010717,0.122134,-0.081866,0.799481,0.595086,0.110917,1.249464,2.83666,-18.37987065991301,-0.99179280835241,-26.99444772754291,-0.153297,-0.045582,-0.231738,0.959542,0.888439,-0.43075,0.158525,0.4587,0.845595,-0.273063,0.277042,1.315554,3.081362,-37.41056292863334,-55.64558371225095,35.5962262491514,-0.405181,-0.334233,0.11353,0.843343,0.750798,0.462339,0.471746,0.07936,0.645879,-0.759304,F,BuildTutorial
37.713,0.252434,1.543682,2.720855,36.78919298507204,-7.63323201790982,0.7140508033744145,-0.31446,0.065123,-0.026904,-0.946652,0.99007,0.009979,0.140218,-0.091894,0.800782,0.591865,0.106281,1.249672,2.833424,-18.32179298073512,-1.5053474402709406,-26.97174257459777,-0.15178,-0.049736,-0.232245,0.959454,0.887177,-0.430559,0.165938,0.460755,0.84605,-0.268149,0.240712,1.304752,3.080364,-35.81204377481335,-60.212987363771816,37.411714651055455,-0.405008,-0.366797,0.117929,0.829169,0.703106,0.492678,0.512748,0.101545,0.644122,-0.758153,F,BuildTutorial
37.746,0.247879,1.543978,2.719971,36.68500480686651,-8.600104164654903,0.6046650661296976,-0.313431,0.072825,-0.02859,-0.946383,0.987758,0.008463,0.155762,-0.099765,0.801888,0.589087,0.101349,1.250346,2.829797,-18.39463860410492,-2.05123147465471,-26.964484652448057,-0.151286,-0.054441,-0.232892,0.95912,0.885595,-0.430269,0.174898,0.463214,0.845748,-0.264845,0.20572,1.292225,3.077712,-34.59813547018889,-65.30713112784733,39.389476852108274,-0.409326,-0.400642,0.119852,0.810909,0.650243,0.522365,0.551652,0.133608,0.636176,-0.759888,F,BuildTutorial
37.779,0.243354,1.544172,2.719283,36.63384595617537,-9.53587620517376,0.4774565683208608,-0.312854,0.080213,-0.030064,-0.945931,0.985324,0.006688,0.170563,-0.107067,0.802437,0.587054,0.095468,1.25146,2.825761,-18.537208208844223,-2.8420251693080147,-26.910627644760424,-0.150899,-0.061269,-0.233463,0.95863,0.883482,-0.429118,0.187928,0.4661,0.845449,-0.260705,0.17411,1.278811,3.076754,-33.94940032350316,-67.96584817468114,38.0090173602194,-0.402977,-0.426622,0.103971,0.80299,0.614368,0.510813,0.601351,0.176863,0.653599,-0.735886,F,BuildTutorial
37.813,0.238744,1.54439,2.719108,36.5606278921823,-10.397370899864208,0.3574743900649458,-0.312106,0.087011,-0.031371,-0.945534,0.98289,0.00501,0.184126,-0.113638,0.803211,0.584755,0.08894,1.251948,2.821102,-18.52765282372693,-3.956793247557565,-26.93762838593923,-0.148524,-0.070608,-0.235146,0.957947,0.879442,-0.42954,0.205127,0.471488,0.845294,-0.25135,0.145731,1.264355,3.077574,-33.91009710565616,-69.4522344252874,37.859022260882085,-0.403483,-0.437672,0.097895,0.797535,0.59772,0.509336,0.619119,0.197037,0.655236,-0.729276,F,BuildTutorial
37.846,0.234155,1.544633,2.719594,36.365468113339595,-11.10404045153904,0.3593810312132239,-0.310295,0.092892,-0.033156,-0.94551,0.980544,0.00505,0.196237,-0.120346,0.805235,0.580614,0.082242,1.251935,2.816083,-18.42665957017728,-5.0861118397264535,-27.010351318791887,-0.145302,-0.079941,-0.237201,0.9572,0.87469,-0.430866,0.221971,0.477329,0.845246,-0.240241,0.12064,1.248598,3.07843,-33.37798144783747,-71.45185178412807,37.90650455478984,-0.402159,-0.453268,0.093976,0.789928,0.571434,0.513039,0.64051,0.216102,0.658874,-0.720545,F,BuildTutorial
37.879,0.229769,1.544557,2.720373,36.26697561602683,-11.750229312196424,0.3730213372033373,-0.309279,0.098284,-0.034935,-0.945234,0.97824,0.005249,0.207412,-0.126838,0.806252,0.577815,0.074928,1.25154,2.811363,-18.125816894509008,-6.086962276676877,-27.059855393009457,-0.140665,-0.087776,-0.238838,0.9568,0.870504,-0.432346,0.23516,0.481734,0.84634,-0.227247,0.09778,1.232331,3.079659,-32.402351888074406,-72.63331021704805,37.52153372957299,-0.395783,-0.466207,0.09239,0.785793,0.54823,0.514232,0.659552,0.223834,0.66964,-0.708153,F,BuildTutorial
37.913,0.225231,1.544493,2.721663,36.18673340450638,-12.357205481322511,0.3259976681424841,-0.30847,0.103184,-0.036114,-0.944931,0.976098,0.004592,0.217284,-0.131909,0.807084,0.575513,0.067653,1.250443,2.805648,-17.71831449711878,-7.209507565155789,-27.25099090106484,-0.134741,-0.096583,-0.241714,0.956081,0.864492,-0.436169,0.24982,0.488223,0.846839,-0.210955,0.078057,1.216085,3.081108,-31.94432687637405,-73.3212094993829,37.18554279091153,-0.392239,-0.473685,0.090173,0.783352,0.534982,0.51287,0.671385,0.230321,0.676035,-0.69995,F,BuildTutorial
37.946,0.220843,1.544258,2.723214,36.149483930048774,-12.825093159865952,0.2777175391020985,-0.308058,0.106922,-0.036941,-0.944618,0.974406,0.003914,0.224761,-0.135667,0.807472,0.574094,0.06059,1.249348,2.799865,-17.385306528879312,-8.596622634125477,-27.242570696700987,-0.129022,-0.107497,-0.243152,0.95534,0.858644,-0.436846,0.268136,0.492324,0.848461,-0.194244,0.061695,1.201167,3.081549,-31.607412111622573,-74.4733402040915,37.239851517934994,-0.391376,-0.482531,0.08842,0.77857,0.518692,0.515385,0.682157,0.240019,0.678013,-0.694758,F,BuildTutorial
37.981,0.216493,1.543841,2.725092,36.130598088383174,-13.21479430527556,0.170382101564753,-0.307878,0.109851,-0.037086,-0.944335,0.973115,0.002403,0.230308,-0.137685,0.807671,0.573333,0.053024,1.247566,2.793986,-16.889336103094514,-10.065550008202836,-27.321518797230276,-0.121656,-0.118869,-0.24523,0.954428,0.851465,-0.439187,0.286571,0.497031,0.850124,-0.173922,0.047854,1.186863,3.081534,-30.970592069102203,-75.31708574327264,36.019809760309464,-0.38305,-0.494577,0.080756,0.77598,0.497744,0.504225,0.705697,0.253566,0.693503,-0.674358,F,BuildTutorial
38.013,0.212258,1.543234,2.727082,36.16731345254876,-13.591247167939382,0.0768861224445589,-0.308149,0.11269,-0.037363,-0.943901,0.97181,0.001083,0.235763,-0.139985,0.807297,0.573303,0.046219,1.245483,2.788387,-16.337663079115504,-11.116346707659693,-27.42286907551422,-0.114667,-0.126663,-0.246894,0.953861,0.846,-0.441957,0.298259,0.500054,0.85179,-0.156207,0.035019,1.172751,3.081202,-29.67138964603417,-76.5046133720226,36.432035791550014,-0.378083,-0.505638,0.086718,0.770626,0.473621,0.516,0.713741,0.248692,0.699066,-0.670417,F,BuildTutorial
38.046,0.208269,1.542564,2.729153,36.243379192531506,-13.810266127684551,0.0893212185806756,-0.308691,0.114503,-0.03813,-0.943475,0.970871,0.001257,0.239601,-0.142641,0.806512,0.573753,0.039383,1.243163,2.783311,-15.73702421569928,-12.314563664816752,-27.507629143463294,-0.106947,-0.135562,-0.248416,0.953139,0.839824,-0.444555,0.311554,0.502547,0.853703,-0.13652,0.024541,1.160242,3.080636,-28.662743992333077,-78.02035584499919,37.26844673349269,-0.377125,-0.516442,0.092914,0.763172,0.449309,0.531346,0.718187,0.247708,0.698287,-0.671592,F,BuildTutorial
38.079,0.204357,1.541636,2.731372,36.378960675737275,-14.027255483969132,0.1909878411205069,-0.309631,0.11652,-0.039688,-0.942856,0.969696,0.002683,0.2443,-0.146996,0.805107,0.574626,0.03247,1.240712,2.778855,-15.141800869106811,-13.530786332839126,-27.609190000037827,-0.099192,-0.144623,-0.249957,0.952243,0.833212,-0.447348,0.32502,0.50473,0.855365,-0.116611,0.015609,1.148922,3.081709,-27.43368508814228,-77.89186557529094,36.063611283733046,-0.364389,-0.52358,0.092147,0.764587,0.434745,0.522483,0.733491,0.240664,0.71746,-0.653707,F,BuildTutorial
38.113,0.200724,1.540737,2.733266,36.56048532474275,-14.168905589814482,0.2131901765669462,-0.311052,0.117687,-0.040438,-0.942211,0.969029,0.002989,0.246928,-0.149415,0.803223,0.576635,0.026295,1.238194,2.775252,-14.486130374647756,-14.517549751905124,-27.739690844089186,-0.091375,-0.151669,-0.251364,0.951558,0.827625,-0.450657,0.334581,0.506092,0.856934,-0.097649,0.008517,1.139232,3.081903,-26.850421037754845,-78.04029173507452,35.49634861810714,-0.358475,-0.528256,0.091142,0.764287,0.425277,0.518051,0.742134,0.239416,0.726377,-0.644249,F,BuildTutorial
38.146,0.197292,1.539837,2.735289,36.70990670871167,-14.240180245497886,0.2463915709596287,-0.312221,0.118315,-0.041057,-0.941719,0.968632,0.003447,0.248476,-0.151209,0.801664,0.578334,0.020998,1.235949,2.772043,-13.87776261035882,-15.237962968584045,-27.926750241107925,-0.084447,-0.156619,-0.252964,0.950973,0.82296,-0.454671,0.340605,0.507575,0.857756,-0.081376,0.002589,1.130563,3.08199,-26.203290696207663,-77.8670880816983,34.295497061394165,-0.348948,-0.532865,0.087259,0.765948,0.416881,0.505556,0.755396,0.238214,0.741242,-0.627547,F,BuildTutorial
38.179,0.194126,1.538974,2.737117,36.91672507158795,-14.28817190614206,0.2609414719789105,-0.313888,0.118682,-0.041519,-0.941098,0.968381,0.003641,0.249448,-0.152653,0.799501,0.580943,0.016792,1.23419,2.769439,-13.4443484954286,-15.807971977911858,-27.95590956208016,-0.079522,-0.16053,-0.253229,0.950674,0.82021,-0.455946,0.345497,0.507009,0.859102,-0.069898,-0.001841,1.122371,3.082298,-25.551656571848703,-77.8609602161484,34.327294194839396,-0.345208,-0.534764,0.09111,0.765871,0.411453,0.508767,0.756217,0.229652,0.745061,-0.626214,F,BuildTutorial
38.212,0.191558,1.538033,2.738931,37.023754743031766,-14.246209870610258,0.3338687779017247,-0.314707,0.118503,-0.042112,-0.940821,0.968367,0.004652,0.249485,-0.153826,0.798373,0.582184,0.013635,1.232981,2.767329,-13.144059471492389,-16.217440490026412,-28.00836174980741,-0.076031,-0.16338,-0.253663,0.950359,0.817924,-0.457298,0.349111,0.506986,0.859749,-0.061627,-0.004685,1.114257,3.083408,-24.573197348460024,-77.88541057736663,34.3648183398229,-0.339553,-0.537842,0.096718,0.765556,0.402744,0.513337,0.757814,0.217165,0.750699,-0.623931,F,BuildTutorial
38.246,0.189282,1.53692,2.740449,37.24771348148862,-14.119639665240094,0.5150544119426723,-0.316406,0.117893,-0.043477,-0.940265,0.968422,0.007156,0.249214,-0.156365,0.795994,0.58476,0.010192,1.232331,2.76647,-12.913555527094765,-16.502124840326093,-28.18406722005337,-0.07322,-0.165406,-0.255084,0.949848,0.815146,-0.460361,0.351575,0.508805,0.859142,-0.054711,-0.006196,1.107115,3.085316,-23.86108358635112,-77.19026866640647,33.39705298727817,-0.33013,-0.538175,0.096203,0.769498,0.402226,0.503391,0.76473,0.20728,0.763518,-0.611617,F,BuildTutorial
38.28,0.187419,1.535909,2.741547,37.53977223209123,-14.013526865011174,0.6155738457922234,-0.31874,0.117213,-0.044299,-0.939523,0.968598,0.008519,0.248487,-0.15796,0.792885,0.588542,0.00809,1.231698,2.765689,-12.75360396874242,-16.583509381209105,-28.15022967198857,-0.071751,-0.165747,-0.254699,0.950004,0.815313,-0.460146,0.35147,0.507716,0.85996,-0.051896,-0.006283,1.100897,3.087255,-23.502648920985408,-76.46984604101038,32.715643148090216,-0.324146,-0.536335,0.095639,0.773387,0.406397,0.495633,0.767587,0.199769,0.771565,-0.60397,F,BuildTutorial
38.312,0.186152,1.534956,2.742291,37.71891402030179,-13.826017712642823,0.7358983223315522,-0.32016,0.115959,-0.044939,-0.939166,0.969068,0.010159,0.246584,-0.15866,0.790957,0.590944,0.006786,1.230848,2.765511,-12.534589145526969,-16.517040242703374,-28.24821310663321,-0.069927,-0.164828,-0.255256,0.950151,0.815352,-0.462012,0.348922,0.508116,0.859909,-0.048735,-0.004955,1.094432,3.088433,-22.864825947432532,-75.91452133401124,32.180257650632065,-0.317247,-0.53594,0.097049,0.776341,0.406701,0.490736,0.770567,0.189365,0.779872,-0.596608,F,BuildTutorial
38.345,0.185086,1.53442,2.743082,37.76577635799678,-13.60987369825638,0.8985321787357149,-0.320466,0.114629,-0.045713,-0.939187,0.969541,0.012397,0.244615,-0.159335,0.790424,0.591474,0.006314,1.229995,2.765264,-12.383915088141071,-16.393886188558113,-28.253588116266275,-0.068934,-0.163514,-0.255079,0.950498,0.816396,-0.462361,0.346006,0.507447,0.860366,-0.047626,-0.004054,1.088586,3.088672,-22.262626181279852,-75.66240945910047,31.989568919407095,-0.312404,-0.536485,0.099715,0.777589,0.404481,0.490275,0.772027,0.180126,0.784921,-0.592835,F,BuildTutorial
38.38,0.184201,1.533826,2.743461,37.86440171791196,-13.634949240248076,0.9510633535580882,-0.321212,0.114955,-0.046308,-0.938863,0.969282,0.013105,0.245604,-0.160805,0.789357,0.592501,0.006175,1.229194,2.765394,-12.247398255376448,-16.221968547678326,-28.131057814953977,-0.068348,-0.161746,-0.253827,0.951177,0.81882,-0.46076,0.342396,0.50498,0.8618,-0.047912,-0.00366,1.084445,3.088074,-21.60216873243386,-75.64227701758097,32.05090094236749,-0.308563,-0.538061,0.10376,0.777504,0.399448,0.493399,0.772657,0.170705,0.788045,-0.591477,F,BuildTutorial
38.413,0.183545,1.533269,2.743467,38.03985861936877,-13.6749155437441,0.8164518142844007,-0.322769,0.114856,-0.045486,-0.938381,0.969478,0.011222,0.24492,-0.15951,0.787503,0.595312,0.006762,1.22835,2.765572,-12.066970254744176,-15.991793158832175,-28.22313888156914,-0.06722,-0.159535,-0.254283,0.95151,0.819777,-0.462458,0.337784,0.505353,0.861643,-0.046786,-0.004011,1.081789,3.086802,-20.52287853207497,-75.83957622060986,32.277204494625764,-0.303083,-0.541835,0.110606,0.776094,0.388363,0.500123,0.773984,0.156761,0.791814,-0.590302,F,BuildTutorial
38.446,0.183045,1.532916,2.743415,38.20075439565273,-13.616495430115188,0.7416200506704836,-0.324185,0.114121,-0.044863,-0.938013,0.969927,0.010171,0.243182,-0.158156,0.785783,0.59794,0.00672,1.228723,2.766507,-12.136205273295817,-15.763237988513485,-28.02140296026831,-0.068584,-0.157653,-0.252537,0.952191,0.822741,-0.459302,0.334871,0.502552,0.863042,-0.050984,-0.00445,1.082769,3.084475,-20.20527175885903,-76.41729997674399,36.87762107478284,-0.323358,-0.53408,0.14175,0.768183,0.389332,0.563177,0.72887,0.127619,0.750693,-0.648208,F,BuildTutorial
38.481,0.182725,1.532793,2.74302,38.293598472757864,-13.545688959714584,0.6718221917463417,-0.325042,0.113317,-0.04418,-0.937846,0.970415,0.009202,0.241268,-0.156533,0.784792,0.599666,0.007126,1.228877,2.767079,-12.172676578714688,-15.529811729390817,-27.81138600365981,-0.069689,-0.155657,-0.250684,0.952928,0.825857,-0.456072,0.3316,0.499462,0.864602,-0.054776,-0.004331,1.088514,3.081291,-20.697027391411677,-76.7919926186576,35.681274074144724,-0.321206,-0.538476,0.130003,0.768095,0.386287,0.545632,0.743686,0.146215,0.759852,-0.63344,F,BuildTutorial
38.512,0.18299,1.532763,2.742226,38.28513282204611,-13.379596153577957,0.690534018139805,-0.325018,0.112013,-0.043854,-0.938026,0.97106,0.00946,0.238649,-0.155085,0.78488,0.599926,0.007932,1.228881,2.767781,-12.25040811999584,-15.226866829344353,-27.79101157016759,-0.07103,-0.153276,-0.250399,0.95329,0.827614,-0.455632,0.327804,0.49918,0.86451,-0.058663,-0.003527,1.09615,3.076926,-21.590831171904338,-78.07464944595861,36.37913543035654,-0.331343,-0.542349,0.126103,0.761687,0.379911,0.551509,0.742634,0.167306,0.74862,-0.641543,F,BuildTutorial
38.546,0.183733,1.532903,2.741189,38.33677078792142,-13.009166328963666,0.8806482412823371,-0.3254,0.109506,-0.044407,-0.938164,0.972073,0.012055,0.234369,-0.154588,0.784286,0.600831,0.009227,1.228746,2.768516,-12.28505773023974,-14.834441177917466,-27.883012229490383,-0.072057,-0.150136,-0.25095,0.953568,0.828967,-0.456958,0.322496,0.500232,0.863664,-0.062069,-0.00352,1.100868,3.074349,-20.783358163472037,-78.86748766826794,38.90775111932211,-0.339439,-0.5427,0.144982,0.754478,0.368913,0.5872,0.720486,0.149656,0.727522,-0.669563,F,BuildTutorial
38.578,0.184683,1.533068,2.739811,38.41801558247242,-12.699016224872546,1.1014335480639972,-0.325978,0.107574,-0.045406,-0.938139,0.972732,0.015061,0.231442,-0.155328,0.783354,0.601856,0.010789,1.22877,2.76949,-12.34769491808838,-14.30733037121608,-27.845838169654904,-0.073783,-0.145847,-0.250358,0.954257,0.832099,-0.45629,0.315295,0.499334,0.863754,-0.067787,-0.002243,1.106624,3.072052,-20.659759989192924,-78.79272773138142,36.33018540186826,-0.326323,-0.550076,0.128876,0.75784,0.361616,0.554339,0.749628,0.163669,0.753809,-0.636384,F,BuildTutorial
38.612,0.185949,1.533484,2.738177,38.39638566192885,-12.316155175959617,1.2312123823344614,-0.325832,0.104813,-0.045361,-0.938504,0.973913,0.016839,0.226295,-0.153445,0.783552,0.60208,0.012548,1.229005,2.770658,-12.442998053712037,-13.768669596473632,-27.83719590260273,-0.075769,-0.141541,-0.250011,0.95484,0.834922,-0.455992,0.308184,0.498889,0.863507,-0.073921,-0.000898,1.111005,3.06866,-19.983053463536734,-79.49274976047772,36.70698045177901,-0.324894,-0.555656,0.13314,0.753634,0.347041,0.561736,0.751009,0.16038,0.753435,-0.637662,F,BuildTutorial
38.645,0.187261,1.534184,2.736717,38.28415259077179,-11.778971219702242,1.3787597798853095,-0.324991,0.100854,-0.044951,-0.939249,0.975616,0.018887,0.218671,-0.149994,0.784721,0.601428,0.014471,1.229987,2.7718,-12.668563547473806,-13.35757269684172,-27.865131506381548,-0.078524,-0.138577,-0.25014,0.955019,0.836453,-0.456013,0.303972,0.49954,0.862528,-0.080656,0.002322,1.116584,3.06269,-19.933014179563003,-80.35495240835357,39.965292186347384,-0.341421,-0.551977,0.152226,0.745373,0.344297,0.603843,0.718911,0.149983,0.720519,-0.677022,F,BuildTutorial
38.679,0.188439,1.534953,2.735382,38.10577253312526,-11.310941304565883,1.4005297320910637,-0.323689,0.097111,-0.043663,-0.940153,0.977326,0.019231,0.210865,-0.144967,0.786638,0.600155,0.016344,1.231902,2.772771,-13.17903028758003,-13.062719511615294,-27.482233992924016,-0.083907,-0.136843,-0.247114,0.955598,0.840417,-0.44932,0.303002,0.495248,0.863788,-0.092731,0.008448,1.126897,3.054241,-21.130005893938268,-79.49702492641697,40.07369986055735,-0.347805,-0.542233,0.148822,0.750245,0.367671,0.600489,0.710092,0.153877,0.713767,-0.683271,F,BuildTutorial
38.712,0.189684,1.535712,2.734343,37.859300879341504,-10.645298675474072,1.3662162821368693,-0.321939,0.091592,-0.04132,-0.941413,0.979807,0.018824,0.199057,-0.136772,0.789296,0.598586,0.018254,1.233645,2.773906,-13.650851264556042,-12.740739838455829,-27.062939428019444,-0.089055,-0.134746,-0.243707,0.956305,0.844901,-0.442117,0.301124,0.490116,0.865352,-0.104649,0.018626,1.141879,3.04049,-24.64543558610704,-78.46681279325057,37.64962368350354,-0.35585,-0.531516,0.116416,0.759808,0.407875,0.555188,0.724848,0.201373,0.719636,-0.66451,F,BuildTutorial
38.745,0.191441,1.535943,2.732997,37.84616350921671,-9.712054847586664,1.4804218850727675,-0.322073,0.084245,-0.039627,-0.942126,0.982665,0.020402,0.184265,-0.128934,0.789397,0.60019,0.020555,1.234722,2.775283,-13.923995538896998,-12.312216911069813,-26.867388991332188,-0.092485,-0.131532,-0.24192,0.956881,0.848348,-0.438648,0.29647,0.487308,0.865842,-0.113354,0.031363,1.156128,3.021116,-28.04476516306004,-77.56143518862527,34.90176847249636,-0.362427,-0.523064,0.082033,0.767021,0.439349,0.504986,0.742941,0.253303,0.723835,-0.641795,F,BuildTutorial
38.779,0.193465,1.535976,2.731621,38.01519191825432,-8.503209472486636,1.6965465833530935,-0.323724,0.074895,-0.038102,-0.942413,0.985878,0.023325,0.165833,-0.120306,0.787502,0.604456,0.023095,1.235609,2.776918,-14.316596482156404,-11.750846732768927,-26.48940605009892,-0.097389,-0.127266,-0.238547,0.957817,0.853798,-0.432179,0.29026,0.481757,0.867222,-0.125845,0.047142,1.164681,2.997281,-29.24644378017199,-78.12097836267398,30.493954806537538,-0.349478,-0.536714,0.044098,0.766719,0.419986,0.442761,0.792196,0.307518,0.751842,-0.583238,F,BuildTutorial
38.812,0.195955,1.5358,2.730552,38.15276447689662,-7.009155651044545,2.151619077147797,-0.325075,0.063886,-0.037686,-0.942775,0.988997,0.029524,0.144962,-0.112595,0.785812,0.608129,0.025962,1.235819,2.778646,-14.535932038223685,-11.121190249186116,-26.158906910465703,-0.100896,-0.122121,-0.235368,0.95891,0.859377,-0.426751,0.281701,0.476037,0.868844,-0.136014,0.062318,1.16728,2.972999,-28.339613942548503,-79.51475854141381,24.56443520578844,-0.31579,-0.565854,0.005587,0.761613,0.359556,0.365892,0.858395,0.348873,0.800491,-0.487342,F,BuildTutorial
38.846,0.198625,1.535558,2.729558,38.402446437694586,-5.603438167679112,2.7528886547341034,-0.32729,0.054038,-0.038729,-0.942582,0.99116,0.037638,0.127222,-0.108383,0.782763,0.61281,0.028861,1.235533,2.781117,-14.589720980324335,-10.28547795085198,-26.178579532397297,-0.103043,-0.115242,-0.234818,0.959668,0.86316,-0.426945,0.26958,0.474445,0.868485,-0.143653,0.078167,1.160289,2.948664,-24.277397847295298,-82.17244494605848,20.203076975489303,-0.268725,-0.604742,-0.00681,0.749685,0.268482,0.314808,0.910392,0.335228,0.855482,-0.394681,F,BuildTutorial
38.878,0.200988,1.535394,2.728342,38.59802760908925,-4.523016822458608,2.9690070997112654,-0.329165,0.045786,-0.037469,-0.942417,0.993,0.04048,0.110966,-0.100765,0.780493,0.61699,0.031419,1.23567,2.784071,-14.836146769813867,-9.534061677627289,-25.98243555817075,-0.106843,-0.109223,-0.232604,0.960495,0.867931,-0.423491,0.259521,0.47017,0.868959,-0.154433,0.096837,1.150376,2.922207,-21.260267227100982,-86.39471437940391,21.18236618463056,-0.255841,-0.636588,0.007571,0.727492,0.189397,0.336746,0.922351,0.314715,0.868976,-0.381883,F,BuildTutorial
38.912,0.202926,1.535071,2.727016,38.82065488367215,-3.795444676300749,2.8923330139489583,-0.331255,0.039606,-0.034792,-0.942068,0.994442,0.039313,0.097673,-0.091792,0.77812,0.621373,0.034509,1.235625,2.786713,-15.005072236290491,-8.871351281232034,-25.838714644477427,-0.10974,-0.103842,-0.230844,0.961189,0.871856,-0.420979,0.250289,0.466561,0.869336,-0.163019,0.114549,1.140826,2.903722,-19.91965773175752,-86.8557479327339,20.393547534797225,-0.243488,-0.64415,0.009608,0.725046,0.169957,0.327619,0.929398,0.299753,0.881243,-0.365459,F,BuildTutorial
38.945,0.204851,1.534736,2.726016,38.96819547851245,-2.9118546550584417,2.994432780573547,-0.332698,0.032657,-0.033096,-0.941887,0.995676,0.040615,0.08354,-0.084074,0.776434,0.624566,0.03774,1.235851,2.790023,-15.118945273555871,-7.984785275030373,-25.93309424517661,-0.112403,-0.096706,-0.230818,0.961632,0.874742,-0.422185,0.23788,0.465665,0.868177,-0.171538,0.132088,1.129109,2.893262,-17.002530194164862,-83.76676351868356,18.275555812306067,-0.213523,-0.634423,0.019493,0.742654,0.194255,0.299881,0.933989,0.241975,0.908056,-0.341882,F,BuildTutorial
38.979,0.206996,1.534074,2.725184,39.29445939235643,-1.9635031971139496,3.307289454579573,-0.335573,0.025831,-0.032932,-0.941084,0.996497,0.044648,0.07072,-0.07932,0.772613,0.629903,0.041305,1.237001,2.793491,-15.431691607498925,-7.0292885989068,-25.90711576043228,-0.11698,-0.089242,-0.229735,0.962067,0.878515,-0.421163,0.225462,0.462921,0.867075,-0.184082,0.15191,1.119484,2.884295,-15.278612199157198,-81.53763578197025,17.127616986169492,-0.195934,-0.625005,0.025936,0.755187,0.217393,0.284093,0.933826,0.205745,0.921875,-0.328354,F,BuildTutorial
39.012,0.209709,1.533218,2.724243,39.768120082478774,-0.7030658450613839,3.5416806226105355,-0.339771,0.016277,-0.031145,-0.939852,0.99753,0.047482,0.05176,-0.069604,0.767172,0.637654,0.045789,1.238251,2.796485,-15.844210982078266,-6.017562425567184,-25.752918341982863,-0.12259,-0.081353,-0.227471,0.962606,0.883277,-0.417984,0.212393,0.457876,0.866457,-0.199001,0.171803,1.113094,2.878136,-15.080191769605936,-78.83150296370445,18.110435054981043,-0.199179,-0.605653,0.03826,0.769447,0.263441,0.300145,0.916795,0.182389,0.917728,-0.35286,F,BuildTutorial
39.045,0.21332,1.532103,2.723742,40.203787265501944,1.2203337380502777,4.09280898051647,-0.343809,0.002278,-0.029874,-0.938561,0.998205,0.054511,0.024819,-0.057644,0.761805,0.645236,0.049848,1.239272,2.80026,-16.193921407913333,-4.93983186678352,-25.57869729129101,-0.127782,-0.072757,-0.224876,0.963228,0.888274,-0.414621,0.197633,0.451809,0.866205,-0.213444,0.193235,1.110981,2.879637,-15.814943038791316,-72.81877725233483,17.870937826680663,-0.20069,-0.563575,0.043148,0.800153,0.361043,0.295258,0.884574,0.157157,0.915724,-0.3698,F,BuildTutorial
39.079,0.218209,1.530623,2.722918,40.72363747033138,3.939101239523468,4.970068497370877,-0.348812,-0.017113,-0.028678,-0.936598,0.99777,0.065658,-0.012049,-0.041781,0.755016,0.654374,0.054879,1.239467,2.80381,-16.420406235446297,-3.921274763042116,-25.54470541102442,-0.131704,-0.064577,-0.223449,0.963616,0.891801,-0.413627,0.183313,0.447647,0.86545,-0.224964,0.219941,1.114045,2.887997,-18.72705178016635,-63.536790270504454,15.184209461016447,-0.205743,-0.496643,0.025922,0.842819,0.505347,0.248057,0.826494,0.160666,0.913996,-0.372556,F,BuildTutorial
39.112,0.224464,1.528902,2.721603,41.44765806624937,7.8779517184782275,6.448766011999151,-0.356083,-0.044291,-0.028213,-0.932978,0.994485,0.084187,-0.062552,-0.021103,0.744818,0.666935,0.060896,1.239488,2.806804,-16.68521115916866,-2.731305709364228,-25.458303227566372,-0.13629,-0.054962,-0.221322,0.964065,0.895992,-0.411755,0.166303,0.441719,0.864883,-0.238456,0.252425,1.119084,2.897074,-23.36077539667885,-53.4279025838846,15.33868809749037,-0.237976,-0.412155,0.026547,0.879085,0.658847,0.242841,0.712004,0.149492,0.885325,-0.440286,F,BuildTutorial
39.146,0.230979,1.527371,2.720133,42.031762814589975,12.22346668446246,8.11821263774865,-0.362729,-0.073895,-0.027615,-0.92855,0.987554,0.104891,-0.117198,0.002325,0.735331,0.677705,0.066804,1.239689,2.80995,-16.971327797093497,-1.3563077083746538,-25.146016577113024,-0.141465,-0.043545,-0.21699,0.964887,0.902038,-0.406422,0.145424,0.431062,0.865806,-0.254098,0.28931,1.123738,2.909047,-26.40899685780094,-40.37300071703299,12.65689580029368,-0.250121,-0.310274,0.022377,0.91688,0.806459,0.196246,0.557774,0.114178,0.873878,-0.472548,F,BuildTutorial
39.179,0.237504,1.526593,2.719133,42.02354020571653,16.433452171328142,9.985047997357112,-0.365143,-0.102025,-0.029355,-0.924878,0.977458,0.128808,-0.167284,0.020207,0.731618,0.681416,0.073249,1.239263,2.813032,-17.0581623870552,-0.0581210020751891,-24.746495353697032,-0.144759,-0.03227,-0.211983,0.965954,0.908044,-0.400188,0.123715,0.418874,0.868217,-0.26598,0.329072,1.126516,2.916288,-27.769517122050544,-28.993672094966083,9.94352427829712,-0.252516,-0.221963,0.021609,0.941542,0.900531,0.15279,0.407062,0.071407,0.871537,-0.485102,F,BuildTutorial
39.212,0.243624,1.526381,2.717815,41.852237917415,20.003832311591275,11.614650672173497,-0.366345,-0.125803,-0.031359,-0.921402,0.96638,0.149964,-0.208854,0.034386,0.729616,0.682992,0.079775,1.23842,2.816194,-17.06069477264943,1.1645582558224363,-24.588729222296685,-0.147064,-0.021764,-0.209095,0.966529,0.911611,-0.397792,0.103571,0.410595,0.869303,-0.275181,0.364341,1.130146,2.917693,-29.495802717362263,-21.318967738302824,11.376910308227975,-0.266672,-0.1532,0.047344,0.950355,0.948577,0.171696,0.265938,-0.00828,0.85329,-0.521372,F,BuildTutorial
39.246,0.249239,1.526536,2.716489,41.51637630444484,22.926447785915695,12.726810015408672,-0.365812,-0.146194,-0.031568,-0.918593,0.955262,0.164955,-0.245489,0.048963,0.73037,0.681295,0.086941,1.237475,2.819183,-16.972349387018433,2.561410750469341,-24.40626820485431,-0.148873,-0.009579,-0.205788,0.967159,0.915119,-0.395207,0.079802,0.400912,0.870976,-0.284026,0.396214,1.131855,2.917429,-29.246853447029743,-15.472386158527298,11.09831282474893,-0.26159,-0.10545,0.05889,0.957592,0.970825,0.167954,0.171146,-0.057616,0.856206,-0.513413,F,BuildTutorial
39.279,0.254447,1.526523,2.714988,41.24027838907526,25.387929815617095,13.578344975623835,-0.365467,-0.163609,-0.031094,-0.915806,0.944531,0.176539,-0.276941,0.062636,0.730935,0.679567,0.094359,1.236812,2.822013,-16.810859009222703,4.26417417196767,-24.397077611506077,-0.150554,0.005107,-0.20357,0.967402,0.917066,-0.395406,0.051416,0.392331,0.871785,-0.293372,0.421638,1.131546,2.916923,-27.892966267765892,-12.935869287283635,14.278419782561322,-0.251212,-0.078716,0.09291,0.960242,0.970343,0.21798,0.104492,-0.138883,0.856521,-0.497075,F,BuildTutorial
39.312,0.259148,1.526469,2.713178,41.21297672629963,27.62842732526599,14.241785300072118,-0.366837,-0.179407,-0.029288,-0.912352,0.93391,0.185069,-0.305878,0.078184,0.729146,0.679877,0.101535,1.236851,2.824644,-16.80613748642686,6.023749480198008,-24.493568585495332,-0.153639,0.01984,-0.202052,0.967045,0.917563,-0.396884,0.023714,0.384691,0.87114,-0.30517,0.448378,1.133897,2.915851,-28.659950002006006,-9.146179115512048,17.71041557656548,-0.255669,-0.03835,0.129175,0.957328,0.963686,0.266935,0.007374,-0.227716,0.835894,-0.499426,F,BuildTutorial
39.345,0.263311,1.526537,2.711365,41.11789594792044,29.420309929084578,14.797203313432297,-0.367449,-0.192039,-0.028188,-0.909565,0.924653,0.192407,-0.328629,0.089852,0.728373,0.679264,0.10826,1.237412,2.826716,-16.95797066681805,7.519665760310999,-24.540270410232075,-0.157552,0.032108,-0.200298,0.966451,0.9177,-0.397274,0.001052,0.377039,0.870116,-0.317395,0.479833,1.137417,2.91552,-28.79040346683596,-1.832128771174361,14.3546546493867,-0.248564,0.015693,0.117059,0.961388,0.972102,0.217277,-0.088367,-0.232879,0.849026,-0.474259,F,BuildTutorial
39.378,0.267063,1.526739,2.710176,40.84270549161204,30.867793622187044,15.26044514814858,-0.366476,-0.202534,-0.027912,-0.907688,0.916402,0.199118,-0.347216,0.097776,0.729833,0.676597,0.114219,1.238342,2.828463,-17.09729075406873,8.857133433318749,-24.805771885724088,-0.161147,0.042744,-0.200554,0.965393,0.915903,-0.401002,-0.017892,0.37345,0.86762,-0.328286,0.511202,1.142471,2.914296,-29.75902720700021,4.045864564091668,13.84428389570698,-0.250645,0.064796,0.125405,0.957733,0.96015,0.207727,-0.186979,-0.27269,0.842902,-0.46385,F,BuildTutorial
39.412,0.270571,1.526979,2.709218,40.65762552401385,32.13868717322447,15.613137479589511,-0.365995,-0.21181,-0.027121,-0.905786,0.908802,0.204175,-0.363856,0.10591,0.730625,0.674515,0.118962,1.239758,2.830109,-17.351734344794785,9.812860566466345,-24.83945411966018,-0.164959,0.050248,-0.199232,0.964661,0.915564,-0.40096,-0.031215,0.367804,0.86619,-0.338281,0.54213,1.149387,2.911585,-32.370856483496155,10.339477445982574,15.018799378176167,-0.263923,0.122074,0.1499,0.944973,0.925256,0.218866,-0.309836,-0.347738,0.81575,-0.462202,F,BuildTutorial
39.445,0.273485,1.527064,2.708374,40.574323051161755,32.892740699698095,15.665942077530222,-0.365628,-0.217757,-0.025353,-0.904575,0.903878,0.205104,-0.375415,0.113368,0.731346,0.672518,0.122596,1.241069,2.831575,-17.61018082369892,10.306556040710229,-24.537820929700615,-0.167835,0.054338,-0.195712,0.964664,0.917489,-0.395832,-0.039142,0.359352,0.867057,-0.345078,0.576258,1.150586,2.911804,-31.227799153312432,18.89717995892247,9.729242459078044,-0.251138,0.18005,0.12459,0.942862,0.904119,0.144508,-0.402102,-0.325377,0.842814,-0.428712,F,BuildTutorial
39.479,0.275796,1.527065,2.707512,40.59010516639708,33.42605051149,15.45629141182931,-0.365456,-0.222603,-0.021955,-0.903553,0.899932,0.202379,-0.38622,0.123028,0.73192,0.670193,0.125511,1.241621,2.832863,-17.682503031074127,10.814486181633082,-24.479932776345365,-0.169276,0.058558,-0.194401,0.96443,0.917559,-0.394797,-0.047136,0.355146,0.867108,-0.349278,0.608264,1.13973,2.918116,-25.334186046313445,24.926094551445075,7.705823744812576,-0.199486,0.224469,0.111232,0.947336,0.874482,0.121191,-0.469675,-0.300305,0.895666,-0.328024,F,BuildTutorial
39.512,0.277393,1.526863,2.70626,40.8385962045304,33.671609974781965,15.220845732704769,-0.36694,-0.224815,-0.018637,-0.902478,0.898222,0.198626,-0.392103,0.131348,0.730015,0.670691,0.129013,1.241302,2.833572,-17.699071632611624,11.436645372126415,-24.471907675372176,-0.170463,0.063773,-0.193393,0.964093,0.917064,-0.39464,-0.057033,0.351157,0.867083,-0.35335,0.634258,1.124383,2.925343,-19.917610894853727,27.76666631199984,7.088496268636924,-0.152957,0.246257,0.100526,0.951765,0.858504,0.116021,-0.499509,-0.266687,0.932998,-0.241647,F,BuildTutorial
39.545,0.278338,1.526906,2.705263,40.94632276593384,33.691013467944884,14.93579404605107,-0.367206,-0.225676,-0.016036,-0.902205,0.897626,0.194675,-0.395435,0.136803,0.729806,0.669827,0.132033,1.24049,2.834074,-17.612854280060613,12.09322535701764,-24.649925158280407,-0.170956,0.069199,-0.194011,0.963507,0.915142,-0.397522,-0.067012,0.350203,0.866268,-0.356284,0.650355,1.110873,2.931465,-18.21892885037951,27.328038256471903,8.320819100226037,-0.136513,0.243795,0.106908,0.954201,0.858269,0.13746,-0.494448,-0.270585,0.93987,-0.208395,F,BuildTutorial
39.579,0.279162,1.52739,2.704928,40.73165951555545,33.62221560833266,14.781821433078369,-0.365251,-0.226031,-0.015628,-0.902916,0.897332,0.193338,-0.396757,0.136894,0.732695,0.666647,0.134398,1.239742,2.834517,-17.42695756491049,12.55604677855358,-24.953722528435467,-0.170381,0.073005,-0.196096,0.962905,0.912433,-0.402522,-0.073772,0.352767,0.865033,-0.356754,0.658874,1.095999,2.937606,-15.666043105928164,25.909443032073384,10.654179876541289,-0.111625,0.233461,0.120055,0.958448,0.862165,0.178014,-0.474323,-0.282254,0.946253,-0.157917,F,BuildTutorial
39.612,0.279841,1.5279,2.705297,40.47589895028943,33.36912096436514,14.75430320070785,-0.363202,-0.224602,-0.016909,-0.904076,0.898536,0.193726,-0.393832,0.132577,0.735597,0.664319,0.135833,1.239789,2.834555,-17.377993474181025,12.799359318709165,-25.16958500038895,-0.17053,0.074826,-0.197607,0.96243,0.910705,-0.405885,-0.076633,0.354845,0.863742,-0.357819,0.663287,1.084756,2.94215,-13.86036318359771,24.72983465293493,8.141198383840113,-0.102474,0.220403,0.094605,0.965387,0.884945,0.13749,-0.444938,-0.227832,0.961098,-0.156152,F,BuildTutorial
39.645,0.2804,1.528207,2.705976,40.32904235198719,33.0410989273846,14.833401018238147,-0.362178,-0.222036,-0.018967,-0.905079,0.900681,0.195167,-0.388181,0.126499,0.736935,0.664021,0.135897,1.240674,2.834137,-17.41385614824432,12.69355569056509,-25.176503703036975,-0.170651,0.073855,-0.197779,0.962449,0.910858,-0.405911,-0.074661,0.355497,0.863524,-0.357699,0.665121,1.081143,2.943744,-15.228105107056203,25.09771419043059,6.405690128578391,-0.1171,0.222246,0.082799,0.964385,0.887502,0.107651,-0.448052,-0.21175,0.958864,-0.189055,F,BuildTutorial
39.679,0.280749,1.528225,2.706893,40.32393480645691,32.7424922773359,14.82652907764885,-0.362075,-0.219708,-0.01987,-0.905669,0.902667,0.195093,-0.383577,0.123111,0.737014,0.664571,0.13512,1.241848,2.833343,-17.513441264605685,12.398619428489669,-25.159440116813062,-0.170961,0.071203,-0.197955,0.962557,0.911488,-0.405432,-0.069389,0.35674,0.863173,-0.357309,0.665687,1.079244,2.944722,-14.981555829218124,25.43009626636429,3.8857594686490873,-0.119698,0.22241,0.061467,0.965623,0.893511,0.065464,-0.444244,-0.171952,0.963789,-0.203824,F,BuildTutorial
39.712,0.280829,1.527928,2.707881,40.43905049138841,32.33889840304166,14.839205079583056,-0.362912,-0.216264,-0.020942,-0.906138,0.905583,0.194922,-0.37673,0.119017,0.735713,0.666755,0.132254,1.242914,2.832921,-17.63145352295599,11.657899283345104,-25.09125583435716,-0.170624,0.064845,-0.198348,0.962985,0.912906,-0.404141,-0.057204,0.359884,0.863091,-0.354341,0.663809,1.083269,2.945905,-15.899481818114207,25.20904307810909,1.1217971753713691,-0.132849,0.217434,0.039641,0.966179,0.902303,0.018829,-0.430692,-0.134372,0.96156,-0.239473,F,BuildTutorial
39.745,0.280673,1.527598,2.709015,40.60722987600262,31.746180122269447,14.715580354150491,-0.363866,-0.211658,-0.021404,-0.906832,0.909486,0.192849,-0.3683,0.115211,0.734287,0.668991,0.128825,1.243332,2.832269,-17.596128289033665,10.795061866089975,-25.133673662179714,-0.168852,0.0576,-0.200022,0.963412,0.913347,-0.40486,-0.043437,0.365956,0.86296,-0.348391,0.662932,1.091937,2.945586,-17.565586014709027,26.86384415693388,-1.490564565880404,-0.151486,0.227615,0.022962,0.961622,0.895328,-0.0248,-0.444716,-0.113122,0.95305,-0.280891,F,BuildTutorial
39.78,0.279967,1.527272,2.710365,40.787616395241166,30.99936195353324,14.548034992713044,-0.36481,-0.20595,-0.021989,-0.907753,0.914202,0.190187,-0.35786,0.110344,0.73286,0.671372,0.124859,1.243318,2.831157,-17.552699534989756,9.786085491611733,-25.224428181476487,-0.16676,0.049069,-0.202308,0.963771,0.913328,-0.406322,-0.027108,0.373592,0.862525,-0.341291,0.661129,1.103279,2.94567,-18.64174515917949,28.35439665103208,-5.123985727482387,-0.167677,0.234427,-0.003138,0.957559,0.890068,-0.084626,-0.447903,-0.072606,0.943749,-0.322592,F,BuildTutorial
39.812,0.278885,1.527187,2.711954,40.82877700830555,29.892104476845955,14.25167512136242,-0.364388,-0.198039,-0.023059,-0.909654,0.920497,0.186278,-0.34349,0.102375,0.733379,0.672067,0.120615,1.242874,2.830027,-17.420417749316258,8.694799339549512,-25.268568382830715,-0.163734,0.040087,-0.204381,0.964268,0.913243,-0.407283,-0.010381,0.381029,0.862839,-0.332154,0.651025,1.117642,2.948746,-19.94513174133295,26.56138281143823,-4.124611894940083,-0.176578,0.220039,0.005262,0.959362,0.90311,-0.067612,-0.424052,-0.087804,0.937585,-0.336489,F,BuildTutorial
39.845,0.277001,1.527555,2.713873,40.83950958978715,28.262697846651875,13.794059169021573,-0.363365,-0.186519,-0.024569,-0.912455,0.929214,0.180386,-0.322525,0.090712,0.734725,0.672273,0.115949,1.242349,2.828859,-17.19991943911898,7.618645889472841,-25.49034642213998,-0.16002,0.031154,-0.207963,0.964455,0.911561,-0.411113,0.006463,0.391172,0.862289,-0.321623,0.628797,1.137035,2.955189,-22.150304234819476,21.640840742610685,-1.7680777060185129,-0.191501,0.181302,0.021186,0.964369,0.933362,-0.028577,-0.357798,-0.110301,0.925757,-0.361673,F,BuildTutorial
39.878,0.273671,1.528115,2.716349,40.78084447094436,25.60960054392969,12.63369813102974,-0.360545,-0.1691,-0.023817,-0.916976,0.941676,0.165615,-0.292946,0.078257,0.738881,0.669277,0.11042,1.24226,2.828272,-17.063302310646122,6.634955620319888,-25.63291489835196,-0.157112,0.022948,-0.210635,0.964584,0.910213,-0.41356,0.021915,0.399138,0.861898,-0.312763,0.601062,1.15895,2.962521,-24.452969716148836,18.574441687741864,-4.986529072853268,-0.215664,0.148482,-0.007813,0.965081,0.955784,-0.079126,-0.283224,-0.048963,0.906856,-0.418586,F,BuildTutorial
39.911,0.268605,1.528253,2.718353,40.92083474415712,21.730712881324465,10.745393662721003,-0.358322,-0.14369,-0.020551,-0.922245,0.957862,0.14088,-0.250308,0.065069,0.742367,0.666827,0.105581,1.242249,2.827186,-16.932817340707285,5.626005931174534,-25.873647419779612,-0.154187,0.014388,-0.214128,0.964453,0.907885,-0.417468,0.038279,0.408595,0.860752,-0.303574,0.563042,1.180185,2.971733,-26.67291985844584,13.09727728730616,-7.240732741892015,-0.235714,0.096279,-0.034787,0.966416,0.97904,-0.112626,-0.169692,0.021848,0.886458,-0.462294,F,BuildTutorial
39.945,0.262829,1.528307,2.719571,41.17519450495795,17.746375251008416,9.170353518265316,-0.357862,-0.116161,-0.019874,-0.926308,0.972224,0.119959,-0.200976,0.046319,0.74308,0.667598,0.100576,1.242913,2.826288,-16.96871260765629,4.469498082512451,-26.12392323362324,-0.152329,0.00425,-0.217757,0.964033,0.905128,-0.421145,0.058148,0.418556,0.858755,-0.295552,0.519232,1.19891,2.981494,-28.907248224581313,5.435875343707963,-5.035445034704595,-0.251092,0.034922,-0.030666,0.966847,0.99568,-0.076835,-0.052128,0.041761,0.872025,-0.487677,F,BuildTutorial
39.979,0.256276,1.528267,2.71985,41.48547315580357,13.39486825183728,7.459078025313004,-0.358105,-0.085955,-0.019197,-0.929518,0.984487,0.09725,-0.146044,0.025873,0.742785,0.66903,0.095198,1.244435,2.825621,-17.23222727288139,3.35184884238712,-26.261480774743497,-0.152403,-0.005859,-0.220247,0.963447,0.902914,-0.422606,0.078423,0.426178,0.856529,-0.291084,0.476422,1.215712,2.99028,-31.265249470787175,-0.4839422775344444,-5.40723264098917,-0.268974,-0.016773,-0.046561,0.961875,0.995102,-0.080549,0.057315,0.098595,0.85097,-0.515877,F,BuildTutorial
40.012,0.249791,1.528695,2.719709,41.51560405918937,9.354719824843867,5.475212282182515,-0.356477,-0.059293,-0.015645,-0.93229,0.992479,0.071445,-0.099402,0.013101,0.745359,0.666535,0.090496,1.246427,2.82455,-17.518145805145124,2.476574686906089,-26.482362274363,-0.153089,-0.014081,-0.223123,0.962591,0.900036,-0.42524,0.095424,0.433863,0.85356,-0.288441,0.436462,1.229574,2.999751,-33.671936752900294,-5.179527496160463,-7.714977050674182,-0.285772,-0.062615,-0.077383,0.953114,0.980183,-0.111722,0.163586,0.183296,0.824692,-0.535056,F,BuildTutorial
40.045,0.244108,1.529615,2.718984,41.33532712421618,6.141522728346857,4.141522810425953,-0.354021,-0.037354,-0.014865,-0.934373,0.996768,0.054226,-0.05928,-0.00133,0.748897,0.662685,0.086537,1.248816,2.822797,-17.964880426737146,1.8167712647275045,-26.77293136318289,-0.155496,-0.020909,-0.226242,0.961352,0.896755,-0.428494,0.110561,0.441499,0.849271,-0.289513,0.398522,1.239784,3.009917,-35.53166240270836,-9.50384232949516,-8.02374161754247,-0.297814,-0.099972,-0.091613,0.944944,0.963226,-0.113592,0.243503,0.232684,0.805828,-0.544518,F,BuildTutorial
40.078,0.238764,1.53057,2.718161,41.09273459026936,3.1255523463624337,3.0338687219579152,-0.351388,-0.016241,-0.015211,-0.935966,0.99901,0.039888,-0.019713,-0.01706,0.75259,0.658268,0.082121,1.251559,2.821096,-18.502773492977,1.1498481240632925,-26.837265725125715,-0.158668,-0.027673,-0.227465,0.960374,0.894988,-0.428121,0.125337,0.445684,0.846168,-0.292173,0.362425,1.245825,3.022932,-36.12765848745597,-13.303732829303549,-7.643360913051521,-0.299964,-0.13041,-0.098778,0.939818,0.946472,-0.107429,0.304383,0.263902,0.800529,-0.53806,F,BuildTutorial
40.112,0.233957,1.531751,2.717377,40.70083888317512,0.797888078289146,2.392430455162712,-0.347813,0.000733,-0.017152,-0.937407,0.999411,0.031648,0.013306,-0.032668,0.757464,0.652059,0.078473,1.253203,2.818741,-18.730842810600556,0.5286476768117666,-27.0962244511033,-0.159267,-0.033696,-0.230407,0.959381,0.891554,-0.431363,0.138048,0.45283,0.843093,-0.290068,0.33016,1.248824,3.036263,-36.40749830185448,-16.18074357529257,-8.059580179855056,-0.299128,-0.155096,-0.10995,0.935082,0.927712,-0.112837,0.355834,0.298412,0.796866,-0.525314,F,BuildTutorial
40.145,0.229397,1.53286,2.716563,40.33270030892394,-1.175382964786874,2.009627142778207,-0.344507,0.015672,-0.019996,-0.93844,0.998709,0.026732,0.043193,-0.048329,0.76183,0.645971,0.074593,1.254399,2.815902,-18.8835331938845,-0.175211637328826,-27.28438586817443,-0.159061,-0.040157,-0.232906,0.958562,0.888284,-0.433735,0.151078,0.459285,0.840909,-0.286233,0.300071,1.250263,3.049078,-37.1863300041896,-18.640970418133968,-8.121918352007599,-0.302976,-0.1754,-0.117745,0.929288,0.910742,-0.112554,0.397342,0.325122,0.788683,-0.5218,F,BuildTutorial
40.178,0.224836,1.533865,2.715953,39.99063059055873,-3.0136399351947554,1.6184414845970407,-0.341442,0.029536,-0.022258,-0.939175,0.997265,0.021638,0.070678,-0.061977,0.765843,0.640034,0.070666,1.255309,2.81239,-19.051323792204048,-1.0339699066759984,-27.22237665777376,-0.158741,-0.047592,-0.233529,0.958124,0.886399,-0.432389,0.165339,0.462608,0.840532,-0.281959,0.272113,1.247692,3.062961,-36.749654882154005,-20.41601597663818,-8.850129246594433,-0.296341,-0.191622,-0.127762,0.926898,0.893916,-0.123273,0.430951,0.350415,0.791718,-0.500392,F,BuildTutorial
40.211,0.220682,1.534841,2.715702,39.626455950513254,-4.404016545453254,1.611910751854015,-0.338163,0.040909,-0.026246,-0.939832,0.995275,0.021666,0.094646,-0.077002,0.769913,0.633486,0.065633,1.255712,2.809119,-19.05703260262983,-2.021307766448893,-27.19104369416275,-0.156786,-0.055814,-0.234625,0.957734,0.883672,-0.431915,0.180482,0.466918,0.840739,-0.274128,0.243576,1.239967,3.075948,-34.56265408976957,-23.000889493488845,-7.97248090325153,-0.277161,-0.210151,-0.12413,0.929306,0.880857,-0.114218,0.459397,0.347201,0.815547,-0.462963,F,BuildTutorial
40.245,0.216403,1.535692,2.715756,39.302014634532384,-5.605771542390119,1.674427040941674,-0.335179,0.050955,-0.030187,-0.940291,0.992985,0.022612,0.116061,-0.090927,0.773488,0.627255,0.060659,1.255377,2.805625,-18.93960160473015,-3.090097974870491,-27.27227914417707,-0.153562,-0.06462,-0.236769,0.957175,0.87953,-0.433411,0.196423,0.473104,0.840719,-0.263372,0.218332,1.232487,3.084119,-34.096149944713325,-26.027340722117557,-6.726623112303447,-0.272522,-0.231676,-0.120553,0.926027,0.863586,-0.096997,0.494783,0.349544,0.822398,-0.448866,F,BuildTutorial
40.279,0.212176,1.536304,2.715887,39.04018915999742,-6.7839286099322695,1.7076588257303618,-0.332684,0.06073,-0.033788,-0.940474,0.99034,0.023146,0.136712,-0.103962,0.77636,0.621657,0.055977,1.2544,2.801404,-18.750048224279563,-4.3091068339904846,-27.165068100194837,-0.149517,-0.074284,-0.237498,0.956933,0.876154,-0.432325,0.21319,0.476752,0.842479,-0.250871,0.19567,1.223641,3.091639,-33.60039447808008,-27.81859538678933,-5.676287924542584,-0.268821,-0.243735,-0.115406,0.924667,0.854549,-0.082383,0.512796,0.344467,0.828833,-0.440883,F,BuildTutorial
40.312,0.208044,1.536755,2.716336,38.78690540369331,-7.851191653479892,1.7639112723707049,-0.330241,0.069668,-0.037215,-0.940586,0.987523,0.023994,0.155638,-0.116023,0.779112,0.616055,0.050829,1.253236,2.797385,-18.468221913963266,-5.560488129721589,-27.074797463508965,-0.14462,-0.084065,-0.238342,0.956667,0.872253,-0.431712,0.229782,0.480342,0.844557,-0.236633,0.176193,1.212172,3.098973,-31.131216147357513,-29.25041784761151,-6.510519998739604,-0.245416,-0.257586,-0.120575,0.926759,0.838222,-0.097056,0.536623,0.349919,0.850465,-0.392766,F,BuildTutorial
40.345,0.203924,1.537191,2.716865,38.61421673359554,-8.81305535188426,1.8448091196118277,-0.328444,0.077809,-0.040548,-0.940439,0.984603,0.025153,0.172985,-0.127377,0.78096,0.611454,0.04579,1.251883,2.79348,-18.172358577138084,-6.680165910232186,-27.053433927777736,-0.139822,-0.09281,-0.239517,0.956278,0.868036,-0.432136,0.244484,0.484043,0.846163,-0.222958,0.158878,1.201506,3.103998,-30.099172960304617,-31.38033565299928,-3.8202461502452416,-0.241136,-0.269347,-0.10117,0.926861,0.834434,-0.057642,0.548085,0.317439,0.863237,-0.392499,F,BuildTutorial
40.378,0.200008,1.537402,2.717513,38.4392706311647,-9.726239998826298,1.8463912856711533,-0.326673,0.085325,-0.043063,-0.940293,0.98173,0.025237,0.188596,-0.136731,0.782861,0.606987,0.040469,1.250543,2.789822,-17.891686272215935,-7.859246946028541,-26.906995485269324,-0.135128,-0.101933,-0.23965,0.955991,0.864355,-0.430658,0.259661,0.485754,0.848617,-0.209505,0.14486,1.192616,3.109097,-29.507847810312988,-32.205239355044306,-3.3146849113855597,-0.236817,-0.275178,-0.097476,0.926657,0.829551,-0.050321,0.556159,0.310988,0.868832,-0.38525,F,BuildTutorial
40.411,0.19622,1.537561,2.71828,38.29529183038231,-10.543443915162683,1.8667327096252744,-0.325159,0.092105,-0.045456,-0.940065,0.978901,0.025566,0.202729,-0.14536,0.784411,0.602967,0.03546,1.248909,2.786551,-17.5491200311398,-9.00295554986842,-26.815019575777654,-0.129946,-0.110715,-0.240101,0.955619,0.860188,-0.430116,0.274003,0.487664,0.850932,-0.195192,0.132992,1.182885,3.11433,-28.01022732771445,-33.08418790530296,-3.9364529767629417,-0.222367,-0.284061,-0.100809,0.9272,0.818294,-0.060608,0.571595,0.313271,0.880781,-0.355086,F,BuildTutorial
40.445,0.192864,1.537602,2.718883,38.30503087212677,-11.23648078526413,1.919537592752937,-0.324913,0.097937,-0.047862,-0.939441,0.976235,0.026285,0.215113,-0.153569,0.784282,0.601098,0.030731,1.247248,2.783705,-17.210587325732213,-10.023017607037763,-26.81272386149007,-0.124967,-0.118578,-0.241084,0.955092,0.855635,-0.430879,0.286762,0.490152,0.852523,-0.181535,0.12172,1.170163,3.11928,-25.583636357581277,-34.618900543596325,-1.6708519713875665,-0.207129,-0.293199,-0.079444,0.929957,0.815446,-0.0263,0.578236,0.26922,0.901572,-0.338656,F,BuildTutorial
40.478,0.189911,1.537541,2.71926,38.33464294892924,-11.747612238635853,1.967949508845836,-0.324896,0.102259,-0.049731,-0.938889,0.97414,0.026937,0.224335,-0.159831,0.783939,0.599911,0.026126,1.245646,2.781374,-16.87969937645712,-10.96784915698381,-26.726490886106593,-0.120295,-0.125739,-0.241221,0.954741,0.852004,-0.430357,0.298132,0.49086,0.854683,-0.169039,0.114037,1.160665,3.122457,-25.17187854632259,-35.16505456792156,-0.352518087800314,-0.206816,-0.295458,-0.068686,0.930169,0.815973,-0.005569,0.578063,0.249991,0.905018,-0.34416,F,BuildTutorial
40.512,0.187109,1.537712,2.71987,38.260492665907314,-12.162716272338235,1.988274934093133,-0.324087,0.105729,-0.051013,-0.938716,0.972438,0.027243,0.231565,-0.164305,0.784731,0.597664,0.02229,1.244503,2.779201,-16.683517166803128,-11.774944142500257,-26.64327773387184,-0.117044,-0.132011,-0.241258,0.95429,0.848736,-0.429558,0.308429,0.491362,0.85619,-0.159691,0.108379,1.150192,3.125894,-23.236856225430735,-35.11984460482865,-1.9745814955527548,-0.186888,-0.298786,-0.076843,0.932682,0.809644,-0.03166,0.586067,0.255019,0.918336,-0.302695,F,BuildTutorial
40.544,0.184496,1.537897,2.720644,38.09996466258738,-12.464762465023393,2.0387710610522745,-0.322587,0.108372,-0.052145,-0.938869,0.971073,0.027995,0.237136,-0.167833,0.786437,0.594432,0.018644,1.2437,2.777804,-16.495960451613445,-12.480173991984463,-26.617752881685703,-0.114015,-0.13751,-0.241644,0.953782,0.845398,-0.429596,0.317411,0.492309,0.857217,-0.151034,0.103609,1.14018,3.128555,-21.661332714033623,-35.32271431232158,-0.8208852809895898,-0.176911,-0.299261,-0.063712,0.93546,0.812767,-0.013315,0.582436,0.225085,0.929287,-0.292853,F,BuildTutorial
40.578,0.182161,1.537931,2.721089,38.09245571401522,-12.6593669866438,2.1793722447861517,-0.322301,0.110363,-0.053838,-0.938639,0.969843,0.029928,0.241886,-0.172209,0.786447,0.593166,0.016112,1.24334,2.776366,-16.435011988034375,-12.977864498287843,-26.694174151677487,-0.112359,-0.141614,-0.242732,0.953101,0.842053,-0.430873,0.324491,0.494519,0.856913,-0.145431,0.100366,1.134324,3.128701,-21.265059422434867,-36.25622483137915,0.4348300386445859,-0.17651,-0.305133,-0.053864,0.934257,0.807985,0.007072,0.589161,0.208365,0.931886,-0.29694,F,BuildTutorial
40.611,0.18019,1.537974,2.721615,38.07386547882084,-12.74154593212063,2.373969199113511,-0.321921,0.111586,-0.055647,-0.93852,0.968904,0.032607,0.245278,-0.176294,0.78654,0.59184,0.013154,1.243756,2.776237,-16.46505861725304,-13.3076335033249,-26.65675611264545,-0.111959,-0.144375,-0.242764,0.952726,0.840444,-0.430247,0.329458,0.494903,0.857062,-0.143235,0.099164,1.130279,3.128862,-20.223336165658377,-35.8975609061193,-0.3611023370959667,-0.166066,-0.303905,-0.057055,0.936381,0.808773,-0.005915,0.588091,0.207788,0.938334,-0.276323,F,BuildTutorial
40.645,0.178425,1.537939,2.72223,38.02541842832998,-12.780741757259204,2.5764671677624196,-0.321306,0.112482,-0.057374,-0.938519,0.968112,0.035411,0.248001,-0.179975,0.786942,0.590196,0.011578,1.243977,2.775697,-16.5190231148606,-13.539781243801832,-26.676447446570375,-0.111894,-0.146423,-0.243192,0.952312,0.838836,-0.430422,0.333304,0.495957,0.856675,-0.141897,0.098828,1.128338,3.128303,-20.02457396309575,-35.41720512353825,-0.8198245126181122,-0.163474,-0.300721,-0.059594,0.937706,0.812031,-0.013442,0.58346,0.210083,0.93945,-0.270739,F,BuildTutorial
40.678,0.176997,1.537718,2.722545,38.09183912571523,-12.779313400294257,2.7764218875895845,-0.321655,0.113023,-0.059064,-0.93823,0.967474,0.038122,0.25008,-0.18354,0.786099,0.590222,0.010367,1.244215,2.775415,-16.601384657752803,-13.73646467095023,-26.582359785434736,-0.112288,-0.148116,-0.242661,0.952139,0.838354,-0.428831,0.33655,0.495357,0.857014,-0.141943,0.097696,1.127718,3.12583,-19.841613275613643,-36.21650217531237,-0.9622454128607938,-0.161177,-0.30753,-0.061409,0.935776,0.803308,-0.015796,0.595354,0.214063,0.940502,-0.263881,F,BuildTutorial
40.711,0.175909,1.537461,2.722761,38.15007524662007,-12.765802994254788,2.991856091558223,-0.321927,0.113511,-0.060839,-0.937965,0.966828,0.041045,0.252109,-0.187214,0.785324,0.5901,0.009633,1.244074,2.775196,-16.61947075972252,-13.843983767675171,-26.56679476989666,-0.112232,-0.149027,-0.24265,0.952006,0.837824,-0.428557,0.338215,0.495459,0.85705,-0.141368,0.096804,1.127112,3.12331,-19.662576010387912,-36.83601994576695,-0.7735989634065834,-0.159896,-0.312394,-0.060257,0.934458,0.797558,-0.012715,0.603108,0.212517,0.941605,-0.261184,F,BuildTutorial
40.744,0.175099,1.537216,2.722697,38.21310801536876,-12.787400499465829,3.1027151450603236,-0.322322,0.113993,-0.06186,-0.937703,0.966358,0.042527,0.253662,-0.189497,0.784564,0.590381,0.009118,1.243912,2.775512,-16.63304356583861,-13.823010665723414,-26.540750666306614,-0.112424,-0.148852,-0.242423,0.952069,0.838148,-0.428139,0.337943,0.495076,0.857184,-0.141899,0.097553,1.126227,3.121863,-19.51011057282713,-36.484350700284345,-0.2768964952640755,-0.160175,-0.308896,-0.055301,0.935879,0.80305,-0.004556,0.595894,0.202465,0.942572,-0.265644,F,BuildTutorial
40.778,0.174798,1.53701,2.722249,38.33325561651338,-12.720807979506146,3.212719329420523,-0.323234,0.113747,-0.062673,-0.937365,0.966267,0.043961,0.253762,-0.191029,0.783183,0.591719,0.008936,1.243672,2.776126,-16.610532952906944,-13.730151851480676,-26.508798764149997,-0.112473,-0.148008,-0.24205,0.952289,0.839011,-0.42771,0.336341,0.494298,0.857523,-0.142564,0.09874,1.12527,3.120337,-19.053365129642625,-36.375542021734674,-0.5554577927097961,-0.155744,-0.308586,-0.056201,0.936675,0.803232,-0.009164,0.595596,0.201406,0.94517,-0.257078,F,BuildTutorial
40.811,0.174733,1.536893,2.721763,38.37292320334483,-12.568267734861688,3.3494790644064576,-0.323508,0.112882,-0.063394,-0.937327,0.966478,0.045806,0.252632,-0.191879,0.782647,0.592154,0.009121,1.243569,2.776886,-16.5983754304975,-13.585332572856087,-26.51659502553026,-0.112667,-0.14679,-0.241964,0.952477,0.839812,-0.427854,0.33415,0.494008,0.857519,-0.14359,0.10039,1.12487,3.119051,-19.144561904630283,-36.291320087887065,-0.6273498627541269,-0.156338,-0.307958,-0.056918,0.936739,0.803844,-0.010343,0.59475,0.202925,0.944638,-0.257839,F,BuildTutorial
40.845,0.174729,1.537017,2.721329,38.34299245855106,-12.405583117351023,3.436930971687686,-0.323267,0.1118,-0.063626,-0.937524,0.966905,0.047019,0.250766,-0.191584,0.782901,0.591914,0.010142,1.243654,2.777344,-16.625592164100677,-13.26996840575687,-26.495600722496235,-0.113587,-0.144197,-0.241497,0.952882,0.841772,-0.427479,0.329668,0.492995,0.857554,-0.146823,0.102405,1.125062,3.118227,-19.390506075081273,-36.188552631566715,-0.4608379680820071,-0.158847,-0.306787,-0.056072,0.936753,0.805475,-0.007586,0.592581,0.202515,0.943247,-0.263196,F,BuildTutorial
40.878,0.174853,1.537279,2.720967,38.21443276099479,-12.230651742971524,3.535691402817753,-0.322214,0.110654,-0.063839,-0.938008,0.967361,0.048454,0.248727,-0.19107,0.784206,0.59035,0.011457,1.243994,2.777703,-16.743558767578666,-12.964864024179882,-26.429032906435484,-0.115301,-0.141808,-0.240718,0.953232,0.84389,-0.426219,0.325863,0.491622,0.857521,-0.151546,0.104882,1.124976,3.117855,-19.046632606784065,-35.9290997103976,-0.0504280610752059,-0.157249,-0.304247,-0.051442,0.938115,0.809574,-0.000833,0.587017,0.192203,0.945253,-0.263733,F,BuildTutorial
40.911,0.175224,1.537499,2.720453,38.089642531630766,-12.039032723127049,3.5766987108111006,-0.321257,0.109206,-0.063539,-0.938526,0.968074,0.0491,0.24581,-0.189433,0.785513,0.589139,0.012399,1.244484,2.778131,-16.82073291350126,-12.66528494734969,-26.43072165070397,-0.116575,-0.139458,-0.240479,0.953484,0.845443,-0.42607,0.32201,0.4911,0.857161,-0.155232,0.107181,1.125739,3.118125,-18.835380607893576,-35.18101923971291,-1.2301142360183517,-0.15277,-0.299796,-0.059543,0.939808,0.813155,-0.020318,0.581693,0.203517,0.946232,-0.251448,F,BuildTutorial
40.945,0.175597,1.537649,2.719682,38.04812410779341,-11.88201362976608,3.6265030359068264,-0.320956,0.108061,-0.063475,-0.938766,0.968588,0.049812,0.243633,-0.188542,0.785917,0.588886,0.013336,1.244821,2.778359,-16.914250115592875,-12.396641153990846,-26.294503741089432,-0.118086,-0.137253,-0.239129,0.953958,0.847959,-0.423822,0.318342,0.488652,0.857747,-0.159656,0.108678,1.126513,3.117706,-18.887962144878404,-34.940617617043564,-2.4820045572886613,-0.150064,-0.299463,-0.069627,0.939657,0.810948,-0.040974,0.583682,0.220728,0.945266,-0.240315,F,BuildTutorial
40.977,0.175963,1.537663,2.718769,38.07122018787304,-11.79935032856616,3.714274738652658,-0.321109,0.107629,-0.06398,-0.938729,0.968645,0.050998,0.243157,-0.18924,0.785592,0.589096,0.014101,1.244848,2.778672,-16.913876566539418,-12.158616351780708,-26.285396902428303,-0.11859,-0.135261,-0.238807,0.95426,0.849351,-0.423687,0.314789,0.48785,0.857815,-0.161728,0.107561,1.127659,3.114722,-19.547958686803277,-36.92602142228466,-1.3522427440816105,-0.15733,-0.313974,-0.064789,0.934061,0.794445,-0.022239,0.606929,0.219829,0.9421,-0.253227,F,BuildTutorial
41.011,0.176264,1.537597,2.717959,38.041715921516825,-11.695123199137493,3.754695959508882,-0.320887,0.106889,-0.063997,-0.938888,0.968958,0.051573,0.241786,-0.18877,0.785872,0.588873,0.014997,1.244808,2.778988,-16.93385781858493,-11.827185419668774,-26.369973150854563,-0.11935,-0.132625,-0.239179,0.954442,0.850408,-0.424908,0.310257,0.488223,0.857098,-0.164384,0.108079,1.128358,3.113656,-19.999413836125953,-37.04835410273088,-0.1390103846887996,-0.164267,-0.313078,-0.0563,0.933718,0.797626,-0.00228,0.603149,0.207993,0.939694,-0.271505,F,BuildTutorial
41.046,0.176563,1.537611,2.717231,38.032807243759216,-11.574270672973242,3.7550618442271047,-0.320881,0.1059,-0.063655,-0.939026,0.969467,0.051585,0.239736,-0.18751,0.785967,0.589149,0.016027,1.244787,2.778922,-16.944135185697426,-11.634951568787098,-26.316892942193967,-0.119898,-0.130987,-0.238542,0.954759,0.851881,-0.42409,0.307322,0.48691,0.857445,-0.166455,0.109278,1.127867,3.114684,-19.145368732353308,-35.97385102552692,-0.4808386146757324,-0.156892,-0.305161,-0.055288,0.937659,0.80764,-0.007928,0.589623,0.199437,0.944656,-0.260479,F,BuildTutorial
41.078,0.176781,1.53756,2.716512,38.12933436872339,-11.454589289110592,3.786522525299603,-0.321711,0.105006,-0.063648,-0.938842,0.969845,0.051948,0.238121,-0.187075,0.784901,0.590706,0.016406,1.244993,2.77929,-16.972846188553262,-11.469173559266777,-26.31677746462414,-0.120484,-0.129658,-0.238383,0.954906,0.852725,-0.424023,0.305065,0.48651,0.857315,-0.168286,0.109833,1.128774,3.114662,-19.22936957575572,-35.99458166358139,-0.9680949130455204,-0.15627,-0.305963,-0.059525,0.937242,0.805687,-0.015952,0.592126,0.207203,0.944073,-0.2565,F,BuildTutorial
41.112,0.176905,1.537608,2.715915,38.092255660420456,-11.334409300686191,3.83510649246569,-0.321429,0.104158,-0.063682,-0.939031,0.970192,0.052641,0.236553,-0.186558,0.785256,0.590398,0.01714,1.245318,2.778846,-17.11968368201663,-11.40164712672144,-26.23497429102773,-0.121949,-0.129277,-0.23771,0.95494,0.853563,-0.422467,0.30488,0.485528,0.857245,-0.171446,0.11088,1.131135,3.114374,-19.90937339318536,-35.672510970218454,-0.5713959414873461,-0.163054,-0.302503,-0.057624,0.937328,0.810342,-0.009377,0.585882,0.206675,0.940186,-0.270807,F,BuildTutorial
41.145,0.177028,1.537764,2.715471,38.006615611996025,-11.184040386166169,3.878350524832363,-0.32077,0.103047,-0.063554,-0.939388,0.970685,0.053295,0.234373,-0.185511,0.786135,0.589557,0.017432,1.245615,2.778499,-17.169080220184384,-11.324513053843054,-26.19449658926429,-0.122569,-0.128681,-0.237317,0.955039,0.854244,-0.421749,0.303965,0.484838,0.857315,-0.17304,0.112262,1.134572,3.114296,-20.466545584198915,-35.214153837282275,-0.9435058632221516,-0.166877,-0.29906,-0.06146,0.937517,0.813571,-0.015427,0.581261,0.215053,0.936749,-0.27614,F,BuildTutorial
41.178,0.176952,1.537712,2.715114,38.0175746371362,-11.029184534019208,4.000317692167207,-0.320837,0.102119,-0.064128,-0.939427,0.970919,0.054961,0.233016,-0.186015,0.785902,0.589709,0.017791,1.24589,2.777795,-17.258203849243724,-11.335486277656978,-26.167940314768593,-0.123324,-0.128906,-0.237155,0.954951,0.854282,-0.421148,0.304692,0.484737,0.857098,-0.174395,0.115384,1.138359,3.1131,-21.12640751599174,-34.8351254796349,-1.117351416477812,-0.172037,-0.295952,-0.064017,0.937399,0.816628,-0.01819,0.576878,0.221849,0.93261,-0.284642,F,BuildTutorial
41.211,0.1767,1.537685,2.714802,38.062282118097265,-10.953550477566058,4.052897169848854,-0.3212,0.101647,-0.064378,-0.939337,0.971047,0.055648,0.232318,-0.186244,0.785372,0.590343,0.01802,1.246187,2.777096,-17.288591543914613,-11.36293475945881,-26.171675967974117,-0.123518,-0.129194,-0.237232,0.954868,0.85406,-0.421135,0.305331,0.484966,0.856929,-0.174588,0.119417,1.145423,3.112781,-22.52649991646904,-33.87252035278455,-0.7377027085996855,-0.185003,-0.286894,-0.062936,0.937819,0.827462,-0.011893,0.561395,0.224198,0.923626,-0.310886,F,BuildTutorial
41.244,0.176115,1.537724,2.714826,37.98738117955349,-10.904492540691736,4.054199028883142,-0.320611,0.101247,-0.0642,-0.939594,0.971255,0.055721,0.231429,-0.185565,0.786174,0.589488,0.017874,1.2467,2.776122,-17.436961370545998,-11.411891540789274,-26.037152583369448,-0.124814,-0.129725,-0.236244,0.954873,0.854721,-0.418782,0.306715,0.483548,0.857221,-0.177069,0.124897,1.155062,3.111898,-24.478038474603252,-32.46550201001869,-0.9764465287677996,-0.201204,-0.274911,-0.067253,0.937773,0.839802,-0.015509,0.542672,0.236762,0.909988,-0.34039,F,BuildTutorial
41.278,0.175491,1.537591,2.714952,37.98479176620656,-10.90505446200902,4.12801208269152,-0.320524,0.101458,-0.064805,-0.939559,0.971013,0.056737,0.232194,-0.186816,0.786129,0.589153,0.017472,1.246968,2.775183,-17.533973969964475,-11.643805012984776,-25.904532998655952,-0.125302,-0.131687,-0.235445,0.954737,0.854448,-0.416576,0.310457,0.482578,0.85773,-0.177252,0.129897,1.165456,3.110529,-26.30781043641996,-31.750548511509137,-1.788129576857896,-0.214705,-0.26975,-0.076857,0.935537,0.842656,-0.027973,0.537726,0.259639,0.89599,-0.360264,F,BuildTutorial
41.311,0.174978,1.537161,2.71477,38.12960415943348,-10.973569086843412,4.218801905824884,-0.321594,0.102278,-0.06584,-0.939032,0.970409,0.057867,0.234431,-0.189435,0.784484,0.590507,0.016957,1.246636,2.774374,-17.543008987161265,-11.850231486686964,-25.84405986855104,-0.125024,-0.133357,-0.235172,0.95461,0.85382,-0.41565,0.313411,0.482341,0.858126,-0.175974,0.134613,1.175483,3.108793,-28.280581334620475,-31.500739498423872,-1.9595901566560323,-0.230589,-0.267204,-0.082263,0.932021,0.84367,-0.030113,0.536017,0.27657,0.880123,-0.385866,F,BuildTutorial
41.345,0.17448,1.536633,2.714439,38.35880449557806,-11.05736483301738,4.231979722219421,-0.323416,0.103008,-0.066341,-0.938291,0.969977,0.057866,0.236214,-0.191124,0.782001,0.59325,0.016993,1.245872,2.773578,-17.423441347382223,-11.896211172689393,-25.887024274309503,-0.123876,-0.133573,-0.235511,0.954645,0.853386,-0.416566,0.313378,0.482751,0.858379,-0.173599,0.138911,1.183753,3.107074,-29.836606783359656,-31.60891683708092,-1.593433891662671,-0.244026,-0.266594,-0.083037,0.9287,0.844065,-0.024122,0.535699,0.284345,0.867113,-0.408978,F,BuildTutorial
41.378,0.174106,1.535978,2.713947,38.63065764156545,-11.123298814174756,4.257859467255107,-0.325585,0.103628,-0.066927,-0.937431,0.969564,0.058,0.237868,-0.192958,0.77903,0.596556,0.01713,1.245004,2.773194,-17.323142067498644,-11.820716353556438,-25.885584922739735,-0.123191,-0.132763,-0.23536,0.954884,0.853959,-0.416773,0.311535,0.482194,0.858859,-0.172772,0.141092,1.186825,3.106236,-29.722942144878477,-32.36587251012563,-0.8505538363503065,-0.244314,-0.271203,-0.078371,0.927695,0.840614,-0.012891,0.541481,0.277926,0.868337,-0.410789,F,BuildTutorial
41.411,0.173955,1.535271,2.713324,38.97051693645005,-11.13933384928123,4.289254574860313,-0.328333,0.103857,-0.067464,-0.936408,0.969325,0.058149,0.238806,-0.194547,0.775292,0.600894,0.017329,1.244197,2.773077,-17.169090534008138,-11.697807925176182,-25.97980474287448,-0.122042,-0.131563,-0.235926,0.955058,0.854061,-0.418534,0.308885,0.482758,0.85889,-0.171036,0.142935,1.184507,3.106344,-27.05730781949824,-33.1977989596248,-0.5580613265790733,-0.222828,-0.278832,-0.071364,0.931401,0.83432,-0.008674,0.551212,0.2572,0.89051,-0.375288,F,BuildTutorial
41.444,0.173811,1.534651,2.712901,39.278984112970605,-10.956956687631042,4.288545762237878,-0.330967,0.102373,-0.067144,-0.935667,0.970023,0.057884,0.23602,-0.193413,0.771905,0.605602,0.017358,1.244161,2.772991,-17.192604883928272,-11.620994947479042,-26.042391492313527,-0.122326,-0.131032,-0.236379,0.954983,0.853911,-0.419419,0.308098,0.483534,0.858322,-0.171691,0.146439,1.181369,3.106271,-24.32961088055077,-32.96139877365471,0.9828359981457764,-0.204438,-0.275579,-0.051739,0.937862,0.842759,0.015631,0.538065,0.209725,0.911057,-0.354953,F,BuildTutorial
41.477,0.173596,1.533762,2.712822,39.60478131859627,-10.75506137393184,4.299499212159603,-0.333741,0.100766,-0.066865,-0.934875,0.970751,0.05776,0.233039,-0.19228,0.768292,0.610538,0.017572,1.245005,2.772404,-17.427076326571314,-11.592580314239834,-26.10114756429452,-0.124285,-0.131282,-0.236968,0.954549,0.853222,-0.419763,0.309533,0.485029,0.856798,-0.175053,0.154735,1.179716,3.102602,-22.10839034494391,-31.500221204673295,1.771164133347126,-0.188634,-0.263522,-0.03744,0.945289,0.858309,0.028635,0.512334,0.170202,0.926031,-0.336895,F,BuildTutorial
41.511,0.173141,1.532739,2.712668,40.033017702931566,-10.445370452271796,4.428356181184819,-0.337311,0.098634,-0.067285,-0.933791,0.971488,0.05912,0.2296,-0.192202,0.763389,0.616682,0.017382,1.246774,2.771368,-17.838308767870974,-11.671224188598922,-25.96707784141112,-0.127727,-0.13253,-0.236165,0.954122,0.853324,-0.416806,0.313228,0.484516,0.855824,-0.181135,0.164055,1.179814,3.091561,-20.568591889608136,-31.70391872320413,-0.6634726794237027,-0.170184,-0.269754,-0.054246,0.946217,0.84858,-0.010842,0.528956,0.194474,0.936189,-0.292796,F,BuildTutorial
41.544,0.172339,1.531619,2.712737,40.52965728608274,-10.140313539831192,4.657700383726726,-0.341351,0.096856,-0.068555,-0.932416,0.971838,0.06172,0.227423,-0.193968,0.75756,0.623281,0.016608,1.248202,2.770653,-18.19177227908629,-11.842962857539472,-25.729117260965825,-0.130616,-0.134321,-0.234574,0.953872,0.853866,-0.412418,0.317529,0.482596,0.855829,-0.186166,0.172131,1.178335,3.074401,-19.463477090371143,-32.905039773740086,0.1103556738726988,-0.162383,-0.278989,-0.046964,0.9453,0.839919,0.001816,0.542708,0.179396,0.942853,-0.280796,F,BuildTutorial
41.578,0.171113,1.530721,2.713343,40.92154767404181,-9.80334268982484,4.821635134563704,-0.344612,0.094635,-0.069109,-0.931403,0.972537,0.063512,0.223917,-0.193961,0.752933,0.628865,0.015652,1.248978,2.770042,-18.421241100171716,-12.107074364907286,-25.71250106817256,-0.132019,-0.136905,-0.234869,0.953239,0.852187,-0.411625,0.32302,0.483921,0.854815,-0.187383,0.179455,1.173298,3.052577,-17.45943761135184,-34.26823000584403,1.4498389717679545,-0.14871,-0.289338,-0.03276,0.945037,0.83042,0.024136,0.556615,0.147975,0.953624,-0.262116,F,BuildTutorial
41.611,0.169772,1.529877,2.714216,41.250372548549606,-9.453185094147695,4.994066587731942,-0.347362,0.092341,-0.069635,-0.930572,0.973249,0.065449,0.220236,-0.193751,0.748981,0.633631,0.014408,1.249352,2.769442,-18.716759410089068,-12.480865791403104,-25.416817954880948,-0.134091,-0.140187,-0.233018,0.952927,0.852101,-0.406502,0.329667,0.481693,0.855445,-0.190226,0.188451,1.165225,3.030691,-16.11663271965615,-31.885493544337898,0.3655728757175396,-0.135656,-0.271533,-0.035467,0.95216,0.850023,0.00613,0.526709,0.14121,0.960679,-0.239071,F,BuildTutorial
41.645,0.168693,1.529205,2.715209,41.41616800508968,-9.143602371984734,5.366118762824403,-0.348605,0.090977,-0.071802,-0.930076,0.973135,0.070133,0.219293,-0.196993,0.746638,0.635394,0.012595,1.24897,2.769944,-18.72720689009916,-12.77169800976334,-25.055325605700293,-0.134036,-0.142201,-0.230358,0.953283,0.853428,-0.401073,0.332867,0.477313,0.857939,-0.190034,0.198203,1.153013,3.008702,-14.02748615820074,-27.51584226111276,-2.1667634407390577,-0.11412,-0.238241,-0.047262,0.96332,0.882016,-0.03668,0.469791,0.145432,0.969486,-0.197348,F,BuildTutorial
41.677,0.168087,1.528624,2.71579,41.566021363530886,-8.752620770039508,5.850883360038686,-0.349693,0.089305,-0.074617,-0.929608,0.972914,0.076271,0.218223,-0.201188,0.744294,0.636828,0.011721,1.247173,2.770559,-18.436016813356197,-12.887023086714848,-24.98748711175777,-0.131446,-0.142587,-0.229742,0.953735,0.853776,-0.40074,0.332378,0.47571,0.859882,-0.185214,0.204082,1.134127,2.98694,-8.906879716393982,-24.067542853675093,-4.395312360201992,-0.067916,-0.210618,-0.053568,0.973734,0.905541,-0.075714,0.417448,0.132931,0.985036,-0.109699,F,BuildTutorial
41.711,0.167659,1.528091,2.715984,41.77811440872427,-8.305397734458456,6.182097973780701,-0.351458,0.086733,-0.076029,-0.929072,0.973394,0.080307,0.214604,-0.202238,0.741395,0.63987,0.011855,1.244561,2.771842,-17.954875665571922,-12.640511220117668,-25.034195145422213,-0.127844,-0.139767,-0.229545,0.954689,0.855549,-0.402551,0.32556,0.474024,0.86193,-0.179937,0.2031,1.116632,2.967208,-6.351905300946374,-24.773397456487515,-5.700829586658021,-0.043395,-0.216605,-0.060366,0.973424,0.898876,-0.098725,0.426936,0.136323,0.988946,-0.058332,F,BuildTutorial
41.744,0.167574,1.527654,2.715716,41.918847516050505,-7.881183253617572,6.440117434587899,-0.352693,0.084119,-0.076874,-0.928775,0.974029,0.083461,0.21048,-0.202133,0.739396,0.642211,0.01163,1.242793,2.77396,-17.615071189217787,-12.385868947016949,-24.788701906230223,-0.125793,-0.136793,-0.227003,0.955999,0.859514,-0.399614,0.318659,0.468445,0.865291,-0.178412,0.20005,1.101782,2.952189,-6.730139881269494,-25.20510552385902,-3.578466338143282,-0.050455,-0.219493,-0.043219,0.97335,0.89991,-0.061986,0.431648,0.106284,0.991173,-0.079248,F,BuildTutorial
41.777,0.167683,1.527382,2.714966,41.992895245082046,-7.513535873925691,6.723349704405715,-0.353338,0.082031,-0.078064,-0.928617,0.974354,0.087013,0.207516,-0.202952,0.738116,0.643425,0.012825,1.24105,2.775856,-17.339853977819956,-11.756002414688057,-24.86335925609016,-0.124639,-0.131147,-0.226772,0.956995,0.86275,-0.401348,0.307544,0.466732,0.866079,-0.179077,0.195345,1.085575,2.944176,-5.690121663150152,-27.11081076242976,-1.027817156532422,-0.046151,-0.23452,-0.020342,0.970802,0.889173,-0.01785,0.457223,0.061143,0.994913,-0.080065,F,BuildTutorial
41.811,0.167723,1.527346,2.713961,41.971405160035275,-7.275607875683764,6.859677690244385,-0.353229,0.080517,-0.078428,-0.92876,0.974732,0.0888,0.204969,-0.202564,0.738156,0.643501,0.014707,1.240159,2.778143,-17.172167920446437,-10.745528083007086,-25.37216939886358,-0.124678,-0.122968,-0.229832,0.957346,0.864113,-0.409394,0.292757,0.47072,0.863266,-0.182196,0.19514,1.073913,2.943241,-3.949451387485565,-26.200043277147973,-2.363528938576201,-0.028883,-0.227161,-0.027884,0.973029,0.895241,-0.041143,0.44368,0.067387,0.996777,-0.043539,F,BuildTutorial
41.844,0.167693,1.527647,2.713115,41.82704110983806,-7.193384581294618,6.990671889822999,-0.35202,0.080211,-0.07919,-0.929181,0.97459,0.090692,0.204814,-0.203636,0.739622,0.641477,0.016974,1.240576,2.780164,-17.233293802396254,-9.63737199956803,-25.780026537218536,-0.127003,-0.114266,-0.232051,0.957583,0.866191,-0.415393,0.27778,0.473441,0.860045,-0.190201,0.197168,1.071741,2.947002,-3.4871544224145867,-24.281703847503376,-3.6098553760476895,-0.02311,-0.211051,-0.037174,0.976495,0.908151,-0.062845,0.413898,0.082355,0.996168,-0.029443,F,BuildTutorial
41.877,0.167515,1.528194,2.71242,41.63114000845797,-7.161444862047666,7.165400605512312,-0.350326,0.080427,-0.080447,-0.929694,0.974119,0.093231,0.205911,-0.205934,0.741601,0.638451,0.019346,1.241876,2.781299,-17.473071596953844,-8.64656034881715,-26.002270910895305,-0.130814,-0.106673,-0.232884,0.957744,0.868772,-0.418177,0.26526,0.473995,0.857306,-0.200888,0.196188,1.079043,2.950255,-4.447742862060219,-25.02294417677624,-3.935656580541912,-0.030427,-0.217645,-0.041899,0.974653,0.90175,-0.06843,0.426807,0.094919,0.994637,-0.041072,F,BuildTutorial
41.91,0.167154,1.528735,2.711688,41.40580418860429,-7.249114037935687,7.234935423924129,-0.348381,0.081279,-0.081207,-0.930285,0.973598,0.094459,0.207808,-0.207724,0.744073,0.634986,0.021162,1.243993,2.781744,-17.810734382584304,-8.006721814804289,-26.005295826142586,-0.134947,-0.10195,-0.232272,0.957834,0.871312,-0.41744,0.257991,0.472471,0.855678,-0.211153,0.196825,1.097949,2.955429,-7.047950173202034,-24.79766878482207,-5.982177868593808,-0.048768,-0.21715,-0.064047,0.972813,0.897488,-0.103431,0.428739,0.145791,0.987039,-0.067069,F,BuildTutorial
41.944,0.166709,1.529078,2.710643,41.25473363972783,-7.369752420137061,7.163779143893911,-0.347116,0.081995,-0.080946,-0.930718,0.973449,0.093752,0.208823,-0.207599,0.745917,0.632859,0.022503,1.245654,2.781299,-18.206466804740863,-7.719251255516073,-25.89471782716917,-0.13895,-0.100143,-0.231111,0.957733,0.873119,-0.414855,0.256046,0.470514,0.854561,-0.219866,0.196839,1.119867,2.961715,-9.508956901733232,-25.54834214317324,-7.591632919161771,-0.06607,-0.225216,-0.082627,0.968548,0.884901,-0.130297,0.447184,0.189817,0.977615,-0.090766,F,BuildTutorial
41.977,0.166257,1.529368,2.709129,41.128281132146995,-7.450822869719562,7.1041234510711595,-0.346071,0.082434,-0.080664,-0.931092,0.973396,0.093155,0.209339,-0.207268,0.747456,0.631149,0.022438,1.246827,2.780952,-18.564199556279565,-7.782330117949652,-25.614571523645772,-0.142074,-0.100979,-0.228939,0.957708,0.87478,-0.409821,0.25847,0.467207,0.854803,-0.225896,0.196695,1.143024,2.970652,-12.190142646677268,-26.611201327249805,-7.501450454998574,-0.088137,-0.235113,-0.087684,0.963984,0.874067,-0.127607,0.468747,0.210496,0.969087,-0.128695,F,BuildTutorial
42.01,0.165631,1.529873,2.707504,40.92940612938778,-7.549260106610069,7.110021250313874,-0.344376,0.083191,-0.08094,-0.931629,0.973056,0.093514,0.210753,-0.20811,0.749707,0.628195,0.022185,1.24695,2.780412,-18.74038094126832,-8.014099441706884,-25.50058651390438,-0.143193,-0.103092,-0.228322,0.957464,0.874483,-0.407695,0.262802,0.466743,0.85473,-0.227129,0.196997,1.166027,2.98253,-14.68371613334412,-27.65641322860629,-6.607544197154131,-0.110218,-0.243809,-0.085993,0.959695,0.866325,-0.11131,0.48692,0.218799,0.960914,-0.16962,F,BuildTutorial
42.044,0.164999,1.530347,2.705638,40.72541440323003,-7.661410570228326,7.285299761731057,-0.342504,0.084565,-0.08263,-0.932048,0.972042,0.096102,0.214239,-0.211957,0.751728,0.624484,0.02167,1.246386,2.779883,-18.727995022546587,-8.235431779814292,-25.46208637073078,-0.142683,-0.104871,-0.228273,0.957359,0.873787,-0.407151,0.26594,0.467004,0.855066,-0.225319,0.197885,1.184624,2.99613,-14.984910517305906,-28.40989605890851,-4.733854953305058,-0.116253,-0.248309,-0.071665,0.959006,0.866414,-0.079722,0.492921,0.195188,0.962699,-0.187384,F,BuildTutorial
42.077,0.164466,1.530885,2.703647,40.741084555340926,-7.752953765607524,7.559884368724287,-0.34236,0.086135,-0.085142,-0.93173,0.970663,0.09968,0.218807,-0.217636,0.751082,0.623307,0.021345,1.24601,2.778811,-18.62972403434831,-8.501881592010214,-25.51172055024943,-0.14128,-0.106982,-0.228988,0.957162,0.872239,-0.408129,0.269501,0.468586,0.855209,-0.221461,0.205096,1.193033,3.006051,-13.167277340881078,-28.778582968636805,-4.6328222757841555,-0.100988,-0.251157,-0.067361,0.960304,0.864765,-0.078646,0.49598,0.180101,0.970528,-0.160122,F,BuildTutorial
42.111,0.163652,1.531195,2.701714,40.82151455143308,-7.723944298140667,7.59931803322635,-0.343008,0.086044,-0.085404,-0.931476,0.970605,0.100076,0.218884,-0.218131,0.750103,0.624311,0.020924,1.246506,2.776817,-18.84747384230784,-8.82449772582758,-25.356672132203713,-0.142612,-0.109873,-0.228163,0.956834,0.87174,-0.40529,0.275337,0.467966,0.855207,-0.222774,0.209548,1.203394,3.015469,-15.069294585447969,-27.634262562746425,-5.088826045481522,-0.116695,-0.242181,-0.074022,0.960339,0.871739,-0.08565,0.482427,0.198695,0.961806,-0.18828,F,BuildTutorial
42.144,0.162604,1.531477,2.700238,40.94351721471656,-7.671384127918584,7.727596736613755,-0.343946,0.086043,-0.086331,-0.931045,0.970287,0.101568,0.219606,-0.219944,0.748497,0.625602,0.020249,1.247321,2.774472,-19.029213571761005,-9.189520360233407,-25.16564209786507,-0.143599,-0.113003,-0.227087,0.956578,0.871324,-0.401999,0.281411,0.466907,0.855622,-0.223404,0.212601,1.198807,3.018399,-12.417315516267823,-27.172893083518765,-2.528521172112386,-0.099945,-0.235797,-0.04672,0.96552,0.884434,-0.043085,0.464673,0.137352,0.975657,-0.170964,F,BuildTutorial
42.177,0.161002,1.531918,2.699962,40.679157556369205,-7.461635962635454,7.752549806966877,-0.341929,0.08432,-0.085818,-0.931993,0.971051,0.1023,0.215858,-0.217626,0.75144,0.622879,0.019184,1.248646,2.772044,-19.393394303412563,-9.477380971488616,-25.09100489568808,-0.146161,-0.115948,-0.226962,0.955867,0.870089,-0.399996,0.288008,0.467785,0.854251,-0.226789,0.207783,1.187099,3.008412,-9.678948786693798,-31.879212410739697,3.4460747923906117,-0.089312,-0.271082,0.005651,0.958387,0.852965,0.059253,0.518594,0.03759,0.983983,-0.174255,F,BuildTutorial
42.211,0.159233,1.531662,2.700003,40.541227114973275,-7.117440672944858,8.066163157458092,-0.340835,0.082403,-0.087301,-0.932427,0.971177,0.106631,0.213181,-0.218975,0.752421,0.621219,0.0174,1.249768,2.770024,-19.770492266855527,-9.856298206145944,-24.688195642553826,-0.148994,-0.11924,-0.224237,0.955668,0.870999,-0.393059,0.294728,0.464124,0.855037,-0.231302,0.205268,1.174368,2.995364,-9.48272946424868,-33.946627520554344,0.9765939137187954,-0.081534,-0.290243,-0.016006,0.953339,0.831006,0.016811,0.556009,0.077848,0.986192,-0.146168,F,BuildTutorial
42.244,0.157578,1.531075,2.700224,40.60546749749496,-6.837265883032822,8.73379208023725,-0.341099,0.082137,-0.091916,-0.93191,0.96961,0.115281,0.215793,-0.227348,0.750406,0.620648,0.015289,1.249538,2.768217,-19.95635617872208,-10.561433418127397,-24.238535423802897,-0.149662,-0.124847,-0.221486,0.955489,0.870714,-0.385886,0.304875,0.460625,0.85709,-0.230698,0.203122,1.156572,2.984528,-8.133171379419027,-34.4045691132497,-1.344348480529515,-0.064278,-0.295776,-0.03215,0.95255,0.822966,-0.023225,0.567616,0.099273,0.989669,-0.103438,F,BuildTutorial
42.278,0.156332,1.530042,2.69991,40.92239149803304,-6.488163285584159,9.538582749251926,-0.343396,0.081854,-0.097487,-0.930524,0.967592,0.125211,0.219288,-0.237645,0.745151,0.623117,0.012347,1.24827,2.768107,-19.75727029976569,-11.409611246188746,-24.26326087336209,-0.146319,-0.131619,-0.22269,0.954818,0.866171,-0.38674,0.316511,0.463773,0.858,-0.220795,0.199352,1.130107,2.97461,-3.700126816720974,-35.86671340823499,2.41348186165581,-0.03719,-0.307035,0.010088,0.950918,0.811256,0.042024,0.583179,0.003651,0.99703,-0.076924,F,BuildTutorial
42.31,0.154988,1.529076,2.699862,41.24230392397093,-6.258523131293658,10.080111010040824,-0.345814,0.081788,-0.101252,-0.929232,0.966118,0.131606,0.222029,-0.24474,0.740321,0.626121,0.011054,1.246506,2.768373,-19.511579630841933,-11.779690410496052,-24.184325411708585,-0.143629,-0.134198,-0.222368,0.954942,0.865087,-0.386147,0.32018,0.463246,0.859847,-0.214632,0.193954,1.112077,2.965865,-4.328355214014901,-37.6243890573489,3.2063435328712635,-0.044747,-0.321111,0.014291,0.945876,0.793367,0.055773,0.606183,0.001703,0.995587,-0.093829,F,BuildTutorial
42.344,0.153867,1.528146,2.699785,41.54160541580215,-6.154491961094005,10.4261860001405,-0.348094,0.082161,-0.103791,-0.928067,0.964954,0.13545,0.22476,-0.249849,0.736117,0.629053,0.010743,1.244912,2.769266,-19.259419674977956,-11.734247797804027,-24.02309048196415,-0.141787,-0.133205,-0.220827,0.955714,0.866984,-0.384321,0.317232,0.459868,0.862264,-0.212185,0.18887,1.099086,2.960731,-7.619640254450912,-39.78983824937558,2.221607865818532,-0.06905,-0.338269,-0.004418,0.938502,0.771109,0.038422,0.635543,0.055008,0.990425,-0.126618,F,BuildTutorial
42.378,0.153009,1.527374,2.699886,41.77403766218037,-6.151991632208812,10.670111360995556,-0.349809,0.083019,-0.105793,-0.927119,0.963832,0.138084,0.227951,-0.254247,0.732884,0.631063,0.011848,1.243512,2.770034,-19.059180124901133,-11.313626122308955,-24.178374180638222,-0.140738,-0.129558,-0.221495,0.956215,0.86831,-0.387127,0.310115,0.460061,0.862266,-0.211759,0.188307,1.082613,2.958931,-6.60245298522887,-39.306104585811646,1.823906339542218,-0.059568,-0.33486,-0.004401,0.940373,0.775699,0.031616,0.630311,0.048172,0.992865,-0.109085,F,BuildTutorial
42.41,0.15253,1.526846,2.700241,41.943789291243654,-6.257609007478403,10.912629755416312,-0.350911,0.084716,-0.108102,-0.926282,0.962275,0.14081,0.23281,-0.259721,0.730351,0.631769,0.013154,1.24267,2.77096,-18.84402836076338,-10.909858336591462,-24.367462960957383,-0.139501,-0.126061,-0.222469,0.956638,0.869233,-0.390473,0.303259,0.460815,0.862094,-0.210815,0.185974,1.068885,2.961084,-5.285839021083158,-38.521107315428424,1.6373396640509257,-0.048234,-0.328858,-0.001735,0.943145,0.783699,0.028452,0.620489,0.034997,0.995341,-0.089843,F,BuildTutorial
42.444,0.152382,1.526189,2.700179,42.20503852515346,-6.317887024445036,10.945610608739822,-0.352949,0.085462,-0.108592,-0.925382,0.961808,0.140651,0.234824,-0.261305,0.72727,0.634664,0.014869,1.243014,2.771631,-18.90052434479914,-10.491293161984286,-24.257743822320386,-0.140905,-0.122526,-0.221068,0.957216,0.872233,-0.388691,0.296867,0.457749,0.862549,-0.21558,0.186027,1.059793,2.961315,-7.545414726980805,-38.60301221285995,1.726402944059496,-0.067062,-0.32885,-0.007559,0.941968,0.783601,0.029867,0.620546,0.058346,0.990891,-0.121369,F,BuildTutorial
42.477,0.152566,1.525614,2.700037,42.4188790667099,-6.201840693195908,10.87931135361563,-0.354841,0.084449,-0.107729,-0.924852,0.962526,0.139334,0.232659,-0.259198,0.724965,0.638156,0.016892,1.243838,2.772188,-19.08777986651442,-9.896149094008829,-24.1097802432272,-0.143778,-0.117682,-0.219176,0.957831,0.876226,-0.386027,0.288464,0.453708,0.86258,-0.223844,0.185738,1.050925,2.962733,-7.414884703495424,-38.62568349723535,0.904049793477066,-0.063625,-0.329542,-0.013955,0.941891,0.782414,0.015647,0.622562,0.068222,0.991514,-0.110659,F,BuildTutorial
42.51,0.152719,1.525224,2.700145,42.47645210016953,-6.0169295115081285,10.945293510516652,-0.355433,0.083196,-0.107696,-0.924742,0.96296,0.140041,0.230428,-0.258323,0.724137,0.639449,0.018733,1.244479,2.772713,-19.166600760639906,-9.280739062917592,-24.19522170564161,-0.145532,-0.112777,-0.219145,0.958163,0.878513,-0.387128,0.279904,0.452779,0.861592,-0.229457,0.185573,1.040523,2.965603,-5.150512368969087,-38.03623149803568,1.0781643539565338,-0.04554,-0.325124,-0.005755,0.944557,0.788522,0.018739,0.614721,0.040485,0.995786,-0.082287,F,BuildTutorial
42.543,0.152654,1.524967,2.700401,42.386872101540334,-5.825497358679065,11.087718751785886,-0.354785,0.082037,-0.108242,-0.925031,0.963107,0.142044,0.228578,-0.258465,0.724823,0.638613,0.019737,1.245232,2.773044,-19.368016823558232,-8.951615207289725,-24.240797968177496,-0.147811,-0.110423,-0.219178,0.958081,0.879535,-0.387337,0.276382,0.452624,0.860226,-0.234825,0.185417,1.038363,2.966236,-6.469147990899282,-38.05708245541352,1.7445022463914956,-0.05829,-0.32467,-0.004026,0.944021,0.789147,0.030248,0.61346,0.045452,0.993172,-0.10744,F,BuildTutorial
42.577,0.152674,1.524654,2.700081,42.52116674762099,-5.599381934329644,11.28912391421546,-0.355944,0.080922,-0.109179,-0.924573,0.963063,0.14428,0.227359,-0.259495,0.722768,0.640522,0.019908,1.245932,2.773211,-19.456144530668876,-8.752034726921767,-24.26141075378603,-0.148914,-0.10893,-0.219122,0.958094,0.880239,-0.387437,0.273992,0.452322,0.85962,-0.237609,0.184583,1.04072,2.965149,-7.761361294349281,-38.925842690894065,0.7917904454044096,-0.066107,-0.331984,-0.01605,0.940829,0.779058,0.013692,0.626803,0.074093,0.990745,-0.113733,F,BuildTutorial
42.61,0.152562,1.524649,2.700153,42.52389374373989,-5.411154667757128,11.499263922965987,-0.355999,0.080058,-0.11029,-0.924496,0.962854,0.146925,0.226553,-0.260927,0.722202,0.640579,0.019738,1.246457,2.773027,-19.509616966186588,-8.754867380774014,-24.19533765560469,-0.149421,-0.108958,-0.218591,0.958133,0.880692,-0.386318,0.274117,0.451441,0.859783,-0.238695,0.184822,1.040298,2.966375,-6.1060004123893705,-37.91764109729108,1.7404553612154732,-0.055292,-0.323625,-0.002958,0.944564,0.790516,0.0302,0.611697,0.041375,0.993868,-0.102539,F,BuildTutorial
42.643,0.15233,1.524532,2.700111,42.49339063520517,-5.230806915600054,11.650466562945862,-0.355821,0.079052,-0.110948,-0.924572,0.962883,0.148901,0.225134,-0.261415,0.722164,0.640423,0.019009,1.246732,2.772542,-19.573505482040435,-8.963993708826271,-24.133296947113767,-0.149619,-0.110733,-0.218367,0.95795,0.880108,-0.385234,0.277496,0.451505,0.85986,-0.238295,0.1847,1.043046,2.965751,-5.337315141103444,-38.075016986840936,-0.0226595527891604,-0.043949,-0.325842,-0.015374,0.944277,0.787181,-0.000393,0.616722,0.057675,0.995664,-0.072981,F,BuildTutorial
42.677,0.152047,1.524376,2.699719,42.547655841738646,-5.0193230016424515,11.739602927281492,-0.356404,0.07766,-0.111012,-0.924457,0.963291,0.149895,0.222717,-0.260608,0.721305,0.641718,0.017999,1.24667,2.772063,-19.644165219624817,-9.150007041016096,-24.198868631563293,-0.149794,-0.112492,-0.219183,0.957531,0.878608,-0.386049,0.281095,0.453451,0.859041,-0.237552,0.183921,1.052359,2.963156,-7.117397139366171,-39.357827743529455,0.0474748266843046,-0.058585,-0.336075,-0.020513,0.939787,0.773265,0.000822,0.634082,0.077933,0.992294,-0.096327,F,BuildTutorial
42.71,0.151484,1.52423,2.69931,42.56001068319603,-4.975767625318984,11.77134366766018,-0.356525,0.077416,-0.111133,-0.924417,0.963312,0.150265,0.222373,-0.260668,0.721079,0.641948,0.017257,1.246379,2.77113,-19.68213305400748,-9.21604144143678,-24.284791633569593,-0.149902,-0.11322,-0.220001,0.957241,0.877562,-0.387244,0.282715,0.455132,0.858258,-0.237168,0.184397,1.059198,2.96372,-6.213644655690827,-39.04384220756312,-0.3093864789601894,-0.050181,-0.333813,-0.020652,0.941076,0.776285,-0.005369,0.63036,0.072373,0.994111,-0.08066,F,BuildTutorial
42.744,0.15079,1.524007,2.698789,42.62901097897043,-4.965664046378773,11.867773349306477,-0.357028,0.077683,-0.111881,-0.92411,0.962896,0.151311,0.223465,-0.262251,0.720028,0.642483,0.01584,1.245989,2.770737,-19.628821685352865,-9.364801376109645,-24.350213525838186,-0.149103,-0.114458,-0.220722,0.957053,0.876362,-0.388353,0.284905,0.456617,0.8581,-0.234872,0.186086,1.070784,2.965801,-6.796061749716006,-38.08361315401268,-2.0691994912388036,-0.050139,-0.326643,-0.036373,0.943116,0.783963,-0.035853,0.619771,0.101364,0.992326,-0.070812,F,BuildTutorial
42.777,0.149865,1.5242,2.698339,42.55196036358207,-5.062838353717212,11.856322968930932,-0.356317,0.078377,-0.112089,-0.9243,0.962586,0.151354,0.224766,-0.263062,0.720948,0.641118,0.014536,1.245674,2.77014,-19.611808902103306,-9.631883712238132,-24.34050159235368,-0.148455,-0.116647,-0.220981,0.956829,0.875122,-0.388248,0.288833,0.457515,0.858258,-0.232538,0.187142,1.087987,2.968332,-8.546847839622242,-37.85188226148083,-2.319053580178514,-0.063928,-0.324804,-0.043253,0.942626,0.785263,-0.040013,0.617868,0.12307,0.988085,-0.092424,F,BuildTutorial
42.811,0.14883,1.524864,2.69805,42.24769239586347,-5.349713896571886,11.713771500547308,-0.353671,0.08004,-0.111814,-0.925207,0.962183,0.150287,0.227198,-0.263518,0.724829,0.636539,0.013058,1.24554,2.769595,-19.651901581682544,-9.921889960435529,-24.306889889417008,-0.148267,-0.119092,-0.221092,0.956531,0.87387,-0.387649,0.293392,0.458278,0.85827,-0.230983,0.187119,1.107027,2.97229,-9.871605830895122,-38.10862214500269,-2.3684275538239947,-0.074586,-0.326865,-0.047545,0.940923,0.781797,-0.040712,0.622203,0.138231,0.984353,-0.109279,F,BuildTutorial
42.844,0.147872,1.525583,2.69789,41.92146268901513,-5.64735692950027,11.686271844986535,-0.350754,0.082138,-0.112484,-0.926052,0.961201,0.150713,0.231036,-0.265953,0.728638,0.631154,0.012221,1.245315,2.769065,-19.642861906898784,-10.165116525870223,-24.240213970749647,-0.147792,-0.121021,-0.220846,0.95642,0.873162,-0.386672,0.296772,0.458215,0.858769,-0.229249,0.186695,1.127381,2.97821,-11.404692650768324,-38.31644875547357,-2.5252735489818448,-0.086639,-0.328543,-0.053312,0.938995,0.778435,-0.04319,0.626238,0.157048,0.979303,-0.127677,F,BuildTutorial
42.877,0.147071,1.526472,2.69762,41.52889217405876,-6.017768039119714,11.600729902202248,-0.347265,0.08461,-0.112882,-0.927095,0.960198,0.150541,0.235283,-0.268069,0.733329,0.624794,0.012111,1.244917,2.768834,-19.632979138180925,-10.266152664597072,-24.178287960307504,-0.14758,-0.121768,-0.220455,0.956448,0.873144,-0.385767,0.297999,0.457649,0.859239,-0.228617,0.186792,1.14942,2.988415,-13.421260057726595,-37.51874490740687,-2.509093386271179,-0.103628,-0.321737,-0.05816,0.939342,0.786205,-0.042583,0.616497,0.175947,0.971757,-0.157259,F,BuildTutorial
42.911,0.146565,1.527478,2.696885,41.14855242392136,-6.459310784607649,11.426074839026406,-0.34387,0.08741,-0.112749,-0.928117,0.959295,0.149173,0.239795,-0.269403,0.738083,0.618592,0.011862,1.244132,2.769057,-19.522331266095257,-10.271616544571872,-24.085693297519057,-0.146738,-0.121511,-0.21964,0.956798,0.873987,-0.384641,0.296981,0.455962,0.860453,-0.22742,0.18688,1.169685,3.002677,-14.392103206791615,-35.636278274809065,-3.60543435699693,-0.109647,-0.307188,-0.068025,0.942861,0.802017,-0.060912,0.594188,0.195641,0.9667,-0.164971,F,BuildTutorial
42.943,0.146282,1.528569,2.696154,40.73971848330586,-6.900826078851205,11.234429653214631,-0.340257,0.090159,-0.112443,-0.929222,0.958456,0.147614,0.244075,-0.270324,0.743163,0.612073,0.012268,1.242941,2.769548,-19.270888422351923,-10.136542674740936,-24.236439315084027,-0.144725,-0.120156,-0.220616,0.957051,0.873783,-0.387502,0.293847,0.45706,0.860767,-0.224002,0.18568,1.18642,3.018851,-14.489739610767336,-34.01555211211047,-5.76204107822314,-0.105858,-0.295861,-0.084521,0.945578,0.810646,-0.097204,0.577413,0.222481,0.963301,-0.150181,F,BuildTutorial
42.977,0.146158,1.529595,2.695252,40.33602629371951,-7.360833723151254,10.964266968680374,-0.336733,0.09285,-0.111523,-0.930351,0.957883,0.144979,0.247873,-0.270042,0.748347,0.60585,0.013684,1.241912,2.769779,-19.148033588894,-9.894222438199767,-24.118975421850013,-0.144279,-0.117778,-0.219276,0.957721,0.876093,-0.386024,0.288871,0.453996,0.862203,-0.224706,0.181678,1.196881,3.036226,-13.205494560324857,-33.191334646833596,-8.016230958027093,-0.090094,-0.29073,-0.099303,0.947364,0.811231,-0.135766,0.568747,0.240537,0.964044,-0.112963,F,BuildTutorial
43.01,0.146325,1.53074,2.694189,39.98038574885315,-7.836874589454694,10.686376067647414,-0.333598,0.0957,-0.110566,-0.931305,0.957233,0.142091,0.252021,-0.269792,0.752975,0.600201,0.015422,1.240766,2.770168,-18.927341910353093,-9.632615242968072,-24.033190688124343,-0.143009,-0.115115,-0.218139,0.958495,0.878328,-0.385245,0.283066,0.451095,0.863928,-0.223925,0.177214,1.201078,3.055358,-10.647522648620605,-31.11369847761848,-12.23992201981585,-0.060406,-0.275045,-0.127004,0.95109,0.816441,-0.208356,0.538528,0.274813,0.960442,-0.045039,F,BuildTutorial
43.044,0.146585,1.531845,2.693151,39.58847793174155,-8.28370888269695,10.43231282643349,-0.330182,0.098384,-0.109676,-0.932348,0.956584,0.139543,0.255881,-0.269481,0.757903,0.594107,0.017903,1.239312,2.77035,-18.689245542591,-9.202699804110756,-23.918932380972723,-0.141933,-0.110978,-0.216554,0.959502,0.881577,-0.384064,0.27444,0.44707,0.865919,-0.224304,0.170541,1.201472,3.072991,-7.581172023304652,-30.899368452678633,-17.100586398206968,-0.023493,-0.272329,-0.160407,0.948449,0.800213,-0.291481,0.524116,0.317072,0.947435,0.042804,F,BuildTutorial
43.077,0.146947,1.533143,2.691913,39.15097760933612,-8.713582109779958,10.187463168515452,-0.326406,0.100955,-0.108764,-0.933508,0.955957,0.137159,0.259486,-0.268967,0.763259,0.587445,0.020253,1.237831,2.770464,-18.448850087266347,-8.723601629254327,-23.749096347723977,-0.14097,-0.106354,-0.214451,0.960639,0.885399,-0.382035,0.264798,0.442006,0.868276,-0.225228,0.162862,1.199499,3.090134,-6.688574742336642,-30.779225432521432,-19.900508937596435,-0.00962,-0.270663,-0.181562,0.945349,0.787554,-0.338072,0.515235,0.348487,0.933885,0.080097,F,BuildTutorial
43.11,0.147197,1.534343,2.690965,38.72080065332742,-9.096810280460064,10.019817879995312,-0.322669,0.10339,-0.108319,-0.934592,0.955155,0.135748,0.263157,-0.26919,0.768304,0.580729,0.021929,1.236286,2.770377,-18.291860826757247,-8.559169846939648,-23.137915373296263,-0.140511,-0.103966,-0.209066,0.962154,0.890965,-0.37309,0.258814,0.431523,0.873097,-0.226914,0.156516,1.192448,3.10633,-3.720813390362599,-29.475436879178098,-24.081998411525852,0.022336,-0.255216,-0.209719,0.943601,0.781765,-0.407183,0.472277,0.384381,0.911038,0.149199,F,BuildTutorial
43.144,0.147244,1.535484,2.690481,38.22760656940194,-9.504280310115604,9.898487036553114,-0.31835,0.106139,-0.108263,-0.935771,0.954027,0.135041,0.267574,-0.270198,0.773865,0.572823,0.021674,1.234501,2.771051,-18.15729333018492,-8.770822176956875,-22.24846174598744,-0.139804,-0.104443,-0.201801,0.963755,0.896736,-0.359769,0.257741,0.418176,0.879463,-0.22732,0.147485,1.181628,3.118061,-0.0654243609522638,-30.681798491285548,-28.162006271368423,0.063832,-0.256746,-0.234771,0.935355,0.757929,-0.471966,0.450325,0.406412,0.881616,0.239964,F,BuildTutorial
43.177,0.147333,1.536505,2.6901,37.82448050181834,-9.837975000592683,9.841107442947171,-0.314778,0.108518,-0.108535,-0.936675,0.952888,0.135006,0.27162,-0.271642,0.77827,0.566133,0.021514,1.231841,2.770945,-17.816020975574425,-9.076806370457764,-21.957696207435937,-0.13665,-0.10614,-0.199588,0.964482,0.897798,-0.35599,0.259287,0.414006,0.882983,-0.221225,0.139721,1.172877,3.128678,1.0278683448598265,-30.226169851744594,-29.278810197921775,0.07427,-0.250062,-0.241721,0.934625,0.75808,-0.488982,0.431523,0.414693,0.87211,0.25972,F,BuildTutorial
43.21,0.147356,1.537271,2.689992,37.53906691236066,-10.133615950717054,9.76787312172979,-0.312222,0.110604,-0.108609,-0.937277,0.951942,0.134527,0.275152,-0.272658,0.781443,0.561252,0.021008,1.229345,2.770768,-17.467186399567996,-9.274968071442911,-22.342552265804738,-0.132993,-0.107721,-0.202913,0.964124,0.894446,-0.362614,0.261684,0.419918,0.882279,-0.212728,0.134427,1.161141,3.137601,3.5775752401803604,-28.992641727399462,-29.87504967731078,0.093692,-0.233951,-0.241888,0.937005,0.773514,-0.49714,0.393101,0.409463,0.865424,0.288761,F,BuildTutorial
43.243,0.147335,1.537935,2.689985,37.294835888801074,-10.402019770611185,9.74176794686606,-0.309984,0.112619,-0.109002,-0.937734,0.950871,0.13461,0.278792,-0.274251,0.784057,0.556813,0.020144,1.22772,2.7705,-17.368490696078435,-9.663572537345647,-22.100111168825617,-0.131704,-0.110558,-0.201278,0.964323,0.894528,-0.359071,0.266245,0.417315,0.884283,-0.209504,0.127805,1.150036,3.142482,5.86240651006553,-29.663672866161228,-31.2482925248684,0.116459,-0.232888,-0.247405,0.933269,0.769108,-0.516034,0.377069,0.407547,0.850457,0.33261,F,BuildTutorial
43.277,0.147112,1.538529,2.690099,37.09841882010561,-10.65260400646677,9.67572994158781,-0.308195,0.114405,-0.109035,-0.938104,0.950046,0.134054,0.281856,-0.27509,0.786255,0.553289,0.019124,1.226152,2.769595,-17.349547294806268,-10.3689491561702,-20.846130695614683,-0.131569,-0.11503,-0.191518,0.965805,0.900178,-0.339668,0.27259,0.400206,0.892021,-0.21008,0.122043,1.139497,3.14519,7.725680193263779,-30.019081086458055,-32.67867814495652,0.135134,-0.22965,-0.254368,0.929676,0.765115,-0.535027,0.358253,0.410893,0.834071,0.368093,F,BuildTutorial
43.31,0.146831,1.538951,2.690228,37.01110284890805,-10.87299328124458,9.619701768775943,-0.307323,0.116021,-0.109121,-0.938182,0.949264,0.133439,0.284768,-0.276062,0.787291,0.551328,0.01848,1.223435,2.768861,-16.894936692341357,-10.712864888263288,-20.405640404666837,-0.127592,-0.116786,-0.187943,0.966829,0.902077,-0.333616,0.273785,0.39322,0.896795,-0.202822,0.118255,1.128265,3.147568,9.8146853729565,-29.456016547583943,-32.56872336710767,0.150441,-0.219938,-0.249322,0.931039,0.778932,-0.530432,0.334525,0.398082,0.830412,0.389803,F,BuildTutorial
43.343,0.146518,1.539319,2.690453,36.87709153172037,-11.080815318471652,9.566416924932238,-0.306076,0.117523,-0.109166,-0.938397,0.948542,0.132941,0.287393,-0.276825,0.7888,0.548783,0.018911,1.220488,2.767814,-16.46159085755512,-10.618890843851736,-21.05559357041129,-0.123414,-0.116085,-0.193079,0.966444,0.898489,-0.344548,0.272037,0.401854,0.894979,-0.193718,0.114345,1.118499,3.148848,11.058854284296384,-29.49680963836775,-32.8546215962906,0.161037,-0.216695,-0.24868,0.930198,0.782404,-0.532434,0.323045,0.392851,0.824451,0.407368,F,BuildTutorial
43.378,0.146074,1.539798,2.690738,36.7331992961029,-11.330258557719688,9.49625025505812,-0.304726,0.119319,-0.109173,-0.938609,0.947689,0.132222,0.290523,-0.27766,0.790447,0.545985,0.018454,1.218891,2.767349,-16.337965377475705,-10.716649986642407,-21.191343004842125,-0.122063,-0.116874,-0.194259,0.966284,0.897208,-0.346886,0.27329,0.40395,0.894728,-0.190488,0.11157,1.109425,3.149879,12.401727410695663,-29.23401370758713,-33.704386803467614,0.172761,-0.209806,-0.252792,0.928564,0.784155,-0.54196,0.302292,0.396975,0.8125,0.426914,F,BuildTutorial
43.411,0.145486,1.540161,2.691311,36.56089745003495,-11.564703997086276,9.375692356676272,-0.30321,0.12085,-0.108704,-0.938958,0.947158,0.13085,0.292867,-0.277422,0.792495,0.543129,0.017902,1.217888,2.766639,-16.28275490633195,-11.055825612463858,-21.00894595215504,-0.12121,-0.11946,-0.193049,0.966318,0.896923,-0.344133,0.277672,0.402052,0.896081,-0.188131,0.110886,1.101063,3.151364,13.738750367487652,-28.1705284458664,-34.4545297638529,0.182364,-0.196421,-0.257394,0.928391,0.790334,-0.549566,0.270833,0.406285,0.800983,0.439726,F,BuildTutorial
43.444,0.144928,1.540404,2.69179,36.434437951570295,-11.74781917561627,9.339135543878175,-0.302033,0.122204,-0.10881,-0.93915,0.946454,0.130558,0.295264,-0.278196,0.793873,0.540715,0.017407,1.217199,2.766036,-16.161615020016733,-11.318744710992044,-21.032534136933265,-0.119715,-0.121526,-0.193451,0.966166,0.895617,-0.344714,0.281145,0.402908,0.896491,-0.18431,0.109509,1.093867,3.152442,14.828281523094368,-27.840025617923093,-35.43973741486042,0.191916,-0.189116,-0.263385,0.9263,0.789726,-0.560537,0.249261,0.415359,0.787593,0.455164,F,BuildTutorial
43.477,0.144506,1.540363,2.692077,36.43859802657412,-11.903989727871766,9.360226982985363,-0.301896,0.123541,-0.109397,-0.938951,0.94554,0.130845,0.29805,-0.28003,0.793783,0.5399,0.01662,1.21698,2.765821,-16.09147218563829,-11.409658875960414,-21.195604160231294,-0.118793,-0.12236,-0.194877,0.965888,0.894102,-0.347388,0.282673,0.40553,0.895822,-0.181791,0.108879,1.088183,3.153685,15.336271714244418,-27.262242138423453,-35.52667066058635,0.194751,-0.182865,-0.263894,0.926819,0.793841,-0.560389,0.236178,0.417937,0.784864,0.457512,F,BuildTutorial
43.51,0.144137,1.540413,2.692357,36.447189875997026,-12.012459697086948,9.370450342821634,-0.301852,0.12446,-0.109772,-0.9388,0.94492,0.130971,0.299955,-0.281244,0.793671,0.539433,0.016292,1.217093,2.765453,-16.139932958310883,-11.451572639532742,-21.494142851099383,-0.118812,-0.123094,-0.197466,0.965266,0.89171,-0.351964,0.284559,0.410465,0.893782,-0.180758,0.108762,1.083261,3.154888,16.254732126656574,-26.818442908710775,-36.72795895533879,0.202845,-0.174558,-0.27227,0.924258,0.790796,-0.574113,0.212216,0.432479,0.769445,0.470017,F,BuildTutorial
43.543,0.143823,1.54057,2.692826,36.41368347407395,-12.065443822175403,9.391701159505232,-0.301502,0.124937,-0.110064,-0.938815,0.944553,0.131323,0.300955,-0.281998,0.793965,0.538606,0.015481,1.217567,2.765354,-16.221488150883086,-11.696417494782766,-21.4249770497482,-0.119156,-0.125205,-0.197189,0.965009,0.890881,-0.35074,0.288641,0.410415,0.893837,-0.180595,0.108797,1.079211,3.15614,17.04632366135347,-26.37408406747339,-37.666444182803765,0.209406,-0.16695,-0.27883,0.922242,0.788764,-0.584217,0.191159,0.444376,0.756806,0.479348,F,BuildTutorial
43.577,0.143466,1.540715,2.693085,36.381593441817735,-12.177043981613872,9.365510200314167,-0.301159,0.12577,-0.110122,-0.938807,0.94411,0.131014,0.302476,-0.28252,0.794353,0.53776,0.014929,1.217838,2.765088,-16.205185983645265,-11.87659527357856,-21.4509406728264,-0.118679,-0.126725,-0.197584,0.964788,0.889803,-0.351174,0.291425,0.411332,0.893752,-0.178923,0.108589,1.077239,3.157871,16.92012586899105,-25.921895966911737,-36.867526706000184,0.206165,-0.165128,-0.273495,0.924894,0.795866,-0.573995,0.192682,0.437821,0.765393,0.471685,F,BuildTutorial
43.61,0.143105,1.540824,2.693475,36.36503125139094,-12.228155363010558,9.348616113968564,-0.300992,0.126138,-0.110107,-0.938813,0.943932,0.130806,0.303123,-0.282672,0.794561,0.537373,0.014059,1.21831,2.765155,-16.236089204959907,-11.926960897189272,-21.760296848005076,-0.11851,-0.127515,-0.20026,0.964153,0.887272,-0.355938,0.293353,0.416385,0.891703,-0.177452,0.108664,1.077735,3.158903,16.294740230081917,-25.649378290031287,-34.90837613932253,0.197728,-0.168164,-0.2595,0.930207,0.808762,-0.549278,0.210233,0.416276,0.787127,0.455133,F,BuildTutorial
43.643,0.142669,1.54092,2.694103,36.34466078279696,-12.225964306189733,9.35156821182458,-0.300823,0.12612,-0.110112,-0.938869,0.943938,0.130883,0.303068,-0.282642,0.794762,0.537092,0.013478,1.219216,2.765276,-16.447530901917712,-11.85962625387956,-22.23549552182765,-0.119888,-0.127763,-0.204322,0.963097,0.883859,-0.362928,0.295088,0.424197,0.887759,-0.178718,0.109445,1.07975,3.159552,16.148633918988047,-25.554230346738024,-35.62530886690265,0.197396,-0.166567,-0.265799,0.928785,0.803213,-0.559499,0.204475,0.42798,0.780772,0.455223,F,BuildTutorial
43.677,0.142263,1.540954,2.694689,36.34127622832396,-12.272816606229435,9.300710576659055,-0.300806,0.126369,-0.109816,-0.938875,0.943943,0.130182,0.303356,-0.282233,0.794912,0.537085,0.012836,1.220029,2.765419,-16.568069447122628,-11.833471336604706,-22.419861724676935,-0.120748,-0.127922,-0.20592,0.962628,0.882466,-0.365555,0.296011,0.427341,0.886034,-0.179787,0.110142,1.082953,3.160108,15.43192395885737,-25.637172463038116,-36.4393816327208,0.193093,-0.167901,-0.273814,0.927119,0.793671,-0.572557,0.205586,0.442875,0.775482,0.449988,F,BuildTutorial
43.71,0.14189,1.540925,2.695291,36.31354078993839,-12.276387094925246,9.3080370818728,-0.300566,0.126407,-0.109867,-0.938941,0.943901,0.130329,0.303422,-0.282304,0.795179,0.536651,0.012381,1.220365,2.765444,-16.60387898528708,-11.91821241120627,-22.25974715293916,-0.121078,-0.12852,-0.204687,0.96277,0.883172,-0.363011,0.297038,0.425255,0.886887,-0.180528,0.110495,1.085054,3.160713,15.147766185798677,-25.790181760554123,-36.42792990663624,0.191189,-0.169977,-0.274085,0.927056,0.791971,-0.573179,0.210352,0.443189,0.776649,0.447661,F,BuildTutorial
43.743,0.141636,1.540625,2.695665,36.382331818450794,-12.25924371777296,9.36105273027392,-0.301091,0.126432,-0.110302,-0.938719,0.943697,0.130951,0.30379,-0.283221,0.794355,0.537389,0.012109,1.220241,2.765594,-16.59765719777621,-11.965491701645592,-22.40892360893374,-0.120773,-0.129065,-0.205986,0.962458,0.881824,-0.365331,0.298193,0.427681,0.885968,-0.179307,0.11058,1.084861,3.160758,15.354362496716467,-26.45147195384005,-33.77960817343449,0.190313,-0.179174,-0.251045,0.932016,0.809746,-0.536155,0.238432,0.399758,0.801514,0.444712,F,BuildTutorial
43.777,0.141397,1.54047,2.695863,36.459854274583165,-12.227546873503488,9.489046531390628,-0.301619,0.126539,-0.111318,-0.938415,0.943193,0.132592,0.304643,-0.285258,0.793268,0.537916,0.011653,1.220059,2.766209,-16.552031190634565,-11.85355581076798,-22.788294546648984,-0.120164,-0.128453,-0.209025,0.961961,0.879617,-0.371277,0.297368,0.433018,0.883739,-0.177486,0.107117,1.087152,3.159427,13.480336180900313,-29.17062578572399,-23.13732740336868,0.161429,-0.222222,-0.163783,0.947488,0.847585,-0.382112,0.368226,0.238619,0.894231,0.378697,F,BuildTutorial
43.81,0.141118,1.540443,2.696219,36.43303245289226,-12.260457012589196,9.502722538251472,-0.301351,0.126834,-0.111499,-0.93844,0.942962,0.132828,0.305252,-0.285713,0.793511,0.537316,0.012238,1.219873,2.766248,-16.523872723594746,-11.489824318338828,-23.376499329510477,-0.119944,-0.125972,-0.213563,0.96132,0.877044,-0.380384,0.29343,0.440823,0.880009,-0.176804,0.105552,1.089232,3.159154,13.045197293872215,-31.70910924232975,-17.250817044257815,0.148745,-0.25197,-0.112652,0.949577,0.847641,-0.288902,0.445017,0.138985,0.930369,0.339259,F,BuildTutorial
43.843,0.140825,1.540464,2.696843,36.37744028864117,-12.338402788237213,9.589783475977942,-0.30072,0.127679,-0.11238,-0.938422,0.942138,0.134128,0.307223,-0.287711,0.793877,0.535708,0.012753,1.220115,2.766349,-16.49972401617263,-11.182532289990183,-23.673687386643255,-0.119992,-0.123666,-0.21572,0.961131,0.876343,-0.384992,0.289489,0.444348,0.878134,-0.177302,0.103505,1.091894,3.159393,12.746575288125738,-35.01400693312507,-9.26555226400066,0.129665,-0.289436,-0.043268,0.947387,0.82871,-0.157041,0.537195,0.006923,0.96263,0.270732,F,BuildTutorial
43.877,0.140555,1.540457,2.697453,36.35290434763021,-12.480380616435172,9.580609264227997,-0.300389,0.128808,-0.112661,-0.938341,0.941432,0.134044,0.309415,-0.288813,0.794149,0.53471,0.013215,1.220762,2.766015,-16.573408150738093,-11.150992093132668,-23.575375879951764,-0.120779,-0.123419,-0.214904,0.961247,0.877168,-0.383338,0.289185,0.442964,0.878458,-0.179151,0.102187,1.095816,3.161029,12.791128160854518,-37.555152709853786,-3.8901447088189345,0.11626,-0.316128,0.003901,0.941558,0.800096,-0.066161,0.596212,-0.080851,0.972937,0.216464,F,BuildTutorial
43.91,0.14033,1.540476,2.698064,36.41627824947025,-12.626084428420372,9.5350385446153,-0.300819,0.129906,-0.112713,-0.938045,0.94084,0.133303,0.311528,-0.289616,0.793607,0.535079,0.013343,1.221256,2.765558,-16.625539613035468,-11.262167015996985,-23.583111332139005,-0.121002,-0.124445,-0.215116,0.96104,0.876478,-0.383353,0.291251,0.443585,0.878168,-0.179036,0.099211,1.100436,3.159819,12.648742657373392,-41.95076269272329,2.758438844782607,0.094264,-0.358161,0.061759,0.926834,0.735813,0.046957,0.675555,-0.182004,0.9746,0.130496,F,BuildTutorial
43.943,0.140057,1.540383,2.698741,36.45795937899637,-12.77638979248763,9.410109745958644,-0.301157,0.130824,-0.112114,-0.937881,0.940631,0.131502,0.312922,-0.289096,0.79347,0.535564,0.0137,1.221528,2.765027,-16.59481788351869,-11.277285434110686,-23.75265928382042,-0.12053,-0.1247,-0.216536,0.960747,0.875124,-0.386013,0.291809,0.446133,0.877169,-0.177593,0.097956,1.103491,3.156326,13.96897139462708,-46.11563467094055,9.156910408466285,0.080497,-0.396444,0.120376,0.906566,0.656684,0.154433,0.738184,-0.282083,0.95806,0.050507,F,BuildTutorial
43.977,0.13988,1.540161,2.699308,36.507530519348165,-12.857292231672716,9.358610226886194,-0.301545,0.131369,-0.11194,-0.937701,0.940423,0.130704,0.31388,-0.289159,0.79308,0.536108,0.013874,1.221968,2.764978,-16.59469146552635,-11.216652794586176,-23.84068229981489,-0.120548,-0.124284,-0.21721,0.960646,0.874746,-0.387361,0.291155,0.447289,0.876576,-0.177615,0.097944,1.10598,3.15234,15.60741750345902,-49.10487815705749,12.197258315102566,0.079067,-0.422469,0.15184,0.890064,0.596929,0.203488,0.77606,-0.337101,0.941386,0.012454,F,BuildTutorial
44.01,0.140033,1.539878,2.699543,36.659305442704266,-12.809740172715475,9.424641069273097,-0.302765,0.13121,-0.112461,-0.937267,0.940273,0.13136,0.314056,-0.290263,0.791372,0.538032,0.014166,1.222171,2.764653,-16.599974564671847,-11.221548610461593,-23.72113606365317,-0.120713,-0.124208,-0.216216,0.96086,0.875646,-0.38552,0.290894,0.445494,0.877358,-0.178264,0.097163,1.109556,3.147673,15.854857937392758,-52.51880436313259,14.229525563387153,0.068458,-0.450153,0.170564,0.873833,0.536541,0.236456,0.81007,-0.359722,0.932443,-0.033918,F,BuildTutorial
44.043,0.140344,1.539594,2.699569,36.84830332208142,-12.637388215827029,9.600065986679526,-0.30429,0.130337,-0.113569,-0.936762,0.940229,0.133453,0.313306,-0.292094,0.78902,0.54049,0.014527,1.221924,2.764459,-16.55548245608032,-11.239481946878836,-23.689599434609548,-0.120338,-0.124252,-0.215945,0.960962,0.875859,-0.385125,0.290776,0.444934,0.877774,-0.177616,0.096337,1.111405,3.141029,16.156252774293915,-56.489885234993075,19.1760418174379,0.04402,-0.48262,0.210847,0.848931,0.445242,0.3155,0.837985,-0.40048,0.907211,-0.128779,F,BuildTutorial
44.076,0.140585,1.539378,2.699745,36.91090732364013,-12.536761541921862,9.71975070386124,-0.304769,0.129857,-0.114322,-0.936581,0.940135,0.134991,0.312927,-0.293296,0.788092,0.541191,0.015254,1.221427,2.764302,-16.482421960492196,-11.161673671514608,-23.795496054989144,-0.119754,-0.12359,-0.21671,0.960948,0.875525,-0.386894,0.289431,0.446095,0.877392,-0.176588,0.095579,1.112145,3.133785,16.771318949322758,-60.08470215535765,25.27900946290417,0.014807,-0.510909,0.258636,0.819671,0.344159,0.408863,0.845214,-0.439124,0.865776,-0.240005,F,BuildTutorial
44.11,0.140892,1.539386,2.699776,36.922504486334034,-12.4016075675446,9.874266463660696,-0.304825,0.129168,-0.115233,-0.936546,0.940074,0.137096,0.312196,-0.29459,0.787607,0.541196,0.015725,1.220992,2.764387,-16.443160325832594,-11.157407806972248,-23.800936114739027,-0.119425,-0.123495,-0.216729,0.960997,0.875555,-0.387056,0.289122,0.446049,0.877532,-0.176004,0.095996,1.112181,3.129481,18.22853751261668,-60.61762672227313,26.25733348042355,0.019998,-0.516327,0.271468,0.811981,0.319425,0.420201,0.849352,-0.461504,0.851811,-0.247855,F,BuildTutorial
44.143,0.141181,1.539427,2.699982,36.89837975804195,-12.287859331349786,9.90645726139094,-0.304705,0.128314,-0.115178,-0.93671,0.940539,0.137581,0.310576,-0.293972,0.787778,0.541282,0.016294,1.2207,2.764928,-16.336100158167813,-11.087528037716533,-23.787704312846103,-0.118668,-0.122718,-0.216485,0.961245,0.87615,-0.387064,0.287303,0.445315,0.878105,-0.175005,0.095165,1.112567,3.123713,18.17217292925816,-63.04992136364333,31.31535027384031,-0.00973,-0.53348,0.306677,0.788197,0.242697,0.493825,0.835006,-0.473062,0.811709,-0.34255,F,BuildTutorial
44.177,0.141551,1.539519,2.700064,36.83949642283095,-12.23925438003344,9.878953968617092,-0.3043,0.127819,-0.114786,-0.936957,0.940973,0.137308,0.309381,-0.292889,0.788451,0.540889,0.016484,1.221051,2.766201,-16.4107400067358,-10.939821459839786,-23.85720819252718,-0.119503,-0.121675,-0.216956,0.961168,0.876251,-0.387981,0.285753,0.446143,0.877299,-0.17693,0.09474,1.113677,3.121024,18.387944039429943,-62.5900083818814,33.26877784077305,-0.015971,-0.530396,0.320993,0.784467,0.231288,0.520559,0.821903,-0.486674,0.793418,-0.365564,F,BuildTutorial
44.21,0.142037,1.539694,2.700013,36.81923067140322,-12.180739329156625,9.849157204751462,-0.304225,0.127253,-0.114374,-0.937109,0.941451,0.136935,0.308091,-0.291789,0.788732,0.541074,0.017361,1.2216,2.766826,-16.502459916741625,-10.70879395708865,-23.91461737397021,-0.120654,-0.11995,-0.217245,0.961176,0.876833,-0.388676,0.283009,0.446566,0.876495,-0.179822,0.095054,1.116631,3.121033,18.05832377705268,-60.31088679812081,31.507707808511903,-0.004099,-0.51433,0.307728,0.80047,0.281537,0.49687,0.820888,-0.488437,0.810574,-0.323109,F,BuildTutorial
44.243,0.142651,1.539932,2.699914,36.77502508056238,-12.135041490521903,9.700680895867626,-0.304071,0.126467,-0.11301,-0.937431,0.94247,0.134968,0.305833,-0.288787,0.78954,0.541506,0.018474,1.222504,2.767468,-16.647726155538905,-10.430767795040213,-23.92851392496446,-0.122392,-0.117875,-0.217142,0.961236,0.877909,-0.388596,0.279765,0.446304,0.875739,-0.184104,0.095074,1.120183,3.116548,16.681000834708602,-61.42682623450796,29.69404061587803,-0.008943,-0.520426,0.28958,0.803256,0.290601,0.474522,0.830891,-0.455905,0.832127,-0.315777,F,BuildTutorial
44.277,0.143352,1.540088,2.699625,36.76719453061919,-12.090284890740662,9.516234466257549,-0.304253,0.125608,-0.111377,-0.937682,0.943636,0.132439,0.303334,-0.285305,0.790051,0.542606,0.019157,1.224131,2.768506,-16.92514651377849,-10.097759771237271,-23.983979505737626,-0.125307,-0.115606,-0.217384,0.961082,0.878759,-0.388874,0.276694,0.446819,0.874085,-0.190599,0.096603,1.126651,3.115335,13.92575917590308,-59.844486166646114,26.094841350018807,-0.009428,-0.506082,0.253131,0.824449,0.359611,0.42693,0.829705,-0.407846,0.871671,-0.271755,F,BuildTutorial
44.31,0.143876,1.540431,2.699231,36.770173189652965,-11.933221549124813,9.379663269050544,-0.304578,0.123961,-0.109844,-0.937977,0.945136,0.130552,0.299457,-0.281574,0.790333,0.544141,0.019866,1.225631,2.76896,-17.214636931985265,-9.743919107110372,-24.081409243616648,-0.128323,-0.113233,-0.217943,0.96084,0.879359,-0.389755,0.273531,0.447877,0.872068,-0.197239,0.101956,1.136157,3.114759,10.216993611048032,-56.553836877690195,20.59967731989921,-0.007214,-0.478269,0.19834,0.855493,0.46384,0.346257,0.81545,-0.332457,0.921219,-0.202062,F,BuildTutorial
44.343,0.144334,1.54093,2.69907,36.56261063475595,-11.706943340414597,9.250546309296176,-0.303222,0.121685,-0.108056,-0.938921,0.947033,0.129117,0.294036,-0.276707,0.792761,0.543105,0.02043,1.227063,2.769118,-17.504867333695223,-9.45429053632851,-24.254491155635453,-0.131152,-0.111492,-0.219191,0.960377,0.87905,-0.391767,0.271643,0.450256,0.869509,-0.203034,0.109653,1.146689,3.108132,5.985121308106227,-54.78402103093461,18.04116335973668,-0.026257,-0.461034,0.162742,0.871937,0.521926,0.308011,0.795439,-0.25959,0.945652,-0.195847,F,BuildTutorial
44.377,0.144607,1.541305,2.699338,36.418775047086754,-11.452281836110512,9.15177659241807,-0.302379,0.119281,-0.106485,-0.939681,0.948866,0.127988,0.288569,-0.272259,0.794457,0.542876,0.020806,1.228381,2.768809,-17.825314664812485,-9.447448007776911,-24.30871006413936,-0.133812,-0.112042,-0.21977,0.959814,0.878295,-0.391892,0.273895,0.451862,0.867591,-0.207623,0.120845,1.15635,3.098516,2.305242074418198,-52.26538920820811,17.739361120392456,-0.050055,-0.437881,0.147152,0.885495,0.573213,0.304441,0.760751,-0.216769,0.951682,-0.217517,F,BuildTutorial
44.41,0.144917,1.541263,2.699733,36.35817575030141,-11.18314021467219,8.927430616173789,-0.302357,0.116458,-0.103898,-0.940331,0.951286,0.124973,0.281847,-0.265821,0.795571,0.544432,0.02055,1.229426,2.768527,-18.05173481564808,-9.603457919693986,-24.14472532981703,-0.135582,-0.113539,-0.218674,0.95964,0.878582,-0.388908,0.277209,0.450484,0.867599,-0.210565,0.134131,1.167089,3.085691,-1.9913583733861573,-49.618960607957966,15.866278759429076,-0.073526,-0.413347,0.118039,0.899892,0.630422,0.273229,0.726577,-0.151661,0.961321,-0.229914,F,BuildTutorial
44.443,0.145393,1.541085,2.70044,36.382460906808994,-10.848936016670232,8.699197176009656,-0.303085,0.113121,-0.101156,-0.940803,0.953942,0.121766,0.274167,-0.258907,0.795813,0.547402,0.020225,1.229614,2.768174,-18.11041450738697,-9.81663428991644,-23.922196780196018,-0.135893,-0.115159,-0.217088,0.959763,0.879222,-0.385408,0.280053,0.448005,0.868812,-0.21085,0.148478,1.179516,3.068107,-7.629008843492012,-48.05688825750974,12.993620275715804,-0.106342,-0.396804,0.076199,0.908533,0.67348,0.222852,0.704813,-0.054065,0.96577,-0.253702,F,BuildTutorial
44.476,0.14619,1.540869,2.701355,36.43088166385789,-10.4242368578718,8.57104837075115,-0.30398,0.109312,-0.099006,-0.941194,0.956497,0.11991,0.265959,-0.252824,0.795588,0.550562,0.020215,1.229227,2.76825,-18.05818647454546,-9.862496018458677,-23.955966371620427,-0.135332,-0.115496,-0.217402,0.95973,0.878794,-0.386035,0.280532,0.448556,0.868843,-0.209545,0.163219,1.190339,3.04969,-13.36673699682514,-46.341329906819595,8.796091289175699,-0.136648,-0.381442,0.024362,0.913913,0.707818,0.148776,0.69055,0.059717,0.961468,-0.268354,F,BuildTutorial
44.51,0.14766,1.540468,2.701967,36.62757363704419,-9.861480191788717,8.433399896144426,-0.306211,0.104396,-0.096481,-0.941291,0.959586,0.1177,0.255621,-0.245568,0.793852,0.556323,0.021018,1.228445,2.768273,-17.952755842465713,-9.798335014245476,-23.97146734642727,-0.13455,-0.114801,-0.21741,0.959922,0.879107,-0.386501,0.278905,0.448287,0.869258,-0.208397,0.180765,1.198102,3.032656,-19.238047067985377,-43.047256553616926,3.787628132862942,-0.167313,-0.356392,-0.030961,0.918712,0.744052,0.062369,0.665205,0.176147,0.942096,-0.285356,F,BuildTutorial
44.543,0.149649,1.539983,2.702307,36.98633630843633,-9.070253152333152,8.420467370529225,-0.30984,0.097999,-0.09442,-0.941,0.962962,0.11697,0.242944,-0.238426,0.790168,0.564612,0.022076,1.227473,2.769093,-17.854263519357158,-9.411799361853117,-24.06663662772454,-0.13436,-0.111509,-0.217712,0.960268,0.880335,-0.388158,0.27266,0.448087,0.869098,-0.20949,0.197758,1.193768,3.018237,-19.951433834941273,-38.85491799797504,0.3463824102774078,-0.164357,-0.327089,-0.054811,0.928975,0.780017,0.005684,0.625733,0.209354,0.939965,-0.269512,F,BuildTutorial
44.576,0.152062,1.539487,2.702848,37.10921680821501,-8.262067487538602,8.39070301401489,-0.311535,0.091329,-0.092036,-0.941347,0.966377,0.116371,0.229289,-0.23018,0.788951,0.569714,0.023908,1.226105,2.770749,-17.596096090245016,-8.740887530550072,-24.0906102562907,-0.133434,-0.105476,-0.217029,0.961233,0.883547,-0.389082,0.260692,0.445379,0.870188,-0.21074,0.208495,1.179024,3.006165,-17.77711087089714,-36.55504960343352,2.1850459745702455,-0.152599,-0.307,-0.030562,0.938899,0.809634,0.036307,0.585811,0.151085,0.951559,-0.267785,F,BuildTutorial
44.61,0.154797,1.538778,2.702936,37.40002192656473,-7.386698603796801,8.308053575026834,-0.314687,0.084032,-0.08907,-0.941264,0.97001,0.114789,0.214251,-0.220564,0.786077,0.577438,0.026038,1.224794,2.773114,-17.34243722284225,-8.017526206675843,-24.13673951378135,-0.132622,-0.099027,-0.21649,0.962152,0.886651,-0.390327,0.24798,0.44286,0.871087,-0.212328,0.214461,1.161484,2.992273,-17.162830186610783,-36.58078112854042,3.650410039702582,-0.151488,-0.30565,-0.016902,0.939864,0.812585,0.060834,0.579659,0.124375,0.953532,-0.274424,F,BuildTutorial
44.643,0.157496,1.53786,2.702557,37.87797764229445,-6.475255164506781,8.17656767332606,-0.31941,0.076386,-0.08561,-0.940645,0.973672,0.11226,0.198394,-0.209854,0.781296,0.587825,0.028861,1.224018,2.776092,-17.272100056946652,-7.145874005166394,-24.147405475119218,-0.133663,-0.091597,-0.215547,0.962956,0.890299,-0.390638,0.234029,0.439611,0.871347,-0.217937,0.218645,1.139316,2.978416,-14.526400629867306,-38.20113882435203,0.1394254785699348,-0.119862,-0.324456,-0.04023,0.937413,0.78622,0.002355,0.617943,0.153204,0.968029,-0.198614,F,BuildTutorial
44.676,0.160246,1.537245,2.702088,38.09930099521854,-5.69712820595895,8.0548644350235,-0.32188,0.069754,-0.082486,-0.940598,0.976661,0.110268,0.184323,-0.200078,0.779178,0.594012,0.032788,1.22357,2.779053,-17.18998033023372,-6.041561934163693,-24.155522919566284,-0.135035,-0.08218,-0.214303,0.963891,0.894641,-0.390935,0.216303,0.435324,0.87168,-0.225096,0.220837,1.115977,2.969203,-11.594024821399849,-39.077682834325245,0.7939007952396019,-0.097491,-0.332068,-0.027284,0.937807,0.777973,0.013573,0.628151,0.115921,0.979502,-0.164735,F,BuildTutorial
44.709,0.162992,1.536938,2.701492,38.25971943451745,-4.983105587906763,8.091417053290561,-0.323687,0.064068,-0.080804,-0.940528,0.978732,0.11052,0.172826,-0.193472,0.777395,0.59852,0.037292,1.223913,2.782274,-17.301094732409638,-4.686301741544911,-24.456635250325068,-0.138311,-0.071333,-0.215233,0.964083,0.897173,-0.395273,0.197081,0.434738,0.869089,-0.235981,0.222125,1.098794,2.965426,-11.818960635733111,-38.03518706286506,1.2154699556436648,-0.10077,-0.323076,-0.023573,0.940697,0.790132,0.020763,0.612584,0.109462,0.97858,-0.174356,F,BuildTutorial
44.742,0.165608,1.536667,2.700769,38.36451519972799,-4.334876067297004,8.12028000775052,-0.324986,0.058878,-0.07922,-0.940554,0.980515,0.110753,0.162247,-0.187291,0.776217,0.602005,0.042727,1.224928,2.785113,-17.549883254202534,-3.206919968291542,-24.613987907780633,-0.143095,-0.059523,-0.214743,0.964296,0.900685,-0.397116,0.176252,0.431186,0.866819,-0.250408,0.2242,1.084211,2.963919,-12.669027918271704,-36.73560488951557,-3.725214926635727,-0.094477,-0.31643,-0.065408,0.941631,0.791188,-0.063389,0.608279,0.182971,0.973592,-0.136531,F,BuildTutorial
44.776,0.168116,1.536594,2.699931,38.39286900085427,-3.890785168254688,8.130373655878493,-0.325519,0.055275,-0.078045,-0.940687,0.981708,0.110845,0.154803,-0.182817,0.775893,0.603795,0.047655,1.226365,2.788006,-17.685284586757543,-1.9145819549205527,-24.672428057205934,-0.146624,-0.048965,-0.213588,0.964616,0.903966,-0.397701,0.157099,0.426419,0.865763,-0.261955,0.224945,1.07128,2.965725,-12.944938688302368,-35.40154036233708,-4.174745316355231,-0.096314,-0.305819,-0.068729,0.944709,0.803502,-0.070947,0.591059,0.188766,0.972,-0.139941,F,BuildTutorial
44.81,0.170589,1.536542,2.699099,38.44003203199424,-3.604551293404755,8.127421645307278,-0.326102,0.05294,-0.07721,-0.940688,0.982472,0.110733,0.149957,-0.179788,0.775393,0.605345,0.052495,1.228091,2.790274,-17.859341982087575,-0.7647659168736546,-25.06942102681524,-0.150088,-0.040123,-0.215407,0.964087,0.90398,-0.403298,0.142023,0.427385,0.862147,-0.27211,0.222958,1.058927,2.968423,-10.702267253629074,-35.86180455256531,-2.317698012745716,-0.082512,-0.30826,-0.047864,0.946508,0.80537,-0.039737,0.591439,0.141478,0.981802,-0.126688,F,BuildTutorial
44.843,0.172867,1.536723,2.698272,38.5463530276649,-3.467549572901016,7.909836430010616,-0.327166,0.051247,-0.075039,-0.940588,0.983486,0.107628,0.145506,-0.174694,0.774663,0.607765,0.057094,1.230435,2.791895,-18.10994249630124,0.3469999895223468,-25.27780694627662,-0.154222,-0.031518,-0.215613,0.963708,0.905036,-0.405854,0.127253,0.425297,0.859454,-0.283658,0.222549,1.054378,2.970354,-10.39755898235799,-35.780620959117115,-1.780603990398494,-0.081466,-0.307235,-0.042558,0.947185,0.807591,-0.030562,0.588951,0.130678,0.983104,-0.128176,F,BuildTutorial
44.877,0.174916,1.536945,2.69741,38.54172940902141,-3.4187776967469796,7.329877512537175,-0.327413,0.049188,-0.070138,-0.94099,0.985323,0.099788,0.138499,-0.164207,0.775763,0.609285,0.06071,1.233423,2.792398,-18.56449875761731,1.2833236889885231,-25.28690270686786,-0.159796,-0.024519,-0.214241,0.963309,0.906999,-0.404924,0.115709,0.420596,0.857132,-0.29736,0.224777,1.060281,2.971233,-12.45060689121317,-34.93546929906862,-1.4182204815319883,-0.099737,-0.299656,-0.044283,0.947786,0.81649,-0.024168,0.576853,0.143715,0.976183,-0.162519,F,BuildTutorial
44.91,0.176667,1.537365,2.696804,38.42002935720147,-3.430921723475118,6.775350352271438,-0.326639,0.047654,-0.065609,-0.941664,0.986849,0.092431,0.132608,-0.154694,0.778005,0.608916,0.063461,1.236342,2.792113,-19.095091131213835,1.9398776736263263,-25.36477715945578,-0.165461,-0.020124,-0.213735,0.962567,0.907824,-0.40481,0.109471,0.418129,0.853879,-0.309933,0.228859,1.070923,2.972378,-12.853066464450116,-33.279202019305345,-1.6755896844321827,-0.10307,-0.286089,-0.045969,0.951534,0.83208,-0.028508,0.553922,0.146457,0.974527,-0.169846,F,BuildTutorial
44.943,0.178152,1.537858,2.696339,38.24546197336424,-3.4899667859694157,6.265791421336058,-0.325379,0.046623,-0.061573,-0.942424,0.98807,0.085716,0.127947,-0.146397,0.780674,0.607549,0.064704,1.238388,2.791396,-19.532723298638256,2.224329994805057,-25.41199234734015,-0.169653,-0.018643,-0.213508,0.961917,0.908134,-0.404428,0.10831,0.41708,0.851264,-0.318424,0.233244,1.08635,2.970041,-14.813267554104836,-32.900214141410494,-0.9965052369010567,-0.121187,-0.281882,-0.044774,0.950711,0.837076,-0.016814,0.546829,0.153456,0.966618,-0.205186,F,BuildTutorial
44.976,0.179369,1.538225,2.69598,38.07704684546298,-3.4107274664849485,5.819361592400585,-0.324211,0.044647,-0.057659,-0.94317,0.989364,0.079814,0.121607,-0.137714,0.783126,0.606423,0.064792,1.239403,2.790709,-19.777956487655988,2.2497746699020795,-25.280494392175083,-0.171777,-0.018703,-0.212246,0.961818,0.909203,-0.401859,0.108897,0.414711,0.850888,-0.322497,0.238294,1.104816,2.96546,-16.700665909400506,-33.18993602845385,-0.8841978470013656,-0.136992,-0.283642,-0.048792,0.94784,0.834334,-0.014781,0.551062,0.170207,0.957705,-0.232014,F,BuildTutorial
45.009,0.180453,1.538514,2.695719,37.93043948849677,-3.194097361514513,5.5661375694444,-0.323205,0.0421,-0.054948,-0.943794,0.990417,0.076504,0.114987,-0.130932,0.785039,0.605451,0.064087,1.238817,2.79002,-19.651690996225412,1.9767919605502415,-25.338716595694223,-0.170202,-0.02084,-0.213203,0.961843,0.90822,-0.403042,0.112666,0.41723,0.851152,-0.318528,0.244784,1.127198,2.961035,-19.780618270288937,-33.18053845002619,0.8777945498330674,-0.166762,-0.280013,-0.041809,0.944476,0.839689,0.014416,0.542876,0.172367,0.940885,-0.291591,F,BuildTutorial
45.042,0.181145,1.538685,2.695472,37.8352682701827,-3.0029870892245287,5.330999918882838,-0.322594,0.039833,-0.052464,-0.944243,0.991322,0.073378,0.109073,-0.124777,0.786362,0.605034,0.063151,1.237739,2.789339,-19.465454288484143,1.5901120834958455,-25.33356094810807,-0.167921,-0.023723,-0.213815,0.962041,0.907441,-0.40343,0.117452,0.419364,0.852172,-0.312949,0.255951,1.152723,2.958118,-23.545346431340672,-31.03889859076499,0.6088010046348299,-0.197979,-0.260889,-0.049579,0.943548,0.858958,0.00974,0.511954,0.196862,0.916693,-0.347736,F,BuildTutorial
45.076,0.181553,1.538958,2.695254,37.76318427897425,-2.8560100916217293,5.131330646636693,-0.322133,0.038038,-0.050399,-0.944586,0.992026,0.070707,0.10433,-0.11972,0.78738,0.604731,0.062017,1.236407,2.788974,-19.233827725786693,1.349215333324504,-25.30202230703194,-0.165535,-0.025259,-0.214,0.962374,0.907132,-0.403533,0.119467,0.420258,0.853605,-0.307802,0.269527,1.178577,2.95621,-27.134597595489033,-28.238088016600702,-1.6380083785674342,-0.224088,-0.240358,-0.070694,0.941815,0.87446,-0.025439,0.48443,0.240885,0.889574,-0.388115,F,BuildTutorial
45.109,0.181775,1.539465,2.694943,37.54175892546824,-2.7566283409631525,4.884205513226734,-0.320429,0.036461,-0.048065,-0.94535,0.992721,0.06751,0.099739,-0.114243,0.79003,0.60233,0.061081,1.234924,2.788848,-18.981616545024146,1.2529692972236337,-25.29985834984578,-0.163239,-0.025585,-0.214224,0.962708,0.906907,-0.404117,0.119201,0.420823,0.854922,-0.303341,0.283699,1.20379,2.954024,-30.994585823494212,-25.610173894459564,-1.6934508779354436,-0.257363,-0.217404,-0.073099,0.938699,0.894784,-0.025333,0.44578,0.24914,0.856842,-0.451389,F,BuildTutorial
45.143,0.181635,1.540392,2.694453,37.136378138245696,-2.744029865016586,4.454833175446754,-0.317219,0.035053,-0.044451,-0.946661,0.993591,0.06192,0.094568,-0.106398,0.794793,0.597481,0.06079,1.233204,2.788737,-18.66628564262124,1.2826652018357945,-25.14571316527154,-0.16068,-0.02452,-0.213014,0.963434,0.908048,-0.40257,0.115702,0.41833,0.857614,-0.299163,0.298247,1.22687,2.951817,-34.56566932240229,-22.384696337070523,-2.553793442521759,-0.287236,-0.191788,-0.078525,0.935172,0.914103,-0.036691,0.403819,0.257044,0.822659,-0.507109,F,BuildTutorial
45.176,0.181339,1.541443,2.693633,36.72519702154729,-2.731652415382936,4.066546667005961,-0.313939,0.033782,-0.041168,-0.947948,0.994328,0.056839,0.089896,-0.099261,0.799495,0.592415,0.060798,1.231267,2.789172,-18.367853045774783,1.520049808834642,-25.09136736161996,-0.158624,-0.021884,-0.212348,0.963985,0.908859,-0.402459,0.109559,0.416344,0.859493,-0.296528,0.311394,1.246191,2.949475,-37.36337416868089,-18.99320467965232,-3.617494556283577,-0.31083,-0.16619,-0.082312,0.932197,0.931212,-0.050148,0.361012,0.256774,0.793219,-0.55215,F,BuildTutorial
45.21,0.18094,1.542794,2.692623,36.19722727601715,-2.6382144512461574,3.835245124530845,-0.309665,0.032262,-0.038946,-0.9495,0.994885,0.053977,0.085386,-0.093939,0.805182,0.58554,0.061771,1.228788,2.789999,-17.93753831439334,2.004393465186012,-25.140704851412135,-0.155896,-0.017061,-0.212283,0.964542,0.90929,-0.404192,0.0991,0.414831,0.861265,-0.293494,0.32341,1.260686,2.947523,-39.00123820335027,-15.59097909237268,-4.656378929871875,-0.325265,-0.141187,-0.08318,0.931316,0.946295,-0.063086,0.317091,0.24678,0.774568,-0.582361,F,BuildTutorial
45.243,0.180408,1.544263,2.691691,35.54116868355913,-2.47883601119619,3.636317550296868,-0.304328,0.030269,-0.036805,-0.951375,0.995458,0.051607,0.079995,-0.088454,0.81206,0.576832,0.06315,1.225741,2.791131,-17.156230657584697,2.607995960778844,-25.472170156508337,-0.150411,-0.010926,-0.214627,0.964983,0.907632,-0.410936,0.085652,0.41751,0.862624,-0.285597,0.331055,1.266002,2.948802,-36.58230273521572,-13.213489566666942,-3.7772030480667578,-0.307992,-0.119456,-0.067173,0.941466,0.962436,-0.0529,0.266306,0.200066,0.801257,-0.56388,F,BuildTutorial
45.277,0.179938,1.546207,2.690666,34.65429931428881,-2.213235404391938,3.486728831760977,-0.297073,0.027487,-0.034786,-0.953825,0.996069,0.050028,0.073104,-0.082691,0.821075,0.564799,0.064935,1.222406,2.792801,-16.205676898383864,3.450362363565733,-26.40077902620083,-0.14397,-0.003155,-0.221844,0.96439,0.901551,-0.42698,0.069963,0.428797,0.860116,-0.276286,0.336237,1.260537,2.953824,-28.86653507788471,-11.46672353354355,-0.8429893989743276,-0.247287,-0.098568,-0.031988,0.963385,0.978522,-0.012883,0.205738,0.110382,0.875652,-0.470159,F,BuildTutorial
45.309,0.179567,1.54886,2.68949,33.418169390486185,-1.802904433396576,3.3819839141445662,-0.286907,0.023545,-0.032781,-0.957108,0.996742,0.04924,0.06388,-0.076261,0.83322,0.547658,0.066828,1.2202,2.794455,-15.803082430780313,4.015418984963191,-27.02283665058366,-0.141692,0.001642,-0.226596,0.963626,0.897303,-0.437173,0.061049,0.436243,0.857155,-0.273821,0.341522,1.248146,2.95776,-20.526206361490285,-9.04372392993598,1.1838556755493257,-0.178406,-0.075739,-0.003912,0.98103,0.988497,0.019349,0.150001,0.0347,0.936312,-0.349451,F,BuildTutorial
45.343,0.17898,1.553297,2.689036,31.202273055947355,-1.401771306482951,3.0024634807000887,-0.268518,0.018823,-0.02852,-0.962669,0.997665,0.044802,0.051557,-0.065019,0.85417,0.515913,0.068177,1.22058,2.79565,-16.406603746217094,4.2607131059093195,-26.66756461465983,-0.147229,0.002917,-0.222945,0.963645,0.900574,-0.430538,0.060026,0.42882,0.857239,-0.285053,0.348713,1.236945,2.959053,-14.794766017841576,-5.021403669017154,-0.8059677485020839,-0.128318,-0.044345,-0.012608,0.990661,0.995749,-0.013599,0.091098,0.03636,0.966751,-0.253121,F,BuildTutorial
45.376,0.178389,1.557999,2.688035,28.937339961671285,-0.8318775272256811,2.6818614289605867,-0.249611,0.012874,-0.024472,-0.967951,0.998471,0.040948,0.037139,-0.053802,0.874191,0.482593,0.069084,1.221367,2.797529,-16.602019425955305,4.680213926580837,-25.77484557283219,-0.149631,0.007212,-0.214769,0.965108,0.907645,-0.416709,0.05035,0.412392,0.86297,-0.291917,0.354059,1.229537,2.958041,-13.381473731840014,-1.3462346531339318,-5.633636940169595,-0.115788,-0.017379,-0.050172,0.991854,0.994362,-0.095502,0.046093,0.103551,0.968152,-0.227945,F,BuildTutorial
45.41,0.178042,1.562205,2.686438,26.95920824910817,-0.0961044823518375,2.7948631178474863,-0.23301,0.0065,-0.023911,-0.972159,0.998772,0.043461,0.023782,-0.049519,0.89027,0.452734,0.070584,1.221893,2.79938,-16.76389606327627,5.229907358932202,-25.44764376577543,-0.151985,0.011955,-0.211185,0.965484,0.910516,-0.411426,0.041109,0.404158,0.864603,-0.298528,0.35518,1.223882,2.954056,-15.002919123495849,0.0762564536233003,-8.99629564206024,-0.130201,-0.009581,-0.077669,0.988394,0.987752,-0.15104,0.039164,0.156029,0.954031,-0.255892,F,BuildTutorial
45.443,0.177638,1.566539,2.684887,24.825844757989753,0.5046202311606205,2.9447743527115215,-0.214993,0.001224,-0.024148,-0.976316,0.998831,0.046625,0.012773,-0.047678,0.90639,0.419742,0.072286,1.222126,2.801239,-17.051048036687575,5.638588015193237,-25.340013285724567,-0.155134,0.014981,-0.209535,0.9653,0.911741,-0.409176,0.036089,0.39988,0.864057,-0.30578,0.352909,1.211159,2.949164,-12.46983039603042,0.8161701072737542,-9.357574482800228,-0.108818,-0.001802,-0.080314,0.99081,0.987093,-0.15876,0.021051,0.159544,0.963417,-0.215346,F,BuildTutorial
45.476,0.177051,1.571693,2.683762,22.212245953649703,0.9902911351725256,2.979711763053764,-0.192775,-0.003469,-0.023848,-0.980947,0.998839,0.048124,0.002388,-0.045449,0.924539,0.378369,0.073502,1.222268,2.803711,-17.082159224582202,6.136366266593183,-25.238942393695435,-0.156287,0.019251,-0.207985,0.965374,0.912743,-0.407583,0.027842,0.395549,0.864633,-0.309759,0.347772,1.194847,2.94467,-8.15076254337366,0.6610343158452213,-9.53575207454542,-0.0713,-0.000173,-0.082499,0.994037,0.986388,-0.163991,0.012108,0.16404,0.97622,-0.141722,F,BuildTutorial
45.509,0.17668,1.577424,2.682455,19.34446123434263,1.453544902767475,2.8630869829020944,-0.168258,-0.008303,-0.022495,-0.985451,0.99885,0.047129,-0.008795,-0.041541,0.942366,0.331994,0.074968,1.22221,2.805931,-17.063432360505317,6.7788406289373615,-25.218406584332183,-0.157289,0.024728,-0.206947,0.965309,0.913123,-0.407314,0.017361,0.391756,0.864866,-0.3139,0.341198,1.180266,2.939648,-5.276634592181815,-0.3207782695526777,-10.531377865828109,-0.04558,-0.007009,-0.091805,0.994709,0.983045,-0.182,0.022313,0.183278,0.978989,-0.08939,F,BuildTutorial
45.542,0.176268,1.582649,2.680896,16.68437799538624,1.909934555431538,2.9040461525975085,-0.145436,-0.012809,-0.022651,-0.989026,0.998646,0.048531,-0.018749,-0.04108,0.956671,0.288259,0.077264,1.222065,2.807372,-17.07003010366468,7.558864308566011,-25.183962914093307,-0.15874,0.031333,-0.205576,0.965173,0.913514,-0.40678,0.004782,0.386885,0.865081,-0.319305,0.334743,1.169922,2.934076,-4.138180486543814,-0.974762206990584,-11.146949402320692,-0.035107,-0.011967,-0.097361,0.994558,0.980755,-0.192822,0.030639,0.194502,0.978577,-0.067503,F,BuildTutorial
45.576,0.175767,1.5879,2.679203,13.982888562315404,2.14218269273534,2.867611123148857,-0.122126,-0.015503,-0.022557,-0.992137,0.998502,0.048545,-0.025253,-0.040972,0.969153,0.243031,0.079232,1.222091,2.808753,-17.10338267769068,8.307632691418105,-25.2041965780415,-0.160366,0.037545,-0.204675,0.964874,0.913397,-0.407013,-0.006807,0.38293,0.864782,-0.324835,0.328742,1.161794,2.929476,-3.208323902455726,-1.4902019721415358,-10.831912006057856,-0.02664,-0.015583,-0.094703,0.995027,0.981577,-0.187634,0.036056,0.189294,0.980643,-0.050063,F,BuildTutorial
45.609,0.17528,1.59179,2.677192,11.918350237970868,2.331488772789868,2.7820666935548135,-0.104259,-0.017709,-0.022028,-0.994149,0.998402,0.047491,-0.030618,-0.040106,0.97729,0.208077,0.081049,1.222224,2.809997,-17.155733959906605,8.90308638356239,-25.126891309826163,-0.161837,0.042564,-0.203139,0.964744,0.913846,-0.405731,-0.016375,0.378178,0.865087,-0.329555,0.323648,1.155655,2.926185,-2.3233862499610267,-1.9202654182875365,-10.544174373170918,-0.018646,-0.018545,-0.092192,0.995394,0.982314,-0.182843,0.040357,0.184226,0.982306,-0.033702,F,BuildTutorial
45.642,0.175087,1.59454,2.675096,10.45103378931394,2.5259618353652615,2.724377077879533,-0.09155,-0.019779,-0.021661,-0.995368,0.998279,0.046742,-0.035408,-0.039499,0.982299,0.183108,0.082081,1.222575,2.811748,-17.17372474491927,9.447529899730249,-25.17306285062939,-0.16297,0.047046,-0.202739,0.96443,0.913367,-0.40639,-0.024664,0.375721,0.864675,-0.333422,0.320258,1.152602,2.924463,-1.9733641438741452,-1.8951435309735896,-10.667823771977815,-0.015606,-0.018064,-0.093217,0.99536,0.981969,-0.185006,0.038869,0.186133,0.982134,-0.0277,F,BuildTutorial
45.676,0.174739,1.596722,2.673396,9.302079086107268,2.5652694921445924,2.595358182988208,-0.081551,-0.020469,-0.020752,-0.996243,0.998301,0.044686,-0.0374,-0.038009,0.985838,0.163339,0.083095,1.22296,2.813194,-17.28386808312504,10.024310700338754,-25.13422334609246,-0.164892,0.051737,-0.201477,0.964127,0.913461,-0.40556,-0.033319,0.371436,0.864436,-0.338801,0.317616,1.152409,2.924136,-2.3697122572303737,-1.762359334521301,-10.733488539452406,-0.019147,-0.017242,-0.093816,0.995256,0.981803,-0.186081,0.037912,0.187402,0.981664,-0.034877,F,BuildTutorial
45.709,0.174171,1.597754,2.671929,8.670640750573584,2.530981765882536,2.2679853120062905,-0.075996,-0.020522,-0.01806,-0.996733,0.998505,0.039122,-0.038166,-0.032883,0.987797,0.152236,0.084249,1.223492,2.81452,-17.423643662090864,10.556579651710916,-25.18289148003424,-0.167018,0.055866,-0.20097,0.963636,0.91298,-0.405986,-0.040538,0.368664,0.863432,-0.344343,0.31577,1.153509,2.924811,-2.9807679570349697,-1.5697734274911423,-10.825754672572922,-0.024599,-0.016086,-0.094646,0.995077,0.981567,-0.18757,0.036671,0.189152,0.980874,-0.045911,F,BuildTutorial
45.743,0.173677,1.597992,2.670629,8.444830196951916,2.5394541909923833,1.8914375433054469,-0.073965,-0.020881,-0.014825,-0.996932,0.998689,0.032648,-0.03944,-0.026471,0.988619,0.148096,0.08494,1.224174,2.815847,-17.588680113374824,11.020380983700235,-25.29825166897953,-0.169268,0.059266,-0.201081,0.963017,0.912108,-0.407352,-0.046075,0.367224,0.86183,-0.349851,0.314125,1.155304,2.925813,-3.3984352826829163,-1.8117866200525792,-10.48436671568812,-0.028081,-0.018446,-0.091781,0.995212,0.982472,-0.181647,0.041869,0.183719,0.981576,-0.052507,F,BuildTutorial
45.776,0.173234,1.598265,2.669893,8.246893382563147,2.53504237147447,1.6595097080889916,-0.0722,-0.02102,-0.01285,-0.997086,0.998786,0.028661,-0.040061,-0.02259,0.989244,0.144519,0.085413,1.225302,2.81677,-17.89715808711827,11.354355541235568,-25.236976421319277,-0.172394,0.061545,-0.199725,0.962602,0.912644,-0.405732,-0.049623,0.363292,0.86078,-0.356478,0.312778,1.15762,2.92691,-3.9168518873602673,-2.120237499351656,-9.811697463089196,-0.032462,-0.021345,-0.086084,0.99553,0.984268,-0.170012,0.048087,0.172784,0.983072,-0.060959,F,BuildTutorial
45.809,0.172629,1.598335,2.669561,8.220496745067758,2.52810388158518,1.4115432502413945,-0.071924,-0.021119,-0.010702,-0.997129,0.998879,0.02438,-0.040577,-0.018304,0.989425,0.143888,0.085757,1.226195,2.817132,-18.10753507247132,11.533966239543911,-25.11440952075785,-0.174394,0.062818,-0.198185,0.962478,0.913554,-0.403407,-0.051797,0.359587,0.860619,-0.360599,0.311932,1.160638,2.928335,-4.624676977322772,-2.2668272290705804,-9.464553252614774,-0.038571,-0.023025,-0.083212,0.995519,0.985091,-0.163902,0.052262,0.167455,0.983176,-0.072964,F,BuildTutorial
45.843,0.172147,1.597736,2.669175,8.445315349098784,2.5706419938012637,1.2251537180812802,-0.073849,-0.021582,-0.009008,-0.996995,0.998906,0.021149,-0.041704,-0.014774,0.98893,0.147644,0.085441,1.227041,2.817495,-18.234776987858837,11.774350423824549,-25.171220638745993,-0.175902,0.064495,-0.198148,0.9621,0.913156,-0.403966,-0.054392,0.358586,0.859592,-0.36403,0.310933,1.163058,2.929614,-4.83937286710086,-2.616132735398577,-9.427090486140417,-0.040191,-0.026199,-0.08304,0.995391,0.984836,-0.163208,0.058832,0.16742,0.982978,-0.07566,F,BuildTutorial
45.876,0.171513,1.597392,2.669344,8.595546524367371,2.662561604357359,1.1679836086966338,-0.075152,-0.022403,-0.00842,-0.996885,0.998855,0.020154,-0.043401,-0.013419,0.988563,0.150213,0.085069,1.227353,2.817542,-18.265601793378952,12.096109093221427,-25.196030173207404,-0.176729,0.067096,-0.197825,0.961837,0.912727,-0.404267,-0.059149,0.356836,0.859264,-0.366515,0.309174,1.16449,2.930382,-4.677207401959748,-3.552769549826926,-9.109459092876437,-0.038197,-0.034114,-0.080568,0.995433,0.98469,-0.157794,0.07407,0.163006,0.9841,-0.070548,F,BuildTutorial
45.909,0.171019,1.596943,2.669677,8.784577397854981,2.901608036995774,1.0480368916461962,-0.076788,-0.024543,-0.007177,-0.99672,0.998692,0.018076,-0.047822,-0.010538,0.988104,0.153424,0.085371,1.226344,2.817204,-17.907105129049665,12.617224616555893,-25.409760867191416,-0.174776,0.071866,-0.199251,0.961555,0.910268,-0.408303,-0.068558,0.358061,0.859505,-0.364752,0.305498,1.164142,2.930918,-4.019254742929783,-5.810262419319276,-7.596733425015927,-0.03159,-0.05286,-0.067893,0.99579,0.985193,-0.131875,0.109564,0.138554,0.988785,-0.055737,F,BuildTutorial
45.942,0.171211,1.596522,2.669948,8.939396328316606,3.3918030992700197,1.0466986269871796,-0.078164,-0.028792,-0.006796,-0.996502,0.99825,0.018046,-0.05632,-0.009044,0.987688,0.156173,0.084583,1.225389,2.817273,-17.617853179051863,12.945213506991225,-25.77244942959295,-0.173175,0.074658,-0.202152,0.961026,0.907122,-0.414404,-0.073482,0.362688,0.85829,-0.363037,0.300909,1.163469,2.93119,-3.5920633987796076,-8.33094346613421,-5.398508694923175,-0.027805,-0.073993,-0.04922,0.995655,0.984205,-0.093897,0.15008,0.102126,0.993609,-0.048085,F,BuildTutorial
45.975,0.171269,1.59649,2.670481,8.929468363904753,3.93555811354555,1.1423814789772917,-0.078137,-0.033456,-0.00726,-0.996355,0.997656,0.019695,-0.065533,-0.009239,0.987684,0.15619,0.084528,1.224119,2.816542,-17.301597464405738,13.026378204289951,-25.864732706314424,-0.170748,0.075852,-0.203198,0.961147,0.905914,-0.416509,-0.076418,0.364703,0.859112,-0.359053,0.299888,1.164909,2.932211,-4.486747998940129,-8.308297194646524,-4.733389518619654,-0.036019,-0.073935,-0.043988,0.995641,0.985197,-0.082265,0.150395,0.092918,0.993535,-0.06522,F,BuildTutorial
46.009,0.171557,1.596524,2.670858,8.912239331352213,4.511324443087671,1.1581031524750125,-0.078028,-0.038453,-0.00701,-0.996185,0.996945,0.019966,-0.075519,-0.007965,0.987725,0.156,0.083433,1.2233,2.816449,-17.15647247070415,12.91449046239994,-25.801576949937395,-0.1693,0.075306,-0.203014,0.961484,0.906229,-0.415888,-0.07607,0.364891,0.860246,-0.356134,0.301091,1.165276,2.934008,-4.724512660533566,-7.145152270367726,-4.7912696248546816,-0.038499,-0.063925,-0.044249,0.99623,0.987911,-0.083243,0.130774,0.093087,0.99312,-0.07105,F,BuildTutorial
46.042,0.171877,1.596507,2.671088,8.939589684863988,4.988553405287853,1.3353487603665264,-0.07836,-0.042477,-0.008215,-0.995986,0.996257,0.02302,-0.083325,-0.009706,0.987585,0.156789,0.082532,1.222529,2.816438,-17.009730418364143,12.796845987008414,-25.9329572167789,-0.167955,0.074428,-0.20447,0.96148,0.905305,-0.418188,-0.074438,0.368186,0.859966,-0.353408,0.299869,1.163872,2.935011,-4.039931615480775,-7.551955650788658,-3.672985369736462,-0.033044,-0.066908,-0.034278,0.996623,0.988697,-0.063903,0.135629,0.072746,0.995466,-0.061278,F,BuildTutorial
46.075,0.172017,1.596569,2.671307,8.952280422651556,5.243085255553538,1.547672260628555,-0.078571,-0.044542,-0.009881,-0.995864,0.995837,0.02668,-0.087162,-0.012681,0.987458,0.157372,0.081765,1.221895,2.816561,-16.864993255410987,12.648377964625425,-25.85432612024672,-0.166434,0.073595,-0.204203,0.961865,0.90577,-0.417329,-0.073605,0.368335,0.861202,-0.35023,0.297364,1.16324,2.935605,-3.845285975127097,-8.740511141579013,-2.6836775150898595,-0.03166,-0.076921,-0.025892,0.996198,0.986825,-0.046717,0.154898,0.056459,0.996654,-0.059097,F,BuildTutorial
46.109,0.171987,1.596467,2.67128,8.991923719703555,5.361129359287552,1.5737291845674009,-0.078936,-0.045544,-0.01001,-0.995789,0.995651,0.027126,-0.089125,-0.012746,0.987338,0.158119,0.081041,1.221513,2.817016,-16.90768261043624,12.401688626232962,-25.805028807246316,-0.166319,0.071508,-0.204096,0.962065,0.906463,-0.416494,-0.0697,0.368922,0.861365,-0.349209,0.295816,1.164234,2.936672,-4.535151313905184,-8.892052471304355,-2.447457043478583,-0.037784,-0.078284,-0.024342,0.995917,0.986558,-0.042569,0.157769,0.0544,0.99596,-0.071448,F,BuildTutorial
46.142,0.172243,1.596293,2.671089,9.0591116353758,5.381671128434602,1.6476383637066798,-0.079551,-0.045661,-0.01061,-0.995728,0.995605,0.028395,-0.089244,-0.013865,0.987118,0.159392,0.080028,1.221202,2.81804,-16.89911977109292,11.95190610928502,-25.60047869034986,-0.165324,0.068044,-0.203039,0.962711,0.90829,-0.413435,-0.063879,0.368438,0.862886,-0.34595,0.295896,1.165849,2.937925,-5.3285332427702885,-7.982478882011224,-3.418834689871044,-0.044276,-0.070881,-0.03296,0.995956,0.987779,-0.059377,0.144108,0.07193,0.993907,-0.083522,F,BuildTutorial
46.176,0.172477,1.59638,2.670847,9.050846080024812,5.301860475738873,1.6559464173762513,-0.079475,-0.044963,-0.010741,-0.995764,0.995726,0.028538,-0.087838,-0.014244,0.987137,0.159243,0.079173,1.22056,2.819417,-16.872784308658225,11.5399153876474,-25.49222721911723,-0.164312,0.064791,-0.202752,0.963169,0.909387,-0.411862,-0.05818,0.369278,0.863786,-0.342794,0.295142,1.166887,2.938806,-5.8584922651152835,-7.563656003865869,-4.205813355108415,-0.04854,-0.067698,-0.039935,0.995724,0.987644,-0.072957,0.138694,0.086101,0.992098,-0.091258,F,BuildTutorial
46.208,0.172869,1.596556,2.670349,9.004220026818839,5.1665016737710605,1.5849930322050765,-0.07903,-0.043843,-0.010237,-0.995855,0.995946,0.027319,-0.085704,-0.01346,0.987299,0.158303,0.079382,1.219555,2.820446,-16.853609262200212,11.222565741030506,-25.105359971154662,-0.163379,0.062714,-0.199974,0.964046,0.912154,-0.406061,-0.055575,0.365077,0.866635,-0.340091,0.294578,1.168657,2.939166,-6.821812681009997,-6.814315242902649,-5.6686636668372055,-0.056385,-0.06219,-0.052805,0.99507,0.986688,-0.098076,0.129722,0.112102,0.988065,-0.105645,F,BuildTutorial
46.241,0.173497,1.596706,2.669549,8.956501513647236,5.036143313421153,1.4949502623229538,-0.07857,-0.042779,-0.009563,-0.995944,0.996157,0.025771,-0.083709,-0.012327,0.987471,0.157321,0.07871,1.218926,2.822537,-16.898183885854166,10.371674821239516,-23.451206304982986,-0.161445,0.057802,-0.187193,0.96724,0.923236,-0.380785,-0.051374,0.343457,0.877789,-0.333952,0.294454,1.169857,2.939353,-7.44829969688042,-5.359562745041821,-8.012045571682958,-0.061464,-0.051074,-0.072667,0.99415,0.984222,-0.138205,0.110483,0.150762,0.981884,-0.114786,F,BuildTutorial
46.275,0.174251,1.59691,2.668644,8.87566409335699,4.994413734921319,1.432942142715781,-0.077841,-0.04247,-0.009084,-0.996019,0.996228,0.024707,-0.083188,-0.011483,0.987716,0.155835,0.076173,1.218809,2.826122,-17.081954175556884,8.288477351589053,-19.22911153683045,-0.157984,0.045722,-0.154153,0.974263,0.948293,-0.314818,-0.040383,0.285924,0.902556,-0.321933,0.295213,1.167689,2.939449,-6.433378437875912,-2.7499550020445267,-10.69614654972426,-0.053619,-0.029082,-0.094373,0.993667,0.980496,-0.184431,0.067915,0.190668,0.976438,-0.101069,F,BuildTutorial
46.308,0.17519,1.597107,2.667641,8.810568946338748,5.021868803224607,1.3271333784092725,-0.077238,-0.042789,-0.008171,-0.996061,0.996205,0.022888,-0.083978,-0.009668,0.987935,0.154567,0.072179,1.217526,2.829979,-16.502958967640808,5.025334353512521,-13.645382014647272,-0.147519,0.026046,-0.111207,0.982442,0.973909,-0.226194,-0.018367,0.210825,0.931742,-0.29565,0.296056,1.164727,2.938648,-5.140044572781545,-0.0904864504901986,-14.235798407520772,-0.044397,-0.006339,-0.123822,0.991291,0.969256,-0.244924,0.023563,0.246049,0.965394,-0.08645,F,BuildTutorial
46.342,0.176141,1.597149,2.666656,8.769834435008757,5.1151388490881535,1.1944568479715396,-0.07684,-0.043694,-0.006971,-0.996061,0.996085,0.020601,-0.085972,-0.007172,0.988094,0.153684,0.068114,1.214646,2.833869,-14.644472746017373,1.975672216794728,-9.22469575265154,-0.128393,0.006797,-0.077556,0.988663,0.987878,-0.1551,0.006476,0.151609,0.955,-0.254929,0.296807,1.16161,2.937381,-3.540126487322182,2.57568431899613,-17.646278428970945,-0.033961,0.017462,-0.152587,0.987552,0.952825,-0.302561,-0.024124,0.300189,0.951128,-0.072406,F,BuildTutorial
46.375,0.177176,1.597423,2.665704,8.613889786178508,5.31945740138879,1.0712445683452927,-0.075448,-0.04557,-0.005827,-0.996091,0.995779,0.018484,-0.089904,-0.004731,0.988547,0.150838,0.064636,1.212419,2.836797,-13.278407889207491,-0.4727968597511325,-6.538550058410174,-0.115194,-0.010685,-0.057122,0.991642,0.993246,-0.110828,0.034352,0.115752,0.966935,-0.227242,0.298912,1.157592,2.934749,-1.6255578195655869,6.113463859783654,-21.966353860967445,-0.024064,0.049644,-0.189488,0.980332,0.92326,-0.373911,-0.088215,0.369133,0.927031,-0.065995,F,BuildTutorial
46.408,0.178217,1.597557,2.664861,8.539862680800011,5.56391078586168,1.0331926067144563,-0.074801,-0.047728,-0.005367,-0.996041,0.995387,0.017831,-0.094275,-0.00355,0.988752,0.149521,0.061882,1.211416,2.839291,-12.759662556558515,-2.257121733155868,-4.971676984925004,-0.110144,-0.024374,-0.045282,0.992584,0.994711,-0.084524,0.058361,0.095262,0.971636,-0.216447,0.299465,1.152854,2.931916,0.6382859492026636,8.048898911204665,-24.169848078273574,-0.00926,0.069789,-0.209224,0.97533,0.90271,-0.409418,-0.132259,0.406833,0.912279,-0.047265,F,BuildTutorial
46.442,0.179508,1.597753,2.664069,8.499362577307622,5.947227025925071,0.9825331655044178,-0.074444,-0.051097,-0.004695,-0.995904,0.994734,0.016959,-0.101076,-0.001744,0.988872,0.148758,0.060926,1.21117,2.840815,-12.740944387792387,-3.1240740876779056,-4.628826719474468,-0.109731,-0.031548,-0.043141,0.992523,0.994287,-0.078714,0.072091,0.092561,0.972196,-0.215099,0.29805,1.148472,2.929178,2.4650044654112815,8.421011388182622,-25.37009450401165,0.004809,0.076323,-0.220489,0.972387,0.891119,-0.428067,-0.150552,0.429535,0.902723,-0.024304,F,BuildTutorial
46.475,0.180854,1.597823,2.663252,8.481398211486976,6.410338159939074,0.9507758147460548,-0.074291,-0.055144,-0.004127,-0.995702,0.993884,0.016413,-0.1092,-2.6e-05,0.988928,0.148399,0.061645,1.21078,2.841909,-12.844488545384875,-2.820077018439379,-5.786585956872455,-0.110444,-0.030066,-0.052893,0.992018,0.992597,-0.0983,0.071335,0.111583,0.970009,-0.215945,0.296466,1.146031,2.926249,2.9727771936130547,8.47366308385155,-26.341650969168192,0.00836,0.077806,-0.229022,0.970271,0.88299,-0.443126,-0.154814,0.445728,0.894958,-0.019416,F,BuildTutorial
46.509,0.18201,1.597874,2.662524,8.446579155888074,6.843427563014482,0.9145781222133272,-0.073985,-0.058934,-0.00355,-0.99551,0.993028,0.015789,-0.116814,0.001652,0.989027,0.147725,0.063484,1.210371,2.842207,-12.910515792272443,-1.9893232537288328,-6.817018556232056,-0.111186,-0.023902,-0.061017,0.991637,0.991411,-0.115698,0.060974,0.126329,0.967829,-0.217596,0.294293,1.145832,2.923425,2.2674524848943265,8.29974047516282,-25.654040831443048,0.003179,0.074927,-0.222779,0.97198,0.889511,-0.432597,-0.147071,0.433549,0.900719,-0.027205,F,BuildTutorial
46.542,0.183006,1.59805,2.661902,8.368371324691337,7.206950244230275,0.8432634281296569,-0.073278,-0.062146,-0.002739,-0.99537,0.992261,0.014561,-0.123316,0.003655,0.989246,0.146218,0.065003,1.209908,2.842125,-12.96652160839831,-1.766273708394051,-6.688098062699915,-0.111814,-0.021874,-0.059689,0.991694,0.991918,-0.113494,0.056733,0.123278,0.96787,-0.21916,0.292046,1.146408,2.920866,1.311039091265514,7.823770000621312,-23.4882351779984,-0.00271,0.069113,-0.203818,0.976563,0.907364,-0.398456,-0.133881,0.397707,0.916902,-0.033466,F,BuildTutorial
46.575,0.183841,1.598114,2.661347,8.300046672687744,7.583424645810395,0.688754003700173,-0.072605,-0.065521,-0.001196,-0.995206,0.991411,0.011895,-0.130241,0.007134,0.989454,0.14467,0.067151,1.208332,2.841917,-12.660613855319506,-1.2939628944136048,-6.731059291736685,-0.109404,-0.017676,-0.059587,0.992052,0.992274,-0.114359,0.048109,0.122094,0.96896,-0.214963,0.290611,1.147333,2.91848,0.7837298952186037,7.498558122235805,-22.632580694330503,-0.006139,0.065457,-0.196239,0.97835,0.914411,-0.384785,-0.125671,0.383178,0.922905,-0.037702,F,BuildTutorial
46.609,0.184643,1.598215,2.660738,8.207901628043873,7.949355064296448,0.5681704254272343,-0.071736,-0.068783,2.7e-05,-0.995049,0.990538,0.009814,-0.136888,0.009923,0.989708,0.142758,0.070123,1.205784,2.841444,-12.196694081311566,-0.2883864318278504,-7.128542998345315,-0.105874,-0.009102,-0.062083,0.992398,0.992126,-0.121295,0.031212,0.12515,0.969873,-0.209007,0.290224,1.147949,2.916285,0.6651134224555836,7.3682995561039135,-24.079085833937206,-0.007738,0.06405,-0.208517,0.975889,0.904837,-0.40797,-0.121785,0.405987,0.912922,-0.041814,F,BuildTutorial
46.642,0.185116,1.598315,2.660384,8.102180934468873,8.263245272533055,0.4835012341792508,-0.070765,-0.07157,0.000892,-0.994922,0.989754,0.008353,-0.14254,0.011905,0.989983,0.140683,0.072851,1.202949,2.8409,-11.635207239845151,0.3151824486430893,-7.117867318125844,-0.101336,-0.003561,-0.061477,0.992945,0.992416,-0.121364,0.019531,0.122807,0.971903,-0.200804,0.289951,1.148341,2.914876,0.5855436044504088,7.296217484485379,-24.485467288674172,-0.008509,0.063262,-0.211939,0.975196,0.902159,-0.414441,-0.119778,0.412288,0.910019,-0.043411,F,BuildTutorial
46.675,0.185439,1.598325,2.659961,8.041879325696186,8.523471435645805,0.3759739262315745,-0.07017,-0.0739,0.001947,-0.994792,0.98907,0.006498,-0.147303,0.014244,0.990145,0.139322,0.074953,1.200061,2.84003,-11.14127981429318,0.4110256686466565,-6.960053971574134,-0.09711,-0.002329,-0.060066,0.993457,0.992773,-0.118894,0.016293,0.119798,0.973923,-0.19267,0.290265,1.148402,2.913796,0.5453726512902092,7.386435215222786,-24.09541092896835,-0.0088,0.063986,-0.20859,0.975868,0.904792,-0.408239,-0.121213,0.405987,0.912825,-0.043869,F,BuildTutorial
46.708,0.185508,1.598154,2.659518,8.034017861175958,8.699111357590516,0.3551616819132175,-0.070085,-0.075438,0.00223,-0.994682,0.988608,0.006138,-0.150387,0.01501,0.990166,0.139087,0.076513,1.197551,2.838963,-10.532696578517063,0.5559740713753162,-7.195696694749581,-0.091907,-0.000938,-0.062043,0.993833,0.9923,-0.123149,0.013268,0.123493,0.975408,-0.182564,0.29151,1.14861,2.913234,0.3734048278852941,7.887132918669658,-24.077571278231677,-0.011165,0.067939,-0.208298,0.975639,0.903993,-0.407964,-0.127917,0.404929,0.912975,-0.05009,F,BuildTutorial
46.742,0.185294,1.597955,2.659252,8.095742197854737,8.832691507665471,0.3760380047974822,-0.070632,-0.07658,0.002172,-0.994556,0.988262,0.006498,-0.152634,0.015138,0.990013,0.140162,0.077075,1.195998,2.837907,-10.077955263995824,0.6816401963147721,-7.044713285897403,-0.08803,0.000518,-0.060678,0.994268,0.992636,-0.120751,0.009653,0.120569,0.977138,-0.175113,0.2933,1.148602,2.912551,0.3062918962702427,8.667006872414905,-23.9428888776635,-0.013066,0.074471,-0.207028,0.975409,0.903187,-0.40582,-0.13987,0.401928,0.913938,-0.056324,F,BuildTutorial
46.774,0.185149,1.597722,2.659021,8.15908539593239,8.910897913246522,0.3727156031698805,-0.071178,-0.077256,0.002292,-0.994465,0.988053,0.006439,-0.153982,0.015557,0.989857,0.141213,0.07698,1.195294,2.836626,-9.899751540203727,0.6017032700799436,-6.57716221311366,-0.086441,0.000273,-0.056698,0.994642,0.99357,-0.112836,0.009259,0.112742,0.978627,-0.171986,0.294227,1.148008,2.912436,0.5747575467631844,8.980575206871153,-23.415286624200277,-0.01099,0.077675,-0.202677,0.976098,0.905777,-0.397373,-0.147182,0.393958,0.917603,-0.052941,F,BuildTutorial
46.808,0.18487,1.59761,2.658932,8.209666717745382,8.902015538271893,0.3087331386471049,-0.071574,-0.077215,0.002876,-0.994438,0.988059,0.005334,-0.153983,0.016773,0.989738,0.141907,0.076511,1.194757,2.834941,-9.681882710686311,0.4252485707261145,-6.025892083967147,-0.084467,-0.000743,-0.052061,0.995065,0.994578,-0.103482,0.010273,0.103733,0.98031,-0.168023,0.294459,1.1471,2.91261,0.925396012122386,9.05277999160394,-23.07905716990007,-0.007899,0.078931,-0.200038,0.976572,0.907509,-0.39195,-0.151004,0.389456,0.919845,-0.047006,F,BuildTutorial
46.842,0.18432,1.597508,2.658917,8.235620738446968,8.853385672583231,0.1395862864575053,-0.071687,-0.076897,0.004331,-0.994449,0.988136,0.002412,-0.153561,0.019638,0.989684,0.141913,0.074741,1.194316,2.833654,-9.432110947388766,0.221788332050224,-5.63944348394376,-0.082213,-0.002118,-0.048868,0.995414,0.995215,-0.096939,0.012251,0.097636,0.981706,-0.163465,0.294575,1.145974,2.912605,1.470572612890223,9.213908239213191,-23.446647375656905,-0.003794,0.081237,-0.203522,0.975687,0.903959,-0.397764,-0.15698,0.396531,0.917129,-0.040471,F,BuildTutorial
46.875,0.1838,1.59727,2.658691,8.3016774911141,8.707850240699253,0.0127983835336435,-0.072182,-0.07571,0.005384,-0.994499,0.988478,0.000222,-0.151365,0.021638,0.989521,0.142755,0.072296,1.193675,2.832182,-9.26521015593537,-0.1101443512342579,-5.551228106120737,-0.080625,-0.004868,-0.048344,0.99556,0.995278,-0.095473,0.017487,0.097043,0.982325,-0.160063,0.295271,1.144961,2.912582,1.9559936216983296,9.889813937645645,-24.206633454727072,-0.001444,0.087835,-0.210303,0.973682,0.896116,-0.40979,-0.170439,0.409282,0.911541,-0.039756,F,BuildTutorial
46.91,0.182944,1.59701,2.658379,8.420188359544051,8.435888757073648,-0.0641014238558343,-0.073174,-0.073393,0.005956,-0.994597,0.989156,-0.001108,-0.146864,0.022589,0.98922,0.144683,0.069698,1.192588,2.830804,-9.12927749235238,-0.6163820169197639,-5.62017899585726,-0.079224,-0.009257,-0.049297,0.995594,0.994968,-0.096693,0.026244,0.099626,0.982587,-0.156838,0.295625,1.14416,2.912517,2.312462901749386,10.391625347431852,-24.575801435029724,0.000366,0.092744,-0.213692,0.972489,0.891468,-0.415559,-0.180541,0.415695,0.908671,-0.038925,F,BuildTutorial
46.942,0.181961,1.596938,2.658211,8.471246769388605,8.132506989563218,-0.1770232385940406,-0.073563,-0.07083,0.006774,-0.994749,0.989874,-0.003057,-0.141913,0.023899,0.989085,0.145393,0.066271,1.190731,2.829722,-8.70320002811618,-1.4405091437525412,-5.106982838995525,-0.075237,-0.015902,-0.045373,0.996006,0.995377,-0.087991,0.038505,0.092777,0.984561,-0.148429,0.294499,1.143666,2.91251,2.399479885120358,10.329575185398571,-24.787687445073853,0.00105,0.092379,-0.215553,0.972112,0.890006,-0.418889,-0.180058,0.419277,0.907072,-0.037783,F,BuildTutorial
46.975,0.181015,1.596906,2.658077,8.519513986499566,7.87583321398925,-0.2138803636208179,-0.073975,-0.068624,0.006958,-0.994872,0.990485,-0.003691,-0.137574,0.023997,0.988959,0.146237,0.062979,1.188199,2.828832,-7.97415617556734,-2.2785685519946997,-4.492011343094062,-0.068687,-0.022544,-0.040469,0.996562,0.995708,-0.077562,0.050492,0.083756,0.987289,-0.135078,0.292233,1.1431,2.91254,2.4790275883713253,9.722839964148124,-24.875508444431404,0.0028,0.08738,-0.216344,0.972395,0.89112,-0.420255,-0.171148,0.421234,0.906375,-0.032364,F,BuildTutorial
47.009,0.179995,1.596829,2.658059,8.615176503408367,7.609137220761493,-0.1682801759784188,-0.074848,-0.066276,0.006445,-0.994969,0.991132,-0.002903,-0.13285,0.022746,0.988712,0.148089,0.059555,1.18535,2.828213,-7.067356862742781,-3.1797839971730784,-4.009679341183165,-0.060605,-0.029831,-0.036613,0.997044,0.995539,-0.069394,0.063924,0.076625,0.989973,-0.118667,0.289261,1.142171,2.912318,2.6885222482297806,8.872910831438473,-24.769814211179508,0.006259,0.080549,-0.215549,0.973145,0.894101,-0.418512,-0.15947,0.420529,0.906999,-0.022543,F,BuildTutorial
47.042,0.178991,1.59654,2.658163,8.780453660695287,7.351965310288716,-0.1082724934485098,-0.076331,-0.063998,0.005848,-0.995009,0.99174,-0.001867,-0.128251,0.021408,0.988279,0.151153,0.056309,1.183002,2.827683,-6.322361280960645,-4.2384579878914,-3.645535315653409,-0.053905,-0.038657,-0.033776,0.997226,0.99473,-0.063196,0.08074,0.071531,0.991907,-0.1049,0.286945,1.141534,2.911523,2.9287292103353946,8.568898239888531,-24.471256074602877,0.009077,0.078388,-0.213137,0.97383,0.896856,-0.413696,-0.156542,0.416542,0.90898,-0.015736,F,BuildTutorial
47.075,0.178097,1.595895,2.658303,9.107785877816807,7.139860470596926,-0.0272074036689241,-0.079228,-0.062089,0.00518,-0.994908,0.992236,-0.000469,-0.124366,0.020145,0.987392,0.157005,0.054047,1.18103,2.826899,-5.854467655146349,-5.12868780736317,-3.426005751459245,-0.049658,-0.046188,-0.032108,0.997181,0.993672,-0.059448,0.095305,0.068622,0.993006,-0.096069,0.284491,1.141646,2.910516,2.7243305688623622,8.268373708245079,-23.72558121479384,0.008388,0.075407,-0.206653,0.975468,0.903217,-0.401901,-0.150581,0.404432,0.914449,-0.014801,F,BuildTutorial
47.109,0.177173,1.595056,2.658573,9.56921119508445,7.016598955028568,0.0191390981413619,-0.083264,-0.060966,0.004938,-0.994649,0.992517,0.00033,-0.122103,0.019975,0.986086,0.165034,0.053004,1.17984,2.826269,-5.648177576292563,-5.399479245336906,-3.654318758873486,-0.04769,-0.04859,-0.03413,0.997096,0.992948,-0.063427,0.100152,0.072696,0.993122,-0.091787,0.281523,1.142697,2.909171,2.0249797345542,7.558073789902929,-23.05876981167687,0.004105,0.068093,-0.200546,0.977307,0.91029,-0.39143,-0.134742,0.392548,0.919529,-0.019287,F,BuildTutorial
47.142,0.176333,1.594225,2.658837,10.03116997326396,6.9181527982040105,0.0926478556977067,-0.087316,-0.060034,0.004471,-0.99436,0.992752,0.001592,-0.120171,0.019375,0.984712,0.173111,0.05317,1.179227,2.825666,-5.674363694457719,-5.212276448038039,-3.8532396851943824,-0.047892,-0.047051,-0.035793,0.997102,0.99301,-0.066872,0.097258,0.075885,0.99285,-0.092139,0.27826,1.14413,2.907478,1.1891325332304044,6.57540350994405,-22.370268416961057,-0.000961,0.058267,-0.194234,0.979223,0.917757,-0.380508,-0.113739,0.380284,0.924545,-0.024517,F,BuildTutorial
47.175,0.175585,1.593358,2.659159,10.497818315212198,6.7903358828851985,0.1515652409541874,-0.0914,-0.058853,0.004103,-0.994065,0.993039,0.002602,-0.117757,0.018915,0.983259,0.181232,0.053438,1.179109,2.825427,-5.80684871398753,-5.133772161062742,-3.748095034808938,-0.049112,-0.046359,-0.034895,0.997106,0.993266,-0.065035,0.095877,0.074143,0.992741,-0.094704,0.275097,1.145474,2.905646,0.7036086569492299,5.652371453531278,-21.745878638128687,-0.003278,0.049577,-0.188696,0.980778,0.923872,-0.370462,-0.096012,0.369812,0.928767,-0.02514,F,BuildTutorial
47.208,0.174802,1.592567,2.659532,10.89392730685764,6.6813904960049495,0.2175303057211404,-0.094873,-0.05783,0.003645,-0.993802,0.993285,0.003728,-0.115635,0.018218,0.981972,0.188148,0.054879,1.178596,2.824921,-5.875627340921113,-4.9658559351332725,-3.846814652166124,-0.049723,-0.044959,-0.035707,0.997112,0.993408,-0.066737,0.093208,0.075679,0.992505,-0.095948,0.272841,1.145964,2.903835,0.5048277891466805,5.028673464935094,-21.22957904713359,-0.003755,0.043929,-0.184216,0.981897,0.92827,-0.362092,-0.084885,0.361432,0.932101,-0.023558,F,BuildTutorial
47.243,0.174018,1.591769,2.65986,11.31333047296569,6.626154990617854,0.3588797987655439,-0.098582,-0.057202,0.002585,-0.99348,0.993443,0.006142,-0.114168,0.016414,0.98055,0.195584,0.056759,1.177894,2.82463,-5.980501762616296,-4.6315425576516125,-4.248227003370845,-0.050592,-0.042256,-0.03909,0.997059,0.993373,-0.073675,0.088219,0.082226,0.991825,-0.097583,0.271053,1.146517,2.901946,0.2696148982658622,4.516708973268313,-20.715040467478207,-0.004772,0.039186,-0.179741,0.982922,0.932316,-0.353716,-0.075317,0.352968,0.935341,-0.023467,F,BuildTutorial
47.275,0.173231,1.590669,2.660221,11.863504620091424,6.516266263463761,0.5481771556433788,-0.103446,-0.056036,0.001123,-0.993055,0.993717,0.009364,-0.111526,0.013823,0.978595,0.20533,0.058467,1.177534,2.824975,-6.2354483478666,-4.233627784559511,-4.974003971983532,-0.052699,-0.039206,-0.045306,0.996812,0.992821,-0.086191,0.082937,0.094455,0.990341,-0.101509,0.269601,1.14691,2.900118,0.0145677788917399,4.019145602499095,-20.47069917294989,-0.006106,0.034531,-0.177587,0.98348,0.934541,-0.349728,-0.065752,0.348884,0.936851,-0.024275,F,BuildTutorial
47.308,0.17244,1.589412,2.660823,12.504692246837696,6.399329525531627,0.7340386687890927,-0.109091,-0.054786,-0.000279,-0.992521,0.993997,0.012506,-0.108691,0.0114,0.976198,0.21658,0.060764,1.176973,2.825228,-6.437553150829664,-3.817224536793707,-5.820150030262687,-0.054357,-0.036059,-0.052528,0.996487,0.991881,-0.100766,0.077574,0.108606,0.988572,-0.104545,0.267902,1.147033,2.898293,-0.2600236210063278,3.3253258422132697,-19.812624812770288,-0.007226,0.028192,-0.1719,0.984685,0.939311,-0.338942,-0.053035,0.338127,0.940796,-0.023923,F,BuildTutorial
47.342,0.171703,1.587672,2.661376,13.391601710646512,6.279472667710551,0.8859496203195919,-0.11684,-0.053496,-0.001281,-0.991708,0.994273,0.015041,-0.105805,0.00996,0.972693,0.23188,0.063643,1.176276,2.824961,-6.4480292780511625,-3.3575353774837056,-6.341313873204184,-0.054512,-0.032314,-0.056844,0.99637,0.991449,-0.109752,0.07059,0.116798,0.987594,-0.104955,0.266239,1.147312,2.896471,-0.5742414963409939,2.575162078883475,-18.844896716180468,-0.008621,0.021347,-0.163558,0.986265,0.945586,-0.322992,-0.039288,0.322256,0.946349,-0.023989,F,BuildTutorial
47.375,0.170931,1.58521,2.661801,14.634083756858844,6.066468847459006,1.0147690174748485,-0.127641,-0.051356,-0.002032,-0.990488,0.994717,0.017135,-0.101216,0.009085,0.967407,0.253063,0.066519,1.175916,2.82448,-6.433223545153272,-2.6995061839898047,-6.55090616313872,-0.05466,-0.026685,-0.05835,0.996441,0.991766,-0.113368,0.059558,0.119203,0.987215,-0.105817,0.265395,1.147694,2.894765,-0.6702378038705191,2.2618689576203965,-18.52919505089869,-0.008949,0.018538,-0.160846,0.986765,0.94757,-0.317765,-0.033706,0.317102,0.948097,-0.023624,F,BuildTutorial
47.408,0.170334,1.582767,2.662179,15.922753632294102,5.901425408539603,1.0286856372981008,-0.138774,-0.049737,-0.001749,-0.989073,0.995046,0.017264,-0.097902,0.010345,0.961478,0.274689,0.069005,1.175804,2.823773,-6.535831441489364,-2.1004803455117127,-6.592077572421477,-0.055849,-0.021546,-0.058435,0.996495,0.992242,-0.114054,0.049468,0.118867,0.986933,-0.108788,0.26553,1.147891,2.893198,-0.7343246205897316,2.501816307792719,-18.42534253572537,-0.009819,0.020523,-0.15992,0.986868,0.948009,-0.316043,-0.037367,0.315237,0.948659,-0.025944,F,BuildTutorial
47.442,0.169895,1.58013,2.662613,17.309325058136515,5.733429044818744,1.016617285943896,-0.150723,-0.048108,-0.001234,-0.987404,0.995368,0.016939,-0.094632,0.012065,0.954562,0.297767,0.071562,1.175305,2.822386,-6.648110691457195,-1.6968020107861217,-6.863695518982619,-0.056988,-0.018226,-0.060611,0.996367,0.991988,-0.118704,0.043227,0.122859,0.986157,-0.111352,0.266019,1.147579,2.892182,-0.6810356082145119,2.754233952997015,-18.192149539899592,-0.009666,0.022791,-0.157901,0.987145,0.949096,-0.312184,-0.041943,0.311302,0.949948,-0.026281,F,BuildTutorial
47.475,0.169451,1.576913,2.663063,18.921260476097945,5.517657458781258,1.0486480195384866,-0.164607,-0.045973,-0.001105,-0.985287,0.995771,0.017312,-0.09023,0.012958,0.945807,0.324471,0.072969,1.175087,2.821402,-6.762812955559741,-1.411566459902908,-7.167496783949249,-0.058094,-0.015959,-0.063119,0.996186,0.991523,-0.123902,0.03913,0.12761,0.985282,-0.11373,0.265813,1.146851,2.891144,-0.6820410475524477,2.401090348968375,-17.821065296074888,-0.009124,0.019777,-0.154732,0.987716,0.951334,-0.306024,-0.036245,0.305302,0.951949,-0.024145,F,BuildTutorial
47.508,0.169034,1.573503,2.663569,20.61117722711154,5.237605941220733,1.0399786691958304,-0.179112,-0.04333,-0.000746,-0.982874,0.996244,0.016989,-0.084908,0.014054,0.935837,0.352153,0.073775,1.174476,2.820258,-6.80212756487731,-1.2956514500277672,-7.317409745877132,-0.05848,-0.015049,-0.064366,0.996098,0.991261,-0.12647,0.037509,0.12999,0.984874,-0.114566,0.265207,1.146251,2.890131,-0.8275108992939492,1.8272989444590133,-16.875797477118095,-0.009482,0.014713,-0.146601,0.989041,0.956583,-0.290269,-0.026324,0.28971,0.956836,-0.023071,F,BuildTutorial
47.541,0.168417,1.570211,2.664157,22.170486763654075,4.8572258453831365,0.9536016366063462,-0.192436,-0.039984,-1.2e-05,-0.980495,0.996803,0.015412,-0.078403,0.015366,0.925937,0.377366,0.073928,1.17332,2.819036,-6.81576067628704,-1.3815020614365794,-7.31203135607984,-0.058551,-0.0158,-0.064364,0.996082,0.991215,-0.126373,0.039013,0.130073,0.984858,-0.11461,0.26559,1.14594,2.889222,-1.3475157701418778,1.9440369246662368,-15.331418825661874,-0.013915,0.015243,-0.133167,0.990879,0.964069,-0.264328,-0.026502,0.26348,0.964146,-0.031637,F,BuildTutorial
47.574,0.167836,1.56791,2.664665,23.35107696393337,4.375179162282921,0.9414137064229314,-0.202522,-0.035719,-0.000315,-0.978626,0.997448,0.015084,-0.069784,0.013852,0.917969,0.39641,0.072796,1.171621,2.818012,-6.72503899670449,-1.8487923520118263,-6.995051330115461,-0.057554,-0.019653,-0.061837,0.996232,0.99158,-0.120946,0.046276,0.12547,0.985727,-0.112244,0.264586,1.146183,2.88868,-2.455285180813625,1.053477296561286,-12.346359390571246,-0.022288,0.006834,-0.107309,0.993953,0.976876,-0.213624,-0.008801,0.213014,0.975976,-0.045774,F,BuildTutorial
47.608,0.1673,1.565897,2.665009,24.368784139082297,3.771277783656009,0.872175049465535,-0.211183,-0.030557,-0.000491,-0.976969,0.998132,0.013866,-0.059498,0.011946,0.910803,0.412668,0.071053,1.169173,2.817106,-6.440782044064086,-2.428320035259013,-6.915620993040314,-0.054786,-0.024505,-0.061393,0.996308,0.991261,-0.119648,0.055557,0.125018,0.986459,-0.106158,0.262296,1.14729,2.887427,-4.1658179177534365,-0.8689974060928117,-8.52261894330636,-0.035681,-0.010258,-0.074529,0.996528,0.988681,-0.147808,0.025762,0.149272,0.986345,-0.069585,F,BuildTutorial
47.641,0.166915,1.564612,2.665347,24.98775559921472,3.235819452989034,0.7201178195090071,-0.216418,-0.026206,-2.5e-05,-0.975949,0.998627,0.011392,-0.051141,0.011294,0.906326,0.422428,0.068846,1.166011,2.816074,-5.990406256472728,-3.1886057704265514,-7.061122087093631,-0.050422,-0.030948,-0.062924,0.996263,0.990166,-0.122257,0.06801,0.128499,0.986996,-0.096572,0.260907,1.147804,2.886426,-5.335891319620452,-2.1081367465999428,-5.774754757572477,-0.045555,-0.020697,-0.051165,0.997436,0.993908,-0.100182,0.045949,0.103954,0.990614,-0.088759,F,BuildTutorial
47.675,0.166771,1.563766,2.665676,25.411210205969898,2.8039719715313995,0.6162127177076808,-0.220001,-0.022685,0.000137,-0.975236,0.998971,0.009713,-0.044307,0.010249,0.903199,0.429099,0.065561,1.16373,2.815771,-5.724535285003481,-3.815721424160619,-7.452689489949617,-0.047641,-0.036424,-0.066533,0.99598,0.988493,-0.12906,0.078895,0.136001,0.986608,-0.090052,0.262024,1.148127,2.885624,-5.995970344612326,-2.1614306284870155,-5.519507121063412,-0.051324,-0.021331,-0.049059,0.997248,0.994277,-0.095658,0.047579,0.100037,0.989918,-0.100272,F,BuildTutorial
47.708,0.166828,1.562689,2.66591,25.96722543229148,2.4076923941579347,0.5469780830483804,-0.224718,-0.0194,7e-05,-0.974231,0.999247,0.008583,-0.037831,0.008855,0.899004,0.437851,0.062691,1.162163,2.815435,-5.7091621839866615,-4.32018495783368,-7.509013938016469,-0.047194,-0.040823,-0.067227,0.995785,0.987628,-0.130034,0.087648,0.137741,0.986507,-0.088501,0.263187,1.146349,2.885612,-5.331055530051318,-2.159533418392056,-5.207885824175613,-0.045594,-0.020917,-0.04625,0.99767,0.994847,-0.090376,0.045954,0.094191,0.991564,-0.089041,F,BuildTutorial
47.741,0.16714,1.561594,2.666075,26.53834763393229,2.1861728773678606,0.5449276831020115,-0.22957,-0.017476,-0.000249,-0.973135,0.999389,0.008508,-0.033898,0.007539,0.894596,0.446813,0.059683,1.161214,2.815211,-5.706246475839724,-5.221791703172269,-6.513863269996898,-0.047059,-0.048248,-0.058948,0.995983,0.988395,-0.112882,0.101656,0.121964,0.988621,-0.088051,0.263957,1.144516,2.885857,-4.731806237092581,-2.3648173245148,-4.422599777373828,-0.040446,-0.022195,-0.039395,0.998158,0.995911,-0.07685,0.047496,0.080441,0.993624,-0.078994,F,BuildTutorial
47.774,0.167633,1.560635,2.66631,27.04845162804144,2.11265151958355,0.5772787116917444,-0.233904,-0.016746,-0.000586,-0.972115,0.999439,0.008974,-0.032284,0.006694,0.890577,0.454783,0.055753,1.160908,2.815286,-5.95704048083296,-6.909818954082844,-5.098550360720743,-0.049139,-0.062429,-0.047466,0.995708,0.987699,-0.08839,0.128986,0.10066,0.990665,-0.091929,0.264048,1.143366,2.886359,-4.425605736744124,-2.9982977761185623,-2.658689230766313,-0.037981,-0.027031,-0.024184,0.99862,0.997369,-0.046248,0.055824,0.050355,0.995945,-0.07455,F,BuildTutorial
47.808,0.168003,1.559771,2.666822,27.453432743398356,2.040417954291357,0.6951278375105042,-0.237354,-0.015857,-0.001667,-0.971292,0.999492,0.010766,-0.030013,0.00429,0.887321,0.461133,0.052635,1.16179,2.815018,-7.321868392847252,-8.240495540990652,-5.520413530765983,-0.06016,-0.074687,-0.052516,0.994004,0.983328,-0.095417,0.154797,0.11339,0.987246,-0.111753,0.262666,1.142307,2.886643,-4.418151079521471,-4.39763393863267,0.4740677052446972,-0.038676,-0.038179,0.002652,0.998519,0.997071,0.00825,0.07604,-0.002343,0.996994,-0.077441,F,BuildTutorial
47.841,0.168206,1.55898,2.667552,27.75081820517222,1.9219544025234931,0.7033500527052992,-0.239873,-0.01481,-0.001936,-0.970689,0.999554,0.010863,-0.027824,0.003347,0.884914,0.465742,0.050459,1.163756,2.814794,-9.16447420855094,-9.144885990082972,-5.789446070847277,-0.075521,-0.083385,-0.05654,0.992042,0.9797,-0.099586,0.173983,0.124775,0.9822,-0.14041,0.260535,1.141775,2.887199,-4.812108730275935,-5.580233645409622,4.635510681216997,-0.043864,-0.046899,0.038316,0.9972,0.992665,0.080531,0.090175,-0.072302,0.993216,-0.091077,F,BuildTutorial
47.874,0.168422,1.558079,2.668064,28.160476684467636,1.7664284449950336,0.7226344222443725,-0.243341,-0.013417,-0.002366,-0.969845,0.999629,0.011119,-0.024874,0.001941,0.881559,0.472069,0.045527,1.16512,2.815149,-9.472072320101018,-11.101424392538638,-3.680804402617356,-0.07904,-0.098986,-0.039838,0.991145,0.977229,-0.063323,0.202517,0.094618,0.984331,-0.148793,0.260911,1.141238,2.887531,-4.635633940207205,-5.904161829525283,5.555082026482999,-0.042835,-0.049441,0.046274,0.996785,0.990829,0.096486,0.094599,-0.088015,0.992048,-0.089969,F,BuildTutorial
47.908,0.168517,1.557139,2.668725,28.56359014829018,1.5708852554545871,0.734098689464004,-0.246748,-0.011704,-0.002826,-0.969005,0.99971,0.011253,-0.021287,0.000298,0.878215,0.478266,0.040905,1.165242,2.816622,-9.23882059658042,-13.085188488007548,-2.607815963606565,-0.077407,-0.115363,-0.031708,0.989795,0.971372,-0.044909,0.233281,0.080629,0.986005,-0.145919,0.262292,1.1415,2.887667,-4.87712691720879,-5.910019508331467,6.579106695895218,-0.045377,-0.048982,0.055064,0.996248,0.989138,0.114159,0.092599,-0.105269,0.989818,-0.095807,F,BuildTutorial
47.941,0.168513,1.556354,2.669532,28.859763021076176,1.3573352062868973,0.6667597088713081,-0.24924,-0.010021,-0.002683,-0.968386,0.999785,0.010191,-0.018071,-0.000201,0.875744,0.482775,0.03806,1.164879,2.817263,-9.40182180854,-14.681030567236936,-2.6708679375568827,-0.078293,-0.129196,-0.033505,0.987956,0.964372,-0.045973,0.260526,0.086434,0.985495,-0.146042,0.26452,1.142519,2.887881,-5.853242756556761,-5.559539878525343,10.01015119259312,-0.055028,-0.0438,0.084561,0.993933,0.981862,0.172916,0.077763,-0.163276,0.979643,-0.116796,F,BuildTutorial
47.975,0.168558,1.555616,2.670034,29.22798459294707,1.131831723436367,0.6559754734925318,-0.252344,-0.008113,-0.003047,-0.967599,0.99985,0.009991,-0.014162,-0.001802,0.872626,0.488386,0.034045,1.164311,2.817726,-9.2416771631221,-15.915339087567617,0.9475574818200478,-0.080924,-0.137327,-0.00299,0.98721,0.962265,0.016322,0.271625,0.02813,0.986885,-0.158958,0.266466,1.143385,2.887888,-7.576621745684706,-5.649671351846689,12.54298776675879,-0.070967,-0.041672,0.105632,0.990994,0.974211,0.215276,0.0676,-0.203447,0.967611,-0.14946,F,BuildTutorial
48.008,0.168595,1.554956,2.670523,29.538195400185515,0.8688275674363638,0.6200222985470628,-0.254953,-0.005952,-0.003299,-0.96693,0.999907,0.009415,-0.009828,-0.003345,0.869976,0.493082,0.030551,1.162323,2.818795,-8.283534616957748,-17.263645951740095,2.289635556768954,-0.074383,-0.148236,0.008864,0.986111,0.955895,0.039535,0.291035,0.00457,0.988777,-0.149327,0.269291,1.14525,2.886627,-9.727033421029327,-5.578233888668089,12.558420247009025,-0.089477,-0.038932,0.10475,0.9897,0.975023,0.214309,0.058316,-0.200376,0.962043,-0.185266,F,BuildTutorial
48.041,0.168811,1.554488,2.670981,29.776310464557127,0.6251822992796044,0.4810250829647716,-0.256949,-0.004194,-0.002655,-0.966412,0.999951,0.007288,-0.006742,-0.002977,0.86794,0.49666,0.027916,1.159025,2.819626,-7.458080903847266,-19.489985475148263,2.021406230029064,-0.067069,-0.167748,0.006341,0.983525,0.943641,0.034974,0.329118,0.010029,0.990923,-0.134055,0.268894,1.146439,2.88221,-12.865899980079549,-8.537769064329334,16.34737811164082,-0.121111,-0.057332,0.132632,0.982066,0.958244,0.274394,0.080482,-0.24662,0.935482,-0.253086,F,BuildTutorial
48.074,0.169078,1.554182,2.671489,29.994758739827503,0.3721102083589764,0.361630802118879,-0.258782,-0.00232,-0.002208,-0.96593,0.99998,0.005466,-0.003339,-0.003065,0.866054,0.499941,0.025458,1.158144,2.819367,-8.427996370317489,-22.059822850357214,1.4904467431395667,-0.0746,-0.18985,-0.001326,0.978974,0.927911,0.025729,0.371914,0.030922,0.988866,-0.14556,0.264559,1.145326,2.878499,-13.670831294696818,-14.411295907321817,22.39333250287534,-0.140013,-0.099241,0.17663,0.9692,0.917906,0.37017,0.142908,-0.31459,0.898397,-0.306459,F,BuildTutorial
48.108,0.16929,1.55388,2.672,30.163817914309433,0.1215029878392959,0.2227489361553684,-0.260201,-0.000518,-0.001601,-0.965553,0.999994,0.003362,-0.000167,-0.002823,0.864586,0.502477,0.023409,1.158872,2.819134,-9.695440507755432,-23.797154523635523,1.8203059870251712,-0.085945,-0.204103,-0.001934,0.975168,0.916676,0.031311,0.398402,0.038855,0.98522,-0.166831,0.26523,1.140693,2.877233,-11.249052566017966,-15.927057501851037,26.438519148129412,-0.126021,-0.112026,0.212164,0.962578,0.884874,0.436683,0.162193,-0.380213,0.878211,-0.290145,F,BuildTutorial
48.14,0.169604,1.553762,2.672555,30.2647665330506,-0.014443777774277,0.0831067746457323,-0.26105,0.000311,-0.000733,-0.965325,0.999999,0.001252,0.000983,-0.001577,0.863704,0.503996,0.022911,1.159333,2.820554,-9.368057664964232,-23.439193468803513,1.7349033889023904,-0.083014,-0.20121,-0.001811,0.976022,0.919022,0.029872,0.393072,0.036941,0.986211,-0.161319,0.268587,1.138008,2.877762,-9.703145564807786,-15.403683078856282,26.639119242682444,-0.112322,-0.110637,0.216456,0.963478,0.881812,0.441956,0.164567,-0.392248,0.881061,-0.264336,F,BuildTutorial
48.175,0.16985,1.553485,2.673069,30.38693836485603,-0.0149259844800245,0.0775223144488903,-0.262079,0.000303,-0.000687,-0.965046,0.999999,0.001167,0.000944,-0.001484,0.862628,0.505836,0.02545,1.158481,2.822204,-7.755955919928216,-20.983774984189132,3.883008026428748,-0.072618,-0.179322,0.020928,0.980883,0.934811,0.0671,0.348749,-0.015011,0.988577,-0.149966,0.274177,1.136103,2.880537,-8.73304895266972,-13.228112188149767,23.9537681006133,-0.097816,-0.096652,0.196959,0.97072,0.903731,0.401292,0.149113,-0.363476,0.903278,-0.227977,F,BuildTutorial
48.208,0.170024,1.553155,2.673547,30.5958254072221,0.0307546815975779,0.1775850527106781,-0.263838,0.00015,-0.001424,-0.964566,0.999996,0.002667,0.001041,-0.002826,0.860775,0.508978,0.028782,1.158183,2.824465,-6.432006306447983,-17.99815720940962,4.770166197176312,-0.061861,-0.153731,0.032271,0.985646,0.950651,0.082636,0.299056,-0.044597,0.990264,-0.131868,0.280945,1.13568,2.881511,-9.302292189875182,-10.3525029839405,19.86633915569607,-0.095059,-0.074644,0.164024,0.979024,0.935049,0.335359,0.114973,-0.306976,0.928119,-0.210618,F,BuildTutorial
48.241,0.170174,1.552834,2.674296,30.736618537726795,0.047833444962224,0.3184500242065236,-0.265023,0.000334,-0.002569,-0.964239,0.999987,0.004778,0.002005,-0.005131,0.859512,0.511089,0.031917,1.159899,2.825563,-7.60997025176573,-16.419505095944007,5.790817701608536,-0.072794,-0.138983,0.040421,0.986788,0.9581,0.100009,0.268409,-0.05954,0.986134,-0.1549,0.282447,1.134509,2.881746,-8.076428924204018,-10.08777079663954,19.655482978576327,-0.084089,-0.07444,0.163503,0.98013,0.935451,0.333028,0.118425,-0.30799,0.932392,-0.189178,F,BuildTutorial
48.275,0.17034,1.552385,2.675168,30.944987880599623,0.0198969253103969,0.4868190634863009,-0.266774,0.000966,-0.004048,-0.96375,0.999965,0.007287,0.004021,-0.008318,0.85763,0.5142,0.034457,1.163418,2.82459,-10.327994745881687,-15.633257004071844,6.352892650645318,-0.096539,-0.130302,0.042451,0.98585,0.962439,0.108858,0.248719,-0.058542,0.977756,-0.201408,0.284424,1.135109,2.881303,-7.56178421030229,-9.798847305692329,13.972623260990098,-0.075578,-0.076597,0.115334,0.987481,0.961662,0.239359,0.133843,-0.216203,0.961972,-0.166932,F,BuildTutorial
48.308,0.170399,1.551989,2.675985,31.20211060185732,-0.0787358290029323,0.5706313373943007,-0.268931,0.002001,-0.004981,-0.963145,0.999942,0.008519,0.006534,-0.010672,0.855303,0.518019,0.036448,1.166732,2.821405,-13.219145822689583,-14.152290593089612,8.769828018522245,-0.123248,-0.113278,0.061232,0.983986,0.966837,0.148426,0.207835,-0.092581,0.962121,-0.25642,0.287875,1.139766,2.879906,-9.827502749203772,-7.595025605335109,6.133759064968183,-0.088876,-0.06132,0.047523,0.993017,0.987963,0.105282,0.113336,-0.083482,0.979685,-0.182338,F,BuildTutorial
48.341,0.170394,1.551553,2.676887,31.38270559513701,-0.2510767568313725,0.491755159411704,-0.270443,0.00327,-0.004724,-0.962719,0.999934,0.007327,0.008852,-0.010865,0.853676,0.520691,0.037906,1.16845,2.819933,-14.270071455663976,-13.567632314048012,10.562975129717811,-0.133604,-0.105358,0.076087,0.982477,0.966221,0.177659,0.186692,-0.121355,0.952722,-0.278558,0.290225,1.146684,2.877182,-13.697698686404088,-5.3092951905285295,2.6818701570426784,-0.120166,-0.043185,0.017688,0.991656,0.995644,0.045459,0.081399,-0.024701,0.970494,-0.239855,F,BuildTutorial
48.374,0.170237,1.551203,2.677714,31.58580286402433,-0.4341827385573868,0.3958245377601472,-0.272145,0.004586,-0.004355,-0.962236,0.99992,0.005885,0.011196,-0.010877,0.851836,0.523696,0.038059,1.167622,2.819196,-13.87194189378616,-13.35029207217441,12.147175343829057,-0.131477,-0.102051,0.090361,0.981903,0.962841,0.204286,0.176648,-0.150616,0.949097,-0.276639,0.28892,1.151603,2.873579,-16.42938620847304,-4.776617401807244,2.634141282395118,-0.143669,-0.037952,0.016777,0.988756,0.996556,0.044081,0.07023,-0.022271,0.958156,-0.28538,F,BuildTutorial
48.407,0.170201,1.550926,2.678493,31.71379761477505,-0.5950335694453314,0.3409628809086544,-0.273216,0.005808,-0.004281,-0.961926,0.999896,0.005063,0.013513,-0.01141,0.850669,0.525578,0.03828,1.1673,2.818109,-14.738832885124932,-12.755669810526156,13.009407168306936,-0.139132,-0.095017,0.097497,0.980871,0.962932,0.217704,0.15927,-0.164824,0.942273,-0.291469,0.286863,1.154403,2.870396,-17.768266188442905,-4.519382908231364,1.8200467633809791,-0.154916,-0.0365,0.009591,0.987207,0.997152,0.030245,0.069095,-0.007627,0.951818,-0.306568,F,BuildTutorial
48.441,0.170238,1.55057,2.679097,31.847429896866615,-0.7317686661971251,0.3112639203713191,-0.274334,0.006886,-0.004364,-0.9616,0.999867,0.004614,0.015637,-0.012171,0.849444,0.527539,0.040375,1.166768,2.81701,-16.38745460762975,-11.807148253606645,10.3985923786382,-0.150407,-0.088539,0.074621,0.98182,0.973185,0.173164,0.151412,-0.119896,0.943619,-0.30856,0.286008,1.156887,2.867712,-18.954847498856207,-3.6605967102988464,-0.6169847593240616,-0.164403,-0.032389,-0.010567,0.985805,0.997679,-0.010185,0.067334,0.031485,0.94572,-0.323454,F,BuildTutorial
48.474,0.170347,1.550316,2.679663,31.963017839273743,-0.7763680737090161,0.3133393006210697,-0.275302,0.007266,-0.004494,-0.96132,0.999854,0.00464,0.016445,-0.012642,0.848378,0.529241,0.042512,1.165473,2.815359,-17.938195078742968,-10.995930610223636,7.92986876337666,-0.161357,-0.083682,0.053085,0.981908,0.980359,0.131254,0.147204,-0.077244,0.942292,-0.325759,0.287316,1.158695,2.866444,-19.7977002669356,-1.6390679842136784,-3.3409455870175964,-0.171408,-0.019095,-0.031172,0.984522,0.997327,-0.054834,0.048285,0.067926,0.939295,-0.33632,F,BuildTutorial
48.507,0.170611,1.55017,2.680097,32.02720883100491,-0.7291800858432418,0.3658402155464106,-0.275839,0.006997,-0.004824,-0.961166,0.999856,0.005413,0.016111,-0.013133,0.84778,0.530186,0.044574,1.163684,2.814077,-18.182037575712624,-10.00233412968376,7.223812941380251,-0.162512,-0.075994,0.048223,0.982593,0.983799,0.119467,0.133669,-0.070067,0.942529,-0.326695,0.290206,1.159569,2.866299,-19.72755657217825,1.055267315920717,-6.226562886902901,-0.171539,-0.000244,-0.05193,0.983808,0.994607,-0.102094,0.018296,0.102261,0.935755,-0.337498,F,BuildTutorial
48.541,0.170903,1.550024,2.680311,32.07771942497066,-0.6179630692353051,0.3903813567879387,-0.276266,0.006124,-0.004764,-0.96105,0.99988,0.005773,0.014404,-0.012541,0.847308,0.530953,0.046766,1.160922,2.813253,-17.33649431642483,-8.914000433314246,8.063978179248656,-0.155287,-0.066068,0.057617,0.983972,0.984631,0.133906,0.112125,-0.092868,0.945132,-0.31321,0.292242,1.159014,2.866832,-18.685348298496557,2.93064484724742,-7.456350459416291,-0.163583,0.014627,-0.059997,0.984595,0.992373,-0.122932,-0.009173,0.113361,0.939282,-0.32388,F,BuildTutorial
48.574,0.171209,1.549837,2.680362,32.14907104135589,-0.4802074110356509,0.458261263584338,-0.276867,0.005134,-0.005003,-0.960882,0.999897,0.006773,0.012636,-0.012458,0.846639,0.532022,0.049112,1.157924,2.81279,-16.77394033449094,-8.141693053358317,8.321177237408673,-0.150202,-0.05949,0.061268,0.98496,0.985414,0.138565,0.098785,-0.102823,0.947371,-0.303176,0.292627,1.157511,2.867854,-17.202779763009467,3.0366174152766616,-7.304112713478117,-0.150872,0.016622,-0.059004,0.986651,0.992484,-0.121449,-0.014995,0.111418,0.947512,-0.299678,F,BuildTutorial
48.607,0.171428,1.549735,2.680219,32.170487319788926,-0.3854287438288826,0.524523964505156,-0.277048,0.0045,-0.00533,-0.960831,0.999903,0.00775,0.011601,-0.012736,0.846432,0.532344,0.051817,1.155569,2.811576,-17.403261794504434,-8.101246851055528,6.505851199532709,-0.15463,-0.061149,0.045281,0.985038,0.988421,0.108117,0.106465,-0.070295,0.948079,-0.310171,0.291088,1.156159,2.868846,-16.79314117876585,1.903219345167418,-5.650075264597303,-0.146636,0.009214,-0.046329,0.988062,0.995537,-0.094255,-0.00462,0.08885,0.952703,-0.290624,F,BuildTutorial
48.641,0.171576,1.549689,2.680179,32.17426891503776,-0.35494374875502,0.576839224554905,-0.277079,0.004371,-0.005695,-0.96082,0.999897,0.008521,0.011556,-0.013366,0.846389,0.532397,0.054846,1.153329,2.810581,-17.85671944577092,-8.081763663084669,4.862080027929891,-0.157627,-0.062985,0.030872,0.985004,0.99016,0.080675,0.114349,-0.040962,0.948402,-0.314415,0.291541,1.15749,2.868714,-18.33489899067414,2.177196993752445,-4.434498388702455,-0.159898,0.012579,-0.035163,0.986427,0.997211,-0.073393,-0.013571,0.065348,0.946392,-0.316341,F,BuildTutorial
48.674,0.171621,1.549726,2.680083,32.13216960240684,-0.3538761466713164,0.581150994379386,-0.276726,0.004371,-0.005728,-0.960922,0.999896,0.008589,0.01157,-0.013427,0.84678,0.531774,0.057758,1.149967,2.810518,-16.90027306594794,-8.800800869019616,4.220935320390979,-0.149211,-0.070446,0.025052,0.985975,0.98882,0.070424,0.131439,-0.028379,0.954217,-0.297766,0.294314,1.159089,2.86881,-19.33087299483451,3.8444035308856193,-4.276171785792631,-0.168917,0.026783,-0.03113,0.984774,0.996627,-0.070359,-0.042233,0.052263,0.940996,-0.334359,F,BuildTutorial
48.707,0.171694,1.549701,2.679964,32.10721895414862,-0.398215651603816,0.5691487512592853,-0.276515,0.004713,-0.005734,-0.960981,0.99989,0.008415,0.012229,-0.013628,0.847014,0.531396,0.059343,1.146201,2.810013,-15.60979925249527,-10.079019022861294,4.996221059085754,-0.13894,-0.08105,0.031098,0.986488,0.984927,0.083879,0.151269,-0.038834,0.959457,-0.279167,0.295702,1.157474,2.869957,-18.4041246026323,4.165435065960784,-4.363939222321192,-0.161061,0.029764,-0.031751,0.985984,0.996212,-0.072199,-0.048465,0.053024,0.946102,-0.319498,F,BuildTutorial
48.741,0.1718,1.549687,2.679694,32.12558266880465,-0.4507555927766478,0.5765224359939498,-0.276666,0.005172,-0.005923,-0.960934,0.999876,0.008522,0.013218,-0.014246,0.846842,0.531655,0.060893,1.143136,2.809741,-14.830795037687112,-10.42786760216247,4.316961928758994,-0.131831,-0.08521,0.025474,0.987275,0.984181,0.072765,0.161534,-0.027832,0.963944,-0.264648,0.295071,1.153961,2.871743,-16.5498603905115,3.01038169545964,-3.28222437530489,-0.144559,0.021863,-0.024552,0.98895,0.997838,-0.054883,-0.036143,0.042241,0.957,-0.286997,F,BuildTutorial
48.774,0.171916,1.549747,2.679514,32.08413528491401,-0.51141528570619,0.540702643374045,-0.276317,0.005593,-0.005768,-0.961033,0.999871,0.007995,0.013937,-0.014177,0.847231,0.531035,0.062107,1.140572,2.809819,-14.10818041328792,-9.929916678554449,4.536382870154816,-0.125649,-0.080982,0.02851,0.988353,0.985258,0.076707,0.152914,-0.036006,0.966799,-0.252989,0.294052,1.151857,2.872876,-15.936014802406712,2.0873143688800653,-2.4419607947187227,-0.13895,0.015081,-0.018575,0.99001,0.998855,-0.040969,-0.024698,0.032588,0.960696,-0.275685,F,BuildTutorial
48.808,0.172018,1.549892,2.679676,31.985412646786475,-0.564694806697215,0.5277665500965383,-0.275487,0.006006,-0.005785,-0.961269,0.999861,0.007812,0.014734,-0.01443,0.848147,0.529565,0.062127,1.138496,2.810051,-13.268962661720986,-9.958687596029645,5.602729997237842,-0.119175,-0.080487,0.038347,0.988862,0.984103,0.095024,0.15004,-0.056656,0.968654,-0.241869,0.294149,1.151254,2.872854,-16.33582911682836,1.933088001362868,-0.9501805242785802,-0.142188,0.015519,-0.00581,0.989701,0.999451,-0.015913,-0.029067,0.007086,0.959498,-0.281628,F,BuildTutorial
48.841,0.17227,1.549767,2.679716,31.99407821526428,-0.5891181299812166,0.4428889999359784,-0.275563,0.006007,-0.005132,-0.961251,0.999875,0.006556,0.014376,-0.013177,0.848078,0.529708,0.059867,1.137088,2.8113,-12.52158731299761,-10.472782306592515,5.460316588438162,-0.112797,-0.085445,0.037209,0.989238,0.982629,0.092893,0.160656,-0.054341,0.971785,-0.229525,0.29297,1.149439,2.873505,-15.569171297272351,1.0999908112363967,1.1657714110033142,-0.135339,0.010888,0.011379,0.990674,0.999504,0.019599,-0.024654,-0.025494,0.963108,-0.267907,F,BuildTutorial
48.874,0.172445,1.549622,2.679762,32.07115546614533,-0.5668191561744785,0.4331288415370863,-0.276211,0.005798,-0.004999,-0.961067,0.999883,0.006406,0.013906,-0.012812,0.847365,0.530856,0.057557,1.135775,2.811842,-12.11681625942216,-11.031949541393187,4.655247725329742,-0.108849,-0.091241,0.030063,0.989406,0.981543,0.079352,0.174003,-0.039627,0.974496,-0.220877,0.292241,1.148691,2.873769,-15.300777522553553,0.7225748759269152,1.120587702412181,-0.133058,0.007551,0.010531,0.991024,0.999664,0.018863,-0.017768,-0.022882,0.964369,-0.263569,F,BuildTutorial
48.907,0.172645,1.549511,2.680026,32.11927056615736,-0.5223288612097448,0.395904718737867,-0.276618,0.005336,-0.004581,-0.960954,0.999901,0.005852,0.01279,-0.011757,0.846923,0.531586,0.056032,1.134236,2.81225,-11.605250541064144,-11.278384793584506,3.436911523832389,-0.103499,-0.094699,0.01976,0.989914,0.981283,0.058725,0.183398,-0.01952,0.977795,-0.208652,0.293367,1.150061,2.872577,-16.227634110850058,1.318389401685331,0.1163604054705569,-0.141119,0.011533,0.002629,0.989922,0.99972,0.001951,-0.023575,-0.008461,0.960157,-0.279332,F,BuildTutorial
48.941,0.172992,1.549433,2.680391,32.10004693290406,-0.4533629693511701,0.4314337813819987,-0.276458,0.004843,-0.004712,-0.961002,0.999909,0.006379,0.011913,-0.011734,0.847097,0.531308,0.054428,1.132912,2.813175,-10.96857456462703,-11.628501895595967,2.65057821970293,-0.097388,-0.098614,0.013225,0.990261,0.980201,0.0454,0.192731,-0.006984,0.980681,-0.195488,0.293017,1.150507,2.871887,-16.466511481335097,1.2741137071221418,0.6388068097140731,-0.143131,0.011802,0.007109,0.989608,0.99962,0.010693,-0.025395,-0.01745,0.958926,-0.283119,F,BuildTutorial
48.974,0.173393,1.549154,2.68058,32.186873861554005,-0.4065105562402278,0.4557932077625877,-0.277187,0.004511,-0.004805,-0.960793,0.999913,0.006732,0.011331,-0.011733,0.846288,0.532596,0.052118,1.132059,2.814609,-10.61353007178974,-12.187781208100764,2.0657921346973533,-0.093856,-0.104028,0.008031,0.990103,0.978227,0.03543,0.20449,0.003625,0.982253,-0.187526,0.29311,1.149855,2.871744,-15.94095949906193,1.3483353477734148,0.2549802467597045,-0.138627,0.011961,0.003835,0.990265,0.999685,0.004279,-0.024752,-0.010912,0.961536,-0.274464,F,BuildTutorial
49.007,0.173754,1.548795,2.680516,32.314535505139915,-0.3674973628286487,0.4026024452824737,-0.278261,0.004058,-0.004267,-0.960488,0.999931,0.005939,0.010171,-0.010456,0.845105,0.534498,0.050412,1.129938,2.816108,-9.874640557469354,-12.61736293648977,0.7990598579937797,-0.086306,-0.108878,-0.002552,0.990298,0.976278,0.01374,0.216083,0.023848,0.985089,-0.170383,0.293979,1.149093,2.871963,-15.53080520767768,2.0214399912371,-0.2897991948222643,-0.13514,0.017136,-0.000122,0.990678,0.999413,-0.004873,-0.033919,-0.00439,0.963474,-0.267765,F,BuildTutorial
49.041,0.174057,1.548463,2.680276,32.41790218080542,-0.3699049422966298,0.3190956759999921,-0.27913,0.003877,-0.003575,-0.960239,0.999944,0.0047,0.009442,-0.009029,0.844148,0.536035,0.048275,1.12724,2.819101,-8.953514592113718,-12.746917634320477,-1.8956402548141031,-0.075731,-0.111938,-0.025053,0.990509,0.973685,-0.032675,0.225545,0.066584,0.987274,-0.144417,0.294311,1.148075,2.872617,-15.253645959180249,2.5122374639567666,0.1392969673077485,-0.132662,0.021889,0.004114,0.990911,0.999008,0.002346,-0.044472,-0.013962,0.964768,-0.262732,F,BuildTutorial
49.074,0.174317,1.548178,2.680035,32.509890294184295,-0.3747247604419025,0.3093511317875144,-0.279901,0.003895,-0.003507,-0.960015,0.999945,0.004553,0.009442,-0.008914,0.843286,0.537391,0.046082,1.124603,2.822309,-8.085704314866074,-12.74582212501468,-4.710985005397863,-0.065457,-0.113509,-0.048563,0.990188,0.969515,-0.081314,0.231148,0.111033,0.986714,-0.118604,0.293938,1.146498,2.873336,-14.851913671206932,2.207372254228546,1.4217791021652268,-0.128974,0.020702,0.01479,0.991322,0.998705,0.023984,-0.044859,-0.034664,0.966294,-0.255097,F,BuildTutorial
49.109,0.174469,1.54777,2.67988,32.57471067999115,-0.3847700651236717,0.3232081335994979,-0.280443,0.004014,-0.003649,-0.959855,0.999941,0.004754,0.009753,-0.009257,0.842677,0.53834,0.046307,1.119803,2.825264,-6.353663880919189,-11.28973171540774,-8.519226379210776,-0.047702,-0.102036,-0.079238,0.990472,0.96662,-0.147232,0.209687,0.166701,0.982892,-0.078325,0.292134,1.145177,2.874083,-14.566671811857208,1.133841016863247,2.722124295386962,-0.126501,0.012823,0.024814,0.991573,0.99844,0.045966,-0.031707,-0.052454,0.966764,-0.250233,F,BuildTutorial
49.141,0.174652,1.547134,2.679523,32.772274359462706,-0.3975708950469004,0.3292159121144388,-0.282097,0.004139,-0.003735,-0.95937,0.999938,0.00483,0.010049,-0.009501,0.840815,0.54124,0.047779,1.11559,2.828198,-4.962741861830191,-8.813731207994984,-12.650841115810872,-0.034446,-0.081055,-0.113053,0.989678,0.961298,-0.218188,0.168225,0.229356,0.972065,-0.049853,0.288764,1.14281,2.875063,-13.733409619438715,-0.8897298784390909,4.748647833715926,-0.119773,-0.002749,0.040202,0.991983,0.996752,0.080418,-0.004177,-0.079102,0.968076,-0.237847,F,BuildTutorial
49.174,0.174803,1.546347,2.678997,33.044276064111195,-0.4227856392346673,0.3432558567953001,-0.284372,0.004389,-0.003921,-0.958696,0.999931,0.005022,0.010645,-0.010014,0.838235,0.545218,0.04814,1.115755,2.829993,-6.20724112227518,-7.685401930105328,-16.316760678394992,-0.043977,-0.073908,-0.144975,0.985691,0.94704,-0.279301,0.158453,0.292302,0.954097,-0.065265,0.284396,1.139155,2.875855,-12.137041705081964,-3.7089953937840394,7.197861282596538,-0.107474,-0.025484,0.058973,0.99213,0.991746,0.122495,0.037891,-0.111539,0.969943,-0.216263,F,BuildTutorial
49.207,0.175008,1.545956,2.678599,33.247755395200784,-0.4423095577120123,0.2961962990226252,-0.286075,0.004438,-0.003581,-0.95819,0.999935,0.004324,0.010555,-0.009403,0.836297,0.548196,0.049277,1.118569,2.829898,-8.173699468565546,-6.38852074079395,-18.949352906369736,-0.061038,-0.066535,-0.167855,0.981668,0.934796,-0.321434,0.151121,0.337678,0.936198,-0.097502,0.282564,1.138316,2.876279,-12.04413878121722,-4.832792460727377,8.674237786628956,-0.107689,-0.033882,0.07073,0.991087,0.987699,0.147496,0.051927,-0.132901,0.966801,-0.21825,F,BuildTutorial
49.241,0.175203,1.545996,2.67827,33.217314171131335,-0.4035994131102708,0.173545807461347,-0.285826,0.003808,-0.002458,-0.958271,0.999959,0.002533,0.008704,-0.006887,0.836595,0.547779,0.050445,1.121739,2.8296,-8.907047226708407,-5.5296591887161775,-18.963925813093255,-0.068578,-0.060211,-0.167743,0.981598,0.936474,-0.321054,0.141214,0.33757,0.934319,-0.114431,0.284485,1.141056,2.876369,-13.404154452550117,-3.672312008275575,8.359503116535466,-0.118656,-0.023236,0.068621,0.990289,0.989502,0.141424,0.029736,-0.130396,0.962424,-0.238196,F,BuildTutorial
49.275,0.17536,1.54684,2.678153,32.853615315759015,-0.3258564489859589,0.1318751426764529,-0.282786,0.003053,-0.001908,-0.959177,0.999974,0.001933,0.006936,-0.005387,0.840058,0.542471,0.050506,1.124391,2.8286,-9.218618838477193,-5.944295062580124,-16.801651472164732,-0.071841,-0.062853,-0.149551,0.984136,0.947368,-0.285327,0.145199,0.303388,0.944947,-0.122604,0.284985,1.141876,2.876344,-13.384364497440608,-3.667580336141022,7.991133325108047,-0.118407,-0.023589,0.065449,0.990525,0.99032,0.135243,0.031231,-0.124071,0.963393,-0.237657,F,BuildTutorial
49.307,0.175484,1.547797,2.67798,32.48611504849926,-0.2653124949923925,0.1458991367794576,-0.279709,0.002579,-0.00187,-0.96008,0.99998,0.002147,0.005998,-0.005033,0.843518,0.537077,0.050428,1.126271,2.827351,-9.58445925850196,-6.535587442880267,-15.153249039855428,-0.075189,-0.067305,-0.135898,0.98557,0.954004,-0.257753,0.153104,0.277995,0.951757,-0.129914,0.284968,1.14171,2.87616,-13.018679348706064,-3.9919662511216063,7.677711006148843,-0.115359,-0.026942,0.062539,0.990987,0.990726,0.130167,0.038969,-0.117735,0.965562,-0.232009,F,BuildTutorial
49.34,0.175474,1.548483,2.677739,32.2382389062824,-0.1830326081890433,0.1228052373157033,-0.277633,0.001832,-0.001473,-0.960684,0.999989,0.001813,0.004338,-0.003847,0.845836,0.53343,0.051496,1.126934,2.826066,-9.95799302999106,-6.818541067747286,-14.777227274581096,-0.078299,-0.069893,-0.133005,0.985543,0.954849,-0.251218,0.158594,0.273109,0.952358,-0.135742,0.285965,1.142074,2.876282,-13.156263940629229,-3.490489494343638,7.191655500865174,-0.116177,-0.023014,0.058794,0.99122,0.992027,0.121904,0.031962,-0.111209,0.966092,-0.23302,F,BuildTutorial
49.374,0.175368,1.548619,2.677405,32.170954278771056,-0.129796386700845,0.1628108102470245,-0.277069,0.001482,-0.001679,-0.960847,0.99999,0.002406,0.003778,-0.004048,0.84646,0.532438,0.052793,1.126838,2.825055,-10.31344385034293,-6.877611212643544,-15.302197674170566,-0.080966,-0.071153,-0.137706,0.984591,0.951949,-0.259646,0.162413,0.28269,0.948963,-0.13984,0.287323,1.142344,2.876505,-13.232141205114084,-2.798415062209009,6.752796605985816,-0.11641,-0.01743,0.055677,0.991486,0.993193,0.114464,0.0216,-0.106348,0.966698,-0.232778,F,BuildTutorial
49.407,0.175377,1.548216,2.676857,32.37043507762097,-0.09404316029296,0.2498865892404422,-0.278741,0.001396,-0.002323,-0.960363,0.999985,0.003685,0.003976,-0.005241,0.844596,0.535378,0.054474,1.126074,2.824265,-10.335515168086928,-6.758716734464021,-15.535122414615314,-0.081156,-0.070321,-0.139632,0.984364,0.951116,-0.263483,0.161107,0.286311,0.947833,-0.140135,0.287551,1.14158,2.876706,-12.86573919804623,-2.699163837413542,6.651374719425329,-0.113177,-0.016867,0.054996,0.991908,0.993382,0.11292,0.021012,-0.105284,0.968333,-0.226378,F,BuildTutorial
49.441,0.175337,1.54746,2.676482,32.720962261035794,-0.0904032967421998,0.3490604283552488,-0.281676,0.001615,-0.003145,-0.959503,0.999975,0.005126,0.004871,-0.006946,0.841298,0.540528,0.057086,1.124002,2.823582,-9.707029509989937,-6.1724624418494685,-15.627690360137665,-0.076408,-0.064634,-0.139784,0.985112,0.952566,-0.265529,0.148704,0.285283,0.949245,-0.132471,0.287358,1.141306,2.876526,-12.766391725521263,-2.810935731342497,6.536980707024306,-0.112353,-0.017999,0.053922,0.992041,0.993537,0.111031,0.023594,-0.102942,0.968938,-0.224859,F,BuildTutorial
49.473,0.175211,1.546784,2.676234,33.09627688008114,-0.1127358572971854,0.3741456226733782,-0.284816,0.001873,-0.00341,-0.958574,0.99997,0.00547,0.005534,-0.007604,0.837736,0.546022,0.058331,1.122726,2.824221,-8.954684562340324,-5.73132463825702,-15.400138487239277,-0.070586,-0.059839,-0.137279,0.9862,0.955147,-0.262322,0.137408,0.279217,0.952344,-0.122795,0.2876,1.141926,2.876231,-13.135389725523474,-2.456862046337523,6.327881311329693,-0.115352,-0.014954,0.05237,0.991831,0.994068,0.107335,0.017582,-0.100435,0.967903,-0.230386,F,BuildTutorial
49.507,0.17513,1.546799,2.676319,33.0878637776529,-0.1718148202361341,0.3282650871352541,-0.284745,0.002253,-0.003173,-0.958596,0.99997,0.004799,0.006126,-0.007366,0.837821,0.545895,0.058654,1.122437,2.824553,-8.665470667200385,-5.9229231826146025,-15.022278566463214,-0.068066,-0.060937,-0.134041,0.986756,0.95664,-0.256235,0.138507,0.272826,0.9548,-0.117993,0.287881,1.142562,2.875928,-13.299570651784308,-2.09489753611342,6.118977869499211,-0.116585,-0.011952,0.050891,0.991804,0.994535,0.103735,0.011841,-0.098161,0.967636,-0.232475,F,BuildTutorial
49.54,0.175023,1.547566,2.67651,32.78785019006483,-0.1981940505741491,0.302782952446706,-0.282234,0.002405,-0.003023,-0.959338,0.99997,0.004442,0.006321,-0.007158,0.84067,0.541501,0.059286,1.123012,2.82378,-8.876748722661983,-6.237141720178439,-15.004409588993983,-0.069529,-0.063864,-0.134154,0.986453,0.955848,-0.255792,0.144654,0.273554,0.954337,-0.12004,0.287865,1.142508,2.875522,-13.196882976498534,-2.1086186201594934,5.90816077056205,-0.11568,-0.012333,0.049074,0.991997,0.994879,0.100217,0.013115,-0.09451,0.96842,-0.23072,F,BuildTutorial
49.573,0.174861,1.548463,2.676507,32.41777805663648,-0.1919803899998242,0.3289296120615095,-0.279134,0.00241,-0.003224,-0.960244,0.999968,0.004846,0.006427,-0.007536,0.844148,0.536057,0.059806,1.123773,2.823462,-9.022524630392889,-5.893826308777743,-15.156372261311336,-0.071106,-0.061163,-0.135305,0.986355,0.955903,-0.25822,0.1399,0.275616,0.953273,-0.123721,0.287458,1.142152,2.875264,-13.049830598450146,-2.1080056164901286,5.761990900045245,-0.114391,-0.012542,0.04784,0.992204,0.995108,0.097803,0.013943,-0.092064,0.969252,-0.228198,F,BuildTutorial
49.607,0.17487,1.549107,2.676224,32.11181360985493,-0.1587341231676638,0.3835919088549019,-0.276569,0.002257,-0.0036,-0.960985,0.999964,0.005671,0.006329,-0.008167,0.846993,0.531541,0.059907,1.124614,2.823501,-8.990350538175052,-5.445910796665056,-15.178470418822195,-0.071346,-0.057285,-0.135206,0.986584,0.956875,-0.25861,0.132327,0.274958,0.953258,-0.125287,0.287362,1.14197,2.875021,-13.086334438304208,-1.881593699699353,5.459078181964394,-0.114584,-0.010868,0.045436,0.992315,0.995635,0.092664,0.011157,-0.087683,0.969612,-0.228395,F,BuildTutorial
49.641,0.17482,1.549592,2.675853,31.922018956925054,-0.1334420762019824,0.4756484262610563,-0.274976,0.002261,-0.004311,-0.961439,0.999953,0.007047,0.006719,-0.009533,0.84874,0.528725,0.060231,1.125397,2.823035,-9.06307033783559,-5.281696943656062,-15.216116826579906,-0.072148,-0.055976,-0.13545,0.986567,0.95704,-0.259183,0.129994,0.275338,0.952896,-0.127194,0.287327,1.141676,2.875088,-13.082814930896712,-1.6928540442498048,5.21990514265565,-0.114459,-0.009474,0.043554,0.992428,0.996027,0.088617,0.008834,-0.084279,0.970004,-0.22801,F,BuildTutorial
49.673,0.174815,1.550179,2.675538,31.67327490148452,-0.1189460155904154,0.5191827744968607,-0.272888,0.002235,-0.004642,-0.962032,0.999947,0.007712,0.006835,-0.010152,0.851021,0.525033,0.059067,1.126877,2.823382,-9.451643325537004,-5.486841615811993,-15.327195375396778,-0.075197,-0.058249,-0.136659,0.986041,0.955863,-0.260742,0.135424,0.278263,0.95134,-0.132374,0.286984,1.14135,2.875214,-12.975391582445884,-1.7163815033355787,5.1066164069788105,-0.113528,-0.009834,0.042568,0.992574,0.996182,0.086737,0.009857,-0.082272,0.970599,-0.226207,F,BuildTutorial
49.707,0.174833,1.551049,2.675047,31.291087060124735,-0.1154822084463434,0.5275583953246071,-0.269678,0.002212,-0.004705,-0.962937,0.999946,0.007868,0.006799,-0.010255,0.854504,0.519344,0.05873,1.128006,2.82294,-9.813630577519792,-5.51752413682169,-15.54891888290149,-0.078164,-0.059071,-0.138701,0.985476,0.954545,-0.264138,0.138109,0.282607,0.949305,-0.137671,0.28652,1.141121,2.875248,-12.829978086443283,-1.8401762391966048,5.0910438720446445,-0.112313,-0.01098,0.042337,0.99271,0.996174,0.086523,0.012289,-0.08159,0.971187,-0.223919,F,BuildTutorial
49.74,0.174832,1.552346,2.674522,30.735432269881183,-0.0811074743969777,0.5186734945190415,-0.265007,0.001882,-0.004552,-0.964234,0.999952,0.007782,0.006043,-0.009777,0.859502,0.51104,0.057615,1.129357,2.823386,-9.995188236536306,-5.564137373368915,-15.697773033930414,-0.079593,-0.059782,-0.14007,0.985125,0.953613,-0.266456,0.140083,0.285489,0.948091,-0.140071,0.286271,1.141303,2.875258,-12.83667331199135,-1.88454695403843,4.97754663114496,-0.112376,-0.011473,0.041309,0.99274,0.996324,0.084597,0.013496,-0.079439,0.97133,-0.224069,F,BuildTutorial
49.774,0.174826,1.553814,2.674059,30.067466969685416,-0.0470655924117888,0.4595980298780392,-0.259384,0.001437,-0.00398,-0.965765,0.999964,0.006941,0.004841,-0.008432,0.865408,0.500997,0.056706,1.130443,2.823339,-10.147219037417472,-5.902098197908097,-15.502239086691157,-0.080595,-0.062724,-0.138675,0.985058,0.95367,-0.263096,0.145927,0.283317,0.948547,-0.141385,0.286174,1.141732,2.875245,-12.941149098957982,-1.8247181458545416,4.931737442390385,-0.113255,-0.010959,0.040952,0.992661,0.996406,0.083786,0.012481,-0.078821,0.970993,-0.225745,F,BuildTutorial
49.807,0.174981,1.555599,2.673564,29.24551474854607,0.0594150922625466,0.3906807393257552,-0.252454,0.000359,-0.003168,-0.967604,0.99998,0.00595,0.002295,-0.006313,0.872514,0.488548,0.05593,1.131212,2.823404,-10.17423784320189,-6.112607381789295,-15.263481205449647,-0.080707,-0.064396,-0.13678,0.985206,0.954289,-0.259118,0.148964,0.279907,0.949555,-0.141411,0.286318,1.142313,2.875489,-13.107516525767862,-1.7311185759569765,4.825443808923,-0.114653,-0.01019,0.040095,0.992544,0.996577,0.081928,0.011034,-0.077255,0.970494,-0.228413,F,BuildTutorial
49.84,0.17514,1.557185,2.672819,28.510685563775063,0.2044717089254176,0.3068587241039835,-0.246247,-0.00107,-0.002156,-0.969204,0.999988,0.004706,-0.001013,-0.003652,0.878716,0.477331,0.055543,1.131749,2.823293,-10.167097011247256,-6.115403086058964,-15.107124889376523,-0.08073,-0.064302,-0.135435,0.985396,0.955045,-0.256532,0.148594,0.277297,0.95028,-0.141685,0.286924,1.143211,2.875877,-13.406466653538978,-1.3767899209673915,4.597658049895615,-0.117103,-0.007241,0.038433,0.992349,0.996941,0.077973,0.005371,-0.074582,0.96962,-0.232971,F,BuildTutorial
49.874,0.175336,1.558609,2.671885,27.89319379748185,0.3739169721529152,0.3574594490079945,-0.241025,-0.002415,-0.002241,-0.970514,0.999978,0.005514,-0.003607,-0.003186,0.883804,0.467846,0.055427,1.132125,2.822978,-10.270399233686724,-6.053933586241495,-15.14490474441838,-0.081671,-0.063914,-0.135753,0.9853,0.954972,-0.257075,0.148124,0.277954,0.949802,-0.143588,0.287838,1.143693,2.876491,-13.528221199395016,-1.0602699175533383,4.630157234797529,-0.118052,-0.004423,0.039023,0.992231,0.996915,0.078483,-0.000436,-0.076395,0.969082,-0.234614,F,BuildTutorial
49.907,0.175434,1.560301,2.671058,27.10375004210875,0.5500243365788757,0.437283306098916,-0.234339,-0.003772,-0.002585,-0.972144,0.999958,0.006793,-0.006123,-0.003257,0.890157,0.455642,0.054925,1.132672,2.822737,-10.567623567245624,-6.179023300690374,-15.341538826860804,-0.083969,-0.065461,-0.137639,0.984743,0.953541,-0.260085,0.152039,0.282072,0.948009,-0.147356,0.288237,1.14368,2.877341,-13.305530009416486,-1.132935246109638,4.826873305827146,-0.116157,-0.004933,0.04068,0.992385,0.996642,0.081886,0.00034,-0.079594,0.969706,-0.230946,F,BuildTutorial
49.94,0.175369,1.562031,2.670241,26.29267215609595,0.6304732237503161,0.4558047738442926,-0.227455,-0.004453,-0.002622,-0.973775,0.999947,0.007132,-0.007479,-0.003081,0.896515,0.443003,0.054766,1.13276,2.822198,-10.585645641645186,-6.2616044872833765,-15.505638634858244,-0.08393,-0.066311,-0.139116,0.984482,0.952499,-0.262784,0.153915,0.285046,0.947205,-0.146805,0.288007,1.143586,2.878235,-13.033553408162753,-1.5475962761280735,4.918340422247326,-0.113955,-0.008536,0.041095,0.992599,0.996477,0.083527,0.00758,-0.079636,0.970651,-0.226924,F,BuildTutorial
49.973,0.175278,1.563066,2.669145,25.816349877058094,0.7527224255999239,0.5404905726414874,-0.223412,-0.005349,-0.00313,-0.974704,0.999923,0.008492,-0.009029,-0.003711,0.900155,0.435555,0.054471,1.132594,2.821694,-10.388202045687184,-6.386653349636931,-15.380173979840352,-0.082153,-0.067073,-0.138056,0.98473,0.952883,-0.260875,0.154782,0.282916,0.948383,-0.143278,0.287975,1.144201,2.878879,-13.11523075438904,-1.6595861274295598,4.93682644356963,-0.114704,-0.009456,0.04113,0.992503,0.996438,0.083813,0.009334,-0.079475,0.970303,-0.228466,F,BuildTutorial
50.007,0.175127,1.563023,2.667851,25.87982535284678,0.8364408754210798,0.7910262753571451,-0.223967,-0.005568,-0.005093,-0.974568,0.999886,0.012421,-0.008571,-0.007433,0.899626,0.436599,0.054001,1.132599,2.821577,-10.223770557025729,-6.325117538837715,-15.330153113828004,-0.080841,-0.066325,-0.137521,0.984964,0.953378,-0.260184,0.152891,0.281631,0.949105,-0.141008,0.287624,1.144799,2.879458,-13.271984347560746,-1.7466349578874742,5.101687846176016,-0.116107,-0.009982,0.042443,0.992279,0.996198,0.086548,0.009954,-0.081912,0.969436,-0.231269,F,BuildTutorial
50.04,0.174975,1.562453,2.666552,26.166774939498673,0.8736436641086464,0.92881974228063,-0.226415,-0.005591,-0.006169,-0.973995,0.999861,0.014549,-0.008097,-0.009485,0.897396,0.441123,0.053683,1.132809,2.821427,-10.156872679216985,-6.237557781342479,-15.587423825446011,-0.080223,-0.065678,-0.139646,0.984759,0.952371,-0.264498,0.151759,0.285573,0.948127,-0.139657,0.286688,1.145015,2.880029,-13.186977957512791,-2.0912792732387264,5.188661841464041,-0.115508,-0.012913,0.042864,0.992297,0.995992,0.088051,0.015725,-0.082085,0.969641,-0.230344,F,BuildTutorial
50.074,0.174669,1.561988,2.6657,26.385958506536394,0.8575115550306617,0.914529012160878,-0.228276,-0.005464,-0.006062,-0.973562,0.999867,0.014297,-0.007871,-0.009308,0.895707,0.444548,0.054032,1.132963,2.820735,-10.192339796841503,-5.981108915214413,-15.842358718446643,-0.080699,-0.063694,-0.141669,0.984561,0.951746,-0.268684,0.148287,0.289244,0.946835,-0.140859,0.285405,1.145236,2.88017,-13.09914712954286,-2.536430931225425,5.227603169341841,-0.114919,-0.016765,0.042773,0.992312,0.995779,0.088741,0.023442,-0.081035,0.969928,-0.229505,F,BuildTutorial
50.107,0.174271,1.561885,2.665175,26.438433766275978,0.763531378925556,0.8019452894644518,-0.228712,-0.004886,-0.005289,-0.973467,0.999896,0.012532,-0.007093,-0.008062,0.895325,0.44534,0.053787,1.133561,2.820392,-10.31034082901354,-5.625554149770064,-16.031483538852044,-0.082053,-0.060911,-0.14308,0.984421,0.951636,-0.271706,0.143404,0.291698,0.945591,-0.144119,0.28425,1.146044,2.880176,-13.293756582953948,-2.763218386992378,5.320131877785722,-0.116703,-0.018553,0.043297,0.992049,0.995562,0.090237,0.026704,-0.081576,0.969012,-0.233157,F,BuildTutorial
50.141,0.173956,1.56209,2.664746,26.30613256711396,0.7300185541364144,0.7399389184267546,-0.227584,-0.004734,-0.004838,-0.973735,0.999908,0.011578,-0.007017,-0.007268,0.896365,0.443258,0.053167,1.134459,2.820014,-10.59066823385986,-5.572807787356297,-16.228920072853814,-0.084425,-0.060932,-0.144824,0.983964,0.950627,-0.274715,0.144364,0.295292,0.943797,-0.148493,0.283311,1.146965,2.879874,-13.53568975999055,-2.74900231155089,5.343030868482525,-0.118795,-0.018303,0.043448,0.991799,0.995555,0.090532,0.025983,-0.081834,0.968,-0.237232,F,BuildTutorial
50.174,0.173684,1.562375,2.66404,26.171936847877863,0.7397620537409726,0.7378529024010042,-0.226444,-0.00483,-0.00481,-0.974001,0.999907,0.011557,-0.00723,-0.007182,0.8974,0.441159,0.052531,1.134984,2.819238,-10.757200891591562,-5.701161517867721,-16.520104999883568,-0.085536,-0.062449,-0.14747,0.98338,0.948705,-0.279354,0.148051,0.300721,0.941872,-0.149811,0.282035,1.147222,2.879359,-13.474974696687667,-2.870342641680278,5.1980089536059,-0.118291,-0.019529,0.042083,0.991895,0.995695,0.088105,0.028784,-0.078865,0.968472,-0.236309,F,BuildTutorial
50.207,0.173294,1.562807,2.663505,25.97050732703423,0.743113983720855,0.7251482511881793,-0.224731,-0.004897,-0.004709,-0.974397,0.999908,0.011377,-0.007427,-0.006975,0.898948,0.438,0.051787,1.135292,2.818772,-10.847927580709651,-5.649415517688515,-16.769167776649127,-0.086247,-0.062302,-0.149596,0.983006,0.947479,-0.28336,0.148291,0.304854,0.940365,-0.150922,0.280424,1.146766,2.878886,-13.306179843953522,-3.0108639108765964,5.095197219029641,-0.116863,-0.020921,0.041094,0.992077,0.995747,0.086426,0.031907,-0.076646,0.969309,-0.233594,F,BuildTutorial
50.248,0.173004,1.563165,2.662788,25.77775402233978,0.7454912534845717,0.6840755064256405,-0.22309,-0.00501,-0.004368,-0.974775,0.999912,0.010752,-0.007819,-0.006281,0.900423,0.43497,0.051874,1.135112,2.817795,-10.925837964032649,-5.460552683315278,-16.921280942113796,-0.087082,-0.060893,-0.150781,0.98284,0.947115,-0.285781,0.145957,0.306992,0.939364,-0.152812,0.278628,1.14598,2.878313,-13.159286251347554,-3.2212916284456052,5.080800659584598,-0.115664,-0.022818,0.040797,0.992188,0.99563,0.086234,0.035842,-0.075677,0.969915,-0.231382,F,BuildTutorial
50.274,0.17285,1.563453,2.662037,25.591374628600068,0.7510158488785663,0.671055412743464,-0.221504,-0.005094,-0.004259,-0.975137,0.999912,0.010563,-0.008048,-0.00605,0.901836,0.432037,0.051823,1.134644,2.816916,-10.94055916239219,-5.355183710976304,-17.003372992663508,-0.087304,-0.06007,-0.151409,0.982774,0.946934,-0.287113,0.144508,0.30809,0.938907,-0.15341,0.276621,1.144961,2.877648,-12.949500326661736,-3.5050221027750648,5.09543214265182,-0.113952,-0.025347,0.040702,0.992329,0.995402,0.086556,0.041029,-0.075003,0.970717,-0.228218,F,BuildTutorial
50.307,0.172499,1.563545,2.661394,25.53390496909054,0.7446841241765408,0.6309799170553513,-0.221013,-0.005121,-0.003934,-0.97525,0.999917,0.009937,-0.00825,-0.005409,0.902276,0.431125,0.051265,1.13438,2.81636,-10.924765102788283,-5.320629398422553,-16.98234544130699,-0.087225,-0.059738,-0.151198,0.982834,0.947141,-0.286783,0.143801,0.307626,0.939062,-0.153391,0.274216,1.143564,2.876992,-12.59978015054008,-3.97560599547296,5.221640980861441,-0.111123,-0.029446,0.041447,0.992505,0.99483,0.088817,0.049239,-0.075728,0.971868,-0.223021,F,BuildTutorial
50.34,0.172012,1.563625,2.660752,25.471016792941484,0.7238770423094614,0.5627003081603861,-0.220474,-0.005079,-0.003397,-0.975374,0.999925,0.008867,-0.00841,-0.004387,0.902759,0.430124,0.050936,1.13437,2.815377,-10.943739371803709,-5.289331143364853,-17.009710549603508,-0.087415,-0.059514,-0.151414,0.982797,0.947064,-0.287214,0.143452,0.308024,0.938865,-0.153801,0.271578,1.142398,2.87638,-12.298630183551886,-4.515170146118008,5.296553978646269,-0.108732,-0.034178,0.041688,0.992608,0.994188,0.090192,0.058785,-0.075327,0.972879,-0.218706,F,BuildTutorial
50.373,0.171514,1.563857,2.660146,25.310422114467215,0.698602379336743,0.4907666493800027,-0.219103,-0.00501,-0.002843,-0.975685,0.999934,0.007743,-0.008531,-0.003352,0.903971,0.42758,0.050404,1.134818,2.814506,-10.983255213936005,-5.230248245829087,-16.96206990578367,-0.087857,-0.05902,-0.150971,0.982856,0.947449,-0.286395,0.142544,0.307136,0.938978,-0.154882,0.269138,1.141989,2.875946,-12.25261359086428,-4.8322938543595075,5.307206016183463,-0.108452,-0.036935,0.041498,0.992548,0.993827,0.090389,0.064319,-0.074366,0.973032,-0.218354,F,BuildTutorial
50.406,0.170789,1.564216,2.659514,25.064612862239912,0.6259136543315033,0.3944570024349729,-0.217004,-0.004585,-0.002175,-0.976158,0.999949,0.006235,-0.008007,-0.002256,0.905809,0.42368,0.049425,1.135353,2.813523,-11.045481333447208,-5.22662106229388,-16.87114394797443,-0.088443,-0.058996,-0.150205,0.982922,0.947916,-0.284844,0.142546,0.305715,0.939233,-0.156143,0.26702,1.141834,2.875649,-12.357213083621966,-4.978678645238004,5.3236540294985994,-0.109416,-0.038141,0.041458,0.992399,0.993653,0.090632,0.06663,-0.073939,0.972619,-0.220331,F,BuildTutorial
50.44,0.169893,1.564675,2.658808,24.838097234295855,0.5220942417016,0.2805370416454645,-0.215068,-0.003923,-0.001411,-0.97659,0.999965,0.004443,-0.007055,-0.001069,0.907488,0.420078,0.048473,1.135453,2.812138,-10.997450180458587,-5.278646750984877,-16.79828129661863,-0.088,-0.059327,-0.149607,0.983033,0.948196,-0.283695,0.142972,0.304578,0.939748,-0.155262,0.264797,1.141457,2.875094,-12.29119118983525,-5.192672879509323,5.247403395826775,-0.108895,-0.040096,0.040622,0.992413,0.993484,0.08936,0.070737,-0.071895,0.972984,-0.219395,F,BuildTutorial
50.473,0.168786,1.565055,2.658221,24.584002801547825,0.4296717893829051,0.1440519815637068,-0.212897,-0.003396,-0.00043,-0.977069,0.999977,0.002287,-0.006453,0.000605,0.909349,0.416034,0.047166,1.135381,2.810888,-10.893166094321089,-5.33248382087437,-16.70394947276119,-0.087083,-0.059589,-0.14881,0.98322,0.94861,-0.282247,0.143096,0.303004,0.940545,-0.153508,0.262153,1.141201,2.875386,-12.261415051544995,-5.323239910864184,5.1766021929417345,-0.108658,-0.041307,0.039898,0.992419,0.993404,0.088168,0.073317,-0.070215,0.973203,-0.218964,F,BuildTutorial
50.507,0.167465,1.565511,2.657804,24.290159841759884,0.375949507384946,0.0099908399609405,-0.210387,-0.003189,0.000605,-0.977613,0.999979,0.000159,-0.006489,0.002524,0.911474,0.411349,0.046206,1.134971,2.809153,-10.80867938090284,-5.308144822635387,-16.7227151817733,-0.086379,-0.059291,-0.148929,0.983282,0.94861,-0.282636,0.142327,0.303121,0.940718,-0.15221,0.259879,1.140958,2.875288,-12.320273232332568,-5.423138940351224,5.268447664860493,-0.109236,-0.042059,0.040572,0.992297,0.99317,0.089707,0.074607,-0.07133,0.972843,-0.220203,F,BuildTutorial
50.54,0.165942,1.566075,2.657299,23.999286781653193,0.340186263154567,-0.1384496745112395,-0.207901,-0.003155,0.001799,-0.978143,0.999974,-0.002208,-0.00692,0.004832,0.913548,0.406703,0.044807,1.134437,2.807568,-10.678893801332174,-5.252472890982423,-16.725010871240123,-0.085335,-0.058656,-0.148871,0.98342,0.948794,-0.282795,0.140775,0.302817,0.94111,-0.150377,0.257542,1.140643,2.875548,-12.319102425879194,-5.533139775541548,5.349214698732567,-0.109295,-0.042935,0.041167,0.992228,0.992924,0.091079,0.076205,-0.072309,0.97272,-0.220427,F,BuildTutorial
50.573,0.164264,1.566818,2.656867,23.636503069873346,0.3443100712884165,-0.2825722858656848,-0.204799,-0.003446,0.003029,-0.978793,0.999958,-0.004519,-0.007986,0.007341,0.916097,0.40089,0.043394,1.133544,2.805718,-10.394149050532432,-5.25206166392898,-16.549036731520808,-0.082978,-0.058176,-0.147281,0.98389,0.949848,-0.280162,0.13892,0.299471,0.942846,-0.146145,0.255262,1.140615,2.875612,-12.292880290009387,-5.606594665357147,5.2324334056964235,-0.10905,-0.043694,0.040098,0.992266,0.992966,0.089105,0.077966,-0.070046,0.973,-0.219918,F,BuildTutorial
50.607,0.162236,1.567684,2.656697,23.188259347880095,0.39466262609037,-0.436312587658667,-0.200962,-0.004139,0.004422,-0.97958,0.999927,-0.007,-0.009886,0.010327,0.91919,0.39368,0.041551,1.132281,2.803643,-9.994548641930914,-5.558742145432376,-15.726730025558306,-0.079579,-0.059755,-0.140315,0.985093,0.953482,-0.266937,0.140061,0.285957,0.947958,-0.140016,0.252767,1.140856,2.875304,-12.36154860699125,-5.673095721819751,5.262195006800885,-0.109679,-0.044211,0.04026,0.992167,0.992849,0.089586,0.078899,-0.07019,0.972699,-0.2212,F,BuildTutorial
50.64,0.159915,1.568872,2.656754,22.626453359640216,0.5032878631390457,-0.6106630459023387,-0.196145,-0.005352,0.006087,-0.980542,0.999869,-0.009838,-0.012883,0.014037,0.92298,0.384591,0.038964,1.130856,2.801725,-9.581155067915734,-6.14068386657558,-14.464805007616537,-0.076011,-0.063449,-0.129712,0.986596,0.958298,-0.246301,0.144917,0.265592,0.954794,-0.133525,0.250444,1.141255,2.875014,-12.486106285521776,-5.58792773921557,5.26248684503912,-0.110727,-0.043418,0.040286,0.992084,0.992984,0.089549,0.077226,-0.070319,0.972233,-0.2232,F,BuildTutorial
50.673,0.157421,1.569996,2.656878,22.08304838419404,0.7142871804507915,-0.7726006852409938,-0.191471,-0.007409,0.007811,-0.981439,0.999768,-0.012494,-0.017535,0.018169,0.926556,0.375719,0.03708,1.128644,2.799333,-9.145269741492,-6.474627247749131,-13.683289617073152,-0.072323,-0.065373,-0.123027,0.987603,0.961181,-0.233548,0.146921,0.25246,0.959268,-0.126767,0.248548,1.141916,2.874276,-12.572862657800489,-5.325426757650743,5.208912545930692,-0.111366,-0.041159,0.040037,0.992119,0.993406,0.08861,0.072753,-0.070275,0.97199,-0.224272,F,BuildTutorial
50.706,0.154795,1.57117,2.657253,21.515453981430134,1.0435176346295354,-0.8865564082130903,-0.186574,-0.01039,0.0093,-0.982342,0.999611,-0.014394,-0.023883,0.022148,0.930207,0.366366,0.035628,1.125241,2.796834,-8.411204543136975,-6.963812396001687,-13.254320639162142,-0.065721,-0.068613,-0.119309,0.988301,0.962115,-0.226808,0.151303,0.244845,0.962892,-0.113533,0.246849,1.142604,2.873199,-12.587903551429632,-4.98687051792815,5.090704624484668,-0.111338,-0.038336,0.039336,0.992264,0.993966,0.086599,0.06732,-0.069527,0.972113,-0.223969,F,BuildTutorial
50.74,0.152072,1.572494,2.657905,20.797842413327935,1.4748035355641318,-0.9943610338913104,-0.180369,-0.014224,0.010857,-0.983436,0.99936,-0.016222,-0.031893,0.026485,0.934699,0.354454,0.034461,1.121096,2.794144,-7.602645412168195,-7.535949792231317,-12.801860547368069,-0.058431,-0.072538,-0.115329,0.988951,0.962875,-0.219632,0.15695,0.236586,0.96657,-0.098839,0.245755,1.143178,2.871518,-12.633876398279371,-4.485195019380756,4.957282413081601,-0.111523,-0.034102,0.03865,0.992424,0.994687,0.08432,0.059067,-0.069107,0.972138,-0.223992,F,BuildTutorial
50.773,0.149454,1.573648,2.658471,20.15452185355884,2.016778914541181,-1.0974571896009084,-0.174775,-0.019002,0.012507,-0.984346,0.998965,-0.017981,-0.041782,0.031265,0.938595,0.343602,0.035821,1.117038,2.791137,-7.102458942103199,-6.983254399424573,-12.36166421779257,-0.054922,-0.067089,-0.111011,0.99003,0.966351,-0.21244,0.145034,0.227178,0.96932,-0.093853,0.244912,1.14356,2.869401,-12.58672607045034,-3.908205697697779,4.828920702541478,-0.110886,-0.029248,0.038115,0.992671,0.995384,0.082159,0.049615,-0.069186,0.972503,-0.222376,F,BuildTutorial
50.806,0.147094,1.574923,2.659138,19.538903523119448,2.614724333378508,-1.2100611630853972,-0.169393,-0.024275,0.014275,-0.985146,0.998414,-0.019903,-0.052665,0.036351,0.942204,0.333061,0.038427,1.112983,2.789102,-6.5107722016505525,-5.650387250672291,-11.75780989554583,-0.051379,-0.05476,-0.104921,0.991642,0.971986,-0.20246,0.119387,0.213714,0.972704,-0.090408,0.244527,1.14366,2.866759,-12.44530323178654,-3.213479897185987,4.809808722697579,-0.109424,-0.023303,0.038661,0.99297,0.995925,0.081878,0.037817,-0.071679,0.973064,-0.219111,F,BuildTutorial
50.84,0.144976,1.575915,2.659433,19.07862955227011,3.049797105677415,-1.354007515974271,-0.165344,-0.028199,0.016058,-0.985702,0.997894,-0.022332,-0.060902,0.040982,0.944807,0.325054,0.041284,1.108576,2.787783,-5.749568816344072,-4.435427323942081,-11.877849020621795,-0.045848,-0.043626,-0.105191,0.992436,0.974063,-0.20479,0.096237,0.212791,0.973666,-0.081825,0.24468,1.143882,2.863577,-12.22426957333128,-2.5171487255998395,4.706908443699162,-0.107256,-0.01745,0.038484,0.993333,0.996429,0.080198,0.026411,-0.072712,0.97403,-0.214424,F,BuildTutorial
50.873,0.143496,1.576888,2.659076,18.78735102271435,3.390055083308835,-1.4550372822530375,-0.162762,-0.031252,0.017349,-0.986018,0.997445,-0.024039,-0.067277,0.044386,0.946415,0.319889,0.043712,1.104263,2.788126,-4.7219786119130305,-3.138405490970037,-12.07021361455671,-0.038075,-0.031539,-0.106131,0.993122,0.975483,-0.208401,0.070727,0.213204,0.974573,-0.068932,0.245865,1.144567,2.859983,-12.099669058188312,-1.6070764104517696,4.577679435847149,-0.105856,-0.009726,0.038234,0.993599,0.996887,0.078038,0.011233,-0.07392,0.974665,-0.211101,F,BuildTutorial
50.907,0.142717,1.577751,2.65807,18.434043320681237,3.631792844171058,-1.4133077821029114,-0.159696,-0.033251,0.017243,-0.986455,0.997194,-0.023399,-0.071108,0.044639,0.9484,0.313918,0.044866,1.101413,2.790359,-3.8898121145777975,-2.5511819964915765,-12.38575209705437,-0.031332,-0.025779,-0.108538,0.993264,0.97511,-0.213998,0.058013,0.217228,0.974476,-0.056645,0.24783,1.145489,2.85591,-12.022990049790954,-0.6887516640116118,4.266472672318321,-0.104876,-0.002075,0.036389,0.993817,0.997343,0.072763,-0.003508,-0.071892,0.975354,-0.208605,F,BuildTutorial
50.94,0.142769,1.57891,2.656101,18.103399107289302,3.818357006453176,-1.408810171141516,-0.156822,-0.034831,0.017375,-0.98686,0.99697,-0.023368,-0.074196,0.045217,0.95021,0.308313,0.045701,1.100666,2.793569,-3.2787003218055704,-2.6221821692584006,-12.622811520109517,-0.025913,-0.025877,-0.110509,0.9932,0.974236,-0.218174,0.05713,0.220856,0.974233,-0.045753,0.250344,1.146608,2.851488,-12.075862624355794,0.0170289942186965,3.897899712365928,-0.105121,0.003725,0.033836,0.993877,0.997683,0.066475,-0.014518,-0.068041,0.975609,-0.208703,F,BuildTutorial
50.973,0.143736,1.580277,2.652966,17.718947025620526,3.966896017805507,-1.3934928571390612,-0.153492,-0.036067,0.017338,-0.987339,0.996797,-0.023165,-0.076543,0.045309,0.952279,0.301847,0.046523,1.102801,2.797255,-3.2978394626699745,-3.093254685476144,-12.578436604763306,-0.025636,-0.029968,-0.110234,0.993123,0.973901,-0.217416,0.065176,0.220489,0.974383,-0.044312,0.253115,1.147406,2.847045,-12.051313378223142,0.4085901589470713,3.861928936312136,-0.104794,0.007081,0.033883,0.993891,0.997604,0.065868,-0.021177,-0.068836,0.97574,-0.207827,F,BuildTutorial
51.007,0.145713,1.581888,2.648678,17.11543450663178,4.109632957380667,-1.5186025051240677,-0.148227,-0.037424,0.018431,-0.988073,0.99652,-0.025328,-0.079419,0.047517,0.955378,0.291538,0.048315,1.108349,2.801115,-4.140201235649093,-3.125463410515615,-12.57067667500783,-0.032908,-0.031043,-0.110347,0.992863,0.97372,-0.217077,0.068905,0.221163,0.973481,-0.058495,0.256761,1.148192,2.842896,-12.050782859287787,0.7003275715211507,3.88364190195208,-0.104701,0.009631,0.034338,0.993864,0.997456,0.066237,-0.026335,-0.070271,0.975717,-0.207455,F,BuildTutorial
51.04,0.148706,1.583868,2.643589,16.284440842005928,4.23050784101172,-1.585973731052792,-0.141015,-0.038493,0.018918,-0.989078,0.996321,-0.026566,-0.08148,0.048278,0.959514,0.277494,0.051908,1.115443,2.804012,-5.6999103495287,-2.6520677739006686,-12.595163174294536,-0.046872,-0.028426,-0.110671,0.992344,0.973888,-0.216982,0.066791,0.222312,0.97111,-0.086735,0.260897,1.148833,2.839088,-12.02805525461532,0.7099357156769082,3.8487899440607634,-0.104504,0.009676,0.034044,0.993895,0.997495,0.065649,-0.026349,-0.069694,0.97584,-0.207073,F,BuildTutorial
51.073,0.152529,1.586285,2.638106,15.361417583629192,4.287018286582839,-1.5542067074588135,-0.133044,-0.038875,0.01843,-0.990176,0.996298,-0.026154,-0.08189,0.046842,0.963919,0.262041,0.056237,1.122367,2.80655,-7.358813022957652,-2.229972992865471,-12.921248875023844,-0.061569,-0.026515,-0.113508,0.991273,0.972826,-0.22177,0.066545,0.2283,0.96665,-0.116044,0.265457,1.149063,2.836353,-12.07514028358998,0.6041572545928214,4.013648393369979,-0.104931,0.008923,0.035378,0.99381,0.997338,0.068446,-0.02516,-0.072191,0.975476,-0.207931,F,BuildTutorial
51.107,0.157088,1.588925,2.632222,14.450160011014743,4.29668460835223,-1.475171670635271,-0.12519,-0.038804,0.017476,-0.99122,0.996378,-0.024929,-0.081303,0.04436,0.968044,0.246826,0.060707,1.128785,2.80849,-8.749016549352904,-2.081126347956382,-13.410369835251048,-0.073627,-0.026888,-0.117777,0.989942,0.970811,-0.229225,0.070579,0.237144,0.961415,-0.13944,0.27066,1.149158,2.834421,-12.143861673808573,0.4677439093932939,4.474434200396249,-0.105537,0.008185,0.039249,0.993607,0.996785,0.076269,-0.02455,-0.079725,0.974643,-0.209081,F,BuildTutorial
51.14,0.162183,1.591249,2.626193,13.46843544614191,4.215030084275777,-1.3990130410905834,-0.11673,-0.037949,0.016428,-0.992303,0.99658,-0.023743,-0.079149,0.041462,0.972209,0.230416,0.065526,1.134147,2.809891,-9.677837122682574,-2.1476721242361605,-13.798371672939131,-0.081486,-0.02867,-0.121243,0.988857,0.968956,-0.235112,0.076461,0.244457,0.95732,-0.154205,0.27646,1.149495,2.833262,-12.146604201455698,0.452963905372906,4.612559902985629,-0.105556,0.008185,0.040433,0.993557,0.996596,0.078617,-0.024801,-0.082073,0.974446,-0.20909,F,BuildTutorial
51.173,0.167804,1.592873,2.620405,12.477431326958852,4.049674585539085,-1.2330269138430323,-0.108219,-0.03629,0.014529,-0.993358,0.996944,-0.021009,-0.075243,0.036719,0.976155,0.213947,0.070619,1.138821,2.811041,-10.359207050307086,-2.4088313408549724,-13.664026743583497,-0.087127,-0.031522,-0.120331,0.988401,0.969054,-0.232377,0.083281,0.243363,0.955859,-0.164646,0.282533,1.150658,2.832614,-12.22801687795227,0.6357874212959875,4.4030722780064036,-0.106215,0.009604,0.038786,0.99354,0.996807,0.075032,-0.027323,-0.079112,0.974428,-0.210312,F,BuildTutorial
51.206,0.17384,1.59391,2.615225,11.61888847483616,3.8100050498825593,-0.8509075772395782,-0.100916,-0.033822,0.010748,-0.994262,0.997481,-0.014547,-0.069425,0.028199,0.979401,0.199948,0.076722,1.142118,2.811904,-10.796881885337392,-2.3806095283470876,-13.435220470871348,-0.090996,-0.031542,-0.118373,0.988288,0.969986,-0.228233,0.083888,0.239713,0.955415,-0.172393,0.288319,1.151814,2.832557,-12.250712501317164,0.4793353909590813,4.058696896730627,-0.106489,0.007935,0.035655,0.993643,0.997332,0.069167,-0.023362,-0.072547,0.974778,-0.211058,F,BuildTutorial
51.239,0.180421,1.595121,2.610388,11.366468897298464,3.4635523430839275,-0.3276936589296017,-0.098897,-0.030355,0.005837,-0.994618,0.998089,-0.005607,-0.061537,0.017615,0.980371,0.196375,0.084693,1.143424,2.812831,-10.902101525964838,-1.7175770093212734,-13.445308029743336,-0.092585,-0.025937,-0.117935,0.988356,0.970837,-0.228321,0.073108,0.237926,0.955039,-0.176897,0.293385,1.153254,2.832426,-12.406972163083031,-0.1444291941562085,4.0753150229160715,-0.108036,0.00259,0.035212,0.99352,0.997507,0.069408,-0.012754,-0.070527,0.974177,-0.21449,F,BuildTutorial
51.273,0.187113,1.597018,2.606177,11.110155554023043,2.9349220063595753,0.1538714955365305,-0.096805,-0.025359,0.001143,-0.99498,0.998711,0.002636,-0.050685,0.007184,0.981255,0.19258,0.093806,1.14307,2.814011,-10.4954020249545,-0.6348391465151232,-14.173168887158011,-0.090081,-0.016758,-0.123353,0.988124,0.969006,-0.240757,0.055341,0.246796,0.953339,-0.173888,0.298515,1.156032,2.831588,-13.200825027980532,-0.6684962326137784,4.3973852026837905,-0.11508,-0.001381,0.03744,0.992649,0.997193,0.074648,-0.005875,-0.074012,0.97071,-0.228572,F,BuildTutorial
51.306,0.19388,1.599569,2.602731,10.818316841372113,2.2996362357751243,0.2800632458904408,-0.094297,-0.019747,-0.000541,-0.995348,0.99922,0.004801,-0.039208,0.002647,0.982216,0.187737,0.102889,1.142911,2.815113,-9.615337090881356,0.0895686900966733,-15.05463217774926,-0.083191,-0.010207,-0.130473,0.987903,0.965745,-0.256091,0.041875,0.259488,0.952112,-0.161706,0.304377,1.159755,2.829665,-14.013600010384836,-1.0012107626004922,4.811387314400002,-0.122239,-0.003544,0.040595,0.991664,0.996679,0.08138,-0.002895,-0.079647,0.96682,-0.242727,F,BuildTutorial
51.34,0.200936,1.600507,2.599577,10.484169685307698,1.6158118285460483,0.3964936982344729,-0.091403,-0.013725,-0.002157,-0.995717,0.999614,0.006805,-0.026937,-0.001787,0.983282,0.182083,0.111745,1.143957,2.81484,-8.66943409998058,0.1496796962910686,-15.66815244489457,-0.075055,-0.009012,-0.135817,0.987846,0.962945,-0.266979,0.038192,0.269685,0.951841,-0.145837,0.311336,1.163876,2.826476,-14.742340533824402,-0.9651109576516572,4.990647653693371,-0.128534,-0.002759,0.042097,0.990807,0.996441,0.084129,-0.005354,-0.08271,0.963414,-0.254937,F,BuildTutorial
51.373,0.207927,1.600543,2.597156,10.179446089625106,0.8910113598003738,0.5331142817990433,-0.088748,-0.007332,-0.003944,-0.996019,0.999861,0.009158,-0.013906,-0.006555,0.984217,0.176847,0.121381,1.146014,2.813703,-8.623354388871629,1.025991507683134,-15.429615702313102,-0.075697,-0.001245,-0.13319,0.988195,0.964518,-0.263047,0.022625,0.263424,0.953061,-0.149276,0.319374,1.167015,2.821921,-15.481247099866732,-0.6623448464414793,4.372634821214491,-0.134807,-0.000585,0.037023,0.99018,0.997258,0.073476,-0.008823,-0.073161,0.960913,-0.26701,F,BuildTutorial
51.406,0.215122,1.599913,2.594673,10.254192490265387,0.1867254042888449,0.4602806227192333,-0.089371,-0.001264,-0.003855,-0.99599,0.999967,0.007905,-0.001829,-0.007454,0.983996,0.178034,0.133195,1.147259,2.811235,-9.097382136083834,3.0512188747867675,-15.915289658479905,-0.082189,0.015309,-0.135865,0.987194,0.962613,-0.270767,-0.007892,0.265735,0.949571,-0.166432,0.327502,1.167629,2.816721,-15.796779788603796,-0.6572010756229291,3.877155839831414,-0.137528,-0.001029,0.032719,0.989957,0.997857,0.065063,-0.006963,-0.064497,0.960031,-0.272362,F,BuildTutorial
51.439,0.222543,1.599134,2.592511,10.525455122878183,-0.3940162422652704,0.3324148340410098,-0.091712,0.00369,-0.003204,-0.995774,0.999952,0.005704,0.007936,-0.007057,0.983157,0.182626,0.146824,1.147288,2.806913,-9.966268251900038,5.013786799123829,-17.270421214054892,-0.092338,0.030051,-0.145676,0.984555,0.955751,-0.292401,-0.032271,0.281302,0.940504,-0.19058,0.33597,1.164825,2.810746,-15.369933287245448,-0.93892749638458,4.330472910226214,-0.133933,-0.003062,0.036346,0.990319,0.997339,0.072808,-0.003672,-0.071167,0.961482,-0.265495,F,BuildTutorial
51.473,0.230051,1.598357,2.590937,10.693865930927224,-0.9215352018016472,0.2707770122393109,-0.093164,0.008227,-0.003102,-0.995612,0.999845,0.004643,0.016959,-0.007709,0.982622,0.185459,0.158447,1.146788,2.803298,-10.029559553150238,6.5305927526164,-18.247626384603873,-0.095164,0.042185,-0.152789,0.982761,0.949752,-0.30834,-0.053836,0.292282,0.935199,-0.199938,0.344863,1.160017,2.804703,-14.56162651444714,-0.7853619562735956,4.9593035978547215,-0.126905,-0.001309,0.042047,0.991023,0.996461,0.083671,-0.008077,-0.083007,0.964255,-0.251641,F,BuildTutorial
51.506,0.237192,1.597291,2.589861,10.883301910074069,-1.4573108806683253,0.1476999142814361,-0.094808,0.012782,-0.002489,-0.995411,0.999661,0.002532,0.02592,-0.00738,0.982011,0.188682,0.168923,1.145861,2.799551,-9.526453236639846,7.402947614120557,-18.347544654966867,-0.092062,0.050301,-0.153255,0.982602,0.947965,-0.31044,-0.070634,0.291916,0.936075,-0.196338,0.355159,1.15432,2.798347,-13.759539977643051,0.2828054492282451,5.074922783869947,-0.11956,0.007751,0.044249,0.99181,0.995964,0.085921,-0.025956,-0.089628,0.967495,-0.236476,F,BuildTutorial
51.539,0.244497,1.595879,2.588971,11.044115426313317,-1.8974044004418071,0.0054940435651453,-0.096215,0.016485,-0.001641,-0.995223,0.999451,9.5e-05,0.033129,-0.006439,0.98148,0.191457,0.178563,1.144383,2.794585,-9.02268317957568,7.413862857347178,-17.995251170176243,-0.087606,0.051384,-0.15056,0.98337,0.949383,-0.305115,-0.07468,0.287109,0.939314,-0.18777,0.365871,1.147235,2.792253,-12.329491783708566,1.6586819712273264,3.99233359055355,-0.10681,0.018122,0.036181,0.993456,0.996725,0.068017,-0.043735,-0.075759,0.974565,-0.21091,F,BuildTutorial
51.573,0.251583,1.594596,2.588451,10.912607529787994,-2.3007592679662947,-0.0718465147404275,-0.09508,0.019926,-0.001285,-0.99527,0.999203,-0.001231,0.039908,-0.006347,0.981917,0.189208,0.187596,1.143016,2.788543,-8.778082835605732,7.252807908554508,-17.74704558229134,-0.085189,0.050529,-0.148711,0.983908,0.950664,-0.301245,-0.074094,0.284027,0.941256,-0.182665,0.375744,1.138782,2.786431,-10.553852000396686,2.500682194316094,2.792045372191162,-0.091391,0.023962,0.02626,0.99518,0.997473,0.047887,-0.052493,-0.056646,0.981916,-0.180642,F,BuildTutorial
51.606,0.258499,1.593541,2.587697,10.579064395009183,-2.6911626388497245,-0.1214256127899681,-0.092188,0.023285,-0.00111,-0.995469,0.998913,-0.002084,0.046564,-0.006503,0.983,0.183489,0.19635,1.140721,2.781505,-8.260281425801935,7.708764622580528,-17.437350530860613,-0.081192,0.055379,-0.146062,0.984382,0.951198,-0.296554,-0.085311,0.278569,0.944148,-0.176025,0.384035,1.129253,2.78159,-8.744228015997571,2.6539557825972415,2.1810813749155393,-0.07576,0.024537,0.020737,0.996608,0.997936,0.037616,-0.052049,-0.045052,0.987661,-0.149988,F,BuildTutorial
51.639,0.265078,1.593396,2.586277,10.006316803807476,-2.794783161306524,-0.2427591514827753,-0.087236,0.024109,-1.7e-05,-0.995896,0.998838,-0.004173,0.048022,-0.00424,0.98478,0.173755,0.205002,1.136684,2.773162,-6.922242028803879,9.008646297513469,-16.510894950119773,-0.070817,0.068937,-0.13819,0.985462,0.952302,-0.282126,-0.116297,0.262599,0.951777,-0.158628,0.391569,1.11947,2.777571,-7.120262112014856,2.642879999496463,2.243756768069595,-0.061617,0.024228,0.020968,0.997586,0.997947,0.038848,-0.050923,-0.04482,0.991527,-0.12192,F,BuildTutorial
51.673,0.270907,1.593957,2.584145,9.449194876254866,-2.755991761411541,-0.4402519961955244,-0.082434,0.02365,0.001847,-0.996314,0.998875,-0.007579,0.046821,-0.000219,0.986403,0.164347,0.210542,1.13256,2.764738,-5.3158873701456475,9.055081012880104,-14.117161903250818,-0.055568,0.072575,-0.118736,0.98871,0.96127,-0.242856,-0.130316,0.226724,0.965628,-0.127115,0.397649,1.110232,2.775013,-5.4878273682135,2.524995412422393,2.7576774839349025,-0.047317,0.023153,0.025084,0.998297,0.99767,0.047891,-0.048602,-0.052273,0.994264,-0.093311,F,BuildTutorial
51.706,0.276283,1.594937,2.581394,8.947962216207618,-2.5627098600028444,-0.513731748716453,-0.078086,0.021944,0.002724,-0.996701,0.999022,-0.008856,0.043319,0.002002,0.98779,0.155776,0.213427,1.128583,2.756711,-3.841080434102673,8.372301802569945,-12.058119140113847,-0.040902,0.069042,-0.102261,0.991516,0.969552,-0.208434,-0.128547,0.197138,0.97574,-0.09523,0.401956,1.102887,2.77382,-3.950667517334801,2.092397511595272,3.352300694155981,-0.033915,0.019248,0.029857,0.998793,0.997476,0.058337,-0.040475,-0.060948,0.995917,-0.066598,F,BuildTutorial
51.739,0.281095,1.596233,2.578426,8.469335584511015,-2.2596753017080524,-0.5572862645285364,-0.073922,0.019305,0.003393,-0.997071,0.999232,-0.00962,0.037996,0.003911,0.989048,0.147543,0.214815,1.124642,2.748735,-2.5490784803512474,8.211230534914234,-11.896303578555832,-0.029484,0.068893,-0.101753,0.991983,0.9698,-0.205936,-0.130682,0.197811,0.977554,-0.072515,0.404612,1.098307,2.773412,-2.807962040743349,1.373901294732628,3.9076523670690007,-0.024077,0.012814,0.034375,0.999037,0.997308,0.068067,-0.02726,-0.069301,0.996477,-0.047227,F,BuildTutorial
51.772,0.285205,1.596953,2.575366,8.235744127443834,-1.9908568794819976,-0.5834338657772902,-0.071885,0.016962,0.00383,-0.997261,0.999395,-0.010078,0.03328,0.005201,0.989636,0.143507,0.215091,1.122323,2.742282,-1.747113228390176,8.604238318601109,-13.322529608341434,-0.023801,0.072737,-0.114523,0.990468,0.963187,-0.230326,-0.138637,0.223401,0.972636,-0.063809,0.404822,1.098168,2.774123,-2.648130715780547,0.1161855317633282,4.2959689116836675,-0.023053,0.001879,0.037494,0.999029,0.997181,0.074828,-0.005484,-0.075002,0.996126,-0.045919,F,BuildTutorial
51.806,0.288703,1.59725,2.572094,8.13082550217551,-1.7653671326056886,-0.6048219450036515,-0.070967,0.014992,0.004172,-0.997357,0.999516,-0.010449,0.029312,0.006193,0.989893,0.141684,0.214018,1.121943,2.737455,-1.794228774824942,8.698154710941074,-14.910255194125533,-0.025318,0.073157,-0.128183,0.988725,0.956434,-0.25718,-0.138173,0.249771,0.965856,-0.068821,0.403421,1.101602,2.775777,-3.566180540224074,-1.3245389783253745,4.563588836393767,-0.031549,-0.010305,0.039433,0.998671,0.996678,0.079411,0.018095,-0.078111,0.9949,-0.063826,F,BuildTutorial
51.839,0.291556,1.596699,2.568542,8.318116978523967,-1.6187046369335203,-0.6746643628510908,-0.0726,0.013661,0.004847,-0.997256,0.99958,-0.011651,0.026543,0.007684,0.989412,0.144933,0.210274,1.124176,2.73455,-3.0584609714909163,7.485424907303454,-16.613670405557762,-0.035778,0.060721,-0.142391,0.987298,0.952076,-0.285509,-0.10971,0.276819,0.95689,-0.087939,0.401243,1.106678,2.777981,-4.694411073786871,-2.5446589522095637,4.794072143027782,-0.041837,-0.020454,0.04087,0.998079,0.995823,0.083293,0.037409,-0.079871,0.993159,-0.085184,F,BuildTutorial
51.873,0.294199,1.595989,2.565024,8.410627217704372,-1.4048855040667914,-0.8412579781070574,-0.073413,0.011688,0.006422,-0.997213,0.999644,-0.014524,0.022368,0.011092,0.989139,0.146566,0.205057,1.126933,2.733111,-4.275097605794172,5.851815807408452,-18.27823044646056,-0.044879,0.044445,-0.156635,0.985635,0.94698,-0.31276,-0.073554,0.304781,0.946903,-0.102392,0.398316,1.112945,2.780497,-5.951362085921212,-3.715911838849178,4.670558528410847,-0.053161,-0.030237,0.038989,0.997366,0.995131,0.080988,0.056169,-0.074558,0.991308,-0.1084,F,BuildTutorial
51.906,0.296626,1.59518,2.561045,8.496641347299338,-1.0820718294598115,-1.074156659041647,-0.074161,0.008722,0.008648,-0.997171,0.999698,-0.018542,0.016112,0.015954,0.988851,0.148054,0.199874,1.129298,2.731989,-5.061543570785191,4.421433835466002,-19.20015922987385,-0.049932,0.030639,-0.164804,0.984585,0.943802,-0.327587,-0.043876,0.321468,0.940693,-0.108423,0.394834,1.119181,2.782913,-7.335004051165741,-4.874626062851852,4.58823274094019,-0.065556,-0.039847,0.037193,0.996359,0.994058,0.07934,0.074527,-0.068892,0.988638,-0.133599,F,BuildTutorial
51.939,0.298606,1.595078,2.557069,8.478750336457521,-0.6938950029705767,-1.4111747255528917,-0.073991,0.005128,0.011833,-0.997176,0.999667,-0.024359,0.008477,0.022841,0.988771,0.147686,0.194933,1.1318,2.731463,-5.82413039484607,3.025013284979632,-19.150509238491775,-0.054463,0.017546,-0.164748,0.984675,0.945101,-0.326357,-0.016609,0.322535,0.939784,-0.113038,0.391091,1.12528,2.785115,-8.657694077251538,-5.931768784742384,4.740671438374022,-0.077449,-0.048432,0.037283,0.995121,0.992529,0.081703,0.090616,-0.0667,0.985223,-0.157753,F,BuildTutorial
51.972,0.300393,1.59568,2.553057,8.470301763272822,-0.2285893498101559,-1.7971160723819803,-0.073872,0.000831,0.015492,-0.997147,0.999519,-0.031019,-0.000632,0.030773,0.988606,0.147348,0.190636,1.13359,2.73157,-6.298771043057436,1.662728109046438,-18.58114551606688,-0.056552,0.005429,-0.160394,0.985417,0.948489,-0.316723,0.007442,0.315495,0.942151,-0.113197,0.387432,1.130464,2.787249,-9.694460581188594,-6.523772080932566,4.747034036284766,-0.086638,-0.053154,0.036395,0.994155,0.9917,0.081575,0.099381,-0.063155,0.982339,-0.176132,F,BuildTutorial
52.006,0.301813,1.596388,2.5491,8.597048246892943,0.2433184236586624,-2.0823617833284516,-0.074902,-0.003479,0.018279,-0.997017,0.999308,-0.035928,-0.009676,0.03697,0.988111,0.149231,0.185705,1.135548,2.732931,-6.596361143191876,0.5698311007520853,-18.82267382184324,-0.057569,-0.00451,-0.162966,0.98494,0.946844,-0.320504,0.027648,0.321543,0.940256,-0.111935,0.38443,1.13508,2.788984,-10.40186614726644,-6.5381242900380565,4.486817844574408,-0.092655,-0.053204,0.033755,0.993703,0.99206,0.076945,0.099482,-0.057227,0.980551,-0.187736,F,BuildTutorial
52.039,0.302829,1.596719,2.545758,8.636232951713836,0.6212030555045831,-2.070374102851532,-0.075183,-0.006765,0.018423,-0.996977,0.99923,-0.035718,-0.01626,0.037752,0.988016,0.149661,0.182945,1.137475,2.733612,-6.874409452044676,-0.0250549110466311,-19.462409861328705,-0.059055,-0.010349,-0.168735,0.983836,0.942843,-0.330792,0.040293,0.333237,0.936082,-0.112708,0.381644,1.139253,2.789944,-10.861527698621757,-6.231104181437533,4.018821480409642,-0.096342,-0.050759,0.029714,0.993609,0.993081,0.068828,0.095144,-0.049267,0.979671,-0.194469,F,BuildTutorial
52.072,0.30315,1.596744,2.542967,8.651851895551149,0.8575959355879745,-1.9485511925878036,-0.07529,-0.008744,0.017519,-0.996969,0.999233,-0.033616,-0.020074,0.036249,0.988049,0.149818,0.181927,1.139999,2.733932,-7.331429527294597,-0.050597771713213,-20.092611774365505,-0.062878,-0.011587,-0.174115,0.982648,0.939099,-0.340731,0.044668,0.343645,0.931461,-0.119538,0.378287,1.143114,2.789689,-11.211094113743217,-6.059998692461247,3.2057588356388096,-0.098976,-0.049857,0.022638,0.993582,0.994004,0.054855,0.094593,-0.035116,0.979383,-0.198939,F,BuildTutorial
52.106,0.302905,1.596157,2.540681,8.833088945418996,0.9376180275274856,-1.8456175078178276,-0.076863,-0.009397,0.016687,-0.996858,0.999267,-0.031825,-0.0213,0.034714,0.987627,0.152929,0.182098,1.142744,2.734205,-8.205410429899308,0.5650105411199475,-20.77297572481182,-0.071258,-0.008061,-0.179476,0.981145,0.935447,-0.351035,0.041397,0.353332,0.925422,-0.136935,0.374044,1.14586,2.788022,-11.652087359333414,-6.401764274080858,2.2644237896423087,-0.102428,-0.053535,0.01396,0.993201,0.993878,0.038698,0.103483,-0.016764,0.978627,-0.204958,F,BuildTutorial
52.139,0.302501,1.595367,2.538643,9.151952951594836,0.918398305077146,-1.713645651828506,-0.07965,-0.009181,0.015545,-0.996659,0.999348,-0.029523,-0.020777,0.032448,0.986829,0.158482,0.183469,1.144621,2.734134,-8.897065777227775,1.3216028529585473,-21.60658334918135,-0.078339,-0.003243,-0.185982,0.97942,0.930801,-0.3638,0.035493,0.364817,0.918548,-0.152247,0.368526,1.146901,2.785457,-11.832259860983012,-7.363755349462307,1.990919666939052,-0.103954,-0.062078,0.010627,0.992586,0.992067,0.034003,0.121026,-0.00819,0.978161,-0.207685,F,BuildTutorial
52.173,0.30183,1.594613,2.537024,9.515109291773545,0.8033157419869247,-1.556633119008722,-0.082835,-0.008112,0.014118,-0.99643,0.99947,-0.026791,-0.018504,0.029479,0.985878,0.16485,0.18461,1.14568,2.734468,-9.224373119928146,1.7185874362673308,-22.001865422171445,-0.081777,-0.000669,-0.189002,0.978566,0.928556,-0.369792,0.03222,0.370011,0.915182,-0.159795,0.36366,1.146232,2.782006,-11.780266962921315,-8.455829559516015,2.002828294824188,-0.103608,-0.071535,0.009773,0.991994,0.989575,0.034213,0.139899,-0.004567,0.97834,-0.206955,F,BuildTutorial
52.206,0.300824,1.593521,2.535683,10.113359568254548,0.6426236427110973,-1.3655406152816,-0.088067,-0.006636,0.012364,-0.996016,0.999606,-0.023461,-0.015397,0.025799,0.984183,0.175268,0.186198,1.145802,2.73494,-9.23004084877098,2.0102634720453665,-22.056609237699952,-0.082307,0.001773,-0.189259,0.97847,0.928356,-0.370661,0.027685,0.370077,0.914813,-0.161741,0.359971,1.144754,2.778267,-11.603594736545515,-9.22775654533296,2.09042784038749,-0.102203,-0.078177,0.009959,0.991637,0.987578,0.035731,0.153011,-0.003772,0.978911,-0.204254,F,BuildTutorial
52.239,0.299808,1.592821,2.534694,10.496257127685077,0.4214922479265484,-1.1029590904296358,-0.091429,-0.004543,0.009921,-0.995752,0.999762,-0.018926,-0.010862,0.020588,0.983085,0.181991,0.188508,1.145472,2.734957,-9.108414928064413,2.30536535469314,-21.925996119453355,-0.081751,0.00459,-0.187968,0.978756,0.929294,-0.3687,0.021748,0.367199,0.91597,-0.161755,0.358055,1.14314,2.77436,-11.362591262441637,-9.63186246126674,1.9154612890402305,-0.100028,-0.081882,0.008264,0.991575,0.986454,0.032769,0.16073,-8e-06,0.979852,-0.199723,F,BuildTutorial
52.272,0.2986,1.592347,2.534095,10.788618072868248,0.1220396480974434,-0.8456439031378359,-0.093999,-0.001754,0.007447,-0.995543,0.999883,-0.014499,-0.004892,0.015158,0.982218,0.187133,0.192136,1.145078,2.734171,-9.047990235122214,2.908315987708044,-21.946683416875057,-0.082225,0.009826,-0.187733,0.978723,0.92932,-0.369093,0.011638,0.365861,0.915991,-0.164641,0.357533,1.141351,2.770657,-11.049656473159253,-9.695436058056162,1.7138923567005608,-0.09718,-0.082671,0.006698,0.991805,0.986241,0.029355,0.162686,0.002781,0.981023,-0.193874,F,BuildTutorial
52.306,0.297299,1.591424,2.533864,11.286866504310009,-0.2476389129817922,-0.6718471649306497,-0.098348,0.001574,0.005622,-0.995135,0.999932,-0.011499,0.002028,0.01088,0.980592,0.195758,0.195562,1.145016,2.733449,-9.200757374172746,3.6406646319380496,-22.184102301531635,-0.084759,0.015649,-0.189169,0.978154,0.92794,-0.372726,0.001454,0.367421,0.914062,-0.171736,0.358948,1.139835,2.767986,-10.794266631878903,-9.124939722658077,1.4411195663006109,-0.094749,-0.078008,0.004999,0.992428,0.98778,0.024704,0.153886,0.00486,0.981995,-0.188844,F,BuildTutorial
52.339,0.296162,1.58967,2.533667,12.209746907669029,-0.6700335932565112,-0.5386467430541683,-0.106373,0.005314,0.004052,-0.994304,0.999911,-0.009189,0.009705,0.006928,0.977337,0.211577,0.199262,1.144525,2.731931,-9.356954658606805,4.506154572797558,-22.682561089762046,-0.087615,0.02239,-0.192702,0.977082,0.924729,-0.380495,-0.009986,0.372648,0.910379,-0.179843,0.361461,1.138352,2.765833,-10.413415261463674,-8.514537408694036,1.1811457137704775,-0.091256,-0.072992,0.0035,0.993143,0.98932,0.020273,0.144344,0.00637,0.98332,-0.181771,F,BuildTutorial
52.372,0.29515,1.587001,2.533766,13.549053749856636,-1.1117578151095848,-0.4759720273138373,-0.117996,0.009144,0.00298,-0.992968,0.999815,-0.008077,0.017457,0.003761,0.972136,0.234387,0.20311,1.143387,2.730289,-9.272343483983846,5.665390054605118,-23.443315843079375,-0.089053,0.03183,-0.198334,0.975561,0.919301,-0.392644,-0.02678,0.381305,0.905466,-0.186378,0.364254,1.137264,2.764166,-10.092107966117714,-8.051453793739032,1.3446272989713406,-0.088554,-0.068898,0.005485,0.993671,0.990446,0.023103,0.135952,0.001302,0.984256,-0.176743,F,BuildTutorial
52.406,0.294391,1.583736,2.534024,15.306382187894089,-1.5303880356363226,-0.5254929165376989,-0.133224,0.012625,0.002766,-0.991002,0.999666,-0.008846,0.024286,0.002119,0.964488,0.26412,0.205819,1.142291,2.729231,-8.987183875784376,7.039073892655714,-24.32880745746833,-0.08934,0.043348,-0.204972,0.973718,0.912215,-0.406916,-0.047792,0.391425,0.900009,-0.191755,0.367646,1.136658,2.762646,-10.039942003626429,-7.481157563752858,1.5757976022123603,-0.088202,-0.063782,0.007961,0.994027,0.991737,0.027078,0.125397,-0.004575,0.984314,-0.176367,F,BuildTutorial
52.439,0.293855,1.58038,2.534408,17.10795049054466,-1.9505199451238304,-0.6742517822778546,-0.148816,0.015956,0.003286,-0.988731,0.999469,-0.011246,0.030574,0.001748,0.955686,0.294383,0.208571,1.141087,2.727707,-8.752596939101288,8.114460342255079,-24.811818910377156,-0.089494,0.052547,-0.2084,0.972522,0.907617,-0.414752,-0.064904,0.395942,0.897121,-0.195971,0.371383,1.136904,2.761295,-10.134300982556631,-6.865000095944394,1.6512819602866866,-0.089015,-0.058362,0.00904,0.994278,0.993024,0.028366,0.114448,-0.007586,0.983989,-0.178067,F,BuildTutorial
52.472,0.293044,1.578184,2.534942,18.45131602072319,-2.4974182671859984,-0.9220919547668088,-0.160453,0.02022,0.004447,-0.986826,0.999143,-0.015265,0.038481,0.002288,0.94847,0.316858,0.210978,1.139903,2.726286,-8.417139625431023,9.01849224463102,-25.12912562674653,-0.088465,0.060615,-0.21065,0.971662,0.903905,-0.420086,-0.080523,0.398637,0.895601,-0.197453,0.375757,1.137619,2.759446,-10.334241761420891,-6.150674189115764,1.7921794010400884,-0.090756,-0.052018,0.010722,0.994456,0.994358,0.030767,0.101514,-0.011883,0.983297,-0.181621,F,BuildTutorial
52.506,0.292305,1.576681,2.535269,19.3878745258154,-3.0788268679514914,-1.281500505663742,-0.16861,0.024597,0.006496,-0.985355,0.998706,-0.021097,0.046282,0.004508,0.943057,0.332601,0.212251,1.139434,2.725594,-8.13967417392606,9.717530587975707,-25.173852650758175,-0.087429,0.067045,-0.210723,0.971317,0.902201,-0.421082,-0.093397,0.397635,0.895904,-0.198099,0.379806,1.138177,2.757736,-10.457964321920327,-5.433048757808851,1.96549052465865,-0.09183,-0.045629,0.012742,0.994647,0.995511,0.033728,0.088429,-0.016968,0.98281,-0.18384,F,BuildTutorial
52.539,0.291902,1.576527,2.535796,19.556243644400805,-3.3960110618199275,-1.42684927101188,-0.170109,0.027085,0.007233,-0.985026,0.998428,-0.023464,0.050897,0.005034,0.942021,0.335516,0.213453,1.139176,2.725159,-8.120508763421965,10.09951990798604,-25.10054073464683,-0.087924,0.070376,-0.209826,0.971231,0.902041,-0.419954,-0.099806,0.395203,0.896485,-0.200323,0.384524,1.138298,2.755591,-10.43810852419775,-4.52479895482255,2.030156397754632,-0.091575,-0.037696,0.014038,0.994985,0.996764,0.034839,0.072442,-0.021031,0.982834,-0.183291,F,BuildTutorial
52.572,0.291643,1.576691,2.53631,19.50359328156834,-3.5059174783463134,-1.4172332121351232,-0.169661,0.028052,0.007002,-0.985078,0.998328,-0.023313,0.052891,0.004276,0.942332,0.334651,0.213872,1.138966,2.725515,-8.110110934098817,10.386953199631291,-25.22773603236909,-0.088443,0.072734,-0.210692,0.970823,0.900638,-0.421954,-0.103956,0.396223,0.895574,-0.202375,0.389108,1.13842,2.753522,-10.50103149753029,-3.4726025451476,1.7750326314639069,-0.091925,-0.028752,0.012645,0.995271,0.998027,0.030457,0.054907,-0.019885,0.98278,-0.183707,F,BuildTutorial
52.606,0.291529,1.576374,2.536698,19.59723427401897,-3.547448238546709,-1.427835427843841,-0.170471,0.028379,0.007005,-0.984929,0.998291,-0.023474,0.053515,0.004123,0.941781,0.336201,0.214605,1.138217,2.725817,-7.978542034401997,10.483421316867458,-25.330441284178217,-0.087575,0.073729,-0.211607,0.970627,0.899573,-0.423696,-0.106065,0.397868,0.895107,-0.201208,0.392793,1.137941,2.751512,-10.494474817753702,-2.5841531035544993,1.524817194364578,-0.091721,-0.021236,0.011185,0.995495,0.998848,0.026165,0.040229,-0.018374,0.982924,-0.183091,F,BuildTutorial
52.639,0.291594,1.575695,2.536835,19.848436671571065,-3.523860373935301,-1.5259497323747937,-0.172652,0.02799,0.007812,-0.984554,0.998311,-0.025047,0.052418,0.005717,0.940261,0.340407,0.214873,1.137616,2.726034,-7.766671675199284,10.418358817101344,-25.177732597597153,-0.085567,0.073706,-0.210554,0.971037,0.900469,-0.421524,-0.107109,0.396297,0.896691,-0.197215,0.395745,1.136485,2.749898,-10.33209159956801,-1.9273955733870551,1.4983544261088448,-0.090241,-0.015572,0.011506,0.995732,0.99925,0.025724,0.028934,-0.020103,0.983449,-0.180069,F,BuildTutorial
52.672,0.29165,1.57512,2.53693,20.077852266876732,-3.5011869945606127,-1.6797176991477978,-0.174658,0.027524,0.009102,-0.984202,0.998319,-0.027531,0.050999,0.008302,0.938824,0.344298,0.215541,1.137169,2.725379,-7.712115300362419,10.316682931953975,-24.718513422791528,-0.084626,0.07329,-0.206785,0.97196,0.903737,-0.414379,-0.107471,0.38957,0.900156,-0.194817,0.397976,1.134696,2.748492,-10.218492846835565,-1.4353386564618145,1.6142358478096457,-0.089215,-0.01122,0.012914,0.995866,0.999415,0.027723,0.020043,-0.023719,0.983748,-0.177981,F,BuildTutorial
52.705,0.291661,1.575199,2.537133,19.98109960659025,-3.3794861749313183,-1.821604341902168,-0.17385,0.02628,0.010533,-0.984365,0.998397,-0.029874,0.048077,0.011599,0.939331,0.342818,0.215638,1.136968,2.724294,-7.717196632805129,10.198097956385476,-24.10994179565468,-0.08407,0.072722,-0.201703,0.973119,0.908055,-0.40479,-0.107619,0.380335,0.904496,-0.192957,0.400068,1.133139,2.747382,-10.138041076993018,-0.8611918155741803,1.690062390038479,-0.088454,-0.006182,0.014026,0.995962,0.99953,0.029033,0.009833,-0.026846,0.983958,-0.176366,F,BuildTutorial
52.739,0.291598,1.575563,2.5371,19.717317949810457,-3.1992491005107815,-1.91364246940703,-0.171587,0.024641,0.011667,-0.984792,0.998514,-0.031435,0.044528,0.014522,0.940844,0.33853,0.21576,1.136352,2.721845,-7.723138477972543,9.784225120703262,-22.994862498021025,-0.082714,0.070004,-0.192519,0.975292,0.916072,-0.387105,-0.104701,0.363944,0.91219,-0.188295,0.402139,1.131513,2.746299,-9.953050134022064,-0.2786628005894447,1.6280025126959912,-0.086773,-0.00119,0.013942,0.99613,0.999608,0.027983,-4.9e-05,-0.02757,0.984552,-0.172907,F,BuildTutorial
52.772,0.291554,1.576189,2.536633,19.48880125591982,-2.957253935834931,-2.0358091677434396,-0.169622,0.022422,0.013136,-0.985167,0.998649,-0.033489,0.039722,0.018277,0.942112,0.334801,0.215105,1.13555,2.719722,-7.577561840727913,9.285553657102271,-21.817112638989578,-0.079956,0.066843,-0.182957,0.977582,0.924118,-0.368399,-0.101431,0.347021,0.920268,-0.180787,0.40272,1.130488,2.745561,-9.650385491056976,0.0474437211864925,1.600055688353782,-0.084102,0.001587,0.013948,0.996358,0.999606,0.027527,-0.005508,-0.02806,0.985465,-0.167547,F,BuildTutorial
52.806,0.291743,1.577167,2.536197,19.02937465511953,-2.553558043902613,-2.0734150028601994,-0.16563,0.018982,0.014157,-0.985904,0.998879,-0.034203,0.032739,0.021627,0.944733,0.327128,0.213568,1.134446,2.717773,-7.318378083210729,8.775276469167554,-20.60692257157529,-0.076264,0.063735,-0.17317,0.979864,0.9319,-0.349088,-0.09849,0.329645,0.928392,-0.17153,0.403066,1.129939,2.7451,-9.479899758797323,0.3037992151277625,1.606159323791709,-0.082588,0.0038,0.014187,0.996476,0.999569,0.027646,-0.009916,-0.028902,0.985956,-0.164487,F,BuildTutorial
52.839,0.292186,1.578437,2.535613,18.43276113691783,-1.9872820663590105,-2.0265362166481062,-0.160417,0.014283,0.014676,-0.986837,0.999161,-0.033547,0.023482,0.024382,0.948102,0.317031,0.211037,1.133468,2.716896,-7.117185887153164,8.337327313158037,-19.873231119646594,-0.073496,0.060782,-0.167326,0.981278,0.936615,-0.337322,-0.094693,0.319453,0.933201,-0.164581,0.403107,1.13023,2.744788,-9.609527703507185,0.6262438135379013,1.5867035721741354,-0.083676,0.006605,0.014255,0.996369,0.999506,0.0273,-0.015548,-0.029511,0.98559,-0.166556,F,BuildTutorial
52.872,0.293438,1.579898,2.535072,17.652407791450088,-0.7131001425277542,-2.005598892723254,-0.153519,0.003463,0.016339,-0.988005,0.999442,-0.03335,0.001827,0.031223,0.95233,0.303468,0.209439,1.131563,2.715697,-6.772753067218651,8.068814638871276,-19.8887657970208,-0.070166,0.059002,-0.16787,0.981537,0.936677,-0.337821,-0.092267,0.321261,0.933793,-0.15755,0.402531,1.13073,2.744785,-9.810861513550735,0.816973058670667,1.4987445932381245,-0.085409,0.008221,0.01364,0.996219,0.999493,0.025773,-0.018711,-0.028582,0.985039,-0.169948,F,BuildTutorial
52.905,0.296089,1.581426,2.534211,16.897168673105103,1.5104955096532076,-1.4906310463734649,-0.146727,-0.014948,0.014802,-0.988953,0.999115,-0.02489,-0.033909,0.033663,0.956504,0.28977,0.207298,1.129729,2.715464,-6.327856134786026,8.035288559192503,-20.459295211268195,-0.066606,0.059067,-0.173082,0.980876,0.933108,-0.347412,-0.092818,0.331675,0.931213,-0.151111,0.401885,1.131311,2.7449,-9.941874053409412,0.8187422493772891,1.410607422888802,-0.086554,0.008184,0.012882,0.99613,0.999534,0.024248,-0.018535,-0.027082,0.984685,-0.172227,F,BuildTutorial
52.939,0.299011,1.582643,2.532923,16.21546710263469,3.7722160384428594,-0.8902830800751917,-0.140701,-0.033678,0.012329,-0.989402,0.997428,-0.014919,-0.070112,0.033873,0.960102,0.27759,0.205071,1.12847,2.715424,-6.0036164186003145,7.961268829711594,-20.684540608090582,-0.063838,0.058819,-0.175273,0.980686,0.93164,-0.351284,-0.092988,0.336265,0.930408,-0.14583,0.401151,1.131542,2.745218,-9.965374105378602,0.8212654308981893,1.480188836731848,-0.086753,0.008261,0.01349,0.996104,0.9995,0.025441,-0.018799,-0.028308,0.984584,-0.172607,F,BuildTutorial
52.972,0.301809,1.583966,2.531446,15.510357865680843,6.003346542546786,-0.4644937740748001,-0.134544,-0.052432,0.011077,-0.989458,0.994257,-0.007812,-0.106738,0.036029,0.963551,0.265089,0.202624,1.128345,2.71575,-5.980167276608867,7.623295980190353,-20.287481998935306,-0.062926,0.056182,-0.172076,0.981465,0.934467,-0.344844,-0.088624,0.330703,0.93286,-0.142854,0.400552,1.131929,2.745835,-10.033797463292355,0.9187716906453142,1.6207875642482066,-0.087325,0.009223,0.01479,0.996027,0.999392,0.027852,-0.020955,-0.031074,0.984311,-0.173684,F,BuildTutorial
53.005,0.303702,1.585438,2.530008,14.672041300858712,7.726530771993338,-0.2806949687220771,-0.127234,-0.067136,0.011027,-0.989537,0.990742,-0.004739,-0.135674,0.038907,0.96738,0.250325,0.199136,1.129221,2.716574,-6.246483851267832,6.911389935993147,-19.92652428449523,-0.063978,0.04987,-0.169211,0.982236,0.937761,-0.338792,-0.076317,0.326029,0.934549,-0.14256,0.399542,1.132321,2.746474,-9.99912383165782,0.7604678987663417,1.6788013488358553,-0.08704,0.007887,0.015172,0.996058,0.999415,0.028852,-0.018352,-0.031598,0.984388,-0.173154,F,BuildTutorial
53.039,0.30487,1.587474,2.528712,13.554164702960543,8.862287380135283,-0.1343426613086497,-0.117564,-0.076859,0.010278,-0.990033,0.987974,-0.00228,-0.154603,0.038423,0.972146,0.231205,0.196038,1.130033,2.717288,-6.475246412015908,6.412506083588663,-20.03349461171092,-0.065242,0.045182,-0.170276,0.982196,0.937929,-0.340385,-0.066536,0.328594,0.933499,-0.143547,0.398311,1.133076,2.747084,-10.175948667341208,0.5560985362982022,1.7131797483562947,-0.088602,0.006159,0.015321,0.99593,0.999455,0.029425,-0.014984,-0.031608,0.98383,-0.176294,F,BuildTutorial
53.072,0.305176,1.589354,2.527442,12.528010041237994,9.52200352572704,-0.0505434622943165,-0.108697,-0.082552,0.009493,-0.990596,0.98619,-0.000862,-0.165615,0.036754,0.97619,0.213782,0.19307,1.130786,2.718109,-6.640307992561996,6.085728433317378,-20.14914514896158,-0.066212,0.04206,-0.171363,0.98208,0.937732,-0.342154,-0.05992,0.331014,0.932502,-0.144467,0.39744,1.134065,2.747856,-10.4147127852627,0.5283783544452184,1.822812689607256,-0.090675,0.006035,0.016259,0.99573,0.999399,0.031284,-0.014967,-0.033473,0.983027,-0.18038,F,BuildTutorial
53.105,0.304689,1.590691,2.52626,11.740447188491396,9.67035319664551,-0.0555178552138829,-0.101871,-0.083897,0.009101,-0.991212,0.985757,-0.000948,-0.168173,0.035135,0.979079,0.200425,0.190598,1.131402,2.718582,-6.794782579036328,5.66038922648741,-20.22365219814224,-0.066923,0.038132,-0.172167,0.982052,0.937809,-0.343257,-0.051852,0.333049,0.93176,-0.144575,0.396522,1.134946,2.7486,-10.563952826007272,0.5159745245966001,1.7925287982532103,-0.091975,0.005923,0.01599,0.995615,0.999419,0.03075,-0.014735,-0.032929,0.98257,-0.182954,F,BuildTutorial
53.139,0.303609,1.591743,2.525121,11.149117040178256,9.5476540295699,-0.073327931488053,-0.096751,-0.082891,0.008719,-0.991813,0.986106,-0.001256,-0.166112,0.033335,0.981126,0.190473,0.188269,1.131983,2.718977,-6.924368682587971,5.2250144589603496,-20.404808530685195,-0.067432,0.034093,-0.17391,0.981859,0.937186,-0.346107,-0.043494,0.336912,0.930417,-0.144275,0.395684,1.135606,2.74931,-10.710904859085373,0.6229757121583042,1.7888494179210408,-0.093237,0.006869,0.016049,0.995491,0.999391,0.030673,-0.016668,-0.033235,0.982099,-0.185413,F,BuildTutorial
53.172,0.302277,1.592426,2.524241,10.79916505439682,9.224067391499576,-0.0763870638939684,-0.093743,-0.080114,0.008228,-0.992334,0.987028,-0.00131,-0.160542,0.031351,0.982289,0.184731,0.186411,1.132653,2.719231,-7.025707476265423,5.08129111393329,-20.466980372640663,-0.068099,0.032666,-0.174479,0.98176,0.93698,-0.347043,-0.040377,0.338145,0.929839,-0.145112,0.394899,1.136217,2.74982,-10.857126779060746,0.8157637154066414,1.7224214001146023,-0.094485,0.008508,0.015636,0.995367,0.999366,0.02952,-0.019892,-0.032736,0.981656,-0.187829,F,BuildTutorial
53.205,0.300638,1.592865,2.523574,10.53457929137253,8.695807102684542,-0.0059159980974006,-0.091534,-0.075497,0.007011,-0.992911,0.988502,-0.000101,-0.151206,0.027743,0.983145,0.180712,0.185416,1.13315,2.719142,-7.12228858025185,5.08968229961374,-20.557222286810063,-0.068964,0.032532,-0.175201,0.981575,0.936493,-0.348433,-0.039699,0.339458,0.929097,-0.146786,0.393872,1.136799,2.750213,-10.87469090738797,0.8191681716654865,1.7105999404316024,-0.094638,0.00853,0.015537,0.995354,0.999372,0.029316,-0.019922,-0.032545,0.981605,-0.188131,F,BuildTutorial
53.238,0.298851,1.593372,2.522929,10.324946892533816,8.131167311141972,-0.0387054348270056,-0.08973,-0.070641,0.006715,-0.993435,0.98993,-0.000665,-0.14156,0.026019,0.983807,0.177334,0.185218,1.133513,2.718627,-7.297417471920316,5.095797066082083,-20.674743339007424,-0.070505,0.032236,-0.17612,0.981311,0.935885,-0.350203,-0.038433,0.341112,0.928021,-0.149729,0.392216,1.137122,2.750249,-10.862427231497517,0.5627127509653401,1.7834971650092752,-0.094562,0.006361,0.015958,0.995371,0.99941,0.030565,-0.01568,-0.03297,0.981607,-0.188046,F,BuildTutorial
53.272,0.297095,1.593653,2.522265,10.140328463827672,7.617699737848097,-0.1702226159659411,-0.088082,-0.066299,0.007347,-0.993877,0.991101,-0.002925,-0.13308,0.026283,0.984375,0.17411,0.185245,1.133901,2.718042,-7.489827807332937,5.076054596469279,-20.820643837561928,-0.072161,0.03167,-0.177289,0.980999,0.935132,-0.352411,-0.03655,0.343269,0.926723,-0.152808,0.390439,1.137503,2.750246,-10.89010803821428,0.2392894021193834,1.8181286300859107,-0.094846,0.003584,0.015992,0.995357,0.999463,0.031155,-0.010168,-0.032515,0.981497,-0.188696,F,BuildTutorial
53.305,0.295446,1.59403,2.521776,9.937632671319632,7.0780222735589815,-0.2983112660768537,-0.086288,-0.061721,0.007935,-0.994325,0.992255,-0.005128,-0.12411,0.026431,0.984983,0.170617,0.185558,1.133907,2.717469,-7.556772096434237,5.1279779227298405,-20.796381651317603,-0.072807,0.032023,-0.177016,0.980989,0.93528,-0.351964,-0.037053,0.342638,0.926729,-0.154183,0.388656,1.137581,2.750185,-10.913284182220533,0.066934156452651,1.8300867191258032,-0.095071,0.0021,0.015953,0.99534,0.999482,0.031359,-0.007214,-0.032158,0.981414,-0.18919,F,BuildTutorial
53.339,0.293879,1.59446,2.521363,9.687658029882122,6.5456868547020015,-0.4165606224331366,-0.084095,-0.057193,0.008437,-0.994779,0.993316,-0.007168,-0.115208,0.026406,0.985714,0.166347,0.186251,1.133523,2.716777,-7.522273602485612,5.248478667634478,-20.7406075050132,-0.072682,0.033145,-0.176479,0.981058,0.935513,-0.35109,-0.039381,0.341454,0.927145,-0.15431,0.386832,1.137598,2.749863,-10.873851712742352,-0.2309967202390889,1.9151658494727624,-0.09477,-0.000423,0.016446,0.995363,0.999459,0.032819,-0.002275,-0.032658,0.981496,-0.188676,F,BuildTutorial
53.372,0.292437,1.594814,2.520884,9.464714079008246,6.069208095435166,-0.5466539642204569,-0.082133,-0.053151,0.009115,-0.995161,0.994184,-0.009411,-0.107285,0.026873,0.986342,0.162503,0.187117,1.133017,2.715936,-7.45026515932668,5.487989549123324,-20.85783489472506,-0.072471,0.035236,-0.177367,0.98084,0.934598,-0.353045,-0.043414,0.342831,0.926578,-0.154664,0.384986,1.137159,2.749719,-10.70985694267548,-0.5555079394745445,2.0344543245623106,-0.093395,-0.003169,0.017223,0.995475,0.999387,0.034882,0.003093,-0.033698,0.981962,-0.186053,F,BuildTutorial
53.405,0.291261,1.595369,2.520594,9.203371015899704,5.788262169840596,-0.5645282340538453,-0.079877,-0.050722,0.008955,-0.995473,0.994694,-0.009726,-0.102416,0.025932,0.987079,0.158123,0.187248,1.132849,2.715715,-7.2814652024911934,5.8445555552925965,-21.08237368621935,-0.071655,0.038418,-0.179153,0.980456,0.932857,-0.356809,-0.04966,0.345797,0.92554,-0.154275,0.383416,1.136969,2.749603,-10.64068529237848,-0.7607177797097106,2.037824719694025,-0.092825,-0.00496,0.01709,0.995524,0.999367,0.034948,0.006703,-0.033107,0.982183,-0.184988,F,BuildTutorial
53.439,0.290423,1.595672,2.52025,9.072249367055967,5.6183451935431155,-0.4223769942673518,-0.078812,-0.049147,0.007546,-0.995649,0.995055,-0.00728,-0.099056,0.022773,0.987464,0.156196,0.187984,1.132679,2.714747,-7.216985818750226,6.111689595862464,-21.3257215525766,-0.071608,0.040656,-0.181103,0.980011,0.931098,-0.360788,-0.05375,0.349142,0.924148,-0.15508,0.382107,1.137056,2.749367,-10.561730698270464,-0.916039998465229,2.0354333607949227,-0.092162,-0.006324,0.01695,0.99558,0.999345,0.034915,0.009468,-0.032584,0.982438,-0.183723,F,BuildTutorial
53.472,0.289582,1.595854,2.520236,8.994029460551268,5.496201687615495,-0.2702925856370275,-0.078204,-0.047982,0.006108,-0.995763,0.995321,-0.00466,-0.096513,0.019669,0.987694,0.155159,0.188045,1.133019,2.714151,-7.249957836765811,6.328389628865261,-21.62079935736716,-0.072341,0.042269,-0.183471,0.979448,0.929104,-0.365516,-0.056255,0.353285,0.922211,-0.157218,0.380863,1.137189,2.749511,-10.457827379851883,-1.0528504458390333,1.998290506602134,-0.091277,-0.007559,0.016527,0.99566,0.999339,0.034291,0.012036,-0.031531,0.982791,-0.182011,F,BuildTutorial
53.506,0.288945,1.596193,2.520274,8.856419841815127,5.3903358755627835,-0.1503191280309948,-0.077063,-0.046983,0.004937,-0.995907,0.995537,-0.002593,-0.094341,0.017075,0.988074,0.15303,0.188127,1.133273,2.713539,-7.261733975969236,6.608363019601169,-21.987288349283087,-0.073032,0.044409,-0.186418,0.978746,0.926552,-0.371398,-0.059702,0.358425,0.91983,-0.159516,0.379868,1.137313,2.749692,-10.418705188006552,-1.1986541744609178,1.998412947029653,-0.090958,-0.008832,0.016416,0.99568,0.999305,0.034297,0.014602,-0.031084,0.982914,-0.18142,F,BuildTutorial
53.539,0.288133,1.596296,2.5204,8.807899582032983,5.250022665745884,-0.1182954730824652,-0.07666,-0.045743,0.004545,-0.995997,0.995774,-0.00204,-0.091816,0.016067,0.988205,0.15229,0.187833,1.133546,2.713305,-7.210328013870586,6.9214096215990235,-22.19016777280751,-0.073186,0.04704,-0.187982,0.978312,0.9249,-0.374695,-0.064524,0.360924,0.918613,-0.160883,0.378887,1.137711,2.749988,-10.47026310831868,-1.3727183343051057,2.033661679875222,-0.091434,-0.010308,0.016578,0.99562,0.999238,0.034895,0.017495,-0.031125,0.98273,-0.182409,F,BuildTutorial
53.572,0.287411,1.596475,2.520651,8.724318392724376,5.112034044944535,-0.1977520987022088,-0.075908,-0.044598,0.005111,-0.996104,0.99597,-0.003411,-0.089624,0.016952,0.988424,0.150768,0.186925,1.133889,2.71359,-7.198305005161455,6.964688253662833,-22.116512754783223,-0.073124,0.047477,-0.187333,0.97842,0.925304,-0.373524,-0.065508,0.359637,0.919118,-0.16088,0.378237,1.138002,2.750452,-10.46612487394713,-1.5374676140064092,2.1240059791073924,-0.091431,-0.011668,0.017232,0.995594,0.999134,0.036446,0.020082,-0.032179,0.982687,-0.182459,F,BuildTutorial
53.605,0.286873,1.59647,2.520679,8.705927898946053,5.026243468899886,-0.2575505422474406,-0.075729,-0.043892,0.005567,-0.996146,0.996085,-0.004444,-0.08829,0.01774,0.988468,0.150385,0.186329,1.134085,2.713505,-7.335686822832159,6.769232400036432,-22.129795105265902,-0.073981,0.045566,-0.187487,0.978417,0.925544,-0.373624,-0.061425,0.36014,0.918751,-0.161854,0.377566,1.138454,2.751221,-10.432759964949662,-1.629043597829566,2.134533166133997,-0.091156,-0.012461,0.017255,0.995609,0.999094,0.03663,0.021666,-0.032086,0.982786,-0.181942,F,BuildTutorial
53.639,0.286343,1.596216,2.520652,8.839218126793254,4.95259319451356,-0.2954867246632985,-0.076877,-0.043276,0.005898,-0.996084,0.996185,-0.005095,-0.087119,0.018403,0.98811,0.152642,0.185866,1.133902,2.713268,-7.334226727000675,6.68150979571134,-22.339899342682408,-0.073907,0.044684,-0.189338,0.978106,0.924309,-0.376991,-0.059425,0.363781,0.917378,-0.161498,0.377271,1.138893,2.75176,-10.492772477162289,-1.6128359734215425,2.2005257838976484,-0.091682,-0.012257,0.017833,0.995553,0.999064,0.037755,0.021135,-0.03326,0.982553,-0.182987,F,BuildTutorial
53.672,0.285972,1.595923,2.520527,9.018226105069925,4.941352811899889,-0.251618634407503,-0.07845,-0.043147,0.005576,-0.995968,0.996215,-0.004337,-0.086821,0.017877,0.987629,0.155787,0.185225,1.133834,2.713384,-7.275856799449626,6.637776122922145,-22.300613671970876,-0.073322,0.044436,-0.189066,0.978214,0.924559,-0.37641,-0.05921,0.363377,0.917756,-0.160252,0.377108,1.139599,2.752165,-10.584786779462286,-1.5928161424728664,2.264585882471838,-0.092485,-0.012015,0.018393,0.995472,0.999035,0.038843,0.020519,-0.034398,0.982217,-0.184574,F,BuildTutorial
53.705,0.285637,1.595683,2.52055,9.11989334297065,4.964317981462172,-0.1974379191230587,-0.079353,-0.043308,0.005159,-0.995892,0.996196,-0.003403,-0.087078,0.017149,0.987353,0.157608,0.184192,1.134543,2.714057,-7.359125115873155,6.502425978031621,-22.20897887298663,-0.073774,0.043197,-0.188321,0.97838,0.925339,-0.374872,-0.056739,0.362125,0.918185,-0.160628,0.377036,1.140487,2.752584,-10.7295676626311,-1.706090654870473,2.302979313540052,-0.093765,-0.012941,0.018614,0.995336,0.998972,0.039482,0.022271,-0.034628,0.981723,-0.187138,F,BuildTutorial
53.738,0.285337,1.5955,2.520659,9.256476316313446,5.000084666928344,-0.2220150668044109,-0.080529,-0.043634,0.005449,-0.995782,0.996133,-0.003824,-0.087778,0.017879,0.986971,0.159903,0.183766,1.135504,2.714379,-7.551541564650641,6.26433255414817,-22.11880046720098,-0.074991,0.040895,-0.187593,0.978526,0.926273,-0.373262,-0.051898,0.360995,0.918371,-0.162104,0.376737,1.141225,2.753164,-10.837509886531958,-1.8939772690997492,2.3594034351431303,-0.09474,-0.014506,0.018933,0.995216,0.998862,0.040433,0.025286,-0.034936,0.981332,-0.189122,F,BuildTutorial
53.772,0.285078,1.595186,2.520639,9.443210242755194,5.055932707179272,-0.1905224304345322,-0.082161,-0.044094,0.005286,-0.995629,0.996056,-0.003281,-0.088671,0.017772,0.986443,0.163137,0.183532,1.136673,2.71462,-7.710131660512928,6.128613534158196,-21.99939843878722,-0.07608,0.039546,-0.186572,0.978693,0.927254,-0.37121,-0.049018,0.359176,0.918806,-0.163674,0.376589,1.142038,2.753478,-10.875961394288623,-1.9709265616164169,2.437589720939374,-0.095097,-0.015102,0.019542,0.995162,0.99878,0.041766,0.026341,-0.036022,0.98115,-0.189863,F,BuildTutorial
53.805,0.284946,1.59494,2.52062,9.59111789016296,5.119884312708916,-0.1342191665811012,-0.083465,-0.044606,0.0049,-0.9955,0.995973,-0.00231,-0.089628,0.017202,0.986019,0.165741,0.184017,1.13784,2.714553,-7.934040538963143,6.189299995564047,-21.75683021237346,-0.078004,0.039851,-0.184331,0.978953,0.928868,-0.36712,-0.049267,0.354686,0.919875,-0.167416,0.376961,1.143042,2.753724,-11.084996668460748,-1.9360368540501904,2.4605594162447955,-0.096909,-0.014738,0.019736,0.994988,0.998787,0.04213,0.025504,-0.036417,0.980438,-0.193428,F,BuildTutorial
53.838,0.284926,1.594609,2.520636,9.777317750387963,5.144633657993111,-0.0739467049561295,-0.085105,-0.044772,0.004467,-0.995356,0.995951,-0.001272,-0.089888,0.016513,0.985475,0.169019,0.18471,1.139132,2.714795,-8.226957799981625,6.2830295421275615,-21.64246211551174,-0.080613,0.040242,-0.183119,0.978953,0.929696,-0.365018,-0.049267,0.352042,0.919938,-0.17257,0.377159,1.143901,2.754299,-11.17265970022668,-1.9894793274163003,2.549016780141194,-0.097691,-0.015109,0.020444,0.994892,0.998708,0.043631,0.026069,-0.037727,0.980077,-0.195002,F,BuildTutorial
53.872,0.284919,1.594284,2.520441,10.016784039137304,5.213129156830721,-0.0186246123920165,-0.087204,-0.045318,0.004132,-0.995151,0.995858,-0.000321,-0.090918,0.016129,0.984757,0.173187,0.185144,1.140788,2.715329,-8.55770151822408,6.3183340856111,-21.615792932534305,-0.083481,0.040012,-0.182671,0.978806,0.930061,-0.364279,-0.047829,0.350918,0.919325,-0.178042,0.377119,1.144672,2.754697,-11.252260129619566,-2.12974578305652,2.56317849043732,-0.098409,-0.016298,0.020433,0.994803,0.998634,0.043862,0.028404,-0.037446,0.979796,-0.196462,F,BuildTutorial
53.905,0.284888,1.594151,2.520273,10.105486254611971,5.218952893713077,-0.0061269875186413,-0.087979,-0.045356,0.004063,-0.995081,0.995853,-0.000105,-0.090981,0.016067,0.984486,0.174725,0.185779,1.142577,2.715561,-8.894509691862115,6.4342386050510605,-21.534991451856374,-0.086509,0.040502,-0.181693,0.978705,0.930695,-0.362655,-0.047844,0.348639,0.919008,-0.184051,0.377584,1.145841,2.754906,-11.521944830628366,-2.1089775493133187,2.641696887889072,-0.100757,-0.015992,0.021084,0.994559,0.9986,0.04516,0.027562,-0.038715,0.978807,-0.201092,F,BuildTutorial
53.938,0.284969,1.594178,2.51999,10.127036675735091,5.185140053107988,-0.0806906938456887,-0.088138,-0.045119,0.004693,-0.995075,0.995885,-0.001386,-0.090621,0.017293,0.984419,0.174985,0.186465,1.144282,2.715758,-9.178525723462425,6.568969579483315,-21.404931922606625,-0.089097,0.041282,-0.180305,0.978697,0.931572,-0.360284,-0.048675,0.345572,0.919104,-0.189285,0.37826,1.146512,2.755037,-11.636329011911116,-2.042093676258523,2.721459793229369,-0.101748,-0.015316,0.021815,0.994453,0.998579,0.046504,0.026022,-0.040271,0.978343,-0.203036,F,BuildTutorial
53.972,0.28517,1.594167,2.519515,10.158021822845186,5.218074394547298,-0.102620739488477,-0.088397,-0.045421,0.004921,-0.995037,0.995826,-0.001762,-0.091261,0.017823,0.984323,0.17547,0.187281,1.145728,2.715935,-9.422900079108604,6.737869848100916,-21.37041828720208,-0.091433,0.042348,-0.179724,0.978543,0.931812,-0.35948,-0.050014,0.343992,0.918679,-0.194163,0.378888,1.147093,2.755292,-11.697584559041706,-2.001164852476472,2.7542140515636215,-0.102276,-0.014918,0.022125,0.994398,0.998576,0.047054,0.025143,-0.040951,0.9781,-0.204067,F,BuildTutorial
54.005,0.285432,1.593944,2.519017,10.240110245038164,5.278962898080243,-0.0956212089680217,-0.08911,-0.045942,0.00494,-0.99495,0.99573,-0.001643,-0.0923,0.018018,0.98407,0.176866,0.188021,1.147183,2.716343,-9.536141810203953,6.8254671246339695,-21.121325848722048,-0.092442,0.04311,-0.177454,0.978829,0.933304,-0.355364,-0.051585,0.339423,0.919929,-0.196271,0.37998,1.147824,2.755255,-11.716822147272264,-1.789325713215756,2.719985812041615,-0.102398,-0.013106,0.022014,0.994414,0.998687,0.046465,0.021557,-0.041097,0.97806,-0.20423,F,BuildTutorial
54.038,0.285599,1.593332,2.518394,10.54013936610432,5.345491389045378,-0.1196842643772111,-0.091702,-0.04653,0.005322,-0.994685,0.995613,-0.002055,-0.093542,0.019122,0.983125,0.181934,0.188076,1.149777,2.71849,-9.51769681923826,6.9674092857510885,-20.12398189874813,-0.092115,0.045156,-0.168826,0.980293,0.938918,-0.339317,-0.05743,0.322678,0.926025,-0.195847,0.380572,1.149498,2.756076,-11.358515150645228,-1.9561598956691255,3.2665986687346584,-0.099389,-0.014159,0.02667,0.99459,0.998177,0.055867,0.022862,-0.050238,0.978821,-0.198459,F,BuildTutorial
54.071,0.285566,1.592263,2.517555,11.176009175763433,5.357953574583432,-0.1062417651520342,-0.097225,-0.046608,0.005473,-0.994156,0.995596,-0.001819,-0.093736,0.019945,0.981035,0.192803,0.190017,1.15419,2.720208,-9.927160033408722,7.308099859246568,-19.207062756772295,-0.095729,0.048198,-0.160429,0.981211,0.943879,-0.324058,-0.063869,0.305602,0.930197,-0.203326,0.380554,1.154182,2.757761,-10.827537343521325,-2.7059329734199364,4.835891684540262,-0.095229,-0.019506,0.039763,0.99447,0.996077,0.082802,0.031223,-0.075372,0.978701,-0.190956,F,BuildTutorial
54.105,0.285328,1.590955,2.516891,11.784410337121749,5.265572460765914,-0.0772061143905987,-0.102518,-0.045761,0.005385,-0.993663,0.995754,-0.001319,-0.092047,0.020085,0.978922,0.203245,0.19103,1.162549,2.725811,-10.919010805359193,8.162925116731582,-19.638989713535445,-0.105594,0.053629,-0.162668,0.979547,0.941326,-0.330008,-0.070711,0.307356,0.924778,-0.224317,0.380764,1.163474,2.761912,-9.811588321328546,-3.767776554390479,4.47470050297739,-0.086685,-0.029392,0.036066,0.995149,0.995671,0.076878,0.052245,-0.066687,0.98237,-0.174649,F,BuildTutorial
54.138,0.28468,1.589659,2.515962,12.491473672577811,5.09348560732692,-0.0920636254400065,-0.10865,-0.044258,0.005632,-0.993079,0.996019,-0.00157,-0.089127,0.020804,0.976327,0.215296,0.191802,1.174074,2.732624,-11.96105487409574,8.664984576334444,-20.005828072162867,-0.115364,0.055945,-0.164508,0.978008,0.939615,-0.334688,-0.071472,0.308872,0.919257,-0.244059,0.381979,1.174947,2.767143,-8.740698439126007,-4.085067546490271,3.1205309107089634,-0.077094,-0.033451,0.024417,0.996163,0.99657,0.053803,0.062881,-0.043488,0.986921,-0.15523,F,BuildTutorial
54.172,0.283829,1.588153,2.514492,13.357373559803287,4.816366925137087,-0.0619198849458825,-0.116176,-0.041796,0.005423,-0.992334,0.996447,-0.001052,-0.084211,0.020475,0.972948,0.230117,0.185481,1.18332,2.742104,-7.944533226705409,4.9378260750729845,-8.7596090603194,-0.072289,0.037563,-0.073138,0.993989,0.98648,-0.150828,-0.064101,0.139966,0.97885,-0.149204,0.380763,1.180378,2.771065,-3.91124710062282,-5.364882694896756,-0.3500834851019092,-0.033945,-0.046877,-0.004647,0.998313,0.995562,-0.006095,0.093911,0.01246,0.997652,-0.06734,F,BuildTutorial
54.205,0.282783,1.586601,2.513009,14.270788863360286,4.422652942198799,0.1048074734830878,-0.124157,-0.038173,0.003886,-0.991521,0.997056,0.001773,-0.076663,0.017185,0.96914,0.245912,0.182548,1.187688,2.74909,-2.6762530948954284,3.907407558358285,-0.3803261581311445,-0.023452,0.034005,-0.00252,0.999143,0.997675,-0.00663,-0.067834,0.00344,0.998887,-0.047035,0.373657,1.186866,2.772786,0.1378412508847907,-8.88873353544451,1.4613282926167213,0.000211,-0.0775,0.012807,0.99691,0.98766,0.025502,0.154527,-0.025567,0.999672,-0.001564,F,BuildTutorial
54.238,0.281474,1.584423,2.511263,15.426300714498383,3.9612644262773458,0.1024752326937153,-0.134164,-0.034129,0.003753,-0.990364,0.997642,0.001723,-0.068608,0.016592,0.963972,0.265486,0.188933,1.190015,2.752765,1.642292532953415,5.584596103103153,-4.20618483779884,0.012517,0.049203,-0.037348,0.998012,0.992368,-0.073316,-0.099145,0.07578,0.996897,0.021309,0.372107,1.195183,2.777332,1.4291260984419,-9.583972675484498,-1.8122485739871728,0.013747,-0.083325,-0.014716,0.996319,0.985681,-0.031615,0.165632,0.027034,0.999189,0.029845,F,BuildTutorial
54.272,0.280043,1.58198,2.508805,16.863300367526048,3.494960473630856,-0.039126872107078,-0.146551,-0.030215,0.004809,-0.98873,0.998128,-0.000653,-0.061159,0.018365,0.956999,0.289508,0.192135,1.193983,2.757559,0.8612844982107473,5.876396134645223,-1.9742734175513472,0.006622,0.051379,-0.01759,0.998502,0.994102,-0.034446,-0.102837,0.035807,0.999294,0.011417,0.372433,1.20328,2.781024,0.1181230379058259,-8.892342178925794,-4.702131412942239,0.004207,-0.077415,-0.040819,0.996154,0.984682,-0.081975,0.153891,0.080673,0.996632,0.014703,F,BuildTutorial
54.305,0.278787,1.579915,2.506592,17.919011600604076,3.0728477256632423,-0.1138820131821774,-0.155654,-0.02664,0.005157,-0.987439,0.998527,-0.001891,-0.054217,0.018478,0.951491,0.307123,0.19346,1.197579,2.76137,-1.3076895880624158,5.295379487541404,-0.9925969924440304,-0.011799,0.046091,-0.008125,0.998835,0.995619,-0.017318,-0.091882,0.015143,0.99959,-0.024319,0.370088,1.210353,2.78386,-1.59464872700938,-9.144695758070926,-4.242899218040297,-0.010911,-0.080169,-0.038005,0.995997,0.984257,-0.073956,0.160526,0.077455,0.996873,-0.015642,F,BuildTutorial
54.338,0.277728,1.577864,2.504788,18.796953816474595,2.654235167021731,-0.0599377471701314,-0.163244,-0.022935,0.004298,-0.98631,0.998911,-0.00099,-0.046645,0.015966,0.946666,0.321821,0.196986,1.202685,2.764388,-2.939103268522143,5.9239946414438265,-2.0938644607840797,-0.026551,0.05118,-0.016916,0.998193,0.994189,-0.036488,-0.101277,0.031053,0.998018,-0.054737,0.37052,1.217541,2.787306,-2.5824958669624754,-8.153056292791083,-6.4702596833662,-0.018431,-0.072226,-0.057876,0.995537,0.982868,-0.112573,0.145941,0.117898,0.992621,-0.028337,F,BuildTutorial
54.371,0.276744,1.575541,2.503325,19.78364482479192,2.228314825196402,0.0056240647193249,-0.171757,-0.019147,0.003292,-0.984948,0.999245,9.1e-05,-0.038849,0.013063,0.940977,0.338218,0.198342,1.209105,2.769194,-3.67030918843994,5.386759541823807,-0.9575724981487548,-0.03238,0.046698,-0.006838,0.998361,0.995545,-0.016678,-0.092801,0.01063,0.99781,-0.065293,0.371718,1.224477,2.792346,-3.172701989182275,-7.108298119920359,-7.536396130490005,-0.023498,-0.06365,-0.067281,0.995425,0.982844,-0.130954,0.129879,0.136937,0.989842,-0.038217,F,BuildTutorial
54.405,0.275639,1.572951,2.501819,20.854251549095313,1.7248967938383228,-0.0947168539404252,-0.180952,-0.014953,0.003537,-0.983372,0.999528,-0.001544,-0.030689,0.012367,0.934488,0.35578,0.198738,1.214897,2.774912,-4.521528618435166,4.030203102821245,1.8813371171896471,-0.038841,0.035778,0.017781,0.998446,0.996808,0.032728,-0.072827,-0.038287,0.996351,-0.076288,0.372305,1.232363,2.79767,-4.8394874604687335,-6.47458713497779,-8.922792088342009,-0.037636,-0.059529,-0.079971,0.994306,0.980122,-0.154551,0.124399,0.163513,0.984376,-0.065323,F,BuildTutorial
54.438,0.274789,1.570745,2.499908,21.887293733126985,1.2331235980390682,-0.2589027862733636,-0.189808,-0.010994,0.004261,-0.98175,0.999722,-0.004193,-0.023204,0.01254,0.927909,0.372595,0.1989,1.22046,2.781703,-5.202537962012833,2.9783766630594855,3.9713475043495503,-0.044443,0.027518,0.035781,0.997992,0.995925,0.068971,-0.058105,-0.073863,0.993489,-0.086738,0.373495,1.240408,2.804025,-7.620018736458509,-5.1244968079457776,-10.592586626265437,-0.061981,-0.050543,-0.094968,0.992263,0.976853,-0.182201,0.112076,0.194732,0.974279,-0.113404,F,BuildTutorial
54.471,0.274149,1.569503,2.498181,22.35227827837383,0.8491219770642182,-0.4284334425888765,-0.193792,-0.007994,0.005104,-0.980997,0.99982,-0.006917,-0.017662,0.013113,0.924837,0.380138,0.198564,1.225402,2.78847,-5.490031194466795,2.2140779806020694,5.299269036731205,-0.046939,0.021491,0.047091,0.997556,0.994641,0.091935,-0.047297,-0.09597,0.991158,-0.091625,0.375987,1.247845,2.811278,-10.25514538012968,-3.1769356127957114,-12.316407289251524,-0.085862,-0.037034,-0.109267,0.989605,0.973378,-0.209903,0.092061,0.222622,0.961377,-0.161845,F,BuildTutorial
54.505,0.273578,1.568947,2.496696,22.51929292503325,0.553868415278148,-0.533298750913877,-0.195229,-0.005649,0.005508,-0.980726,0.999876,-0.008598,-0.013231,0.013009,0.923711,0.382869,0.196111,1.231869,2.797347,-6.045419199807021,1.0492439328308123,7.633046872119806,-0.052004,0.012633,0.066948,0.99632,0.990717,0.13209,-0.032136,-0.134718,0.985627,-0.101934,0.378871,1.254624,2.819874,-12.18336124041762,-1.1291365371791335,-13.367753206703766,-0.104253,-0.022082,-0.116767,0.987426,0.971756,-0.225992,0.067954,0.235201,0.950994,-0.200728,F,BuildTutorial
54.538,0.273197,1.568873,2.495167,22.491556319191215,0.4277027351487742,-0.3956198644199099,-0.195003,-0.004334,0.004114,-0.980785,0.999929,-0.00638,-0.010107,0.009761,0.923914,0.382475,0.192925,1.237929,2.806724,-6.2135870734507055,-0.3806054073674718,10.701650920936242,-0.05427,0.001752,0.092937,0.99419,0.982719,0.184605,-0.013571,-0.184985,0.976835,-0.107583,0.382677,1.259579,2.829414,-13.155413571761152,0.9716462183429616,-15.833552531669318,-0.114615,-0.007434,-0.135861,0.984048,0.962973,-0.265683,0.045775,0.269092,0.93681,-0.223554,F,BuildTutorial
54.571,0.272869,1.56912,2.493568,22.315789633478865,0.3823141245952186,-0.2082989423909732,-0.193506,-0.003625,0.002429,-0.981089,0.999962,-0.003363,-0.008053,0.006169,0.925099,0.379676,0.190786,1.242225,2.816794,-5.756047205812857,-1.0479808880846029,13.06819427278529,-0.050921,-0.003361,0.11319,0.992262,0.974354,0.22497,-0.004858,-0.224285,0.96919,-0.101815,0.386714,1.26483,2.8407,-13.32409543689002,1.933748782887788,-18.14885411545567,-0.117188,-0.001744,-0.154697,0.980986,0.952132,-0.303102,0.039678,0.303919,0.924672,-0.22938,F,BuildTutorial
54.605,0.272598,1.569697,2.492073,22.0158832116897,0.3584251146501255,-0.0052245346280569,-0.190944,-0.003079,0.000642,-0.981596,0.99998,-8.5e-05,-0.006291,0.002437,0.92708,0.374855,0.188935,1.245204,2.828935,-4.491426531402983,-0.4172705367013461,15.037290707938435,-0.039324,0.00152,0.130606,0.990653,0.96588,0.25865,-0.013283,-0.258889,0.962792,-0.077515,0.389222,1.270092,2.853927,-12.81031804725396,2.026450866540738,-18.708983527293803,-0.112914,-0.000791,-0.159556,0.98071,0.949083,-0.312777,0.037584,0.313135,0.923585,-0.221219,F,BuildTutorial
54.638,0.272183,1.570551,2.491135,21.605475942550775,0.3214709266511371,0.1538508706073022,-0.187431,-0.002504,-0.000793,-0.982274,0.999986,0.002496,-0.004623,-0.000619,0.929738,0.368222,0.189743,1.24921,2.842854,-3.213930870284856,0.4993806031621278,16.85050803252611,-0.027102,0.008418,0.146581,0.988792,0.956886,0.28942,-0.024593,-0.290333,0.955559,-0.051128,0.391082,1.275146,2.86798,-13.18227660495786,1.0652806629304126,-17.818088700245323,-0.114824,-0.008652,-0.152782,0.981529,0.953166,-0.297934,0.05207,0.301907,0.926946,-0.222763,F,BuildTutorial
54.671,0.271924,1.571548,2.4906,21.13431491125116,0.2446866539861779,0.2812324660830316,-0.183392,-0.001649,-0.002021,-0.983036,0.999986,0.004578,-0.0025,-0.003368,0.932726,0.360569,0.19391,1.253039,2.85854,-0.710245301322553,2.278185432027698,17.369641580422368,-0.003124,0.020587,0.151088,0.988301,0.953497,0.298511,-0.041637,-0.298769,0.954326,4.6e-05,0.394776,1.280288,2.883096,-13.609118459038418,1.268107664173768,-19.006105018827565,-0.118664,-0.008723,-0.162634,0.979486,0.946948,-0.316526,0.055685,0.320666,0.918938,-0.229623,F,BuildTutorial
54.704,0.271592,1.572561,2.490782,20.672262677730593,0.1607213849994688,0.252142888389792,-0.179425,-0.000985,-0.001913,-0.983769,0.999991,0.004118,-0.001252,-0.003411,0.935606,0.353029,0.200111,1.256526,2.873946,1.1672592745045325,3.5384434971611443,17.903405961976976,0.014861,0.028912,0.155209,0.987347,0.950149,0.307349,-0.052479,-0.305631,0.951379,0.03832,0.399848,1.284919,2.900561,-13.685984311031149,2.7555864076303824,-20.463917791838472,-0.121461,0.002335,-0.173498,0.977313,0.939786,-0.339691,0.037582,0.338556,0.910292,-0.23822,F,BuildTutorial
54.738,0.271178,1.573146,2.49135,20.359226446435606,0.1109888878360959,0.2388071737462476,-0.176736,-0.000585,-0.00188,-0.984256,0.999992,0.003907,-0.000487,-0.003494,0.937522,0.347909,0.210831,1.258712,2.887338,2.2477348909561337,4.6089337313127245,17.2331837049849,0.0254,0.036812,0.148892,0.987842,0.952952,0.296034,-0.065164,-0.292294,0.954372,0.061145,0.407206,1.287544,2.919332,-14.189045944838153,4.213569314479647,-20.911039052481215,-0.127994,0.013477,-0.175496,0.976031,0.938039,-0.346029,0.018617,0.339129,0.905637,-0.254583,F,BuildTutorial
54.771,0.270801,1.573468,2.492125,20.277470899222088,0.0597760439806094,0.3082321214842248,-0.176033,-4e-05,-0.002556,-0.984381,0.999987,0.005047,0.00082,-0.005019,0.938012,0.346568,0.224345,1.259554,2.900474,3.2423198471565264,4.10742818755993,17.088290268843714,0.033281,0.031224,0.147414,0.988022,0.954589,0.293374,-0.051889,-0.289217,0.954323,0.07497,0.416447,1.288697,2.94113,-12.441900854458924,4.234040926700941,-20.972697021890248,-0.113164,0.016401,-0.17687,0.97757,0.936896,-0.349516,0.007965,0.342093,0.911822,-0.227052,F,BuildTutorial
54.805,0.270593,1.574511,2.493658,19.88900251635889,0.0267401433739683,0.4046641231411996,-0.172694,0.00038,-0.003438,-0.98497,0.999976,0.006642,0.001936,-0.006904,0.94033,0.340193,0.240495,1.258964,2.912555,3.7603149107674585,2.3613255770831225,16.648562100307227,0.035438,0.015628,0.143998,0.98882,0.958041,0.285883,-0.020701,-0.283668,0.956018,0.074585,0.429065,1.28737,2.964297,-10.64234058746092,3.4047161212356434,-21.539062102011524,-0.096592,0.011737,-0.183265,0.978236,0.932552,-0.36082,0.012441,0.356286,0.914168,-0.193283,F,BuildTutorial
54.838,0.27044,1.576757,2.496367,18.825166893977507,0.0423124063283329,0.6679423723700435,-0.163542,0.000589,-0.00569,-0.98652,0.999935,0.011035,0.003023,-0.01142,0.946443,0.322668,0.26085,1.258085,2.924966,4.481660009539807,0.3125537912396595,14.998828995398426,0.039121,-0.002401,0.13031,0.990698,0.966027,0.258008,0.014954,-0.258384,0.962978,0.076888,0.445161,1.28317,2.988286,-9.460732245119411,2.067042492027947,-22.923295952055337,-0.084381,0.001233,-0.196545,0.976856,0.922737,-0.384201,0.030761,0.383785,0.9085,-0.165341,F,BuildTutorial
54.871,0.270514,1.580724,2.499661,16.95351790918175,0.0503761702102922,1.1698072122385197,-0.147405,0.00107,-0.010032,-0.989025,0.999797,0.019528,0.005075,-0.020159,0.956342,0.291553,0.28401,1.256192,2.93742,6.075746967044777,-2.0705483212699396,14.082737299768104,0.050376,-0.024402,0.123344,0.990784,0.968382,0.241955,0.060781,-0.246872,0.964497,0.093804,0.464194,1.280048,3.012986,-9.165121031862604,0.3825073044391421,-23.688305085475964,-0.078877,-0.013142,-0.204332,0.97563,0.916152,-0.396631,0.057877,0.400778,0.904054,-0.148539,F,BuildTutorial
54.905,0.270278,1.586546,2.503905,14.317027428907137,0.0944129792147838,1.475409905050853,-0.124615,0.000787,-0.012672,-0.992124,0.999678,0.024948,0.004719,-0.02534,0.968621,0.247247,0.311034,1.252933,2.951542,8.356371850085134,-3.762915197398502,13.228230827640104,0.068563,-0.040914,0.11719,0.989895,0.969185,0.2264,0.097072,-0.237621,0.963131,0.126152,0.484697,1.275739,3.038239,-9.146335209409848,-2.206615344956083,-23.01444850377079,-0.074286,-0.034711,-0.200324,0.976293,0.917331,-0.385993,0.097538,0.396307,0.908704,-0.131142,F,BuildTutorial
54.939,0.270353,1.592039,2.507879,11.724967956513533,0.1793470038911182,1.7398254013812058,-0.102153,-6e-06,-0.014943,-0.994657,0.999553,0.029727,0.003041,-0.029725,0.978683,0.203215,0.341456,1.249521,2.966497,10.162559371898094,-5.773498433459631,12.98305198095842,0.082218,-0.059843,0.116901,0.987924,0.965506,0.221138,0.137464,-0.240819,0.959149,0.14846,0.508353,1.271886,3.065132,-9.710693714569622,-5.911350057073413,-21.790286795317435,-0.073293,-0.066429,-0.192369,0.976324,0.917163,-0.365892,0.157911,0.385367,0.915244,-0.117558,F,BuildTutorial
54.971,0.27082,1.597476,2.511855,9.041726026383772,0.3043920374204668,1.9070262869524723,-0.078855,-0.001336,-0.01638,-0.996751,0.99946,0.032865,-8e-05,-0.032443,0.987027,0.157242,0.374015,1.246433,2.981779,10.908839136094596,-8.598715128528655,13.85799842978058,0.085091,-0.085518,0.126829,0.984561,0.953202,0.235188,0.18998,-0.264296,0.953348,0.145863,0.534491,1.268084,3.093335,-9.839346730378578,-9.741154928134511,-21.360194024109862,-0.068292,-0.098963,-0.191131,0.974172,0.90735,-0.358872,0.21892,0.385906,0.91761,-0.095227,F,BuildTutorial
55.004,0.271334,1.601598,2.515223,6.7543670906139806,0.4776624674823673,2.037723377620646,-0.058973,-0.003113,-0.017505,-0.998101,0.999368,0.035311,-0.00415,-0.034576,0.992432,0.117831,0.413153,1.243115,2.997833,10.82995496601225,-11.169963913536211,13.74196641984812,0.081655,-0.107428,0.127653,0.982597,0.944328,0.233319,0.231964,-0.268407,0.954074,0.13304,0.564463,1.264109,3.12444,-9.761683245090548,-13.389325538906226,-21.543070994228028,-0.061306,-0.129902,-0.19469,0.97029,0.890443,-0.361884,0.275956,0.393739,0.916675,-0.068388,F,BuildTutorial
55.038,0.271949,1.605406,2.518137,4.592697126457083,0.6333465895714934,2.2693613308241014,-0.040169,-0.004728,-0.019565,-0.99899,0.99919,0.03947,-0.007874,-0.038711,0.996007,0.080442,0.43425,1.245553,3.026361,10.74311263601591,-13.756521991351804,13.882039916126342,0.07785,-0.129592,0.13058,0.979844,0.93231,0.235719,0.274291,-0.276074,0.953776,0.118718,0.594806,1.259815,3.155445,-9.989260208617049,-16.9109942224936,-21.62258060249136,-0.057111,-0.160036,-0.197406,0.965483,0.870838,-0.362905,0.331573,0.399465,0.915538,-0.047096,F,BuildTutorial
55.071,0.272726,1.607735,2.520263,3.0016710201314947,0.7484222849398623,2.574081379008862,-0.026331,-0.005939,-0.022282,-0.999387,0.998937,0.04485,-0.010698,-0.044224,0.99762,0.052894,0.473911,1.241607,3.046361,9.942520394440493,-17.244262052569564,14.31068751483336,0.066406,-0.158862,0.135579,0.97569,0.912763,0.243467,0.328007,-0.285665,0.954417,0.086507,0.62572,1.255494,3.188095,-11.170780736856772,-22.619350886557147,-18.83056055037021,-0.062224,-0.208164,-0.178481,0.959656,0.849624,-0.316656,0.421744,0.368467,0.928545,-0.045121,F,BuildTutorial
55.104,0.273545,1.608848,2.521584,2.0366998074416296,0.832781921655872,2.6262503144133724,-0.017934,-0.006857,-0.022783,-0.999556,0.998868,0.045793,-0.01289,-0.045301,0.998319,0.036165,0.515569,1.23618,3.065855,8.426535537328428,-20.8236080792153,15.479769856238107,0.047328,-0.188323,0.145257,0.970152,0.88687,0.264017,0.379152,-0.299669,0.953321,0.03712,0.654949,1.251334,3.21952,-12.30875300124388,-28.662306383281425,-14.342539278555778,-0.072337,-0.257141,-0.146583,0.952449,0.824784,-0.242023,0.511034,0.316426,0.946562,-0.06241,F,BuildTutorial
55.139,0.274317,1.609633,2.522522,1.4439884281313158,0.937901273877119,2.5732149831425595,-0.012781,-0.007899,-0.022348,-0.999637,0.998876,0.044882,-0.015221,-0.044478,0.998674,0.025906,0.561365,1.230409,3.086891,7.120497932105755,-23.919862549536663,14.908500606606822,0.033404,-0.212961,0.139433,0.966483,0.870412,0.255292,0.420962,-0.283747,0.958885,0.005182,0.687572,1.247707,3.252744,-13.010737546387634,-33.18970739236523,-12.320049488716457,-0.077501,-0.293776,-0.134345,0.943208,0.791294,-0.207893,0.575007,0.298966,0.95189,-0.067266,F,BuildTutorial
55.171,0.274919,1.610238,2.523483,0.9865636102433318,1.0754950107216064,2.34315185423625,-0.008799,-0.009207,-0.020364,-0.999712,0.999001,0.040879,-0.018051,-0.040554,0.999016,0.017967,0.60741,1.226309,3.107356,5.014196822949931,-27.5023038007176,14.505325056474598,0.012169,-0.240942,0.132824,0.961331,0.84861,0.249511,0.466482,-0.261239,0.96442,-0.04061,0.72107,1.245746,3.285856,-13.998623206918728,-37.00971757004174,-12.620267101706643,-0.080233,-0.325812,-0.141892,0.931276,0.747426,-0.212,0.629611,0.316563,0.946859,-0.056977,F,BuildTutorial
55.205,0.275059,1.610535,2.524344,0.7304140611792046,1.3784459125601942,1.5914931961216814,-0.00654,-0.011939,-0.01381,-0.999812,0.999334,0.02777,-0.023694,-0.027458,0.999533,0.013406,0.653683,1.224559,3.128372,2.054257548416314,-31.33586861159414,14.172313940339922,-0.016182,-0.270085,0.123563,0.954738,0.823573,0.244681,0.511722,-0.227199,0.968941,-0.097644,0.751983,1.243647,3.317429,-13.89216730867448,-41.90898233073087,-10.639249260710926,-0.079538,-0.363943,-0.129008,0.919008,0.701805,-0.179224,0.689455,0.295014,0.954061,-0.052289,F,BuildTutorial
55.238,0.275473,1.610426,2.524671,0.65386892676146,1.874949543771024,0.972965822424048,-0.005844,-0.016312,-0.008396,-0.999815,0.999327,0.01698,-0.032521,-0.016599,0.999791,0.01196,0.702669,1.222632,3.150863,-0.1524674170094833,-33.79660197757379,11.403797104144596,-0.030146,-0.289109,0.094678,0.952126,0.814904,0.197722,0.544828,-0.16286,0.980255,-0.112151,0.783353,1.240798,3.346093,-13.431444712560417,-46.87861143475255,-8.218492363480829,-0.078709,-0.401721,-0.111692,0.905511,0.65229,-0.139039,0.745108,0.265515,0.96266,-0.052805,F,BuildTutorial
55.271,0.275731,1.610064,2.524366,0.8386976785286827,2.314996825581635,0.7641461917081985,-0.007452,-0.020151,-0.006519,-0.999748,0.999103,0.013334,-0.040194,-0.012734,0.999804,0.015164,0.749441,1.221362,3.172037,-3.973324925211534,-37.22142665081723,9.33003673395793,-0.058685,-0.315216,0.066004,0.944901,0.792565,0.161732,0.587949,-0.087738,0.984399,-0.152515,0.816127,1.23878,3.370565,-14.520659957509585,-51.73377769496678,-6.711207423054752,-0.088189,-0.438698,-0.107288,0.887838,0.592067,-0.113131,0.797909,0.267885,0.961424,-0.062462,F,BuildTutorial
55.304,0.276165,1.609272,2.523301,1.236102398252435,2.878878091720444,1.0082176862079666,-0.011004,-0.025023,-0.008524,-0.99959,0.998602,0.017591,-0.049838,-0.01649,0.999613,0.022425,0.792583,1.221051,3.190783,-8.570884497845709,-42.29173723765647,11.753062617312915,-0.106159,-0.350709,0.068409,0.92793,0.744647,0.201419,0.636342,-0.052495,0.968101,-0.245,0.849307,1.236381,3.395681,-16.467618798376947,-56.34040493483359,-6.598925684388002,-0.099149,-0.473718,-0.117712,0.867125,0.523471,-0.110204,0.844887,0.298079,0.952627,-0.060425,F,BuildTutorial
55.338,0.276957,1.608788,2.521788,1.5402172255277626,3.435721034052027,1.4396126523657382,-0.01381,-0.029804,-0.012153,-0.999387,0.997928,0.025113,-0.059236,-0.023467,0.999323,0.028328,0.836204,1.218578,3.210565,-12.554125947109195,-46.05967354157816,12.085390831829471,-0.140999,-0.376112,0.053763,0.914204,0.711298,0.204365,0.672525,0.007762,0.954457,-0.298246,0.883429,1.233187,3.417861,-18.441240802971297,-60.810226723431754,-5.113729202213289,-0.115775,-0.505239,-0.118995,0.846859,0.461148,-0.084556,0.883285,0.318533,0.944873,-0.075849,F,BuildTutorial
55.371,0.277884,1.608828,2.520575,1.5643427014314106,3.8788170523007786,1.7997790664095048,-0.014173,-0.033621,-0.015233,-0.999218,0.997275,0.031396,-0.066758,-0.02949,0.999134,0.029349,0.8815,1.21351,3.232839,-14.515532902089,-48.68143889048425,7.945866711077708,-0.143155,-0.399902,0.010676,0.905246,0.679929,0.133825,0.720963,0.095167,0.958785,-0.267721,0.919221,1.22882,3.440432,-19.35033617843765,-64.59419661157526,-5.003689199468844,-0.118934,-0.532409,-0.126085,0.828552,0.401287,-0.082293,0.912248,0.33558,0.939914,-0.062828,F,BuildTutorial
55.405,0.278826,1.60937,2.51984,1.4770115015162588,4.327299994491784,1.7383770323303265,-0.013451,-0.037551,-0.014671,-0.999097,0.996749,0.030327,-0.074639,-0.028306,0.999208,0.02798,0.924008,1.206533,3.253634,-15.295433056978476,-52.1473662472212,6.153539511504146,-0.142747,-0.428573,-0.010626,0.892096,0.632425,0.103395,0.76769,0.141315,0.959021,-0.24558,0.954973,1.223085,3.460238,-19.51814529545927,-67.98757519729233,-5.180567210310119,-0.115491,-0.556801,-0.131602,0.811983,0.345308,-0.085107,0.934623,0.342328,0.938686,-0.041,F,BuildTutorial
55.438,0.279645,1.610248,2.519412,1.077635556655753,4.80197646545579,1.3318877456697729,-0.009882,-0.041779,-0.011218,-0.999015,0.996257,0.023239,-0.083254,-0.021587,0.999553,0.020682,0.965208,1.199035,3.274135,-15.901887066516666,-55.09482608098844,4.511904439394252,-0.140578,-0.452854,-0.029358,0.879943,0.588123,0.075656,0.805225,0.178989,0.958752,-0.220812,0.99163,1.216579,3.47701,-19.95015987246014,-72.76124504807025,-1.63174638660851,-0.131126,-0.586107,-0.114025,0.791381,0.286955,-0.026766,0.95757,0.334181,0.939609,-0.07388,F,BuildTutorial
55.471,0.280583,1.611319,2.519173,0.5166617326677256,5.3440522750223245,1.2129505776357632,-0.004997,-0.046568,-0.010363,-0.998849,0.995448,0.021167,-0.092926,-0.020236,0.999735,0.010947,1.006785,1.191694,3.292981,-16.259757413062072,-57.70755962041757,3.8941567369332177,-0.140021,-0.473242,-0.038746,0.86887,0.549081,0.065196,0.833222,0.199859,0.957786,-0.206647,1.029385,1.21118,3.492941,-20.384526173672764,-75.9785962056115,-0.5437718872019104,-0.136584,-0.606456,-0.112596,0.775163,0.239067,-0.008896,0.970962,0.340226,0.937334,-0.075181,F,BuildTutorial
55.504,0.281475,1.612139,2.519065,-0.020407125781948,5.924929102881593,1.405408049816442,-0.000456,-0.05168,-0.012257,-0.998588,0.994358,0.024527,-0.103203,-0.024433,0.999699,0.002178,1.048959,1.184624,3.312468,-16.869114838371456,-59.47400806739674,2.594230964127332,-0.138438,-0.487646,-0.053294,0.860347,0.518723,0.043314,0.853845,0.226721,0.955989,-0.186232,1.068259,1.206543,3.510794,-21.346087480651494,-77.63724822874035,-2.382896084236964,-0.131459,-0.61888,-0.131992,0.763076,0.199132,-0.038725,0.979208,0.364154,0.930594,-0.037252,F,BuildTutorial
55.537,0.282334,1.612185,2.518822,-0.2378478562209136,6.450201283784571,1.6705019791792983,0.001252,-0.056283,-0.014671,-0.998306,0.993234,0.029151,-0.112413,-0.029433,0.999566,-0.000849,1.093046,1.178343,3.332222,-17.361370634690957,-61.589526561449645,0.8183985152934078,-0.133259,-0.505161,-0.071203,0.849697,0.479485,0.013632,0.877444,0.255637,0.954344,-0.154522,1.107542,1.203637,3.52645,-22.88582841887752,-80.62622569046061,-1.83743299524188,-0.141091,-0.636449,-0.140319,0.74521,0.150488,-0.029538,0.98817,0.388728,0.920808,-0.031674,F,BuildTutorial
55.57,0.283196,1.611918,2.518766,-0.2269110263901795,7.030664631418982,1.9197460543324951,0.000949,-0.06134,-0.016842,-0.997974,0.991907,0.0335,-0.122464,-0.033733,0.999431,0.000173,1.136168,1.17369,3.350924,-17.623873553073913,-64.29119230019225,-0.2506339739290164,-0.128557,-0.526075,-0.083339,0.836525,0.4326,-0.004169,0.901576,0.274691,0.953056,-0.127397,1.145633,1.202196,3.54065,-23.617583337012277,-84.1089342367861,-0.2618447113918264,-0.150453,-0.656006,-0.13874,0.726479,0.100815,-0.004188,0.994896,0.398979,0.916231,-0.036573,F,BuildTutorial
55.604,0.283762,1.611316,2.518965,-0.0596280582404992,7.561857661385789,1.9570747413823224,-0.000607,-0.065941,-0.017075,-0.997677,0.990721,0.03415,-0.131555,-0.03399,0.999416,0.003463,1.178905,1.171274,3.368414,-18.034256875929525,-66.44545890101931,-0.2618292393817913,-0.129875,-0.541422,-0.087759,0.82601,0.398321,-0.004345,0.917236,0.285615,0.950862,-0.119527,1.18106,1.201732,3.556257,-23.051995363887176,-86.63454585225531,0.0585024791588657,-0.14572,-0.672129,-0.136715,0.712964,0.059103,0.00094,0.998252,0.39083,0.92015,-0.024007,F,BuildTutorial
55.637,0.284181,1.610738,2.519065,0.14335007610512,8.061243617374885,1.9112666654566184,-0.00242,-0.070259,-0.016549,-0.997389,0.98958,0.033351,-0.140071,-0.032671,0.999441,0.007152,1.221509,1.172449,3.385165,-18.812082161684835,-68.32809484122167,0.058458365250599,-0.13551,-0.553945,-0.09136,0.816355,0.369598,0.000965,0.929191,0.299294,0.946581,-0.120031,1.214271,1.199203,3.571927,-22.631352670564773,-88.11587615357068,0.2657664368032109,-0.142588,-0.681539,-0.13481,0.704982,0.034662,0.00428,0.99939,0.384435,0.92299,-0.017286,F,BuildTutorial
55.671,0.284689,1.610197,2.518814,0.463276185497823,8.56560844385339,1.8936150889323329,-0.005265,-0.074602,-0.016176,-0.997068,0.988346,0.033043,-0.148596,-0.031472,0.999421,0.012913,1.263097,1.176006,3.400516,-18.46837697816343,-69.89100674272362,1.0599817376365053,-0.136761,-0.564133,-0.084429,0.80989,0.349252,0.017546,0.936865,0.29106,0.948336,-0.126265,1.24748,1.199328,3.585994,-21.988298004886357,-89.61714828300087,1.1553006169943598,-0.142269,-0.690407,-0.127372,0.697764,0.014229,0.018696,0.999724,0.374198,0.927072,-0.022663,F,BuildTutorial
55.704,0.285176,1.609644,2.518522,0.8162196904478235,9.008096882766669,1.887126223058248,-0.008393,-0.0784,-0.015857,-0.996761,0.987204,0.032927,-0.156025,-0.030295,0.999356,0.019218,1.303733,1.179064,3.419195,-15.702625707067446,-68.76225721291492,-1.7982919796717882,-0.103946,-0.561102,-0.089959,0.816252,0.354143,-0.03021,0.934703,0.263506,0.962205,-0.06874,1.28048,1.201219,3.599633,-22.53166480211111,-91.02435629583316,2.077795967735669,-0.149564,-0.697056,-0.126887,0.689669,-0.003974,0.033488,0.999431,0.383528,0.923061,-0.029404,F,BuildTutorial
55.738,0.285392,1.609231,2.518104,1.1150793813321214,9.31921871563594,1.817906742141753,-0.010986,-0.081068,-0.01502,-0.996535,0.986405,0.031717,-0.161244,-0.028155,0.999307,0.024332,1.341832,1.182725,3.439052,-12.05368011837854,-67.40510666646932,-3.811435183408707,-0.068949,-0.554414,-0.08574,0.824936,0.370548,-0.065007,0.926536,0.217913,0.975789,-0.018687,1.312979,1.204945,3.613089,-23.434880661733377,-91.54409439458408,1.6434741114956126,-0.151703,-0.699534,-0.135715,0.684996,-0.015533,0.026314,0.999533,0.398171,0.917136,-0.017957,F,BuildTutorial
55.771,0.285563,1.609161,2.517591,1.2003378476340163,9.49410301777277,1.6552292506117945,-0.011633,-0.082593,-0.013527,-0.996424,0.985991,0.028879,-0.16428,-0.025036,0.999363,0.025417,1.377683,1.185894,3.458493,-8.610399447026564,-67.57909287874251,-3.760173997327433,-0.044161,-0.556323,-0.068916,0.826925,0.37151,-0.064841,0.926162,0.163112,0.986601,0.003644,1.344497,1.206942,3.623316,-22.521765644181308,-91.80773318868914,3.72641971104561,-0.158715,-0.699557,-0.117979,0.686667,-0.006597,0.060036,0.998174,0.384084,0.921782,-0.052903,F,BuildTutorial
55.804,0.285497,1.609308,2.517327,1.175350155103032,9.54882682073166,1.5156553911846664,-0.011321,-0.083086,-0.012326,-0.996402,0.985889,0.026445,-0.165296,-0.022683,0.99944,0.024609,1.41331,1.186,3.479672,-6.237548515031067,-68.76905619573311,-5.2846535575625495,-0.018855,-0.565378,-0.068682,0.821751,0.351261,-0.091558,0.93179,0.134199,0.989855,0.046674,1.375379,1.207519,3.633056,-21.565049585096823,-91.35579818492492,4.949927108293753,-0.160939,-0.696492,-0.104079,0.691495,0.008134,0.080244,0.996742,0.368126,0.926532,-0.077596,F,BuildTutorial
55.837,0.285478,1.60937,2.517145,1.1182896992806295,9.535133380152091,1.4723221477478394,-0.010792,-0.082978,-0.011992,-0.996421,0.985942,0.02569,-0.165102,-0.022107,0.999479,0.023498,1.449515,1.183829,3.499933,-6.487220423981886,-71.5992131858842,-6.841830013737131,-0.010961,-0.585713,-0.081358,0.806351,0.300642,-0.118367,0.946363,0.144046,0.986521,0.077629,1.406389,1.206616,3.643376,-21.39248493433199,-91.42305362466328,5.363417778083382,-0.162369,-0.696562,-0.100612,0.691604,0.009359,0.087033,0.996162,0.365366,0.927028,-0.084425,F,BuildTutorial
55.871,0.285453,1.609208,2.517196,1.1569827945661113,9.479274581589156,1.438130611767324,-0.011098,-0.082491,-0.011672,-0.996462,0.986118,0.025093,-0.164139,-0.021431,0.999481,0.024043,1.484999,1.179091,3.52036,-8.951240791915021,-74.58757861171193,-8.367006448789326,-0.017848,-0.606974,-0.105014,0.787551,0.241109,-0.143741,0.959794,0.187074,0.977307,0.099369,1.437059,1.20202,3.651607,-21.35672046005333,-93.397911137673,7.455805916831714,-0.173311,-0.705382,-0.090746,0.681297,-0.011597,0.120851,0.992603,0.36815,0.923457,-0.108132,F,BuildTutorial
55.904,0.285405,1.608704,2.517277,1.3765367730497902,9.406809917580818,1.3865362731843376,-0.012963,-0.081841,-0.011073,-0.9965,0.986359,0.024191,-0.162823,-0.019947,0.999419,0.027648,1.519399,1.172561,3.539471,-11.641975648010217,-77.10080773184542,-10.323393585113834,-0.023217,-0.624611,-0.132946,0.769186,0.184372,-0.175517,0.967058,0.233524,0.963573,0.130363,1.46923,1.195187,3.658982,-22.06410767441846,-94.97402536983732,9.623347613418222,-0.189544,-0.710106,-0.084922,0.672764,-0.022924,0.154928,0.98766,0.383458,0.913723,-0.13443,F,BuildTutorial
55.937,0.285392,1.608194,2.517398,1.6358590736517356,9.381148331680034,1.3422039062598228,-0.015184,-0.081594,-0.010505,-0.996495,0.986464,0.023414,-0.162297,-0.018458,0.999318,0.031975,1.550154,1.162843,3.55669,-12.542913990050147,-79.83375380271238,-14.787993102922488,-0.001003,-0.643314,-0.167626,0.747026,0.116097,-0.249152,0.961481,0.251732,0.943801,0.214174,1.50314,1.186201,3.667347,-23.230567610828754,-94.35111350619492,9.496869666604262,-0.195863,-0.704625,-0.092045,0.675773,-0.009937,0.151617,0.988389,0.400423,0.906331,-0.135003,F,BuildTutorial
55.971,0.285523,1.607749,2.517427,1.8936810365370265,9.35524925963692,1.261065049952403,-0.017366,-0.081352,-0.009619,-0.996488,0.986579,0.021996,-0.161798,-0.016345,0.999212,0.036176,1.576461,1.15067,3.571726,-10.523463934120093,-82.66421731688719,-20.46496591970757,0.049059,-0.659413,-0.19243,0.725079,0.056291,-0.343755,0.937371,0.214354,0.921128,0.324925,1.537856,1.177367,3.67769,-25.49692392025893,-93.24245400967789,7.612608619089859,-0.198287,-0.697287,-0.115567,0.679057,0.000871,0.119571,0.992825,0.433479,0.894653,-0.108129,F,BuildTutorial
56.004,0.285624,1.607488,2.517465,2.0656294273204776,9.384574032548572,1.0748172498555704,-0.018731,-0.081619,-0.007872,-0.996457,0.986553,0.018746,-0.162365,-0.012631,0.999174,0.038614,1.599517,1.139634,3.582712,-8.550000398857755,-86.23553355323597,-24.0197345782842,0.088605,-0.678002,-0.201301,0.701385,-0.000416,-0.402528,0.915408,0.16223,0.903254,0.397257,1.57137,1.167299,3.68654,-26.4766970763862,-93.85958011926752,9.67929151335938,-0.215821,-0.695376,-0.110611,0.676491,0.008436,0.150499,0.988574,0.449807,0.882373,-0.13817,F,BuildTutorial
56.037,0.285861,1.607495,2.51729,2.1263882665343754,9.548912589356364,0.9623446219635722,-0.019189,-0.083061,-0.006823,-0.996336,0.986109,0.016783,-0.165252,-0.010407,0.99917,0.039371,1.622814,1.133899,3.57719,-9.199820741266386,-89.9292030735817,-22.782704760833507,0.083499,-0.701725,-0.194853,0.680178,-0.060772,-0.382256,0.922056,0.147883,0.910121,0.387055,1.603116,1.155636,3.694531,-25.51454319405666,-95.24902943463552,12.573114753667747,-0.226832,-0.699878,-0.090169,0.671259,0.004082,0.196456,0.980504,0.438563,0.880833,-0.178311,F,BuildTutorial
56.071,0.286186,1.607413,2.517045,2.1705320822457055,9.731281988179212,0.9019861612259152,-0.019539,-0.084653,-0.006235,-0.996199,0.98559,0.01573,-0.168419,-0.009114,0.999159,0.039985,1.644294,1.125667,3.584796,-9.684851767793436,-91.16247806493332,-23.872808602199186,0.089392,-0.708526,-0.20323,0.66985,-0.086622,-0.39894,0.912877,0.145593,0.901414,0.407745,1.634565,1.14577,3.704145,-25.096792987140272,-95.52554498233124,11.054553438373327,-0.214975,-0.705256,-0.096908,0.668588,-0.013553,0.173641,0.984716,0.432808,0.888789,-0.150769,F,BuildTutorial
56.104,0.286469,1.607252,2.5168,2.286739591496765,9.914951765144464,0.8407918775411901,-0.020513,-0.086251,-0.005584,-0.996047,0.985059,0.014662,-0.171591,-0.007585,0.999096,0.041827,1.665596,1.121039,3.592284,-10.214395982307202,-90.20793987973738,-24.214350266360693,0.086554,-0.703061,-0.20911,0.674157,-0.076042,-0.403652,0.911747,0.16024,0.897563,0.410737,1.664779,1.135857,3.712701,-24.66066355972981,-95.62672681056308,9.362382479521646,-0.202005,-0.709751,-0.104161,0.666782,-0.029192,0.147842,0.98858,0.425652,0.896689,-0.12153,F,BuildTutorial
56.138,0.286723,1.607054,2.516646,2.41309292474821,10.05484503991971,0.8133864364010376,-0.021597,-0.087462,-0.005224,-0.99592,0.984646,0.014183,-0.173985,-0.006627,0.999013,0.043932,1.685037,1.118006,3.597575,-11.394379814711998,-89.43601023918998,-21.651126441946516,0.062216,-0.700931,-0.201407,0.681366,-0.063739,-0.361682,0.93012,0.187246,0.911129,0.367129,1.69166,1.126395,3.719187,-24.065058443146267,-96.12448654366509,9.68185483887286,-0.200222,-0.713175,-0.099359,0.664394,-0.036983,0.153559,0.987447,0.417614,0.900078,-0.124332,F,BuildTutorial
56.171,0.287025,1.606772,2.516518,2.5788728151631477,10.175396340269014,0.7368853559900489,-0.022984,-0.088512,-0.004408,-0.9958,0.984293,0.012848,-0.176077,-0.004711,0.998905,0.046555,1.702103,1.112145,3.604074,-11.48359786528075,-87.51995105708917,-20.50364824285673,0.051373,-0.690042,-0.195987,0.694832,-0.029139,-0.343255,0.93879,0.201457,0.9179,0.34187,1.716018,1.119356,3.724794,-23.31790047120857,-95.46322115622736,8.77826474097242,-0.190989,-0.712207,-0.098693,0.66824,-0.033958,0.140147,0.989548,0.403948,0.907566,-0.114673,F,BuildTutorial
56.204,0.287062,1.606524,2.516491,2.7525411567178537,10.283879116920517,0.6329346473305693,-0.024416,-0.089464,-0.003347,-0.995685,0.98397,0.011034,-0.177993,-0.002296,0.998785,0.049221,1.717456,1.102183,3.612882,-11.00440312224656,-85.22649976414858,-21.155722968259777,0.054348,-0.675428,-0.19829,0.708184,0.008956,-0.354268,0.935101,0.207435,0.915455,0.344839,1.736652,1.113394,3.730609,-21.93126741553221,-94.94154633786373,7.291612882672736,-0.174327,-0.713837,-0.097697,0.671195,-0.038215,0.117735,0.992309,0.38003,0.920131,-0.094536,F,BuildTutorial
56.237,0.287054,1.606479,2.516379,2.8386435408620683,10.322052923299749,0.5050430952078803,-0.025065,-0.089818,-0.00216,-0.995641,0.983856,0.008803,-0.178744,0.000202,0.998734,0.050299,1.730671,1.091648,3.621994,-13.00235053089849,-85.37616307412375,-22.55662165985114,0.05013,-0.676915,-0.218118,0.701212,-0.011578,-0.373762,0.927452,0.238027,0.899823,0.365599,1.752981,1.107431,3.73531,-21.036505355405858,-96.12268474953578,6.960887436125866,-0.166178,-0.722606,-0.095649,0.664136,-0.062617,0.113115,0.991607,0.367209,0.926473,-0.082497,F,BuildTutorial
56.277,0.286964,1.60637,2.516307,2.953299889596067,10.355442493470395,0.4010720169830833,-0.02598,-0.090125,-0.001159,-0.995591,0.983752,0.006992,-0.179396,0.002374,0.998647,0.05194,1.743063,1.082483,3.630442,-16.116232402830036,-85.90308985986836,-23.642762108279655,0.037786,-0.681362,-0.241952,0.689766,-0.045589,-0.385272,0.921677,0.282289,0.880063,0.38184,1.767446,1.102519,3.740392,-21.73074333409024,-96.7031651806208,5.387382005234798,-0.15962,-0.727143,-0.110028,0.658543,-0.081687,0.087217,0.992835,0.377049,0.924831,-0.050221,F,BuildTutorial
56.304,0.286953,1.606263,2.516261,3.0523224895938856,10.42310794253449,0.3405120910480272,-0.026793,-0.090722,-0.000539,-0.995516,0.983539,0.005935,-0.180601,0.003788,0.998564,0.053444,1.753281,1.074564,3.63923,-18.650457374107017,-85.61180846486867,-25.58809591964413,0.032559,-0.680215,-0.267694,0.681607,-0.068704,-0.409218,0.909847,0.320629,0.85456,0.408563,1.778819,1.099249,3.743075,-23.36563814128436,-97.43673354880272,5.1426714766715875,-0.166478,-0.729173,-0.12303,0.652269,-0.09366,0.082285,0.992198,0.403279,0.914298,-0.037757,F,BuildTutorial
56.337,0.28687,1.606128,2.516319,3.1728742903968397,10.487626952082746,0.3311049863350879,-0.027833,-0.091279,-0.000346,-0.995436,0.983336,0.005769,-0.181706,0.004393,0.998451,0.055474,1.760556,1.070249,3.646273,-20.311169881921376,-86.19545223233519,-25.240604888338694,0.021305,-0.684421,-0.274599,0.675062,-0.087674,-0.399906,0.912353,0.341581,0.848283,0.404647,1.788134,1.096102,3.744675,-24.154399094162983,-97.38891451943532,5.18562434276217,-0.171196,-0.727574,-0.127813,0.651914,-0.0914,0.08247,0.992394,0.415762,0.908711,-0.037224,F,BuildTutorial
56.371,0.286717,1.605711,2.51637,3.4144561463031646,10.551166953874592,0.2941906739457056,-0.029902,-0.091829,0.000184,-0.995326,0.983135,0.005126,-0.182811,0.005858,0.998212,0.059491,1.766031,1.067392,3.651693,-20.25816594865993,-87.46478917681448,-23.540148693344285,0.01441,-0.69213,-0.264116,0.671559,-0.097601,-0.374686,0.922,0.334792,0.86007,0.384959,1.794768,1.092272,3.744649,-23.531237335317226,-96.79260656452344,6.487781650344111,-0.176597,-0.723211,-0.115447,0.657611,-0.072724,0.103596,0.991957,0.407271,0.910971,-0.065279,F,BuildTutorial
56.404,0.286654,1.605015,2.516294,3.774024815739635,10.648667008067562,0.2860978368198337,-0.033018,-0.092661,0.000571,-0.99515,0.982827,0.004982,-0.184462,0.007256,0.997819,0.065609,1.770725,1.063639,3.656426,-18.86036706355743,-87.41815504860838,-21.88759231446464,0.013127,-0.691747,-0.246535,0.678627,-0.078587,-0.352771,0.932404,0.316448,0.878097,0.358896,1.799323,1.088703,3.74475,-23.020953338878737,-95.87108821063308,6.847136067093939,-0.176893,-0.718179,-0.108674,0.664167,-0.055181,0.109727,0.992429,0.398436,0.913798,-0.078879,F,BuildTutorial
56.437,0.286786,1.604304,2.516126,4.140734884081405,10.817433871510904,0.305490000154636,-0.036217,-0.094102,0.000753,-0.994903,0.982288,0.005319,-0.1873,0.008314,0.997376,0.071923,1.774505,1.059453,3.660992,-17.803147409696866,-87.07311071023682,-21.27373668604179,0.015366,-0.689533,-0.236954,0.684223,-0.063207,-0.345449,0.936307,0.303067,0.887234,0.347802,1.802946,1.084906,3.74513,-22.871552137230204,-95.35145162887098,6.257792501183666,-0.172855,-0.716301,-0.110349,0.666976,-0.050529,0.100432,0.99366,0.394833,0.915889,-0.072494,F,BuildTutorial
56.47,0.286924,1.603586,2.515967,4.514865614160541,11.054585735726327,0.2772078007810835,-0.039439,-0.09615,0.001388,-0.994584,0.981507,0.004823,-0.191368,0.010346,0.996885,0.078183,1.778334,1.055688,3.664191,-17.954506966029168,-86.94748795753229,-19.386032582789948,0.002801,-0.688958,-0.226515,0.688491,-0.051945,-0.315766,0.947414,0.308047,0.897366,0.315975,1.8063,1.081356,3.745629,-23.37556401181169,-94.4324622160553,5.909925174615439,-0.174465,-0.710656,-0.11419,0.67193,-0.036144,0.094514,0.994867,0.401424,0.913045,-0.072157,F,BuildTutorial
56.504,0.287466,1.60305,2.515653,4.831181347958603,11.531419582774696,0.2223881828738932,-0.042129,-0.10029,0.002305,-0.994063,0.979873,0.003868,-0.199582,0.013033,0.99644,0.083296,1.781767,1.051712,3.667584,-18.373587565543307,-86.3306713868433,-18.49012012602752,-0.006439,-0.685267,-0.223479,0.693127,-0.039068,-0.300973,0.952832,0.318623,0.900032,0.297359,1.8094,1.078258,3.746112,-24.116113289820294,-93.453408267089,5.964193787521102,-0.180047,-0.703614,-0.11702,0.67736,-0.017532,0.094837,0.995338,0.411897,0.907779,-0.079239,F,BuildTutorial
56.537,0.288565,1.60246,2.515091,5.163417710460037,12.296787847525298,0.0643074008733501,-0.044845,-0.10697,0.004267,-0.993241,0.977078,0.001117,-0.212878,0.018071,0.995942,0.08817,1.784156,1.050648,3.668488,-17.465119595565117,-85.99578344009169,-18.182597684411583,-0.003137,-0.683143,-0.216462,0.697459,-0.027081,-0.297661,0.954287,0.306234,0.906268,0.291374,1.811956,1.074915,3.746307,-24.18661641049634,-92.85795677079764,7.024363294520301,-0.18753,-0.698265,-0.110218,0.68199,0.000556,0.111556,0.993758,0.412226,0.905369,-0.101864,F,BuildTutorial
56.57,0.290599,1.601866,2.514339,5.479373219403419,13.625782810363583,-0.0656035746255866,-0.047393,-0.118519,0.006238,-0.991801,0.971829,-0.00114,-0.235685,0.023608,0.99543,0.09253,1.787641,1.050763,3.669457,-17.31377107935412,-85.8193546224153,-16.54785584232959,-0.012234,-0.681947,-0.205612,0.7018,-0.014655,-0.271911,0.962211,0.305283,0.915148,0.263261,1.813902,1.071788,3.747255,-24.377224035239312,-92.62386061651026,6.94187434140607,-0.188359,-0.696685,-0.111515,0.683166,0.00439,0.110087,0.993912,0.414821,0.90417,-0.101979,F,BuildTutorial
56.604,0.293117,1.601047,2.513366,5.933818731121619,15.147520384892651,-0.1346248930176769,-0.051153,-0.131686,0.007985,-0.989939,0.96519,-0.002338,-0.26154,0.029283,0.994639,0.099174,1.78976,1.050632,3.668786,-17.089218688681783,-85.70908067183785,-17.038420611497457,-0.008081,-0.681305,-0.207334,0.701977,-0.014327,-0.280076,0.959871,0.302099,0.913895,0.27117,1.816336,1.073851,3.747783,-24.63243795115307,-92.7812085910463,6.608793658013916,-0.187656,-0.697738,-0.115348,0.681646,-0.000287,0.104616,0.994513,0.419122,0.90296,-0.094864,F,BuildTutorial
56.637,0.295672,1.600225,2.51244,6.369408832063255,16.760252787348147,-0.2241781629268578,-0.054677,-0.145622,0.010029,-0.987777,0.957387,-0.003888,-0.288781,0.035737,0.99382,0.105096,1.794044,1.049525,3.668648,-16.762986070371326,-85.74384664482793,-18.424407925195126,0.002308,-0.681516,-0.213967,0.699821,-0.020491,-0.302623,0.95289,0.296331,0.908426,0.294874,1.820441,1.074112,3.747955,-23.9427862159148,-92.44792441498164,6.556556887984488,-0.183662,-0.696984,-0.110822,0.684252,0.003864,0.104358,0.994532,0.40768,0.907973,-0.096859,F,BuildTutorial
56.67,0.297826,1.599468,2.511551,6.807575705128108,18.1901349190423,-0.3744454862400913,-0.05811,-0.157985,0.012606,-0.98565,0.949764,-0.006489,-0.312901,0.043211,0.992929,0.110569,1.797949,1.048906,3.667967,-16.55836950712442,-85.23356846380534,-18.492886208164435,0.003072,-0.678356,-0.213245,0.703101,-0.01128,-0.304033,0.952595,0.295696,0.909035,0.293632,1.822933,1.071768,3.748487,-23.30846990170307,-91.5625840912902,5.6146812146941,-0.175087,-0.694166,-0.111147,0.689293,0.011561,0.089853,0.995888,0.396305,0.913981,-0.087064,F,BuildTutorial
56.703,0.299355,1.598705,2.510776,7.164673964488123,19.213592215513145,-0.4438560209702402,-0.060961,-0.166797,0.014239,-0.984002,0.943952,-0.007687,-0.329993,0.048359,0.992162,0.115221,1.801279,1.048528,3.668471,-16.507288141290168,-83.73728073165245,-17.817353347703214,-0.003326,-0.669099,-0.208783,0.713236,0.017434,-0.293372,0.95584,0.302274,0.912797,0.274648,1.82358,1.069493,3.747771,-22.29691858455753,-91.63070121196186,6.775630507605461,-0.176102,-0.694372,-0.098,0.690819,0.016486,0.10916,0.993888,0.379962,0.918768,-0.107213,F,BuildTutorial
56.737,0.300506,1.598276,2.510092,7.411379481716219,19.8982046161737,-0.4758435404979116,-0.062943,-0.172675,0.015248,-0.982848,0.939902,-0.008235,-0.341347,0.051709,0.991612,0.11846,1.803351,1.046676,3.670823,-16.143585425274413,-82.5463040502659,-19.540775076152052,0.006833,-0.66155,-0.217559,0.717616,0.030038,-0.321289,0.946505,0.303207,0.905242,0.29766,1.824296,1.068118,3.749093,-21.446060436905793,-91.6484168017738,5.959417676825823,-0.166115,-0.696989,-0.097672,0.690705,0.009334,0.096635,0.995276,0.366486,0.925732,-0.09332,F,BuildTutorial
56.77,0.301219,1.597911,2.509529,7.600120812691135,20.31638133908766,-0.4737417159944905,-0.064508,-0.176247,0.015749,-0.982104,0.937378,-0.008196,-0.348218,0.053673,0.991181,0.121155,1.805752,1.046683,3.673483,-16.26738358062091,-82.63276813943624,-21.22566928572343,0.015923,-0.661966,-0.228747,0.713598,0.018952,-0.347548,0.937471,0.305386,0.894843,0.325571,1.824301,1.066107,3.749715,-20.89953737977165,-92.04183853769848,6.075561679574917,-0.16327,-0.69999,-0.094143,0.688836,0.002303,0.098876,0.995097,0.358272,0.92896,-0.093133,F,BuildTutorial
56.804,0.301557,1.597769,2.509148,7.698879815691007,20.46465545600789,-0.4213404871237606,-0.065415,-0.177481,0.015536,-0.981825,0.936518,-0.007287,-0.350544,0.053727,0.990959,0.122938,1.807757,1.046669,3.675343,-15.912372049781856,-82.56495315597465,-24.44138745611275,0.036657,-0.660632,-0.246791,0.708037,0.00532,-0.397908,0.91741,0.301041,0.875501,0.377985,1.823294,1.064627,3.747231,-20.44778740461233,-92.60826209013145,9.725812387191208,-0.182496,-0.698581,-0.070237,0.688293,0.014103,0.158289,0.987292,0.351663,0.923524,-0.153089,F,BuildTutorial
56.837,0.301658,1.597737,2.508819,7.740770716589675,20.48561578951269,-0.4188045530956886,-0.065775,-0.177656,0.015591,-0.981768,0.936391,-0.007242,-0.350885,0.053983,0.990861,0.123611,1.811313,1.048257,3.676089,-15.8045302747666,-82.7475682634665,-25.996142355610555,0.046726,-0.661122,-0.255723,0.703804,-0.004953,-0.421741,0.906703,0.298175,0.864845,0.4039,1.822137,1.062748,3.745841,-20.17767111315212,-92.29884164782828,11.28971381309572,-0.190606,-0.694618,-0.058625,0.691186,0.028137,0.183756,0.982569,0.345838,0.920465,-0.182045,F,BuildTutorial
56.87,0.301679,1.597462,2.508512,7.862905960400068,20.36044834463513,-0.4023686995717551,-0.066864,-0.176565,0.015566,-0.981892,0.937165,-0.006957,-0.348817,0.05418,0.990574,0.125809,1.813795,1.048088,3.676934,-15.605480105001126,-82.36390869600179,-28.68907513005611,0.06263,-0.657333,-0.271344,0.70026,-0.011428,-0.46236,0.886619,0.297685,0.8449,0.444441,1.820859,1.058632,3.745597,-18.782049773375892,-92.37039314868356,13.25683340695466,-0.194389,-0.694112,-0.03811,0.692076,0.033511,0.217106,0.975573,0.322605,0.921521,-0.216159,F,BuildTutorial
56.904,0.301643,1.597045,2.508391,8.02566392347508,20.055372583778237,-0.2966379198500683,-0.068461,-0.173875,0.014728,-0.982275,0.939101,-0.005127,-0.343604,0.052742,0.990192,0.129373,1.816912,1.052392,3.680264,-15.14771004710136,-81.40408505417145,-33.891037404038734,0.092828,-0.647493,-0.301254,0.693817,-0.020001,-0.538242,0.842553,0.29782,0.801258,0.518931,1.818363,1.054054,3.745638,-16.90288054533809,-92.12100193589372,15.183721848898642,-0.195189,-0.692537,-0.014223,0.694329,0.040382,0.250601,0.967248,0.290101,0.923398,-0.251351,F,BuildTutorial
56.937,0.301565,1.596973,2.508699,7.957048666629905,19.724864412637725,-0.3392802796190063,-0.067851,-0.171072,0.014794,-0.982808,0.941031,-0.005865,-0.33827,0.052295,0.990355,0.128308,1.818206,1.058817,3.679871,-15.61268559930491,-81.24445131316014,-32.59897279593669,0.082084,-0.648044,-0.295928,0.696942,-0.015068,-0.518877,0.854716,0.306101,0.811378,0.497964,1.820571,1.058905,3.751109,-18.012722828431226,-91.31356002347631,10.571667279370482,-0.174024,-0.693265,-0.047882,0.697716,0.034183,0.174474,0.984068,0.308106,0.934846,-0.176449,F,BuildTutorial
56.971,0.301431,1.597511,2.510019,7.62388995156679,19.318999569203317,-0.532271756952463,-0.064761,-0.167724,0.015724,-0.983579,0.943243,-0.009208,-0.331976,0.052656,0.991118,0.122121,1.819797,1.056688,3.681102,-15.567861561800967,-80.86790450762521,-31.562971291875993,0.075563,-0.64641,-0.289633,0.701824,-0.003467,-0.504231,0.863562,0.308853,0.820806,0.480507,1.820977,1.059601,3.753397,-17.98923342338611,-90.32565927890644,10.267757590759542,-0.172467,-0.68772,-0.048101,0.703551,0.049456,0.169535,0.984283,0.304901,0.935883,-0.176519,F,BuildTutorial
57.004,0.30132,1.5981,2.512133,7.080468789351433,18.67220048512543,-0.459327845903104,-0.060282,-0.162159,0.013965,-0.984823,0.947019,-0.007955,-0.32108,0.047056,0.992342,0.114204,1.821858,1.056207,3.670792,-15.52438401166436,-80.95329357373484,-31.062487241545355,0.073237,-0.647213,-0.286286,0.702703,-0.00169,-0.497148,0.867664,0.307549,0.825353,0.473504,1.82056,1.059787,3.754333,-17.908323559028645,-89.68349250285898,9.922032560336174,-0.170184,-0.684404,-0.048771,0.707283,0.058425,0.163959,0.984735,0.30194,0.937317,-0.173978,F,BuildTutorial
57.037,0.300784,1.597588,2.514035,7.206861853644314,17.632698141241875,-0.0132543592759819,-0.06209,-0.152972,0.009747,-0.98623,0.953009,-0.000229,-0.302941,0.038221,0.9921,0.119489,1.823579,1.055361,3.664422,-15.584933763553945,-81.1380988842907,-31.46638793027207,0.075588,-0.648145,-0.288952,0.700501,-0.00717,-0.502806,0.86437,0.306839,0.821586,0.480464,1.820072,1.05826,3.755624,-17.289814928372508,-89.0777957693409,8.750950664066497,-0.159728,-0.68323,-0.051358,0.710666,0.061119,0.145265,0.987503,0.291257,0.943699,-0.156848,F,BuildTutorial
57.071,0.29957,1.595277,2.514219,8.39410712768191,16.600973020970432,0.4515205658514937,-0.072987,-0.143691,0.006677,-0.986905,0.958617,0.007796,-0.284593,0.034154,0.989257,0.142144,1.824981,1.053246,3.661054,-15.570225204373536,-81.67550358336797,-31.35258569089623,0.076391,-0.651484,-0.287825,0.697775,-0.014549,-0.50121,0.865204,0.30214,0.822642,0.481635,1.821224,1.057367,3.755398,-16.978696564671388,-88.96482296600944,7.947348328817472,-0.153097,-0.684048,-0.054291,0.71112,0.058261,0.132236,0.989505,0.286667,0.947227,-0.143465,F,BuildTutorial
57.104,0.297497,1.592573,2.513234,9.813010891355583,15.607417812471102,0.4571737985214718,-0.085277,-0.134943,0.007675,-0.987147,0.963463,0.007862,-0.267726,0.038168,0.985338,0.16629,1.82876,1.056034,3.656513,-15.56496358832583,-82.63200703373995,-31.739742390337632,0.081045,-0.65701,-0.289487,0.691351,-0.030931,-0.506769,0.861527,0.29378,0.819258,0.492453,1.820523,1.056178,3.755073,-16.48588621173428,-88.89789033776626,7.72116780534089,-0.148778,-0.684575,-0.052603,0.711656,0.057179,0.128828,0.990017,0.27857,0.950196,-0.139736,F,BuildTutorial
57.137,0.294811,1.589504,2.511562,11.118909414490542,14.63957621399765,0.3925757278231769,-0.096523,-0.126478,0.008961,-0.987222,0.967846,0.006724,-0.251454,0.042108,0.981206,0.188313,1.831281,1.056353,3.652237,-14.828428654981522,-83.84228523551462,-25.69989048027881,0.053733,-0.667283,-0.24815,0.700192,-0.013689,-0.419215,0.907784,0.275795,0.871069,0.406419,1.819545,1.054833,3.754446,-16.199329945075938,-88.83959614844605,8.270054074008389,-0.150335,-0.683868,-0.04737,0.712376,0.06016,0.138128,0.988586,0.273108,0.950311,-0.1494,F,BuildTutorial
57.17,0.292001,1.586631,2.509257,12.180826759567209,13.599710244359972,0.7317373903840078,-0.106101,-0.117058,0.006257,-0.987421,0.972517,0.012483,-0.232498,0.037197,0.977407,0.208069,1.83062,1.05425,3.650604,-15.063782990982352,-82.49626712642586,-27.607735962185988,0.06025,-0.658269,-0.261772,0.703226,-0.003686,-0.447492,0.89428,0.288848,0.855691,0.429372,1.819793,1.055035,3.75521,-16.329437161065748,-88.76416863974916,8.542610584775403,-0.152784,-0.682868,-0.046368,0.712881,0.063083,0.142554,0.987775,0.274772,0.949014,-0.154508,F,BuildTutorial
57.204,0.288954,1.58416,2.506467,13.007032517739164,12.173554749357985,1.1970450853752443,-0.11372,-0.10417,0.001689,-0.988035,0.978292,0.020355,-0.206231,0.02703,0.97413,0.224368,1.830528,1.054064,3.650462,-15.286810631971695,-81.92423189742136,-29.28145292470828,0.067047,-0.654025,-0.273535,0.702093,-0.00514,-0.471794,0.881694,0.296394,0.841367,0.451943,1.819887,1.054623,3.755567,-16.18897000657732,-88.4138259419813,11.00142434275414,-0.16664,-0.677451,-0.029696,0.715828,0.080357,0.183266,0.979774,0.268296,0.942698,-0.198335,F,BuildTutorial
57.237,0.28581,1.582564,2.503712,13.588787041844542,10.39817043050228,2.1663263006407294,-0.1195,-0.087737,-0.007975,-0.988918,0.984477,0.036741,-0.171624,0.005197,0.971312,0.237751,1.831034,1.052772,3.652878,-15.242370224063322,-81.23043051099957,-28.285488224716815,0.060031,-0.650267,-0.267556,0.708493,0.011132,-0.457196,0.889296,0.30105,0.84962,0.433029,1.82014,1.054732,3.756408,-16.230460241796653,-88.24092797655662,11.771425706473256,-0.171478,-0.675173,-0.024879,0.71702,0.087046,0.195878,0.976757,0.267233,0.939952,-0.212312,F,BuildTutorial
57.271,0.283195,1.581121,2.501704,14.110654327551412,8.06977346082899,3.655194382653659,-0.124688,-0.065888,-0.022934,-0.98974,0.990266,0.061829,-0.124705,-0.028968,0.967854,0.249839,1.831017,1.050048,3.658828,-14.941707473619,-80.820867443607,-25.438642480976544,0.044947,-0.64878,-0.248442,0.717872,0.034721,-0.415021,0.909149,0.298378,0.872513,0.386901,1.819894,1.054664,3.757513,-16.199933614444184,-88.1298409389548,11.228590735417477,-0.168119,-0.675327,-0.027927,0.717558,0.086307,0.186992,0.978563,0.267149,0.941912,-0.20355,F,BuildTutorial
57.303,0.280803,1.580138,2.500199,14.53377086879581,5.34739365692873,4.544653590001238,-0.128089,-0.041227,-0.033392,-0.990343,0.994371,0.076701,-0.073104,-0.055578,0.964957,0.256456,1.831008,1.047897,3.658188,-14.19401347542248,-80.80211028100447,-20.133150662723292,0.019783,-0.649712,-0.210933,0.730061,0.066762,-0.333695,0.940314,0.282283,0.910232,0.302977,1.819761,1.054285,3.75647,-16.06477730830021,-88.44339996068739,11.351508562070578,-0.167947,-0.677305,-0.026797,0.715775,0.081079,0.189142,0.978597,0.265864,0.942151,-0.204126,F,BuildTutorial
57.337,0.278776,1.579496,2.499219,14.699905539060277,2.7456365793199726,4.6670609910444965,-0.128754,-0.018534,-0.037308,-0.990801,0.996529,0.078702,-0.02712,-0.069157,0.964061,0.256522,1.830996,1.045835,3.657032,-12.423417951959676,-80.84057084575682,-13.708614289090203,-0.004859,-0.649807,-0.159981,0.743057,0.104315,-0.231434,0.967242,0.244064,0.948765,0.200692,1.819571,1.054052,3.757319,-16.017550139056272,-88.31351636676509,11.145948460980112,-0.166476,-0.676862,-0.027605,0.716507,0.082193,0.185804,0.979143,0.264921,0.943048,-0.201193,F,BuildTutorial
57.37,0.277472,1.578875,2.498464,14.693557471757256,0.9221942359228008,4.2765036660944356,-0.128079,-0.003205,-0.035975,-0.991106,0.997391,0.072131,0.002863,-0.070489,0.964603,0.25411,1.833163,1.049501,3.663043,-13.307202227628512,-79.92640359893632,-13.08961526658226,-0.015512,-0.643934,-0.160708,0.747851,0.119043,-0.220394,0.96812,0.260349,0.947865,0.18377,1.819292,1.053464,3.760005,-16.00313509626688,-87.68816580113955,9.392606197374327,-0.15622,-0.675432,-0.037625,0.719703,0.084753,0.156874,0.983976,0.265189,0.94836,-0.174037,F,BuildTutorial
57.404,0.276847,1.577953,2.4978,14.902691387204577,0.2477133043465648,3.7298207798493346,-0.129685,0.002078,-0.031988,-0.991037,0.997945,0.062864,0.012416,-0.063942,0.964317,0.256912,1.833285,1.050509,3.664732,-13.414525694329017,-79.21932226733101,-18.494098840380182,0.012937,-0.639421,-0.196447,0.743224,0.105099,-0.308553,0.945383,0.275464,0.922482,0.270455,1.819173,1.050724,3.763053,-15.24768056376822,-87.09288416691464,8.067170896239599,-0.143955,-0.674397,-0.040641,0.723059,0.087074,0.135395,0.986958,0.252937,0.955251,-0.15336,F,BuildTutorial
57.437,0.277329,1.576568,2.496929,15.241749199051188,-0.0355286039288872,3.5872261975101596,-0.132543,0.004458,-0.031064,-0.990681,0.99803,0.060367,0.017068,-0.06273,0.962935,0.262338,1.833153,1.04962,3.661834,-13.218606022733042,-79.02251339831619,-16.841317766341806,0.004709,-0.638192,-0.184667,0.747387,0.117218,-0.282045,0.952214,0.270025,0.931752,0.242744,1.814929,1.040371,3.763535,-11.455652173130296,-86.63843957051344,11.252642827795622,-0.139187,-0.67223,0.002831,0.727136,0.096198,0.191248,0.976816,0.183013,0.961238,-0.206222,F,BuildTutorial
57.47,0.277586,1.57514,2.49595,15.836912071207578,-0.1990369395805768,3.738398186257097,-0.137634,0.006213,-0.032546,-0.989929,0.997804,0.062726,0.021259,-0.066146,0.959996,0.27209,1.833276,1.046559,3.664434,-13.20313934363844,-78.71631254740177,-17.53777548269257,0.008186,-0.636149,-0.189146,0.747978,0.119077,-0.293369,0.948555,0.272539,0.928314,0.252896,1.811311,1.04383,3.769876,-12.24290935361331,-86.24399504927064,11.955561895483203,-0.148192,-0.667855,0.003085,0.729383,0.10792,0.202441,0.97333,0.193442,0.956059,-0.220297,F,BuildTutorial
57.504,0.278161,1.573303,2.494864,16.36090981670228,0.2175840258186239,4.27984294766909,-0.142262,0.003435,-0.03669,-0.989143,0.997284,0.071607,0.017235,-0.073562,0.956831,0.281183,1.833858,1.047488,3.662358,-13.340395600673292,-78.65370094714284,-17.363904612526568,0.006195,-0.635804,-0.188744,0.748392,0.120259,-0.290387,0.949323,0.274632,0.928675,0.249281,1.81069,1.049835,3.767968,-12.18872516175706,-85.92475950850928,11.028277895039588,-0.142451,-0.667065,-0.002097,0.731251,0.110041,0.186981,0.976181,0.193114,0.959407,-0.205537,F,BuildTutorial
57.537,0.278565,1.572012,2.494406,16.89418049117252,0.5691817407492347,4.484653150881929,-0.146974,0.000838,-0.037972,-0.988411,0.997115,0.074817,0.012819,-0.07531,0.953914,0.290477,1.832865,1.046609,3.663943,-13.304022371247676,-78.62122182885051,-17.51568471663909,0.007228,-0.635569,-0.189544,0.74838,0.120251,-0.292889,0.948555,0.274514,0.928042,0.251755,1.816231,1.058408,3.773476,-12.792939598212604,-85.9832464817114,9.988454940374702,-0.140173,-0.66798,-0.012399,0.730754,0.107299,0.169144,0.979733,0.205386,0.960396,-0.188299,F,BuildTutorial
57.57,0.2795,1.571337,2.494531,16.926321108131212,1.1324752143488988,4.184183179181582,-0.147425,-0.004396,-0.034653,-0.988456,0.99756,0.069801,0.001526,-0.067209,0.95413,0.291751,1.832529,1.046937,3.664178,-13.274483049366465,-78.5786309331224,-17.580750463788487,0.007717,-0.635275,-0.189815,0.748556,0.120792,-0.29398,0.948148,0.27437,0.927821,0.252723,1.817732,1.052299,3.771138,-12.938947498015088,-86.32472394835233,11.415279737838846,-0.149378,-0.668169,-0.004614,0.728846,0.107059,0.192894,0.975362,0.206344,0.95533,-0.211581,F,BuildTutorial
57.604,0.280548,1.570513,2.494859,16.423877788959153,1.4580309060571892,3.983013053197741,-0.143175,-0.007622,-0.032576,-0.989132,0.997762,0.066625,-0.00575,-0.062261,0.95688,0.283734,1.831943,1.046914,3.664455,-13.261575571698122,-78.56691995064968,-17.644533498654877,0.008138,-0.635189,-0.190164,0.748536,0.120745,-0.295027,0.947829,0.274351,0.927543,0.253763,1.818635,1.054154,3.762882,-12.875238278293752,-86.33291763032506,11.30145608425153,-0.148317,-0.668451,-0.004968,0.728801,0.106298,0.191044,0.975809,0.205526,0.955955,-0.209546,F,BuildTutorial
57.637,0.281759,1.569692,2.495262,15.949520371422222,1.3255088756111744,4.0186513354919695,-0.139044,-0.006584,-0.033117,-0.989711,0.99772,0.067383,-0.003822,-0.063721,0.95914,0.275663,1.832225,1.046748,3.666051,-13.26456745921059,-78.53511975466019,-17.694865812060794,0.008344,-0.634979,-0.190511,0.748624,0.121015,-0.295839,0.947541,0.274647,0.927272,0.254434,1.818811,1.050822,3.760145,-12.869733774034458,-85.96651509925883,9.929127178176106,-0.14031,-0.667853,-0.013214,0.73083,0.107597,0.168099,0.979881,0.206726,0.960277,-0.187435,F,BuildTutorial
57.67,0.282868,1.568652,2.495371,15.935111000064662,2.16525114270166,4.022919438478565,-0.139159,-0.013836,-0.032137,-0.989652,0.997552,0.067459,-0.018441,-0.059758,0.959204,0.276326,1.832236,1.046575,3.667269,-13.290435914121112,-78.54297562103565,-17.687288396472464,0.008141,-0.635041,-0.190598,0.748551,0.12079,-0.295685,0.947618,0.275005,0.927212,0.254264,1.818512,1.049213,3.760934,-12.841388167546144,-85.52264348141863,8.174585499241301,-0.129983,-0.667119,-0.02373,0.733139,0.108778,0.138634,0.984352,0.208222,0.965083,-0.15893,F,BuildTutorial
57.704,0.284684,1.568068,2.4958,15.821396003474812,3.689951858931879,3.9353645739371976,-0.138572,-0.027147,-0.029563,-0.989539,0.996778,0.066031,-0.045533,-0.050983,0.959848,0.275849,1.832345,1.046217,3.667994,-13.30833456816882,-78.51808812561518,-17.742130900001232,0.008283,-0.634882,-0.191053,0.748569,0.120848,-0.29655,0.947341,0.275514,0.926861,0.254993,1.818892,1.049335,3.762136,-12.850989478467564,-84.99832848218844,6.0998544438267475,-0.118113,-0.665995,-0.036516,0.735641,0.110236,0.1036,0.988491,0.21105,0.969432,-0.125139,F,BuildTutorial
57.737,0.286087,1.567984,2.49696,14.88944685479809,4.587147327440202,4.394072918144105,-0.130892,-0.03469,-0.032801,-0.990247,0.995441,0.074044,-0.060117,-0.055881,0.963583,0.261506,1.832447,1.046762,3.66656,-13.307800310388972,-78.51798463778879,-17.74043067042851,0.008277,-0.634881,-0.191039,0.748573,0.12086,-0.296524,0.947347,0.275504,0.926871,0.254966,1.817976,1.042233,3.780321,-12.86448640694256,-84.47690184548227,3.909785428532984,-0.105679,-0.664768,-0.050167,0.737834,0.111133,0.066474,0.99158,0.214535,0.97263,-0.089248,F,BuildTutorial
57.77,0.286696,1.567612,2.498289,14.211351748115332,5.108760591493729,4.357762681724659,-0.125169,-0.039495,-0.032181,-0.990827,0.994809,0.073659,-0.07021,-0.053884,0.966594,0.250584,1.832352,1.046614,3.666957,-13.322779025862827,-78.49663736011883,-17.763251187772973,0.008267,-0.634746,-0.191269,0.748629,0.121027,-0.296874,0.947216,0.275885,0.926696,0.255192,1.818164,1.042262,3.781715,-12.883324637514924,-84.00341684445289,3.1358689339250927,-0.101535,-0.662398,-0.05484,0.740211,0.116442,0.053326,0.991765,0.2157,0.973366,-0.077662,F,BuildTutorial
57.803,0.287822,1.567388,2.499003,14.130814886930189,5.642731171485677,3.809551677410971,-0.124409,-0.044738,-0.026895,-0.990857,0.99455,0.064431,-0.081966,-0.042167,0.967598,0.24895,1.832416,1.046341,3.667846,-13.3363086448552,-78.49416839046046,-17.76725691672148,0.008194,-0.634735,-0.191367,0.748614,0.12098,-0.296923,0.947207,0.276118,0.926623,0.255204,1.818145,1.042212,3.780813,-12.875375698858656,-84.09237436698531,4.1526505801409765,-0.10732,-0.662053,-0.048307,0.740159,0.118705,0.070593,0.990417,0.213614,0.972298,-0.094904,F,BuildTutorial
57.836,0.289029,1.567114,2.499958,13.875073203201971,5.889708425867576,3.302017251362986,-0.122047,-0.047502,-0.02236,-0.991135,0.994487,0.055919,-0.088703,-0.032729,0.969209,0.244055,1.832383,1.046428,3.667906,-13.342154516872592,-78.49915974781622,-17.751553473117305,0.008076,-0.634771,-0.191295,0.748603,0.120943,-0.296661,0.947294,0.276156,0.926682,0.254949,1.818181,1.042376,3.78032,-12.890339611760206,-84.17883178739818,4.100014545338018,-0.107075,-0.662647,-0.048815,0.739629,0.117033,0.069695,0.99068,0.214116,0.972304,-0.093697,F,BuildTutorial
57.87,0.290795,1.567028,2.50035,13.934409585794016,6.329084594577069,2.98854412681496,-0.122504,-0.051619,-0.019151,-0.99094,0.993937,0.050602,-0.097611,-0.025307,0.969252,0.244764,1.83235,1.046032,3.668521,-13.340026675337183,-78.49981690513418,-17.704902256091252,0.007833,-0.634778,-0.190979,0.748681,0.121169,-0.295909,0.9475,0.27602,0.926931,0.254187,1.818498,1.042444,3.780366,-12.90522327014006,-84.09490898766109,3.7885194389067713,-0.105406,-0.662381,-0.050835,0.739971,0.117335,0.064405,0.991002,0.214871,0.972611,-0.088651,F,BuildTutorial
57.903,0.292398,1.566668,2.500988,13.781146369333106,6.707963323955679,2.9054331674069735,-0.121202,-0.055027,-0.018109,-0.990936,0.993288,0.049228,-0.104667,-0.022551,0.969964,0.2422,1.832345,1.046102,3.668397,-13.341777754260107,-78.48878078923497,-17.679659482182956,0.007663,-0.634708,-0.190824,0.748781,0.121464,-0.295499,0.94759,0.276043,0.927055,0.253712,1.818551,1.042191,3.781937,-12.906011349748423,-83.98774887434361,3.3519670391475067,-0.102937,-0.662085,-0.053562,0.740391,0.117548,0.056993,0.99143,0.215619,0.97307,-0.081502,F,BuildTutorial
57.937,0.293987,1.566464,2.502001,13.333266376726751,6.897424504763667,3.0355211475862496,-0.117424,-0.056658,-0.019279,-0.991277,0.992836,0.051527,-0.1078,-0.024915,0.97168,0.234984,1.832305,1.046181,3.667866,-13.345186455084637,-78.49327398097425,-17.691477492922555,0.007713,-0.634738,-0.190919,0.748731,0.121315,-0.295684,0.947551,0.276102,0.926981,0.253916,1.818336,1.04213,3.782299,-12.900075058511815,-83.88399929771568,2.906100747878219,-0.100373,-0.661815,-0.056317,0.74078,0.117659,0.049418,0.991824,0.216293,0.973508,-0.074165,F,BuildTutorial
57.97,0.294548,1.567442,2.503662,13.14998439404515,6.560901054472342,3.770011662493955,-0.116124,-0.053056,-0.026075,-0.991474,0.99301,0.064027,-0.099151,-0.039383,0.971671,0.233035,1.831623,1.041714,3.677508,-13.359740853251395,-78.47421803397256,-17.74252916972611,0.007866,-0.634616,-0.191331,0.748728,0.121309,-0.296493,0.947299,0.276526,0.926661,0.254622,1.818223,1.042191,3.782597,-12.90246720850557,-83.77285159749736,2.3779624158976627,-0.097395,-0.66155,-0.05965,0.741153,0.117587,0.040443,0.992239,0.217283,0.973912,-0.065445,F,BuildTutorial
58.003,0.295124,1.566561,2.504452,13.237137402835398,6.588358259558522,3.2839972780765345,-0.116657,-0.053759,-0.021796,-0.991477,0.99327,0.055764,-0.101516,-0.030678,0.971832,0.233668,1.831578,1.04149,3.677766,-13.360849745410144,-78.47303652384578,-17.766263164481547,0.007988,-0.634607,-0.191492,0.748693,0.121208,-0.296876,0.947192,0.276599,0.926534,0.255006,1.81826,1.041921,3.783031,-12.909077176896472,-83.65625056038088,1.8115754272755524,-0.094231,-0.661264,-0.063255,0.741518,0.117456,0.030814,0.9926,0.218432,0.974239,-0.056091,F,BuildTutorial
58.036,0.294769,1.566656,2.506019,13.157930446817328,6.257246635447364,3.40050616385445,-0.11596,-0.0508,-0.023181,-0.991683,0.993764,0.057758,-0.09538,-0.034194,0.972032,0.232347,1.831484,1.04118,3.678251,-13.349232611440824,-78.46623448019982,-17.80728443371825,0.008282,-0.634555,-0.191699,0.748681,0.121183,-0.297553,0.946983,0.276532,0.926366,0.255688,1.818236,1.041944,3.783458,-12.91072581218249,-83.54033669563367,1.3012259682805658,-0.091363,-0.660926,-0.066474,0.741897,0.117517,0.022135,0.992824,0.219402,0.974468,-0.047695,F,BuildTutorial
58.071,0.294499,1.567255,2.50719,12.841196872496347,5.928642291005601,3.644026670072307,-0.113254,-0.047813,-0.025773,-0.99208,0.994099,0.061969,-0.08903,-0.040309,0.973019,0.227179,1.831499,1.041317,3.678242,-13.353429916086911,-78.46391618217629,-17.813810271774894,0.008286,-0.634541,-0.191764,0.748676,0.121169,-0.297653,0.946954,0.276623,0.926316,0.25577,1.818215,1.041955,3.784228,-12.904685740980732,-83.46465127816509,0.9258655835371984,-0.089204,-0.660736,-0.06881,0.742116,0.117387,0.015749,0.992961,0.220011,0.974616,-0.041468,F,BuildTutorial
58.103,0.294265,1.568063,2.508451,12.606716778431608,5.492896098864733,3.9064679428750897,-0.111226,-0.043861,-0.028581,-0.992415,0.994519,0.066485,-0.080699,-0.046971,0.973624,0.223271,1.831573,1.041318,3.678231,-13.350103223664552,-78.47570458832652,-17.810357380716788,0.008309,-0.634617,-0.191723,0.748622,0.121006,-0.297602,0.94699,0.276509,0.926347,0.255783,1.818012,1.042021,3.784742,-12.945556850294038,-83.38255433575223,0.6760021467888212,-0.088078,-0.660369,-0.070601,0.742409,0.117856,0.011497,0.992964,0.221158,0.974516,-0.037533,F,BuildTutorial
58.137,0.293596,1.568506,2.509594,12.58616927053546,5.536014410855989,3.64062112564994,-0.110956,-0.044499,-0.026246,-0.992482,0.994662,0.061972,-0.082504,-0.042222,0.974,0.222579,1.831464,1.040675,3.679198,-13.346676954237235,-78.46870144980085,-17.83250657881911,0.008443,-0.634568,-0.19185,0.748629,0.121034,-0.297965,0.946873,0.276535,0.926244,0.256125,1.818078,1.042148,3.784853,-12.984235406675108,-83.33495158905627,0.5123568202323593,-0.087415,-0.660159,-0.071848,0.742554,0.118057,0.008714,0.992969,0.222117,0.974393,-0.034959,F,BuildTutorial
58.17,0.293466,1.570242,2.510481,12.627303646066697,5.537014344171446,3.7892771267536376,-0.11137,-0.04435,-0.027514,-0.992408,0.994552,0.064489,-0.081897,-0.044732,0.973679,0.22349,1.831561,1.040518,3.679414,-13.344077019332758,-78.47682793231448,-17.825805175150997,0.008437,-0.634621,-0.191792,0.7486,0.120945,-0.297859,0.946918,0.276442,0.92629,0.256062,1.81837,1.042217,3.785409,-13.047841906206148,-83.28697933213083,0.4310699234377379,-0.087389,-0.659867,-0.072705,0.742734,0.11858,0.00733,0.992918,0.223332,0.974154,-0.033863,F,BuildTutorial
58.203,0.292921,1.574302,2.512444,12.06320468195143,5.1582820077838205,4.935464586637384,-0.1068,-0.040189,-0.038051,-0.992739,0.993874,0.084133,-0.071666,-0.066965,0.974292,0.215107,1.831517,1.040399,3.67969,-13.35195820251508,-78.46384162407719,-17.829379692098563,0.008382,-0.634539,-0.191858,0.748653,0.121101,-0.297908,0.946882,0.276633,0.92624,0.256034,1.818336,1.04202,3.78548,-13.070492239869662,-83.26317637799964,0.4257228441644058,-0.08752,-0.659701,-0.072852,0.742851,0.118974,0.007238,0.992871,0.223712,0.974065,-0.033908,F,BuildTutorial
58.236,0.292022,1.578239,2.514673,9.538011672834894,4.336187376793744,5.478325820439177,-0.084786,-0.033687,-0.044448,-0.994837,0.993779,0.09415,-0.059489,-0.082725,0.981671,0.171691,1.831568,1.040329,3.680053,-13.357767635445647,-78.46068432920782,-17.822047547373536,0.008297,-0.634521,-0.191841,0.748673,0.12116,-0.297782,0.946914,0.276724,0.926256,0.255878,1.818599,1.041796,3.785378,-13.08534782168032,-83.28705592861374,0.5070040219286697,-0.088069,-0.659783,-0.072429,0.742754,0.11888,0.008619,0.992871,0.223806,0.973996,-0.035252,F,BuildTutorial
58.27,0.290475,1.585795,2.517016,8.551530683228242,3.6262909913445087,6.775947498836685,-0.076254,-0.027093,-0.056548,-0.995115,0.992137,0.116675,-0.045298,-0.108411,0.981975,0.154828,1.831508,1.040035,3.680312,-13.35585277684466,-78.45943763776032,-17.823888733510255,0.008318,-0.634512,-0.191843,0.74868,0.121182,-0.297814,0.946901,0.276703,0.926254,0.255909,1.818544,1.041938,3.78497,-13.107760098442336,-83.30243642772882,0.6430940006187893,-0.088988,-0.659762,-0.071688,0.742735,0.119149,0.010932,0.992816,0.223912,0.973884,-0.037596,F,BuildTutorial
58.303,0.288287,1.594243,2.519705,6.083061439615245,2.3220704203783904,7.529703348852154,-0.054263,-0.016707,-0.064483,-0.996302,0.991126,0.130302,-0.026292,-0.126676,0.985795,0.110279,1.8316,1.040034,3.680781,-13.371971188039993,-78.45619509229516,-17.830380253901815,0.00824,-0.634497,-0.191971,0.748661,0.121121,-0.297899,0.946882,0.276987,0.926158,0.255948,1.818555,1.042013,3.784765,-13.126350731253444,-83.3345572873828,0.812873218401126,-0.090066,-0.659825,-0.07072,0.742643,0.11926,0.013816,0.992767,0.223895,0.973774,-0.040448,F,BuildTutorial
58.336,0.287533,1.599788,2.520697,5.244752070042764,1.656714539336512,7.762856359702233,-0.046621,-0.011312,-0.066954,-0.996602,0.990778,0.134508,-0.016305,-0.132399,0.986687,0.09444,1.831427,1.039858,3.68119,-13.36992194833038,-78.46003177561965,-17.819684781457276,0.008201,-0.634522,-0.19189,0.748661,0.121121,-0.297728,0.946936,0.276912,0.926222,0.255797,1.818253,1.041941,3.784276,-13.142344754155443,-83.3723200892355,1.0323267146671495,-0.09141,-0.659884,-0.06942,0.742548,0.119468,0.017546,0.992683,0.223735,0.97365,-0.044136,F,BuildTutorial
58.369,0.287967,1.603539,2.518599,3.692140185045677,2.537281181094658,7.615557070656402,-0.033605,-0.019941,-0.065647,-0.997078,0.990586,0.13225,-0.035354,-0.129569,0.989123,0.069632,1.831433,1.040448,3.678926,-13.374474122559432,-78.45482024140355,-17.74462141751547,0.007746,-0.634495,-0.191424,0.748808,0.121546,-0.296508,0.947264,0.276849,0.926594,0.254515,1.818256,1.041834,3.783769,-13.171160019973058,-83.41742979597066,1.2906461458547858,-0.093057,-0.659948,-0.067949,0.742424,0.119705,0.021932,0.992567,0.223718,0.973447,-0.04849,F,BuildTutorial
58.403,0.289032,1.60802,2.517645,2.1039493964255196,3.817634052903489,7.940345038820711,-0.020611,-0.031953,-0.068577,-0.996921,0.988553,0.138048,-0.060882,-0.135414,0.989745,0.045477,1.831522,1.040541,3.679173,-13.400028560965232,-78.44374421330639,-17.744001480603977,0.007552,-0.634433,-0.191556,0.748829,0.121603,-0.296468,0.94727,0.277302,0.926499,0.254369,1.818168,1.04191,3.78376,-13.228260978789171,-83.45265161819592,1.5408199804037417,-0.094846,-0.659928,-0.066687,0.742329,0.120096,0.026175,0.992417,0.22419,0.973114,-0.052795,F,BuildTutorial
58.436,0.289997,1.612685,2.516443,0.7536078939277085,4.542331247712671,8.051136972722292,-0.009337,-0.039069,-0.069885,-0.996746,0.987179,0.140045,-0.076578,-0.138586,0.990058,0.024074,1.831545,1.040655,3.679092,-13.392236550670022,-78.44465887627193,-17.734430622093093,0.007553,-0.634436,-0.191452,0.748852,0.121674,-0.296323,0.947306,0.277155,0.926578,0.254241,1.818368,1.041733,3.783568,-13.23959478926537,-83.52560931848151,1.85987233471421,-0.096715,-0.660125,-0.064747,0.742084,0.120086,0.031593,0.992261,0.223784,0.972908,-0.05806,F,BuildTutorial
58.47,0.290154,1.617658,2.514968,-0.7818772996775305,4.529098568794261,8.200819554795201,0.003975,-0.039899,-0.071716,-0.996619,0.98653,0.142629,-0.080098,-0.143264,0.989682,-0.0022,1.831504,1.04044,3.679245,-13.403532043969223,-78.44541041950468,-17.730781485560424,0.007458,-0.634446,-0.191488,0.748836,0.121621,-0.29625,0.947335,0.277324,0.926553,0.254147,1.818434,1.041659,3.783206,-13.253604596858418,-83.6031967338512,2.081671219304731,-0.09804,-0.660428,-0.063458,0.741752,0.119617,0.035356,0.99219,0.223637,0.972723,-0.061624,F,BuildTutorial
58.503,0.290103,1.624171,2.514681,-2.4229803239661134,3.9398598944168466,9.092064830593063,0.01834,-0.035934,-0.07992,-0.995985,0.984643,0.15788,-0.074511,-0.160516,0.986553,-0.030789,1.831471,1.040413,3.679005,-13.411614110106033,-78.43683798243644,-17.732722947878965,0.0074,-0.634393,-0.191544,0.748867,0.121712,-0.296272,0.947317,0.277493,0.926512,0.254112,1.818302,1.041469,3.783176,-13.242434229935895,-83.63391081124207,2.1814222393545357,-0.098526,-0.66055,-0.062774,0.741637,0.119466,0.037052,0.992147,0.223274,0.972704,-0.063211,F,BuildTutorial
58.537,0.289336,1.631887,2.515336,-4.275012342078043,3.451726973566281,10.072374626824336,0.034495,-0.033253,-0.088803,-0.994896,0.982017,0.174405,-0.072293,-0.178993,0.981848,-0.062732,1.83153,1.040369,3.679207,-13.40977895952754,-78.43913637114358,-17.72275233595532,0.007361,-0.634408,-0.191469,0.748874,0.121732,-0.296113,0.947364,0.277433,0.926571,0.253965,1.818363,1.041381,3.783179,-13.237889642407112,-83.63283757131423,2.1334877580740805,-0.098221,-0.660588,-0.063057,0.74162,0.119295,0.036239,0.992197,0.223297,0.972753,-0.062376,F,BuildTutorial
58.57,0.288775,1.640693,2.515678,-5.857321939113637,3.1004394703476943,10.69713705531692,0.048333,-0.031661,-0.094435,-0.993853,0.980159,0.184649,-0.072062,-0.19077,0.977492,-0.090093,1.831536,1.040251,3.679396,-13.41941134284815,-78.44190109669316,-17.719725356898685,0.007284,-0.63443,-0.1915,0.748848,0.121652,-0.296052,0.947393,0.277566,0.926549,0.253897,1.818532,1.041468,3.783312,-13.237323427648672,-83.58377502764007,1.9408131068100705,-0.097134,-0.660435,-0.064259,0.741796,0.119392,0.032968,0.9923,0.223636,0.972872,-0.05923,F,BuildTutorial
58.603,0.288217,1.64983,2.515474,-7.232489537938743,2.9587247325773753,11.456309196542389,0.060166,-0.03193,-0.101197,-0.992532,0.97748,0.197039,-0.075561,-0.204724,0.972279,-0.112971,1.831557,1.040178,3.67963,-13.42135803628717,-78.44758946072793,-17.716222128575936,0.007261,-0.634468,-0.191487,0.748819,0.121566,-0.295992,0.947423,0.277563,0.92656,0.253859,1.818485,1.041673,3.783606,-13.231763374995976,-83.53843590754643,1.712148344980832,-0.095806,-0.660338,-0.065669,0.741931,0.119282,0.029085,0.992434,0.223973,0.973017,-0.055436,F,BuildTutorial
58.636,0.287696,1.658675,2.514268,-9.477940066669076,2.3153286429910436,12.22870450367108,0.079985,-0.028818,-0.107787,-0.990532,0.975103,0.208923,-0.074333,-0.218143,0.963969,-0.152243,1.831548,1.040478,3.678688,-13.432872899801158,-78.45524369491305,-17.677888702228863,0.006984,-0.634525,-0.191297,0.748822,0.121567,-0.295358,0.947621,0.277631,0.926714,0.253225,1.818465,1.041803,3.783693,-13.21597429372036,-83.4949459147314,1.5057587957509682,-0.09454,-0.66024,-0.066878,0.742073,0.119221,0.025581,0.992538,0.224094,0.973179,-0.052,F,BuildTutorial
58.67,0.286892,1.668684,2.513114,-12.279677856337422,1.403829368871638,13.460574720675176,0.104783,-0.02463,-0.117816,-0.987185,0.971025,0.227451,-0.073319,-0.237774,0.95028,-0.201076,1.831578,1.040628,3.67846,-13.441966654838962,-78.46845839863468,-17.659319657439372,0.006842,-0.634616,-0.191223,0.748765,0.121392,-0.295046,0.947741,0.277678,0.926774,0.252952,1.818404,1.041958,3.783888,-13.21037170295296,-83.4781957429389,1.376175710204813,-0.093767,-0.660242,-0.067671,0.742097,0.119001,0.023382,0.992619,0.224255,0.973257,-0.049811,F,BuildTutorial
58.703,0.286278,1.679646,2.51101,-14.570980530973696,1.42660768848478,14.614921277083155,0.124203,-0.028377,-0.127723,-0.983593,0.965763,0.244206,-0.08755,-0.258304,0.936521,-0.237081,1.831385,1.040651,3.678564,-13.429878003993103,-78.44978590229908,-17.665416980613077,0.006926,-0.634489,-0.1912,0.748878,0.121733,-0.295161,0.947661,0.277582,0.926789,0.253003,1.81847,1.041953,3.783981,-13.20013469341784,-83.4728389337156,1.335025165558351,-0.093467,-0.660249,-0.067874,0.742111,0.118929,0.022683,0.992644,0.224164,0.973314,-0.049098,F,BuildTutorial
58.737,0.284793,1.690921,2.508564,-14.40282664770944,3.0663936484291474,14.95958829255066,0.120791,-0.042632,-0.132429,-0.982881,0.96129,0.250024,-0.115798,-0.270623,0.935744,-0.226155,1.831331,1.040591,3.678653,-13.42630444992944,-78.45555173974539,-17.660236450610096,0.006931,-0.634526,-0.191147,0.748861,0.121681,-0.295081,0.947693,0.277489,0.92683,0.252956,1.818501,1.04202,3.78398,-13.18932484715759,-83.47477688881229,1.3673099418210173,-0.093582,-0.660243,-0.067604,0.742126,0.119018,0.023232,0.99262,0.223916,0.973344,-0.049629,F,BuildTutorial
58.77,0.284032,1.699384,2.507365,-12.152347210472074,5.626744186785764,12.816362542327354,0.099615,-0.060302,-0.116013,-0.986398,0.96581,0.216855,-0.142076,-0.240883,0.953236,-0.18253,1.831585,1.040448,3.678865,-13.444003876321748,-78.46112898534446,-17.673215070039735,0.006893,-0.634568,-0.191325,0.748779,0.121436,-0.29527,0.947665,0.277772,0.926694,0.253141,1.81846,1.041777,3.783891,-13.180900063416434,-83.50746399680352,1.4758789873741518,-0.094134,-0.660372,-0.066879,0.742007,0.118872,0.025079,0.992593,0.223576,0.973332,-0.051367,F,BuildTutorial
58.802,0.282823,1.709058,2.506628,-9.446420318390382,8.528949214557619,11.24439636659622,0.074459,-0.081796,-0.103459,-0.988464,0.965211,0.192351,-0.177112,-0.216712,0.967504,-0.130274,1.831547,1.040382,3.678859,-13.441095884324206,-78.47764069053514,-17.660549315559283,0.00687,-0.634676,-0.191226,0.748714,0.121239,-0.295067,0.947754,0.277627,0.926771,0.25302,1.818277,1.041845,3.783763,-13.165763508381168,-83.56547017328981,1.6405773193208495,-0.094952,-0.660623,-0.065773,0.741778,0.118502,0.027877,0.992563,0.223033,0.973316,-0.053965,F,BuildTutorial
58.836,0.281135,1.719725,2.506931,-7.692190178233005,9.835053236742812,11.504357571613866,0.057921,-0.091796,-0.105353,-0.988493,0.960949,0.197647,-0.193684,-0.218915,0.971092,-0.095168,1.831503,1.040407,3.678951,-13.440844144414276,-78.48173624481144,-17.66677336669811,0.006913,-0.634702,-0.191265,0.748681,0.121143,-0.295169,0.947734,0.277617,0.92674,0.253144,1.818237,1.041778,3.783712,-13.16502492248836,-83.60525882415394,1.8152974066631191,-0.095932,-0.660736,-0.064671,0.741649,0.118491,0.030846,0.992476,0.222698,0.973229,-0.056835,F,BuildTutorial
58.87,0.279163,1.731437,2.508938,-5.554530032119986,10.150835006268796,12.796254172512285,0.038116,-0.093191,-0.115129,-0.988235,0.956122,0.220445,-0.192966,-0.234653,0.970585,-0.053877,1.831352,1.040279,3.678881,-13.434576493923776,-78.49051423032928,-17.654164263929925,0.0069,-0.634758,-0.191149,0.748664,0.12109,-0.294973,0.947802,0.277453,0.926829,0.252998,1.818177,1.04199,3.783351,-13.155824352624494,-83.64870164611392,1.9522392276953096,-0.096638,-0.660909,-0.063768,0.741481,0.118267,0.033171,0.992428,0.222304,0.97319,-0.05902,F,BuildTutorial
58.903,0.276916,1.741891,2.51468,-2.562059861156253,10.773936288258971,13.531615387447255,0.011045,-0.095827,-0.119346,-0.988156,0.953147,0.233748,-0.192021,-0.237982,0.971269,0.001044,1.831347,1.040381,3.678718,-13.43818590326608,-78.48392503217909,-17.646272424909167,0.006821,-0.634717,-0.191117,0.748708,0.121219,-0.294839,0.947827,0.277522,0.926856,0.252823,1.818151,1.041952,3.783235,-13.15733953500134,-83.66644812513637,2.0001109593826403,-0.096914,-0.660982,-0.063482,0.741404,0.118145,0.033985,0.992415,0.222249,0.973155,-0.059784,F,BuildTutorial
58.936,0.275343,1.74927,2.522938,0.557530775958292,11.757335895436626,12.9422123549667,-0.016352,-0.101223,-0.111613,-0.988448,0.954593,0.223958,-0.196457,-0.217337,0.97455,0.054922,1.831372,1.040479,3.678777,-13.440578942467065,-78.49081531772825,-17.644398171642386,0.006806,-0.634763,-0.191117,0.748669,0.121102,-0.294807,0.947852,0.277526,0.926856,0.252819,1.818244,1.041866,3.783308,-13.15471782736841,-83.65074199489764,1.945177844198459,-0.096589,-0.660929,-0.063809,0.741466,0.118202,0.033053,0.992439,0.222301,0.973198,-0.058889,F,BuildTutorial
58.969,0.274133,1.753183,2.532642,3.079925768569877,13.311974575482598,12.212942257384844,-0.038867,-0.112369,-0.102524,-0.987599,0.953724,0.21124,-0.213981,-0.19377,0.975956,0.099812,1.831473,1.0405,3.67885,-13.443847933211815,-78.49953415441291,-17.643218717817284,0.006792,-0.634821,-0.191126,0.748617,0.120946,-0.294783,0.947879,0.277536,0.92685,0.252831,1.818311,1.041919,3.783379,-13.159513317683194,-83.6347007763481,1.8231336253634327,-0.095925,-0.660924,-0.064613,0.741487,0.118009,0.03098,0.992529,0.222618,0.973247,-0.056847,F,BuildTutorial
59.003,0.273244,1.753701,2.542994,5.1505665752794405,15.029340973886216,12.033369395428853,-0.057995,-0.125259,-0.097969,-0.98557,0.949424,0.207639,-0.23554,-0.178581,0.974077,0.13886,1.831468,1.040561,3.678799,-13.439898592917151,-78.50995351624233,-17.63961561395639,0.006816,-0.634888,-0.191081,0.748572,0.120812,-0.294731,0.947913,0.277422,0.926883,0.252834,1.818251,1.041858,3.783667,-13.156780423866527,-83.59891351976161,1.6827266136635484,-0.095118,-0.660812,-0.065476,0.741616,0.118082,0.028595,0.992592,0.222826,0.973331,-0.054548,F,BuildTutorial
59.036,0.272855,1.751588,2.553639,7.067656314034699,16.28474037303634,12.518252483912509,-0.076065,-0.133869,-0.099043,-0.983099,0.944539,0.215104,-0.248146,-0.174373,0.968809,0.176076,1.831414,1.040522,3.678848,-13.446684615507108,-78.5059789033605,-17.647251730203777,0.006806,-0.634864,-0.191167,0.74857,0.120807,-0.294846,0.947878,0.277563,0.926818,0.25292,1.818219,1.04188,3.783898,-13.149536080434313,-83.58500818072913,1.5817619402173575,-0.094497,-0.660811,-0.066076,0.741643,0.117927,0.02688,0.992658,0.222898,0.973409,-0.052839,F,BuildTutorial
59.069,0.273507,1.745261,2.564238,8.517104642022904,16.988391822055206,12.918908295309253,-0.089548,-0.138104,-0.10006,-0.981273,0.94183,0.221106,-0.253116,-0.171638,0.963938,0.203379,1.831372,1.040378,3.678764,-13.448503485649796,-78.51673326332363,-17.6469450043446,0.00681,-0.634935,-0.191174,0.748508,0.120621,-0.294839,0.947903,0.277542,0.926812,0.252961,1.818301,1.041869,3.783941,-13.157014943922253,-83.57630860049393,1.551025990190804,-0.094373,-0.660774,-0.066311,0.74167,0.117962,0.026357,0.992668,0.223081,0.973393,-0.052354,F,BuildTutorial
59.103,0.274936,1.735085,2.575307,9.645746226211363,17.72461150743715,13.263412826998437,-0.100245,-0.142894,-0.100838,-0.979471,0.938826,0.226185,-0.259705,-0.168887,0.959565,0.225193,1.83143,1.040493,3.678761,-13.447368090668698,-78.52516720498491,-17.655298604696068,0.006878,-0.634989,-0.191222,0.748449,0.120447,-0.294974,0.947883,0.277504,0.926774,0.253143,1.818174,1.041815,3.783967,-13.14697049747856,-83.59282676286735,1.571032136499599,-0.094414,-0.660872,-0.066137,0.741593,0.117748,0.026697,0.992685,0.222885,0.973424,-0.052617,F,BuildTutorial
59.137,0.276891,1.722027,2.587676,10.596047636077268,18.26936769967083,13.134292878232108,-0.108646,-0.146614,-0.097872,-0.978326,0.937851,0.22336,-0.265605,-0.159644,0.957234,0.241282,1.831407,1.04053,3.67881,-13.446120377450754,-78.52871159927005,-17.64640045471284,0.006843,-0.635012,-0.191157,0.748446,0.120436,-0.294832,0.947929,0.277451,0.926824,0.253018,1.81815,1.041977,3.783679,-13.143933819356343,-83.61470995083579,1.6667652912928932,-0.094934,-0.660937,-0.065518,0.741524,0.11774,0.028325,0.99264,0.222656,0.97339,-0.054185,F,BuildTutorial
59.17,0.279122,1.706556,2.600217,11.823936817761464,18.17398768180131,13.11705915262011,-0.118985,-0.144449,-0.096024,-0.977628,0.939828,0.222125,-0.259583,-0.153376,0.953244,0.260387,1.831366,1.040508,3.678794,-13.446112292968904,-78.52625180612462,-17.646228708088632,0.006838,-0.634996,-0.191156,0.74846,0.120479,-0.294828,0.947925,0.277461,0.926826,0.253001,1.81813,1.041888,3.783673,-13.143992400624365,-83.6301202002861,1.7729492078275872,-0.095538,-0.660948,-0.064844,0.741495,0.117885,0.030128,0.99257,0.222455,0.973335,-0.055965,F,BuildTutorial
59.202,0.28134,1.690141,2.612542,13.362902135178317,17.736663972847076,13.105712514389852,-0.131681,-0.138998,-0.09417,-0.976971,0.943623,0.22061,-0.246792,-0.147397,0.947585,0.283475,1.831445,1.040434,3.678915,-13.444207280673224,-78.53377286161904,-17.651215306185968,0.006891,-0.635044,-0.191178,0.748413,0.12034,-0.294912,0.947916,0.277409,0.926807,0.253127,1.818224,1.042053,3.783385,-13.146969970704893,-83.65757347818732,1.8598424356124497,-0.096043,-0.661051,-0.064322,0.741384,0.11775,0.031603,0.99254,0.222354,0.973277,-0.057368,F,BuildTutorial
59.236,0.285353,1.67193,2.625756,15.312809151679804,16.62741844810479,13.22316293979722,-0.147455,-0.127172,-0.093776,-0.976366,0.950067,0.220624,-0.220677,-0.145616,0.938926,0.311791,1.831515,1.040542,3.678739,-13.466617035758668,-78.53087772281994,-17.648624073660294,0.006721,-0.635034,-0.19128,0.748397,0.120288,-0.294842,0.947945,0.277771,0.926734,0.252997,1.818159,1.041814,3.783338,-13.146717598225637,-83.66277723600405,1.893215755761151,-0.096231,-0.661057,-0.064109,0.741373,0.117787,0.032171,0.992518,0.222286,0.973259,-0.057927,F,BuildTutorial
59.269,0.289064,1.653455,2.639394,17.34221534214188,15.35393625996689,12.726412659242357,-0.163127,-0.114688,-0.088566,-0.975906,0.958006,0.210281,-0.194954,-0.135446,0.931091,0.338709,1.831479,1.040461,3.678749,-13.458397573108702,-78.53286737613837,-17.650854679478105,0.006792,-0.635044,-0.191251,0.748396,0.120285,-0.29489,0.94793,0.277636,0.926754,0.253072,1.818247,1.041849,3.783328,-13.147981177820476,-83.6602834108015,1.8699045267472076,-0.096106,-0.661059,-0.064265,0.741373,0.117741,0.031775,0.992536,0.222353,0.973267,-0.057535,F,BuildTutorial
59.302,0.292457,1.633877,2.652224,18.816936816076257,13.399051743778124,12.24546334948398,-0.173705,-0.09712,-0.085543,-0.976256,0.9665,0.200764,-0.15991,-0.133283,0.925018,0.355778,1.831477,1.040476,3.678817,-13.4709006491329,-78.53589120365645,-17.652857085262205,0.006724,-0.635068,-0.19133,0.748355,0.120162,-0.294907,0.94794,0.277825,0.926695,0.25308,1.818248,1.041839,3.783439,-13.141308359530656,-83.65149613786643,1.8014376253681716,-0.095673,-0.661065,-0.064662,0.74139,0.117624,0.030613,0.992586,0.222372,0.973331,-0.056371,F,BuildTutorial
59.336,0.298957,1.612889,2.663334,19.16291197784733,10.786508491786115,12.00821241504607,-0.174498,-0.074838,-0.087125,-0.977936,0.973617,0.196523,-0.115968,-0.144287,0.92392,0.354335,1.83135,1.04046,3.678742,-13.465792268985798,-78.52680017697702,-17.63928569747474,0.006668,-0.635008,-0.191215,0.748437,0.120404,-0.294694,0.947976,0.277756,0.926785,0.252828,1.818207,1.041859,3.783444,-13.13751609140484,-83.63874248041178,1.7245240486422535,-0.095212,-0.661049,-0.065127,0.741422,0.117545,0.029306,0.992635,0.222454,0.973386,-0.05508,F,BuildTutorial
59.369,0.304904,1.591788,2.672724,19.24083232499393,8.606743640111052,11.63999683140526,-0.173292,-0.056702,-0.08722,-0.979361,0.978355,0.190492,-0.080835,-0.151188,0.924725,0.349322,1.831475,1.040401,3.678647,-13.474020532989472,-78.52057425511939,-17.633468413036876,0.00657,-0.634971,-0.191221,0.748468,0.120494,-0.294589,0.947997,0.277902,0.926783,0.252674,1.818222,1.041921,3.783624,-13.144574788112156,-83.61211684627094,1.6697847792858531,-0.094957,-0.660917,-0.0655,0.74154,0.117798,0.028376,0.992632,0.222659,0.973386,-0.054249,F,BuildTutorial
59.402,0.310969,1.568893,2.68057,18.786163326914423,6.307798776002555,11.053776369689505,-0.16743,-0.038333,-0.08594,-0.981383,0.98229,0.181515,-0.04646,-0.155843,0.929163,0.335215,1.831469,1.040391,3.678731,-13.476415790931672,-78.5271913513231,-17.631137069672093,0.006552,-0.635015,-0.191218,0.748431,0.120384,-0.294549,0.948024,0.277906,0.926785,0.252661,1.818187,1.041933,3.783695,-13.144358705760672,-83.6152507083586,1.6557746782517204,-0.094873,-0.660949,-0.065592,0.741514,0.117688,0.028138,0.992652,0.222686,0.973394,-0.053993,F,BuildTutorial
59.436,0.316758,1.545871,2.686572,18.110688404841714,4.068800975712362,9.789817885412802,-0.159707,-0.021508,-0.078645,-0.983792,0.986705,0.16161,-0.017199,-0.14787,0.936617,0.31762,1.83139,1.04048,3.678775,-13.485320169070812,-78.51544653276633,-17.626720654282657,0.006448,-0.634942,-0.191237,0.748489,0.120555,-0.294465,0.948028,0.278089,0.926774,0.252501,1.818232,1.042034,3.783586,-13.147117614486673,-83.62043886975967,1.6759098820789204,-0.095004,-0.660964,-0.065482,0.741494,0.117677,0.028479,0.992644,0.222698,0.973373,-0.054327,F,BuildTutorial
59.469,0.322404,1.52288,2.691997,16.986465889221073,2.32765019714381,9.39204434191616,-0.148811,-0.007932,-0.077965,-0.985755,0.987717,0.15607,0.007567,-0.151349,0.943553,0.29462,1.831371,1.040481,3.678767,-13.481433908399934,-78.51749953722928,-17.623006346164804,0.006457,-0.634954,-0.191192,0.74849,0.120559,-0.29441,0.948045,0.27801,0.926808,0.252462,1.818131,1.041834,3.783735,-13.147237969684458,-83.64500172479482,1.7227540962407033,-0.095261,-0.661084,-0.0652,0.741379,0.117434,0.029275,0.992649,0.222628,0.973348,-0.055043,F,BuildTutorial
59.503,0.329054,1.500846,2.696705,17.745793935685455,0.0568663039713572,8.62754759381029,-0.153843,0.011113,-0.074242,-0.98524,0.988729,0.142874,0.044742,-0.149713,0.941641,0.301494,1.831329,1.040484,3.678596,-13.496298657088415,-78.5169706872391,-17.612164957714867,0.006296,-0.634957,-0.1912,0.748487,0.120545,-0.294217,0.948106,0.278227,0.926806,0.252233,1.818196,1.042004,3.783509,-13.139617501312358,-83.65638507377732,1.7864826343077,-0.095573,-0.66111,-0.064753,0.741354,0.117481,0.030359,0.992611,0.222378,0.973346,-0.05609,F,BuildTutorial
