Timestamp,Head_position_x,Head_position_y,Head_position_z,Head_euler_x,Head_euler_y,Head_euler_z,Head_quat_x,Head_quat_y,Head_quat_z,Head_quat_w,Head_sixD_a,Head_sixD_b,Head_sixD_c,Head_sixD_d,Head_sixD_e,Head_sixD_f,LeftHand_position_x,LeftHand_position_y,LeftHand_position_z,LeftHand_euler_x,LeftHand_euler_y,LeftHand_euler_z,LeftHand_quat_x,LeftHand_quat_y,LeftHand_quat_z,LeftHand_quat_w,LeftHand_sixD_a,LeftHand_sixD_b,LeftHand_sixD_c,LeftHand_sixD_d,LeftHand_sixD_e,LeftHand_sixD_f,RightHand_position_x,RightHand_position_y,RightHand_position_z,RightHand_euler_x,RightHand_euler_y,RightHand_euler_z,RightHand_quat_x,RightHand_quat_y,RightHand_quat_z,RightHand_quat_w,RightHand_sixD_a,RightHand_sixD_b,RightHand_sixD_c,RightHand_sixD_d,RightHand_sixD_e,RightHand_sixD_f,Gender,Build Type
0.0,0.088682,1.538438,2.673635,46.74335122478078,-5.603447462567226,-2.858956824128225,-0.397216,0.034971,0.003488,-0.917052,0.99753,-0.034179,0.06137,-0.021385,0.684414,0.72878,0.018637,1.256359,2.909217,-33.02363885013824,-0.9455657040057264,16.65026499761637,-0.282354,0.033322,0.136494,0.948965,0.960518,0.240239,-0.140322,-0.277873,0.803291,-0.526792,0.201677,1.197256,2.931143,-5.876575633440743,19.858438085541092,-68.62747056495962,-0.138781,0.113771,-0.54725,0.817505,0.375147,-0.926337,-0.034121,0.86318,0.362515,-0.351431,M,BuildTutorial
0.099,0.088256,1.529794,2.67268,49.94640337987624,-6.560559205990579,-4.281341447962067,-0.423146,0.03609,0.009664,-0.905291,0.997208,-0.04804,0.057164,-0.013045,0.641708,0.766838,0.023045,1.318623,2.901806,-28.940686594492114,-2.3709627140599023,26.58297292776627,-0.247739,0.03794,0.217533,0.943327,0.90248,0.391611,-0.179363,-0.429208,0.782609,-0.450892,0.190851,1.320553,2.912824,-25.88348922067804,20.04900773515756,-59.67489513966735,-0.275713,0.037431,-0.443683,0.851896,0.603489,-0.776584,0.180884,0.735303,0.454256,-0.502973,M,BuildTutorial
0.125,0.088612,1.528145,2.672495,50.39688654075778,-6.614930807178722,-4.58065324517337,-0.426792,0.035176,0.011556,-0.903591,0.997258,-0.05091,0.053706,-0.009142,0.635429,0.772105,0.025946,1.335911,2.900275,-26.02591947332191,-1.2844483137305265,29.648881081918223,-0.220457,0.047051,0.246832,0.942475,0.873721,0.44452,-0.197521,-0.486011,0.780946,-0.392323,0.184946,1.361263,2.901956,-33.08112777050847,19.471644185784793,-56.07281966952723,-0.323862,0.011196,-0.401599,0.856567,0.677187,-0.695244,0.240945,0.68074,0.467664,-0.563811,M,BuildTutorial
0.158,0.089008,1.527619,2.67188,50.65367590134627,-6.582196523885781,-4.812908963373274,-0.428878,0.033913,0.013353,-0.902627,0.997343,-0.053195,0.049769,-0.004984,0.631772,0.775139,0.029443,1.350414,2.898451,-24.331789251186763,0.1454373670409001,33.16094225367208,-0.201626,0.061327,0.279209,0.936818,0.836563,0.498406,-0.227496,-0.547867,0.762779,-0.343527,0.185132,1.392739,2.890574,-37.90395534912525,21.057812798393773,-62.08255351030791,-0.3627,-0.016576,-0.428643,0.827309,0.631982,-0.697215,0.338365,0.721264,0.369428,-0.585919,M,BuildTutorial
0.192,0.089414,1.528159,2.671361,50.407153306913,-6.355656772405934,-4.866034226986412,-0.426927,0.032063,0.014766,-0.903597,0.997508,-0.054062,0.045337,-0.000693,0.63503,0.772487,0.033373,1.361611,2.897307,-23.768097602855136,1.903965617116756,37.20846041082808,-0.189957,0.081098,0.315391,0.926212,0.787904,0.553427,-0.27005,-0.615048,0.72889,-0.300726,0.182435,1.418613,2.880755,-42.3825110772752,21.945297093284765,-63.74505984432248,-0.395077,-0.036673,-0.424894,0.813655,0.636241,-0.662457,0.395409,0.720411,0.32676,-0.611749,M,BuildTutorial
0.225,0.089983,1.528977,2.670614,49.92554782549012,-6.006052075512419,-4.731608638785485,-0.423051,0.030057,0.015281,-0.905478,0.997726,-0.053105,0.041503,0.002242,0.641588,0.767046,0.038867,1.371376,2.896257,-23.849479482879985,3.9507063320011016,35.8901390666149,-0.186067,0.09571,0.308053,0.928075,0.791886,0.536175,-0.29229,-0.607409,0.740965,-0.2864,0.177277,1.44051,2.872555,-46.67733319172343,22.614169833012593,-59.75020500572483,-0.426525,-0.037402,-0.381125,0.819403,0.70669,-0.592684,0.386413,0.656496,0.345641,-0.670482,M,BuildTutorial
0.257,0.090537,1.529667,2.669293,49.6658591731926,-5.670253867069547,-4.656576916320743,-0.420937,0.027811,0.016068,-0.906521,0.997937,-0.052546,0.036895,0.005719,0.645108,0.76407,0.042542,1.378679,2.896189,-24.44560518935877,4.202579974776424,35.32647303887912,-0.190724,0.098341,0.303741,0.928275,0.796141,0.526399,-0.298436,-0.601423,0.742731,-0.294349,0.173895,1.454306,2.867896,-48.90494991349821,23.486710265908588,-60.6058423864165,-0.443385,-0.044531,-0.376963,0.811989,0.711832,-0.57269,0.406598,0.651668,0.322617,-0.686474,M,BuildTutorial
0.291,0.091098,1.530338,2.667561,49.569363193704426,-5.298218188565472,-4.5221220061778,-0.420091,0.025408,0.01642,-0.906978,0.99817,-0.051133,0.032292,0.008439,0.646507,0.762861,0.044656,1.382948,2.897111,-25.29729170516329,3.491165581772718,35.173211634754516,-0.19966,0.094464,0.301036,0.92768,0.800907,0.520809,-0.295475,-0.596252,0.739026,-0.313566,0.168116,1.462196,2.866918,-50.32412287491531,22.72857670689035,-58.69456033654846,-0.450757,-0.048836,-0.36187,0.814544,0.73333,-0.545492,0.40579,0.633546,0.331735,-0.698979,M,BuildTutorial
0.325,0.091625,1.531112,2.666104,49.305686247334,-4.891968027714129,-4.269821428259722,-0.417895,0.023236,0.016037,-0.908057,0.998406,-0.048546,0.028796,0.009705,0.650214,0.759689,0.047532,1.38602,2.898276,-27.543470703746408,3.2448111150376735,31.554892550049303,-0.221517,0.091164,0.270465,0.932453,0.837076,0.464003,-0.289837,-0.54478,0.755558,-0.363795,0.158975,1.466793,2.867835,-52.33320438031848,20.827855211348307,-51.524908437621136,-0.461122,-0.042404,-0.311883,0.829637,0.801862,-0.478392,0.357993,0.556607,0.380191,-0.738677,M,BuildTutorial
0.357,0.09216,1.532019,2.664907,48.95199077956623,-4.41709254240333,-3.9657150351857746,-0.41497,0.020728,0.015511,-0.909467,0.99866,-0.045416,0.02483,0.01101,0.655119,0.755446,0.050862,1.3884,2.898916,-30.717273499596825,3.767540850906871,25.978056496771615,-0.250819,0.090386,0.225104,0.937149,0.882317,0.376571,-0.282332,-0.467253,0.772836,-0.429417,0.149329,1.466648,2.870781,-53.68087553243361,16.778096361465376,-44.016970113022154,-0.462909,-0.046699,-0.269722,0.84308,0.850138,-0.411561,0.328455,0.49803,0.42593,-0.755347,M,BuildTutorial
0.391,0.09258,1.533118,2.663974,48.67367761849838,-3.947419740237418,-3.5731369561888964,-0.412634,0.018525,0.014203,-0.910598,0.99891,-0.041154,0.022016,0.010578,0.659064,0.752013,0.052465,1.388255,2.899747,-33.51777202939117,4.5077215816381875,22.56161981173883,-0.275189,0.093291,0.198285,0.936083,0.903959,0.319877,-0.283789,-0.422568,0.769908,-0.478202,0.141557,1.462647,2.875561,-53.74744485205429,13.485393839102397,-37.34439301489888,-0.458802,-0.044498,-0.233324,0.856202,0.88716,-0.358713,0.290297,0.440376,0.470122,-0.764889,M,BuildTutorial
0.425,0.092856,1.534107,2.66346,48.34414019007695,-3.5839460903968203,-3.1471820414330955,-0.409907,0.017279,0.012241,-0.911881,0.999103,-0.03649,0.021478,0.008159,0.663652,0.747997,0.053998,1.386298,2.901093,-34.7082507771787,5.132658112624978,20.29231074686027,-0.285789,0.094561,0.181119,0.936258,0.916508,0.285099,-0.28059,-0.393197,0.771041,-0.500892,0.134117,1.456798,2.881081,-53.626063989119544,9.992583561169644,-31.562639512285852,-0.453568,-0.047415,-0.203999,0.866264,0.912273,-0.310421,0.267202,0.396445,0.505322,-0.766474,M,BuildTutorial
0.458,0.092953,1.534889,2.662876,48.1226758336187,-3.3268734675559126,-2.9350754637208136,-0.408088,0.01606,0.011544,-0.912729,0.999218,-0.034182,0.019895,0.007966,0.666663,0.745317,0.055126,1.380702,2.903101,-34.95088905407389,5.494675495866274,17.98359968430291,-0.28912,0.092038,0.163125,0.938791,0.929839,0.253061,-0.267134,-0.359501,0.7796,-0.512819,0.128653,1.448324,2.886647,-53.30568128163963,7.419093180077298,-25.841542545436734,-0.449239,-0.043735,-0.171137,0.875776,0.937599,-0.260461,0.230368,0.339051,0.537793,-0.771896,M,BuildTutorial
0.491,0.092658,1.535521,2.662491,47.943723422323195,-3.237998489473447,-2.8123699932041832,-0.406637,0.015842,0.010939,-0.913387,0.999259,-0.032867,0.020042,0.0071,0.669054,0.74318,0.056562,1.373585,2.905328,-35.40154305234247,6.3862886984824145,13.462971066087457,-0.295261,0.088283,0.128313,0.942636,0.951484,0.189772,-0.24221,-0.294039,0.792714,-0.533991,0.125097,1.439086,2.891408,-52.91984869133622,5.7197107236526685,-20.894550867533994,-0.445739,-0.036769,-0.140271,0.88334,0.957944,-0.215035,0.190008,0.280593,0.563282,-0.777162,M,BuildTutorial
0.524,0.092026,1.536034,2.662257,47.80387334547587,-3.4429218097322387,-2.827236316905521,-0.405544,0.017465,0.010376,-0.91385,0.999175,-0.033129,0.023505,0.004798,0.670853,0.741575,0.057877,1.365124,2.907224,-36.203939717019125,7.324233393316487,5.678188975495328,-0.306687,0.075995,0.066805,0.946417,0.979524,0.079837,-0.184822,-0.173063,0.802961,-0.570353,0.119713,1.428444,2.896744,-52.63109087693436,1.823397075065319,-14.528736688272728,-0.441504,-0.041901,-0.106332,0.889951,0.973876,-0.152261,0.16847,0.226258,0.587536,-0.776922,M,BuildTutorial
0.557,0.091151,1.536577,2.662246,47.62726047147051,-3.806050617435759,-2.9228551430619483,-0.404184,0.020079,0.009916,-0.914404,0.998997,-0.034366,0.028704,0.001904,0.673075,0.739572,0.056233,1.355323,2.911213,-35.412339984077676,6.657157660495848,1.1206204080634394,-0.303067,0.058278,0.026958,0.950803,0.991754,0.01594,-0.127163,-0.086589,0.814847,-0.573173,0.114464,1.417979,2.901407,-52.55359533083534,-2.8269367868429747,-7.175795997744719,-0.440322,-0.049771,-0.066995,0.893953,0.986069,-0.07595,0.147986,0.163612,0.603257,-0.780585,M,BuildTutorial
0.591,0.090179,1.53703,2.662375,47.47187248716256,-4.288749278607229,-3.108148322899265,-0.403021,0.023331,0.009753,-0.914841,0.998721,-0.036651,0.034828,-0.000961,0.674958,0.737856,0.055553,1.343941,2.915474,-34.32360177580347,6.860202730548794,-3.812306466380476,-0.296281,0.047338,-0.01408,0.953823,0.995122,-0.05491,-0.081961,-0.001191,0.824038,-0.566533,0.112513,1.40812,2.904811,-52.16289287343346,-4.164994429962495,-3.460978708819184,-0.438172,-0.045891,-0.043074,0.896685,0.992077,-0.037031,0.120047,0.117464,0.6123,-0.781851,M,BuildTutorial
0.624,0.089001,1.537351,2.66236,47.44524851077628,-4.854693175793848,-3.2738729803310136,-0.402892,0.027276,0.009097,-0.914796,0.998347,-0.038623,0.042573,-0.005334,0.675191,0.737624,0.055755,1.333794,2.918188,-34.720910186559266,8.248302250617696,-7.612974616443166,-0.30151,0.048733,-0.041787,0.9513,0.991758,-0.108892,-0.067521,0.050118,0.814691,-0.577725,0.110617,1.39874,2.908653,-51.630485192440474,-5.713464322049116,0.1269811358675918,-0.434979,-0.044383,-0.020707,0.899108,0.995203,0.001375,0.097824,0.075847,0.620728,-0.780348,M,BuildTutorial
0.658,0.087901,1.537545,2.662431,47.389122798141486,-5.44715909838306,-3.4066780448386056,-0.402523,0.031561,0.008101,-0.91483,0.997877,-0.040231,0.051224,-0.010585,0.675819,0.736992,0.056263,1.324334,2.919503,-35.06962748814378,10.234081779357531,-12.393225458757684,-0.307511,0.052158,-0.0758,0.947085,0.983068,-0.175657,-0.052177,0.1115,0.799382,-0.590386,0.109758,1.390124,2.912253,-51.41096306736693,-5.785772853035247,3.5992007084721807,-0.434407,-0.031848,0.00638,0.900131,0.99789,0.039156,0.051791,0.016184,0.6225,-0.782453,M,BuildTutorial
0.691,0.086749,1.537719,2.662713,47.314045174533035,-5.8141864201126054,-3.51589391098585,-0.401981,0.034139,0.007722,-0.914979,0.99755,-0.041577,0.056265,-0.013316,0.676703,0.736135,0.056458,1.315984,2.921433,-34.525420658027684,11.303882290817334,-15.766338430182362,-0.305419,0.052657,-0.101389,0.945339,0.973895,-0.223859,-0.037625,0.15953,0.792879,-0.588127,0.110741,1.382509,2.915794,-50.434773761908176,-4.804969634442961,4.157330149753253,-0.426775,-0.022459,0.014938,0.903956,0.998545,0.046177,0.027854,-0.007837,0.63528,-0.772242,M,BuildTutorial
0.725,0.085744,1.537888,2.663113,47.27602238803872,-6.061568358375305,-3.5873613812694285,-0.401716,0.03588,0.007445,-0.915031,0.997314,-0.042451,0.059681,-0.015203,0.677138,0.735699,0.057216,1.308379,2.923278,-34.51877773723723,12.890164869311302,-20.01384564254329,-0.308965,0.054335,-0.132096,0.940287,0.959197,-0.281992,-0.020555,0.214841,0.774182,-0.595387,0.113383,1.376222,2.918926,-49.56425893856453,-3.057928453851332,1.5566244575150732,-0.41931,-0.018531,0.001145,0.907653,0.999311,0.017619,0.032678,0.013461,0.648355,-0.761219,M,BuildTutorial
0.76,0.084698,1.537954,2.66334,47.2994331677949,-6.285869449979627,-3.5128539943696273,-0.401892,0.037922,0.006051,-0.914882,0.997051,-0.041552,0.064525,-0.01941,0.676893,0.735826,0.063061,1.299459,2.920835,-34.47669617252763,14.578673935360762,-23.754589616737245,-0.3126,0.058086,-0.158187,0.934818,0.943206,-0.332067,-0.009702,0.259436,0.754517,-0.602824,0.115142,1.369188,2.921955,-48.94795046250259,-1.968679742127405,2.14656789920694,-0.414439,-0.007874,0.00993,0.909989,0.999679,0.024599,0.0061,-0.011545,0.656284,-0.754426,M,BuildTutorial
0.795,0.083604,1.537953,2.663528,47.346251680056675,-6.4701778704216535,-3.433867360630972,-0.402247,0.03965,0.004748,-0.91466,0.996811,-0.040585,0.068713,-0.023212,0.67635,0.736215,0.06508,1.293737,2.920559,-35.3083312279372,16.523674716684265,-28.60025919936074,-0.324646,0.058556,-0.190697,0.92456,0.920411,-0.390642,0.015541,0.314602,0.716479,-0.622643,0.117481,1.363117,2.924274,-47.96721236051848,-0.8913316507395472,1.8841070342799855,-0.406525,-0.000423,0.01186,0.913563,0.999718,0.022014,-0.00887,-0.021326,0.669194,-0.742782,M,BuildTutorial
0.829,0.082464,1.538051,2.663945,47.30509405655515,-6.676018069691115,-3.3489451313528593,-0.401896,0.041609,0.003371,-0.914733,0.996515,-0.039612,0.073414,-0.027279,0.676936,0.735536,0.06784,1.288042,2.919832,-35.82088405585011,19.391811623512112,-35.1130595885681,-0.337358,0.061352,-0.233547,0.90988,0.883384,-0.466394,0.045932,0.383604,0.663291,-0.642568,0.119861,1.357933,2.925524,-47.2216237276282,0.3356246335958689,0.2309788951337633,-0.400514,0.003491,0.00302,0.916279,0.999957,0.002737,-0.008817,-0.008331,0.679158,-0.733945,M,BuildTutorial
0.863,0.081314,1.538039,2.664382,47.305913327493506,-6.91603764242213,-3.2293327881067513,-0.401863,0.043944,0.001574,-0.914643,0.996133,-0.038199,0.079121,-0.03244,0.677007,0.735261,0.068921,1.284639,2.918866,-35.8848595223207,21.32276177192021,-39.000513052542274,-0.344131,0.064852,-0.258371,0.90034,0.858078,-0.509878,0.061048,0.420607,0.629637,-0.653182,0.12123,1.352627,2.926907,-46.38002422998582,0.7834334818353397,0.2641494952318363,-0.393757,0.007192,0.004811,0.919174,0.99985,0.00318,-0.017009,-0.014507,0.689865,-0.723793,M,BuildTutorial
0.895,0.080112,1.537932,2.664634,47.401261904426605,-7.167989199384927,-3.1834052618060955,-0.402607,0.046074,0.000267,-0.914213,0.995754,-0.037588,0.084028,-0.036611,0.675815,0.736162,0.069372,1.28092,2.918319,-35.437868785757864,23.025258853715098,-42.32835472048728,-0.346749,0.069621,-0.280349,0.892369,0.833115,-0.548631,0.070167,0.452068,0.602339,-0.657893,0.122668,1.347764,2.927215,-45.677371419498755,1.0005270342223451,0.7610171867423321,-0.388061,0.010624,0.009509,0.921523,0.999593,0.00928,-0.02696,-0.025771,0.698636,-0.715013,M,BuildTutorial
0.929,0.078903,1.537901,2.665151,47.40264364940189,-7.381496443191986,-3.138901293957793,-0.402599,0.047933,-0.000839,-0.91412,0.995404,-0.037061,0.088308,-0.040129,0.675827,0.735967,0.069045,1.277834,2.918352,-35.029062057445884,23.454420979498785,-44.24548543049705,-0.345967,0.068591,-0.294972,0.888028,0.816573,-0.571348,0.082279,0.476427,0.586597,-0.654921,0.123974,1.343688,2.927109,-45.335888069479026,1.169279070909464,0.8447159524558953,-0.38529,0.012256,0.010734,0.922652,0.999469,0.010363,-0.030887,-0.029251,0.702874,-0.710713,M,BuildTutorial
0.962,0.077705,1.537746,2.665522,47.403495917886055,-7.6497485317318015,-3.09802881256241,-0.402585,0.050216,-0.002108,-0.914002,0.994948,-0.036579,0.093493,-0.044286,0.675842,0.735715,0.067774,1.274445,2.919447,-34.24073618484073,23.29319071801202,-45.35871382605173,-0.340414,0.066843,-0.306069,0.886551,0.803708,-0.5882,0.089861,0.497183,0.58088,-0.644506,0.125338,1.339695,2.926951,-44.84095827153362,1.2471704802547217,0.9388542637999246,-0.381283,0.013185,0.011724,0.92429,0.999377,0.011619,-0.033315,-0.031728,0.708972,-0.704523,M,BuildTutorial
0.996,0.076509,1.537434,2.665529,47.538677464339,-7.911891979387122,-3.065064314462954,-0.40364,0.052361,-0.003379,-0.913412,0.994494,-0.036097,0.098382,-0.048443,0.674126,0.737026,0.065247,1.272137,2.921132,-33.2405482682135,23.107904725664284,-44.872937630922046,-0.332268,0.070442,-0.305351,0.889605,0.803598,-0.590095,0.077586,0.496472,0.592717,-0.634194,0.126896,1.335819,2.926891,-44.24790176352357,1.3130752917744235,0.8311622167258359,-0.3765,0.013346,0.011034,0.926255,0.9994,0.01039,-0.033033,-0.03049,0.716252,-0.697176,M,BuildTutorial
1.029,0.075452,1.537368,2.665519,47.60434099528143,-8.13714549477501,-3.041819907002474,-0.404144,0.054208,-0.004401,-0.913077,0.994084,-0.035779,0.10255,-0.051853,0.673296,0.737552,0.059752,1.270445,2.923258,-32.98375650226213,21.531317903827784,-40.90714187719285,-0.32389,0.070361,-0.279491,0.901127,0.833869,-0.549291,0.05424,0.458134,0.63396,-0.623063,0.128701,1.332236,2.926855,-43.75547560493487,1.6138660919956749,0.2408487639689657,-0.372562,0.013852,0.007198,0.927876,0.999513,0.003036,-0.03107,-0.023679,0.722292,-0.691183,M,BuildTutorial
1.063,0.0745,1.537464,2.665575,47.554384507787795,-8.321488267219795,-3.012901153224633,-0.403725,0.055802,-0.005248,-0.913162,0.993717,-0.035473,0.106149,-0.054641,0.673957,0.736748,0.053601,1.268289,2.926272,-32.8273846539114,19.818167561585348,-38.72274167932225,-0.317339,0.063455,-0.267394,0.907618,0.848948,-0.525656,0.054523,0.445109,0.655593,-0.609981,0.130403,1.32845,2.927369,-43.23242108649843,1.8841680515838548,0.8717286873711391,-0.368211,0.018087,0.013128,0.929474,0.999001,0.011083,-0.043291,-0.037723,0.728497,-0.68401,M,BuildTutorial
1.095,0.073711,1.537688,2.665508,47.472929112469785,-8.434786427290604,-2.936978026165004,-0.403034,0.05701,-0.006197,-0.913387,0.993423,-0.034634,0.109139,-0.057274,0.675051,0.735545,0.045775,1.265561,2.930195,-32.42441015380141,17.866273507918773,-37.6030041501954,-0.309148,0.05226,-0.26468,0.911944,0.854427,-0.515059,0.068334,0.450434,0.668744,-0.591515,0.131663,1.324831,2.928211,-42.63165814056919,2.0047869466820707,1.6213231316427923,-0.363186,0.021438,0.019537,0.931265,0.998318,0.020817,-0.054119,-0.05196,0.735429,-0.675607,M,BuildTutorial
1.129,0.073173,1.538012,2.665493,47.363454651912875,-8.420334556984367,-2.8621307237236917,-0.402126,0.057208,-0.006669,-0.913771,0.993366,-0.033821,0.109915,-0.058199,0.6765,0.73414,0.038172,1.262795,2.932373,-32.39423373179039,16.271825160619986,-34.79652684830681,-0.304139,0.047119,-0.246583,0.918954,0.873953,-0.481858,0.06339,0.424535,0.693393,-0.582216,0.133287,1.321624,2.929246,-42.0414168916524,2.40158205617366,0.7917524252156762,-0.358483,0.022039,0.013965,0.933172,0.998639,0.010262,-0.051144,-0.041864,0.742591,-0.668436,M,BuildTutorial
1.162,0.072861,1.538269,2.665383,47.305192219987546,-8.31451863607826,-2.7179342558994986,-0.401597,0.056896,-0.007409,-0.914018,0.993416,-0.032155,0.109958,-0.059242,0.67733,0.73329,0.033079,1.260499,2.935014,-31.97103498274729,14.737006965458855,-32.63659482882571,-0.296759,0.041585,-0.233981,0.924909,0.887047,-0.457504,0.061948,0.408142,0.714373,-0.568411,0.133768,1.318236,2.930522,-41.64861926103503,2.4361783786982407,1.479343459543843,-0.355137,0.024456,0.01962,0.934288,0.998034,0.019292,-0.059633,-0.054032,0.746985,-0.662642,M,BuildTutorial
1.196,0.072837,1.538498,2.66526,47.23145454013184,-8.135436125996652,-2.6098379868678316,-0.400968,0.055878,-0.007596,-0.914355,0.99364,-0.030921,0.108277,-0.058701,0.678334,0.732406,0.027321,1.259458,2.936554,-31.742380845933663,12.447083576909892,-28.87226346980288,-0.289276,0.033207,-0.209673,0.93341,0.909869,-0.410633,0.059314,0.372209,0.744713,-0.553952,0.133772,1.314376,2.93173,-41.32406091107483,2.772227974337342,2.5299986308261655,-0.352166,0.030416,0.029184,0.934988,0.996446,0.033151,-0.077432,-0.075996,0.750255,-0.656767,M,BuildTutorial
1.229,0.072904,1.538712,2.665278,47.172438050335806,-7.855195248353106,-2.4912462034501988,-0.400459,0.054081,-0.007525,-0.914686,0.994037,-0.029548,0.104962,-0.057082,0.679152,0.731775,0.023072,1.259215,2.934425,-31.899908542205445,10.656238435327127,-22.47195421212392,-0.285763,0.03426,-0.161511,0.94397,0.945481,-0.324504,0.027627,0.285343,0.784508,-0.55057,0.133918,1.309527,2.933223,-40.38856704155408,4.262942739514353,1.6341425546326511,-0.344433,0.039822,0.026212,0.9376,0.995454,0.021721,-0.092732,-0.076585,0.761358,-0.643793,M,BuildTutorial
1.263,0.072961,1.538812,2.665224,47.12993026929955,-7.558655030304872,-2.3554911694311387,-0.400077,0.052205,-0.007547,-0.914963,0.994435,-0.027962,0.101569,-0.055582,0.679763,0.731323,0.020806,1.261831,2.931566,-33.119567000936534,9.241130561138492,-15.228874773221673,-0.291816,0.038891,-0.10384,0.950026,0.97541,-0.219999,-0.01329,0.174603,0.808122,-0.562542,0.132539,1.302974,2.935327,-38.752712156840275,4.852873918367288,0.8990154078678877,-0.331151,0.042538,0.02144,0.942375,0.995462,0.012235,-0.094373,-0.068581,0.779759,-0.622312,M,BuildTutorial
1.296,0.072991,1.538851,2.66514,47.130892138450626,-7.288804336144691,-2.261496090722675,-0.40006,0.050378,-0.007356,-0.915074,0.994816,-0.026847,0.098085,-0.05377,0.679796,0.731428,0.021948,1.265391,2.930152,-33.20077408782284,8.086919803516315,-12.609705133538592,-0.290681,0.035869,-0.084956,0.952366,0.982992,-0.182671,-0.018932,0.140965,0.816574,-0.559764,0.130442,1.29605,2.937504,-37.13067245719684,5.613718976699629,0.6723256420808288,-0.317726,0.048286,0.021146,0.946716,0.994443,0.009355,-0.104864,-0.070722,0.797206,-0.59955,M,BuildTutorial
1.329,0.07313,1.538852,2.664937,47.13867910821386,-7.0738146389936745,-2.214013008658671,-0.400115,0.048824,-0.006989,-0.915137,0.995135,-0.026278,0.094955,-0.051863,0.679718,0.731637,0.024313,1.26801,2.928363,-33.50224677361814,6.779255296091832,-12.649829597856082,-0.292197,0.024576,-0.08837,0.95195,0.983174,-0.18261,0.004853,0.153886,0.813624,-0.560657,0.128701,1.289345,2.938576,-35.62198888182273,6.580803108888101,-0.2175350386484168,-0.305477,0.054066,0.015752,0.950533,0.993658,-0.003086,-0.112407,-0.062978,0.812871,-0.579029,M,BuildTutorial
1.362,0.073133,1.538907,2.664966,47.12674314581873,-6.8935252456485365,-2.177196048694545,-0.400015,0.047517,-0.006647,-0.915252,0.995396,-0.025847,0.092297,-0.050182,0.679887,0.731598,0.026732,1.270348,2.924088,-33.433153590021035,5.435611829951724,-11.94585009215708,-0.29048,0.015269,-0.085984,0.952888,0.984747,-0.172738,0.020854,0.154996,0.816456,-0.556216,0.125808,1.283464,2.939333,-34.7152546586927,6.811594052394689,-0.4427401486236907,-0.298025,0.055551,0.014042,0.952837,0.993434,-0.006351,-0.114232,-0.059871,0.821968,-0.566378,M,BuildTutorial
1.395,0.073038,1.538964,2.664876,47.130999197382096,-6.830423102242875,-2.1564166709287425,-0.400044,0.047084,-0.006595,-0.915262,0.995479,-0.025599,0.091464,-0.049743,0.679843,0.731669,0.029801,1.270297,2.915487,-33.10039708834744,4.289445520867337,-3.565632257710197,-0.285634,0.027,-0.019146,0.957767,0.997809,-0.0521,-0.040782,0.021251,0.836094,-0.548175,0.122404,1.278548,2.938577,-34.414385508548314,7.00568168487481,-0.8967068471886326,-0.295723,0.056051,0.010613,0.953569,0.993491,-0.01291,-0.113174,-0.053392,0.824871,-0.562794,M,BuildTutorial
1.428,0.072823,1.539008,2.664741,47.12494304308308,-6.883523121153273,-2.149915130485068,-0.39999,0.047533,-0.006829,-0.915261,0.995388,-0.025524,0.092474,-0.050527,0.679923,0.731541,0.034632,1.27118,2.907989,-33.191635416971046,4.871826550251949,-8.81784695114771,-0.287647,0.018674,-0.061502,0.955577,0.991738,-0.128283,-0.000308,0.106797,0.826954,-0.552034,0.126325,1.276175,2.934556,-35.4500731652753,11.134387432451318,-4.191443286734391,-0.30619,0.081265,-0.005153,0.948482,0.986739,-0.05954,-0.151001,-0.03999,0.812443,-0.581668,M,BuildTutorial
1.462,0.072609,1.539171,2.664709,47.102931664851454,-6.95801267654281,-2.1905896912284777,-0.399827,0.047994,-0.006752,-0.915309,0.995302,-0.026018,0.093258,-0.050739,0.680186,0.731281,0.033734,1.271527,2.904284,-34.68825400690788,4.011180360756534,-7.750170446796707,-0.299504,0.013195,-0.05406,0.952471,0.993807,-0.110885,0.007247,0.095077,0.81475,-0.571965,0.122276,1.273867,2.931527,-35.956707749546815,11.273640120656385,-0.905674345734995,-0.307894,0.090996,0.022835,0.946784,0.982397,-0.012795,-0.186369,-0.099274,0.809359,-0.578863,M,BuildTutorial
1.496,0.072387,1.539293,2.664532,47.08449728661659,-7.107330069509616,-2.2081936810779186,-0.399678,0.049132,-0.007122,-0.91531,0.995071,-0.026236,0.095635,-0.052312,0.680413,0.730959,0.034054,1.271384,2.901704,-36.123612382772805,3.647693462001018,-11.483926608931991,-0.311358,-0.000897,-0.085252,0.94646,0.985462,-0.160818,0.054786,0.161935,0.791576,-0.589224,0.119562,1.270108,2.932708,-35.449429157905065,13.211024322356856,-2.159427290711363,-0.304434,0.103854,0.017185,0.946699,0.977838,-0.030696,-0.2071,-0.095771,0.814049,-0.572846,M,BuildTutorial
1.529,0.072116,1.53934,2.664408,47.092191209022936,-7.325498507656284,-2.298391835797491,-0.399765,0.050557,-0.007167,-0.915194,0.994785,-0.027304,0.098269,-0.05354,0.680273,0.731001,0.034542,1.270358,2.903067,-37.882746459070376,2.168478931952406,-12.539012030718528,-0.324556,-0.017651,-0.097168,0.940697,0.980494,-0.171353,0.096281,0.194268,0.770444,-0.607187,0.120423,1.266222,2.931459,-34.533475898813585,14.453050923674528,-1.9459128880557883,-0.29646,0.115106,0.021246,0.947845,0.972598,-0.027972,-0.230803,-0.108525,0.823321,-0.557104,M,BuildTutorial
1.563,0.071936,1.539346,2.664268,47.10807163023536,-7.569650291718824,-2.506304590146234,-0.39997,0.051775,-0.006368,-0.915042,0.994558,-0.029763,0.099846,-0.053071,0.679966,0.73132,0.034486,1.267216,2.904548,-38.06431907791267,0.1488776853767001,-12.016198413928414,-0.324436,-0.032911,-0.098526,0.940187,0.978419,-0.163911,0.125815,0.206621,0.770068,-0.603575,0.122199,1.262839,2.928708,-33.919004445265486,15.663287218808192,-5.7770433028727926,-0.295176,0.115609,-0.008055,0.948389,0.97314,-0.083528,-0.214529,-0.052972,0.825613,-0.561745,M,BuildTutorial
1.595,0.071818,1.539406,2.664281,47.08716046283754,-7.748789716896258,-2.66852608234078,-0.399868,0.052648,-0.005685,-0.915042,0.994392,-0.0317,0.100897,-0.052509,0.680147,0.731193,0.033434,1.263688,2.90479,-39.096567962384846,-3.076971214012265,-9.686595759570334,-0.33115,-0.053451,-0.088487,0.937898,0.978626,-0.130583,0.158868,0.201384,0.76502,-0.611711,0.123457,1.259226,2.92549,-33.82097483457148,16.957020278195888,-7.413299710446438,-0.296216,0.122169,-0.01838,0.947097,0.969474,-0.107193,-0.220522,-0.037561,0.823836,-0.565582,M,BuildTutorial
1.628,0.071861,1.539524,2.664143,47.0549636310949,-7.786312819379734,-2.7480199760700814,-0.399646,0.052684,-0.005161,-0.91514,0.994396,-0.032665,0.100551,-0.051555,0.680513,0.73092,0.031855,1.261493,2.905091,-41.83782115668936,-6.328557592096489,-8.92547815736433,-0.351409,-0.079144,-0.09222,0.928301,0.970464,-0.115591,0.211753,0.226839,0.736014,-0.63783,0.123498,1.256732,2.921291,-34.105313904946506,17.96998541437407,-7.221320082968496,-0.29848,0.130772,-0.013761,0.945314,0.965419,-0.104082,-0.239026,-0.052049,0.82144,-0.567915,M,BuildTutorial
1.662,0.072039,1.53968,2.664126,47.00607052881435,-7.737018034318838,-2.7276914565374684,-0.399249,0.052382,-0.005121,-0.915331,0.99446,-0.032452,0.099982,-0.051201,0.681149,0.730353,0.030336,1.259641,2.906547,-44.59182107391785,-9.934789053814228,-9.370695121563278,-0.370158,-0.110721,-0.108034,0.915998,0.952139,-0.115948,0.28282,0.279886,0.702623,-0.654205,0.123067,1.255116,2.917099,-34.80531118999492,19.966298916763726,-6.683099533117533,-0.303698,0.147973,-0.003017,0.941203,0.95619,-0.095558,-0.276713,-0.084198,0.815517,-0.572575,M,BuildTutorial
1.695,0.072298,1.539897,2.664226,46.96120789990641,-7.624673973149037,-2.6858875857907516,-0.398877,0.051649,-0.005036,-0.915535,0.994614,-0.031981,0.098591,-0.050425,0.681744,0.729851,0.029598,1.259908,2.906255,-47.36708750162035,-15.939439734605031,-5.450486858250612,-0.391318,-0.145743,-0.098752,0.903259,0.938014,-0.064334,0.340574,0.292461,0.674237,-0.678138,0.120424,1.25155,2.914155,-34.74003164483185,20.093613184923875,-2.282931903491327,-0.297222,0.160608,0.03335,0.940613,0.946186,-0.032734,-0.321964,-0.15821,0.821094,-0.548429,M,BuildTutorial
1.729,0.072666,1.539961,2.664346,46.88993409953119,-7.444167851610115,-2.7075151940065383,-0.398325,0.050161,-0.004192,-0.915862,0.994933,-0.032283,0.095221,-0.047639,0.68264,0.729201,0.029638,1.260585,2.904658,-47.999859610372006,-19.543887818039376,-1.4259013750505158,-0.398874,-0.160029,-0.080231,0.899363,0.935907,-0.01665,0.351853,0.271977,0.668925,-0.691787,0.112933,1.246599,2.91355,-34.35301229726172,14.854823776439774,3.0978647117159084,-0.289393,0.131375,0.06377,0.946005,0.957348,0.044616,-0.285471,-0.196692,0.82437,-0.530779,M,BuildTutorial
1.762,0.073079,1.540001,2.664346,46.93065623183753,-7.232452943065133,-2.7593115214132693,-0.398679,0.048272,-0.003066,-0.915814,0.995321,-0.032875,0.09086,-0.044105,0.682092,0.729936,0.032096,1.262364,2.90278,-46.518095666859466,-18.70827846566513,-3.2946549477483074,-0.385184,-0.160466,-0.090217,0.904292,0.932223,-0.039547,0.359717,0.286784,0.686988,-0.667685,0.108592,1.242343,2.913198,-34.21017133291646,10.934096057100216,3.1357868429342197,-0.290186,0.099036,0.054044,0.950296,0.974542,0.045237,-0.219593,-0.160193,0.825742,-0.540821,M,BuildTutorial
1.795,0.073629,1.539934,2.66435,46.96714822091324,-6.980090331271943,-2.7984537150518394,-0.398992,0.046104,-0.001896,-0.915793,0.995742,-0.033318,0.085956,-0.040262,0.681603,0.730614,0.039315,1.263135,2.900473,-49.749973686892915,-14.70499486113247,-8.84602264259616,-0.406985,-0.147928,-0.12306,0.892937,0.925947,-0.09936,0.364348,0.340179,0.638438,-0.690417,0.104781,1.239968,2.912669,-35.081144369421324,9.072233096361906,6.26305489940858,-0.295869,0.09171,0.075725,0.947796,0.97171,0.089274,-0.218654,-0.197811,0.813454,-0.546958,M,BuildTutorial
1.829,0.074116,1.539824,2.664374,47.0207416248757,-6.760970769995806,-2.7810442809245135,-0.399416,0.044392,-0.001302,-0.915694,0.996055,-0.033077,0.082338,-0.037846,0.68093,0.73137,0.049131,1.266194,2.897272,-53.29388046237997,-9.957952761424783,-19.753097522352103,-0.426872,-0.15306,-0.191077,0.870542,0.880124,-0.202006,0.429621,0.463355,0.562541,-0.684726,0.103025,1.239672,2.909865,-37.80369066589034,8.094225969294971,8.543106094045065,-0.317269,0.090654,0.093091,0.939391,0.966232,0.117375,-0.229389,-0.232422,0.781348,-0.579202,M,BuildTutorial
1.862,0.074558,1.539728,2.664539,47.004990700081905,-6.587204729107745,-2.8001582527314475,-0.399299,0.042943,-0.000535,-0.915815,0.996311,-0.033314,0.079084,-0.035275,0.681121,0.731321,0.057468,1.26996,2.892484,-56.01750852466097,-8.822039314278248,-29.557471939828087,-0.435405,-0.185092,-0.259466,0.841927,0.796836,-0.275723,0.537614,0.598083,0.4862,-0.637107,0.102197,1.238872,2.909123,-39.00280869041625,6.615160097477571,10.11065093147422,-0.327185,0.083542,0.10211,0.935705,0.965188,0.136423,-0.223159,-0.245758,0.765047,-0.595236,M,BuildTutorial
1.895,0.074836,1.539765,2.664649,47.01439558485167,-6.504597445859811,-2.861872460588945,-0.399397,0.042064,0.000241,-0.915813,0.996461,-0.034042,0.076853,-0.033159,0.680964,0.731566,0.060131,1.272038,2.888963,-57.594325722712625,-10.240463136779429,-27.13313728697008,-0.448055,-0.188573,-0.246536,0.838395,0.807321,-0.244407,0.537121,0.582371,0.476933,-0.658315,0.097712,1.238853,2.907771,-39.67726709472092,1.8706648846153104,11.959626287718429,-0.335881,0.050622,0.103492,0.934832,0.973454,0.15949,-0.164168,-0.227501,0.752947,-0.617506,M,BuildTutorial
1.929,0.075003,1.539893,2.664612,46.984784860106046,-6.561472803623187,-2.8740219693089446,-0.399165,0.042488,0.000156,-0.915894,0.99639,-0.034204,0.077704,-0.033634,0.681335,0.731198,0.059832,1.271004,2.887298,-58.45086162437479,-12.656342539651956,-18.55605953395097,-0.463415,-0.173172,-0.192957,0.847364,0.865558,-0.166509,0.472318,0.487511,0.496029,-0.718532,0.0984,1.238754,2.907648,-38.86130149005158,0.3621241775903639,9.49888798452503,-0.331275,0.030514,0.07913,0.939715,0.985615,0.128501,-0.109777,-0.168936,0.76799,-0.61778,M,BuildTutorial
1.961,0.075225,1.54021,2.664403,46.88246617905466,-6.657763695893993,-2.9501864865904066,-0.398377,0.043034,0.000486,-0.916212,0.996296,-0.035178,0.07847,-0.033397,0.682591,0.730037,0.060771,1.266586,2.884872,-59.37577652375612,-11.826188432260572,-11.914250561817092,-0.480691,-0.140142,-0.140429,0.854152,0.92128,-0.105165,0.374412,0.374626,0.498431,-0.781807,0.100449,1.239785,2.906518,-39.65327830566164,0.3910588125796416,10.027150204275532,-0.337595,0.032839,0.083364,0.937017,0.983944,0.134054,-0.117828,-0.1784,0.75816,-0.62719,M,BuildTutorial
1.995,0.075561,1.540667,2.664378,46.69481773311593,-6.549370345025709,-3.1219853849911026,-0.39694,0.041648,0.00234,-0.916896,0.99652,-0.037354,0.074515,-0.028772,0.684866,0.7281,0.060507,1.26243,2.885138,-55.538690638358126,-8.340038266140605,-7.329833791662187,-0.459617,-0.093913,-0.09022,0.878518,0.966081,-0.072191,0.247942,0.244847,0.561226,-0.790617,0.100448,1.237767,2.90473,-41.128522060939915,-1.099714907546092,10.754080855447288,-0.350538,0.023969,0.084378,0.932432,0.984612,0.14055,-0.103854,-0.174158,0.740008,-0.64966,M,BuildTutorial
2.028,0.076157,1.541236,2.663991,46.509781525240726,-6.122645888614284,-3.049474958008306,-0.395425,0.038558,0.003334,-0.917683,0.997004,-0.036612,0.068131,-0.024374,0.687256,0.726007,0.063872,1.257674,2.891238,-49.79698129361177,-2.8748986154110945,-14.287053020299531,-0.414783,-0.074916,-0.123241,0.898418,0.958399,-0.159296,0.236848,0.283591,0.625534,-0.726831,0.101289,1.231721,2.90494,-38.92509825698872,-1.1937454994322076,10.174494194281165,-0.332731,0.01976,0.080144,0.939402,0.986373,0.137425,-0.090458,-0.163724,0.765734,-0.621969,M,BuildTutorial
2.062,0.0767,1.541909,2.663524,46.34866468241605,-5.722539569517489,-2.732684954309234,-0.394022,0.036505,0.002255,-0.918373,0.997325,-0.032909,0.065273,-0.024626,0.689484,0.723882,0.06543,1.253757,2.896897,-44.67304967576123,-0.9806123499588366,-22.71654452924929,-0.37103,-0.082605,-0.185348,0.906178,0.917645,-0.274619,0.287249,0.397215,0.655965,-0.641818,0.103187,1.224632,2.908583,-34.31097166143399,1.6031531339212606,4.17123598725129,-0.294255,0.024092,0.038894,0.954631,0.995814,0.060079,-0.068887,-0.088436,0.823802,-0.559937,M,BuildTutorial
2.096,0.077006,1.542897,2.6633,46.073824733709806,-5.463718327955859,-2.437855881222538,-0.391724,0.035536,0.000907,-0.919396,0.997473,-0.029509,0.064633,-0.026173,0.693102,0.720364,0.066598,1.256433,2.898374,-41.71268215042456,0.2517816755455022,-27.800958118662955,-0.346092,-0.083537,-0.223735,0.907295,0.885929,-0.348165,0.306451,0.46381,0.660325,-0.590636,0.105697,1.216861,2.911084,-29.193074092233868,3.6341737670041017,-4.948439711805212,-0.252974,0.019783,-0.033772,0.966681,0.996936,-0.075302,-0.021162,0.055283,0.869727,-0.490426,M,BuildTutorial
2.129,0.077255,1.543886,2.663317,45.676554723863326,-5.447738798034124,-2.1838401076644067,-0.388457,0.036401,-0.000899,-0.920747,0.997348,-0.026624,0.067732,-0.029937,0.698201,0.715276,0.07617,1.258932,2.89928,-40.066175786993455,4.556565129363627,-37.3134015090392,-0.336253,-0.074113,-0.287402,0.89378,0.823815,-0.463907,0.32576,0.563589,0.608669,-0.558471,0.106701,1.215441,2.911073,-27.109942715602024,4.577927797319414,-10.464224826667484,-0.236756,0.017309,-0.079258,0.968176,0.986837,-0.161668,0.004013,0.145276,0.875329,-0.461187,M,BuildTutorial
2.162,0.077578,1.544634,2.663231,45.42700425813627,-5.695466968760456,-2.2346992971456303,-0.386467,0.0383,-0.001214,-0.921507,0.997063,-0.027366,0.071525,-0.03184,0.701284,0.71217,0.087168,1.259335,2.895774,-39.33225345269523,13.287751814803611,-41.22634319187737,-0.351234,-0.015711,-0.292851,0.889172,0.827983,-0.509754,0.233657,0.531826,0.581746,-0.615413,0.111858,1.218701,2.909198,-27.967874456797848,7.708075874273019,-13.314553243892435,-0.247039,0.036832,-0.096107,0.963524,0.978814,-0.203402,-0.023493,0.167006,0.859471,-0.483135,M,BuildTutorial
2.195,0.078102,1.545194,2.662951,45.294156481524325,-5.901780677015877,-2.5194794527140436,-0.385495,0.039045,0.000445,-0.921884,0.996951,-0.030924,0.071646,-0.029282,0.702788,0.710797,0.099555,1.264106,2.894264,-38.70216520838473,19.153437263824653,-36.006723262882154,-0.359255,0.048298,-0.23512,0.901843,0.884772,-0.458786,0.081821,0.38938,0.631308,-0.670696,0.110559,1.220396,2.9095,-28.999125002887833,7.702211023102532,-12.27044872675867,-0.255326,0.037954,-0.086518,0.962228,0.982148,-0.185882,-0.028861,0.147119,0.854646,-0.497932,M,BuildTutorial
2.228,0.079001,1.545789,2.662815,45.09132957298164,-5.972489510492389,-2.837693810992757,-0.383973,0.038619,0.002869,-0.922532,0.997001,-0.03495,0.069052,-0.024365,0.705114,0.708676,0.104081,1.265236,2.899772,-36.84999897022077,16.925317761296053,-36.904308025847904,-0.340741,0.033494,-0.252896,0.904885,0.869844,-0.480508,0.111728,0.434858,0.639878,-0.633604,0.116788,1.219514,2.908225,-28.58643756107469,10.04607451894813,-18.416076410929872,-0.256344,0.044398,-0.133133,0.956343,0.960609,-0.277404,-0.016664,0.23188,0.833126,-0.502128,M,BuildTutorial
2.262,0.080199,1.546709,2.663236,44.801246874237926,-5.82846650138985,-2.9675534299307533,-0.381677,0.037134,0.004541,-0.923538,0.997201,-0.036733,0.065123,-0.019959,0.708604,0.705325,0.10374,1.262811,2.900679,-33.9080212491875,14.919358200775632,-33.864620212946846,-0.31277,0.034594,-0.240009,0.918354,0.882398,-0.462466,0.086595,0.419186,0.689142,-0.591073,0.121692,1.218035,2.909336,-26.610621004839377,10.946795411096586,-17.83044263564854,-0.240708,0.056199,-0.128439,0.960419,0.96069,-0.273765,-0.046117,0.219655,0.851127,-0.476797,M,BuildTutorial
2.295,0.081598,1.547632,2.663977,44.40697521369364,-5.474771374041857,-2.887298000050814,-0.37846,0.034693,0.005257,-0.924952,0.997538,-0.035984,0.060199,-0.016535,0.71348,0.70048,0.109566,1.260812,2.902078,-32.062094389623965,15.982308383585858,-35.742002485713435,-0.301284,0.043244,-0.255538,0.917637,0.865661,-0.49504,0.074614,0.442925,0.687856,-0.575041,0.126859,1.214989,2.910881,-25.01436521689527,11.42965630874888,-17.177057488225856,-0.227587,0.063944,-0.123746,0.963744,0.961196,-0.267624,-0.066926,0.209412,0.865782,-0.454497,M,BuildTutorial
2.328,0.083036,1.548323,2.664473,44.21080561837011,-4.932531764066235,-2.8345375533012542,-0.376834,0.030557,0.006706,-0.925752,0.998043,-0.035446,0.051522,-0.010614,0.715902,0.69812,0.118515,1.259555,2.902771,-31.234931252350243,18.095022594374164,-37.48827697292002,-0.30043,0.057982,-0.265539,0.914259,0.852255,-0.520381,0.05353,0.450703,0.678463,-0.580134,0.136637,1.213869,2.909778,-23.992493342586112,13.116674567262969,-19.16767107496453,-0.222206,0.075783,-0.138381,0.96215,0.950215,-0.299965,-0.084331,0.232607,0.862951,-0.448564,M,BuildTutorial
2.362,0.084218,1.548674,2.664573,44.19279090704179,-4.403468372363825,-2.65028920331875,-0.376611,0.026894,0.006964,-0.925955,0.998457,-0.033154,0.044559,-0.007359,0.716232,0.697824,0.126521,1.258177,2.904025,-30.84997265824801,19.201316295291907,-37.76367691771549,-0.300168,0.067252,-0.265619,0.913687,0.849847,-0.525759,0.036566,0.445012,0.678692,-0.584245,0.145328,1.213292,2.909355,-23.771759286867056,14.378020840690194,-19.521418066924436,-0.222147,0.086044,-0.139193,0.961183,0.946444,-0.305808,-0.103565,0.229351,0.862552,-0.451002,M,BuildTutorial
2.396,0.084768,1.548772,2.664479,44.16005758033309,-4.118304756778544,-2.3660578106932744,-0.376266,0.025533,0.005616,-0.926143,0.998633,-0.029616,0.043068,-0.008813,0.716785,0.697238,0.133849,1.256544,2.904984,-30.721536805339856,19.690017957001174,-37.45474428954004,-0.300113,0.07235,-0.262142,0.914319,0.852094,-0.52279,0.025042,0.435937,0.682427,-0.58673,0.153358,1.211964,2.909239,-23.762541588394136,15.019713309150816,-19.141389778031385,-0.222542,0.092179,-0.134773,0.961153,0.946679,-0.300103,-0.117211,0.218048,0.864623,-0.45264,M,BuildTutorial
2.428,0.084661,1.548849,2.663971,44.21413984708176,-4.161209226957276,-2.087786184357286,-0.376641,0.026779,0.003207,-0.925967,0.998545,-0.02611,0.047177,-0.014233,0.716262,0.697686,0.141006,1.254771,2.905307,-30.92153877896911,20.380033779770976,-36.745173166519415,-0.302744,0.079121,-0.25424,0.915122,0.858204,-0.513228,0.009129,0.417415,0.687416,-0.594326,0.161012,1.210449,2.908674,-24.26379730948384,16.13802176936313,-18.491799558166644,-0.227428,0.102015,-0.126412,0.960151,0.947226,-0.289151,-0.138401,0.196347,0.864593,-0.462522,M,BuildTutorial
2.463,0.084035,1.54916,2.663323,44.16408497887193,-4.591389059147214,-2.0831753030297975,-0.376245,0.030284,0.001775,-0.926024,0.998159,-0.026076,0.054752,-0.019501,0.716873,0.696931,0.147415,1.251957,2.906334,-30.699987773391168,21.199934061508056,-36.32143479343773,-0.302525,0.087453,-0.249167,0.915831,0.860535,-0.509304,-0.009426,0.403477,0.692789,-0.597705,0.167915,1.207908,2.908705,-24.149538804927225,17.11390028322481,-18.621991940886925,-0.227675,0.110115,-0.125737,0.959286,0.94413,-0.291376,-0.154009,0.191094,0.864708,-0.464503,M,BuildTutorial
2.495,0.083184,1.549728,2.662628,44.00326652515161,-5.216641285833809,-2.2004660587023284,-0.374986,0.035,0.000739,-0.926369,0.997549,-0.027618,0.064291,-0.02488,0.718769,0.694803,0.153322,1.248462,2.908636,-29.71084178799992,21.687284275055237,-36.25030071442741,-0.295878,0.094484,-0.249487,0.917216,0.857658,-0.513578,-0.025689,0.401755,0.700426,-0.589912,0.173356,1.20412,2.909781,-23.02092980983542,17.583790452545514,-18.426449558119906,-0.218638,0.116266,-0.124939,0.960765,0.941745,-0.290915,-0.168775,0.189235,0.873175,-0.449172,M,BuildTutorial
2.528,0.082492,1.550575,2.661889,43.78038024188622,-5.895608935735092,-2.4016330247047906,-0.373254,0.039905,0.000251,-0.926871,0.996815,-0.030255,0.073787,-0.029324,0.721363,0.691936,0.157566,1.244561,2.911453,-27.799881098163812,21.094457991441455,-35.087500159923145,-0.278744,0.098232,-0.245736,0.923183,0.859929,-0.508481,-0.044377,0.398955,0.723831,-0.562942,0.177935,1.200435,2.910694,-21.778829999915494,17.84302415239914,-17.606972167461645,-0.207737,0.121932,-0.11952,0.963168,0.941695,-0.280895,-0.185225,0.179575,0.885121,-0.429318,M,BuildTutorial
2.562,0.082394,1.55162,2.661438,43.39399583772614,-6.470688053452837,-2.631990930436332,-0.370216,0.043948,0.000446,-0.927906,0.996137,-0.033368,0.08123,-0.031713,0.72588,0.68709,0.160785,1.241137,2.913412,-26.306844597262018,20.41810954821152,-33.55899062873594,-0.264246,0.100588,-0.238049,0.929187,0.866429,-0.495545,-0.061123,0.389225,0.747014,-0.538957,0.181789,1.197085,2.911076,-20.955309852108215,18.099900736966937,-17.242701505404643,-0.200745,0.126004,-0.117288,0.9644,0.940733,-0.276815,-0.195946,0.175636,0.89189,-0.416755,M,BuildTutorial
2.595,0.083079,1.552535,2.661304,43.00055743947496,-6.76310022749956,-2.828782853245491,-0.367111,0.045833,0.001314,-0.929047,0.995795,-0.036094,0.084197,-0.031209,0.730456,0.682246,0.163147,1.238491,2.914282,-25.72204415810585,20.11087711805448,-31.82727584242101,-0.257441,0.103604,-0.225829,0.933805,0.876535,-0.475104,-0.077217,0.368416,0.765452,-0.527592,0.185156,1.194832,2.910909,-20.733030561502368,18.53869075354596,-16.61039184024011,-0.198619,0.131132,-0.111552,0.964837,0.940721,-0.26735,-0.208729,0.163169,0.896213,-0.412526,M,BuildTutorial
2.628,0.084486,1.55333,2.661372,42.68509872956375,-6.646824135200244,-3.0106574907459933,-0.364624,0.044433,0.003336,-0.930088,0.996029,-0.038608,0.08022,-0.026197,0.734077,0.678561,0.164983,1.236862,2.914265,-25.918152055527624,20.057983526510885,-30.615305657088847,-0.257798,0.105391,-0.215679,0.935904,0.884751,-0.458048,-0.086068,0.34937,0.774046,-0.528009,0.187611,1.193573,2.910166,-20.966949922368585,18.824848852311085,-15.86202773276814,-0.199974,0.134504,-0.104379,0.964896,0.942027,-0.255224,-0.217819,0.147635,0.898231,-0.413987,M,BuildTutorial
2.662,0.086808,1.553699,2.661501,42.5303797181724,-6.044780142870924,-3.1200069407786435,-0.363384,0.039258,0.006219,-0.930791,0.99684,-0.040108,0.068562,-0.016955,0.735827,0.676958,0.166507,1.235767,2.913301,-26.043445294810287,20.11380514324981,-30.055549876779995,-0.258385,0.106792,-0.210737,0.936709,0.888371,-0.449985,-0.091163,0.339612,0.777655,-0.529072,0.189303,1.192673,2.909093,-21.132140446537317,19.056926051623424,-15.537617305892793,-0.201177,0.136792,-0.100975,0.964687,0.942184,-0.249857,-0.223296,0.139779,0.898664,-0.41577,M,BuildTutorial
2.696,0.089465,1.553825,2.661834,42.4712707506082,-5.014306813188468,-2.9262636891250353,-0.362781,0.031521,0.007938,-0.931308,0.997887,-0.037656,0.052952,-0.008085,0.736655,0.676221,0.168316,1.235167,2.912246,-25.738592963527253,20.148008390404684,-30.012635698394025,-0.255969,0.10793,-0.210899,0.937205,0.887745,-0.450565,-0.094338,0.340058,0.780003,-0.525315,0.19091,1.191716,2.907958,-20.948304197861663,19.278655704874765,-15.983738402250149,-0.200377,0.138138,-0.104641,0.96427,0.939936,-0.257164,-0.22447,0.146446,0.897799,-0.415345,M,BuildTutorial
2.728,0.092368,1.553632,2.661964,42.51821658653995,-3.762030066258848,-2.5708923370251955,-0.362986,0.022453,0.008997,-0.931481,0.99883,-0.033061,0.035299,0.00046,0.73632,0.676633,0.169326,1.234244,2.911427,-25.379769390069814,20.02491597145836,-30.03216962827017,-0.252887,0.107775,-0.212023,0.937805,0.886861,-0.452183,-0.094908,0.343164,0.782188,-0.520019,0.191853,1.190752,2.90701,-20.677090666665464,19.26458021632161,-16.125113835526065,-0.198272,0.138165,-0.1063,0.96452,0.939222,-0.259845,-0.224372,0.150269,0.898777,-0.411848,M,BuildTutorial
2.762,0.095281,1.553374,2.661928,42.669056587688544,-2.4907205423877707,-2.1456054589061484,-0.364042,0.013431,0.00953,-0.931237,0.999458,-0.027528,0.018076,0.007971,0.734765,0.678275,0.169529,1.233663,2.910519,-25.308916542386484,19.63561771888379,-29.57352468404484,-0.251176,0.105771,-0.209258,0.939114,0.890047,-0.446169,-0.093541,0.339901,0.786243,-0.516032,0.192216,1.190219,2.906173,-20.718747477464262,19.128438897738427,-15.994491298076344,-0.198337,0.137185,-0.105368,0.964749,0.940156,-0.257725,-0.222902,0.14889,0.899121,-0.4116,M,BuildTutorial
2.796,0.097966,1.55332,2.662133,42.703526042205034,-1.115703446262979,-1.6653745516165,-0.364169,0.003776,0.00999,-0.931272,0.999772,-0.021358,-0.000244,0.015858,0.734563,0.678355,0.169212,1.233272,2.909821,-25.372012731613037,19.29460786903908,-28.70224428868423,-0.25027,0.104727,-0.202739,0.940901,0.895858,-0.433935,-0.095596,0.329095,0.792523,-0.513424,0.19248,1.190215,2.905346,-20.889154447464417,19.078774753880296,-15.533759005584422,-0.199163,0.137324,-0.101298,0.964995,0.941762,-0.250204,-0.224684,0.140804,0.900146,-0.412204,M,BuildTutorial
2.828,0.100362,1.553316,2.6623,42.71326000142769,0.0998243476370542,-1.1072313524384854,-0.364147,-0.00433,0.009316,-0.931285,0.999789,-0.014198,-0.01485,0.020505,0.73462,0.678169,0.169123,1.233493,2.909348,-25.392370277963057,18.851813175800338,-28.26349138811476,-0.24926,0.101997,-0.200062,0.942041,0.899143,-0.427781,-0.092435,0.326086,0.795689,-0.510438,0.192543,1.190459,2.904839,-20.976344334153655,18.779126735815943,-15.224061422122666,-0.199261,0.135217,-0.09907,0.965503,0.943803,-0.245191,-0.221623,0.137418,0.90096,-0.411566,M,BuildTutorial
2.862,0.10262,1.553375,2.662189,42.664400910294304,1.106020304856543,-0.6094728413583246,-0.363705,-0.010925,0.008465,-0.931412,0.999618,-0.007822,-0.026509,0.023716,0.735294,0.677333,0.169381,1.23382,2.908784,-25.354629053687223,18.451370805069363,-28.035891477785523,-0.248058,0.099286,-0.199127,0.942846,0.900982,-0.424749,-0.088433,0.326234,0.797632,-0.507302,0.192847,1.190592,2.904395,-21.008027924678593,18.531931919973182,-15.35012365722193,-0.199458,0.132871,-0.100512,0.965639,0.944485,-0.24712,-0.216516,0.141111,0.900228,-0.411919,M,BuildTutorial
2.894,0.104431,1.553681,2.662236,42.60741057714654,1.8744469711125609,-0.1340036486433837,-0.363245,-0.015664,0.007032,-0.931536,0.99941,-0.001722,-0.034293,0.024482,0.736008,0.67653,0.169909,1.234484,2.908347,-25.481354664571175,18.218232245581913,-27.567884058533245,-0.248278,0.098087,-0.195555,0.943661,0.904275,-0.41778,-0.088019,0.320369,0.800233,-0.506943,0.193794,1.191478,2.904122,-21.22315407436965,18.48853171472376,-15.23066646293285,-0.20108,0.132417,-0.099242,0.965497,0.945234,-0.244888,-0.215785,0.138382,0.899436,-0.414567,M,BuildTutorial
2.928,0.105938,1.554059,2.662501,42.40566248636251,2.4338063053808177,0.1697705198671038,-0.361618,-0.019264,0.0063,-0.932106,0.999178,0.002187,-0.040468,0.025678,0.738386,0.67389,0.170454,1.235623,2.908029,-25.88454113401749,18.006701154292426,-26.704701837094653,-0.250452,0.097308,-0.188197,0.944662,0.910226,-0.404308,-0.089578,0.306824,0.803712,-0.509811,0.194896,1.19297,2.903871,-21.66115645816584,18.482754410039288,-14.717699200368472,-0.204142,0.132679,-0.094241,0.965319,0.94703,-0.236116,-0.217677,0.127774,0.898889,-0.419133,M,BuildTutorial
2.961,0.107331,1.554438,2.662624,42.273412145951504,2.72031676113326,0.2749594819735965,-0.360545,-0.021275,0.006322,-0.932478,0.999015,0.003552,-0.044236,0.027131,0.739935,0.672131,0.171423,1.237082,2.907875,-26.21318421740986,17.83457726871638,-26.099937034650125,-0.252326,0.096487,-0.183018,0.945265,0.91439,-0.394693,-0.090051,0.297308,0.805672,-0.512348,0.196304,1.19465,2.903668,-22.11853456419221,18.565731164899663,-14.533869193628718,-0.207817,0.133095,-0.091823,0.964711,0.947709,-0.232483,-0.218632,0.121845,0.896761,-0.425409,M,BuildTutorial
2.995,0.108409,1.554606,2.662667,42.22467912583341,2.821836194719522,0.2402209495451501,-0.360136,-0.022215,0.006914,-0.93261,0.998917,0.003105,-0.046415,0.028896,0.740509,0.671425,0.172918,1.238618,2.907511,-26.483461784941433,17.748665842941705,-25.646522664963467,-0.254002,0.096191,-0.179002,0.945616,0.917411,-0.387399,-0.090986,0.289668,0.806883,-0.514813,0.198119,1.1963,2.903414,-22.496991183623415,18.716912719607492,-14.595288665219314,-0.211168,0.133747,-0.091463,0.963927,0.947493,-0.232813,-0.219216,0.11984,0.894085,-0.431567,M,BuildTutorial
3.028,0.109374,1.554711,2.662822,42.174333623795405,2.756666100436043,0.0020123319742792,-0.359684,-0.022437,0.008638,-0.932764,0.998844,2.6e-05,-0.048071,0.032255,0.741105,0.670614,0.174197,1.24021,2.907586,-26.935252413285063,17.747376147089962,-25.130698967385342,-0.257233,0.096361,-0.173973,0.945663,0.920896,-0.378614,-0.092746,0.279466,0.807129,-0.52004,0.199704,1.197902,2.903336,-23.009441086939457,18.85454306784577,-14.323361525119616,-0.21523,0.134723,-0.088101,0.963205,0.948176,-0.227712,-0.221608,0.111726,0.891828,-0.43836,M,BuildTutorial
3.061,0.110236,1.554723,2.663037,42.115863963475405,2.596731727028559,-0.376266253630046,-0.359148,-0.022325,0.011205,-0.932946,0.998752,-0.004871,-0.049704,0.036943,0.741775,0.669631,0.175567,1.241575,2.907464,-27.382215066563777,17.773545482323645,-24.679734028423972,-0.26052,0.09665,-0.169426,0.94556,0.923907,-0.370763,-0.094499,0.270047,0.806848,-0.525424,0.201397,1.19947,2.903374,-23.501493226264305,18.997686349920613,-14.084146820115604,-0.219155,0.135725,-0.085028,0.962455,0.948698,-0.223161,-0.22399,0.104182,0.889482,-0.444935,M,BuildTutorial
3.095,0.110862,1.554585,2.663297,42.12962688239245,2.4776589597161416,-0.6936551120523737,-0.359211,-0.02235,0.013418,-0.932892,0.998641,-0.008979,-0.051341,0.041093,0.741574,0.669611,0.176848,1.242609,2.907465,-27.67636053980789,17.852000007707545,-24.54045416852011,-0.262904,0.096998,-0.167592,0.945191,0.925009,-0.367816,-0.095242,0.265811,0.805589,-0.5295,0.202954,1.200589,2.903548,-23.81036871530088,19.121965360161862,-14.078353935367362,-0.221811,0.13637,-0.08424,0.961825,0.948614,-0.222546,-0.224957,0.101552,0.887407,-0.449663,M,BuildTutorial
3.128,0.111465,1.554355,2.66357,42.20343216263352,2.3584566558260573,-0.9193193260806418,-0.359783,-0.022087,0.014892,-0.932656,0.998581,-0.011885,-0.051915,0.043671,0.740669,0.67045,0.177723,1.243465,2.907942,-27.93412005971836,17.798559706382925,-24.15220868965759,-0.264589,0.096914,-0.164069,0.945347,0.927378,-0.361489,-0.096414,0.25892,0.806148,-0.532058,0.204155,1.201644,2.904053,-24.08175439071223,19.13369345505807,-13.780187795977202,-0.223722,0.13669,-0.081274,0.961592,0.949421,-0.217467,-0.226514,0.095144,0.886686,-0.452477,M,BuildTutorial
3.162,0.111754,1.554011,2.664081,42.25021340565901,2.2726657384713023,-1.093076637727303,-0.360142,-0.021935,0.016043,-0.932502,0.998523,-0.014121,-0.052465,0.04572,0.740081,0.670962,0.178349,1.243839,2.908396,-28.21488043276197,17.70953564329463,-23.615084560583647,-0.266288,0.096848,-0.159363,0.945682,0.930448,-0.352992,-0.098301,0.249835,0.807388,-0.534515,0.205194,1.202282,2.904442,-24.411836219939257,19.16691717816508,-13.38650075019798,-0.22602,0.137313,-0.07737,0.961288,0.950318,-0.210821,-0.229021,0.086679,0.885858,-0.455788,M,BuildTutorial
3.195,0.111738,1.553598,2.664283,42.41651049894682,2.066538453268556,-1.2677232963292786,-0.361492,-0.020812,0.016835,-0.931991,0.998567,-0.016334,-0.050965,0.046427,0.73808,0.673114,0.179046,1.244071,2.908725,-28.40376925868326,17.601309299949108,-23.215517576065572,-0.267336,0.096504,-0.155996,0.945983,0.932704,-0.346738,-0.099176,0.243542,0.808393,-0.535899,0.205984,1.202546,2.904907,-24.65538703139544,19.184619722505204,-13.214605757235097,-0.227851,0.13749,-0.075498,0.960979,0.950793,-0.207758,-0.229845,0.082449,0.884768,-0.45868,M,BuildTutorial
3.228,0.111457,1.553274,2.664552,42.54177043852862,1.718027121142651,-1.40813919461614,-0.362538,-0.018427,0.016888,-0.931634,0.99875,-0.018105,-0.04658,0.044828,0.736563,0.674882,0.179804,1.243851,2.909362,-28.315479598083375,17.61532202485902,-22.925518607724573,-0.266392,0.097471,-0.153718,0.946523,0.93374,-0.342926,-0.102618,0.239065,0.810812,-0.534258,0.206829,1.202344,2.90535,-24.631858291198128,19.30426336264227,-13.17901743612018,-0.227691,0.138594,-0.075,0.960897,0.950334,-0.207248,-0.232195,0.081022,0.885064,-0.458363,M,BuildTutorial
3.261,0.110661,1.553094,2.665356,42.53114898313501,1.315377348461275,-1.5327966020000408,-0.362492,-0.015547,0.016627,-0.931709,0.998964,-0.019712,-0.041025,0.042254,0.736646,0.674957,0.180469,1.243158,2.910214,-28.129373413192127,17.62565054286912,-22.704414758187085,-0.264703,0.098436,-0.152181,0.947145,0.934303,-0.340388,-0.105902,0.236162,0.813546,-0.531385,0.207503,1.20168,2.905929,-24.4610417875654,19.38097334592093,-13.00327796048149,-0.226107,0.139802,-0.073653,0.961201,0.950062,-0.20481,-0.235448,0.07837,0.886902,-0.455261,M,BuildTutorial
3.294,0.109429,1.552756,2.66621,42.575152050567624,0.6508915556674789,-1.7834853783807745,-0.362917,-0.010942,0.016563,-0.93161,0.999212,-0.022918,-0.03241,0.038803,0.736033,0.675832,0.18077,1.242124,2.910959,-27.992843907344312,17.49390303942036,-22.378822737452555,-0.263138,0.098363,-0.150021,0.947933,0.935637,-0.336186,-0.107532,0.232653,0.816505,-0.528387,0.207922,1.200763,2.906644,-24.375333275407808,19.316415278603156,-12.84371088706221,-0.225158,0.139682,-0.072581,0.961522,0.950442,-0.202478,-0.235931,0.076675,0.888071,-0.453266,M,BuildTutorial
3.328,0.107798,1.552447,2.666818,42.66950816765279,-0.1181036998963731,-2.130856408827222,-0.363771,-0.005805,0.016945,-0.931316,0.999358,-0.027339,-0.02314,0.035786,0.734768,0.677374,0.180656,1.240917,2.911881,-27.903315892724063,17.353023263012943,-21.75190931834505,-0.261687,0.098804,-0.145303,0.949023,0.938249,-0.327504,-0.111488,0.22408,0.820814,-0.525407,0.208233,1.1998,2.907464,-24.35437554008127,19.318535065614267,-12.449547631823316,-0.224503,0.140499,-0.069303,0.961798,0.950914,-0.196396,-0.239146,0.070226,0.889591,-0.451327,M,BuildTutorial
3.362,0.105711,1.552192,2.667424,42.75626218280194,-1.061868150279954,-2.441899410301379,-0.364607,0.00086,0.016464,-0.931016,0.999456,-0.031284,-0.010403,0.030029,0.733582,0.678937,0.17996,1.239699,2.912667,-27.930355082556,16.976596578162553,-21.094182034542296,-0.260876,0.097134,-0.140667,0.950117,0.941555,-0.317981,-0.111184,0.216621,0.824313,-0.523052,0.207755,1.198924,2.908338,-24.41565075450223,19.06843444800982,-12.02046276600406,-0.224342,0.139166,-0.066092,0.962255,0.952529,-0.189636,-0.238173,0.064753,0.890605,-0.450144,M,BuildTutorial
3.394,0.103023,1.551822,2.668067,42.83179812335386,-2.1799439258914974,-2.8016690753906346,-0.365393,0.008779,0.015811,-0.930678,0.999346,-0.035845,0.004786,0.023014,0.732476,0.680404,0.178571,1.238296,2.913562,-27.93718318067652,16.547065899329095,-20.492674655967445,-0.259908,0.094925,-0.136642,0.951192,0.944637,-0.309288,-0.109555,0.210602,0.827554,-0.520387,0.206899,1.197912,2.909154,-24.467304518910936,18.76858318770623,-11.605551762839813,-0.224103,0.137399,-0.063112,0.962765,0.954277,-0.183106,-0.236279,0.05994,0.89159,-0.44886,M,BuildTutorial
3.428,0.099705,1.551401,2.668406,42.99081830179955,-3.4572635792129813,-3.201903321518606,-0.366901,0.017824,0.014934,-0.929969,0.998919,-0.040855,0.022194,0.014696,0.730321,0.682946,0.176837,1.236535,2.914777,-27.871845656128027,16.20460641727179,-19.846619503920415,-0.258439,0.093657,-0.132152,0.952352,0.947528,-0.30012,-0.110083,0.203301,0.83149,-0.517004,0.20574,1.196584,2.910023,-24.460221062841935,18.572844532483384,-11.260539705834692,-0.223526,0.136436,-0.060606,0.963197,0.955424,-0.177746,-0.235736,0.055758,0.892726,-0.447136,M,BuildTutorial
3.461,0.096098,1.551172,2.668658,43.076705640129624,-4.847380071207658,-3.4604599142994457,-0.367816,0.028243,0.012542,-0.929385,0.99809,-0.044089,0.043271,0.002536,0.729108,0.684394,0.174532,1.235037,2.916147,-27.85341883309727,15.768141934596065,-19.261437433783264,-0.257319,0.091376,-0.128296,0.953403,0.950381,-0.291661,-0.10821,0.19761,0.834655,-0.514103,0.203819,1.195145,2.911227,-24.461408970763085,18.18811696392265,-10.663412705312023,-0.222634,0.134362,-0.056332,0.963954,0.957547,-0.168429,-0.233954,0.048775,0.894522,-0.444356,M,BuildTutorial
3.494,0.092186,1.551202,2.668755,43.102114224416965,-6.308286549476093,-3.703606574608101,-0.368236,0.039297,0.009809,-0.92885,0.996719,-0.047163,0.065779,-0.01072,0.728612,0.684843,0.171236,1.233881,2.917383,-27.887835730969652,15.210260163742316,-18.575174047792153,-0.256451,0.088213,-0.123783,0.954531,0.953792,-0.281555,-0.104916,0.191065,0.837821,-0.51142,0.200985,1.194206,2.912712,-24.551915505074295,17.748319784228364,-10.171847306915382,-0.222611,0.131521,-0.052915,0.964545,0.959804,-0.160634,-0.230157,0.043522,0.895289,-0.443355,M,BuildTutorial
3.528,0.088048,1.551332,2.668814,43.01413361986151,-7.782297021171526,-3.980519526785601,-0.367743,0.050395,0.007373,-0.928532,0.994812,-0.050756,0.088164,-0.023373,0.729422,0.683665,0.167299,1.232916,2.919052,-27.860461650242396,14.742114476708638,-18.255535366224215,-0.255481,0.08507,-0.122204,0.955279,0.955659,-0.276946,-0.10009,0.19001,0.839591,-0.508904,0.197396,1.19333,2.914373,-24.52436147288611,17.32323085598256,-9.875716697825036,-0.221851,0.128544,-0.051286,0.965209,0.961693,-0.156038,-0.225388,0.041968,0.896304,-0.44145,M,BuildTutorial
3.561,0.083817,1.551453,2.668712,42.89256023725093,-9.090211567333847,-4.281734852177618,-0.36698,0.06009,0.005707,-0.928269,0.992713,-0.054698,0.107371,-0.033509,0.730587,0.681997,0.162789,1.231953,2.920596,-27.75862562887955,14.362548150142445,-17.69414807122522,-0.253829,0.083312,-0.118506,0.95634,0.958031,-0.268958,-0.099189,0.18437,0.843055,-0.505239,0.193429,1.192764,2.915739,-24.4513520659728,17.00959190739888,-9.393487397750537,-0.220566,0.126904,-0.047932,0.965893,0.963196,-0.148576,-0.224007,0.036613,0.898106,-0.438252,M,BuildTutorial
3.594,0.079593,1.551521,2.668115,42.92108983753463,-10.253465201277113,-4.49888466916671,-0.36738,0.068797,0.003715,-0.927515,0.990506,-0.057442,0.124891,-0.043657,0.730036,0.682013,0.15739,1.231468,2.922172,-27.53083585080755,13.853078268765062,-16.99642829410112,-0.250927,0.08094,-0.114106,0.957844,0.960857,-0.259211,-0.097792,0.17797,0.848031,-0.499169,0.188515,1.192572,2.917126,-24.29553998956927,16.600189527317134,-8.86360884515544,-0.218512,0.124613,-0.044464,0.966823,0.964989,-0.140436,-0.221525,0.031519,0.900551,-0.433607,M,BuildTutorial
3.628,0.075331,1.551596,2.667062,42.98400806066554,-11.33816019514434,-4.52806062442648,-0.367926,0.07744,0.000415,-0.926625,0.988006,-0.057753,0.14321,-0.056216,0.72926,0.681923,0.151749,1.23109,2.923763,-27.006420339341997,13.07170890708464,-16.68217989206855,-0.245584,0.075855,-0.113842,0.959674,0.962572,-0.25576,-0.089677,0.181244,0.853457,-0.488632,0.18289,1.192261,2.918921,-23.838850334744983,16.01763809356034,-9.05483949172707,-0.214644,0.119752,-0.047795,0.968144,0.96675,-0.143954,-0.211357,0.041138,0.903287,-0.42706,M,BuildTutorial
3.661,0.071185,1.551782,2.66595,42.930295202629445,-12.398586529086645,-4.421137868989544,-0.367401,0.08639,-0.0038,-0.926034,0.985045,-0.056442,0.162793,-0.070518,0.730005,0.679794,0.145484,1.230696,2.925611,-26.747284468780222,12.465112980401797,-16.20409106874447,-0.242524,0.07216,-0.111444,0.961018,0.964747,-0.2492,-0.084638,0.179198,0.857525,-0.482223,0.176846,1.192097,2.920802,-23.634366297800252,15.515171634724174,-8.711753076152718,-0.212364,0.116328,-0.046098,0.969146,0.968685,-0.13876,-0.205899,0.039945,0.905553,-0.422348,M,BuildTutorial
3.694,0.067202,1.552148,2.664628,42.79722108636859,-13.384335121866386,-4.189416999982142,-0.366092,0.095184,-0.00869,-0.925657,0.981729,-0.053603,0.182578,-0.085781,0.731802,0.676097,0.138733,1.230199,2.927391,-26.58284811120628,11.69244116065448,-15.272827621659742,-0.239853,0.067859,-0.105444,0.962677,0.968553,-0.23557,-0.080071,0.170465,0.862704,-0.476113,0.170592,1.192034,2.922752,-23.58038373489853,15.055082841213068,-8.315342787545305,-0.211332,0.113215,-0.043663,0.969853,0.970552,-0.132546,-0.201149,0.036842,0.906865,-0.419808,M,BuildTutorial
3.728,0.063477,1.55262,2.663177,42.65657511085072,-14.250075606317226,-4.055754805461816,-0.364765,0.102697,-0.012377,-0.925336,0.9786,-0.052016,0.199087,-0.097825,0.733587,0.672518,0.132729,1.22942,2.929308,-26.23657992881683,11.20892647665408,-14.633443227811746,-0.236151,0.065571,-0.101453,0.964179,0.970815,-0.226607,-0.078529,0.164668,0.86788,-0.468689,0.165118,1.191481,2.924526,-23.26615444367945,14.863940040455295,-8.044881839363802,-0.208344,0.112354,-0.042111,0.970668,0.971206,-0.128568,-0.200571,0.034935,0.909639,-0.413928,M,BuildTutorial
3.762,0.059935,1.553066,2.661807,42.4731821495442,-15.05777974114438,-4.037806482871079,-0.363177,0.109402,-0.014877,-0.925156,0.97562,-0.051937,0.213233,-0.106992,0.735763,0.668734,0.127571,1.227796,2.931782,-25.61194475608932,10.876213773704364,-14.398173262538736,-0.230494,0.064033,-0.10081,0.965717,0.971474,-0.224226,-0.077203,0.165189,0.87342,-0.458093,0.15998,1.190011,2.92657,-22.67344314157551,14.639804387496936,-7.920689151966286,-0.203135,0.111159,-0.042181,0.971906,0.971729,-0.127153,-0.198936,0.036831,0.913914,-0.404234,M,BuildTutorial
3.795,0.056852,1.55358,2.660486,42.31251062454129,-15.58643640414988,-3.952024411662573,-0.361727,0.114054,-0.01705,-0.925124,0.973402,-0.050965,0.223363,-0.11406,0.737726,0.665395,0.122973,1.225312,2.934087,-24.89609108403947,10.83146607384936,-14.106681994252764,-0.224285,0.065115,-0.099181,0.967274,0.971846,-0.22108,-0.081479,0.162662,0.879718,-0.446807,0.155608,1.187712,2.928139,-21.94099845224036,14.608611640903824,-7.4475325800523695,-0.196467,0.112293,-0.039098,0.973274,0.971724,-0.12023,-0.20322,0.031983,0.919744,-0.391213,M,BuildTutorial
3.828,0.054245,1.554049,2.659383,42.23073236189347,-15.991923850850965,-3.836256619249666,-0.360888,0.11775,-0.019163,-0.924947,0.971536,-0.04954,0.231656,-0.120438,0.738785,0.663092,0.118799,1.221901,2.936322,-23.948752488965983,10.697850516675246,-13.191158400804454,-0.215678,0.066862,-0.092659,0.969756,0.973888,-0.208555,-0.089711,0.150872,0.889795,-0.430701,0.151977,1.185013,2.929293,-21.08174597105635,14.59255394062576,-6.590024324206036,-0.188332,0.114221,-0.032855,0.974887,0.971748,-0.107083,-0.21033,0.021037,0.926903,-0.374711,M,BuildTutorial
3.861,0.052054,1.554632,2.658953,42.00238539106691,-16.097017819741154,-3.629740292289635,-0.358819,0.119407,-0.020878,-0.925503,0.970612,-0.047045,0.236005,-0.124336,0.741626,0.65919,0.11544,1.218394,2.93751,-23.350918088870948,10.421936658466556,-12.15734612915288,-0.209817,0.067103,-0.084998,0.971725,0.976545,-0.193348,-0.094743,0.137031,0.897504,-0.419176,0.148871,1.182292,2.929712,-20.53123918186652,14.465709712579576,-5.654256076063033,-0.182689,0.115016,-0.025737,0.976081,0.972218,-0.092268,-0.215127,0.008219,0.931925,-0.362559,M,BuildTutorial
3.894,0.05046,1.555025,2.658881,41.811389874932416,-15.718405825955871,-3.4067194311008495,-0.35712,0.117174,-0.021264,-0.926436,0.971636,-0.04429,0.232296,-0.12309,0.744026,0.656715,0.112371,1.214862,2.937857,-22.903503843779475,10.108644797509386,-10.785036065175866,-0.20501,0.067378,-0.074335,0.973604,0.979869,-0.172371,-0.10072,0.117119,0.904891,-0.409214,0.14636,1.179526,2.929636,-20.226839045205715,14.380027521337054,-4.486507518981056,-0.178906,0.116302,-0.01627,0.976833,0.972418,-0.073401,-0.221394,-0.009828,0.935456,-0.353307,M,BuildTutorial
3.927,0.049453,1.554885,2.658711,41.87248913257164,-15.068775993291192,-2.9318406986249617,-0.357261,0.113362,-0.023151,-0.926811,0.973226,-0.038086,0.226673,-0.123914,0.743658,0.656977,0.110035,1.211704,2.937239,-22.717478767819717,9.702164659533205,-9.41640683342366,-0.202389,0.066522,-0.063586,0.974972,0.983064,-0.150915,-0.103975,0.097062,0.909991,-0.403107,0.145094,1.17708,2.928568,-20.10207953057639,14.302116029631568,-3.866208099334412,-0.177204,0.116664,-0.011243,0.97717,0.972526,-0.063319,-0.224017,-0.019374,0.936945,-0.348939,M,BuildTutorial
3.961,0.048802,1.554501,2.658774,42.15811392989711,-14.122898011884024,-2.26809872595168,-0.359128,0.107621,-0.025878,-0.926701,0.975496,-0.029337,0.218052,-0.125262,0.740715,0.660039,0.108155,1.208094,2.935871,-22.695516452974488,9.574616318857712,-7.525278148347878,-0.201024,0.068782,-0.04773,0.976002,0.985982,-0.120824,-0.115074,0.065516,0.914622,-0.398966,0.144423,1.174757,2.926572,-20.28203426898242,14.42169946970786,-2.084045128767748,-0.176897,0.120363,0.004337,0.976832,0.970988,-0.034112,-0.236684,-0.051056,0.937378,-0.344553,M,BuildTutorial
3.994,0.04855,1.554206,2.659155,42.274775406442515,-13.09894427097715,-1.5835914443477164,-0.359688,0.101426,-0.028322,-0.927111,0.977821,-0.020448,0.208441,-0.125479,0.739645,0.661197,0.106857,1.204974,2.933601,-22.66485610936259,9.287845394402414,-5.8504725157879305,-0.199652,0.069286,-0.033985,0.976823,0.988089,-0.094061,-0.121789,0.038729,0.917969,-0.394758,0.143926,1.172655,2.923877,-20.45764893687141,14.274431359832525,-0.811145245125177,-0.177065,0.121021,0.015151,0.976613,0.970249,-0.013264,-0.241746,-0.07245,0.936837,-0.34218,M,BuildTutorial
4.027,0.048681,1.553917,2.659605,42.3736953464115,-12.01403634063155,-0.8486975756492645,-0.360139,0.094912,-0.030953,-0.927542,0.980067,-0.010942,0.198364,-0.125783,0.738684,0.662212,0.105578,1.202477,2.930419,-22.938708000835636,8.789813737634535,-4.357849971343997,-0.200971,0.067508,-0.021925,0.977022,0.989924,-0.069978,-0.123101,0.015709,0.91826,-0.395667,0.143622,1.17096,2.920673,-20.870225858572745,13.999900086014726,0.448812419601331,-0.179301,0.120556,0.025896,0.976036,0.969592,0.00732,-0.24462,-0.093783,0.934362,-0.343764,M,BuildTutorial
4.061,0.049207,1.553605,2.65987,42.57342794312264,-10.878347812835823,-0.2742108728346993,-0.361611,0.087457,-0.032192,-0.92766,0.98263,-0.003525,0.185543,-0.122977,0.736402,0.665273,0.104522,1.20026,2.92688,-23.33242902347674,8.272657279585047,-2.699219380027593,-0.203291,0.06587,-0.008425,0.976864,0.99118,-0.043241,-0.125268,-0.010322,0.917204,-0.398284,0.143816,1.169773,2.916957,-21.421463306816687,13.881886817689738,1.650711138384327,-0.182759,0.121386,0.036507,0.974952,0.967865,0.026817,-0.250035,-0.115555,0.930532,-0.3475,M,BuildTutorial
4.094,0.049997,1.553435,2.660195,42.62672387595795,-9.850059471311289,0.2220416142457838,-0.361971,0.080682,-0.033003,-0.928105,0.984802,0.002851,0.173656,-0.11967,0.735776,0.666569,0.103859,1.198558,2.922802,-23.8796684322433,7.870955141419921,-0.7521795692475441,-0.206833,0.065792,0.007792,0.976131,0.991221,-0.012003,-0.131667,-0.042429,0.914319,-0.402766,0.144333,1.169109,2.912629,-22.20362383974588,13.894894304016914,2.878070340443306,-0.188098,0.123458,0.047746,0.973189,0.964957,0.046487,-0.258257,-0.139376,0.924679,-0.354321,M,BuildTutorial
4.128,0.051096,1.553191,2.660331,42.648951114604,-8.951828020894112,0.6192020959132262,-0.362142,0.074655,-0.033397,-0.928528,0.986623,0.007949,0.162827,-0.116092,0.735475,0.667532,0.106778,1.196053,2.919911,-23.805339062128574,8.991237017073548,-0.1958737456140776,-0.205746,0.076346,0.014499,0.975515,0.987922,-0.003127,-0.154919,-0.059704,0.914917,-0.399203,0.14802,1.166951,2.90848,-22.12440312726435,15.009372663941072,3.368890730468482,-0.186381,0.133717,0.053651,0.971856,0.958483,0.054437,-0.279905,-0.154126,0.924767,-0.347923,M,BuildTutorial
4.161,0.052367,1.552987,2.660282,42.81250399278361,-8.115237019537231,0.8462247911218624,-0.363567,0.068565,-0.032683,-0.928466,0.988461,0.010833,0.151086,-0.110546,0.733501,0.670638,0.111286,1.193119,2.917487,-23.305271352335172,10.646913454134056,-0.2204604019381111,-0.201281,0.090479,0.016863,0.9752,0.983059,-0.003535,-0.183258,-0.069312,0.918403,-0.389527,0.152452,1.164598,2.904115,-21.640503591481146,16.545417285090146,3.7029204975487047,-0.181112,0.147255,0.058401,0.97062,0.949811,0.060032,-0.307011,-0.16671,0.927575,-0.334383,M,BuildTutorial
4.194,0.053832,1.552933,2.660321,42.87089481769687,-7.422421587764293,0.8799541218067383,-0.364213,0.063049,-0.030787,-0.928669,0.990154,0.011256,0.139529,-0.103108,0.732802,0.672584,0.115862,1.189894,2.914888,-22.80080050871386,11.870137152309848,0.2692925880604171,-0.196366,0.101823,0.02273,0.974965,0.978231,0.004332,-0.207474,-0.08431,0.921848,-0.37827,0.156731,1.161935,2.899953,-21.281574070955607,17.651374263808332,4.378020590820117,-0.176572,0.15765,0.065405,0.969377,0.941737,0.071131,-0.328742,-0.182477,0.929089,-0.321707,M,BuildTutorial
4.228,0.055302,1.552916,2.660647,42.85709395390477,-6.726832748030565,0.8121964227731261,-0.364315,0.057197,-0.02802,-0.929095,0.991887,0.01039,0.126699,-0.093741,0.732979,0.673761,0.118068,1.186556,2.911361,-22.38838582247042,11.81810623178622,1.7265350722934054,-0.19156,0.103889,0.034685,0.975351,0.976008,0.027859,-0.215946,-0.107463,0.924203,-0.36647,0.159193,1.159326,2.895642,-21.159638903970357,18.005407274363534,4.6690513140844345,-0.174927,0.16108,0.068255,0.968914,0.938789,0.075911,-0.336026,-0.188621,0.929483,-0.31699,M,BuildTutorial
4.261,0.056922,1.552865,2.660833,42.890989584544755,-6.0856640976116125,0.6972742288324535,-0.364793,0.051628,-0.025063,-0.929318,0.993413,0.008916,0.114243,-0.08425,0.732596,0.67543,0.120467,1.18301,2.907014,-22.104627068547252,12.096802222572556,2.3695882412599687,-0.188459,0.107334,0.040376,0.975363,0.973699,0.038307,-0.224597,-0.119219,0.925706,-0.358964,0.161052,1.156319,2.890876,-20.95027234300084,18.22914934068272,5.535630195219689,-0.171782,0.164256,0.075651,0.968395,0.934594,0.090087,-0.34412,-0.202952,0.929536,-0.307854,M,BuildTutorial
4.294,0.058611,1.55269,2.661023,42.93357265682378,-5.405872835655255,0.5674541006868441,-0.365333,0.045696,-0.021861,-0.929498,0.994868,0.007252,0.100921,-0.074028,0.732109,0.677154,0.121715,1.179756,2.901424,-22.42173803887504,12.099447708462426,3.693270248550976,-0.189906,0.109557,0.051913,0.974289,0.970605,0.059546,-0.233197,-0.142768,0.922481,-0.358672,0.162238,1.15386,2.884986,-21.411990394953516,18.301145268541948,6.616589272208168,-0.174082,0.166585,0.085476,0.966767,0.929887,0.107271,-0.351857,-0.223269,0.924779,-0.308115,M,BuildTutorial
4.327,0.060438,1.552335,2.661298,43.02854864463228,-4.702052774660055,0.4809233706053116,-0.366261,0.039701,-0.018945,-0.929472,0.99613,0.006137,0.08768,-0.0643,0.730988,0.679354,0.121662,1.176182,2.895288,-22.486437367761543,11.781612715284146,4.303976455942003,-0.190028,0.107875,0.056632,0.97419,0.970312,0.069342,-0.231704,-0.151338,0.921365,-0.358028,0.162564,1.150863,2.879163,-21.555976880316177,18.046688561492505,7.151538377213448,-0.174721,0.165289,0.089782,0.966484,0.929238,0.115787,-0.350871,-0.231304,0.922824,-0.30805,M,BuildTutorial
4.361,0.062289,1.551981,2.661748,43.15848482587474,-3.9563281238326753,0.4286683758139584,-0.367446,0.033474,-0.016172,-0.929302,0.997236,0.005458,0.0741,-0.054658,0.729444,0.681853,0.12039,1.171729,2.890011,-22.217618881920195,10.971056945639818,5.171946902424165,-0.187363,0.102361,0.06247,0.974944,0.97124,0.083452,-0.223001,-0.160166,0.921986,-0.352547,0.161651,1.147135,2.87434,-21.322259255475405,17.201535879797262,8.044592329285232,-0.17216,0.159436,0.095757,0.967353,0.930821,0.130364,-0.341434,-0.240159,0.922383,-0.302546,M,BuildTutorial
4.394,0.064215,1.551568,2.662308,43.26761559553532,-3.1375373920586953,0.5195572502503142,-0.368416,0.027119,-0.014306,-0.929156,0.99812,0.006602,0.060937,-0.046567,0.728131,0.683855,0.118511,1.166835,2.885488,-21.760403574120588,10.155889686969632,6.598980491323623,-0.182701,0.097597,0.072978,0.975587,0.970298,0.106731,-0.217095,-0.178055,0.922589,-0.342237,0.160353,1.1431,2.869601,-21.067572553714943,16.62176298634408,9.086064687135757,-0.169071,0.15599,0.103397,0.967673,0.929953,0.147362,-0.336857,-0.252855,0.921448,-0.294953,M,BuildTutorial
4.427,0.065997,1.55105,2.662854,43.437988397705745,-2.2999630901230685,0.6149236122315997,-0.369875,0.02063,-0.012411,-0.92877,0.998841,0.007792,0.047502,-0.038314,0.726077,0.686546,0.118377,1.161653,2.883061,-20.385938900464275,9.269478018861262,6.201803533924357,-0.171825,0.088953,0.067345,0.978789,0.975104,0.101265,-0.197275,-0.162402,0.931882,-0.324379,0.164643,1.138934,2.864656,-20.211463665146017,18.338846596333457,8.49008654620756,-0.161135,0.169274,0.099827,0.967169,0.922762,0.138547,-0.359605,-0.247651,0.92814,-0.277893,M,BuildTutorial
4.461,0.067756,1.550501,2.66326,43.68485111957929,-1.524654539295857,0.7859878466902573,-0.371929,0.014901,-0.011316,-0.928073,0.9993,0.00992,0.036075,-0.032088,0.723081,0.690017,0.120592,1.155727,2.880914,-18.82555671385076,9.882579423867524,6.161343880055341,-0.158136,0.093609,0.066888,0.980692,0.973527,0.101586,-0.204758,-0.160798,0.941038,-0.297643,0.165823,1.13309,2.862216,-18.61470400079094,18.386384337687534,8.233384507521437,-0.147923,0.168715,0.095705,0.969791,0.924752,0.135713,-0.35555,-0.23554,0.937919,-0.254615,M,BuildTutorial
4.494,0.069305,1.549983,2.663821,43.8503355088677,-0.8087368944523706,0.927199215514575,-0.373321,0.009568,-0.010141,-0.927598,0.999611,0.01167,0.025322,-0.025957,0.721058,0.692389,0.121139,1.150109,2.879248,-17.248913545717574,9.488322977883929,5.6717022089007765,-0.145215,0.089065,0.061135,0.983485,0.97666,0.094384,-0.192944,-0.146118,0.95035,-0.274744,0.165757,1.127211,2.860323,-17.001265531317284,17.76104469529942,8.238320397428149,-0.134704,0.162775,0.092951,0.972995,0.929729,0.137028,-0.341801,-0.224734,0.94643,-0.231873,M,BuildTutorial
4.527,0.070649,1.549614,2.664481,43.9953937615207,-0.1562772901662035,0.9962872259837932,-0.374544,0.004521,-0.008572,-0.927159,0.999812,0.012509,0.014806,-0.019283,0.719287,0.694445,0.119504,1.145273,2.87706,-16.52098763141917,8.745143328180164,6.374579660973618,-0.138839,0.083299,0.0658,0.984609,0.977463,0.106445,-0.182304,-0.152706,0.952788,-0.262441,0.165602,1.123559,2.857603,-16.38148298820481,17.11222663893582,8.400034781302628,-0.12972,0.157183,0.092824,0.974603,0.933355,0.140153,-0.330464,-0.221712,0.949113,-0.223669,M,BuildTutorial
4.56,0.071875,1.5493,2.665255,44.092045370291245,0.4042349917433088,1.0647378258526643,-0.375363,0.000218,-0.007288,-0.926849,0.999894,0.013346,0.005875,-0.013674,0.7181,0.695806,0.11664,1.141351,2.875289,-16.60649137092475,7.685370552168117,6.463370162356673,-0.14012,0.074332,0.06532,0.985177,0.980416,0.107874,-0.164766,-0.149535,0.952199,-0.266375,0.165071,1.121694,2.855208,-16.552969959706815,16.291882478221176,9.910694365942172,-0.129853,0.152004,0.104938,0.974177,0.931766,0.16498,-0.32341,-0.243933,0.944253,-0.221097,M,BuildTutorial
4.594,0.072905,1.54904,2.666119,44.144437448016106,0.8449991338606863,1.0601081353710278,-0.375812,-0.003357,-0.005802,-0.926672,0.99991,0.013276,-0.001862,-0.008229,0.717464,0.696548,0.111969,1.137357,2.874614,-15.88429295775149,5.701046773506028,7.46523230200276,-0.134503,0.058133,0.071253,0.986637,0.983087,0.124964,-0.133879,-0.15624,0.953664,-0.257128,0.164261,1.120501,2.852868,-16.836496970496743,14.970863070712827,10.290063352541887,-0.133009,0.141368,0.10695,0.975134,0.937154,0.170975,-0.304156,-0.246187,0.941741,-0.229165,M,BuildTutorial
4.627,0.07367,1.548671,2.66702,44.285816308178816,1.2432178386216843,1.0277812517632343,-0.376971,-0.006668,-0.004218,-0.926192,0.999876,0.01284,-0.009173,-0.002785,0.715751,0.69835,0.10646,1.132687,2.873096,-14.952050372580976,3.425673600442978,8.459865976845759,-0.127513,0.039148,0.076978,0.98807,0.985084,0.142135,-0.096993,-0.162103,0.95563,-0.245956,0.161348,1.119531,2.850977,-17.074042459693377,12.885933888244017,10.1621095105739,-0.137103,0.123599,0.103623,0.977337,0.947971,0.168657,-0.270011,-0.23644,0.94093,-0.242376,M,BuildTutorial
4.661,0.074362,1.548028,2.66787,44.49044804507059,1.532166440739051,0.9988977599903136,-0.378631,-0.009075,-0.003006,-0.925498,0.999817,0.012436,-0.014521,0.001307,0.713259,0.700899,0.101298,1.128043,2.870852,-14.762902847853436,1.8835426708918692,10.082563151107935,-0.126528,0.027525,0.089237,0.987558,0.982558,0.169287,-0.076948,-0.183218,0.952055,-0.244994,0.157595,1.117319,2.849222,-16.728010740349376,10.621466214995795,11.535733945818771,-0.134901,0.105665,0.112398,0.978777,0.952403,0.191517,-0.23717,-0.248534,0.938337,-0.240322,M,BuildTutorial
4.694,0.074802,1.547183,2.668736,44.736935026361415,1.7423894083913125,0.9594875462421992,-0.380622,-0.010874,-0.001956,-0.924665,0.999756,0.011896,-0.018621,0.00466,0.710246,0.703939,0.097783,1.124348,2.868131,-15.733666189431336,1.2046492404451463,9.820440748213969,-0.13547,0.02209,0.086218,0.986776,0.984157,0.16417,-0.066956,-0.176141,0.948429,-0.263549,0.153888,1.114318,2.848168,-16.127914299186266,9.064357499173866,13.078422372338247,-0.13002,0.093654,0.123417,0.979332,0.951994,0.217379,-0.215531,-0.266087,0.935726,-0.231549,M,BuildTutorial
4.728,0.074921,1.546131,2.669425,45.09044915932771,1.844192299838954,0.9226201860562376,-0.38347,-0.011776,-0.001265,-0.923477,0.999719,0.011368,-0.02078,0.006695,0.705898,0.708282,0.094664,1.12178,2.865402,-16.83712661073827,0.6389498998054163,8.824965636285244,-0.145543,0.016763,0.07692,0.986215,0.987605,0.14684,-0.055455,-0.156599,0.945801,-0.284495,0.151019,1.110766,2.847151,-15.100175022295977,7.921083154492796,12.492700516184277,-0.122851,0.082326,0.116624,0.982104,0.959243,0.208846,-0.19036,-0.249301,0.942613,-0.222102,M,BuildTutorial
4.762,0.074822,1.545022,2.66997,45.4924441168296,1.8528070905479663,0.9002574541882907,-0.386705,-0.011873,-0.000993,-0.922127,0.999716,0.011014,-0.02113,0.007352,0.700917,0.713205,0.092035,1.11949,2.863025,-17.441992862191416,0.1602211583861442,7.499480004190428,-0.151208,0.011295,0.064854,0.986308,0.991333,0.124516,-0.041893,-0.131347,0.94586,-0.296811,0.148469,1.107326,2.846032,-14.100964569095652,7.210268888840376,11.281475443145272,-0.115774,0.074143,0.105035,0.98492,0.966941,0.189734,-0.170371,-0.22407,0.951128,-0.212482,M,BuildTutorial
4.795,0.074542,1.544029,2.670627,45.79878016595247,1.7129048324064533,0.8161406237013066,-0.389159,-0.010998,-0.000744,-0.921105,0.999757,0.009931,-0.019682,0.00719,0.697109,0.716929,0.089594,1.115911,2.861727,-17.400541460888164,-0.3283834507413862,5.6402171129464485,-0.151221,0.004613,0.048201,0.987313,0.995311,0.093784,-0.023687,-0.096574,0.949618,-0.298161,0.145254,1.102872,2.846148,-12.69408424341859,6.431967583395847,11.180341186644943,-0.10442,0.066243,0.102835,0.986982,0.970074,0.189158,-0.152237,-0.216826,0.957043,-0.192496,M,BuildTutorial
4.827,0.073978,1.543123,2.671393,46.047662923246655,1.43402755043507,0.7190142877136639,-0.391148,-0.009063,-0.00088,-0.920283,0.999834,0.00871,-0.015993,0.00547,0.694005,0.71995,0.086089,1.112298,2.860883,-16.651615383484547,-0.980832396566633,4.209082283510481,-0.14501,-0.003146,0.035096,0.988803,0.997517,0.070318,-0.003958,-0.068494,0.955481,-0.286994,0.141741,1.098511,2.846532,-10.81704635505158,5.510053587918902,10.359404236562344,-0.089443,0.056156,0.094286,0.989928,0.975913,0.176627,-0.128047,-0.196718,0.96622,-0.166495,M,BuildTutorial
4.861,0.073264,1.542136,2.672111,46.322769241663735,1.0293129713718456,0.5052910184682085,-0.393339,-0.006524,-0.000521,-0.91937,0.999914,0.006091,-0.011586,0.004174,0.690569,0.723254,0.082702,1.108667,2.86072,-14.61999366987973,-0.9593116764947044,4.672504781088739,-0.127466,-0.00311,0.039367,0.991057,0.996881,0.078824,-0.003872,-0.077238,0.964405,-0.252897,0.139195,1.095175,2.846197,-9.36396024048665,4.897147093267522,8.97028192545491,-0.077971,0.048827,0.081345,0.992431,0.981998,0.153845,-0.1096,-0.169073,0.974607,-0.146818,M,BuildTutorial
4.894,0.072545,1.540778,2.672835,46.667939089377086,0.5931975085987935,0.2436597063486014,-0.396094,-0.003911,9.8e-05,-0.918202,0.999969,0.002918,-0.00726,0.003279,0.686218,0.727388,0.079748,1.105246,2.861634,-11.34153399801754,-0.8149789222952403,5.582523490887321,-0.099037,-0.002257,0.047756,0.993935,0.995428,0.095381,-0.004972,-0.094487,0.975822,-0.197088,0.136675,1.092813,2.846238,-8.2204665237127,4.039858679317973,6.90769219575614,-0.069383,0.039408,0.062574,0.994846,0.989063,0.119034,-0.087093,-0.129971,0.982541,-0.133118,M,BuildTutorial
4.928,0.071766,1.538882,2.67358,47.20388481776163,0.1339347699074322,-0.0784122724033392,-0.400379,-0.001345,0.001095,-0.916348,0.999994,-0.000929,-0.003342,0.003083,0.679392,0.733769,0.075869,1.10334,2.863044,-9.169705467842972,-0.3203369119346644,7.645556476212388,-0.079943,0.002549,0.066234,0.994593,0.991213,0.131345,-0.01566,-0.13216,0.978445,-0.158683,0.134398,1.09325,2.845892,-8.294785377569188,3.2848764493398934,6.288195741475161,-0.070616,0.032509,0.056751,0.995357,0.991445,0.108383,-0.072731,-0.117566,0.983585,-0.136887,M,BuildTutorial
4.96,0.070943,1.536345,2.674083,47.95366851074784,-0.3484231084345256,-0.4292401545350313,-0.406373,0.001256,0.002187,-0.913704,0.999987,-0.005018,0.000517,0.002976,0.669713,0.742614,0.072528,1.102997,2.863672,-9.06317526075815,0.4760040536456782,7.840731042256008,-0.07854,0.009533,0.068483,0.99451,0.990439,0.134716,-0.029719,-0.137711,0.978283,-0.154912,0.13144,1.09424,2.845829,-8.524916497644575,2.094081238363184,6.95380600233352,-0.073071,0.022696,0.061824,0.99515,0.991325,0.119731,-0.054207,-0.126365,0.981677,-0.142628,M,BuildTutorial
4.994,0.070272,1.533372,2.67432,48.9756698675377,-0.901061358789409,-0.7759625865853387,-0.414526,0.004349,0.002903,-0.910022,0.999945,-0.00889,0.005509,0.001678,0.65632,0.754481,0.068919,1.103915,2.863991,-9.710146016567254,1.1891293022311364,8.857524344709644,-0.08358,0.016844,0.077814,0.993316,0.987323,0.151772,-0.04647,-0.157403,0.973919,-0.163422,0.12829,1.096225,2.846624,-8.733329216504645,0.3441884401389931,6.875382552192017,-0.075822,0.007555,0.060017,0.995285,0.992682,0.118322,-0.024139,-0.120613,0.981298,-0.150023,M,BuildTutorial
5.027,0.069654,1.530186,2.674402,50.048684883684096,-1.4201041174419735,-1.1640442316731447,-0.423063,0.006932,0.003962,-0.906065,0.999873,-0.013045,0.009208,0.001315,0.642005,0.766699,0.065985,1.106087,2.865115,-9.974752012560408,2.479601583302428,9.879380017744928,-0.084737,0.028959,0.087635,0.992119,0.982963,0.168982,-0.072314,-0.178797,0.970279,-0.163064,0.125612,1.098,2.84712,-9.305024470184184,-1.44230582397205,6.886249930124296,-0.081713,-0.007651,0.058836,0.994888,0.99296,0.118321,0.005608,-0.11582,0.979723,-0.16349,M,BuildTutorial
5.061,0.069249,1.527262,2.674661,50.96222994338032,-1.7989216485390918,-1.5649998914863996,-0.430314,0.008295,0.005574,-0.902624,0.9998,-0.017201,0.010179,0.002922,0.629597,0.776916,0.061917,1.107443,2.86656,-9.332563523956932,3.3584278076361813,11.772690969202293,-0.077893,0.037392,0.104543,0.99076,0.975345,0.20133,-0.09038,-0.21298,0.966007,-0.146529,0.122867,1.099775,2.847651,-10.101803927933329,-3.199642458683998,8.336197479363106,-0.089795,-0.02134,0.069921,0.993274,0.989311,0.142733,0.029837,-0.135068,0.974096,-0.181366,M,BuildTutorial
5.094,0.069059,1.524876,2.674869,51.67892363084049,-2.0372431704195035,-1.8683412906479064,-0.435985,0.008893,0.006924,-0.899883,0.999746,-0.020216,0.009968,0.004707,0.619739,0.784794,0.057175,1.109558,2.867798,-8.572571140887048,4.093148838311885,12.782212696910824,-0.070264,0.043705,0.113585,0.990076,0.970377,0.218774,-0.102505,-0.231058,0.964323,-0.129204,0.120207,1.099227,2.848283,-10.068985592020184,-5.181077119435525,10.62557780006721,-0.091458,-0.036713,0.088192,0.991216,0.981749,0.18155,0.05665,-0.168119,0.967715,-0.187785,M,BuildTutorial
5.127,0.069035,1.52318,2.675132,52.21911457590972,-2.1160683886121756,-2.0478980306906567,-0.44024,0.008715,0.007919,-0.897803,0.999723,-0.021893,0.008676,0.006547,0.612252,0.790636,0.052412,1.111059,2.870122,-7.791024503937632,4.440664739939474,15.61021010846382,-0.062008,0.047514,0.137996,0.987347,0.957399,0.266607,-0.110939,-0.278391,0.954225,-0.109333,0.119783,1.099186,2.848957,-10.074387275186847,-6.192780766303897,11.002967015294114,-0.092429,-0.045154,0.090641,0.990557,0.979491,0.187918,0.072699,-0.171224,0.966482,-0.191298,M,BuildTutorial
5.16,0.069047,1.522098,2.675401,52.57216249065886,-1.983912416245376,-2.0387508560854455,-0.442993,0.007642,0.008283,-0.896454,0.999746,-0.021621,0.006363,0.008079,0.607377,0.794373,0.047418,1.111297,2.871262,-6.876859686312546,3.7977206555224874,18.996845966057347,-0.053663,0.042514,0.166593,0.983646,0.940879,0.323174,-0.101517,-0.3323,0.938734,-0.091406,0.124346,1.099622,2.850603,-9.468429544181232,-4.974687592365856,6.193555025654523,-0.084672,-0.038733,0.050211,0.994389,0.991957,0.106417,0.068529,-0.093299,0.980619,-0.172283,M,BuildTutorial
5.194,0.069122,1.521725,2.675742,52.64561922965298,-1.7646641485404904,-1.861572874226998,-0.443541,0.006598,0.007731,-0.896196,0.999793,-0.01971,0.004968,0.008004,0.606423,0.795102,0.039041,1.111784,2.874736,-5.569199620466154,3.1280818824194667,19.1891428715003,-0.04334,0.034975,0.167724,0.98426,0.941291,0.327136,-0.083388,-0.3332,0.939981,-0.073583,0.130342,1.099576,2.853057,-8.469601905362188,-3.2033853191455552,1.429312463404289,-0.074157,-0.026952,0.01037,0.996828,0.998332,0.024672,0.052194,-0.016677,0.988786,-0.148403,M,BuildTutorial
5.227,0.069216,1.521767,2.676126,52.55141590561614,-1.5267399652027385,-1.5730261008428297,-0.442774,0.005869,0.00641,-0.896591,0.999849,-0.016693,0.004848,0.006298,0.60782,0.79405,0.034161,1.108667,2.875046,-4.713186937292546,4.653293761188808,19.163281431680467,-0.03376,0.046835,0.167821,0.984126,0.939285,0.327151,-0.103515,-0.333475,0.941393,-0.050728,0.133631,1.098958,2.855551,-7.674194326080007,-2.53450274568956,-1.9076454973741044,-0.066527,-0.023177,-0.018085,0.997352,0.998272,-0.032991,0.048638,0.039159,0.990494,-0.131863,M,BuildTutorial
5.26,0.069261,1.522008,2.676494,52.44791422584568,-1.324688038593341,-1.2828380362613483,-0.44194,0.005423,0.004934,-0.897015,0.999893,-0.013644,0.005368,0.004058,0.60933,0.792906,0.033216,1.105985,2.874396,-3.642603841553513,6.564235211104057,21.13987674446104,-0.020695,0.062073,0.184831,0.98059,0.923969,0.359918,-0.129386,-0.365056,0.930818,-0.01764,0.139346,1.101701,2.857868,-8.36160684146568,-1.3203302471948994,-5.667356772283726,-0.072242,-0.015081,-0.050141,0.996012,0.994517,-0.097703,0.037286,0.102061,0.984534,-0.142395,M,BuildTutorial
5.294,0.069253,1.522167,2.676866,52.387797648274464,-1.1611720326482995,-1.0813090092278774,-0.441454,0.004927,0.003994,-0.897262,0.99992,-0.011518,0.005315,0.002818,0.610206,0.792238,0.031465,1.105462,2.872292,-4.78099953702554,7.43526298369631,22.082189944488228,-0.028445,0.071555,0.193598,0.978054,0.914799,0.374629,-0.150983,-0.38277,0.923421,-0.027935,0.143975,1.104681,2.859586,-9.394044344173762,-0.3306507352383676,-5.6526625015852,-0.081645,-0.00691,-0.049379,0.995414,0.995028,-0.097177,0.021819,0.099434,0.981792,-0.161858,M,BuildTutorial
5.327,0.06928,1.522186,2.677296,52.40364162548831,-1.0840150172744394,-0.9533984076929573,-0.44157,0.004814,0.003288,-0.897208,0.999932,-0.010151,0.005736,0.001648,0.61001,0.792392,0.031706,1.106906,2.870039,-5.197620368902205,8.74234781110446,24.524501130699353,-0.028008,0.084004,0.214928,0.972607,0.893498,0.413376,-0.175446,-0.422787,0.906043,-0.018372,0.148225,1.108439,2.860638,-10.010035465466965,-0.2274568426498124,-8.07609457589847,-0.086887,-0.008116,-0.070323,0.9937,0.989978,-0.138349,0.028349,0.14117,0.975011,-0.171538,M,BuildTutorial
5.36,0.069256,1.522054,2.677681,52.45243790117845,-1.0908662228256891,-0.9294590397003109,-0.441951,0.004955,0.003069,-0.89702,0.999932,-0.009886,0.006177,0.001126,0.609339,0.792909,0.03109,1.106614,2.867916,-4.238811214830753,9.370804790143398,29.065382597780477,-0.015196,0.088266,0.252847,0.963352,0.856555,0.484479,-0.177747,-0.489845,0.871675,0.015357,0.149463,1.111005,2.861827,-9.876530264924828,-0.9312955485139948,-11.7063906355254,-0.084805,-0.016833,-0.102294,0.99099,0.978505,-0.19989,0.050713,0.205601,0.964688,-0.164638,M,BuildTutorial
5.393,0.069227,1.521638,2.678043,52.57640330008097,-1.1270253446654626,-0.9714948623857688,-0.442924,0.005063,0.003245,-0.896539,0.999928,-0.010304,0.006203,0.001334,0.607616,0.79423,0.029755,1.1052,2.866221,-3.047480266499133,9.202619485286176,34.5577653607031,-0.00149,0.084447,0.297998,0.950823,0.808132,0.566434,-0.161476,-0.566938,0.82239,0.047496,0.150531,1.112135,2.863561,-9.252582401913646,-1.182142936791133,-14.447082590727836,-0.078719,-0.020342,-0.12615,0.988674,0.967345,-0.24624,0.060084,0.252646,0.955779,-0.150522,M,BuildTutorial
5.427,0.069103,1.521065,2.678322,52.75386813648213,-1.1945499732073166,-1.059536756195839,-0.444318,0.005231,0.003652,-0.895847,0.999919,-0.011192,0.006128,0.001894,0.605137,0.796119,0.027521,1.104604,2.864676,-2.3103707220761858,8.23977631609085,40.33076999727423,0.005886,0.074358,0.34513,0.935586,0.750713,0.646673,-0.135074,-0.644922,0.761702,0.06234,0.153547,1.112367,2.865532,-7.945381918832345,-0.4163005049476252,-18.94069646978012,-0.06774,-0.014974,-0.164389,0.983953,0.945504,-0.321474,0.051739,0.325531,0.936775,-0.128383,M,BuildTutorial
5.46,0.069027,1.520409,2.678544,52.96218802921613,-1.241055448187225,-1.1666256012421,-0.445952,0.005154,0.004283,-0.895032,0.99991,-0.012264,0.005406,0.00307,0.602217,0.798326,0.023443,1.102665,2.864217,-0.7508427889346425,6.523713422260224,47.133914673768686,0.016753,0.054768,0.399506,0.91494,0.674791,0.732883,-0.086833,-0.729213,0.680228,0.074415,0.158905,1.109901,2.868616,-4.886289709807247,1.1259005589123154,-27.933220590433574,-0.043735,-0.000762,-0.240719,0.969609,0.884108,-0.46674,0.022534,0.466873,0.880283,-0.084445,M,BuildTutorial
5.494,0.069081,1.51975,2.678953,53.140751383458046,-1.20653052585166,-1.2431709074819577,-0.447348,0.004564,0.004993,-0.894335,0.999909,-0.013014,0.003696,0.004847,0.59971,0.800203,0.019622,1.099352,2.864539,1.539395920243975,5.091635456343286,55.286818415599015,0.032495,0.033118,0.462939,0.885175,0.569182,0.821716,-0.028543,-0.817411,0.569264,0.088191,0.166641,1.103491,2.872121,-0.033635375767709,3.0787450726567585,-40.809063932781555,-0.009641,0.025076,-0.348513,0.936919,0.755821,-0.65354,-0.040268,0.652573,0.756892,-0.035545,M,BuildTutorial
5.527,0.069111,1.518905,2.679377,53.28863562549381,-1.0334076242970311,-1.221994851152281,-0.448493,0.003278,0.005487,-0.893764,0.999918,-0.012748,0.000939,0.006867,0.597648,0.801729,0.013685,1.094122,2.866095,5.480986656530856,3.654474965821066,66.19741313551297,0.057426,0.000585,0.543904,0.83718,0.408335,0.910759,0.061488,-0.910624,0.401741,0.096789,0.179788,1.095494,2.87504,5.412007985981204,6.847775655966748,-53.25875940725303,0.015389,0.074451,-0.449439,0.89007,0.584924,-0.797772,-0.146366,0.802355,0.595537,-0.039528,M,BuildTutorial
5.56,0.0693,1.517816,2.679586,53.594652076103955,-0.8193045817682548,-1.1747375872437302,-0.450866,0.00176,0.005927,-0.89257,0.999924,-0.012168,-0.002204,0.008995,0.59337,0.80488,0.007359,1.088358,2.867795,8.714106866341718,1.6980445369508883,75.33801500427742,0.069158,-0.034726,0.608375,0.789868,0.257347,0.956269,0.139007,-0.965875,0.250193,0.066999,0.193589,1.084409,2.876971,11.353676626497112,10.94743020963583,-64.56422544664196,0.03255,0.132839,-0.537023,0.832407,0.38792,-0.885395,-0.256113,0.902691,0.421094,-0.088486,M,BuildTutorial
5.593,0.069534,1.516625,2.679497,54.04754304251272,-0.5083282946393577,-1.0659636327150466,-0.454373,-0.000275,0.006271,-0.89079,0.999921,-0.010922,-0.006188,0.011422,0.587012,0.809498,0.002222,1.085636,2.868484,9.99076161588637,-1.3567018176662915,77.37351377764301,0.060592,-0.06363,0.623449,0.776911,0.214526,0.961018,0.174421,-0.97644,0.21528,0.014809,0.20657,1.074875,2.877836,15.92685673513921,15.86312462138348,-71.25251470010309,0.03193,0.191009,-0.586899,0.786159,0.23813,-0.910594,-0.337806,0.93499,0.30906,-0.174001,M,BuildTutorial
5.627,0.069578,1.5157,2.679439,54.39365878903298,-0.2044721698276115,-0.9274342231145108,-0.457046,-0.002112,0.006383,-0.889418,0.99991,-0.009424,-0.009591,0.013285,0.582137,0.812982,-0.001071,1.08452,2.870202,10.784587572836116,-2.907880014483163,77.54685210506116,0.057422,-0.078526,0.625129,0.774435,0.206094,0.959226,0.193418,-0.977262,0.211832,-0.009238,0.218025,1.070501,2.880077,17.728426088265113,21.14218312619156,-73.36128229893777,0.013203,0.235856,-0.602874,0.762064,0.16183,-0.912628,-0.375394,0.925084,0.272738,-0.26426,M,BuildTutorial
5.661,0.069438,1.515118,2.679674,54.49225106767074,-0.0262417094922813,-0.8421695632674304,-0.457803,-0.003161,0.006429,-0.889025,0.999897,-0.008537,-0.011507,0.014326,0.580751,0.813955,-0.002381,1.083573,2.871765,11.554403433729671,-3.3031839388030546,78.88829046293658,0.059484,-0.08607,0.634077,0.76616,0.181077,0.961368,0.207322,-0.981847,0.188817,-0.018002,0.226476,1.068905,2.880894,18.86486045192353,26.014314437041456,-72.93926570635742,-0.003564,0.273463,-0.600978,0.75102,0.128087,-0.904642,-0.406469,0.900743,0.277626,-0.334044,M,BuildTutorial
5.693,0.069208,1.514907,2.67968,54.501687151922475,-0.0135294701498824,-0.881420623051999,-0.457874,-0.003417,0.006784,-0.888984,0.999885,-0.008933,-0.012288,0.015192,0.58061,0.81404,-0.00264,1.084116,2.873228,11.484179789502813,-3.4734989140541037,79.17532194507433,0.057852,-0.086968,0.636106,0.764499,0.175612,0.962543,0.206573,-0.982667,0.184045,-0.022186,0.231504,1.070022,2.882102,19.04456843261706,28.6414907206416,-70.56764362461237,-0.010062,0.291718,-0.585369,0.756401,0.144488,-0.891418,-0.429531,0.879677,0.314484,-0.356746,M,BuildTutorial
5.726,0.068775,1.514929,2.679607,54.447764695184304,-0.2151229252913045,-1.0463840716843469,-0.457464,-0.002508,0.007261,-0.889195,0.999882,-0.010617,-0.011103,0.015207,0.581348,0.813513,-0.002791,1.085562,2.875126,11.4101368985293,-3.056325048920498,79.36944161941138,0.059529,-0.083877,0.637214,0.763793,0.173845,0.963413,0.203996,-0.983385,0.180829,-0.01596,0.232326,1.071768,2.884169,18.825998196441123,28.795740868634276,-69.48512716212663,-0.009626,0.291851,-0.577976,0.76202,0.161534,-0.886477,-0.433664,0.87524,0.331702,-0.352036,M,BuildTutorial
5.761,0.068308,1.515006,2.679426,54.40820500100707,-0.4425623372837545,-1.2123864005965572,-0.457169,-0.001402,0.007644,-0.889346,0.999879,-0.012314,-0.009483,0.014878,0.581877,0.813141,-0.003962,1.08817,2.876906,10.727733947033858,-2.5554171942111714,81.26301633444734,0.056469,-0.077707,0.649761,0.754045,0.143546,0.971122,0.190572,-0.988674,0.149245,-0.015821,0.230551,1.07436,2.886915,18.08438874425059,27.991933598576683,-67.8826342528841,-0.006847,0.283296,-0.566569,0.773755,0.197486,-0.88065,-0.430645,0.872892,0.357905,-0.331608,M,BuildTutorial
5.794,0.068012,1.515156,2.679061,54.39493724212474,-0.5539161778352748,-1.3694707086129343,-0.457072,-0.001163,0.00842,-0.889389,0.999856,-0.013914,-0.009766,0.016041,0.582028,0.81301,-0.003322,1.092643,2.877314,9.116300792877174,-1.7290400483001156,83.9940043540063,0.048991,-0.064345,0.667791,0.739943,0.09983,0.981949,0.160654,-0.994559,0.103311,-0.013436,0.228811,1.078319,2.888501,16.589250731461952,27.847840612509746,-64.14237661294692,-0.007778,0.276126,-0.539396,0.795453,0.265613,-0.862424,-0.4309,0.853833,0.417983,-0.310256,M,BuildTutorial
5.827,0.067739,1.515363,2.67904,54.2730734794161,-0.5512846626479626,-1.4426329343080766,-0.456125,-0.001461,0.009009,-0.889869,0.999833,-0.0147,-0.010818,0.017366,0.583738,0.811756,-0.00563,1.099242,2.878354,6.781132778088425,-1.1947756610444968,88.06121387653332,0.035285,-0.048587,0.694232,0.717243,0.031364,0.992436,0.118689,-0.999294,0.033595,-0.016845,0.227255,1.081397,2.889363,15.59413963907117,27.570078082472666,-62.561274307886904,-0.009974,0.270172,-0.52724,0.80556,0.298051,-0.854836,-0.424761,0.844057,0.443837,-0.30096,M,BuildTutorial
5.86,0.067484,1.515498,2.679059,54.17144403120557,-0.4360048564783125,-1.4059555969053066,-0.455327,-0.002199,0.009191,-0.890274,0.999821,-0.014361,-0.012285,0.018367,0.585186,0.810691,-0.008651,1.106954,2.878888,4.089869252393328,-1.039411693023589,92.87668972990868,0.018021,-0.032103,0.724365,0.688433,-0.05147,0.996197,0.070309,-0.998511,-0.050058,-0.021696,0.224794,1.082849,2.890094,15.23859998145078,26.226226941074756,-63.83873936268493,-0.009288,0.259145,-0.535925,0.803457,0.291257,-0.865998,-0.406468,0.856371,0.425397,-0.292689,M,BuildTutorial
5.893,0.067164,1.515407,2.678863,54.19740668781847,-0.3478825778600191,-1.3424569888832625,-0.455523,-0.002634,0.009046,-0.890174,0.999822,-0.013705,-0.012931,0.018505,0.584834,0.810942,-0.012768,1.11521,2.877869,1.0288644746025335,-1.8676736281538835,97.29863274151468,-0.006303,-0.017506,0.750647,0.660442,-0.127554,0.991738,0.01366,-0.991296,-0.127021,-0.034607,0.222055,1.083565,2.890522,15.578914172267677,24.248495811713216,-65.26517657884649,-0.000622,0.246702,-0.54633,0.800414,0.281324,-0.874887,-0.394247,0.874272,0.403047,-0.270557,M,BuildTutorial
5.926,0.066777,1.515265,2.678725,54.24898057687585,-0.3254606946677898,-1.3355566420864642,-0.455922,-0.002786,0.009078,-0.889969,0.99982,-0.013618,-0.013237,0.018699,0.584105,0.811463,-0.019081,1.123772,2.875366,-2.4185813995742063,-3.6669186365405806,103.96480271864158,-0.038192,-0.003083,0.786827,0.615983,-0.238212,0.96958,-0.056303,-0.969109,-0.241111,-0.051902,0.219618,1.084866,2.890668,15.49511482760073,22.758142210904428,-67.67482920417393,0.000913,0.235976,-0.563002,0.79205,0.254688,-0.891421,-0.374838,0.892283,0.366056,-0.264263,M,BuildTutorial
5.96,0.066111,1.515165,2.678848,54.22511897602365,-0.4440098595624316,-1.3977204709279962,-0.455745,-0.00211,0.009091,-0.890062,0.999826,-0.014259,-0.012042,0.018106,0.584428,0.811243,-0.0277,1.131203,2.872097,-5.276000999794947,-6.048813774929897,111.265078918377,-0.06945,0.008186,0.82204,0.565119,-0.351635,0.927964,-0.123433,-0.930238,-0.361147,-0.065035,0.218646,1.085687,2.888842,15.511793165442407,21.746853205521305,-73.3953100946648,-0.005436,0.229067,-0.601907,0.764989,0.170474,-0.923394,-0.343923,0.918413,0.275358,-0.28407,M,BuildTutorial
5.993,0.065259,1.51504,2.679061,54.178080280479435,-0.8653205746716682,-1.748306854035736,-0.455411,-0.000225,0.010144,-0.890223,0.999794,-0.017856,-0.009639,0.018265,0.584996,0.810831,-0.033999,1.138131,2.869271,-8.018296517957417,-7.771536190066607,116.57856555054605,-0.094175,0.023808,0.84419,0.52717,-0.426446,0.885578,-0.184105,-0.894547,-0.443051,-0.059096,0.216685,1.086776,2.887463,15.586821121965924,20.09797637242969,-82.15206758733487,-0.012938,0.218054,-0.658841,0.719871,0.036763,-0.954203,-0.296894,0.942918,0.131523,-0.305952,M,BuildTutorial
6.035,0.064127,1.514837,2.679195,54.20394950872354,-1.4455561052630492,-2.2465616774997,-0.455672,0.002297,0.011704,-0.890068,0.999716,-0.022928,-0.006578,0.018742,0.584452,0.811212,-0.037438,1.144055,2.868387,-9.84470620919416,-8.12202630595595,117.09790547119046,-0.10485,0.036201,0.844635,0.523724,-0.429439,0.877121,-0.215039,-0.892304,-0.448805,-0.048671,0.214281,1.091834,2.886559,13.745475210811902,18.98737698483387,-84.0013581244495,-0.021865,0.200667,-0.6699,0.714485,0.021933,-0.966042,-0.257453,0.948492,0.101512,-0.300098,M,BuildTutorial
6.06,0.062833,1.514545,2.679327,54.27511112079618,-2.139972447742087,-2.781106118788045,-0.456318,0.005546,0.013077,-0.889704,0.999597,-0.02833,-0.002066,0.018207,0.583207,0.81212,-0.039849,1.146021,2.86701,-10.416334952577802,-8.032809793472477,118.99069893607523,-0.106063,0.042611,0.852696,0.509749,-0.457813,0.860284,-0.22432,-0.878362,-0.47668,-0.035462,0.212312,1.097152,2.885389,12.072705889086423,17.954093481850023,-85.60755586914371,-0.02923,0.184428,-0.679484,0.70953,0.008575,-0.975011,-0.221992,0.953447,0.074894,-0.292112,M,BuildTutorial
6.094,0.061296,1.514148,2.679391,54.33951715853144,-3.03040610042341,-3.3790449998644916,-0.456964,0.010056,0.014152,-0.889316,0.999397,-0.034362,0.004952,0.015981,0.581967,0.813055,-0.043004,1.147491,2.866232,-11.065034897954853,-8.42284301289276,120.24273171796932,-0.111278,0.046957,0.857186,0.500644,-0.473946,0.84784,-0.237789,-0.868741,-0.494301,-0.03092,0.209156,1.099888,2.884823,11.591790451079046,16.348270502916442,-89.7749939360256,-0.029007,0.170763,-0.705149,0.687578,-0.05279,-0.979596,-0.193918,0.959783,0.003847,-0.280715,M,BuildTutorial
6.127,0.059712,1.51379,2.67933,54.448592223495645,-4.044941213209958,-4.030305602222751,-0.458011,0.015286,0.015114,-0.888687,0.999076,-0.040865,0.013324,0.01286,0.579996,0.814518,-0.044245,1.148023,2.86548,-11.520906421614203,-8.118302079193732,120.65283052954068,-0.110757,0.052122,0.858787,0.497496,-0.480462,0.84294,-0.242093,-0.866031,-0.499562,-0.020678,0.20619,1.10289,2.884607,10.858676181059211,15.301324285054926,-90.00554116174553,-0.027415,0.160025,-0.706609,0.688727,-0.049808,-0.982095,-0.181683,0.964547,-9.6e-05,-0.263913,M,BuildTutorial
6.16,0.05816,1.513452,2.679367,54.50315260303255,-5.05988110476432,-4.70417007034088,-0.458677,0.020435,0.016254,-0.888219,0.998636,-0.047621,0.021391,0.010128,0.578702,0.815476,-0.045134,1.147642,2.863107,-11.98468196380705,-8.341521475555995,122.49677919748336,-0.113497,0.05649,0.865962,0.483775,-0.506161,0.825037,-0.251225,-0.850683,-0.525542,-0.011977,0.203678,1.105468,2.884527,10.3265547375335,14.190556065460337,-90.90735349572668,-0.025027,0.149942,-0.712154,0.685367,-0.059291,-0.983679,-0.169883,0.968668,-0.015579,-0.247869,M,BuildTutorial
6.194,0.056743,1.513222,2.679398,54.51720705103884,-5.948520077855996,-5.374265008829949,-0.45905,0.024631,0.017881,-0.887889,0.998147,-0.054367,0.027323,0.00914,0.577906,0.816052,-0.046628,1.148157,2.861891,-12.74097308465778,-8.612216323413973,123.38037327063276,-0.118168,0.062022,0.868539,0.477315,-0.516413,0.814475,-0.264475,-0.843791,-0.536647,-0.00507,0.201456,1.106984,2.884533,9.988502805631914,13.339292346914348,-93.1209500421788,-0.024559,0.14234,-0.725401,0.673001,-0.092934,-0.983382,-0.155961,0.969399,-0.053619,-0.239563,M,BuildTutorial
6.226,0.055546,1.51314,2.679529,54.51323285404903,-6.691764023499204,-6.030724125654855,-0.459292,0.027761,0.019991,-0.887626,0.997659,-0.06099,0.030919,0.009989,0.577302,0.81647,-0.047889,1.148563,2.861804,-12.992752400629191,-8.53135740966828,124.37001958484308,-0.118012,0.065306,0.872419,0.469781,-0.530759,0.804277,-0.267271,-0.835105,-0.550083,0.003069,0.199237,1.10864,2.884602,9.617256349716072,12.523332591045362,-93.93633181722862,-0.022583,0.135078,-0.730296,0.669263,-0.103155,-0.98362,-0.14782,0.971418,-0.067683,-0.227522,M,BuildTutorial
6.259,0.054481,1.513061,2.679672,54.45493202224068,-7.255644053717516,-6.5345077590526675,-0.459072,0.030149,0.021674,-0.887623,0.997243,-0.066157,0.033621,0.010796,0.577567,0.816272,-0.048237,1.149073,2.861181,-13.48584521024508,-8.562795653544521,125.1586891332729,-0.11973,0.06979,0.875013,0.463839,-0.541036,0.795019,-0.274273,-0.828442,-0.559965,0.011063,0.19698,1.1101,2.884637,9.337704529177469,11.453989339542332,-95.710624438059,-0.019398,0.126787,-0.740754,0.659418,-0.129583,-0.981852,-0.138474,0.972015,-0.098185,-0.213418,M,BuildTutorial
6.294,0.053649,1.513002,2.679823,54.44438405318593,-7.570925000903945,-6.794711275027384,-0.459121,0.031556,0.022434,-0.887529,0.997002,-0.068797,0.035414,0.010845,0.577409,0.816383,-0.047377,1.149441,2.86028,-13.974886950808708,-8.393701723625313,124.88892843993276,-0.120526,0.073959,0.8735,0.465834,-0.536945,0.795984,-0.279463,-0.831639,-0.555058,0.016916,0.195353,1.111776,2.884382,8.740579605527044,11.179754537488911,-95.23323270439094,-0.020618,0.121489,-0.738004,0.663449,-0.11882,-0.984267,-0.130772,0.974247,-0.090151,-0.206677,M,BuildTutorial
6.326,0.053045,1.512917,2.679819,54.46648930855096,-7.747191625316885,-6.872323599043663,-0.459348,0.032594,0.022312,-0.887378,0.99688,-0.069543,0.037348,0.009655,0.577004,0.816685,-0.045799,1.149845,2.860171,-14.257067240275726,-7.73678906997933,124.19726060076688,-0.1171,0.078094,0.871008,0.470675,-0.529506,0.801633,-0.277503,-0.838212,-0.544733,0.025809,0.193246,1.112861,2.884441,8.205798225212696,10.67076802250163,-94.85899390371034,-0.020111,0.115206,-0.735876,0.66694,-0.109572,-0.986205,-0.124073,0.976937,-0.083836,-0.196381,M,BuildTutorial
6.36,0.052514,1.512767,2.679668,54.53459430275508,-7.734949255419435,-6.720131552688013,-0.459827,0.03306,0.021131,-0.887141,0.996921,-0.067896,0.039224,0.007089,0.576225,0.817261,-0.044216,1.149946,2.85904,-14.580078241968431,-7.56493706979738,123.13800686526685,-0.117825,0.080191,0.866397,0.478584,-0.514149,0.810391,-0.280923,-0.848185,-0.529053,0.026176,0.191549,1.113107,2.884073,7.932100499947636,10.326108748109284,-94.23423309720386,-0.018906,0.111567,-0.732261,0.671557,-0.097308,-0.987729,-0.122159,0.979292,-0.073128,-0.188785,M,BuildTutorial
6.394,0.05209,1.512677,2.679537,54.59470300600693,-7.612160537679259,-6.426372571698865,-0.460184,0.033246,0.019305,-0.886991,0.997044,-0.064845,0.04121,0.003648,0.575716,0.817642,-0.042891,1.149723,2.859102,-14.538475728917906,-7.271069391664899,122.34023560211612,-0.115996,0.080295,0.863396,0.484401,-0.503801,0.817832,-0.278092,-0.855088,-0.517817,0.026276,0.190703,1.112748,2.883738,7.720456517525876,10.410475345691278,-93.44794320205334,-0.019942,0.110864,-0.727599,0.676691,-0.083383,-0.989142,-0.121021,0.980298,-0.059597,-0.188318,M,BuildTutorial
6.427,0.051657,1.512685,2.679491,54.62538506010888,-7.467078270179155,-6.129824940145849,-0.460311,0.033293,0.01757,-0.886959,0.997166,-0.061818,0.042883,0.000518,0.57561,0.817724,-0.040747,1.150548,2.860863,-14.733780159540856,-6.3633592486939365,117.91501974662994,-0.11318,0.081305,0.844733,0.516726,-0.44037,0.854587,-0.275239,-0.891395,-0.452768,0.020395,0.190179,1.111415,2.883554,7.888668346148906,10.482319478066222,-92.2272975340401,-0.018194,0.112544,-0.720359,0.684168,-0.063167,-0.989788,-0.127786,0.981598,-0.038496,-0.18704,M,BuildTutorial
6.459,0.051216,1.512771,2.679508,54.60117568233078,-7.427252159972863,-5.944028950561625,-0.460064,0.033747,0.016309,-0.887094,0.99719,-0.059987,0.044867,-0.002116,0.576151,0.817341,-0.0363,1.151002,2.863697,-15.086714272676968,-4.606594907546176,110.95995319058058,-0.10716,0.085497,0.813148,0.565683,-0.33704,0.901644,-0.271003,-0.938291,-0.345387,0.017807,0.190225,1.1092,2.88348,8.168973912833085,10.865527625902592,-89.69620498892925,-0.016328,0.11696,-0.70506,0.699246,-0.021578,-0.989839,-0.140544,0.982201,0.005248,-0.187762,M,BuildTutorial
6.493,0.050899,1.512909,2.679351,54.54524393954475,-7.406216931557491,-5.843812959496279,-0.4596,0.034023,0.015657,-0.887336,0.997195,-0.05906,0.045987,-0.003487,0.577046,0.816704,-0.029152,1.150597,2.86817,-15.075243587128725,-1.8861014075971148,99.40962486216937,-0.097269,0.089486,0.754633,0.642697,-0.154958,0.952593,-0.26183,-0.98741,-0.157865,0.010028,0.191055,1.106804,2.883506,8.36340101559042,11.816396893734996,-86.19714658182596,-0.017182,0.124519,-0.683298,0.719239,0.035198,-0.987187,-0.155637,0.978629,0.065618,-0.194883,M,BuildTutorial
6.526,0.050579,1.513124,2.679124,54.44114170498448,-7.406583345834939,-5.802535478131583,-0.458784,0.034259,0.015409,-0.887753,0.997178,-0.058794,0.046687,-0.004075,0.57856,0.81563,-0.021065,1.147601,2.873918,-14.668365489250696,0.8441385117315029,81.5415973985993,-0.091904,0.088895,0.648387,0.750498,0.143385,0.956885,-0.252609,-0.989564,0.142297,-0.022671,0.19196,1.102533,2.883818,9.155875059775372,12.521701497303292,-82.15349032729179,-0.01162,0.134078,-0.657628,0.741224,0.099096,-0.978016,-0.18348,0.971784,0.13478,-0.193574,M,BuildTutorial
6.559,0.050259,1.513448,2.678607,54.36644675139667,-7.522925932942669,-5.8125698297907125,-0.458226,0.035169,0.015074,-0.888012,0.997072,-0.059002,0.048646,-0.005459,0.579603,0.814881,-0.016704,1.142258,2.879793,-14.854220783173384,2.731407721090834,64.38066246585416,-0.096773,0.088845,0.530721,0.837303,0.420883,0.871554,-0.251499,-0.905945,0.41794,-0.067752,0.191512,1.097373,2.884349,9.97701726216161,12.5684923037364,-77.41220752369297,-0.00074,0.139145,-0.626642,0.766785,0.175918,-0.961204,-0.212461,0.960792,0.21464,-0.175523,M,BuildTutorial
6.593,0.049844,1.513791,2.677994,54.28406483646483,-7.77014409031303,-5.909032917407694,-0.457652,0.036754,0.014893,-0.888246,0.996855,-0.060099,0.051662,-0.007184,0.580665,0.814111,-0.009213,1.134168,2.884426,-15.373399865131576,6.159436983324656,44.33434787256579,-0.103602,0.099702,0.380035,0.913729,0.691267,0.673838,-0.260946,-0.715155,0.689681,-0.113548,0.191867,1.091241,2.884557,11.140787127036164,12.635131233344396,-70.9675962935872,0.014988,0.145183,-0.582921,0.799313,0.27825,-0.92752,-0.249567,0.936224,0.319957,-0.1453,M,BuildTutorial
6.626,0.049456,1.514204,2.677352,54.1454034269139,-8.05307115500315,-5.9928591923140875,-0.456645,0.038707,0.014517,-0.888688,0.996582,-0.061152,0.05554,-0.00955,0.58253,0.812754,-0.003262,1.124987,2.887843,-16.30004691902085,8.760736909055982,24.857954938670595,-0.121766,0.104257,0.223007,0.961546,0.878797,0.403473,-0.254806,-0.454253,0.870882,-0.187668,0.192758,1.084492,2.883645,11.933901668505154,13.057502952399304,-67.59962083510925,0.022916,0.151427,-0.559513,0.814549,0.328031,-0.904561,-0.272333,0.918441,0.372841,-0.132119,M,BuildTutorial
6.66,0.049178,1.514801,2.676788,53.980875130507854,-8.382605079993834,-6.054699898991298,-0.455436,0.041131,0.013811,-0.889211,0.996235,-0.062027,0.060568,-0.012903,0.584775,0.811093,-0.005408,1.113587,2.892236,-16.71661811847771,10.231426498355804,14.258365828644935,-0.132716,0.105507,0.135161,0.97621,0.9412,0.235886,-0.24187,-0.291896,0.928236,-0.230597,0.192064,1.080006,2.883477,11.435944610311262,12.699977060317051,-60.74076035454432,0.029792,0.145013,-0.509493,0.847644,0.438777,-0.855097,-0.276196,0.872378,0.47906,-0.09726,M,BuildTutorial
6.693,0.04904,1.515477,2.676696,53.72684937213693,-8.54025937171006,-6.097668052492528,-0.453506,0.042363,0.013718,-0.89014,0.996034,-0.062845,0.062976,-0.014003,0.588288,0.80853,-0.009863,1.10518,2.898738,-16.827553100949473,10.398849347803711,7.487919544980022,-0.139554,0.098971,0.077561,0.982198,0.968378,0.124738,-0.216067,-0.179985,0.949018,-0.258787,0.191768,1.074939,2.883017,11.559476788156724,12.836137257180187,-53.83810794635972,0.03888,0.14447,-0.457644,0.876458,0.53938,-0.790978,-0.288831,0.813446,0.5781,-0.064078,M,BuildTutorial
6.726,0.049099,1.51607,2.676672,53.50516825880795,-8.661546299922009,-6.101595981506604,-0.451806,0.043447,0.013445,-0.890956,0.995863,-0.063217,0.065269,-0.015301,0.591382,0.806247,-0.018934,1.096308,2.905231,-16.245851361699334,9.410027934918515,3.415160560128563,-0.138339,0.085363,0.040985,0.985848,0.982067,0.057193,-0.179649,-0.104429,0.958365,-0.265765,0.191093,1.06688,2.882718,12.565977222394984,13.227654613572062,-48.63705991504949,0.051919,0.149095,-0.418098,0.894578,0.60593,-0.73256,-0.310168,0.763523,0.644998,-0.031781,M,BuildTutorial
6.76,0.049204,1.516557,2.676781,53.35281744171753,-8.86620241900465,-6.241008094742703,-0.450704,0.044599,0.013846,-0.891451,0.995638,-0.064889,0.067035,-0.015515,0.593348,0.804796,-0.031713,1.088859,2.914043,-15.24560869760899,7.388104400810837,-0.184615198879798,-0.132478,0.063646,0.006953,0.989116,0.991802,-0.00311,-0.127749,-0.030617,0.964802,-0.261188,0.189916,1.058956,2.883458,13.525175188020224,13.51979036664546,-43.4816981996592,0.065322,0.15189,-0.37815,0.91086,0.667865,-0.669039,-0.326104,0.708726,0.705472,0.004123,M,BuildTutorial
6.796,0.04928,1.516789,2.676954,53.261617240335866,-9.047255695536071,-6.371664147895004,-0.450071,0.045561,0.014226,-0.891716,0.995444,-0.066383,0.06845,-0.01564,0.594468,0.803968,-0.046018,1.083595,2.920868,-15.074285086196074,5.643320583499019,-2.382335712455047,-0.131996,0.046068,-0.014128,0.990078,0.995356,-0.040137,-0.087493,0.015814,0.964755,-0.262675,0.190836,1.051821,2.880317,14.18377403589922,13.508763170419408,-37.80490500779184,0.078182,0.150138,-0.332986,0.927614,0.733158,-0.594288,-0.330607,0.64124,0.766016,0.045058,M,BuildTutorial
6.826,0.049259,1.517009,2.677144,53.189039332942365,-9.243516016513638,-6.502015556980472,-0.449586,0.046631,0.014531,-0.891901,0.995229,-0.06785,0.070114,-0.016008,0.595323,0.803327,-0.059621,1.08021,2.928369,-15.9291690638706,5.490488048203518,-4.54251310969197,-0.140173,0.041911,-0.032572,0.988703,0.994365,-0.076158,-0.073743,0.052659,0.958581,-0.279909,0.192691,1.045831,2.877519,13.83985932243426,12.733961938690909,-37.58247491151764,0.077895,0.142791,-0.330451,0.929702,0.740826,-0.592197,-0.316987,0.636687,0.769469,0.050468,M,BuildTutorial
6.86,0.04909,1.517128,2.677511,53.06531582898176,-9.45993938550339,-6.683526378423785,-0.44873,0.047699,0.015202,-0.892264,0.994987,-0.069936,0.071478,-0.015681,0.59682,0.802222,-0.074273,1.077346,2.935943,-15.951369150228777,4.699610775158382,-5.844651926033426,-0.140526,0.033483,-0.044765,0.988498,0.99375,-0.097911,-0.053614,0.07909,0.956497,-0.280818,0.19493,1.042014,2.87445,12.896767621107944,12.385970663605084,-36.3330479033609,0.072666,0.136663,-0.319511,0.934856,0.758471,-0.577532,-0.301956,0.617255,0.785264,0.048533,M,BuildTutorial
6.893,0.048802,1.517166,2.677596,53.06990928446693,-9.728071609498537,-6.850264382413211,-0.448872,0.04913,0.015446,-0.892111,0.994695,-0.071665,0.073792,-0.016547,0.596551,0.802404,-0.089717,1.075902,2.944205,-16.08134403909226,3.6290620559882503,-3.9786035579538184,-0.14081,0.026481,-0.029928,0.98923,0.996806,-0.066669,-0.043963,0.051754,0.958554,-0.280173,0.197332,1.038344,2.870774,12.292479724986451,11.520174949921088,-36.11602925049572,0.070347,0.127892,-0.316858,0.937174,0.766489,-0.575909,-0.284294,0.611896,0.789305,0.050807,M,BuildTutorial
6.926,0.048323,1.51713,2.677624,53.10644067920229,-10.072517969888915,-7.021390334649512,-0.449276,0.051111,0.015395,-0.891797,0.994301,-0.073385,0.077328,-0.018468,0.595829,0.802899,-0.104405,1.074438,2.951624,-16.605470118580172,3.066054976034548,-2.524889242710012,-0.1449,0.023286,-0.017931,0.98901,0.998272,-0.042217,-0.040864,0.02872,0.957365,-0.28745,0.198042,1.034181,2.867759,12.83933938340598,10.490738579590678,-35.26889656243824,0.078588,0.120309,-0.309524,0.93997,0.779441,-0.562978,-0.274823,0.600797,0.796037,0.073264,M,BuildTutorial
6.96,0.047606,1.517208,2.677773,53.102859253857005,-10.428087502533549,-7.232259145096761,-0.449392,0.053054,0.015645,-0.89162,0.993881,-0.075584,0.080547,-0.019785,0.595603,0.803035,-0.116373,1.071204,2.959919,-16.47898766541099,3.5639181712636403,-5.700644173314021,-0.144595,0.023614,-0.044739,0.988197,0.994882,-0.095251,-0.033732,0.081593,0.954182,-0.287889,0.201294,1.029218,2.863886,14.243388063398676,10.632517327946116,-37.62485651339921,0.087202,0.126834,-0.32948,0.931532,0.750712,-0.591722,-0.293762,0.635963,0.767677,0.078884,M,BuildTutorial
6.994,0.046762,1.517368,2.678146,53.01541698637212,-10.78623633919447,-7.512667430613341,-0.448898,0.054817,0.016508,-0.891747,0.993445,-0.078656,0.082945,-0.019773,0.596436,0.802417,-0.131462,1.069089,2.970181,-15.814102807787464,2.506855509265539,-5.968618732297259,-0.138475,0.014477,-0.04855,0.989069,0.994867,-0.100049,-0.015192,0.09203,0.956935,-0.275328,0.203042,1.025642,2.86078,14.918581865471166,9.909176552552276,-40.31916890190896,0.0919,0.124963,-0.350968,0.92345,0.722412,-0.625234,-0.295302,0.67117,0.736752,0.082015,M,BuildTutorial
7.026,0.045704,1.517532,2.678449,52.940196478659566,-11.136796503969446,-7.84267449975105,-0.448529,0.05632,0.017779,-0.891815,0.993024,-0.082234,0.084506,-0.018811,0.597011,0.802012,-0.146225,1.066968,2.979505,-15.171333993469997,0.6748753652846137,-4.91435333825332,-0.132135,0.000173,-0.04172,0.990353,0.996519,-0.08268,0.010683,0.082589,0.9616,-0.261734,0.203509,1.023398,2.858586,15.233577892837502,9.186786379083308,-40.15548992518446,0.096842,0.11991,-0.349143,0.924307,0.727442,-0.622205,-0.289291,0.668655,0.737442,0.095292,M,BuildTutorial
7.06,0.044511,1.517654,2.678847,52.84542886944435,-11.488838110847452,-8.205090961467022,-0.448034,0.05773,0.019321,-0.891942,0.992588,-0.086197,0.085671,-0.017263,0.597785,0.801471,-0.160011,1.064675,2.989475,-14.382640938889796,-0.9983197162361204,-5.549469625305155,-0.124613,-0.014693,-0.049116,0.99088,0.994744,-0.093675,0.041358,0.100998,0.964118,-0.24551,0.20605,1.022626,2.855896,15.094007783248491,9.63773873164301,-41.04302918766459,0.093376,0.123873,-0.356627,0.921278,0.714945,-0.633973,-0.294844,0.68024,0.728196,0.083698,M,BuildTutorial
7.093,0.04322,1.517784,2.679284,52.70270583852748,-11.826336870939985,-8.588778124807844,-0.447186,0.058996,0.021143,-0.892243,0.992145,-0.090493,0.086368,-0.015035,0.599156,0.800491,-0.173043,1.064885,2.998401,-14.71149313837511,-3.1514940158603553,-4.073950780384527,-0.126931,-0.031804,-0.038757,0.990644,0.994973,-0.068715,0.072852,0.084862,0.964773,-0.249021,0.208808,1.022359,2.853203,14.582556389271982,10.051687878497894,-41.72748270128624,0.087188,0.126225,-0.362298,0.919351,0.705614,-0.644148,-0.295267,0.688169,0.722276,0.068851,M,BuildTutorial
7.126,0.041698,1.517945,2.679883,52.56854275199544,-12.088049620066698,-8.919302506455415,-0.446371,0.059879,0.022845,-0.89255,0.991785,-0.094237,0.086496,-0.012676,0.600463,0.799552,-0.185002,1.063831,3.007389,-14.293731682458422,-5.106167065661539,-3.2698609709847046,-0.122978,-0.047727,-0.033821,0.990684,0.993157,-0.055273,0.102884,0.07875,0.967465,-0.240437,0.209312,1.022309,2.851271,14.175850422724086,9.898933923311754,-39.90878388103445,0.086333,0.122431,-0.347408,0.92567,0.728637,-0.62203,-0.286647,0.66431,0.743709,0.074766,M,BuildTutorial
7.159,0.040131,1.518099,2.680664,52.42084521664201,-12.155254943311215,-9.13624276851579,-0.445357,0.059709,0.02444,-0.893026,0.991675,-0.096835,0.084875,-0.009533,0.602121,0.798348,-0.193965,1.063984,3.015682,-14.659689140299731,-6.123495193957507,-4.703672701146408,-0.125118,-0.058159,-0.047451,0.989299,0.988732,-0.079333,0.126948,0.10844,0.964188,-0.242038,0.209695,1.022453,2.849621,13.986926306002898,9.788172223338394,-39.996311600191554,0.085038,0.121061,-0.347969,0.925759,0.728524,-0.623682,-0.283328,0.664861,0.743372,0.073199,M,BuildTutorial
7.192,0.038438,1.518173,2.681436,52.298841218645194,-12.064726890538898,-9.164955219412107,-0.444409,0.059017,0.025153,-0.893524,0.991769,-0.097405,0.083109,-0.007506,0.603736,0.797149,-0.201439,1.064918,3.022815,-14.825396512628007,-7.509214011331976,-3.572118541948718,-0.126652,-0.068917,-0.039285,0.98877,0.987414,-0.060231,0.146238,0.095145,0.964832,-0.245044,0.210571,1.022145,2.84747,14.26124817775675,10.084212917166942,-40.668728047960904,0.085641,0.124742,-0.353706,0.923037,0.718663,-0.631601,-0.290866,0.674333,0.735116,0.069856,M,BuildTutorial
7.226,0.036672,1.518072,2.682257,52.2673320912554,-11.928121153781088,-9.083925425298856,-0.444094,0.058298,0.025086,-0.89373,0.991944,-0.096621,0.081925,-0.006939,0.604302,0.796725,-0.206662,1.064587,3.029057,-14.308148501214315,-8.875038629654972,-2.7538542258017418,-0.122284,-0.079731,-0.033404,0.988723,0.985054,-0.046556,0.165834,0.085555,0.967862,-0.236482,0.210903,1.022084,2.846179,14.419006844043029,10.35457193644224,-39.877247676302744,0.086965,0.12678,-0.347583,0.92496,0.726226,-0.620949,-0.294988,0.665051,0.743247,0.072746,M,BuildTutorial
7.259,0.034986,1.517805,2.68294,52.27504238503089,-11.754693421088584,-8.909876640613227,-0.444028,0.057612,0.024392,-0.893826,0.992172,-0.094766,0.081328,-0.007559,0.604489,0.796578,-0.20955,1.064636,3.034699,-13.906439411193016,-9.617134531656724,-2.7412225546470848,-0.118608,-0.086072,-0.033805,0.988626,0.982898,-0.046423,0.178205,0.087258,0.969579,-0.228699,0.210856,1.022137,2.844995,14.338345452786683,10.441120013963898,-39.25009398660771,0.086741,0.126776,-0.342551,0.926856,0.733173,-0.612998,-0.294433,0.656985,0.750269,0.073939,M,BuildTutorial
7.293,0.033254,1.517551,2.68351,52.410593013039154,-11.544536771109165,-8.674327004749845,-0.444916,0.056753,0.023223,-0.893471,0.99248,-0.091999,0.08075,-0.009002,0.603021,0.797674,-0.209807,1.065962,3.038446,-14.097582153283062,-9.810663745329888,-1.6546937724586088,-0.121027,-0.08662,-0.02477,0.988553,0.983767,-0.028006,0.177252,0.069939,0.969478,-0.234992,0.210815,1.02202,2.84381,14.332317682320948,10.602353069569036,-39.60031613343725,0.085818,0.128326,-0.345501,0.925633,0.728323,-0.617589,-0.296865,0.66164,0.746529,0.070199,M,BuildTutorial
7.326,0.031653,1.517331,2.684049,52.54408868561812,-11.316063745026907,-8.362601924530193,-0.445751,0.056055,0.021539,-0.893141,0.992788,-0.088448,0.080927,-0.011498,0.601684,0.798651,-0.206646,1.06591,3.040648,-14.136124498379983,-9.476588092680432,-1.7056858841507625,-0.121394,-0.083793,-0.024884,0.988748,0.984719,-0.028865,0.171743,0.069553,0.969289,-0.235885,0.210743,1.02204,2.842822,14.158690699771592,10.89587401935581,-39.00129759430296,0.084198,0.129768,-0.340806,0.92732,0.734023,-0.61022,-0.298064,0.653925,0.753524,0.067706,M,BuildTutorial
7.359,0.03024,1.517203,2.684548,52.54105289146765,-11.12793985537704,-8.134396713913366,-0.445582,0.055479,0.020495,-0.893286,0.993004,-0.086056,0.080853,-0.012826,0.602074,0.798338,-0.202501,1.065213,3.041405,-13.932008843773154,-9.406496336985926,-0.9404586828057816,-0.1202,-0.082379,-0.018063,0.989161,0.985775,-0.015931,0.167314,0.055539,0.970451,-0.234819,0.210682,1.02185,2.841907,13.918608463867276,11.136108843429902,-38.41987774867123,0.082188,0.130629,-0.336167,0.929071,0.739856,-0.603173,-0.297986,0.646118,0.760474,0.064891,M,BuildTutorial
7.393,0.028882,1.517091,2.684784,52.613312107442546,-10.950882763163264,-7.982365150104345,-0.446037,0.054624,0.019925,-0.893124,0.993239,-0.084319,0.079797,-0.013137,0.601308,0.798909,-0.197633,1.063398,3.041011,-13.413031390598023,-9.234915176912278,-0.074038653128092,-0.116353,-0.080027,-0.010041,0.989928,0.98699,-0.001257,0.160778,0.038502,0.972723,-0.228754,0.210117,1.021578,2.84145,13.920909295349404,11.329590069995987,-38.640862622441055,0.081384,0.132361,-0.338097,0.928196,0.736342,-0.606097,-0.300746,0.649185,0.758134,0.061579,M,BuildTutorial
7.426,0.027749,1.517005,2.68485,52.65898750790336,-10.753957523208106,-7.858306562332514,-0.446298,0.053531,0.019679,-0.893065,0.993494,-0.082932,0.078048,-0.012632,0.600862,0.799253,-0.192559,1.061677,3.040036,-13.194596439811122,-8.74008372618754,0.2330448654497121,-0.11471,-0.07546,-0.00674,0.990506,0.988521,0.003959,0.151033,0.030665,0.973593,-0.226224,0.20951,1.02085,2.841107,14.063991522178132,11.502498396421707,-38.2633271672746,0.082484,0.133884,-0.335228,0.928921,0.739394,-0.600714,-0.304038,0.644887,0.761637,0.063479,M,BuildTutorial
7.459,0.026781,1.516992,2.684942,52.66176592673872,-10.574300663320413,-7.7461773186133875,-0.446237,0.052565,0.019502,-0.893157,0.993713,-0.081749,0.076492,-0.012076,0.600985,0.799169,-0.188158,1.059569,3.038234,-13.052295627111882,-8.73260175338359,0.9209762275401095,-0.113931,-0.074726,-0.000691,0.990674,0.988831,0.015659,0.148215,0.018395,0.974038,-0.225635,0.208728,1.02011,2.840807,14.163340901392273,11.674329608039834,-37.78039737002405,0.083364,0.135197,-0.331483,0.929996,0.743682,-0.594013,-0.306733,0.639096,0.76634,0.065425,M,BuildTutorial
7.493,0.025902,1.517088,2.684965,52.657534942096966,-10.317933655737466,-7.623240496252122,-0.446105,0.051049,0.019546,-0.89331,0.994024,-0.080467,0.073765,-0.010625,0.601216,0.799016,-0.184456,1.056923,3.035857,-12.728120199536445,-8.627741156658054,1.261812445949212,-0.111348,-0.073535,0.002575,0.991054,0.989172,0.02148,0.14518,0.011272,0.97519,-0.221082,0.207712,1.020326,2.840837,14.08017158658137,11.751967207770594,-37.91431429324723,0.0823,0.1357,-0.332585,0.929624,0.741946,-0.596021,-0.307044,0.640693,0.765229,0.062752,M,BuildTutorial
7.525,0.025009,1.51724,2.684846,52.60525342315417,-10.124662449034725,-7.473876089669278,-0.445601,0.050168,0.019183,-0.893619,0.99423,-0.078995,0.072567,-0.010426,0.602143,0.79832,-0.180932,1.053854,3.033116,-12.374114619682496,-8.435463607330485,1.4875997422730056,-0.108423,-0.071717,0.004945,0.991502,0.989665,0.025357,0.141142,0.005745,0.97644,-0.215712,0.206163,1.020655,2.84102,13.992979591122008,11.646934318916374,-38.4881563135207,0.081216,0.135021,-0.337119,0.928183,0.736241,-0.603884,-0.305408,0.647748,0.75951,0.05973,M,BuildTutorial
7.56,0.024149,1.517351,2.684744,52.5831898474851,-9.952981167667748,-7.266939335354239,-0.445312,0.049652,0.018257,-0.893812,0.994403,-0.076858,0.072499,-0.011585,0.602728,0.797863,-0.179504,1.050928,3.030664,-11.985947316935365,-8.879615343521595,1.5833929562418452,-0.105147,-0.075543,0.005619,0.991567,0.988523,0.02703,0.14863,0.004742,0.977825,-0.209369,0.204746,1.021709,2.841338,13.685314749065723,11.545104867102053,-37.90484023765587,0.079679,0.132949,-0.332168,0.930398,0.743979,-0.59691,-0.300325,0.639283,0.766632,0.059944,M,BuildTutorial
7.592,0.023149,1.517445,2.684655,52.55394538737066,-9.898770896704892,-7.173557134032778,-0.445036,0.049616,0.017766,-0.893961,0.994445,-0.075925,0.072896,-0.012398,0.603255,0.797452,-0.178644,1.048157,3.028614,-11.566183454651377,-9.212956288915128,2.1652043251661093,-0.101929,-0.077991,0.010646,0.991673,0.987608,0.037014,0.152512,-0.005216,0.978994,-0.203822,0.20318,1.022682,2.84202,13.34010211079524,11.391439135850533,-37.63164080983817,0.077609,0.130583,-0.329674,0.931794,0.748526,-0.594108,-0.294524,0.634646,0.770583,0.058532,M,BuildTutorial
7.626,0.021945,1.51749,2.684583,52.572393535341455,-10.012449644191303,-7.149520900998826,-0.445186,0.050581,0.01712,-0.893845,0.994297,-0.075641,0.075181,-0.014432,0.603033,0.797586,-0.177646,1.045988,3.026388,-11.52733372196834,-9.360376363075943,2.2078446521796984,-0.101636,-0.079238,0.010912,0.991601,0.987205,0.037748,0.154926,-0.005534,0.979102,-0.203294,0.201441,1.023114,2.842709,13.299768559643658,11.177691390984998,-37.83018835307201,0.07767,0.128871,-0.331124,0.931513,0.747499,-0.596873,-0.291527,0.636911,0.768649,0.059358,M,BuildTutorial
7.659,0.020676,1.517488,2.684507,52.61012466310142,-10.220749028738943,-7.141131297687127,-0.445505,0.052207,0.01621,-0.893609,0.994023,-0.075488,0.078862,-0.017545,0.602526,0.797907,-0.176801,1.043712,3.024801,-11.236727165271542,-9.408378516538969,1.974672827120043,-0.098964,-0.079924,0.009063,0.991835,0.98706,0.033797,0.156748,-0.002159,0.980248,-0.197761,0.199941,1.023164,2.843394,13.335490196140356,11.083031185133994,-37.7275539154808,0.078351,0.128128,-0.330242,0.931872,0.749048,-0.595408,-0.290547,0.635563,0.769603,0.061401,M,BuildTutorial
7.692,0.019386,1.517413,2.684419,52.65142061165491,-10.394143826123416,-7.140778509303504,-0.445849,0.053526,0.015494,-0.893372,0.99379,-0.075413,0.081822,-0.020046,0.601958,0.798276,-0.176717,1.042194,3.023761,-11.037410183087626,-9.532106559434936,2.1061582531108733,-0.097342,-0.080927,0.010241,0.991903,0.986692,0.036071,0.158549,-0.004561,0.980839,-0.194766,0.198379,1.023398,2.843891,13.240747044203305,10.953838820444687,-37.72818185113673,0.077946,0.126822,-0.330115,0.932129,0.749881,-0.595649,-0.287891,0.63519,0.769897,0.061579,M,BuildTutorial
7.726,0.018113,1.517297,2.684502,52.668107882487185,-10.53848601657733,-7.0627273162100215,-0.44596,0.054941,0.014308,-0.89325,0.993554,-0.074564,0.085391,-0.023443,0.601829,0.798281,-0.176724,1.041393,3.023149,-10.925245379626103,-9.568539897455064,2.3864114301209636,-0.096573,-0.081032,0.012719,0.99194,0.986544,0.040883,0.1583,-0.009582,0.981024,-0.193651,0.196487,1.023258,2.844543,13.271349685791002,10.702442820752848,-37.82349214392839,0.078817,0.124925,-0.330732,0.932093,0.750021,-0.596853,-0.285019,0.636238,0.768809,0.064297,M,BuildTutorial
7.759,0.016905,1.517241,2.684808,52.639798561938136,-10.725120794053604,-7.044891304816265,-0.445755,0.056489,0.01347,-0.89327,0.993255,-0.074426,0.088912,-0.026296,0.602243,0.79788,-0.176958,1.041388,3.023087,-11.085100942064214,-9.41715434093796,2.1788331096364004,-0.097795,-0.079859,0.010933,0.991937,0.987006,0.037309,0.156291,-0.006069,0.980633,-0.19576,0.194806,1.022912,2.844973,13.352867197880128,10.517318109742083,-37.70327515680568,0.080149,0.123556,-0.329661,0.932542,0.752115,-0.59504,-0.283285,0.634651,0.769799,0.068021,M,BuildTutorial
7.792,0.015739,1.517143,2.685239,52.64611812340079,-10.873808544121587,-7.071523612344824,-0.445834,0.057539,0.013093,-0.893168,0.993036,-0.074695,0.09111,-0.027917,0.602121,0.797917,-0.177193,1.042156,3.023616,-11.364260210599872,-9.36376642763864,2.0626878608026415,-0.100125,-0.079433,0.009771,0.991751,0.98719,0.035287,0.155598,-0.003474,0.979759,-0.20015,0.193541,1.022528,2.845182,13.429571675759528,10.542636138151316,-37.96919555762582,0.080417,0.124156,-0.331874,0.931653,0.74889,-0.598415,-0.284718,0.638352,0.766785,0.067433,M,BuildTutorial
7.826,0.0147,1.516944,2.685622,52.69377317504487,-10.924401414006446,-7.006021670449974,-0.446176,0.058148,0.012339,-0.892969,0.992933,-0.073926,0.092839,-0.029852,0.601549,0.798278,-0.177344,1.042152,3.023882,-11.038527524997765,-9.668435863704758,2.686022684237134,-0.097778,-0.081613,0.015143,0.991741,0.98622,0.045995,0.158917,-0.014075,0.98042,-0.196413,0.192068,1.02227,2.845607,13.443664295764666,10.495472052538103,-37.96368016061548,0.080675,0.123807,-0.331802,0.931703,0.749159,-0.598305,-0.284239,0.638258,0.766798,0.068172,M,BuildTutorial
7.859,0.013825,1.516726,2.686122,52.78774032261274,-10.93301100933221,-6.91365754324679,-0.446858,0.058496,0.011494,-0.892617,0.992892,-0.072798,0.094156,-0.031759,0.600372,0.79909,-0.177622,1.042637,3.024714,-11.016907784784207,-9.640994782036792,2.591324448539816,-0.09752,-0.081462,0.014363,0.99179,0.986315,0.044378,0.158785,-0.012601,0.980567,-0.19578,0.190565,1.021914,2.845768,13.435407656010698,10.293817637115058,-37.74977305036996,0.081419,0.121993,-0.329916,0.932547,0.752546,-0.595459,-0.281251,0.63519,0.769053,0.071359,M,BuildTutorial
7.893,0.01304,1.516487,2.68672,52.857735013753576,-10.871963964183967,-6.758664963434232,-0.447315,0.058567,0.010457,-0.892396,0.992921,-0.071058,0.095174,-0.033732,0.599601,0.799588,-0.178736,1.043552,3.026242,-11.197554842086202,-9.664765951390423,2.441538668532686,-0.098979,-0.081749,0.012911,0.991642,0.986301,0.041788,0.159577,-0.009422,0.980073,-0.198415,0.189141,1.021202,2.846035,13.577320989694684,10.161049783819855,-37.41266696450651,0.083321,0.121052,-0.327133,0.933482,0.756661,-0.590573,-0.280513,0.630918,0.772083,0.076357,M,BuildTutorial
7.926,0.012421,1.51623,2.687274,52.9596185094996,-10.808516451447751,-6.629231636380705,-0.448032,0.058495,0.009599,-0.89205,0.992972,-0.06954,0.09576,-0.03529,0.59835,0.800457,-0.178627,1.043661,3.026597,-11.214792013455776,-9.903292901743509,2.5184316877571313,-0.099211,-0.083742,0.013357,0.991447,0.985618,0.043101,0.163401,-0.009868,0.979958,-0.198962,0.188186,1.02064,2.846046,13.814907876188943,10.128427407363109,-37.59783678893237,0.085167,0.121561,-0.32871,0.932695,0.754345,-0.592466,-0.28275,0.633879,0.769392,0.078953,M,BuildTutorial
7.959,0.011878,1.516051,2.687932,53.05961889310706,-10.697120920518636,-6.463661214711387,-0.448713,0.058195,0.008651,-0.891737,0.993077,-0.067654,0.096025,-0.036796,0.597164,0.801275,-0.179721,1.044119,3.027787,-11.257354622475257,-10.16993462046531,2.502761060605558,-0.099598,-0.086051,0.012957,0.991215,0.984855,0.042827,0.168009,-0.008545,0.979825,-0.199675,0.187194,1.02038,2.846231,13.820697766009204,10.02254864750432,-37.75642874329411,0.085351,0.120833,-0.329924,0.932344,0.753099,-0.594578,-0.281635,0.635831,0.767731,0.079421,M,BuildTutorial
7.992,0.011483,1.515901,2.688656,53.089908314463294,-10.578344863132791,-6.271832667538973,-0.448842,0.057998,0.007595,-0.891695,0.993157,-0.065609,0.096615,-0.038519,0.596966,0.801342,-0.18047,1.044331,3.029026,-11.18483194914208,-10.22261101557399,2.7282313544617223,-0.099147,-0.086331,0.014919,0.991209,0.984649,0.046695,0.168186,-0.012457,0.979895,-0.199127,0.186692,1.019909,2.846346,13.864327106749924,9.978580578290131,-37.582606908664545,0.086018,0.120463,-0.328493,0.932836,0.755163,-0.592135,-0.281256,0.633583,0.769387,0.081339,M,BuildTutorial
8.025,0.011201,1.515803,2.689399,53.10481852669868,-10.568650959088131,-6.193939401685227,-0.448917,0.058216,0.007013,-0.891647,0.993123,-0.064774,0.097521,-0.039763,0.596848,0.801368,-0.180414,1.044434,3.029475,-11.311947773802082,-10.130272602234465,2.559454531923186,-0.100108,-0.085644,0.013439,0.991193,0.984969,0.043788,0.167089,-0.009494,0.979596,-0.200754,0.186451,1.01977,2.846752,13.949575439715002,9.958625521372086,-37.59037651526199,0.086766,0.120536,-0.328573,0.932729,0.755022,-0.592022,-0.281873,0.633856,0.769023,0.082649,M,BuildTutorial
8.059,0.010948,1.51571,2.690168,53.14012244054018,-10.647708090537815,-6.21883155945657,-0.449208,0.058706,0.006864,-0.89147,0.993013,-0.06498,0.098503,-0.040504,0.59633,0.801717,-0.18132,1.044383,3.030902,-11.18123484143902,-10.16294632082088,2.3935168771607525,-0.098857,-0.086105,0.012078,0.991296,0.98488,0.040969,0.168322,-0.006921,0.980163,-0.198074,0.186406,1.019619,2.84709,13.9958070285944,9.950689206453436,-37.68796099727882,0.087065,0.12067,-0.329378,0.932399,0.753897,-0.593212,-0.282379,0.635237,0.767859,0.082867,M,BuildTutorial
8.092,0.010698,1.515462,2.690825,53.187396510725286,-10.665359956820762,-6.265296809660871,-0.449599,0.058624,0.007112,-0.891277,0.993025,-0.065392,0.098105,-0.040037,0.595621,0.802267,-0.182445,1.043853,3.03177,-10.964149880552618,-10.51957505712827,2.5371152912395294,-0.097129,-0.089124,0.013189,0.991186,0.983766,0.043458,0.174115,-0.008832,0.980784,-0.194896,0.186618,1.019408,2.847421,14.033191387970868,10.068705428539682,-37.70224794074108,0.087017,0.121742,-0.329598,0.932187,0.753088,-0.593307,-0.284334,0.635682,0.767586,0.08198,M,BuildTutorial
8.126,0.010695,1.515055,2.691365,53.30539150328834,-10.645626008450154,-6.291917803851699,-0.450524,0.058273,0.007286,-0.890831,0.993102,-0.065489,0.097258,-0.039525,0.593951,0.80353,-0.183052,1.043384,3.03253,-10.8283216593596,-10.667757800760864,2.3819055204333077,-0.095849,-0.090572,0.011833,0.991196,0.983314,0.040819,0.17728,-0.006095,0.981346,-0.192154,0.186966,1.019449,2.848315,14.10549400247916,10.204389814410996,-37.528120779751696,0.087406,0.122908,-0.328312,0.932451,0.75421,-0.590783,-0.286604,0.633755,0.769144,0.082299,M,BuildTutorial
8.159,0.010711,1.514513,2.691671,53.469060530919926,-10.624504121322383,-6.244674046324272,-0.451764,0.058166,0.006849,-0.890213,0.99314,-0.064749,0.097372,-0.040361,0.591725,0.805129,-0.184373,1.043544,3.034159,-10.707257853203185,-10.809465410613033,2.2449580323274634,-0.094707,-0.091942,0.010631,0.991193,0.982868,0.038489,0.18025,-0.003659,0.981835,-0.189701,0.187068,1.019105,2.848926,14.203262926763742,10.23986605553094,-37.36553305741744,0.088281,0.123334,-0.327054,0.932755,0.755649,-0.588345,-0.287826,0.631898,0.770485,0.084016,M,BuildTutorial
8.193,0.010652,1.513983,2.691906,53.63751431146418,-10.687545184934278,-6.226960170950269,-0.45306,0.058593,0.006305,-0.88953,0.993054,-0.06431,0.098528,-0.041875,0.589394,0.80676,-0.184976,1.044324,3.035175,-10.81597547783571,-10.911961807763928,2.327198698544043,-0.095723,-0.092733,0.011166,0.991016,0.982552,0.039885,0.181663,-0.004378,0.981425,-0.191797,0.18713,1.019273,2.849359,14.11385355755404,10.253862879040051,-37.33547402348297,0.08754,0.123186,-0.326785,0.932938,0.756073,-0.588174,-0.287062,0.631308,0.771096,0.082828,M,BuildTutorial
8.226,0.010616,1.513602,2.692226,53.71205141513695,-10.797735024651551,-6.237665014654772,-0.453647,0.059347,0.005882,-0.889184,0.992887,-0.064306,0.100204,-0.043385,0.58834,0.807449,-0.184526,1.04448,3.035253,-10.700939807238523,-11.139602874150944,2.7627487825613857,-0.09511,-0.09437,0.014841,0.990872,0.981748,0.047363,0.184195,-0.011461,0.981468,-0.191285,0.186933,1.01927,2.850139,14.081565254732528,10.179384945614125,-37.36120023123341,0.08746,0.122513,-0.326925,0.932985,0.756222,-0.588602,-0.285791,0.631462,0.770942,0.083093,M,BuildTutorial
8.259,0.010484,1.513398,2.692576,53.78116851650679,-10.981923788659827,-6.322672375800188,-0.454234,0.060384,0.005746,-0.888815,0.992642,-0.065072,0.10212,-0.044642,0.587278,0.808154,-0.184764,1.045324,3.036351,-10.777134340273124,-11.054982342164944,2.7656405984011574,-0.09576,-0.093614,0.014871,0.990881,0.982031,0.047399,0.182672,-0.011541,0.981218,-0.192558,0.186749,1.019329,2.850779,14.069196955620392,10.052901101113113,-37.23317868372335,0.087855,0.121352,-0.325781,0.9335,0.758281,-0.586911,-0.283807,0.629556,0.772296,0.084956,M,BuildTutorial
8.292,0.010305,1.513423,2.692982,53.75786729767186,-11.21745328332808,-6.4371498318506735,-0.454127,0.061776,0.005723,-0.888774,0.992302,-0.066282,0.104612,-0.045935,0.587472,0.80794,-0.184434,1.046238,3.037234,-10.96781048147762,-10.730464933769484,2.476966362114337,-0.097137,-0.090998,0.012487,0.991024,0.983127,0.042428,0.177937,-0.007071,0.980817,-0.194802,0.186782,1.019531,2.851353,14.02115178137187,10.12998911664389,-37.38316081247779,0.087082,0.121966,-0.327043,0.933051,0.756334,-0.589054,-0.284559,0.631538,0.770919,0.082728,M,BuildTutorial
8.325,0.010095,1.513587,2.693427,53.66402571323705,-11.412960763709194,-6.54678867837371,-0.453473,0.062936,0.005892,-0.889026,0.992009,-0.067556,0.10656,-0.046603,0.588655,0.80704,-0.183781,1.046696,3.037379,-11.055839125014916,-10.622514416298468,2.362247327733777,-0.097796,-0.090139,0.011514,0.991049,0.983485,0.040453,0.176412,-0.005192,0.980607,-0.195917,0.186829,1.01935,2.85189,14.01728136581734,10.183195964049755,-37.652902329245535,0.08661,0.122593,-0.329277,0.932226,0.753095,-0.592686,-0.285607,0.635157,0.76815,0.080747,M,BuildTutorial
8.36,0.010032,1.513703,2.693887,53.60122373845671,-11.567618010319082,-6.609134147974194,-0.453031,0.063942,0.005827,-0.88918,0.991755,-0.068299,0.108432,-0.047573,0.589458,0.806397,-0.182111,1.046362,3.037116,-10.994817134860842,-10.442355356087685,2.408602574030557,-0.097286,-0.088557,0.012118,0.991235,0.984022,0.041254,0.173204,-0.006792,0.980777,-0.195014,0.186142,1.019189,2.852458,13.974249686607562,10.092638615258664,-37.48575911535258,0.086695,0.121614,-0.327832,0.932856,0.755473,-0.590553,-0.28374,0.632726,0.770021,0.082009,M,BuildTutorial
8.393,0.010027,1.513696,2.694168,53.57647860703608,-11.661892201654126,-6.576089812860776,-0.452826,0.064825,0.005223,-0.889224,0.991541,-0.067997,0.110557,-0.04942,0.589843,0.806004,-0.181261,1.046556,3.037265,-11.066733933732989,-10.224113054215392,2.162007100438194,-0.097698,-0.086861,0.010113,0.991367,0.984706,0.037023,0.170246,-0.003079,0.980706,-0.195465,0.185645,1.018795,2.852668,14.068172249710807,9.996796223274314,-37.338441985720976,0.087895,0.120973,-0.326595,0.933261,0.757403,-0.58833,-0.28321,0.630862,0.771221,0.085039,M,BuildTutorial
8.425,0.010022,1.513584,2.694381,53.61200958002784,-11.744814995694712,-6.6151354878635225,-0.453126,0.065284,0.005162,-0.889038,0.991423,-0.068342,0.111402,-0.049986,0.5893,0.806367,-0.180952,1.046317,3.037509,-10.9221805405907,-10.240678268897158,1.9630781358603289,-0.096298,-0.087206,0.008492,0.991489,0.984646,0.033636,0.171292,-4.5e-05,0.981309,-0.192438,0.184578,1.018372,2.852971,14.161305220718452,9.776843096940157,-37.32482090253226,0.0893,0.11942,-0.326348,0.933414,0.758472,-0.587907,-0.281221,0.630564,0.771045,0.088762,M,BuildTutorial
8.459,0.01007,1.513402,2.694591,53.652337289270584,-11.850435717432823,-6.652541258261539,-0.453463,0.065921,0.004993,-0.88882,0.991259,-0.068661,0.112655,-0.050909,0.588694,0.806752,-0.180309,1.045816,3.037597,-10.807935182492916,-10.219544010943574,1.9023207650599376,-0.095262,-0.087099,0.008074,0.991602,0.984697,0.032607,0.171197,0.000582,0.98172,-0.190331,0.183664,1.018101,2.853272,14.165243425299131,9.59116124629532,-37.33646372421679,0.089849,0.117927,-0.326299,0.933568,0.759245,-0.588054,-0.27882,0.630436,0.770913,0.090801,M,BuildTutorial
8.493,0.010142,1.513292,2.694921,53.69670194523864,-11.942567752608872,-6.685496573831471,-0.453828,0.066467,0.004838,-0.888594,0.991118,-0.068926,0.113733,-0.051732,0.588034,0.807181,-0.180514,1.046053,3.038078,-10.901348926049671,-10.201311823831324,1.8222618747559485,-0.096008,-0.086988,0.007323,0.991545,0.984759,0.031226,0.171099,0.002181,0.981458,-0.191667,0.183089,1.017971,2.853514,14.177217374909228,9.51435860716316,-37.32959847587325,0.090173,0.117328,-0.326187,0.933652,0.759673,-0.58793,-0.277914,0.630249,0.770942,0.091838,M,BuildTutorial
8.525,0.010085,1.513265,2.695385,53.69757915174504,-11.982949163396238,-6.660844107235884,-0.453822,0.066877,0.004486,-0.888568,0.991015,-0.068673,0.114779,-0.052729,0.58805,0.807104,-0.18005,1.04591,3.038059,-10.92248813789717,-10.148832932365917,1.7500968893698778,-0.096133,-0.08659,0.006726,0.991572,0.984914,0.029987,0.170427,0.003309,0.981427,-0.19181,0.182423,1.017728,2.853901,14.226475040310143,9.40865498055919,-37.37675263340671,0.09083,0.116636,-0.326504,0.933564,0.759582,-0.588437,-0.277087,0.630813,0.77029,0.093426,M,BuildTutorial
8.558,0.010098,1.513211,2.695825,53.71320752421722,-12.079230464101164,-6.657574393395168,-0.453944,0.067623,0.004063,-0.888451,0.990821,-0.068614,0.116471,-0.054174,0.587837,0.807163,-0.179266,1.045563,3.038,-10.898312926554572,-10.022209887708629,1.5099960724123294,-0.095737,-0.0857,0.004773,0.991699,0.985265,0.025877,0.169064,0.006942,0.981623,-0.190703,0.182009,1.017467,2.854457,14.304521320314873,9.276919513102644,-37.436655278771134,0.091785,0.11582,-0.326912,0.933429,0.759429,-0.589036,-0.276231,0.631559,0.769409,0.095624,M,BuildTutorial
8.592,0.010071,1.513136,2.69615,53.75995592056412,-12.199432763488586,-6.698784559970942,-0.454333,0.068351,0.003857,-0.888198,0.990627,-0.06896,0.117913,-0.055255,0.587134,0.807602,-0.178823,1.045298,3.037856,-10.896298788401747,-9.885901893241773,1.607810242515114,-0.095786,-0.084439,0.005735,0.991798,0.985675,0.027551,0.166393,0.004801,0.981585,-0.190968,0.181961,1.017406,2.854666,14.252856441892831,9.31139600543792,-37.45923709131386,0.09124,0.11598,-0.327107,0.933394,0.759099,-0.589476,-0.276201,0.631804,0.769353,0.09445,M,BuildTutorial
8.625,0.009915,1.513023,2.696573,53.769816391658,-12.314904133516988,-6.739468525074308,-0.454437,0.069076,0.003704,-0.888089,0.99043,-0.069361,0.119324,-0.056201,0.586947,0.807672,-0.178585,1.045126,3.037802,-10.987623883966926,-9.730081202443143,1.4625948615562536,-0.096463,-0.083195,0.00454,0.991843,0.986116,0.025056,0.164157,0.007045,0.981349,-0.192108,0.181884,1.01696,2.854712,14.318481061658488,9.263162301879742,-37.59573905073935,0.091778,0.115873,-0.328201,0.932971,0.757715,-0.591134,-0.276456,0.633673,0.767722,0.095193,M,BuildTutorial
8.658,0.009872,1.512861,2.696935,53.843723162981746,-12.393169676610114,-6.768305929426016,-0.455026,0.069503,0.003538,-0.887755,0.990314,-0.069533,0.120184,-0.05697,0.585878,0.808394,-0.177939,1.044599,3.037475,-10.967360409686878,-9.589799168572412,1.4011367043762617,-0.096238,-0.082036,0.004141,0.991963,0.986506,0.024006,0.161956,0.007574,0.981442,-0.191608,0.181716,1.016532,2.855059,14.434203358622536,9.172953284509946,-37.48155486003127,0.0931,0.115358,-0.327234,0.933243,0.759221,-0.589299,-0.276245,0.632258,0.7685,0.098272,M,BuildTutorial
8.692,0.009841,1.512688,2.697264,53.89142127047579,-12.402972549360456,-6.731769616810681,-0.455371,0.069682,0.003165,-0.887565,0.990269,-0.06908,0.120812,-0.057844,0.585254,0.808784,-0.177264,1.043689,3.036709,-10.797885585026648,-9.639475649265265,1.3247068899761745,-0.094718,-0.082559,0.003563,0.992069,0.986343,0.022709,0.163133,0.00857,0.982032,-0.188521,0.181542,1.016364,2.855472,14.471364491639662,9.158033303414054,-37.42331596439788,0.093506,0.115289,-0.326759,0.933378,0.759874,-0.588418,-0.276325,0.631539,0.768971,0.09921,M,BuildTutorial
8.725,0.009841,1.512575,2.697493,53.92752903232474,-12.39343290179903,-6.668716070161616,-0.45561,0.069827,0.002676,-0.887432,0.990234,-0.068377,0.121495,-0.058879,0.584824,0.80902,-0.178185,1.0432,3.037057,-10.61446268729532,-9.91054310195358,1.3588638208934345,-0.093164,-0.084909,0.003774,0.992017,0.985553,0.023309,0.167758,0.008333,0.982612,-0.185482,0.181515,1.016124,2.855756,14.528141606547695,9.1456037198266,-37.29024261978299,0.094141,0.115231,-0.325682,0.933698,0.761307,-0.58648,-0.276501,0.629872,0.770138,0.100741,M,BuildTutorial
8.758,0.009842,1.512541,2.697607,53.97044239048117,-12.416859602114483,-6.60181419371931,-0.4559,0.070237,0.002019,-0.887253,0.990126,-0.067625,0.122794,-0.060458,0.584302,0.809281,-0.179269,1.043164,3.037249,-10.668000600207083,-10.142836707297391,1.4462687113645436,-0.093701,-0.086839,0.0043,0.991797,0.984881,0.024804,0.171446,0.007744,0.982403,-0.186611,0.181515,1.015884,2.855917,14.648643244299723,9.08017065587967,-37.39230216515233,0.095213,0.115105,-0.326495,0.93332,0.760304,-0.587529,-0.277033,0.631367,0.768671,0.102566,M,BuildTutorial
8.793,0.009792,1.512595,2.697745,53.95644858929287,-12.42748567243378,-6.5245001238972185,-0.455745,0.070639,0.001393,-0.887302,0.990017,-0.066858,0.124086,-0.061914,0.58459,0.808963,-0.179622,1.042709,3.036862,-10.531091556273754,-10.422911351088931,1.428657692175063,-0.092513,-0.089302,0.004028,0.991691,0.984018,0.024513,0.176375,0.008534,0.98285,-0.184209,0.181388,1.015973,2.856284,14.602515420694388,9.002626879036313,-37.46506884426913,0.094983,0.11441,-0.32701,0.933249,0.75995,-0.588628,-0.275667,0.632097,0.768086,0.10246,M,BuildTutorial
8.825,0.00973,1.512642,2.697836,53.92051299022264,-12.513787084622116,-6.511041221960577,-0.455461,0.071392,0.000984,-0.887388,0.989805,-0.066778,0.125808,-0.063286,0.585108,0.808482,-0.180164,1.042563,3.036789,-10.558052089875185,-10.44066043794684,1.2662922795108458,-0.09262,-0.089582,0.002587,0.99166,0.983937,0.021724,0.177191,0.011464,0.98283,-0.18416,0.181221,1.016165,2.85666,14.587005839677374,8.914705237759271,-37.24578828205069,0.095324,0.11347,-0.325146,0.93398,0.762809,-0.585727,-0.273947,0.628993,0.770386,0.104273,M,BuildTutorial
8.858,0.009597,1.512705,2.697837,53.88460514793324,-12.600518850321032,-6.545272339765229,-0.455207,0.071959,0.000943,-0.887473,0.989642,-0.067185,0.126865,-0.063839,0.585572,0.808103,-0.180792,1.042764,3.037195,-10.618572478242085,-10.33300186071586,1.06452585501602,-0.092985,-0.088804,0.00088,0.991699,0.984226,0.018261,0.175971,0.014769,0.982706,-0.184582,0.181092,1.016146,2.85691,14.61536995719829,8.86030434291027,-37.37345911505235,0.095585,0.113209,-0.326149,0.933635,0.761621,-0.587366,-0.273742,0.630651,0.76898,0.104637,M,BuildTutorial
8.892,0.009504,1.512782,2.697769,53.86197377281858,-12.692965186555734,-6.5494983283925,-0.455036,0.072678,0.000633,-0.887502,0.989435,-0.067266,0.128428,-0.065018,0.585883,0.807783,-0.180606,1.042432,3.03685,-10.471570863754147,-10.289639471740244,1.0159070377758914,-0.091675,-0.08849,0.00061,0.991849,0.984338,0.017435,0.175425,0.015014,0.983191,-0.181963,0.18091,1.016007,2.857307,14.685261790651714,8.858204859582019,-37.27764983804207,0.096259,0.113299,-0.325386,0.933821,0.762574,-0.585893,-0.274244,0.629517,0.769716,0.106046,M,BuildTutorial
8.925,0.009494,1.512912,2.697665,53.826250528369336,-12.700775497258055,-6.504870100456443,-0.454733,0.072947,0.000295,-0.887636,0.989357,-0.066867,0.129232,-0.065819,0.586436,0.807317,-0.181104,1.042591,3.036823,-10.480819428507385,-10.463971782799057,1.2174103717038125,-0.091914,-0.089836,0.002207,0.991704,0.983849,0.020893,0.177776,0.012136,0.983094,-0.182699,0.180806,1.016248,2.857598,14.66892785136034,8.80383386256664,-37.33693831762878,0.096221,0.112862,-0.325819,0.933727,0.762209,-0.586732,-0.273466,0.630171,0.769168,0.106143,M,BuildTutorial
8.959,0.009496,1.51303,2.697511,53.78194263824558,-12.667997614437486,-6.414273920308391,-0.454334,0.073091,-0.000229,-0.887828,0.989315,-0.066009,0.129992,-0.066821,0.587162,0.806707,-0.182047,1.042927,3.037242,-10.436343996289729,-10.733580389869706,1.3204696047971105,-0.091617,-0.092094,0.002919,0.991522,0.98302,0.022664,0.182092,0.011085,0.983196,-0.182218,0.1805,1.016446,2.858093,14.56179055999342,8.665016766833192,-37.30064645735992,0.095772,0.111413,-0.325378,0.934101,0.763433,-0.586531,-0.270466,0.629212,0.769914,0.106419,M,BuildTutorial
8.992,0.009634,1.513235,2.697407,53.74031224914117,-12.620310174184151,-6.298811858190593,-0.45394,0.073215,-0.00089,-0.888019,0.989278,-0.06489,0.130841,-0.068051,0.587875,0.806085,-0.182158,1.043104,3.037236,-10.382945326410145,-11.00020492433846,1.473885102977177,-0.091288,-0.094288,0.004078,0.991342,0.982186,0.0253,0.186198,0.009129,0.9833,-0.181764,0.180471,1.016324,2.858429,14.60408856160044,8.726407175247397,-37.25322899733779,0.095991,0.111987,-0.325054,0.934122,0.763598,-0.585781,-0.271624,0.62878,0.770252,0.106531,M,BuildTutorial
9.026,0.009769,1.513358,2.697307,53.69519565742104,-12.576669382184168,-6.237788286320911,-0.453554,0.073157,-0.001142,-0.888221,0.989294,-0.064333,0.130995,-0.06839,0.588575,0.805545,-0.182723,1.043785,3.03753,-10.362904901860936,-11.30083128333384,2.0961774913611686,-0.09165,-0.096396,0.009238,0.991072,0.981245,0.03598,0.189378,-0.000641,0.98303,-0.183445,0.180741,1.016425,2.858631,14.623999542181656,8.805654227115907,-37.28744573393105,0.095896,0.112715,-0.325405,0.933923,0.762814,-0.586188,-0.272944,0.629423,0.769832,0.105762,M,BuildTutorial
9.059,0.009873,1.51347,2.697137,53.68746135746005,-12.579129907494105,-6.2121804870711514,-0.453478,0.073284,-0.001342,-0.888249,0.989255,-0.064081,0.131406,-0.06885,0.588713,0.805405,-0.182197,1.044288,3.037583,-10.43181093492066,-11.282064082612056,1.9947533662370396,-0.092159,-0.096299,0.008316,0.991042,0.981315,0.034233,0.18934,0.001267,0.982875,-0.184268,0.180765,1.016724,2.85889,14.552885746849054,8.708180933576623,-37.43629134209924,0.095444,0.111854,-0.326517,0.933684,0.76175,-0.588376,-0.271201,0.631079,0.768554,0.105185,M,BuildTutorial
9.092,0.009979,1.513596,2.697102,53.657798002544055,-12.58923323549145,-6.17791992009657,-0.453227,0.073523,-0.001616,-0.888356,0.989184,-0.063774,0.132094,-0.069516,0.589165,0.805017,-0.181749,1.044663,3.037699,-10.32216951078494,-11.483476950297034,1.950716377675913,-0.091188,-0.098101,0.00787,0.990959,0.980629,0.033488,0.192993,0.002295,0.983246,-0.182272,0.180699,1.017018,2.859146,14.471020771187646,8.637351187500037,-37.30549016465191,0.095101,0.110948,-0.32537,0.934227,0.76365,-0.586837,-0.269187,0.629042,0.77018,0.105494,M,BuildTutorial
9.125,0.010142,1.513639,2.696945,53.61963871410337,-12.631515196752664,-6.1908872109878885,-0.452941,0.073832,-0.001642,-0.888477,0.989092,-0.063965,0.132684,-0.069801,0.589684,0.804613,-0.181396,1.045561,3.037874,-10.418841758778644,-11.460463886380031,2.5691776576671064,-0.092549,-0.097382,0.013151,0.990847,0.980688,0.044087,0.190548,-0.008037,0.982523,-0.185965,0.180751,1.016911,2.859271,14.561275171515128,8.666917317037646,-37.355546211482114,0.095709,0.111473,-0.325827,0.933944,0.762821,-0.58727,-0.270587,0.629946,0.769353,0.106131,M,BuildTutorial
9.159,0.010271,1.513641,2.696862,53.6243179292494,-12.704989396853207,-6.235829700699213,-0.453005,0.07422,-0.001589,-0.888412,0.988978,-0.06442,0.133317,-0.070068,0.589568,0.804674,-0.180643,1.04609,3.038195,-10.440813840375643,-11.299903062540784,2.6020781296360793,-0.092748,-0.095961,0.013546,0.990962,0.981216,0.044647,0.187675,-0.009047,0.982429,-0.186418,0.180901,1.016806,2.859328,14.596891169302776,8.646600239841561,-37.41404934253242,0.096002,0.111452,-0.326296,0.933752,0.762219,-0.58796,-0.270787,0.630758,0.768629,0.106551,M,BuildTutorial
9.192,0.010479,1.513641,2.696878,53.63108674246644,-12.730385965337572,-6.271518177677453,-0.45308,0.07427,-0.00142,-0.88837,0.988964,-0.064778,0.133245,-0.069823,0.589434,0.804793,-0.179612,1.046422,3.038293,-10.441923025708228,-11.176681488879629,2.4500598006864713,-0.092617,-0.095018,0.01233,0.991081,0.981639,0.04204,0.186056,-0.006839,0.98254,-0.185925,0.18092,1.016869,2.859525,14.498975522271856,8.585340886081086,-37.229913195191855,0.095551,0.110536,-0.324718,0.934457,0.764681,-0.585745,-0.268637,0.627993,0.770857,0.106791,M,BuildTutorial
9.226,0.010663,1.513597,2.69692,53.650389173118086,-12.706633560668248,-6.250339947486461,-0.453215,0.074153,-0.001511,-0.88831,0.988998,-0.064529,0.133112,-0.0699,0.589187,0.804967,-0.179409,1.046965,3.038851,-10.460771855248067,-11.11183258353116,2.6662410965480507,-0.092951,-0.094277,0.014236,0.991095,0.981818,0.045745,0.184228,-0.010693,0.982315,-0.18693,0.180796,1.016778,2.859515,14.507656241722698,8.56736950062128,-37.3058041872666,0.0956,0.110476,-0.325324,0.934248,0.763918,-0.586744,-0.268626,0.62899,0.770049,0.106748,M,BuildTutorial
9.258,0.010907,1.513635,2.697088,53.64600995708253,-12.637919120104533,-6.197008667138848,-0.453148,0.073835,-0.001648,-0.888371,0.989091,-0.063989,0.132679,-0.069844,0.589309,0.804883,-0.179191,1.047198,3.038984,-10.46751091702769,-11.187697409729896,2.673916005592144,-0.093025,-0.094925,0.014235,0.991026,0.981573,0.045876,0.185498,-0.010554,0.982288,-0.187083,0.180855,1.016587,2.859391,14.583152125886194,8.610117611631937,-37.39159622321698,0.096015,0.111099,-0.326079,0.933869,0.762659,-0.587695,-0.270121,0.630364,0.768908,0.106877,M,BuildTutorial
9.292,0.011231,1.513666,2.697264,53.62492812342429,-12.60961418465062,-6.206244145213622,-0.452992,0.073597,-0.001442,-0.888471,0.989163,-0.064114,0.132084,-0.06924,0.589593,0.804727,-0.179011,1.047044,3.038932,-10.377508731099612,-11.395542248049036,2.7168723840216904,-0.092309,-0.096713,0.014517,0.990916,0.980872,0.046626,0.188989,-0.010915,0.982536,-0.18575,0.181018,1.01633,2.859291,14.590624859407612,8.620931864329156,-37.351956212136656,0.096084,0.111174,-0.325767,0.933962,0.763032,-0.587144,-0.270266,0.629872,0.769287,0.107044,M,BuildTutorial
9.326,0.011551,1.513703,2.697198,53.624314116551055,-12.594500155737222,-6.226054412594748,-0.453,0.073402,-0.001228,-0.888483,0.989221,-0.06432,0.131545,-0.068684,0.589579,0.804785,-0.179551,1.047237,3.039287,-10.317478018275196,-11.5787732877282,2.9031824016606556,-0.091973,-0.098165,0.016034,0.990781,0.980213,0.049829,0.191572,-0.013714,0.982568,-0.185397,0.181208,1.016078,2.859068,14.610799887863504,8.593876927073259,-37.42256691032568,0.096258,0.111067,-0.326325,0.933762,0.762352,-0.588038,-0.270243,0.630802,0.768493,0.107276,M,BuildTutorial
9.358,0.011849,1.51366,2.697212,53.649158550520326,-12.598401599309316,-6.259707743375249,-0.453213,0.073278,-0.001009,-0.888385,0.989259,-0.064628,0.131112,-0.068214,0.589194,0.805107,-0.18016,1.047222,3.03964,-10.21017273883412,-11.755098741510649,3.0936811656381216,-0.091236,-0.09957,0.017637,0.990682,0.97955,0.053113,0.194066,-0.016776,0.98273,-0.184284,0.181664,1.015841,2.858667,14.668225623784185,8.694529282715319,-37.34714238302675,0.096516,0.111978,-0.32581,0.933806,0.762618,-0.58687,-0.272023,0.630101,0.769066,0.107288,M,BuildTutorial
9.392,0.012246,1.513606,2.697273,53.67514499740066,-12.597769122375468,-6.287730062020991,-0.453431,0.07314,-0.000817,-0.888285,0.9893,-0.064877,0.130679,-0.067779,0.588799,0.805433,-0.180542,1.046941,3.040111,-10.082408991233162,-11.76053350314214,2.954885376760216,-0.090012,-0.099766,0.016549,0.990793,0.979546,0.050754,0.194717,-0.014834,0.983248,-0.181669,0.182036,1.015563,2.858496,14.73583630531004,8.79467672807353,-37.44734729401155,0.096687,0.11306,-0.326729,0.933337,0.760931,-0.588034,-0.274227,0.631759,0.767799,0.106602,M,BuildTutorial
9.425,0.01251,1.51352,2.697374,53.68654698253581,-12.602249005093611,-6.3180351203042315,-0.453538,0.073045,-0.000612,-0.888238,0.989328,-0.065171,0.130318,-0.067344,0.588606,0.80561,-0.180514,1.046804,3.040185,-10.083628481442728,-11.704773197994625,2.7720787288572226,-0.089856,-0.099427,0.015011,0.990866,0.979778,0.047616,0.194341,-0.01188,0.983401,-0.181056,0.182086,1.015479,2.858352,14.70264353653242,8.733600343651782,-37.43402481532356,0.096602,0.112462,-0.32656,0.933477,0.761421,-0.587945,-0.273055,0.631401,0.768053,0.1069,M,BuildTutorial
9.458,0.012746,1.513433,2.697514,53.70793501976442,-12.627894825838757,-6.3736969688168985,-0.453738,0.073005,-0.000305,-0.888139,0.98934,-0.065708,0.129955,-0.066793,0.588243,0.805921,-0.180982,1.046899,3.040247,-10.071324666551597,-11.791042852213646,3.106613897089996,-0.090053,-0.099914,0.017847,0.990752,0.979398,0.053359,0.194765,-0.017369,0.983144,-0.182007,0.182332,1.015236,2.858235,14.749107428050388,8.770539472483053,-37.45912610245101,0.096853,0.112909,-0.326808,0.93331,0.760896,-0.588155,-0.274064,0.631897,0.767632,0.106989,M,BuildTutorial
9.491,0.012947,1.513387,2.697682,53.74077392191168,-12.607001628912451,-6.403176590970618,-0.45401,0.072698,-2.9e-05,-0.888026,0.98943,-0.065959,0.129141,-0.066063,0.587749,0.806342,-0.180909,1.046628,3.040109,-10.024681671446311,-11.760657068825637,3.060425650313886,-0.089605,-0.099702,0.017514,0.99082,0.979506,0.052575,0.194435,-0.01684,0.983328,-0.181057,0.182599,1.014919,2.85826,14.785966694514252,8.846969381634981,-37.27772727239067,0.097117,0.113477,-0.325405,0.933704,0.762469,-0.585622,-0.275113,0.629705,0.76936,0.107505,M,BuildTutorial
9.525,0.013151,1.513346,2.697878,53.754445891823494,-12.635385569131074,-6.465784868112173,-0.454155,0.072658,0.000329,-0.887955,0.989442,-0.06658,0.128735,-0.065412,0.587486,0.806587,-0.180916,1.04646,3.039784,-10.058592420772325,-11.93771427908331,2.8873561214818744,-0.089772,-0.101358,0.015848,0.990665,0.978951,0.049597,0.197978,-0.013201,0.98338,-0.181081,0.183011,1.014442,2.85828,14.926871025364903,8.92669599906949,-37.37315490205351,0.097951,0.114585,-0.326289,0.933173,0.760812,-0.58652,-0.277776,0.631415,0.767883,0.108034,M,BuildTutorial
9.559,0.013325,1.513315,2.698078,53.75084670025199,-12.617975412738582,-6.44489589154777,-0.454114,0.072609,0.00024,-0.88798,0.989456,-0.066371,0.128732,-0.065519,0.587562,0.806522,-0.181069,1.04587,3.039553,-9.847460192959028,-12.171554210856804,2.530116131818658,-0.087657,-0.103716,0.012775,0.990654,0.97816,0.043494,0.203253,-0.007128,0.984306,-0.176325,0.183248,1.014277,2.858212,14.937466736857097,9.002578135703526,-37.28736485263072,0.097908,0.115158,-0.325658,0.933327,0.761371,-0.585342,-0.278729,0.630441,0.768721,0.107757,M,BuildTutorial
9.592,0.013489,1.513253,2.698157,53.77508980019419,-12.622083906125216,-6.457716363485475,-0.454309,0.072569,0.000297,-0.887884,0.989467,-0.066464,0.128596,-0.06541,0.587207,0.80679,-0.181535,1.04514,3.039477,-9.50219400575597,-12.305673698140591,2.2070082203011876,-0.084392,-0.105207,0.010206,0.990811,0.977655,0.037981,0.206758,-0.002467,0.985548,-0.169381,0.183353,1.014054,2.858218,14.872663781144508,8.97713962764727,-37.30909242807627,0.097427,0.114796,-0.325795,0.933374,0.761359,-0.585809,-0.277778,0.630546,0.768731,0.107072,M,BuildTutorial
9.625,0.013602,1.513187,2.698264,53.76879178193552,-12.668793625140475,-6.498163705649277,-0.454286,0.072776,0.000432,-0.887878,0.989407,-0.066888,0.12884,-0.065356,0.587247,0.806765,-0.181586,1.04474,3.039242,-9.519172868551548,-12.3543993298457,2.1516075622593225,-0.084492,-0.105665,0.009675,0.990759,0.977483,0.037027,0.207741,-0.001316,0.985535,-0.169468,0.183304,1.013714,2.85831,14.950039868189728,8.935672526919761,-37.3086673468513,0.09818,0.114665,-0.325778,0.933318,0.761442,-0.585592,-0.278007,0.630623,0.768459,0.108557,M,BuildTutorial
9.659,0.013798,1.513166,2.698212,53.80101915153961,-12.712162854044296,-6.497624306845053,-0.454534,0.073086,0.000221,-0.887726,0.989317,-0.066832,0.12956,-0.066048,0.586798,0.807036,-0.181957,1.044673,3.039594,-9.534835800212624,-12.173356625155208,1.5507634551436746,-0.084065,-0.104538,0.004598,0.990951,0.978101,0.026689,0.206411,0.008462,0.985824,-0.16757,0.183524,1.013434,2.858239,15.11622929434012,9.005014660869563,-37.299381652335626,0.099355,0.115666,-0.325808,0.933059,0.760941,-0.585012,-0.280589,0.63098,0.767955,0.110038,M,BuildTutorial
9.692,0.013952,1.513153,2.69821,53.82346951632205,-12.7224944593117,-6.45841731669529,-0.454682,0.073302,-0.000148,-0.887633,0.989254,-0.066395,0.130266,-0.066922,0.586529,0.807159,-0.182494,1.044869,3.04004,-9.542135072571554,-12.019888884717176,1.4176981182015105,-0.084002,-0.103307,0.003553,0.99109,0.97863,0.024398,0.204176,0.010314,0.985862,-0.16724,0.183377,1.01352,2.858219,15.077214092919071,8.956325223957695,-37.28400290013494,0.099189,0.115152,-0.32563,0.933203,0.761411,-0.584913,-0.279518,0.630601,0.768254,0.110133,M,BuildTutorial
9.725,0.014055,1.513117,2.698317,53.838232897496134,-12.708647844824576,-6.44073223883953,-0.454784,0.073252,-0.000246,-0.887584,0.989268,-0.066191,0.130258,-0.067064,0.586343,0.807282,-0.182455,1.044457,3.040002,-9.322212471763228,-12.108410194669876,1.6445593250059505,-0.082309,-0.10395,0.005654,0.991155,0.978325,0.028319,0.205131,0.005905,0.986387,-0.164337,0.18282,1.013803,2.858594,14.933279102302542,8.76550989775619,-37.238931734441785,0.098595,0.113174,-0.325059,0.933706,0.763057,-0.584702,-0.27544,0.629336,0.769232,0.110541,M,BuildTutorial
9.758,0.01425,1.51304,2.698343,53.87382681893871,-12.73826035716587,-6.453651589705488,-0.455066,0.073399,-0.000302,-0.887427,0.989225,-0.066267,0.130547,-0.067338,0.58583,0.807632,-0.18299,1.044625,3.040381,-9.299725855992834,-12.1584727257672,1.7302350493770031,-0.082195,-0.104326,0.00638,0.99112,0.978151,0.029798,0.205749,0.004502,0.986407,-0.164261,0.182433,1.013721,2.858759,14.955924796092468,8.689456432049179,-37.18243811024583,0.099052,0.112566,-0.324539,0.933912,0.764007,-0.583882,-0.274546,0.628482,0.769726,0.111948,M,BuildTutorial
9.792,0.014427,1.512969,2.698386,53.87639486763547,-12.704855539530785,-6.4189318889821365,-0.455064,0.073276,-0.000441,-0.887439,0.989261,-0.065908,0.130458,-0.067474,0.585833,0.807618,-0.183626,1.044848,3.04063,-9.262365247614056,-12.38718082811606,1.8849168349699248,-0.082028,-0.106201,0.007589,0.990926,0.977328,0.032463,0.209229,0.002383,0.986428,-0.164179,0.182344,1.013622,2.85891,15.091088271588816,8.745257892898179,-37.36207600821733,0.099825,0.113538,-0.326086,0.933173,0.761554,-0.585922,-0.277005,0.631258,0.767406,0.112261,M,BuildTutorial
9.825,0.014602,1.512934,2.698358,53.91688218699938,-12.70662929787625,-6.444729583988468,-0.455392,0.073152,-0.000292,-0.887281,0.989297,-0.066108,0.130078,-0.067143,0.585236,0.808079,-0.18337,1.044673,3.0402,-9.107459922368664,-12.67881812000772,2.4419787847210577,-0.081236,-0.108363,0.012347,0.99071,0.97621,0.04207,0.212707,-0.006858,0.986497,-0.163638,0.182199,1.013666,2.858965,15.029136031981762,8.68405147063621,-37.29015179724714,0.099562,0.112811,-0.325431,0.933518,0.762737,-0.585128,-0.275423,0.630054,0.768364,0.112462,M,BuildTutorial
9.858,0.01482,1.512911,2.698331,53.90465946634456,-12.717685605809873,-6.4435316000357865,-0.455297,0.073253,-0.000332,-0.887321,0.989268,-0.066114,0.1303,-0.067293,0.58541,0.80794,-0.184626,1.045129,3.04086,-8.918153720721188,-13.13018730555915,3.2453510285031344,-0.080434,-0.111753,0.019161,0.99029,0.974288,0.055928,0.218253,-0.019973,0.986326,-0.163589,0.182291,1.013802,2.859046,14.978380925567484,8.668589779376097,-37.39050737265206,0.099091,0.112636,-0.326222,0.933313,0.761785,-0.586612,-0.274901,0.631256,0.767521,0.111477,M,BuildTutorial
9.892,0.014924,1.512947,2.698372,53.871144981479155,-12.72213104828044,-6.473155414043653,-0.455058,0.073199,-8.4e-05,-0.887448,0.989284,-0.06647,0.129997,-0.066769,0.585844,0.807669,-0.185766,1.045512,3.041059,-8.9991871437689,-13.731285613754244,3.421006707335324,-0.081412,-0.116795,0.02017,0.989608,0.971904,0.058938,0.227878,-0.020904,0.98593,-0.165844,0.182374,1.013642,2.858968,15.04170397703006,8.718061522045698,-37.43443932288272,0.099426,0.113247,-0.326639,0.933058,0.760964,-0.587027,-0.276286,0.632066,0.766843,0.111558,M,BuildTutorial
9.925,0.015072,1.513022,2.698283,53.880946263083075,-12.797262886285717,-6.550510832864406,-0.455183,0.073465,0.000206,-0.887362,0.989206,-0.067245,0.130193,-0.066515,0.585617,0.807855,-0.186449,1.045882,3.040677,-9.128497896086044,-14.38691832127243,4.204164196901842,-0.083476,-0.121843,0.026318,0.988683,0.968923,0.072383,0.236534,-0.031699,0.984678,-0.171475,0.182314,1.013436,2.858963,15.089519711225952,8.683558380279148,-37.30094834063885,0.100048,0.112978,-0.325534,0.93341,0.762527,-0.585107,-0.276048,0.63032,0.768036,0.113215,M,BuildTutorial
9.958,0.015195,1.513043,2.698365,53.882751681104104,-12.817513555639422,-6.600411985559414,-0.455229,0.073422,0.00051,-0.887342,0.989218,-0.067753,0.129837,-0.065943,0.585532,0.807963,-0.187188,1.046319,3.040983,-9.26843632596605,-14.612871925142162,4.847337355918991,-0.085427,-0.123258,0.031542,0.988188,0.967625,0.083397,0.238214,-0.041279,0.983415,-0.176612,0.182647,1.013434,2.859069,15.08924437579198,8.760389236314076,-37.37095906960344,0.099758,0.113664,-0.326171,0.933135,0.761386,-0.586045,-0.277205,0.631401,0.767322,0.112028,M,BuildTutorial
9.992,0.015393,1.513093,2.698392,53.8766362731216,-12.79130855684332,-6.608834605580961,-0.455187,0.073191,0.000686,-0.887382,0.989285,-0.067849,0.129272,-0.065414,0.585608,0.807951,-0.18769,1.046937,3.040349,-9.451308332043972,-14.902710977215987,4.351616300582615,-0.086537,-0.126049,0.026841,0.987878,0.966782,0.074847,0.244397,-0.031215,0.983582,-0.177743,0.182807,1.013065,2.858903,15.189476476330364,8.836541431721784,-37.44898808635204,0.100285,0.114621,-0.326899,0.932707,0.759998,-0.586812,-0.279382,0.632791,0.76616,0.112133,M,BuildTutorial
10.025,0.015596,1.513113,2.698501,53.86368209998749,-12.74870351989312,-6.570699047531394,-0.455063,0.073024,0.000574,-0.88746,0.989334,-0.06748,0.129089,-0.065442,0.585835,0.807784,-0.187678,1.047391,3.040182,-9.827193189571624,-14.6743008066441,4.412175182793383,-0.089787,-0.123874,0.027108,0.987856,0.967841,0.075803,0.239872,-0.031314,0.982407,-0.184109,0.182979,1.013009,2.859,15.179090000322494,8.878552864091752,-37.3642260052943,0.100165,0.114861,-0.326243,0.93292,0.760746,-0.585706,-0.279668,0.631726,0.767066,0.111947,M,BuildTutorial
10.058,0.015748,1.513066,2.69857,53.892918561905816,-12.714128573042228,-6.5489296613274055,-0.455274,0.072817,0.000511,-0.887369,0.989395,-0.067211,0.128767,-0.065397,0.585451,0.808066,-0.185826,1.047412,3.03984,-10.068068164367595,-13.92082076327298,4.137756114299035,-0.091402,-0.117493,0.02507,0.988541,0.971134,0.071043,0.227711,-0.028087,0.982034,-0.1866,0.183348,1.01295,2.859077,15.160611081213986,8.967791436078471,-37.34580899794605,0.099778,0.115522,-0.326166,0.932907,0.760541,-0.585512,-0.280632,0.631618,0.76732,0.110809,M,BuildTutorial
10.091,0.015955,1.513068,2.69873,53.8691801550703,-12.686499787282036,-6.539572588397794,-0.455085,0.072661,0.000574,-0.887478,0.98944,-0.067153,0.128447,-0.065114,0.585794,0.80784,-0.184564,1.046709,3.040067,-9.823685548907928,-13.52122362718124,3.809542176486141,-0.088879,-0.114398,0.022812,0.989188,0.972785,0.065466,0.222268,-0.024795,0.98316,-0.181056,0.183737,1.012805,2.859167,15.200582111906336,9.033748134221725,-37.29441926060927,0.09997,0.116121,-0.325816,0.932934,0.76072,-0.584712,-0.28181,0.631147,0.7677,0.110863,M,BuildTutorial
10.125,0.015976,1.512975,2.698852,53.87105986711322,-12.708364084774471,-6.557374598773587,-0.455111,0.072758,0.000623,-0.887457,0.989412,-0.067331,0.128572,-0.065121,0.585748,0.807873,-0.18449,1.046382,3.039897,-9.763582773939632,-13.747149787913669,3.903659532190515,-0.088501,-0.116298,0.023513,0.988984,0.971844,0.067093,0.225872,-0.025923,0.98323,-0.18052,0.183882,1.012762,2.859112,15.257111586023708,9.042252301934118,-37.39810456380021,0.100304,0.116432,-0.326683,0.932556,0.759443,-0.585943,-0.282694,0.632658,0.766434,0.111006,M,BuildTutorial
10.158,0.016041,1.512898,2.698949,53.91961370172102,-12.747885568057225,-6.624114032660967,-0.455527,0.072756,0.00093,-0.887243,0.989411,-0.067935,0.128257,-0.064634,0.584988,0.808462,-0.18501,1.046415,3.040233,-9.731315623407268,-13.94134323010744,4.251241111897177,-0.08862,-0.117718,0.026397,0.988733,0.970892,0.073063,0.228104,-0.031335,0.982899,-0.181458,0.184077,1.012901,2.859291,15.219526616027569,9.053790616648772,-37.30955082726388,0.100053,0.116348,-0.325962,0.932846,0.760424,-0.584862,-0.282296,0.631426,0.767477,0.110817,M,BuildTutorial
10.191,0.016036,1.512861,2.699221,53.933799663242375,-12.71620329310414,-6.60480167627129,-0.455624,0.072575,0.000891,-0.887209,0.989464,-0.067715,0.127966,-0.064552,0.584813,0.808596,-0.184814,1.046093,3.040514,-9.70933130714097,-13.930647026170211,4.3467345317657555,-0.088526,-0.117561,0.027253,0.988737,0.970873,0.074706,0.227649,-0.033077,0.982841,-0.181466,0.184239,1.012892,2.859516,15.235895894582844,9.121627932293682,-37.28329236979699,0.100021,0.116921,-0.325812,0.93283,0.760352,-0.584465,-0.283311,0.631243,0.767685,0.110416,M,BuildTutorial
10.225,0.016033,1.512815,2.699627,53.94659719079156,-12.62899841614554,-6.528997971397942,-0.455674,0.07219,0.000637,-0.887215,0.989576,-0.066922,0.127516,-0.064659,0.584722,0.808653,-0.18473,1.045461,3.040934,-9.555859270688298,-14.065716107070418,4.143315660678197,-0.087024,-0.118945,0.025561,0.98875,0.970398,0.071248,0.230764,-0.029844,0.983547,-0.178171,0.184445,1.012816,2.859747,15.294518361257747,9.165380201815578,-37.31573513863572,0.100344,0.117462,-0.326131,0.932616,0.759682,-0.584737,-0.284545,0.631884,0.767139,0.110549,M,BuildTutorial
10.258,0.016016,1.512765,2.699957,53.978413195945336,-12.55791144540085,-6.441222934256314,-0.455863,0.071961,0.000206,-0.887136,0.989643,-0.065974,0.127492,-0.065244,0.584378,0.808854,-0.185549,1.045308,3.041209,-9.456213434290907,-14.439094286165943,4.45777124778828,-0.086583,-0.121969,0.028101,0.988351,0.968668,0.076667,0.236231,-0.034426,0.983428,-0.178003,0.184364,1.013021,2.859957,15.273646330031523,9.11989567328508,-37.36016038652951,0.100257,0.117075,-0.326447,0.932564,0.759452,-0.585389,-0.283816,0.63234,0.766762,0.110554,M,BuildTutorial
10.291,0.015882,1.512756,2.700245,53.97757423114903,-12.506199674754008,-6.363644818304933,-0.455808,0.07187,-0.000188,-0.887172,0.98967,-0.065183,0.127693,-0.065852,0.584477,0.808734,-0.186628,1.045458,3.041751,-9.429699388852736,-14.560142279971748,4.525670578275909,-0.086457,-0.122973,0.028625,0.988222,0.968117,0.07784,0.238099,-0.035312,0.983412,-0.177918,0.184333,1.013263,2.860194,15.169514479401302,9.069343990154604,-37.3072746692638,0.099601,0.116339,-0.325943,0.932902,0.760453,-0.58497,-0.281994,0.63132,0.767682,0.109996,M,BuildTutorial
10.325,0.015782,1.512783,2.700499,53.98870495449086,-12.523090923506558,-6.337299474279728,-0.455877,0.072096,-0.000471,-0.887118,0.989604,-0.064899,0.128345,-0.066569,0.584352,0.808765,-0.187361,1.045569,3.042325,-9.5554658163798,-14.50205276104567,4.164548525931805,-0.08714,-0.122693,0.025413,0.988285,0.968601,0.071614,0.238083,-0.028848,0.983522,-0.178475,0.184339,1.013499,2.86068,15.1818265910507,9.065568549913952,-37.230121744964435,0.099791,0.116274,-0.325315,0.933109,0.761301,-0.583903,-0.28192,0.630316,0.768423,0.110581,M,BuildTutorial
10.358,0.015681,1.512769,2.700798,53.97702670430501,-12.55688257998134,-6.3246376849554045,-0.455779,0.072418,-0.000691,-0.887142,0.98951,-0.064787,0.12912,-0.067239,0.584531,0.808581,-0.188762,1.045522,3.042577,-9.559772129707618,-14.823017440067204,4.147280068847975,-0.087229,-0.125472,0.025015,0.987938,0.967262,0.071316,0.243552,-0.027537,0.983531,-0.178631,0.184526,1.013457,2.860998,15.2505159552543,9.053649917744284,-37.309993054162106,0.100307,0.11643,-0.325974,0.932804,0.76037,-0.584783,-0.282608,0.631498,0.767359,0.111228,M,BuildTutorial
10.392,0.015546,1.512738,2.701141,53.97722059091294,-12.600068924261045,-6.354344668611994,-0.455799,0.072634,-0.000633,-0.887114,0.989448,-0.065089,0.129447,-0.067337,0.584494,0.808599,-0.19003,1.044741,3.04251,-9.329403680976576,-15.2083891267306,3.858693743871025,-0.085004,-0.129102,0.022505,0.987725,0.965653,0.066406,0.251208,-0.022509,0.984536,-0.173732,0.184726,1.013756,2.861556,15.124316994485756,9.034164962467358,-37.28898261713768,0.099349,0.115916,-0.325751,0.933049,0.7609,-0.584851,-0.281035,0.630915,0.768033,0.109875,M,BuildTutorial
10.424,0.015456,1.512726,2.701533,53.98177661763296,-12.680429018521025,-6.399370250807155,-0.455862,0.073073,-0.000609,-0.887045,0.98932,-0.065541,0.130194,-0.067704,0.584378,0.808652,-0.191453,1.044529,3.042557,-9.372475138380228,-15.378052312083009,3.551657179065584,-0.085058,-0.130776,0.019682,0.98756,0.965021,0.061122,0.25495,-0.016628,0.984756,-0.173147,0.185029,1.013962,2.862125,15.049170149634824,9.076376844990888,-37.20080295739583,0.098702,0.115983,-0.325048,0.933354,0.761783,-0.583875,-0.280672,0.629666,0.769203,0.108847,M,BuildTutorial
10.458,0.015347,1.512749,2.70188,53.988316506171294,-12.710092819397326,-6.453896678855344,-0.455947,0.07308,-0.000312,-0.887001,0.989318,-0.066087,0.129929,-0.067195,0.584224,0.808806,-0.193055,1.044502,3.042388,-9.25784829926718,-15.79714472529844,3.6601683030158303,-0.08427,-0.134349,0.020445,0.987133,0.963065,0.063006,0.261795,-0.01772,0.984961,-0.171864,0.185207,1.013677,2.862617,15.152132273860854,9.125466320441005,-37.13033367806958,0.099479,0.116596,-0.324546,0.93337,0.762151,-0.582645,-0.282225,0.629041,0.769548,0.110021,M,BuildTutorial
10.491,0.015286,1.512793,2.702321,54.021053208215385,-12.732267239383104,-6.460443109842035,-0.456203,0.073197,-0.000385,-0.88686,0.989284,-0.066102,0.130182,-0.067468,0.583758,0.80912,-0.193438,1.043824,3.042218,-8.73481452040034,-15.856174678848168,4.207717711353344,-0.080422,-0.134668,0.025758,0.987286,0.962402,0.072521,0.261769,-0.0292,0.985738,-0.165737,0.185471,1.013401,2.862988,15.250621013849464,9.211023632632568,-37.24197375494127,0.09993,0.117652,-0.325558,0.932837,0.760341,-0.58387,-0.284566,0.630898,0.768053,0.109832,M,BuildTutorial
10.524,0.015282,1.512859,2.702768,53.99404970335624,-12.758757834295285,-6.442766156906866,-0.455984,0.073496,-0.000598,-0.886948,0.989196,-0.065966,0.130918,-0.068086,0.584157,0.80878,-0.192392,1.044198,3.042073,-8.699434033015029,-15.246641764643462,4.492106321059828,-0.0803,-0.12923,0.028679,0.987942,0.964954,0.077421,0.250738,-0.035912,0.985459,-0.166077,0.185353,1.013821,2.863719,15.057104014732104,9.235121802393854,-37.052896211118494,0.098468,0.11717,-0.323982,0.933601,0.762614,-0.581864,-0.282584,0.628014,0.77068,0.107938,M,BuildTutorial
10.558,0.015319,1.512851,2.703106,53.974782143587035,-12.788907848937928,-6.486568069362906,-0.455864,0.073572,-0.000358,-0.887004,0.989174,-0.066442,0.130844,-0.067713,0.584376,0.808653,-0.189952,1.04465,3.041765,-8.63246737237104,-14.398712034235569,4.648070182593102,-0.079674,-0.121836,0.030693,0.988871,0.968428,0.080117,0.236069,-0.041288,0.98542,-0.165054,0.185033,1.013733,2.864353,15.028916301775451,9.175709927274395,-37.01320015014795,0.098445,0.116577,-0.323599,0.93381,0.763386,-0.581408,-0.281436,0.627314,0.771184,0.10841,M,BuildTutorial
10.591,0.01538,1.512873,2.703357,54.00950537089092,-12.84925459272788,-6.558794668657287,-0.456177,0.073721,-7.7e-05,-0.88683,0.98913,-0.067123,0.130826,-0.067396,0.583805,0.809092,-0.186063,1.044563,3.041067,-8.26894137891348,-13.473015177991725,5.4053722484013536,-0.077037,-0.113492,0.038258,0.989809,0.971312,0.093221,0.218777,-0.058249,0.985203,-0.161187,0.184792,1.013318,2.865043,15.12743671474935,9.205643066580071,-37.00152042564754,0.099181,0.117072,-0.323559,0.933685,0.763207,-0.580981,-0.282799,0.627427,0.770945,0.109448,M,BuildTutorial
10.624,0.015615,1.512853,2.703718,54.03952645096643,-12.776855104730654,-6.527713146231972,-0.456388,0.073258,-6.2e-05,-0.88676,0.989267,-0.066758,0.129981,-0.066978,0.583421,0.809404,-0.181454,1.045326,3.040353,-8.37389156233384,-12.475106872388336,5.432075176239951,-0.077632,-0.1048,0.039056,0.990689,0.974983,0.093657,0.201584,-0.061114,0.984896,-0.162004,0.184916,1.013424,2.865446,15.02426668367396,9.24944211078386,-37.05688162346516,0.098154,0.117203,-0.324017,0.933618,0.762553,-0.582008,-0.282452,0.628024,0.770758,0.107325,M,BuildTutorial
10.659,0.016085,1.512867,2.704376,54.03485511472923,-12.5365212416392,-6.449134536124644,-0.456302,0.071715,0.000292,-0.88693,0.989714,-0.065966,0.126945,-0.064929,0.583577,0.809458,-0.1766,1.046422,3.039731,-8.318874373455264,-11.884265511767248,6.087404383024082,-0.077523,-0.099275,0.045175,0.991006,0.976207,0.104931,0.189761,-0.074146,0.983899,-0.162621,0.184624,1.013489,2.866146,14.96166825179901,9.245633127545718,-36.98546526366177,0.097724,0.116945,-0.323413,0.933905,0.763456,-0.581217,-0.281641,0.62693,0.771708,0.106888,M,BuildTutorial
10.692,0.016793,1.512761,2.705062,54.06680221307782,-12.116175428710502,-6.264593240777135,-0.456433,0.069169,0.000504,-0.887065,0.990431,-0.064037,0.122254,-0.062247,0.583337,0.809841,-0.170696,1.047711,3.039184,-8.356851379175836,-11.00295304406149,6.711908342887263,-0.078,-0.091207,0.051141,0.991455,0.978132,0.115636,0.172877,-0.087179,0.982601,-0.163996,0.184627,1.013235,2.866548,15.032690923810142,9.257051194286138,-37.08574721504421,0.098172,0.117312,-0.324261,0.933517,0.762185,-0.582374,-0.282692,0.628441,0.770434,0.107211,M,BuildTutorial
10.724,0.017684,1.512581,2.705829,54.13806038237914,-11.591316662696157,-6.044819345368777,-0.456849,0.065923,0.000822,-0.887098,0.991307,-0.061692,0.11621,-0.058776,0.582577,0.810648,-0.164719,1.049936,3.038868,-8.762354548008945,-10.098027089817712,7.169802786213435,-0.081433,-0.082821,0.055393,0.991686,0.980145,0.123354,0.155242,-0.096376,0.980601,-0.170687,0.184694,1.012809,2.866991,15.11508698456528,9.39225560873517,-37.036858931738344,0.098516,0.11859,-0.324004,0.933409,0.761915,-0.581491,-0.285226,0.628223,0.770632,0.107064,M,BuildTutorial
10.758,0.018621,1.512316,2.706547,54.26519462447928,-11.000936517177037,-5.770835419749573,-0.45767,0.062346,0.000934,-0.886933,0.992224,-0.058724,0.109739,-0.055412,0.581074,0.811962,-0.158087,1.051634,3.038048,-8.891588852671815,-9.334351492014417,7.843082455986353,-0.082626,-0.075649,0.061666,0.99179,0.980949,0.13482,0.139866,-0.109817,0.978741,-0.173226,0.184874,1.012478,2.86732,15.181766460115997,9.545896103216688,-37.08228805672684,0.098581,0.120057,-0.324527,0.933033,0.760537,-0.581918,-0.288019,0.629259,0.769929,0.106034,M,BuildTutorial
10.791,0.019733,1.512047,2.70724,54.39898832552867,-10.326640999548,-5.522470340839851,-0.458563,0.05802,0.001585,-0.886765,0.993262,-0.056022,0.101446,-0.050401,0.579435,0.813459,-0.150595,1.053243,3.037277,-8.87046172123086,-8.198445598617038,8.530059876957493,-0.082221,-0.065336,0.068445,0.992112,0.982093,0.146555,0.118385,-0.125067,0.97711,-0.172089,0.185348,1.012059,2.867661,15.26545244237134,9.698857626352856,-37.05223903677383,0.098866,0.121498,-0.324441,0.932846,0.759952,-0.581283,-0.290831,0.629331,0.769927,0.105615,M,BuildTutorial
10.824,0.021106,1.511763,2.707969,54.49402421819333,-9.539965005616866,-5.235010444653523,-0.459142,0.053016,0.002429,-0.886776,0.994367,-0.052991,0.091796,-0.044376,0.578366,0.81457,-0.141902,1.054417,3.035897,-8.867485236527369,-6.9059591690685815,9.315057300754807,-0.081787,-0.053585,0.076169,0.992289,0.982654,0.159928,0.093884,-0.142398,0.975018,-0.170476,0.186029,1.011216,2.867506,15.345170153502233,9.96937628791038,-37.08887453265272,0.098714,0.123942,-0.324999,0.932346,0.758028,-0.581554,-0.295277,0.630493,0.769262,0.103509,M,BuildTutorial
10.858,0.022734,1.511438,2.708632,54.61001500399655,-8.75067871316112,-4.992982597945837,-0.459909,0.047802,0.003629,-0.886671,0.995404,-0.050404,0.081432,-0.037535,0.57694,0.815923,-0.132412,1.055708,3.034909,-8.961453289239003,-5.116030695470575,9.36899355010231,-0.081419,-0.037972,0.077863,0.992908,0.984991,0.160804,0.062727,-0.148438,0.974617,-0.167595,0.187184,1.010018,2.866981,15.54217075439858,10.33236908967723,-37.06385922804623,0.099327,0.127393,-0.325179,0.931753,0.756059,-0.580666,-0.301996,0.63128,0.768786,0.102245,M,BuildTutorial
10.891,0.024679,1.511177,2.709312,54.727611361211395,-7.851763345080763,-4.8037817280658315,-0.460706,0.041534,0.00569,-0.886563,0.996485,-0.04836,0.068402,-0.02818,0.575436,0.817361,-0.122453,1.056867,3.033876,-8.982157314373067,-3.3942797872953245,9.913814502658774,-0.080528,-0.022652,0.083793,0.992966,0.984931,0.170056,0.03149,-0.16276,0.972988,-0.163719,0.188875,1.008606,2.866332,15.834040716017668,10.77604956741751,-36.95199452254547,0.100588,0.131669,-0.324767,0.931167,0.754379,-0.578337,-0.310547,0.631314,0.768817,0.101804,M,BuildTutorial
10.925,0.02675,1.510901,2.710178,54.819109333921894,-6.863161703724069,-4.630244142825877,-0.461294,0.034531,0.008264,-0.886537,0.997479,-0.04651,0.053602,-0.017206,0.57428,0.818478,-0.112413,1.058241,3.03337,-9.080596472484334,-1.6135441241563706,10.22061963300353,-0.080088,-0.00693,0.087675,0.9929,0.98453,0.175216,-0.000282,-0.172996,0.971798,-0.160255,0.190699,1.007268,2.865729,16.088893460013526,11.262162169579968,-36.80636659373235,0.101471,0.136155,-0.324116,0.930653,0.752822,-0.575647,-0.319203,0.63091,0.769306,0.100608,M,BuildTutorial
10.958,0.0291,1.510728,2.710977,54.92322849528779,-5.810266472626231,-4.431114634780225,-0.461956,0.027133,0.010904,-0.886421,0.99829,-0.0444,0.038028,-0.005737,0.572955,0.819567,-0.102068,1.059832,3.032747,-9.190635107198691,0.3409010297535529,10.36199875263232,-0.079522,0.010188,0.090249,0.992687,0.983503,0.177558,-0.034581,-0.180799,0.971063,-0.156043,0.192643,1.006013,2.864718,16.29079340644224,11.684032290733256,-36.77249262032112,0.101973,0.140074,-0.324303,0.929951,0.750414,-0.574604,-0.326664,0.631739,0.768858,0.098807,M,BuildTutorial
10.991,0.031897,1.510506,2.711836,54.99729801195414,-4.639579005417432,-4.2114578113217425,-0.462357,0.018928,0.013889,-0.886383,0.998898,-0.042124,0.020712,0.007118,0.572067,0.820176,-0.091149,1.061167,3.032111,-9.30394211838416,2.17384438941205,10.5882680372625,-0.078998,0.026308,0.09348,0.992133,0.981139,0.181333,-0.066972,-0.189647,0.970041,-0.151835,0.19515,1.005065,2.863761,16.416120177258545,12.230107274849868,-36.452599387603485,0.101857,0.144544,-0.322251,0.929993,0.750523,-0.569935,-0.334498,0.628827,0.771559,0.096294,M,BuildTutorial
11.025,0.03503,1.510303,2.712605,55.0495348735167,-3.338473583245119,-3.986214024463196,-0.462555,0.009751,0.017376,-0.886367,0.999206,-0.039825,0.001211,0.021783,0.571482,0.820325,-0.080648,1.062745,3.031829,-9.449704169341024,3.973827555591956,10.911859457016664,-0.078663,0.042224,0.097543,0.991219,0.977405,0.186731,-0.099052,-0.200017,0.968595,-0.147706,0.198492,1.004259,2.86243,16.56839113289029,13.006017636616065,-36.50150185228927,0.100856,0.151269,-0.323412,0.928629,0.745046,-0.570146,-0.346181,0.631171,0.770466,0.089471,M,BuildTutorial
11.058,0.038423,1.510077,2.713315,55.13286687208088,-1.953541684770255,-3.756250184495124,-0.462956,-6.1e-05,0.021164,-0.886128,0.999104,-0.037453,-0.019704,0.037565,0.570447,0.820475,-0.062525,1.061038,3.02627,-9.578009839356858,6.084133114529819,10.819263553212457,-0.078012,0.060508,0.098225,0.990255,0.973381,0.185096,-0.135162,-0.203977,0.968532,-0.142617,0.202606,1.003697,2.860963,16.65057409682816,13.851840772711345,-36.56519913727454,0.099051,0.158383,-0.324712,0.927182,0.738954,-0.570758,-0.358026,0.63351,0.769502,0.080819,M,BuildTutorial
11.091,0.042105,1.509879,2.713956,55.19792980500626,-0.5046392282035941,-3.475537992792815,-0.463181,-0.010148,0.024835,-0.885858,0.99856,-0.0346,-0.040986,0.053402,0.569694,0.820121,-0.05108,1.062016,3.026294,-9.47106907366938,8.056391770223469,11.096836435600322,-0.075198,0.077642,0.101891,0.988906,0.96718,0.189845,-0.168886,-0.213199,0.967927,-0.132906,0.207231,1.003477,2.859249,16.58446373954988,14.818554351063971,-36.30639485935321,0.096142,0.165815,-0.3234,0.926647,0.735836,-0.567472,-0.369488,0.631239,0.772339,0.07093,M,BuildTutorial
11.124,0.04599,1.509778,2.714456,55.239266287237136,0.9089816406737454,-3.224324413357661,-0.463204,-0.020068,0.028603,-0.885563,0.997558,-0.032068,-0.06204,0.06925,0.569249,0.819244,-0.040576,1.063859,3.02725,-9.701743044743296,10.134133469713522,10.948974724075343,-0.075452,0.09564,0.102124,0.987285,0.960848,0.187218,-0.204258,-0.216083,0.967756,-0.129451,0.212672,1.003271,2.857148,16.652444938573087,16.012003082949377,-36.23837974591939,0.093429,0.175571,-0.323886,0.924956,0.728545,-0.566354,-0.385312,0.631967,0.772738,0.059104,M,BuildTutorial
11.158,0.049941,1.509801,2.714952,55.23599841095922,2.337203560174777,-2.981928034377224,-0.462851,-0.030124,0.032501,-0.885328,0.996073,-0.029662,-0.083425,0.085433,0.569426,0.817592,-0.029981,1.064862,3.028064,-9.719483075356624,11.846936405348254,10.885635558561956,-0.074131,0.110358,0.10271,0.985787,0.954544,0.186139,-0.232806,-0.218863,0.96791,-0.123485,0.218252,1.002694,2.854692,16.676947884591144,17.12318313830205,-36.359543237096226,0.090289,0.184688,-0.325773,0.922827,0.719524,-0.567914,-0.399698,0.634616,0.771439,0.04631,M,BuildTutorial
11.191,0.053945,1.509794,2.715287,55.22690882618517,3.6703215502932074,-2.8543809619624447,-0.462416,-0.039906,0.036897,-0.884996,0.994092,-0.028401,-0.104757,0.102214,0.56962,0.815528,-0.020064,1.065796,3.029269,-9.684782212356003,13.396686481137875,10.73877278438014,-0.072595,0.123561,0.102409,0.984365,0.94849,0.183676,-0.258126,-0.219555,0.968485,-0.117613,0.223952,1.002274,2.852353,16.621511868575876,18.32429946879372,-36.22086224463595,0.086652,0.194109,-0.325536,0.921325,0.712696,-0.566209,-0.414092,0.633489,0.773035,0.033291,M,BuildTutorial
11.224,0.057829,1.509798,2.71558,55.191000460503595,4.989761920024235,-2.7097739883713134,-0.461746,-0.04951,0.041094,-0.884676,0.99172,-0.026987,-0.125551,0.118431,0.570204,0.812921,-0.011115,1.066694,3.030783,-9.739759292857949,14.384896747072384,11.027370058071671,-0.071849,0.132266,0.105563,0.982955,0.942724,0.18852,-0.275193,-0.226533,0.967388,-0.113325,0.230134,1.001865,2.849814,16.607850607796298,19.588856811975475,-36.33752059450107,0.082735,0.204315,-0.327394,0.918816,0.702136,-0.567822,-0.429631,0.635439,0.771936,0.018254,M,BuildTutorial
11.258,0.061729,1.509838,2.715668,55.166859807952925,6.206125516908115,-2.5473796671407705,-0.46118,-0.058245,0.044732,-0.884262,0.989213,-0.025386,-0.144266,0.132832,0.570624,0.810398,-0.002071,1.067099,3.031795,-9.67330609023136,15.502951663120635,11.148646790751432,-0.070095,0.141876,0.107225,0.981561,0.936748,0.190606,-0.293551,-0.230385,0.967179,-0.10718,0.236287,1.001251,2.846741,16.73159674024188,20.888028742284213,-36.3355096589496,0.080029,0.215018,-0.328431,0.91624,0.691801,-0.567428,-0.446583,0.636258,0.771457,0.005414,M,BuildTutorial
11.291,0.065408,1.509905,2.715656,55.157979833381305,7.318505467377492,-2.4213274983915523,-0.460729,-0.06632,0.048231,-0.883745,0.986551,-0.024136,-0.161663,0.146359,0.570806,0.807936,0.00712,1.067595,3.032244,-9.764627488200492,16.911122391742232,10.630018803990904,-0.070251,0.153677,0.103753,0.980145,0.931238,0.181794,-0.315829,-0.224978,0.9686,-0.105823,0.242126,1.000434,2.843872,16.80851677882241,22.10503374319016,-36.24970189801852,0.07733,0.224864,-0.328669,0.91402,0.682825,-0.566043,-0.461893,0.635598,0.771993,-0.00645,M,BuildTutorial
11.324,0.068836,1.50995,2.715519,55.139361132953546,8.30443519244091,-2.398058908775547,-0.460168,-0.07383,0.052005,-0.883227,0.983689,-0.023915,-0.17828,0.159813,0.571082,0.805186,0.015096,1.068216,3.032886,-9.704580839358266,17.822435677698873,10.907021013699708,-0.068519,0.161592,0.106598,0.978688,0.925049,0.186509,-0.330905,-0.230797,0.967884,-0.099666,0.247448,0.999587,2.841022,16.798078045742873,23.11727206752387,-36.21084520780418,0.074418,0.232879,-0.329017,0.912128,0.675031,-0.56555,-0.4738,0.634872,0.77242,-0.017484,M,BuildTutorial
11.358,0.07213,1.510061,2.715385,55.104272293881706,9.103136816242468,-2.457701804348532,-0.459482,-0.080229,0.055652,-0.882804,0.980932,-0.024531,-0.192795,0.171987,0.571558,0.802335,0.023368,1.068716,3.032864,-9.618903643541575,18.945701735587196,10.953420991444588,-0.066669,0.171145,0.107544,0.977087,0.918287,0.187339,-0.348788,-0.23298,0.967979,-0.093471,0.252687,0.99864,2.838013,16.89014829915495,24.163358350239314,-36.19032137276052,0.072201,0.241401,-0.329642,0.909862,0.666123,-0.564999,-0.486884,0.634717,0.772246,-0.027767,M,BuildTutorial
11.391,0.075129,1.510141,2.715152,55.0694722529597,9.755381390076696,-2.607882796191777,-0.458777,-0.08586,0.059403,-0.882396,0.978199,-0.026052,-0.20603,0.183614,0.571989,0.799446,0.031405,1.068964,3.032233,-9.450484847123043,20.35151117389529,10.825372801914297,-0.064112,0.182931,0.107018,0.975178,0.910167,0.185267,-0.370503,-0.23218,0.968874,-0.085887,0.257599,0.997401,2.835417,17.085224840746974,25.199078402211427,-36.02100334407779,0.071167,0.249968,-0.329213,0.907783,0.65827,-0.562129,-0.500692,0.633287,0.773108,-0.035377,M,BuildTutorial
11.424,0.07796,1.510211,2.714925,55.04109771279288,10.296099382233708,-2.8244453296366525,-0.458102,-0.090894,0.063217,-0.881978,0.975484,-0.028234,-0.218252,0.194789,0.572293,0.796579,0.039063,1.069384,3.031338,-9.315322928425354,21.672087378083425,10.533176213537525,-0.062218,0.193908,0.105057,0.973392,0.902725,0.180395,-0.39057,-0.228653,0.970184,-0.080383,0.262143,0.996512,2.832666,17.151005089914744,26.28060573329682,-36.01277648724015,0.068607,0.258672,-0.329902,0.905288,0.648507,-0.56182,-0.513612,0.632806,0.772915,-0.046455,M,BuildTutorial
11.458,0.080563,1.510324,2.714739,54.98909435799249,10.759204872120968,-3.02078248561811,-0.457279,-0.095251,0.066546,-0.8817,0.972998,-0.030235,-0.228825,0.204459,0.572935,0.793689,0.046449,1.069747,3.030005,-9.082170150783202,23.12307674138176,10.557215753563666,-0.058858,0.20608,0.10565,0.971033,0.892738,0.18092,-0.412658,-0.229438,0.970748,-0.070762,0.266141,0.995609,2.830472,17.15810512717303,27.18930110350656,-36.038692629182115,0.065986,0.265874,-0.330651,0.903121,0.639962,-0.562148,-0.523869,0.632323,0.772632,-0.056637,M,BuildTutorial
11.492,0.082862,1.510423,2.714493,54.951571238226315,11.134137370986124,-3.243265017068725,-0.456578,-0.099029,0.069729,-0.881401,0.970662,-0.03249,-0.238243,0.213348,0.573348,0.791047,0.053421,1.070681,3.028146,-9.159810644565324,24.742994620958445,10.37401076955549,-0.058368,0.219742,0.105063,0.968126,0.881351,0.177777,-0.437741,-0.22908,0.97111,-0.066841,0.269735,0.994723,2.828289,17.21793422499677,28.003710460878203,-35.9926624784695,0.064226,0.272397,-0.330845,0.901231,0.632683,-0.561346,-0.533482,0.631325,0.772833,-0.064478,M,BuildTutorial
11.524,0.085086,1.510455,2.714189,54.931011882186226,11.431072849676395,-3.433080310451633,-0.456069,-0.102072,0.072358,-0.881106,0.968691,-0.034407,-0.245872,0.220614,0.573531,0.788918,0.060419,1.07111,3.025939,-8.810059344952952,26.78530603803481,10.12393812025114,-0.05405,0.236631,0.103301,0.96458,0.86667,0.173704,-0.467665,-0.224864,0.972815,-0.055383,0.273017,0.993805,2.82614,17.350085173834596,28.74518634694326,-36.09082030223783,0.062909,0.278577,-0.332241,0.898918,0.624022,-0.562264,-0.542638,0.632364,0.771317,-0.072008,M,BuildTutorial
11.557,0.087029,1.510477,2.713937,54.898590721327,11.68271128015475,-3.603792903781545,-0.455503,-0.104691,0.07465,-0.880899,0.966934,-0.036144,-0.252451,0.226893,0.573888,0.786875,0.066934,1.072072,3.024017,-8.922557714198593,28.62665494971676,9.629970426769871,-0.054416,0.251932,0.100249,0.960999,0.852961,0.165259,-0.495123,-0.220096,0.973978,-0.054076,0.275707,0.993078,2.824431,17.411324590179674,29.32722942075737,-36.11302687315545,0.061658,0.28329,-0.332833,0.897311,0.617938,-0.562375,-0.549442,0.632244,0.770841,-0.077923,M,BuildTutorial
11.591,0.08872,1.510459,2.71367,54.895437428538926,11.836746980732926,-3.779815730734805,-0.455215,-0.106575,0.076613,-0.880654,0.965545,-0.03791,-0.257462,0.231968,0.573819,0.785444,0.071859,1.072686,3.022533,-8.859004007770809,30.10415817326248,9.111090851998702,-0.053782,0.264027,0.096465,0.958171,0.841969,0.15646,-0.516342,-0.21326,0.975604,-0.052126,0.277979,0.992629,2.823081,17.385964405768124,29.767902337119,-36.21732472552544,0.059913,0.286736,-0.33384,0.89596,0.612666,-0.563856,-0.553811,0.632573,0.769922,-0.08409,M,BuildTutorial
11.624,0.090235,1.510529,2.713493,54.84533452691651,11.986697539968478,-3.9177753869864,-0.454598,-0.108283,0.078235,-0.880622,0.964308,-0.03934,-0.261844,0.236241,0.57444,0.783715,0.076572,1.073485,3.020837,-8.872681449887754,31.878644581047883,8.579534042131945,-0.053689,0.278593,0.092892,0.954398,0.827515,0.147397,-0.541751,-0.207227,0.976977,-0.050724,0.279651,0.992228,2.822325,17.37559768749161,30.09956395618714,-36.32002452080926,0.058604,0.289357,-0.334796,0.894846,0.608369,-0.565267,-0.5571,0.633097,0.768955,-0.088869,M,BuildTutorial
11.657,0.091565,1.510618,2.713292,54.812537979856,12.074352380515885,-4.090654240719788,-0.45412,-0.109647,0.079889,-0.880551,0.963191,-0.041107,-0.265658,0.240278,0.574786,0.782232,0.079521,1.074906,3.019985,-9.05278535916255,32.92785365499351,8.00041165641404,-0.055789,0.287119,0.089003,0.952118,0.819282,0.137447,-0.556674,-0.201519,0.977932,-0.055126,0.280952,0.991753,2.821448,17.407365061170932,30.39172648138736,-36.33846610513187,0.057958,0.291719,-0.335144,0.893991,0.605157,-0.565416,-0.560437,0.633047,0.768639,-0.091907,M,BuildTutorial
11.691,0.092646,1.510635,2.713073,54.79970170918618,12.09244605553886,-4.233794955093504,-0.453871,-0.110355,0.081052,-0.880485,0.962505,-0.042555,-0.267906,0.242904,0.574863,0.781364,0.08105,1.076306,3.020206,-9.272408353330148,33.29789528461428,7.964201680330455,-0.057422,0.290258,0.089418,0.95103,0.81551,0.136744,-0.562357,-0.203412,0.977414,-0.057311,0.282015,0.991411,2.820861,17.41063671091978,30.615695460347943,-36.3783146877273,0.057227,0.293493,-0.335573,0.893296,0.602505,-0.56594,-0.56276,0.633124,0.768232,-0.094735,M,BuildTutorial
11.724,0.093503,1.510717,2.712823,54.757073199079166,12.123439883711972,-4.338396012630266,-0.453419,-0.111013,0.08195,-0.880552,0.961921,-0.043651,-0.26982,0.244993,0.57539,0.780324,0.081405,1.077703,3.020755,-9.379530649225522,33.276003068942735,8.061801832778084,-0.058084,0.290166,0.090478,0.950917,0.815235,0.138367,-0.562358,-0.205783,0.97688,-0.057958,0.282741,0.991436,2.820654,17.375640338381363,30.731560785976335,-36.46369616156102,0.056388,0.294359,-0.336234,0.892816,0.600599,-0.567193,-0.563536,0.633586,0.767534,-0.097259,M,BuildTutorial
11.757,0.094241,1.510823,2.712647,54.73742454759332,12.118659164512664,-4.415307802932986,-0.453196,-0.111283,0.082509,-0.88058,0.961617,-0.044446,-0.270772,0.246177,0.575611,0.779788,0.080836,1.079057,3.021742,-9.55311739237797,33.04546726867707,7.831298813819954,-0.060292,0.288198,0.088867,0.95153,0.818089,0.134368,-0.559174,-0.203872,0.976935,-0.063516,0.283103,0.991382,2.820682,17.38288994040866,30.745214083326037,-36.5356675616924,0.056221,0.294517,-0.336814,0.892555,0.599632,-0.568134,-0.563618,0.634366,0.766791,-0.098034,M,BuildTutorial
11.791,0.094781,1.510918,2.712459,54.717297577504056,12.033448406368237,-4.488977935754582,-0.453031,-0.110922,0.082725,-0.880691,0.961706,-0.045209,-0.270329,0.246213,0.575839,0.779608,0.079392,1.080453,3.022444,-9.830280993771638,32.59769614368262,8.07747790711173,-0.062339,0.284713,0.091338,0.952213,0.821192,0.138449,-0.553602,-0.209444,0.975543,-0.066709,0.283107,0.99146,2.820984,17.330847866972178,30.661890256092946,-36.52243351122635,0.056083,0.293743,-0.336578,0.892908,0.600861,-0.568119,-0.562323,0.634015,0.76714,-0.097581,M,BuildTutorial
11.824,0.094994,1.510982,2.712319,54.65538078182284,11.903704614689328,-4.538151686701388,-0.452599,-0.110126,0.08255,-0.881029,0.962115,-0.045772,-0.268773,0.245144,0.576679,0.779324,0.076991,1.081602,3.023165,-10.128700775167362,31.806620291917593,8.31761833119823,-0.064878,0.278383,0.093598,0.953694,0.827484,0.142405,-0.54313,-0.214649,0.974061,-0.071636,0.282997,0.991483,2.821172,17.30431282566489,30.60372644359736,-36.57919674993139,0.055896,0.293257,-0.336945,0.892941,0.600937,-0.56896,-0.561391,0.634528,0.766688,-0.0978,M,BuildTutorial
11.857,0.095015,1.511007,2.712212,54.64081185255207,11.754654430161075,-4.557531857342742,-0.452575,-0.109058,0.082101,-0.881216,0.962732,-0.045984,-0.266521,0.243412,0.576871,0.779725,0.073844,1.082505,3.02359,-10.34449843840017,30.980370707028428,8.575890067616491,-0.066745,0.271737,0.095769,0.955266,0.833975,0.146695,-0.531946,-0.219243,0.972747,-0.07547,0.282522,0.99152,2.821486,17.297633080254908,30.41353916152484,-36.661919912238936,0.056191,0.2918,-0.337485,0.893196,0.601913,-0.570088,-0.559196,0.635674,0.765892,-0.096576,M,BuildTutorial
11.89,0.094783,1.511025,2.712194,54.62791415052711,11.53441126524534,-4.5635045894074775,-0.452627,-0.107389,0.081269,-0.881472,0.963726,-0.046058,-0.262891,0.240488,0.577049,0.7805,0.069621,1.083009,3.02365,-10.651040336811889,29.88786312572913,8.785741389780616,-0.069745,0.262875,0.097549,0.957349,0.842762,0.150108,-0.516934,-0.223446,0.97124,-0.082255,0.281546,0.991557,2.822176,17.302703950227077,30.15775274309132,-36.66145937044963,0.056986,0.289817,-0.337364,0.893837,0.604384,-0.570065,-0.556548,0.636127,0.765877,-0.093675,M,BuildTutorial
11.924,0.094329,1.510968,2.712265,54.61143393577619,11.251381084276254,-4.530388886523645,-0.452729,-0.105082,0.079886,-0.881823,0.965152,-0.045743,-0.25766,0.236037,0.577309,0.781666,0.063326,1.084085,3.023788,-11.456372591581257,27.99658834053072,8.477778371062202,-0.07879,0.247185,0.095439,0.961032,0.859582,0.144489,-0.490144,-0.222392,0.969367,-0.104257,0.280345,0.991616,2.822973,17.271096526287213,29.90309711164164,-36.59340589340082,0.057653,0.287723,-0.336651,0.894739,0.607763,-0.569253,-0.553692,0.635606,0.766685,-0.090556,M,BuildTutorial
11.957,0.093683,1.51088,2.712292,54.642376969031574,10.880107547806093,-4.4898989255304755,-0.453261,-0.102062,0.078125,-0.882063,0.96696,-0.045301,-0.250872,0.230344,0.576902,0.783662,0.054096,1.084874,3.023995,-11.96419368492629,25.20346794492909,8.908115652007217,-0.084549,0.224228,0.098045,0.965899,0.880218,0.151486,-0.449742,-0.227319,0.966477,-0.119364,0.279088,0.991725,2.823631,17.24706450046149,29.537321465568755,-36.70299509509321,0.058262,0.284866,-0.337281,0.895376,0.610186,-0.570793,-0.549426,0.637181,0.765694,-0.087827,M,BuildTutorial
11.991,0.09278,1.510896,2.712536,54.65411662096376,10.398145165199823,-4.500634706930885,-0.453667,-0.098393,0.076307,-0.88243,0.968992,-0.045396,-0.242887,0.223947,0.576727,0.785642,0.043412,1.085142,3.023633,-12.397569399655945,22.387947060012408,9.515726873360416,-0.089551,0.201117,0.101781,0.970141,0.898385,0.161464,-0.408453,-0.233505,0.963242,-0.132815,0.277343,0.991626,2.824704,17.245522269113092,29.05821815269777,-36.67498996979538,0.059728,0.281102,-0.336813,0.896645,0.615078,-0.570423,-0.544332,0.637582,0.76598,-0.082248,M,BuildTutorial
12.024,0.091649,1.510847,2.712834,54.601572592261846,9.88617443094331,-4.544173989235922,-0.453561,-0.094624,0.074588,-0.883043,0.970966,-0.045894,-0.234774,0.217564,0.577438,0.786912,0.031542,1.084035,3.023117,-12.571592551861126,19.073668652223475,9.907198613496638,-0.093351,0.173394,0.102716,0.975023,0.918768,0.167929,-0.357303,-0.232675,0.96147,-0.146418,0.275829,0.991517,2.825635,17.25351166846565,28.675200466068997,-36.60561924300428,0.061086,0.278085,-0.336081,0.897768,0.619436,-0.569471,-0.540371,0.63742,0.766636,-0.077236,M,BuildTutorial
12.064,0.090087,1.51069,2.712982,54.64565631352258,9.20815390611386,-4.570183847224636,-0.454315,-0.0895,0.072124,-0.883394,0.973576,-0.046106,-0.223661,0.20875,0.576791,0.789769,0.019015,1.082531,3.021884,-12.706565134103448,15.913367372647691,9.621941969833967,-0.097669,0.146281,0.097815,0.979538,0.938068,0.163053,-0.305683,-0.220202,0.961786,-0.162725,0.274287,0.991369,2.826744,17.330965886752107,28.32265017889073,-36.67990769473101,0.062564,0.275542,-0.336598,0.898256,0.621557,-0.570224,-0.537133,0.63918,0.765575,-0.073096,M,BuildTutorial
12.091,0.088145,1.510485,2.713062,54.73085107349902,8.340592962322456,-4.700528659421363,-0.455413,-0.083329,0.069722,-0.883626,0.97639,-0.047318,-0.210768,0.199115,0.575476,0.793209,0.005398,1.080382,3.020391,-12.36901604969975,12.864954372727125,10.364024336434204,-0.096555,0.120594,0.101249,0.982794,0.950412,0.175725,-0.25659,-0.222301,0.960852,-0.165368,0.27236,0.991299,2.828141,17.280208449481268,27.78737118307617,-36.54980182264707,0.064035,0.271152,-0.335201,0.900009,0.628233,-0.568642,-0.531007,0.638095,0.767079,-0.066518,M,BuildTutorial
12.124,0.085925,1.510405,2.713204,54.710636859897974,7.363416161787663,-4.893446588464664,-0.455706,-0.076557,0.067318,-0.884273,0.979215,-0.049281,-0.196749,0.188831,0.575601,0.79563,-0.007641,1.078387,3.018244,-12.405979102998696,10.305697255150813,11.25428549057442,-0.098341,0.099409,0.106744,0.984405,0.957447,0.190607,-0.216712,-0.229711,0.95787,-0.172391,0.270238,0.991059,2.8297,17.34650392204577,27.236102944967996,-36.48758546799588,0.066326,0.266938,-0.334501,0.901362,0.633706,-0.567603,-0.525588,0.638423,0.76742,-0.059015,M,BuildTutorial
12.157,0.083258,1.510354,2.713252,54.69681301083419,6.051690728715046,-5.258309599442712,-0.456126,-0.067881,0.064912,-0.884945,0.982357,-0.052962,-0.179358,0.176811,0.575472,0.79848,-0.021101,1.076288,3.016101,-12.450231021953485,7.632999060595513,10.707278230933404,-0.101549,0.075975,0.099733,0.986899,0.968562,0.181423,-0.170215,-0.212284,0.959482,-0.185282,0.268171,0.991195,2.83101,17.375642181467523,26.662655913147248,-36.44664304380991,0.068328,0.262468,-0.333886,0.902753,0.639262,-0.566965,-0.519515,0.6387,0.767703,-0.051902,M,BuildTutorial
12.19,0.080181,1.510428,2.713041,54.75320796224146,4.511514739267552,-5.821876862608904,-0.457113,-0.058241,0.063137,-0.885251,0.985243,-0.05854,-0.160837,0.16503,0.574123,0.801965,-0.034195,1.074011,3.01388,-11.936125910651343,5.307264223986444,11.368633609171546,-0.098791,0.056108,0.103195,0.988151,0.972406,0.192858,-0.131275,-0.21503,0.959182,-0.183661,0.262929,0.989147,2.836238,17.342590390621684,25.930805860386815,-36.35150070043117,0.070405,0.256561,-0.332644,0.904747,0.647049,-0.565791,-0.511086,0.638044,0.768782,-0.043289,M,BuildTutorial
12.224,0.077189,1.510583,2.712835,54.67331000155045,2.9458445098614123,-6.345321493758783,-0.457099,-0.048206,0.060934,-0.886016,0.987927,-0.063906,-0.141129,0.152047,0.574695,0.804119,-0.045047,1.072713,3.011002,-12.016736275959016,4.173082459316996,11.954593474986442,-0.100265,0.046905,0.107284,0.988047,0.97258,0.202597,-0.114203,-0.221409,0.956874,-0.188068,0.259499,0.989169,2.838602,17.29898331313018,25.13607735438199,-36.31098676017278,0.072446,0.250152,-0.331767,0.906701,0.654709,-0.565382,-0.501697,0.637872,0.769364,-0.034611,M,BuildTutorial
12.257,0.074341,1.510969,2.712466,54.52122961786734,1.4875035762225504,-6.7927595342765255,-0.456512,-0.038652,0.058594,-0.886944,0.990146,-0.068649,-0.122063,0.13923,0.576328,0.805271,-0.052501,1.07182,3.007997,-12.26714162857318,4.775950625583066,11.263816233781196,-0.102173,0.051704,0.101921,0.98818,0.973878,0.190868,-0.123012,-0.211999,0.958345,-0.191392,0.256025,0.989405,2.840914,17.293028677059592,24.341265860111974,-36.36932336669758,0.074573,0.243881,-0.331711,0.908256,0.660979,-0.566183,-0.492486,0.638931,0.768813,-0.026334,M,BuildTutorial
12.29,0.071764,1.511419,2.711868,54.37251070397708,0.3224073949826094,-7.081178490325092,-0.455856,-0.030713,0.056216,-0.887745,0.991793,-0.07181,-0.105783,0.127813,0.57807,0.805915,-0.058441,1.072485,3.005589,-13.12791420547062,6.062787536343724,10.379829765048004,-0.108932,0.062647,0.095759,0.987441,0.973811,0.175465,-0.144583,-0.202762,0.957928,-0.20313,0.252398,0.989758,2.843044,17.210680418957462,23.52303550317551,-36.3852481352379,0.076239,0.237204,-0.331192,0.910074,0.668092,-0.56665,-0.482245,0.638986,0.768999,-0.018355,M,BuildTutorial
12.324,0.06965,1.51177,2.711011,54.26294217847859,-0.6502804686336623,-7.164072010613467,-0.455451,-0.023451,0.053019,-0.888371,0.993278,-0.07284,-0.089962,0.115564,0.579507,0.806732,-0.06218,1.074103,3.003696,-14.0091417050213,8.583066044590606,8.585435303140203,-0.115706,0.083167,0.083185,0.986294,0.972327,0.144845,-0.183305,-0.183337,0.959385,-0.214404,0.24891,0.990392,2.845092,17.094313086592685,22.805054909212213,-36.531493465841606,0.077073,0.231317,-0.331729,0.911323,0.672898,-0.568967,-0.472743,0.64028,0.768032,-0.012992,M,BuildTutorial
12.357,0.067984,1.512093,2.709987,54.20524000181479,-1.3444134281462337,-7.124646217561405,-0.455323,-0.017882,0.049973,-0.888743,0.994366,-0.072542,-0.077292,0.10511,0.580367,0.807543,-0.06571,1.077116,3.003211,-14.77943670034798,11.174420040589458,6.806790556122094,-0.122049,0.103981,0.071093,0.984499,0.968267,0.1146,-0.222093,-0.165363,0.9601,-0.22553,0.245386,0.991098,2.847032,16.97243765215142,21.995855527730935,-36.58591877063756,0.078317,0.224618,-0.331468,0.912986,0.679352,-0.570067,-0.462065,0.640433,0.767991,-0.005902,M,BuildTutorial
12.39,0.066914,1.512389,2.708882,54.12644274588421,-1.8358838920597824,-7.029410342021155,-0.454934,-0.013649,0.04731,-0.889163,0.995151,-0.071714,-0.067319,0.096553,0.581594,0.807729,-0.069678,1.081085,3.004191,-15.535025650671232,13.172618769337806,5.224110651680416,-0.128943,0.119648,0.060343,0.982556,0.964087,0.087725,-0.250682,-0.149436,0.959465,-0.238947,0.242615,0.992046,2.848302,16.809436631033506,21.331633689778187,-36.72145462872121,0.078653,0.219018,-0.331907,0.914157,0.683737,-0.572378,-0.452645,0.641284,0.767303,-0.001585,M,BuildTutorial
12.424,0.066221,1.512682,2.707686,54.02397014400335,-2.1164509190765446,-6.928603673099642,-0.454264,-0.011016,0.045453,-0.889639,0.995625,-0.070866,-0.060896,0.090882,0.583156,0.80726,-0.073729,1.085727,3.007061,-16.202286745736593,14.784676596673142,3.7310739113547142,-0.135529,0.131861,0.050083,0.980682,0.960209,0.062488,-0.272202,-0.133972,0.958247,-0.252614,0.240349,0.992956,2.849152,16.594200938789253,20.894974054109507,-36.63778847456751,0.078324,0.214947,-0.330701,0.915587,0.688869,-0.571901,-0.445408,0.639242,0.769004,0.001258,M,BuildTutorial
12.457,0.066022,1.513084,2.706486,53.93648265221255,-2.259484793669058,-6.8756554795828375,-0.453646,-0.009648,0.044509,-0.890017,0.995852,-0.070475,-0.057557,0.087982,0.584448,0.806648,-0.077068,1.091737,3.011175,-17.34190149807737,16.472177875517918,1.4985553187406415,-0.14734,0.143554,0.034389,0.978008,0.956419,0.024962,-0.290929,-0.109567,0.954217,-0.278326,0.239098,0.993947,2.849401,16.39268153270314,20.643305382560015,-36.89846027546272,0.076927,0.212616,-0.332394,0.915637,0.688618,-0.575993,-0.440498,0.641416,0.767193,-0.000471,M,BuildTutorial
12.49,0.066302,1.513611,2.705401,53.75837159997107,-2.2288810907771692,-6.8870710232731875,-0.452251,-0.009834,0.044788,-0.890711,0.995795,-0.070892,-0.05803,0.088682,0.586927,0.804769,-0.078648,1.098125,3.017046,-18.104978473982207,18.43761085490175,-1.38585912911316,-0.157209,0.15632,0.013416,0.975023,0.950768,-0.022989,-0.309049,-0.075311,0.950211,-0.302371,0.23873,0.994441,2.84901,16.286647216090373,20.603895446819124,-37.01571330002008,0.075962,0.212116,-0.33319,0.915544,0.687982,-0.577875,-0.439022,0.642326,0.766428,-0.002257,M,BuildTutorial
12.524,0.067063,1.514166,2.70437,53.528428692066406,-2.02853986765318,-6.915394331114402,-0.450383,-0.011379,0.045885,-0.891583,0.99553,-0.071571,-0.061622,0.09207,0.590099,0.802064,-0.07763,1.104914,3.023274,-18.825929183514425,21.14161435371119,-4.538169491881943,-0.167813,0.174473,-0.008417,0.97022,0.938977,-0.07489,-0.33573,-0.042226,0.943536,-0.328568,0.239528,0.994728,2.847892,16.26689238646741,20.830991352380252,-36.98838032447707,0.075192,0.213863,-0.3331,0.915234,0.686614,-0.577568,-0.441563,0.641891,0.766781,-0.004838,M,BuildTutorial
12.558,0.068267,1.51465,2.703235,53.383849985633326,-1.712980440679029,-6.945310763139191,-0.449127,-0.013875,0.047409,-0.892101,0.99512,-0.072124,-0.067341,0.09705,0.592075,0.800018,-0.074144,1.112308,3.030054,-19.22247837858654,24.040043762505015,-6.5072534683270185,-0.174692,0.195731,-0.020018,0.964765,0.922578,-0.10701,-0.370674,-0.029761,0.938164,-0.34491,0.24097,0.994883,2.846433,16.251830175222956,21.1624557301109,-37.08407496822909,0.073925,0.216534,-0.334063,0.914358,0.68303,-0.578892,-0.44537,0.642921,0.765874,-0.009484,M,BuildTutorial
12.591,0.069905,1.515011,2.702165,53.235179484039016,-1.2388113953965123,-6.993473716629798,-0.447763,-0.017678,0.04969,-0.892596,0.994437,-0.072875,-0.076057,0.104537,0.594079,0.797585,-0.068464,1.119398,3.037017,-19.538790198103843,27.499139830600228,-9.348904082542427,-0.183361,0.220021,-0.037815,0.957361,0.900322,-0.153092,-0.407411,-0.008281,0.929897,-0.367726,0.24299,0.99491,2.844455,16.226119962698057,21.53715517268471,-37.0953023808967,0.072602,0.219466,-0.334363,0.913655,0.680072,-0.579117,-0.449583,0.642852,0.765861,-0.014095,M,BuildTutorial
12.623,0.07188,1.515282,2.70092,53.150137157294594,-0.6666275864044696,-7.080077428046012,-0.44683,-0.02243,0.052624,-0.892788,0.993455,-0.073919,-0.087077,0.114008,0.595148,0.795488,-0.059345,1.126113,3.042799,-19.58183764613648,32.07663350215166,-13.058601519086292,-0.193333,0.251906,-0.061016,0.946279,0.865641,-0.212879,-0.453153,0.018072,0.917799,-0.396634,0.245663,0.994831,2.841957,16.230854097598424,22.077272106776213,-37.06693035862826,0.071119,0.223764,-0.334481,0.912685,0.676103,-0.578724,-0.456029,0.64238,0.766129,-0.019872,M,BuildTutorial
12.657,0.074222,1.515613,2.699752,53.05283959032424,0.0262899728294221,-7.185403008768333,-0.44572,-0.028191,0.056169,-0.892964,0.992101,-0.075183,-0.100418,0.125444,0.596358,0.792857,-0.047757,1.13172,3.047909,-19.03593484382939,37.00071067342761,-16.157734648882634,-0.199235,0.287799,-0.07949,0.933359,0.821706,-0.263064,-0.505566,0.033705,0.907974,-0.417669,0.248908,0.994758,2.839046,16.20501531957976,22.792583912864757,-37.12497660116276,0.068704,0.229428,-0.335348,0.911144,0.669809,-0.579576,-0.464164,0.642627,0.765643,-0.028678,M,BuildTutorial
12.691,0.076825,1.515975,2.698441,52.93021453863724,0.8782302317229193,-7.247915277013725,-0.444315,-0.035015,0.059991,-0.893174,0.99035,-0.076048,-0.115859,0.13828,0.59797,0.7895,-0.034299,1.136373,3.051846,-18.211760705599772,42.111704581564226,-19.476323350136507,-0.205569,0.324657,-0.099823,0.91781,0.769266,-0.316717,-0.554906,0.049759,0.895553,-0.442164,0.25249,0.994573,2.836509,16.145622357362434,23.61145472423504,-37.04575973994488,0.065988,0.235742,-0.335125,0.909815,0.664234,-0.57869,-0.473192,0.640915,0.766674,-0.037932,M,BuildTutorial
12.724,0.079709,1.516373,2.697092,52.79059592354147,1.88416304397909,-7.260822766086314,-0.442677,-0.042844,0.064006,-0.893367,0.988135,-0.076429,-0.133218,0.152293,0.599881,0.785462,-0.020083,1.13993,3.055765,-16.83806402923745,46.530405835801304,-21.948449129417277,-0.206429,0.35798,-0.11623,0.903176,0.716681,-0.357748,-0.598652,0.062158,0.887755,-0.456101,0.256959,0.994614,2.833086,16.129652859400224,24.55310032269825,-37.134236074150806,0.062915,0.24322,-0.336335,0.907615,0.655446,-0.579921,-0.483821,0.641129,0.765841,-0.049401,M,BuildTutorial
12.757,0.082734,1.516899,2.695858,52.65608760691874,3.066516034612961,-7.214396859707072,-0.440964,-0.051828,0.068213,-0.893427,0.985322,-0.076179,-0.152768,0.167595,0.601795,0.780868,-0.004366,1.1427,3.057983,-15.347251727105135,51.32052025719616,-24.48782593490319,-0.208636,0.393869,-0.132939,0.885249,0.654389,-0.399719,-0.641873,0.071019,0.877597,-0.474111,0.261288,0.994544,2.829434,16.013561268887166,25.571124092564837,-37.119282136320976,0.05902,0.250984,-0.336596,0.905664,0.647421,-0.580059,-0.494346,0.639312,0.76644,-0.062055,M,BuildTutorial
12.79,0.085896,1.517435,2.694591,52.48304837237721,4.321673251477691,-7.1165513841371055,-0.438891,-0.061176,0.072267,-0.893538,0.98207,-0.075447,-0.17276,0.182845,0.604305,0.775489,0.011778,1.146069,3.059788,-14.446860963717858,55.45689556725931,-25.473730891388172,-0.210329,0.425692,-0.136542,0.869428,0.600285,-0.416498,-0.682779,0.058356,0.874236,-0.481982,0.26614,0.994587,2.825876,15.971577831526352,26.672104700025276,-37.16383453039779,0.055344,0.259594,-0.337435,0.903153,0.637497,-0.580778,-0.506256,0.638245,0.766149,-0.075225,M,BuildTutorial
12.823,0.08901,1.517988,2.69345,52.268498248514696,5.683133815389109,-6.964172276322298,-0.436419,-0.071144,0.076256,-0.893679,0.978247,-0.0742,-0.193719,0.198394,0.607447,0.769186,0.027581,1.148313,3.061906,-13.315828014341518,58.94683225448665,-27.439645952321225,-0.213964,0.450818,-0.14967,0.85357,0.548724,-0.448425,-0.705562,0.06259,0.863637,-0.500214,0.271024,0.994682,2.822048,15.943760865586984,27.889618194941153,-37.04758976010882,0.051805,0.269056,-0.337046,0.900736,0.628017,-0.579302,-0.519619,0.635057,0.767432,-0.088043,M,BuildTutorial
12.856,0.092064,1.518473,2.692195,52.123191597076506,7.02452295129341,-6.781850376942469,-0.434489,-0.080874,0.079902,-0.893473,0.97415,-0.072503,-0.21395,0.213058,0.60967,0.763485,0.043651,1.150015,3.063383,-12.198574705310966,62.40854727057605,-29.625647379001744,-0.219566,0.474803,-0.164218,0.836293,0.495189,-0.483169,-0.722036,0.066168,0.849647,-0.523184,0.276013,0.994829,2.817732,15.91133138112327,29.06031341359022,-37.13806602539996,0.047879,0.278205,-0.338212,0.897732,0.61643,-0.580606,-0.531893,0.633887,0.766641,-0.102219,M,BuildTutorial
12.89,0.094886,1.518874,2.690912,51.976330912299275,8.330183034554846,-6.587983083525907,-0.432555,-0.09029,0.083286,-0.893201,0.969822,-0.070672,-0.233345,0.226893,0.611919,0.757677,0.059326,1.151532,3.064065,-11.20893262405571,65.57605473246231,-30.401056663417897,-0.220539,0.498562,-0.168335,0.821257,0.446199,-0.496396,-0.744645,0.056588,0.846052,-0.530088,0.280557,0.995043,2.813754,15.797992069350745,30.12809183586991,-37.04578727167042,0.044048,0.286255,-0.337723,0.895579,0.608003,-0.579697,-0.542479,0.630133,0.768006,-0.114453,M,BuildTutorial
12.924,0.097473,1.519332,2.689611,51.867691385448786,9.511759767288948,-6.380957661694074,-0.431002,-0.098702,0.086082,-0.892796,0.965696,-0.068626,-0.250444,0.238789,0.613655,0.752601,0.074048,1.152309,3.065597,-10.571433891636415,67.6642899777336,-30.551894845038497,-0.219885,0.514645,-0.168447,0.811429,0.413532,-0.49969,-0.761118,0.04704,0.846553,-0.530223,0.285216,0.995548,2.809407,15.669517261518608,31.22897769681332,-37.05207462707495,0.039758,0.294547,-0.337943,0.893004,0.598074,-0.580148,-0.552934,0.62699,0.768428,-0.128072,M,BuildTutorial
12.957,0.099884,1.519789,2.688302,51.70330828121466,10.648194249832146,-6.2057909309385995,-0.429005,-0.106882,0.088903,-0.89254,0.961345,-0.066994,-0.267072,0.250405,0.616103,0.746803,0.087645,1.151806,3.064949,-9.621786875572864,70.59028722272673,-31.466850811465285,-0.222009,0.53562,-0.173897,0.795979,0.365742,-0.514662,-0.775471,0.039011,0.840944,-0.539715,0.289811,0.995862,2.804992,15.669378123178914,32.42545790764506,-37.09477737835881,0.036113,0.303868,-0.338671,0.889754,0.585934,-0.58072,-0.565196,0.624614,0.767996,-0.141559,M,BuildTutorial
12.99,0.102194,1.520226,2.687047,51.57796065837886,11.746075814391926,-6.061255821467435,-0.427298,-0.114885,0.091809,-0.89207,0.956745,-0.065621,-0.28343,0.261981,0.617976,0.741264,0.100209,1.151324,3.063972,-8.621745721409841,73.0810699033152,-31.049579893458095,-0.217098,0.555881,-0.171314,0.783911,0.323296,-0.509952,-0.797138,0.027228,0.84704,-0.530832,0.294099,0.99636,2.800604,15.607419536783452,33.55213341102203,-37.04727964488408,0.032418,0.312445,-0.338518,0.88698,0.575567,-0.580259,-0.576213,0.620775,0.768709,-0.154029,M,BuildTutorial
13.023,0.104306,1.520545,2.685998,51.47231199179889,12.73671269451696,-5.915037101309529,-0.425818,-0.12205,0.094291,-0.891567,0.952426,-0.064191,-0.297933,0.272075,0.619577,0.736274,0.110917,1.151756,3.063293,-8.481196635035277,74.56397779791251,-29.722258520166555,-0.2118,0.568784,-0.160218,0.778432,0.30163,-0.490374,-0.817651,0.0085,0.858942,-0.512003,0.298214,0.997175,2.796218,15.477104269707503,34.53005744165849,-37.196080908684515,0.028078,0.319741,-0.33966,0.884086,0.564794,-0.582623,-0.58443,0.618533,0.767685,-0.16756,M,BuildTutorial
13.057,0.106238,1.520752,2.685086,51.37636914217126,13.647343899755835,-5.774722387291174,-0.424463,-0.128616,0.09651,-0.891053,0.948288,-0.062805,-0.311137,0.281176,0.621034,0.731613,0.120404,1.152542,3.061647,-8.758963174029837,76.26922116355466,-28.887364553744874,-0.21174,0.581266,-0.149954,0.771239,0.279287,-0.477456,-0.833088,-0.014855,0.86536,-0.500931,0.301965,0.997761,2.79206,15.290302685585065,35.483243472342,-37.137925535822134,0.023938,0.326644,-0.339034,0.881922,0.55672,-0.582364,-0.592381,0.613641,0.768966,-0.179263,M,BuildTutorial
13.09,0.107911,1.520799,2.684219,51.34777880111501,14.39598159776615,-5.613049019516089,-0.423789,-0.133839,0.098002,-0.890441,0.944966,-0.061091,-0.321416,0.287969,0.621598,0.728485,0.128466,1.152565,3.06014,-8.622200071277586,77.51590354547845,-28.09244214281444,-0.208377,0.591368,-0.143072,0.765763,0.259628,-0.465573,-0.84607,-0.027336,0.872219,-0.488351,0.305593,0.997932,2.788039,15.181059895408378,36.46031002256871,-37.01129919449807,0.020552,0.333881,-0.338012,0.879687,0.548543,-0.580964,-0.601316,0.608413,0.770652,-0.189552,M,BuildTutorial
13.123,0.109267,1.520684,2.683443,51.33124644977804,15.020296240568792,-5.533397644548245,-0.423216,-0.138396,0.099677,-0.889831,0.941822,-0.06025,-0.330668,0.294535,0.621906,0.725591,0.135402,1.15238,3.056903,-8.891913632613841,78.99402035967708,-26.959974144289585,-0.205988,0.602711,-0.13139,0.759635,0.238952,-0.44792,-0.861551,-0.048686,0.880611,-0.471332,0.308927,0.99749,2.784101,15.210682710920148,37.32194342808263,-37.178379501033504,0.017747,0.340579,-0.339503,0.876601,0.537488,-0.583128,-0.609154,0.607305,0.768846,-0.200141,M,BuildTutorial
13.156,0.110183,1.520481,2.6827,51.4120594820907,15.50814507566323,-5.548747018929102,-0.4234,-0.142229,0.101668,-0.888914,0.938869,-0.06031,-0.338951,0.301188,0.620793,0.723811,0.141622,1.15101,3.054303,-8.698248649254909,80.04082040786372,-26.08360880821174,-0.201273,0.611564,-0.12481,0.754918,0.220823,-0.434625,-0.87312,-0.057741,0.887823,-0.456548,0.31165,0.996543,2.780511,15.30925146206978,38.16010069069349,-37.04500657740955,0.016443,0.347184,-0.338836,0.87429,0.529308,-0.581064,-0.618222,0.603899,0.76984,-0.206524,M,BuildTutorial
13.19,0.110851,1.520271,2.681925,51.494619358138266,15.895430310809733,-5.584107100816728,-0.423653,-0.145351,0.103447,-0.888082,0.936343,-0.060583,-0.345819,0.306897,0.619634,0.722405,0.147163,1.149269,3.050476,-8.393631350684785,81.55517975021323,-25.689561582611606,-0.198838,0.622753,-0.121292,0.746947,0.194933,-0.428851,-0.882093,-0.066456,0.891504,-0.448112,0.314195,0.995413,2.777225,15.48434905481172,38.98522301694717,-36.8461666906725,0.015992,0.353832,-0.337851,0.872012,0.52132,-0.577903,-0.627896,0.600536,0.771203,-0.211195,M,BuildTutorial
13.223,0.111021,1.520055,2.6813,51.55414886527457,16.191345903628164,-5.59796862523844,-0.423831,-0.147686,0.104703,-0.887465,0.934453,-0.060652,-0.350885,0.311028,0.618809,0.721344,0.152366,1.146829,3.045645,-7.648121556328676,83.37951731215847,-24.895040679583985,-0.191672,0.637282,-0.117287,0.737141,0.160231,-0.417212,-0.894573,-0.071385,0.899011,-0.432068,0.316057,0.994409,2.773999,15.730316461560829,39.60180428560216,-36.559052647626864,0.017003,0.359016,-0.336349,0.870453,0.515955,-0.573343,-0.63645,0.59776,0.773161,-0.211909,M,BuildTutorial
13.256,0.110913,1.519852,2.680766,51.65467925442216,16.461339411086154,-5.569306946280805,-0.424404,-0.149654,0.105574,-0.886758,0.932916,-0.060209,-0.355025,0.314264,0.617471,0.721088,0.157641,1.143961,3.041549,-6.894049424624555,84.62226278265418,-24.446914424174608,-0.185721,0.647291,-0.116731,0.729997,0.134776,-0.410858,-0.901682,-0.070004,0.903763,-0.42227,0.316307,0.993295,2.772042,15.780361982674188,39.847176965684056,-36.54297033905269,0.016726,0.360985,-0.336385,0.86963,0.51307,-0.572985,-0.639098,0.597137,0.773131,-0.213769,M,BuildTutorial
13.29,0.110627,1.519655,2.680248,51.744138385152766,16.68389261142515,-5.424166522902378,-0.425086,-0.150822,0.105361,-0.886258,0.932304,-0.058529,-0.356909,0.314978,0.616402,0.721691,0.16279,1.141466,3.037666,-6.349205938972384,85.74869514834035,-24.341244304887937,-0.182895,0.655524,-0.117432,0.723221,0.112997,-0.409642,-0.905221,-0.069926,0.905519,-0.418505,0.316617,0.992762,2.770342,15.815471353611832,39.99049857582709,-36.33937062617101,0.017224,0.362118,-0.334947,0.869704,0.513363,-0.570135,-0.641409,0.595083,0.775028,-0.212621,M,BuildTutorial
13.323,0.110079,1.519489,2.679805,51.80397459042545,16.859075294627655,-5.25627439020956,-0.425613,-0.151542,0.104771,-0.885953,0.932116,-0.056648,-0.357702,0.314641,0.615753,0.722391,0.167242,1.139323,3.033662,-5.869644233607068,86.94891960014216,-24.35890057805245,-0.181285,0.663824,-0.118465,0.715849,0.090608,-0.410289,-0.907443,-0.071075,0.906204,-0.416825,0.31639,0.992721,2.768947,15.825080310411826,40.13589648462425,-36.39563405637331,0.016696,0.36325,-0.335419,0.86906,0.511086,-0.570869,-0.642573,0.595129,0.77443,-0.214662,M,BuildTutorial
13.357,0.109303,1.519351,2.679505,51.84170790473243,16.939904073321753,-5.117945979304927,-0.426016,-0.151645,0.104039,-0.885828,0.93236,-0.055115,-0.357306,0.313527,0.615373,0.723199,0.171663,1.137284,3.030081,-5.466411521022474,87.65141671186434,-24.210261229514845,-0.178687,0.669085,-0.118834,0.71153,0.076407,-0.408222,-0.90968,-0.070005,0.907899,-0.413303,0.31597,0.993001,2.767988,15.690361504717902,40.15175066454578,-36.38655689096675,0.015622,0.36308,-0.33502,0.869305,0.511869,-0.571125,-0.641721,0.593813,0.775035,-0.216117,M,BuildTutorial
13.391,0.108564,1.519093,2.678903,51.92097865925922,16.909119720074443,-5.065868862473189,-0.426729,-0.151196,0.1036,-0.885612,0.932814,-0.05446,-0.356221,0.312539,0.614339,0.724505,0.175912,1.135311,3.026394,-5.14693291568947,88.34001099146519,-24.80457471058364,-0.180956,0.672926,-0.123341,0.70655,0.063916,-0.417833,-0.906273,-0.069246,0.904084,-0.421708,0.315342,0.993386,2.767317,15.62158748351871,40.11898859158957,-36.45146380386077,0.014973,0.362692,-0.335338,0.869355,0.512006,-0.572195,-0.640659,0.593918,0.774648,-0.217215,M,BuildTutorial
13.423,0.107741,1.51889,2.678346,51.99884941538586,16.836633761220284,-5.045496138145656,-0.427427,-0.150543,0.103249,-0.885428,0.933353,-0.054147,-0.354853,0.311532,0.613292,0.725825,0.180181,1.133415,3.023598,-5.101815697407097,88.38210867530009,-25.486881596979117,-0.184734,0.67217,-0.127748,0.705508,0.063736,-0.428599,-0.901244,-0.06809,0.899108,-0.432398,0.314741,0.993816,2.766829,15.515185488443286,40.16490499097067,-36.45002154615549,0.014009,0.362811,-0.33507,0.869425,0.512193,-0.572471,-0.640262,0.592801,0.775064,-0.218775,M,BuildTutorial
13.456,0.106916,1.518724,2.677832,52.01634539617337,16.73316158046139,-5.0884544771888045,-0.4276,-0.1499,0.103212,-0.885458,0.933755,-0.054585,-0.353727,0.310974,0.61301,0.726301,0.18354,1.132116,3.020299,-5.303335741258466,88.5484465404522,-24.95963331265827,-0.183036,0.673711,-0.123027,0.70532,0.061956,-0.420174,-0.905326,-0.073079,0.902724,-0.423967,0.314331,0.994114,2.766231,15.441898540820276,40.2295747080927,-36.63064522817336,0.012673,0.363164,-0.336266,0.868836,0.510075,-0.575116,-0.639583,0.593525,0.773529,-0.222218,M,BuildTutorial
13.49,0.106252,1.51861,2.677217,52.018595868692344,16.657183669236197,-5.108423304989328,-0.42766,-0.149387,0.103085,-0.885531,0.934114,-0.054796,-0.352744,0.310343,0.612962,0.726612,0.186642,1.130592,3.016433,-5.918063966541231,89.10100863244189,-25.088565278759972,-0.188076,0.675888,-0.119223,0.702559,0.057924,-0.421758,-0.904856,-0.086714,0.900827,-0.425431,0.313644,0.994173,2.765587,15.440002837683528,40.27212458171118,-36.542779182097895,0.012812,0.363473,-0.3356,0.868963,0.510521,-0.573934,-0.640288,0.592561,0.774417,-0.221696,M,BuildTutorial
13.523,0.105759,1.51853,2.676591,51.99053996768271,16.644048116275492,-5.047247075877853,-0.427533,-0.149063,0.102536,-0.88571,0.934533,-0.054176,-0.351729,0.309094,0.613404,0.726771,0.189753,1.12791,3.013327,-6.252206988776031,89.44019176990186,-27.392941200403477,-0.204007,0.673443,-0.130712,0.698406,0.058778,-0.457355,-0.88734,-0.092194,0.882591,-0.461014,0.313216,0.994473,2.764632,15.399718252948688,40.29960672818088,-36.579606198151936,0.012299,0.363598,-0.335782,0.868847,0.510094,-0.574544,-0.640081,0.592431,0.774198,-0.222808,M,BuildTutorial
13.556,0.105125,1.518506,2.676062,51.99034498116131,16.642300647315313,-4.922498686776464,-0.427695,-0.148584,0.101565,-0.885824,0.935215,-0.05284,-0.350116,0.307035,0.613523,0.727544,0.192628,1.12374,3.011573,-5.507110776568224,88.83709925773188,-28.666633841867306,-0.206312,0.668831,-0.14404,0.699538,0.063835,-0.477498,-0.876311,-0.074453,0.873376,-0.481322,0.312706,0.99457,2.76365,15.326004416247908,40.276163154674926,-36.64084167996225,0.011596,0.363267,-0.336061,0.868888,0.510201,-0.575573,-0.63907,0.592423,0.773857,-0.224008,M,BuildTutorial
13.59,0.104503,1.518444,2.675401,51.98972733507789,16.68799012921629,-4.842048199096678,-0.427754,-0.148637,0.101113,-0.885838,0.935367,-0.051979,-0.349838,0.306298,0.613605,0.727785,0.195033,1.120349,3.007047,-5.3848778683219285,89.67949048678024,-30.46969482507907,-0.217224,0.670842,-0.154165,0.692111,0.052409,-0.504843,-0.861619,-0.078047,0.858095,-0.507526,0.312458,0.994432,2.762456,15.318696176973694,40.3410924678275,-36.498234319485555,0.011801,0.363729,-0.334968,0.869114,0.510995,-0.573666,-0.640149,0.590836,0.775314,-0.223162,M,BuildTutorial
13.623,0.103986,1.51835,2.674723,52.03210928620057,16.717602123801043,-4.70360583891167,-0.428237,-0.148339,0.100195,-0.885759,0.935913,-0.050449,-0.3486,0.304547,0.613148,0.728904,0.198081,1.115468,3.005003,-4.436750569681378,89.20240833834161,-32.385154496357686,-0.222132,0.666122,-0.172306,0.690833,0.053185,-0.534003,-0.843808,-0.057866,0.841936,-0.536466,0.312537,0.994019,2.761225,15.388370820967308,40.48557335977386,-36.44246465014231,0.012102,0.364969,-0.334734,0.86868,0.509503,-0.572719,-0.642184,0.590386,0.775614,-0.22331,M,BuildTutorial
13.657,0.103466,1.518315,2.67414,52.034233710439295,16.767186853085164,-4.5789578870783725,-0.428372,-0.148256,0.099419,-0.885796,0.936272,-0.049113,-0.347826,0.303148,0.613227,0.72942,0.200734,1.110581,3.002401,-3.511963576467304,89.189617314221,-35.30317261329102,-0.233586,0.662102,-0.195323,0.684768,0.046939,-0.576818,-0.815523,-0.041814,0.814573,-0.578553,0.312416,0.993244,2.760528,15.49264215918968,40.527777270509134,-36.3708016088627,0.013024,0.365505,-0.334456,0.868548,0.509091,-0.571461,-0.64363,0.590503,0.77594,-0.221866,M,BuildTutorial
13.69,0.103032,1.518237,2.673511,52.03118838687925,16.773187299959822,-4.495469233686037,-0.428451,-0.147991,0.098793,-0.885872,0.936677,-0.048223,-0.346858,0.30185,0.61334,0.729864,0.202949,1.107803,2.998899,-3.247326226318183,89.21040754319806,-35.829587540575986,-0.235112,0.661697,-0.199981,0.683291,0.044328,-0.584437,-0.810228,-0.037856,0.80946,-0.585954,0.312267,0.992917,2.75976,15.501372323175698,40.57594047029362,-36.294635330590495,0.013195,0.36588,-0.333906,0.868599,0.509278,-0.570404,-0.644418,0.589716,0.776666,-0.221416,M,BuildTutorial
13.723,0.102644,1.518197,2.672908,52.05083199866918,16.819856873403126,-4.424443520932965,-0.428655,-0.148081,0.098438,-0.885797,0.936764,-0.047441,-0.346732,0.301344,0.613129,0.73025,0.205077,1.104834,2.994849,-2.8348301909212843,89.76156600000988,-36.79174314017813,-0.239248,0.663839,-0.206982,0.67767,0.032951,-0.598176,-0.800687,-0.037113,0.799837,-0.599068,0.312165,0.992757,2.759079,15.511154814737845,40.608293668600375,-36.22214104613502,0.013409,0.366138,-0.333385,0.868688,0.509595,-0.569395,-0.64506,0.589034,0.777349,-0.220832,M,BuildTutorial
13.756,0.102426,1.518171,2.672499,52.08372445759239,16.85466371878893,-4.370331408237647,-0.428951,-0.148139,0.098183,-0.885673,0.93683,-0.046828,-0.346636,0.301005,0.612721,0.730731,0.206777,1.101775,2.992419,-2.271959733604005,89.72527880834477,-38.3427473035681,-0.24488,0.661542,-0.219511,0.673951,0.028353,-0.619876,-0.784187,-0.028116,0.783698,-0.620506,0.311946,0.992801,2.758589,15.490374787249438,40.60752883150593,-36.233538022272086,0.013212,0.366089,-0.333419,0.868698,0.509622,-0.569607,-0.644852,0.588954,0.777315,-0.221166,M,BuildTutorial
13.79,0.102346,1.518075,2.672111,52.031663358250945,16.925209715316395,-4.3569433033016205,-0.428503,-0.148648,0.098291,-0.885792,0.936485,-0.046738,-0.347579,0.301523,0.613448,0.729908,0.20796,1.100066,2.989204,-2.309064238174422,89.86995752179192,-38.20297077928643,-0.244564,0.662612,-0.218163,0.673453,0.026701,-0.617948,-0.785766,-0.030257,0.785186,-0.61852,0.311644,0.99302,2.758252,15.464112153134476,40.57222525982529,-36.26704065348746,0.013002,0.365769,-0.333603,0.868765,0.509844,-0.570134,-0.64421,0.589157,0.77708,-0.221452,M,BuildTutorial
13.823,0.102166,1.517945,2.671689,52.09300982662197,16.94630385611176,-4.320468405856389,-0.429009,-0.148658,0.09815,-0.885561,0.936535,-0.046285,-0.347507,0.301388,0.612637,0.730645,0.209134,1.098035,2.986879,-2.174815357724782,89.86745327800404,-38.793731319010355,-0.247195,0.661618,-0.222423,0.672074,0.025579,-0.626067,-0.77935,-0.028128,0.778846,-0.626585,0.311292,0.993233,2.757937,15.406980465710888,40.54705610424984,-36.22020500473219,0.012777,0.365451,-0.333102,0.869095,0.510978,-0.569655,-0.643735,0.588333,0.77776,-0.221255,M,BuildTutorial
13.856,0.101982,1.517822,2.671292,52.12281600250595,16.971407368431286,-4.272165734119779,-0.429282,-0.148663,0.097901,-0.885456,0.93663,-0.045737,-0.347323,0.30101,0.612265,0.731112,0.210262,1.09603,2.985607,-1.8945772803721703,89.61481520043304,-39.65690343058474,-0.250048,0.658875,-0.229666,0.671277,0.026274,-0.63784,-0.769721,-0.021162,0.769459,-0.638346,0.311085,0.993358,2.757616,15.375961126775657,40.501546297261015,-36.27174223090432,0.012502,0.365045,-0.33341,0.869151,0.51116,-0.57044,-0.642895,0.588695,0.777363,-0.221687,M,BuildTutorial
13.89,0.101931,1.517731,2.670872,52.16798238872161,16.971060204553666,-4.20207398508638,-0.429724,-0.148385,0.097404,-0.885343,0.936989,-0.044942,-0.346456,0.3,0.6117,0.732,0.210939,1.094903,2.983899,-1.8576987384476809,89.57925000560817,-40.21612884238879,-0.252975,0.657521,-0.233232,0.670278,0.026537,-0.645333,-0.76344,-0.020011,0.763213,-0.645837,0.310912,0.993408,2.757459,15.368971771451108,40.41188082996437,-36.20100861729503,0.012933,0.364342,-0.332846,0.869656,0.512937,-0.5695,-0.642313,0.588347,0.778092,-0.220046,M,BuildTutorial
13.924,0.101812,1.517698,2.670468,52.1834925564123,16.928817430722514,-4.175894555443207,-0.429914,-0.147956,0.097059,-0.88536,0.937377,-0.044648,-0.345443,0.299081,0.611506,0.732537,0.211832,1.094199,2.982968,-1.8160658705213164,89.16189935142351,-40.410980398522774,-0.252996,0.654739,-0.235536,0.672185,0.03168,-0.64794,-0.761032,-0.014646,0.761032,-0.648549,0.310819,0.993273,2.757271,15.431879553390658,40.34115904696497,-36.24530532941207,0.013491,0.363945,-0.333331,0.869628,0.512869,-0.569928,-0.641988,0.589568,0.777417,-0.219165,M,BuildTutorial
13.956,0.101797,1.517692,2.669883,52.18433203843613,16.842956489383507,-4.1891372882268945,-0.429976,-0.147342,0.09684,-0.885456,0.937824,-0.044789,-0.344208,0.298203,0.611485,0.732913,0.212548,1.093879,2.981182,-1.811181159970873,89.36554912382269,-41.05231285847177,-0.257053,0.654515,-0.238866,0.669684,0.029106,-0.65642,-0.753834,-0.01656,0.753733,-0.656972,0.310707,0.993152,2.757006,15.44858438730429,40.32054882471613,-36.25095228294117,0.013664,0.363825,-0.333413,0.869644,0.512935,-0.569959,-0.641908,0.589844,0.777298,-0.218843,M,BuildTutorial
13.99,0.101747,1.517826,2.669487,52.13901502198189,16.754672494319497,-4.212252957087774,-0.429669,-0.146759,0.096642,-0.885724,0.938244,-0.045081,-0.343025,0.297313,0.61209,0.73277,0.21318,1.093668,2.97957,-1.784860091833997,89.574584468894,-41.84993726286728,-0.261895,0.653988,-0.243196,0.666758,0.026311,-0.666858,-0.74472,-0.018246,0.744534,-0.667336,0.310647,0.993095,2.756758,15.410211364629427,40.308850089675445,-36.200898121904245,0.013556,0.363648,-0.332936,0.869902,0.513828,-0.569385,-0.641703,0.589104,0.777939,-0.218558,M,BuildTutorial
14.023,0.101735,1.51799,2.669188,52.08271267507428,16.66039300981782,-4.285013259802046,-0.429218,-0.146318,0.096795,-0.885999,0.938444,-0.045915,-0.342367,0.297125,0.612805,0.732248,0.214016,1.09354,2.978545,-1.6829430410026862,89.47431369400184,-43.26148960704431,-0.269127,0.650373,-0.252212,0.664059,0.026807,-0.685033,-0.728018,-0.015099,0.72792,-0.685496,0.310663,0.993034,2.756632,15.408464614957976,40.297939939741575,-36.130923875121034,0.013796,0.363553,-0.332399,0.870143,0.51468,-0.568439,-0.641858,0.588501,0.778641,-0.217681,M,BuildTutorial
14.056,0.101656,1.518162,2.668775,52.04862658808642,16.558500345597658,-4.342987833468287,-0.428965,-0.145756,0.096828,-0.88621,0.938759,-0.046571,-0.341413,0.296669,0.613226,0.73208,0.214863,1.094153,2.977947,-1.8622125118676105,89.31718436827478,-44.13312138071325,-0.274738,0.646965,-0.256606,0.663407,0.03118,-0.695959,-0.717404,-0.015023,0.717346,-0.696556,0.310509,0.992778,2.756662,15.474345217451113,40.22499747214724,-36.3106002053565,0.013955,0.363162,-0.333918,0.869722,0.513224,-0.570697,-0.64102,0.590968,0.776608,-0.21826,M,BuildTutorial
14.089,0.10167,1.518247,2.668402,52.00295887774937,16.52128723854457,-4.4093295017141285,-0.428557,-0.145728,0.097157,-0.886376,0.938647,-0.04733,-0.341615,0.297142,0.613798,0.731409,0.215217,1.094831,2.976839,-2.011540895278381,89.46038791732252,-45.53940645728326,-0.283835,0.643997,-0.263523,0.659744,0.031647,-0.713293,-0.700151,-0.017863,0.699987,-0.713933,0.310299,0.992689,2.756648,15.443332444954525,40.20796848203393,-36.20876060462559,0.014084,0.362954,-0.333066,0.870134,0.514664,-0.5694,-0.641019,0.589847,0.777738,-0.217264,M,BuildTutorial
14.123,0.101698,1.518282,2.668054,51.98269566885136,16.525290607259887,-4.417326626600688,-0.428386,-0.145794,0.097214,-0.886442,0.938587,-0.047437,-0.341767,0.297262,0.61407,0.731132,0.215772,1.095209,2.976429,-1.962909201453096,89.42047141265418,-46.715961715462726,-0.290063,0.640944,-0.27066,0.657113,0.031867,-0.727537,-0.685329,-0.016121,0.685213,-0.728164,0.310147,0.992658,2.756783,15.433020336944288,40.14729920311176,-36.255371679432066,0.014032,0.362477,-0.333387,0.870211,0.514927,-0.570061,-0.640219,0.590407,0.777312,-0.217268,M,BuildTutorial
14.156,0.101783,1.518258,2.667519,52.00635277834984,16.522029253618598,-4.412539059551199,-0.428579,-0.145745,0.097188,-0.88636,0.938626,-0.047361,-0.341671,0.297213,0.61375,0.73142,0.216124,1.094657,2.976215,-1.598316487228215,89.6927301292233,-50.05988788177992,-0.307299,0.634734,-0.291031,0.646515,0.024828,-0.766417,-0.641864,-0.013794,0.641738,-0.7668,0.309698,0.992782,2.756872,15.41114352150906,40.0406090758547,-36.27556603362267,0.014107,0.361622,-0.333473,0.870532,0.516051,-0.570395,-0.639015,0.590801,0.777194,-0.216621,M,BuildTutorial
14.19,0.101831,1.518274,2.667229,51.99627407817974,16.54792373831106,-4.379970508729229,-0.42852,-0.145826,0.097023,-0.886393,0.938643,-0.047023,-0.341671,0.29698,0.613914,0.731377,0.21637,1.093441,2.9757,-0.9301714420995892,90.00360181822715,-53.58720545794471,-0.323871,0.628601,-0.313604,0.633736,0.013027,-0.804655,-0.593599,-0.009686,0.59352,-0.804761,0.309467,0.99301,2.756884,15.333162803338634,39.955407498614264,-36.250141228073375,0.013823,0.360804,-0.333077,0.871028,0.517761,-0.570264,-0.637748,0.590214,0.777737,-0.21627,M,BuildTutorial
14.223,0.101768,1.518304,2.666945,51.974196120619766,16.56987546204582,-4.319949483181942,-0.428406,-0.145777,0.096619,-0.8865,0.938828,-0.046403,-0.341247,0.29621,0.614266,0.731394,0.216606,1.092661,2.975656,-0.5693131401962639,90.12890787753544,-57.04207202772233,-0.341089,0.620309,-0.334156,0.622266,0.007114,-0.839029,-0.54404,-0.007293,0.543996,-0.839056,0.309144,0.993051,2.757001,15.321653854308092,39.85958131219627,-36.2788379187325,0.013921,0.360054,-0.333255,0.871268,0.518604,-0.570685,-0.636686,0.590734,0.777494,-0.215722,M,BuildTutorial
14.256,0.101614,1.518297,2.666648,51.991088849854336,16.5631549867769,-4.287693387733279,-0.428584,-0.1456,0.096361,-0.886471,0.939031,-0.04604,-0.340737,0.295646,0.614061,0.731794,0.21684,1.090523,2.976354,0.2034959712630086,90.2760395094426,-63.036258999238434,-0.369474,0.604895,-0.369834,0.600678,-0.00535,-0.891287,-0.453407,-0.002683,0.453425,-0.89129,0.308878,0.992656,2.75698,15.362554117483873,39.78892577401361,-36.342765907675386,0.014247,0.359613,-0.333833,0.871224,0.518469,-0.57144,-0.636118,0.591933,0.776705,-0.215277,M,BuildTutorial
14.29,0.101524,1.518295,2.666443,51.998365034041015,16.600130029602305,-4.219508709404305,-0.428696,-0.145629,0.095979,-0.886453,0.93916,-0.0453,-0.340479,0.295023,0.614015,0.732084,0.216403,1.087985,2.975166,1.3779282884149284,91.38330479657265,-68.81451009318354,-0.397401,0.595096,-0.401784,0.571404,-0.031139,-0.932146,-0.360742,-0.013821,0.361284,-0.932354,0.308773,0.992285,2.756886,15.410440254615162,39.78236020906691,-36.20131931159802,0.015086,0.359648,-0.332874,0.871562,0.519697,-0.569389,-0.636955,0.591093,0.777935,-0.213137,M,BuildTutorial
14.323,0.101475,1.518294,2.666235,51.94407126706307,16.63297744830465,-4.160193000415987,-0.428322,-0.145676,0.095589,-0.886669,0.939282,-0.04472,-0.340219,0.294305,0.614806,0.73171,0.21623,1.085025,2.972859,2.4772408936426764,92.5056730981144,-73.23150560130169,-0.418773,0.588615,-0.424866,0.545573,-0.053959,-0.956583,-0.28642,-0.029402,0.288236,-0.957108,0.308811,0.992019,2.756654,15.527450502611002,39.82483709430887,-36.22880412668849,0.015795,0.360226,-0.333376,0.871119,0.518195,-0.569441,-0.638131,0.5922,0.777222,-0.212664,M,BuildTutorial
14.356,0.10123,1.518354,2.666063,51.95084929140025,16.64983639287941,-4.050623604664052,-0.4285,-0.145395,0.094811,-0.886713,0.939742,-0.043537,-0.339101,0.292744,0.614798,0.732342,0.216394,1.081406,2.971781,3.567458794851829,93.04087962048204,-79.94199217763905,-0.449498,0.569583,-0.459128,0.512571,-0.070446,-0.982724,-0.171149,-0.04138,0.174306,-0.983822,0.308684,0.991791,2.75669,15.497570419309978,39.79413189889035,-36.197188811772115,0.015749,0.359924,-0.333058,0.871366,0.519055,-0.569094,-0.637741,0.591768,0.777649,-0.212305,M,BuildTutorial
14.389,0.100897,1.518308,2.66576,51.98437162384993,16.609935757104587,-3.997219943727749,-0.428861,-0.144877,0.094282,-0.886679,0.940243,-0.042931,-0.337786,0.291459,0.614379,0.733206,0.216273,1.078271,2.967791,4.284663825238032,94.34930241502786,-82.11616741045613,-0.462236,0.569342,-0.466848,0.494207,-0.084195,-0.98778,-0.131159,-0.064902,0.136783,-0.988473,0.308648,0.991586,2.756783,15.464339226241822,39.73790630028413,-36.13068799897987,0.01586,0.359416,-0.332463,0.871801,0.520578,-0.568282,-0.637224,0.591084,0.778434,-0.211331,M,BuildTutorial
14.422,0.100667,1.518302,2.665435,52.01961116745328,16.55195630473814,-3.9071280317088615,-0.429296,-0.144081,0.093403,-0.886691,0.941033,-0.041932,-0.335706,0.289346,0.613962,0.734391,0.216247,1.074423,2.96467,5.066284385151258,95.2070975597121,-84.61418606781612,-0.474561,0.565679,-0.47754,0.476188,-0.096073,-0.991696,-0.085495,-0.0821,0.093495,-0.992229,0.308343,0.991211,2.757293,15.553019958437243,39.60709554139303,-36.04485057583434,0.017205,0.358598,-0.332008,0.872286,0.522357,-0.566872,-0.637023,0.59155,0.77895,-0.2081,M,BuildTutorial
14.456,0.100529,1.518388,2.665281,51.974598471566914,16.462320876726572,-3.894276952103674,-0.429035,-0.143352,0.092923,-0.886986,0.941631,-0.041837,-0.334036,0.287848,0.614589,0.734455,0.216039,1.069134,2.961719,6.46864332673208,96.1163272618704,-88.67252036614417,-0.492035,0.557527,-0.496379,0.447966,-0.114456,-0.993367,-0.011036,-0.103924,0.02302,-0.994319,0.308151,0.991178,2.757657,15.555662570487565,39.52850268492101,-36.08917445626503,0.017315,0.358012,-0.33234,0.872398,0.522755,-0.567467,-0.636166,0.592263,0.778501,-0.207753,M,BuildTutorial
14.489,0.10031,1.518504,2.665186,51.93361019153781,16.39590267946564,-3.8749363697826,-0.428794,-0.142777,0.092484,-0.887241,0.942123,-0.041668,-0.332669,0.286555,0.615165,0.734478,0.21583,1.064496,2.957156,7.32382048372843,97.3034637629452,-89.73773280048385,-0.498629,0.560725,-0.499098,0.433425,-0.127023,-0.991831,0.011665,-0.126544,0.00454,-0.991951,0.307851,0.991404,2.75819,15.48347103936948,39.418837567813135,-36.12268370025472,0.016961,0.357027,-0.332403,0.872784,0.524079,-0.568121,-0.634491,0.592344,0.778441,-0.207747,M,BuildTutorial
14.522,0.100262,1.51856,2.665034,51.91792901339795,16.340207900209368,-3.818739411100323,-0.428787,-0.14214,0.091825,-0.887416,0.942729,-0.041079,-0.331021,0.28487,0.61542,0.73492,0.21574,1.058689,2.953733,8.651253224801746,98.0407021523528,-92.40163562978988,-0.509108,0.556733,-0.511393,0.411503,-0.142948,-0.987754,0.062514,-0.145995,-0.041428,-0.988418,0.307565,0.991839,2.758761,15.417762933988875,39.31421659861571,-36.165710992557685,0.016614,0.356095,-0.332556,0.873113,0.525206,-0.568886,-0.632873,0.59255,0.778261,-0.207832,M,BuildTutorial
14.556,0.100346,1.518563,2.664794,51.92329224174606,16.32430278117768,-3.7601454086222543,-0.428914,-0.141796,0.091317,-0.887462,0.94311,-0.040444,-0.330011,0.283717,0.615388,0.735393,0.215424,1.053141,2.949108,9.804686011165318,99.36176751390532,-95.29510269845858,-0.524151,0.552641,-0.520322,0.38616,-0.152293,-0.981189,0.118639,-0.177479,-0.090938,-0.979914,0.307292,0.992196,2.759248,15.37608495734174,39.16670094265736,-36.1654596839019,0.016715,0.354881,-0.332432,0.873653,0.527096,-0.568997,-0.631199,0.592724,0.778419,-0.206742,M,BuildTutorial
14.59,0.100455,1.518486,2.664619,51.95741277576461,16.338272148524766,-3.6631600036044873,-0.429288,-0.141531,0.090652,-0.887391,0.943503,-0.039373,-0.329018,0.282403,0.614988,0.736233,0.215144,1.048265,2.944367,10.710740956250223,100.6901311392766,-97.15048551342676,-0.535364,0.551832,-0.523965,0.366508,-0.158116,-0.974936,0.156523,-0.206787,-0.122308,-0.970711,0.307066,0.992464,2.759576,15.340281744375876,39.043490529781145,-36.199999690857275,0.016684,0.353869,-0.332591,0.874003,0.528321,-0.569563,-0.629663,0.59318,0.77821,-0.206223,M,BuildTutorial
14.622,0.100548,1.518419,2.664581,51.98068423204872,16.392408728657244,-3.6091733799583663,-0.429493,-0.141741,0.09046,-0.887278,0.943453,-0.038772,-0.329231,0.282279,0.614706,0.736516,0.214727,1.043611,2.940612,11.74277608101779,101.69555978542508,-100.57871985773654,-0.55216,0.542544,-0.533846,0.340256,-0.158691,-0.962431,0.220329,-0.235853,-0.179744,-0.955021,0.307039,0.992693,2.759691,15.28308715329796,38.98448040595568,-36.23474783482985,0.016298,0.3533,-0.33271,0.874195,0.528966,-0.570192,-0.628551,0.593224,0.778076,-0.206598,M,BuildTutorial
14.656,0.100787,1.51832,2.664486,52.01294222969943,16.49799464632881,-3.4892822390906892,-0.429809,-0.142099,0.08996,-0.887118,0.94343,-0.037459,-0.329448,0.281761,0.614342,0.737017,0.214461,1.040827,2.936284,11.897207322305755,102.88746971401142,-100.93875854663568,-0.55878,0.544874,-0.529723,0.33207,-0.154989,-0.96074,0.230124,-0.257119,-0.185683,-0.948373,0.307039,0.992513,2.75982,15.271744927658942,38.96327343838337,-36.19493291721228,0.016393,0.353108,-0.332376,0.874398,0.529682,-0.569682,-0.628411,0.592835,0.778515,-0.206061,M,BuildTutorial
14.689,0.100988,1.518163,2.664431,52.11084825762588,16.525944887767906,-3.366146579040332,-0.430701,-0.141822,0.089211,-0.886806,0.943856,-0.036059,-0.328384,0.280392,0.613075,0.738593,0.214181,1.038939,2.93335,12.066187343068965,103.62245394639464,-102.5546799557591,-0.569162,0.539643,-0.531356,0.320158,-0.147107,-0.954524,0.259314,-0.274053,-0.21257,-0.937928,0.307366,0.992244,2.75949,15.372752360744862,39.001273441104935,-36.22465177207051,0.016986,0.353621,-0.332851,0.873999,0.528324,-0.56981,-0.629437,0.593836,0.777843,-0.205716,M,BuildTutorial
14.722,0.101221,1.518107,2.664459,52.14480692344274,16.590853643156425,-3.3097306804764415,-0.430984,-0.142101,0.089053,-0.886639,0.943754,-0.035429,-0.328745,0.280402,0.612644,0.738947,0.213714,1.038835,2.930939,11.576194396615684,104.11012646394184,-103.95657749911742,-0.579878,0.532123,-0.530925,0.314173,-0.130072,-0.950738,0.281387,-0.283528,-0.236281,-0.929399,0.307812,0.992195,2.758951,15.332692444678155,39.04806994284518,-36.12810950600792,0.016833,0.353877,-0.332025,0.874212,0.529061,-0.568607,-0.629906,0.592435,0.778952,-0.20556,M,BuildTutorial
14.755,0.101512,1.517984,2.664472,52.15190197142671,16.61439940761429,-3.281572714946207,-0.431056,-0.142175,0.088931,-0.886605,0.943756,-0.035122,-0.328774,0.280263,0.612564,0.739065,0.213295,1.039039,2.929483,11.080272422633612,104.30784000660364,-104.9477454069488,-0.587256,0.525731,-0.53075,0.311516,-0.116178,-0.948151,0.295825,-0.286803,-0.25313,-0.923942,0.308483,0.991961,2.758219,15.333805554909627,39.15450536649102,-36.13921206365111,0.016499,0.354693,-0.332128,0.873849,0.527769,-0.568755,-0.630855,0.592163,0.778838,-0.206771,M,BuildTutorial
14.789,0.101636,1.517753,2.664307,52.2169665263746,16.629702099829903,-3.2587872820445294,-0.431578,-0.142186,0.088879,-0.886355,0.943767,-0.034829,-0.328771,0.280285,0.611683,0.739787,0.212479,1.03782,2.929284,11.62250947159555,104.41589441485304,-107.30442771864324,-0.596441,0.515931,-0.538454,0.296884,-0.112236,-0.935162,0.33597,-0.295729,-0.291351,-0.909758,0.309114,0.991411,2.757379,15.440753222417952,39.31188048627283,-36.03299933083021,0.017214,0.356107,-0.3316,0.87346,0.526458,-0.567019,-0.633507,0.591539,0.77949,-0.206099,M,BuildTutorial
14.822,0.101678,1.517517,2.664082,52.31596247809919,16.64009639091791,-3.2462929813900656,-0.432354,-0.142186,0.088923,-0.885972,0.943752,-0.034617,-0.328837,0.280515,0.610326,0.740819,0.211403,1.037058,2.929002,11.893308932975208,104.42521543617109,-108.1387675397675,-0.599226,0.512653,-0.541523,0.291323,-0.11212,-0.929905,0.350294,-0.298873,-0.304636,-0.904363,0.309638,0.9908,2.756819,15.57337511044944,39.404387829351315,-36.06421795074967,0.017892,0.357101,-0.332174,0.872823,0.524279,-0.567079,-0.635259,0.592636,0.778681,-0.206006,M,BuildTutorial
14.856,0.101663,1.517401,2.663859,52.40354720398533,16.562323672296426,-3.197547551770437,-0.433154,-0.141371,0.088342,-0.885769,0.94442,-0.03403,-0.326976,0.278972,0.609147,0.742371,0.210383,1.036362,2.928841,12.33099341600466,104.52838717585216,-109.6942936040103,-0.605021,0.506444,-0.546409,0.280893,-0.110097,-0.919784,0.376664,-0.305853,-0.329227,-0.893344,0.309838,0.990202,2.756482,15.648518709633365,39.424416938676835,-35.90320012951621,0.018927,0.357388,-0.331133,0.873079,0.525251,-0.564681,-0.63659,0.591739,0.779986,-0.203635,M,BuildTutorial
14.889,0.101719,1.517424,2.663758,52.38946835216061,16.451979027809607,-3.17936057687684,-0.433152,-0.140454,0.08777,-0.885973,0.945138,-0.033849,-0.324913,0.2772,0.609352,0.742867,0.209889,1.037099,2.92804,11.9383445016623,104.46916208256842,-109.62027159829076,-0.605848,0.505149,-0.545169,0.283837,-0.104769,-0.921565,0.373819,-0.302608,-0.328523,-0.894707,0.309989,0.989756,2.756248,15.684989437376723,39.424262767482006,-35.98504730925118,0.018959,0.357478,-0.331845,0.872771,0.524178,-0.565694,-0.636575,0.592803,0.779039,-0.204161,M,BuildTutorial
14.922,0.101706,1.517531,2.663639,52.321287023234994,16.30617634748328,-3.27808359040021,-0.432614,-0.139722,0.087914,-0.886338,0.945498,-0.034952,-0.323747,0.276734,0.610233,0.742316,0.209462,1.037493,2.927517,11.899512823023793,104.53555339442715,-110.5755946269667,-0.610496,0.500089,-0.547029,0.279224,-0.098658,-0.916091,0.388644,-0.305118,-0.343891,-0.888055,0.309964,0.989467,2.756171,15.6533960669851,39.37593876773376,-35.856802860452525,0.01925,0.357021,-0.330783,0.873354,0.526237,-0.564036,-0.636348,0.591527,0.780424,-0.202568,M,BuildTutorial
14.956,0.101645,1.517694,2.663481,52.28995347258605,16.052514984358556,-3.370968591392902,-0.432452,-0.13812,0.087644,-0.886694,0.946483,-0.035965,-0.320744,0.274887,0.610607,0.742695,0.209254,1.039172,2.927813,10.877155167105157,104.13721209077612,-108.8598919529951,-0.604792,0.504138,-0.541249,0.295163,-0.094212,-0.92931,0.35708,-0.290284,-0.317447,-0.902753,0.310027,0.989338,2.756341,15.69981227485544,39.36306542496541,-35.99333388676587,0.019227,0.357045,-0.331934,0.872909,0.524678,-0.565767,-0.636098,0.593226,0.7789,-0.203464,M,BuildTutorial
14.989,0.101713,1.517892,2.663349,52.19109647224204,15.806022720322895,-3.472056683879484,-0.431751,-0.136623,0.087401,-0.887292,0.947391,-0.037127,-0.317919,0.273075,0.611904,0.742296,0.209474,1.041737,2.929207,9.21130564907113,102.9242452820444,-105.01857719916956,-0.588183,0.514228,-0.530977,0.328138,-0.092733,-0.953388,0.287147,-0.256452,-0.255791,-0.932097,0.309763,0.989382,2.75651,15.645830279875078,39.31481447718584,-36.01746879075157,0.018867,0.356566,-0.331979,0.873095,0.525302,-0.566243,-0.635159,0.593152,0.778869,-0.203799,M,BuildTutorial
15.022,0.10195,1.518291,2.663445,51.94773641370157,15.640902934989745,-3.602179243770479,-0.429829,-0.135902,0.087556,-0.88832,0.947729,-0.038726,-0.316717,0.272384,0.615162,0.739853,0.210885,1.047387,2.930936,5.29709265270598,100.03792241732762,-93.37594153366209,-0.536588,0.546673,-0.491316,0.414525,-0.080484,-0.994002,0.074049,-0.17935,-0.058636,-0.982036,0.309396,0.989747,2.756815,15.58878588868058,39.14822228670947,-36.15157590687502,0.018485,0.355196,-0.332836,0.873335,0.526112,-0.568223,-0.632716,0.594486,0.777758,-0.204157,M,BuildTutorial
15.056,0.102035,1.518727,2.663396,51.7252517134124,15.433952822500665,-3.838545183377692,-0.427975,-0.13524,0.088406,-0.889231,0.947789,-0.041468,-0.316191,0.272986,0.618044,0.737225,0.212752,1.054588,2.937145,1.4717207732853004,94.93524422393988,-82.22275888859077,-0.477946,0.560864,-0.451585,0.503061,-0.036994,-0.990475,-0.132631,-0.081777,0.135278,-0.987427,0.30891,0.989623,2.757434,15.587269499313576,39.05452389945063,-36.20886471033986,0.018568,0.354488,-0.333254,0.873462,0.52656,-0.569005,-0.631639,0.595333,0.777194,-0.203832,M,BuildTutorial
15.089,0.102103,1.519087,2.663061,51.5921351754142,15.220603688257311,-4.050440845609531,-0.426853,-0.134406,0.089133,-0.889824,0.94798,-0.043883,-0.31529,0.27337,0.619703,0.735688,0.213091,1.06138,2.940935,-1.5758006855952011,91.69840822718808,-71.61159197685174,-0.4275,0.576245,-0.399469,0.570624,0.016734,-0.948581,-0.316092,-0.036796,0.315338,-0.948266,0.308702,0.98987,2.757485,15.526660493088848,39.031597318169574,-36.21363540059039,0.018143,0.354183,-0.333141,0.873637,0.527143,-0.569237,-0.630943,0.594942,0.777375,-0.204285,M,BuildTutorial
15.122,0.102218,1.51953,2.662819,51.391899515970024,15.162373067075675,-4.151805364985426,-0.425217,-0.134375,0.089523,-0.890573,0.947858,-0.045177,-0.315474,0.273731,0.622352,0.733314,0.212429,1.070016,2.948383,-5.352616352180732,84.57626864643022,-53.176219251474215,-0.331715,0.585586,-0.302645,0.674878,0.13099,-0.796992,-0.589614,0.020002,0.596742,-0.802184,0.308579,0.990024,2.757434,15.517671079431825,38.94225489837367,-36.31088415103095,0.018032,0.353498,-0.333847,0.873648,0.52717,-0.570581,-0.629705,0.596078,0.776442,-0.204522,M,BuildTutorial
15.156,0.102262,1.519891,2.662414,51.24547177700531,15.178533534926702,-4.185525615001782,-0.424021,-0.134657,0.089713,-0.891081,0.947638,-0.045688,-0.316061,0.274078,0.624316,0.731513,0.210403,1.080153,2.957688,-9.074248507955268,76.81290431316604,-36.32426376150184,-0.251937,0.569113,-0.196801,0.757567,0.27476,-0.58494,-0.76312,0.011418,0.795595,-0.605722,0.308611,0.9903,2.757366,15.432993981301966,38.87499142183748,-36.18047861022585,0.017963,0.352781,-0.332639,0.874399,0.529794,-0.569045,-0.628893,0.594394,0.778057,-0.203283,M,BuildTutorial
15.189,0.102256,1.520192,2.661895,51.21563080073936,15.118416248440733,-4.095563694134749,-0.42394,-0.133863,0.088764,-0.891334,0.948403,-0.044737,-0.313894,0.271736,0.624792,0.73198,0.205935,1.092308,2.965944,-12.539144824072949,70.57178398967096,-20.90612622801862,-0.191841,0.548499,-0.085175,0.809377,0.383787,-0.348327,-0.855205,-0.072571,0.911885,-0.40398,0.308916,0.990511,2.757124,15.4399544490428,38.851078247701025,-36.298188493113166,0.017725,0.352632,-0.33355,0.874117,0.52879,-0.570623,-0.628308,0.595624,0.776861,-0.204253,M,BuildTutorial
15.223,0.1025,1.520609,2.661746,51.05671983125377,15.139893285844424,-4.098643150538302,-0.422678,-0.134076,0.088724,-0.891906,0.948304,-0.044925,-0.314169,0.271609,0.626944,0.730185,0.200283,1.102108,2.97312,-14.864402250015011,65.04695039026288,-8.6923930452144,-0.149155,0.52333,0.005985,0.838954,0.45218,-0.146073,-0.879884,-0.166156,0.955434,-0.244004,0.309404,0.99111,2.756609,15.338859947585256,38.820666664083305,-36.254826933900986,0.017151,0.352174,-0.332973,0.874533,0.530204,-0.570312,-0.627398,0.594473,0.777669,-0.204531,M,BuildTutorial
15.256,0.10275,1.520928,2.661803,50.83020191356069,15.189754405045845,-4.241619319921518,-0.420699,-0.135038,0.089816,-0.892586,0.947396,-0.046716,-0.316638,0.273957,0.629892,0.726763,0.192121,1.11019,2.982985,-16.17908948426203,58.00849179122406,4.099056265683167,-0.105825,0.484144,0.099155,0.862887,0.511546,0.06865,-0.856509,-0.273588,0.957939,-0.086619,0.310119,0.991593,2.756045,15.213568072226218,38.88504677364307,-36.30286034699913,0.01583,0.3524,-0.333049,0.874438,0.529785,-0.571305,-0.626849,0.593619,0.777655,-0.207048,M,BuildTutorial
15.289,0.102783,1.52097,2.661475,50.83661280040135,15.157326563259629,-4.408554206088914,-0.420578,-0.135397,0.091003,-0.892469,0.946773,-0.048544,-0.318222,0.276324,0.629666,0.726062,0.183086,1.117742,2.990712,-17.262012658178882,51.511178800832575,17.789174118401885,-0.067111,0.445344,0.202106,0.869665,0.521643,0.291754,-0.801728,-0.411305,0.909298,0.063285,0.310811,0.99153,2.75563,15.204374567258531,39.046776706432446,-36.40934759976354,0.014959,0.353628,-0.333861,0.873648,0.526967,-0.572775,-0.627881,0.593934,0.776626,-0.209988,M,BuildTutorial
15.322,0.102786,1.520986,2.661328,50.835326467361654,15.124120440030485,-4.587169065598122,-0.420383,-0.135794,0.092271,-0.89237,0.946092,-0.050509,-0.319935,0.278851,0.629528,0.725215,0.173882,1.124381,2.996389,-17.693070647026023,45.264167158048046,30.084610120767376,-0.038399,0.404045,0.293849,0.865405,0.500801,0.477568,-0.721892,-0.539627,0.824356,0.170996,0.311353,0.991437,2.754978,15.146973791969405,39.12364461081632,-36.316035115133026,0.014572,0.354077,-0.333021,0.873793,0.527454,-0.571663,-0.628486,0.592302,0.77777,-0.210363,M,BuildTutorial
15.356,0.102694,1.521008,2.66135,50.817705466836706,15.074811994620102,-4.747476341965051,-0.420095,-0.136001,0.093323,-0.892365,0.945589,-0.052289,-0.321135,0.280823,0.629622,0.724372,0.166703,1.126989,2.999085,-15.817776747248402,41.446833610513565,41.62700612302741,0.004242,0.373348,0.374689,0.848647,0.440439,0.639124,-0.630503,-0.63279,0.719181,0.286978,0.311749,0.990743,2.754752,15.261256477736206,39.265386161889026,-36.22948851192011,0.015327,0.355394,-0.332656,0.873384,0.52607,-0.570179,-0.630988,0.591967,0.77821,-0.209676,M,BuildTutorial
15.389,0.102268,1.52095,2.661439,50.86738156143931,14.825417052890042,-5.059872485475153,-0.420319,-0.135197,0.094884,-0.892217,0.945437,-0.055663,-0.321014,0.282967,0.628657,0.724376,0.16136,1.13203,2.99663,-16.97180299499613,39.06734062835118,49.03093518730233,0.010685,0.358594,0.431668,0.827622,0.370145,0.72218,-0.584337,-0.706854,0.627097,0.327274,0.312155,0.989916,2.754781,15.475979309154898,39.40602835858213,-36.312186092786185,0.016349,0.356941,-0.333826,0.872288,0.522307,-0.570713,-0.633626,0.594056,0.776586,-0.20979,M,BuildTutorial
15.423,0.101681,1.52081,2.661742,50.94075048893318,14.494507491557524,-5.411978304596052,-0.420756,-0.133904,0.096472,-0.892035,0.945526,-0.05943,-0.320077,0.284795,0.627315,0.724823,0.15456,1.139486,2.99308,-18.823544329036924,34.65215113546489,56.377074874368105,0.00119,0.332697,0.487795,0.807074,0.302738,0.788164,-0.535861,-0.786581,0.52411,0.326496,0.312445,0.98946,2.754607,15.521631114709924,39.608705110568096,-36.208363948632325,0.016442,0.358567,-0.333176,0.871868,0.520847,-0.56918,-0.636202,0.592762,0.777447,-0.210261,M,BuildTutorial
15.456,0.101025,1.520572,2.661955,51.02985281743411,14.168493553059584,-5.6334083802384125,-0.421472,-0.132172,0.097069,-0.891891,0.946216,-0.061737,-0.31759,0.284564,0.625877,0.726155,0.149968,1.141622,2.989584,-17.674491304053767,30.68776095444447,64.25188063349984,0.013578,0.300219,0.541166,0.785381,0.234017,0.858196,-0.456877,-0.841891,0.413911,0.346263,0.312235,0.989531,2.755079,15.457657929741655,39.60843442571054,-36.141916886310256,0.016148,0.358418,-0.332514,0.872187,0.521942,-0.568453,-0.635954,0.591604,0.778348,-0.210189,M,BuildTutorial
15.489,0.100215,1.52035,2.66241,51.09565031885478,13.92730078635475,-5.689377896305583,-0.422127,-0.130496,0.096668,-0.891872,0.947252,-0.062259,-0.314384,0.282603,0.624928,0.727737,0.14571,1.141779,2.985602,-16.317085609501426,27.278872152682705,69.80289670509453,0.020452,0.270348,0.577849,0.769795,0.186006,0.900709,-0.392588,-0.878592,0.331345,0.343928,0.311158,0.989589,2.756405,15.438027577396934,39.37055933619144,-36.075991501046474,0.016889,0.356555,-0.33193,0.873159,0.525382,-0.567611,-0.63387,0.591699,0.779075,-0.207209,M,BuildTutorial
15.522,0.099493,1.520078,2.66279,51.1691426622045,13.83183183260341,-5.6421893011390996,-0.422836,-0.129574,0.096005,-0.891742,0.947987,-0.061647,-0.312283,0.280801,0.623986,0.729241,0.143228,1.139849,2.980995,-14.782736787411832,24.77336752884168,74.20688625278721,0.028115,0.245459,0.606326,0.755862,0.144236,0.930401,-0.336973,-0.902796,0.263156,0.340159,0.309844,0.990283,2.757659,15.34118042617355,38.943437203610095,-35.97654430393314,0.01767,0.353074,-0.330873,0.874957,0.531723,-0.566521,-0.629543,0.591477,0.780422,-0.202724,M,BuildTutorial
15.555,0.098552,1.519746,2.663042,51.31610294845578,13.847658136075689,-5.453890574783332,-0.424185,-0.12899,0.094711,-0.891324,0.948783,-0.059405,-0.310294,0.278268,0.622194,0.731739,0.140267,1.137121,2.976468,-13.088115544526753,22.240762373051272,78.93668501308323,0.035472,0.219005,0.636622,0.738574,0.093499,0.955921,-0.27834,-0.924847,0.18691,0.331244,0.308592,0.990823,2.758679,15.176121908066836,38.63059439149344,-35.824853638740514,0.017736,0.350305,-0.32927,0.876672,0.537735,-0.564897,-0.625885,0.589749,0.782533,-0.199593,M,BuildTutorial
15.589,0.097512,1.519342,2.663179,51.50240562495321,13.80138471759902,-5.301932110594967,-0.42585,-0.12805,0.093501,-0.890793,0.949721,-0.057521,-0.307768,0.275641,0.619819,0.734743,0.138075,1.133966,2.972015,-11.253121380417609,20.276927740993923,82.96932258004652,0.043741,0.195165,0.661863,0.72245,0.047696,0.9734,-0.224092,-0.939253,0.120048,0.321546,0.30702,0.991335,2.759868,15.15550510136584,38.21232708761636,-35.87338459224963,0.018628,0.347066,-0.329526,0.877844,0.541916,-0.565614,-0.621617,0.591475,0.782132,-0.196029,M,BuildTutorial
15.622,0.096408,1.519034,2.663427,51.644604297799155,13.714095037105466,-5.193173629553304,-0.427153,-0.126953,0.09244,-0.890437,0.950676,-0.056168,-0.305059,0.273081,0.61799,0.737235,0.134228,1.130219,2.968184,-9.644568789869352,17.765009906559612,87.0263816772171,0.045703,0.16877,0.68727,0.705045,-0.001646,0.984538,-0.175161,-0.953686,0.051143,0.296426,0.305347,0.991627,2.761013,15.183662156049182,37.75540661564678,-35.66438683668176,0.020791,0.343587,-0.327911,0.879768,0.548846,-0.562683,-0.618188,0.591257,0.784085,-0.188749,M,BuildTutorial
15.656,0.095299,1.51873,2.663678,51.7263822987762,13.541118309016754,-5.193977089609643,-0.42793,-0.125604,0.091863,-0.890315,0.951569,-0.056074,-0.302277,0.271074,0.616873,0.738909,0.131063,1.125842,2.964622,-7.94283671151701,15.82010562977572,90.34669501503043,0.04901,0.145437,0.707527,0.68982,-0.043493,0.990388,-0.131299,-0.961877,-0.005994,0.273417,0.303943,0.992142,2.762034,15.080196169778851,37.42969486195095,-35.59723461995222,0.021104,0.340849,-0.327095,0.881127,0.553661,-0.562039,-0.614469,0.590811,0.785127,-0.18579,M,BuildTutorial
15.689,0.094188,1.518366,2.663886,51.83194215381679,13.34236892255371,-5.239326738154185,-0.428864,-0.12422,0.091551,-0.890092,0.952376,-0.05643,-0.299659,0.269523,0.615389,0.740711,0.128324,1.121321,2.961376,-6.430989095743436,14.359575567689198,92.71081600210964,0.05189,0.126397,0.721669,0.67862,-0.073565,0.992596,-0.096657,-0.966361,-0.046998,0.252861,0.302749,0.992462,2.763413,15.068310256731245,37.05836434287575,-35.61102816302361,0.022029,0.337969,-0.327104,0.88221,0.557559,-0.562259,-0.610731,0.592039,0.785035,-0.182234,M,BuildTutorial
15.722,0.09317,1.517925,2.663898,51.97508926960976,13.175860040307054,-5.282261803600585,-0.430068,-0.123076,0.091365,-0.889689,0.953009,-0.05671,-0.297586,0.268435,0.613389,0.742763,0.12703,1.117559,2.957853,-5.467903807646081,13.84445869768244,93.96779840905786,0.055718,0.116748,0.728928,0.672257,-0.089933,0.993064,-0.075741,-0.967044,-0.068882,0.245115,0.301867,0.993215,2.764039,15.018511715211442,36.75889614526889,-35.44778502642398,0.022967,0.335522,-0.325674,0.883648,0.562723,-0.560149,-0.607927,0.590974,0.786819,-0.177951,M,BuildTutorial
15.755,0.092119,1.517569,2.663702,52.115399068499165,13.013189258774222,-5.250264555352052,-0.431326,-0.121682,0.090606,-0.889349,0.953968,-0.056192,-0.294597,0.26613,0.611498,0.745148,0.127183,1.114682,2.954836,-5.177716459926817,14.208876199368945,93.6020489834432,0.059385,0.11725,0.72647,0.674513,-0.083011,0.993952,-0.07189,-0.966101,-0.062569,0.250469,0.301075,0.993852,2.764129,14.892596722959366,36.484958622735135,-35.48123776525347,0.022649,0.333143,-0.325593,0.884586,0.56601,-0.560939,-0.604136,0.591121,0.786952,-0.176868,M,BuildTutorial
15.789,0.091121,1.517534,2.663526,52.13640819320934,12.78056629329296,-5.228503736003395,-0.431696,-0.119793,0.089576,-0.889531,0.955252,-0.055933,-0.290457,0.262789,0.61123,0.746552,0.127341,1.111631,2.953264,-4.706868823829762,14.595078548287676,92.03244741532778,0.063034,0.117444,0.716728,0.684495,-0.054986,0.996001,-0.070423,-0.966389,-0.035346,0.254644,0.300539,0.994278,2.764652,14.73732990160355,36.19529518921232,-35.29194392732288,0.022785,0.330531,-0.323724,0.886246,0.571903,-0.558737,-0.600617,0.588861,0.789367,-0.173617,M,BuildTutorial
15.822,0.090329,1.517707,2.663374,52.03871410804904,12.580625901116466,-5.253518723125463,-0.431063,-0.118341,0.08895,-0.890094,0.956166,-0.056324,-0.287356,0.260373,0.612545,0.74632,0.126561,1.108827,2.953001,-4.272674566388409,14.681500241673454,90.69887043003952,0.06485,0.116034,0.708432,0.693148,-0.03068,0.997147,-0.068973,-0.967048,-0.012164,0.254306,0.300506,0.994771,2.764553,14.569228618417432,36.03432615894095,-35.174414845093324,0.022241,0.328899,-0.322407,0.887347,0.575758,-0.557543,-0.598037,0.586804,0.791118,-0.172608,M,BuildTutorial
15.855,0.089633,1.518039,2.663075,51.87979776244589,12.396612341328916,-5.355785922371007,-0.42986,-0.117304,0.088946,-0.890814,0.956657,-0.05762,-0.285461,0.259317,0.614618,0.744983,0.125589,1.107714,2.953924,-4.562039700204665,15.121764646473926,88.00927641196577,0.062959,0.121978,0.691898,0.708827,0.012798,0.99623,-0.0858,-0.965512,0.034627,0.258046,0.300988,0.994583,2.763948,14.67786584724768,36.094583702283856,-35.20815349387736,0.022838,0.329607,-0.322923,0.886882,0.574161,-0.557733,-0.599394,0.587844,0.790399,-0.172366,M,BuildTutorial
15.888,0.08894,1.518397,2.66269,51.736541341538015,12.287141910114416,-5.432472374905895,-0.428747,-0.116746,0.089037,-0.891414,0.956886,-0.058629,-0.284487,0.258847,0.616497,0.743593,0.123619,1.106094,2.956506,-4.140290866057837,15.10688761035122,85.986333144599,0.063387,0.120504,0.679026,0.721377,0.048806,0.994944,-0.087774,-0.964391,0.069813,0.255102,0.301596,0.994252,2.763133,14.8390801102184,36.238055812868055,-35.04255343519917,0.024193,0.33103,-0.322032,0.88664,0.57343,-0.555035,-0.60259,0.58707,0.791421,-0.170303,M,BuildTutorial
15.923,0.088388,1.518667,2.662056,51.66324123487817,12.167269365716484,-5.497283825679154,-0.428201,-0.116058,0.089045,-0.891765,0.957203,-0.059421,-0.283252,0.258206,0.617429,0.743041,0.120943,1.106475,2.959354,-4.858527412045165,14.699324482220696,82.30944088441827,0.052459,0.123897,0.656184,0.74251,0.108145,0.987444,-0.115145,-0.961446,0.133342,0.240501,0.301972,0.994081,2.762527,14.812676599787492,36.27095031538277,-34.948687334275384,0.024162,0.331208,-0.321253,0.886856,0.574195,-0.553805,-0.602992,0.585816,0.792425,-0.169947,M,BuildTutorial
15.956,0.088041,1.51896,2.66128,51.54167492977364,12.100613268435168,-5.4920970713927515,-0.427307,-0.115523,0.088677,-0.8923,0.957581,-0.059526,-0.281948,0.256981,0.619091,0.742083,0.118956,1.105292,2.96315,-4.804468029287071,14.959348521946024,80.36325188142452,0.052166,0.12618,0.643329,0.753316,0.140413,0.982425,-0.122987,-0.956096,0.166813,0.240945,0.302308,0.994024,2.762017,14.789492594728776,36.249536590022835,-34.826033007256,0.024392,0.330967,-0.320247,0.887304,0.575805,-0.552167,-0.60296,0.584459,0.793694,-0.168697,M,BuildTutorial
15.989,0.087779,1.519245,2.660645,51.43647633349987,12.063449588820044,-5.467877766294162,-0.426537,-0.115146,0.088282,-0.892757,0.957895,-0.0594,-0.280906,0.255856,0.620546,0.741256,0.117176,1.104952,2.966945,-5.572289381773291,14.643367273608195,74.31241784804524,0.038457,0.130568,0.603294,0.785817,0.237976,0.958201,-0.158804,-0.938116,0.269114,0.217982,0.302648,0.993948,2.761398,14.838132080246996,36.34909347379566,-34.830333727704094,0.024488,0.331842,-0.320411,0.886915,0.574435,-0.552103,-0.604323,0.584607,0.793474,-0.169215,M,BuildTutorial
16.022,0.087563,1.519493,2.660022,51.35593415867107,12.101710169710788,-5.403833939428692,-0.425941,-0.115208,0.087873,-0.893073,0.958011,-0.058811,-0.280637,0.255099,0.621706,0.740545,0.117398,1.10498,2.969897,-6.98545624780421,15.870044761087964,67.59725078357077,0.02651,0.148071,0.556915,0.816834,0.335842,0.917665,-0.212372,-0.901964,0.378286,0.208234,0.30271,0.993937,2.761101,14.84079330679675,36.32800404862408,-34.7858131098818,0.024697,0.331675,-0.320068,0.887096,0.575096,-0.55148,-0.604264,0.584245,0.793893,-0.1685,M,BuildTutorial
16.055,0.087419,1.519784,2.659582,51.22046521528737,12.14390639229214,-5.322111676547339,-0.42493,-0.115238,0.087304,-0.893607,0.958197,-0.058094,-0.28015,0.253966,0.623626,0.739319,0.117367,1.104854,2.97264,-8.396874112619146,16.922505350283064,62.30598299532523,0.013944,0.163045,0.51954,0.83863,0.406989,0.875951,-0.25898,-0.866857,0.459767,0.192803,0.302618,0.994166,2.761121,14.754606650043195,36.29415839412878,-34.805243653874825,0.02405,0.331234,-0.320017,0.887297,0.575747,-0.551967,-0.603198,0.583832,0.794022,-0.169321,M,BuildTutorial
16.088,0.08738,1.520028,2.659083,51.11106916159999,12.170720693580105,-5.2237706729017885,-0.424151,-0.115087,0.086564,-0.894068,0.958523,-0.05716,-0.279224,0.252417,0.625206,0.738514,0.117905,1.105034,2.97538,-10.158166790479417,18.04018831347224,55.68179391239109,-0.004383,0.178923,0.471705,0.863402,0.490963,0.812973,-0.313099,-0.816109,0.554951,0.161229,0.302627,0.994569,2.760803,14.658712577742682,36.30376697394727,-34.75043022836502,0.023419,0.331093,-0.319378,0.887596,0.576751,-0.551449,-0.602713,0.582465,0.794899,-0.169913,M,BuildTutorial
16.123,0.087264,1.520193,2.658685,51.03829484563044,12.220625916069626,-5.191963885215449,-0.423575,-0.115362,0.086452,-0.894317,0.958436,-0.056902,-0.279577,0.252359,0.626221,0.737674,0.118145,1.103893,2.978159,-11.137189561266402,19.415232566211607,49.881363394031155,-0.01596,0.192507,0.428517,0.882644,0.558629,0.75031,-0.353508,-0.7626,0.632237,0.13681,0.302225,0.994757,2.760676,14.632292745536557,36.12676714960186,-34.791824267558205,0.023583,0.329674,-0.319603,0.888039,0.578337,-0.55209,-0.600602,0.583189,0.794595,-0.168844,M,BuildTutorial
16.155,0.087135,1.520232,2.658108,51.05170289159812,12.1773741362569,-5.215537660943962,-0.423689,-0.115111,0.086485,-0.894292,0.95854,-0.057142,-0.279171,0.252228,0.626017,0.737892,0.117234,1.103446,2.9812,-12.422997097078833,20.07810393983892,45.53414534870544,-0.031178,0.201024,0.396215,0.895338,0.605206,0.696958,-0.384676,-0.722028,0.684083,0.103468,0.302047,0.994863,2.760328,14.600449146261766,36.03056469154119,-34.86810013482051,0.023379,0.328876,-0.320103,0.88816,0.57875,-0.553228,-0.599156,0.583983,0.793975,-0.16902,M,BuildTutorial
16.188,0.087079,1.520249,2.657604,51.074138166954825,12.061697230767338,-5.2565460984789905,-0.423911,-0.114359,0.086392,-0.894292,0.958917,-0.057563,-0.277785,0.251475,0.625672,0.738441,0.116389,1.102783,2.984331,-13.341300920966678,20.81011615336994,41.981286413435434,-0.042412,0.208406,0.369527,0.904554,0.640034,0.650836,-0.408374,-0.686191,0.723303,0.077295,0.301946,0.994751,2.760116,14.610404261037946,36.028484119496035,-34.80956541474493,0.023632,0.328869,-0.319671,0.888311,0.57931,-0.552392,-0.599386,0.583479,0.794504,-0.168275,M,BuildTutorial
16.222,0.087064,1.520281,2.657324,51.013120290804,12.021675092745074,-5.329419942700344,-0.42339,-0.114318,0.086773,-0.894507,0.958804,-0.058435,-0.277994,0.25204,0.626423,0.737611,0.116884,1.101974,2.986755,-14.44033613360496,22.223932938561997,36.36117935111766,-0.057513,0.220133,0.326749,0.917316,0.689554,0.574143,-0.441447,-0.624785,0.779855,0.038341,0.301824,0.99464,2.7596,14.701395943324616,36.018352031270545,-34.84381489273183,0.024286,0.328992,-0.320138,0.88808,0.578551,-0.552637,-0.599892,0.584597,0.793843,-0.167511,M,BuildTutorial
16.255,0.087192,1.520325,2.657076,51.01756684369732,12.069202789367935,-5.320509479245397,-0.423398,-0.114656,0.086882,-0.89445,0.958611,-0.058333,-0.278678,0.252512,0.626372,0.737493,0.118162,1.102057,2.988402,-15.462332280061595,24.17852656746929,32.4884910722671,-0.068237,0.236043,0.298092,0.922371,0.71085,0.517689,-0.476121,-0.582116,0.81297,0.014846,0.301596,0.994579,2.759303,14.730260325708883,36.035256511379494,-34.8648472931747,0.024408,0.329189,-0.320369,0.88792,0.577997,-0.552854,-0.600226,0.584993,0.793536,-0.16758,M,BuildTutorial
16.289,0.087376,1.520273,2.656835,51.05793240011085,12.120425577380784,-5.261987654622017,-0.423734,-0.114838,0.086641,-0.89429,0.958611,-0.057643,-0.278823,0.252286,0.625885,0.737983,0.12027,1.102415,2.989728,-16.37719646753054,26.229641641687028,28.90895909324228,-0.078266,0.252106,0.271917,0.925407,0.725007,0.463805,-0.509166,-0.54273,0.839871,-0.007751,0.301289,0.99466,2.759087,14.692875230548228,35.96130586251739,-34.87854121150066,0.024278,0.328539,-0.320376,0.888162,0.578842,-0.553139,-0.599149,0.585045,0.793539,-0.167386,M,BuildTutorial
16.322,0.087485,1.520222,2.656856,51.12774637901524,12.182751212825792,-5.177800988337685,-0.424319,-0.11501,0.086261,-0.894028,0.958664,-0.056638,-0.278848,0.251842,0.625025,0.738864,0.12442,1.102387,2.99,-17.364363175234278,29.42399853520232,22.11700822002047,-0.095139,0.274394,0.221021,0.931024,0.751715,0.35934,-0.552991,-0.463763,0.884197,-0.055861,0.300644,0.994406,2.758915,14.746721253346534,35.79407545832452,-34.80263084552484,0.025391,0.327341,-0.319871,0.888755,0.581062,-0.551951,-0.598095,0.585197,0.794076,-0.164281,M,BuildTutorial
16.355,0.087652,1.520014,2.657053,51.15417977274048,12.242440377059216,-5.155023093902085,-0.424504,-0.11539,0.086322,-0.893885,0.958468,-0.056356,-0.279578,0.25229,0.62469,0.738994,0.128134,1.10249,2.990685,-17.84298637949681,32.15583443299294,17.26836459220274,-0.106253,0.292864,0.18497,0.932055,0.760034,0.282568,-0.585239,-0.407039,0.908993,-0.089726,0.300074,0.994128,2.758642,14.837267062043232,35.68125882051125,-34.853147675136206,0.026283,0.326671,-0.320438,0.888772,0.581211,-0.55242,-0.597516,0.586764,0.793258,-0.162637,M,BuildTutorial
16.388,0.087648,1.519703,2.657186,51.31124637272066,12.266781665368548,-5.125190832209689,-0.425746,-0.115461,0.086285,-0.893288,0.958447,-0.055841,-0.279752,0.25247,0.622591,0.740702,0.133286,1.103561,2.989985,-19.070284360320446,35.87930314265153,10.8715237711364,-0.128115,0.317323,0.139673,0.929185,0.759596,0.178256,-0.625491,-0.340871,0.928156,-0.149442,0.29967,0.994032,2.758516,14.831904460610986,35.5601168821674,-34.77363855280629,0.026805,0.325701,-0.319781,0.889348,0.583317,-0.551333,-0.596467,0.586254,0.794043,-0.160629,M,BuildTutorial
16.421,0.087695,1.519447,2.657414,51.400372641760754,12.290397439554098,-5.101484935771225,-0.42645,-0.115552,0.086248,-0.892944,0.958418,-0.055476,-0.279923,0.252583,0.621403,0.74166,0.138337,1.102949,2.990689,-18.823762262825788,39.07819456143879,6.129007090127263,-0.136254,0.337715,0.104318,0.925474,0.750133,0.101056,-0.65352,-0.285116,0.941105,-0.181741,0.298561,0.992937,2.759769,14.946581506948831,35.54127026781612,-34.746983570603966,0.027847,0.325793,-0.319822,0.889268,0.583146,-0.55067,-0.597247,0.586959,0.793877,-0.158864,M,BuildTutorial
16.455,0.087845,1.519208,2.657761,51.448083183075866,12.38757981201379,-5.088768202026292,-0.426763,-0.116259,0.086543,-0.892674,0.957988,-0.055279,-0.28143,0.253739,0.620767,0.741798,0.14326,1.101872,2.991703,-18.934492445423945,42.387156571754666,-0.6267855069232962,-0.155307,0.355752,0.054433,0.919977,0.740956,-0.010347,-0.671474,-0.210655,0.945834,-0.247028,0.298189,0.992587,2.759643,15.02168137319822,35.52816430926747,-34.68646671832427,0.028654,0.325836,-0.319514,0.889337,0.583484,-0.549638,-0.597867,0.586985,0.794179,-0.157252,M,BuildTutorial
16.488,0.088047,1.518996,2.658055,51.49384857900736,12.54431406454678,-5.006165185403026,-0.427087,-0.117169,0.086515,-0.892403,0.957573,-0.05433,-0.283023,0.254496,0.620224,0.741994,0.148087,1.101712,2.992906,-18.83123266988575,45.62165974487924,-6.574080957262101,-0.172482,0.373191,0.011178,0.911512,0.721207,-0.10836,-0.684192,-0.149115,0.94025,-0.306095,0.298121,0.992657,2.759486,14.963540038593692,35.52417461600791,-34.66001530945282,0.028277,0.325675,-0.31918,0.889528,0.584119,-0.549421,-0.597446,0.586258,0.794649,-0.157592,M,BuildTutorial
16.522,0.08843,1.518855,2.658248,51.5465551144993,12.749399298088974,-4.833836092955128,-0.427522,-0.118119,0.085975,-0.892122,0.957312,-0.052404,-0.284266,0.254398,0.619667,0.742492,0.151739,1.101691,2.995964,-18.42323237239164,47.779285783609645,-10.223455769830968,-0.181402,0.385123,-0.015843,0.904723,0.702859,-0.168392,-0.69111,-0.111057,0.933684,-0.340441,0.298353,0.992673,2.759236,14.992400278727244,35.551973791313706,-34.753014031704446,0.028165,0.325975,-0.319972,0.889137,0.582717,-0.550636,-0.597697,0.58736,0.793649,-0.15852,M,BuildTutorial
16.555,0.088828,1.518822,2.658581,51.575867201649245,12.963346152390969,-4.729200743162278,-0.427699,-0.119391,0.08598,-0.891867,0.956707,-0.051238,-0.286509,0.255492,0.619363,0.74237,0.156583,1.100981,2.998342,-17.833733942519228,51.104606721134054,-17.184910636534646,-0.201936,0.400446,-0.067056,0.891273,0.670292,-0.28126,-0.686732,-0.042198,0.90945,-0.413666,0.298695,0.992622,2.758915,14.996787596534684,35.61583953556249,-34.65565257311092,0.028299,0.326456,-0.319242,0.889219,0.583023,-0.549275,-0.59865,0.586229,0.794568,-0.158108,M,BuildTutorial
16.588,0.089266,1.518866,2.659127,51.53595932975251,13.19110423436264,-4.654658591603818,-0.427294,-0.12089,0.08622,-0.891836,0.955903,-0.050478,-0.289311,0.2571,0.619971,0.741307,0.161244,1.100741,3.000865,-17.198968653183226,54.06196243675411,-22.48689527023997,-0.218252,0.414769,-0.105075,0.877093,0.633852,-0.365369,-0.681716,0.003273,0.882651,-0.470018,0.299417,0.992567,2.758412,14.997575488705088,35.7226930061769,-34.612088047024386,0.028132,0.327276,-0.318932,0.889034,0.582346,-0.548668,-0.599864,0.585496,0.794983,-0.158736,M,BuildTutorial
16.622,0.089786,1.518896,2.659529,51.523954811671715,13.407316185425527,-4.612263111053988,-0.427082,-0.122416,0.086687,-0.891684,0.955,-0.050031,-0.292357,0.259158,0.620173,0.740421,0.166056,1.100551,3.003449,-16.270606611156747,57.05640768955504,-27.133187814895184,-0.231764,0.430429,-0.138321,0.861327,0.591197,-0.437794,-0.677364,0.038763,0.854306,-0.518323,0.300571,0.992554,2.757756,15.028091721517228,35.924847065175335,-34.61079685862115,0.027816,0.328908,-0.319039,0.888403,0.580067,-0.548573,-0.602154,0.585169,0.79488,-0.160445,M,BuildTutorial
16.655,0.090567,1.518884,2.659886,51.51583365488569,13.711763040946702,-4.535000447537832,-0.426871,-0.124498,0.087214,-0.891446,0.953788,-0.049205,-0.296425,0.261783,0.62035,0.739348,0.170783,1.09912,3.005962,-14.704178884595724,60.077753151250896,-32.63754475704378,-0.245815,0.445344,-0.179764,0.841979,0.538708,-0.521659,-0.661563,0.083771,0.81452,-0.574055,0.301861,0.992582,2.757033,15.04623829296947,36.206271961433586,-34.484402902050164,0.027542,0.331097,-0.318168,0.887911,0.578288,-0.546771,-0.605495,0.583248,0.796021,-0.161779,M,BuildTutorial
16.688,0.091443,1.518824,2.660025,51.56548528989668,14.035649229681658,-4.446074067026603,-0.427109,-0.126678,0.087769,-0.89097,0.952498,-0.048188,-0.300707,0.26461,0.619749,0.738845,0.175803,1.09792,3.007521,-13.221072686351238,63.66292311406794,-38.675545398330115,-0.265776,0.461971,-0.222173,0.816447,0.474444,-0.608346,-0.636253,0.117222,0.760005,-0.639259,0.303231,0.992762,2.756177,15.01280698789028,36.43162635725705,-34.577140131592756,0.026381,0.332794,-0.318864,0.887062,0.575148,-0.548146,-0.607241,0.583264,0.795259,-0.165429,M,BuildTutorial
16.721,0.09244,1.518782,2.660071,51.596568174427304,14.32929991855058,-4.388794019322426,-0.42719,-0.128742,0.088444,-0.890569,0.951206,-0.047537,-0.304872,0.267526,0.619373,0.73811,0.180328,1.098678,3.010689,-12.15866736109475,65.506603508798,-41.036910310309345,-0.271984,0.472632,-0.239461,0.803308,0.438556,-0.641817,-0.629078,0.127625,0.737367,-0.663326,0.304763,0.992994,2.75524,14.95624210733494,36.666178765298525,-34.50405683508524,0.025492,0.334474,-0.318223,0.886686,0.573722,-0.547276,-0.609371,0.581381,0.796168,-0.167669,M,BuildTutorial
16.755,0.093538,1.518811,2.660277,51.60486501567262,14.644591260578586,-4.380666906006211,-0.427019,-0.13116,0.089563,-0.890186,0.949551,-0.04744,-0.310003,0.271471,0.619267,0.736758,0.184378,1.099491,3.015356,-11.23792770888621,66.93119794728834,-45.00090813731406,-0.285478,0.475753,-0.267831,0.787673,0.403851,-0.69356,-0.596556,0.150291,0.693538,-0.704569,0.306681,0.993183,2.753767,14.984802033557717,37.10164362178954,-34.49636245542085,0.024532,0.337899,-0.318324,0.885377,0.568987,-0.547095,-0.613955,0.580253,0.796136,-0.171683,M,BuildTutorial
16.788,0.094798,1.518831,2.660481,51.62652460881184,14.938439383133533,-4.442147331976344,-0.426885,-0.133667,0.091154,-0.889715,0.947649,-0.048081,-0.315675,0.276322,0.61892,0.735244,0.188648,1.099921,3.018915,-9.910131444918028,69.47944165222388,-50.68457226836858,-0.307146,0.482706,-0.305931,0.760962,0.346803,-0.762125,-0.546711,0.169081,0.624136,-0.762801,0.308167,0.993028,2.753037,15.01376646531323,37.414512987817425,-34.532593960523435,0.023785,0.340383,-0.318737,0.884297,0.565092,-0.547524,-0.617162,0.579908,0.795682,-0.17492,M,BuildTutorial
16.822,0.096287,1.518877,2.660781,51.586910975022946,15.30430091915096,-4.442937340424679,-0.426282,-0.136518,0.092487,-0.889434,0.945618,-0.048132,-0.321698,0.280912,0.61946,0.733047,0.193321,1.10044,3.022047,-8.503199318150092,71.984113766047,-55.55769014078161,-0.326208,0.490559,-0.337504,0.734188,0.290886,-0.815631,-0.500132,0.175535,0.559359,-0.810127,0.309875,0.993145,2.752098,14.984517102922032,37.77708914419215,-34.490351194568255,0.022671,0.34311,-0.318416,0.883387,0.561774,-0.547012,-0.620635,0.578126,0.796194,-0.17845,M,BuildTutorial
16.855,0.097919,1.518975,2.661165,51.54101357315093,15.7762562644996,-4.440212245751692,-0.425543,-0.14018,0.094178,-0.889041,0.94296,-0.04815,-0.329405,0.286761,0.620087,0.730247,0.197454,1.101264,3.026246,-7.315721402470562,73.64507764197621,-60.64396896274916,-0.346049,0.490513,-0.370308,0.708886,0.244537,-0.864495,-0.439146,0.185529,0.486244,-0.8539,0.311542,0.993196,2.750998,15.009564089881064,38.218268264263806,-34.519867430900916,0.021554,0.346566,-0.318788,0.881931,0.556532,-0.547358,-0.625037,0.577238,0.795819,-0.182944,M,BuildTutorial
16.888,0.099623,1.519008,2.661439,51.54958422170765,16.257114225025664,-4.451162253415444,-0.425197,-0.143948,0.096056,-0.888403,0.940104,-0.04826,-0.337454,0.293086,0.619962,0.727838,0.201842,1.103582,3.02995,-6.877116488929598,75.05593130231613,-63.85267748956693,-0.361926,0.490917,-0.387627,0.691199,0.217492,-0.891205,-0.398058,0.180503,0.437511,-0.88091,0.312694,0.992938,2.75033,15.008259708698516,38.53585288549717,-34.570456197815425,0.020506,0.349015,-0.319232,0.880828,0.552558,-0.548064,-0.627937,0.576691,0.795341,-0.18671,M,BuildTutorial
16.922,0.101441,1.51902,2.661614,51.57337190507314,16.631754264227453,-4.51348746168766,-0.424986,-0.147077,0.097952,-0.887784,0.937548,-0.048909,-0.344402,0.298931,0.619585,0.725779,0.205779,1.105237,3.03338,-6.176289622283595,76.34235330689563,-67.08652940121847,-0.376297,0.490944,-0.40603,0.672692,0.188227,-0.915748,-0.354932,0.176785,0.38708,-0.90494,0.314294,0.993256,2.749142,14.917047398320204,38.97094300379867,-34.633612699253185,0.018379,0.352179,-0.31957,0.879492,0.547689,-0.549174,-0.631225,0.575064,0.795074,-0.192764,M,BuildTutorial
16.955,0.103302,1.519063,2.662071,51.516640143383675,17.062404072919787,-4.595898343599987,-0.424065,-0.150732,0.100129,-0.887369,0.934508,-0.049862,-0.352433,0.305543,0.620287,0.722418,0.209655,1.106813,3.036344,-5.586331408746687,77.76219343619213,-70.24394907864452,-0.39173,0.490985,-0.422306,0.653559,0.161183,-0.936671,-0.310915,0.167337,0.33641,-0.926729,0.316277,0.993036,2.747717,14.95600346556478,39.49524014981754,-34.74232114599268,0.016886,0.356296,-0.32058,0.877495,0.540564,-0.550581,-0.636122,0.574647,0.793887,-0.198808,M,BuildTutorial
16.988,0.105271,1.519131,2.662394,51.47921105187046,17.45858077404891,-4.755654920883045,-0.42321,-0.154399,0.102792,-0.886842,0.93119,-0.051634,-0.360859,0.313006,0.620655,0.718898,0.213137,1.109066,3.039842,-5.495850268583878,78.40721538963747,-72.20044867665314,-0.402009,0.488235,-0.431564,0.643248,0.150759,-0.947755,-0.281126,0.162656,0.304282,-0.938592,0.318182,0.992583,2.74625,15.062450364653872,40.052294322615296,-34.777772536822745,0.016054,0.360781,-0.321196,0.87545,0.533341,-0.550798,-0.642004,0.573966,0.793151,-0.203654,M,BuildTutorial
17.021,0.107267,1.51909,2.662716,51.47465724304995,17.83393242146689,-4.933982270884375,-0.42259,-0.157962,0.105552,-0.886185,0.927814,-0.053571,-0.369178,0.320584,0.620553,0.71564,0.216397,1.110385,3.041987,-5.0090946937992005,79.94379179591476,-74.82134241403192,-0.416508,0.489436,-0.442839,0.625194,0.128692,-0.961428,-0.243093,0.146011,0.26083,-0.954279,0.320147,0.991965,2.744898,15.10061585325709,40.669284595624525,-34.860953472200165,0.014359,0.365578,-0.322009,0.873188,0.525327,-0.55185,-0.647683,0.572847,0.792208,-0.210363,M,BuildTutorial
17.055,0.109275,1.519098,2.663141,51.45689376690675,18.269139258274997,-5.056659824174551,-0.421875,-0.161783,0.108085,-0.885531,0.924288,-0.054921,-0.377725,0.32793,0.620678,0.712194,0.219154,1.110724,3.044399,-4.271950320767033,81.17025481114068,-77.75569153126095,-0.430094,0.488347,-0.457464,0.606022,0.104487,-0.974537,-0.198393,0.134397,0.211491,-0.968096,0.322103,0.991316,2.743468,15.19331142891352,41.19660763273273,-34.85767352503161,0.013615,0.369781,-0.322286,0.871326,0.518787,-0.551563,-0.653175,0.571701,0.791893,-0.214625,M,BuildTutorial
17.088,0.111246,1.519083,2.663559,51.45055486216083,18.7935522128243,-5.131597437290433,-0.421218,-0.166111,0.110586,-0.884733,0.920356,-0.05574,-0.38709,0.335616,0.620692,0.708592,0.221749,1.111532,3.047331,-3.954168035553335,81.7914864958551,-78.7857730946253,-0.435392,0.489097,-0.461981,0.598157,0.094715,-0.978572,-0.182828,0.126776,0.194015,-0.972773,0.323684,0.990696,2.742291,15.292851839225449,41.63688893362793,-34.859729344210756,0.01315,0.373328,-0.322611,0.869698,0.513096,-0.551331,-0.65785,0.570967,0.791498,-0.218007,M,BuildTutorial
17.121,0.113175,1.519091,2.663886,51.45899898673436,19.34534385214103,-5.180122718188668,-0.420674,-0.170545,0.112997,-0.883843,0.916292,-0.056256,-0.396541,0.343232,0.62053,0.705078,0.223543,1.111489,3.050357,-3.2804734340348523,82.64378937303523,-80.23746702036185,-0.441737,0.490871,-0.469281,0.58625,0.077641,-0.983904,-0.160949,0.11656,0.169287,-0.97865,0.325153,0.990483,2.741,15.29671314153155,42.034585132199574,-34.89733692907074,0.011937,0.376356,-0.32295,0.868284,0.50812,-0.551839,-0.661277,0.569809,0.791122,-0.222359,M,BuildTutorial
17.155,0.114963,1.519105,2.664532,51.469008102906514,19.877797815925863,-5.1738404929652155,-0.420232,-0.174624,0.114914,-0.88301,0.912603,-0.056176,-0.40497,0.349706,0.6204,0.702004,0.22505,1.111103,3.05402,-2.5094677397539553,83.35984407252937,-81.72143192835723,-0.447302,0.492097,-0.47749,0.574251,0.059687,-0.988631,-0.138009,0.108166,0.143847,-0.983671,0.326733,0.990204,2.739694,15.35603502520491,42.39693723752062,-34.923793167445794,0.011292,0.379222,-0.323344,0.866898,0.50328,-0.552047,-0.664796,0.569176,0.790643,-0.22566,M,BuildTutorial
17.188,0.11686,1.519089,2.664989,51.495887035885815,20.43505121283646,-5.137188200009397,-0.419934,-0.178773,0.116707,-0.882086,0.908839,-0.055744,-0.413405,0.356036,0.620071,0.699107,0.226463,1.111236,3.058194,-2.219516817097967,83.73987891994463,-82.46112907722792,-0.450669,0.492359,-0.480986,0.568448,0.05247,-0.990613,-0.12623,0.103049,0.1311,-0.985999,0.328354,0.989908,2.738371,15.418670565676996,42.83512652070824,-34.8916096733221,0.010652,0.382657,-0.32331,0.865408,0.498089,-0.551439,-0.669196,0.567743,0.790714,-0.228997,M,BuildTutorial
17.221,0.118583,1.519174,2.665643,51.51269971786957,20.894301624253988,-5.147313991125973,-0.419577,-0.182338,0.118488,-0.881288,0.905427,-0.055835,-0.420814,0.361853,0.619832,0.696327,0.227549,1.111053,3.061955,-1.8956050212020328,84.18311904122336,-82.85701780766509,-0.452682,0.494401,-0.482639,0.563655,0.045256,-0.991696,-0.120378,0.09647,0.124277,-0.987547,0.329665,0.989719,2.737279,15.464600004351595,43.2120838778306,-34.763705085322776,0.010377,0.385582,-0.322503,0.864413,0.494636,-0.54955,-0.673298,0.565555,0.791768,-0.230762,M,BuildTutorial
17.254,0.12011,1.519142,2.666695,51.425639465650626,21.293343390063185,-5.220861752502675,-0.418368,-0.185705,0.120402,-0.8809,0.902034,-0.056738,-0.427919,0.36751,0.620943,0.692363,0.228446,1.110469,3.064574,-1.507919743895518,85.02388219736125,-82.84836453744744,-0.454326,0.500233,-0.481001,0.558564,0.036811,-0.991877,-0.121761,0.082802,0.124452,-0.988765,0.33107,0.989836,2.736334,15.488403391569944,43.52292716883446,-34.89976669895165,0.009227,0.387984,-0.32362,0.862933,0.489477,-0.551364,-0.675581,0.565684,0.790371,-0.235195,M,BuildTutorial
17.288,0.121252,1.519101,2.667719,51.485759548782475,21.487086215307336,-5.344910028554637,-0.418427,-0.187626,0.12214,-0.880226,0.899756,-0.058006,-0.43252,0.372037,0.620002,0.690787,0.229424,1.109454,3.066788,-1.1661034794957308,85.62421599604708,-83.13178868398614,-0.456461,0.50349,-0.481521,0.553424,0.02927,-0.992618,-0.117696,0.073324,0.119561,-0.990116,0.332687,0.989923,2.735401,15.393029974108382,43.939241011753474,-34.88218638080913,0.007369,0.390926,-0.323256,0.861759,0.485365,-0.551376,-0.678532,0.562899,0.790903,-0.240037,M,BuildTutorial
17.321,0.122271,1.518969,2.668801,51.54066639629822,21.530570771753144,-5.563355176936057,-0.418447,-0.188739,0.124047,-0.879712,0.89798,-0.060297,-0.435885,0.376205,0.619029,0.6894,0.230599,1.108467,3.068367,-0.9922535547677844,86.034864584488,-83.09278423418978,-0.457188,0.506369,-0.480476,0.551101,0.025466,-0.992593,-0.118785,0.066569,0.120244,-0.99051,0.334376,0.989561,2.734452,15.43189291879615,44.42364845403234,-34.863440030083964,0.006369,0.394641,-0.323252,0.860073,0.479533,-0.551014,-0.682958,0.561067,0.790936,-0.244182,M,BuildTutorial
17.354,0.123163,1.518894,2.67031,51.498623732203896,21.48032972386304,-5.818558102926991,-0.417755,-0.189298,0.125769,-0.879676,0.896697,-0.063111,-0.438123,0.379432,0.619325,0.687363,0.231608,1.107251,3.068165,-0.7448101374821008,87.1436424565065,-82.86207896927915,-0.459619,0.51365,-0.476053,0.546157,0.019074,-0.992166,-0.12346,0.047832,0.124247,-0.991098,0.33606,0.988764,2.733841,15.578884048036503,44.89914023629985,-34.93250350666561,0.005928,0.398499,-0.324208,0.857935,0.472175,-0.551574,-0.687617,0.561024,0.789708,-0.248221,M,BuildTutorial
17.388,0.123873,1.518717,2.671994,51.494913272340455,21.380274694657935,-6.156415215715418,-0.417278,-0.189762,0.127993,-0.879481,0.895216,-0.066767,-0.440602,0.383502,0.618995,0.685399,0.232356,1.104979,3.068557,-0.0988493077748058,87.43793905899334,-83.02635787747279,-0.458537,0.517101,-0.478579,0.541584,0.007138,-0.992601,-0.121215,0.044163,0.121413,-0.991619,0.337452,0.987824,2.733363,15.7159148617524,45.37041401822248,-34.851346599726796,0.005941,0.402288,-0.324014,0.856238,0.466358,-0.550086,-0.69276,0.559647,0.789959,-0.25052,M,BuildTutorial
17.421,0.124382,1.518331,2.673558,51.58645273991395,21.337633855837623,-6.427500144372496,-0.417586,-0.190397,0.130032,-0.878899,0.893681,-0.069556,-0.443279,0.387584,0.617428,0.684516,0.232834,1.10329,3.067601,0.0336089226727072,88.06099113632723,-81.50670446000981,-0.453566,0.52665,-0.469501,0.544506,0.004416,-0.989033,-0.147629,0.033551,0.147694,-0.988464,0.338032,0.986789,2.7331,15.933436189613538,45.68603067924563,-34.7187008704384,0.007201,0.405059,-0.323664,0.855054,0.462338,-0.547667,-0.697355,0.559335,0.790379,-0.249891,M,BuildTutorial
17.455,0.124643,1.517799,2.674982,51.77370896697149,21.289885061875456,-6.606019547089532,-0.418794,-0.190633,0.131458,-0.87806,0.892756,-0.071184,-0.444882,0.390528,0.614661,0.685332,0.232911,1.101721,3.067501,-0.0708316522939665,88.19344499508797,-80.42940879061408,-0.449631,0.531102,-0.463358,0.548691,0.006459,-0.986081,-0.166141,0.030881,0.166262,-0.985598,0.338013,0.985876,2.733081,16.052767637536164,45.8335370543632,-34.7183558015242,0.007709,0.406389,-0.324014,0.854286,0.459727,-0.547335,-0.699339,0.559866,0.789911,-0.25018,M,BuildTutorial
17.488,0.124653,1.517155,2.676468,51.95776124920506,21.294376017500685,-6.64049884831564,-0.420156,-0.190746,0.131965,-0.877308,0.892402,-0.071262,-0.445579,0.391835,0.612108,0.68687,0.232458,1.099656,3.066793,0.2079005816884944,88.62095521820476,-79.99154821072742,-0.447982,0.535984,-0.460886,0.547373,0.000609,-0.984776,-0.173829,0.02433,0.173792,-0.984482,0.337341,0.985265,2.733482,16.05669902409753,45.68769780121448,-34.56929967687481,0.008679,0.405298,-0.322903,0.855215,0.462935,-0.545267,-0.698838,0.559338,0.791317,-0.246899,M,BuildTutorial
17.521,0.124565,1.516605,2.677979,52.13028445967332,21.260754735398265,-6.6497373811033205,-0.421514,-0.190478,0.132124,-0.876691,0.892523,-0.071085,-0.445365,0.392242,0.609738,0.688742,0.231867,1.098567,3.066684,-0.2043407199166167,88.45782860079608,-77.8217790109761,-0.439118,0.541959,-0.44911,0.558352,0.009162,-0.97749,-0.210783,0.025555,0.210952,-0.977162,0.336361,0.984606,2.733984,16.219135995946207,45.61172714350831,-34.53940602908051,0.010257,0.405039,-0.323139,0.855231,0.463049,-0.544408,-0.699433,0.561025,0.790952,-0.244224,M,BuildTutorial
17.555,0.124133,1.516059,2.679462,52.305584061689146,21.240552855501267,-6.633767185806813,-0.422919,-0.190219,0.132142,-0.876068,0.89271,-0.070636,-0.445061,0.392425,0.607356,0.69074,0.23125,1.098154,3.067179,-1.1034551142724245,87.77007571117254,-74.56008664243144,-0.42539,0.54735,-0.431224,0.577492,0.028907,-0.963731,-0.265304,0.032383,0.266179,-0.96338,0.335443,0.983941,2.734427,16.43527178951097,45.56144857736286,-34.544595314708616,0.012055,0.405076,-0.32379,0.854943,0.462146,-0.543878,-0.700441,0.563411,0.790029,-0.241706,M,BuildTutorial
17.588,0.123553,1.515657,2.680797,52.49876062348981,21.21825743026565,-6.55151475603447,-0.424573,-0.189693,0.131667,-0.875453,0.89336,-0.069459,-0.44394,0.391614,0.604803,0.693435,0.230046,1.096416,3.067517,-1.0572986137204423,87.85915493905848,-73.61665717531466,-0.42097,0.551461,-0.426353,0.580429,0.028228,-0.959233,-0.281205,0.030638,0.282015,-0.958921,0.334289,0.983518,2.734994,16.47562248544091,45.44879480883658,-34.390423815767306,0.01323,0.404295,-0.322742,0.855692,0.464766,-0.541638,-0.700444,0.563033,0.791325,-0.238324,M,BuildTutorial
17.621,0.122998,1.515341,2.68213,52.56195176519755,21.2606094761991,-6.3926665657012585,-0.425275,-0.18941,0.130688,-0.87532,0.894089,-0.067685,-0.442746,0.389891,0.604123,0.694997,0.228942,1.094288,3.068208,-1.007691182577953,87.26301827903228,-72.37266362269364,-0.412517,0.553135,-0.422423,0.587734,0.031201,-0.952899,-0.301679,0.040189,0.302778,-0.952213,0.333365,0.983428,2.735413,16.48592294747238,45.352264457411906,-34.32873859493333,0.013799,0.403586,-0.322299,0.856184,0.466483,-0.540757,-0.699983,0.563032,0.791866,-0.236523,M,BuildTutorial
17.655,0.12223,1.515075,2.683371,52.6010140758489,21.247779019533233,-6.256452793209533,-0.425816,-0.188795,0.129648,-0.875345,0.895095,-0.06619,-0.440935,0.387758,0.603744,0.696518,0.228268,1.095513,3.069575,-2.7702998025986534,85.90676045060184,-67.52131064587128,-0.393271,0.556498,-0.392927,0.61746,0.071837,-0.922942,-0.378176,0.047524,0.381892,-0.922984,0.332452,0.983095,2.736132,16.627767173606806,45.20330937232461,-34.30530524060204,0.015401,0.402738,-0.322507,0.856478,0.467582,-0.540035,-0.699807,0.564846,0.791504,-0.23339,M,BuildTutorial
17.688,0.121219,1.514996,2.684644,52.66616278346104,21.197804165265715,-6.0871288804499715,-0.426653,-0.187764,0.128249,-0.875365,0.896594,-0.06431,-0.43816,0.38475,0.603039,0.698793,0.227198,1.095163,3.070797,-3.2860724801043744,85.67191293147091,-67.04943647155845,-0.392881,0.554953,-0.388583,0.621832,0.082061,-0.919328,-0.384842,0.047206,0.389296,-0.919902,0.331702,0.983077,2.736708,16.648860452475624,45.09145233983175,-34.08935204914487,0.016637,0.401911,-0.320936,0.857433,0.470935,-0.536989,-0.699903,0.563736,0.793446,-0.229445,M,BuildTutorial
17.721,0.120361,1.514853,2.685684,52.70100690030464,21.17819615025225,-5.959757289307673,-0.427152,-0.187129,0.127246,-0.875404,0.897583,-0.062918,-0.436334,0.382648,0.602699,0.700239,0.22617,1.095134,3.071878,-3.735129971542269,85.10127763055749,-64.3438608497781,-0.380203,0.55932,-0.373391,0.634969,0.09548,-0.899494,-0.426373,0.048873,0.43205,-0.900525,0.331103,0.983205,2.737362,16.650927232993997,44.91339503924919,-34.10385939347604,0.017101,0.400584,-0.321024,0.858011,0.472951,-0.537184,-0.698391,0.564585,0.793302,-0.22785,M,BuildTutorial
17.755,0.119393,1.514878,2.686623,52.717573640694525,21.1855942789096,-5.807382348608079,-0.42752,-0.186612,0.12613,-0.875496,0.898534,-0.061292,-0.434603,0.380414,0.602636,0.70151,0.225334,1.097499,3.072402,-5.276623529400536,84.40209748246723,-58.68332224113068,-0.358537,0.56823,-0.335662,0.660226,0.128893,-0.850687,-0.509626,0.035763,0.517566,-0.854896,0.330483,0.983375,2.737944,16.68835346685854,44.73311866484613,-33.91473536283714,0.018556,0.399274,-0.319684,0.859091,0.476764,-0.534457,-0.697891,0.564093,0.794916,-0.2234,M,BuildTutorial
17.788,0.118569,1.515097,2.687406,52.676014620550205,21.22716533375246,-5.610784597655311,-0.427474,-0.18621,0.124731,-0.875805,0.899536,-0.05928,-0.432807,0.377681,0.603415,0.702316,0.224578,1.099013,3.073106,-5.864364027827063,84.62173683602673,-55.86409862813728,-0.34833,0.576235,-0.315525,0.668629,0.136795,-0.823377,-0.550761,0.020499,0.558221,-0.829439,0.330072,0.983983,2.738135,16.680744412441122,44.65118800174112,-33.796694960304684,0.019136,0.398626,-0.318764,0.859721,0.478973,-0.53284,-0.697615,0.563354,0.796046,-0.221232,M,BuildTutorial
17.821,0.11798,1.515471,2.688236,52.58345912669198,21.361229674022734,-5.446461692279932,-0.426882,-0.186654,0.123858,-0.876123,0.899639,-0.057671,-0.43281,0.376388,0.604863,0.701765,0.223493,1.102239,3.07562,-6.991745341324663,83.56790683363562,-49.31977994856913,-0.318815,0.585458,-0.27361,0.69335,0.164753,-0.75272,-0.637393,0.006108,0.64699,-0.762474,0.329672,0.984991,2.738066,16.59262038633016,44.42282348067418,-33.721870598239356,0.019344,0.396735,-0.317918,0.860904,0.483058,-0.532045,-0.695401,0.562743,0.797108,-0.218952,M,BuildTutorial
17.854,0.117645,1.515973,2.689289,52.389425216126895,21.6657659748339,-5.314557202829371,-0.425272,-0.188562,0.123733,-0.876515,0.898269,-0.056529,-0.435795,0.377288,0.607668,0.698851,0.22202,1.105063,3.076946,-7.848731955957365,84.01062950641932,-43.2616484614731,-0.29338,0.601868,-0.230702,0.706017,0.169063,-0.678911,-0.714491,-0.027392,0.72141,-0.691967,0.329387,0.985954,2.738041,16.5147721638854,44.266523379776174,-33.441605534773586,0.020138,0.395367,-0.315567,0.862379,0.488206,-0.528352,-0.694622,0.560199,0.800025,-0.214797,M,BuildTutorial
17.888,0.11749,1.516391,2.6905,52.18915777863646,22.097588242074284,-5.199606950668585,-0.42345,-0.191515,0.12419,-0.876692,0.895798,-0.055557,-0.440976,0.379946,0.610534,0.694903,0.220381,1.106872,3.079176,-8.228216069663388,84.31182946600059,-37.528534857172815,-0.265694,0.616733,-0.192259,0.7156,0.165354,-0.602886,-0.780504,-0.052563,0.784886,-0.617407,0.329371,0.986968,2.737205,16.51357761632374,44.234854257122365,-33.07670833174115,0.021474,0.39506,-0.31281,0.863491,0.492156,-0.52325,-0.695696,0.557185,0.803377,-0.210072,M,BuildTutorial
17.921,0.11745,1.517003,2.692143,51.96021761948093,22.81445404823055,-5.067560124309243,-0.421126,-0.196604,0.125511,-0.876497,0.891188,-0.054431,-0.450357,0.38561,0.6138,0.688879,0.218355,1.107766,3.081372,-8.293512276386856,85.73664799858047,-33.290772337983995,-0.245142,0.63492,-0.16226,0.71446,0.141096,-0.543147,-0.827698,-0.079435,0.827155,-0.556332,0.329186,0.988066,2.736065,16.49011200395735,44.14667161922419,-32.62350212878319,0.023091,0.394264,-0.309309,0.865072,0.497767,-0.516942,-0.696419,0.553358,0.807589,-0.203949,M,BuildTutorial
17.954,0.117461,1.517436,2.694389,51.61322957072424,23.61945303278547,-5.009967440244609,-0.41766,-0.202699,0.127526,-0.876476,0.885301,-0.054228,-0.461846,0.392865,0.618595,0.680439,0.216893,1.107801,3.084726,-7.877862631780127,86.73459377816631,-30.19746641370627,-0.226658,0.648394,-0.143374,0.7125,0.118059,-0.498235,-0.858967,-0.08962,0.85614,-0.508913,0.329237,0.989438,2.73408,16.378147880088626,44.05031495656728,-31.953031783503544,0.024777,0.393197,-0.303908,0.867423,0.506072,-0.507748,-0.697196,0.546717,0.814053,-0.196008,M,BuildTutorial
17.988,0.117745,1.517497,2.696773,51.331631723579775,24.50737998976449,-4.945002708982666,-0.414607,-0.209381,0.129838,-0.876015,0.878603,-0.053858,-0.474506,0.401102,0.622486,0.672033,0.21551,1.107889,3.089528,-7.427644869689733,87.3368975442548,-27.62810452475116,-0.21002,0.657917,-0.128921,0.711629,0.101049,-0.45984,-0.882234,-0.092864,0.878542,-0.468552,0.329848,0.990948,2.731342,16.312736778971665,44.121604705387526,-31.295591330882235,0.026334,0.393477,-0.298759,0.869037,0.511838,-0.498541,-0.699628,0.539988,0.8201,-0.189339,M,BuildTutorial
18.022,0.117978,1.517088,2.699462,51.14464838846471,25.476398268663132,-4.7746247702676206,-0.412376,-0.216262,0.131744,-0.875112,0.871749,-0.05222,-0.487162,0.408944,0.62518,0.664767,0.214476,1.109135,3.09582,-7.787940126194965,87.45218242849874,-25.56963202074875,-0.200464,0.661659,-0.11377,0.713497,0.098527,-0.427626,-0.89857,-0.102928,0.893741,-0.436614,0.331111,0.9924,2.727812,16.165166517250064,44.35696850896615,-30.77478391002598,0.02636,0.394893,-0.294444,0.869866,0.514724,-0.491435,-0.702531,0.533072,0.825216,-0.186689,M,BuildTutorial
18.054,0.118087,1.516308,2.702757,50.9684702057159,26.384156500299913,-4.4770605612942695,-0.410542,-0.222217,0.132447,-0.874376,0.866155,-0.049158,-0.497352,0.414075,0.627827,0.659072,0.213749,1.110011,3.103323,-8.108283661863528,87.13843311685021,-23.91247920875889,-0.19254,0.661979,-0.102053,0.717145,0.102737,-0.401288,-0.910172,-0.108542,0.905027,-0.411272,0.332727,0.993749,2.723717,15.886515001347131,44.70505546214758,-29.639705035334593,0.027216,0.396817,-0.285099,0.872075,0.52251,-0.475655,-0.707627,0.518855,0.835956,-0.178794,M,BuildTutorial
18.093,0.117733,1.515202,2.706185,50.9814827870367,27.0604740977651,-4.1982179064938,-0.410405,-0.226368,0.132765,-0.873326,0.862262,-0.04609,-0.504361,0.4177,0.627882,0.656728,0.212551,1.110843,3.11021,-8.557970648367194,86.88611558553677,-22.303736394646204,-0.185775,0.662291,-0.089698,0.720286,0.106649,-0.375292,-0.920751,-0.116858,0.914883,-0.386436,0.334571,0.99441,2.718932,15.667062327359169,45.18267137240459,-28.95262568117079,0.026707,0.399945,-0.279341,0.872525,0.524026,-0.466101,-0.712844,0.508826,0.842511,-0.176837,M,BuildTutorial
18.121,0.117005,1.513993,2.710024,51.03369075350935,27.5035902243138,-3.9981886504169095,-0.41069,-0.228995,0.132919,-0.872484,0.859788,-0.043846,-0.508766,0.42003,0.627334,0.655765,0.211688,1.11016,3.116949,-8.755240566966998,86.06716985156773,-19.57902505782313,-0.170675,0.661042,-0.07259,0.727066,0.115508,-0.331201,-0.936463,-0.120092,0.931202,-0.344153,0.33653,0.993668,2.714011,15.824374470694906,45.78721358090967,-28.1921186843626,0.02915,0.4046,-0.274166,0.871941,0.522263,-0.454526,-0.721559,0.501702,0.847966,-0.171022,M,BuildTutorial
18.155,0.116155,1.512617,2.714189,51.05311098973774,27.65922405314559,-3.819805410234644,-0.411016,-0.229528,0.132153,-0.872307,0.859705,-0.041875,-0.509072,0.419235,0.627204,0.656398,0.211141,1.108205,3.121115,-8.834819088995845,86.1720680624764,-17.979275380361692,-0.161981,0.663911,-0.061812,0.727436,0.110802,-0.30501,-0.945882,-0.125153,0.939883,-0.317737,0.33877,0.992655,2.708467,16.040237434831674,46.64974184581504,-27.33113669888111,0.031863,0.411241,-0.268503,0.870501,0.517575,-0.441257,-0.733081,0.493671,0.853782,-0.165365,M,BuildTutorial
18.188,0.115195,1.511198,2.718459,51.10449218457192,27.52697606365671,-3.744621292573957,-0.411712,-0.228218,0.131196,-0.872466,0.861409,-0.041008,-0.506255,0.416848,0.626562,0.658527,0.210971,1.105516,3.124412,-8.662794260809033,85.70387036616737,-14.355368410417144,-0.139669,0.665931,-0.040376,0.731709,0.109811,-0.245106,-0.963257,-0.126933,0.957725,-0.258168,0.341032,0.990994,2.702811,16.322252101560686,47.59961619808884,-26.724585051041593,0.034052,0.418659,-0.265048,0.867937,0.508948,-0.431577,-0.744791,0.488602,0.857181,-0.162819,M,BuildTutorial
18.221,0.114314,1.509691,2.722967,51.18641638638604,27.32497158047781,-3.793407156762395,-0.412475,-0.226803,0.130984,-0.872507,0.862807,-0.041467,-0.503829,0.41567,0.625415,0.66036,0.210903,1.103074,3.124768,-9.155310731436137,86.35405782865516,-11.107421208802531,-0.123938,0.673238,-0.015996,0.72879,0.09299,-0.190195,-0.977333,-0.143563,0.968767,-0.202188,0.343113,0.988661,2.697397,16.72890720235336,48.555126421029065,-26.15472307528078,0.037124,0.426238,-0.262322,0.864945,0.499017,-0.42214,-0.756822,0.485435,0.859618,-0.159402,M,BuildTutorial
18.254,0.113744,1.508096,2.727498,51.2491097636666,27.25771053000752,-3.7553846823985024,-0.413108,-0.226114,0.130561,-0.87245,0.863653,-0.040997,-0.502417,0.414634,0.624592,0.661788,0.211726,1.099759,3.126497,-9.27822474583236,86.1672126451387,-8.817304235461405,-0.111231,0.674272,-0.000876,0.730058,0.090714,-0.151279,-0.98432,-0.148721,0.975254,-0.163591,0.344799,0.986162,2.692387,17.12405035533074,49.523807519923736,-25.625283834118516,0.039975,0.433848,-0.259935,0.861749,0.488419,-0.413311,-0.768519,0.482683,0.861672,-0.156648,M,BuildTutorial
18.287,0.113171,1.50645,2.731777,51.37264230009691,27.0859642582864,-3.701236414853488,-0.414357,-0.224532,0.129742,-0.872388,0.865505,-0.040298,-0.499277,0.412443,0.622951,0.664698,0.212844,1.096316,3.128684,-9.843858601206142,85.71054965409374,-7.618575356339218,-0.107777,0.671965,0.009704,0.732634,0.096738,-0.130626,-0.986701,-0.159063,0.97658,-0.144881,0.345891,0.983694,2.688057,17.605162144936966,50.39805448032852,-25.105588296928016,0.043712,0.440786,-0.257937,0.858642,0.478353,-0.404415,-0.779504,0.481486,0.863116,-0.152324,M,BuildTutorial
18.321,0.112637,1.50484,2.735765,51.63566416024039,26.922408091361724,-3.6595446700200815,-0.41664,-0.222968,0.129283,-0.87177,0.867142,-0.039614,-0.496482,0.411204,0.619394,0.668777,0.213893,1.092258,3.130471,-9.92708192451122,85.4434192799275,-7.420443636448055,-0.107168,0.670364,0.011215,0.734167,0.100973,-0.127215,-0.986722,-0.16015,0.976779,-0.142322,0.346082,0.981283,2.684698,18.09642547989404,50.97939553140856,-24.829065965214635,0.047272,0.445575,-0.257739,0.856037,0.470067,-0.399141,-0.787225,0.483394,0.862672,-0.148751,M,BuildTutorial
18.355,0.112184,1.503309,2.739224,51.93612494487933,26.78181344695178,-3.5670360379349,-0.419279,-0.221368,0.128579,-0.871016,0.868928,-0.038358,-0.49345,0.409617,0.615346,0.673471,0.214972,1.087875,3.131091,-9.898436385655506,85.60230592284952,-7.382732661661464,-0.10675,0.671443,0.011435,0.733238,0.098066,-0.126584,-0.987097,-0.160122,0.976948,-0.14119,0.345587,0.97923,2.68263,18.477733727970737,51.31460646493663,-24.438110807952174,0.050989,0.448319,-0.256248,0.854838,0.466695,-0.392382,-0.792611,0.483819,0.863475,-0.142587,M,BuildTutorial
18.388,0.111811,1.502161,2.742187,52.26390418731006,26.693966767166252,-3.4749006578761072,-0.422063,-0.220149,0.128113,-0.870049,0.870243,-0.037097,-0.491224,0.408763,0.610901,0.678022,0.216782,1.083045,3.131367,-9.213002831376498,85.77731716214103,-7.565060218215181,-0.103467,0.673018,0.006361,0.732326,0.094012,-0.129954,-0.987053,-0.148586,0.978508,-0.142981,0.344471,0.977791,2.681943,18.817048938946147,51.385685411011906,-24.23362101692584,0.054249,0.449107,-0.255902,0.854327,0.465635,-0.38852,-0.795133,0.485974,0.863143,-0.137162,M,BuildTutorial
18.421,0.111744,1.501432,2.745131,52.39395982102068,26.669351267474596,-3.3859189608687332,-0.423255,-0.219548,0.127567,-0.869701,0.871051,-0.036041,-0.489869,0.40774,0.609164,0.680197,0.218468,1.078957,3.13096,-8.80909272158054,86.3922654713336,-7.506223664049748,-0.10054,0.677348,0.004877,0.728744,0.082352,-0.129093,-0.988207,-0.143309,0.979736,-0.139929,0.343087,0.976683,2.682141,19.06547258499448,51.30997581476765,-24.13022683931173,0.05674,0.448745,-0.255933,0.854346,0.466252,-0.386387,-0.795811,0.488234,0.862558,-0.132747,M,BuildTutorial
18.454,0.112044,1.500971,2.747717,52.37851355113605,26.74132270685528,-3.33893486888355,-0.423147,-0.219931,0.12745,-0.869674,0.870774,-0.035553,-0.490397,0.407807,0.609406,0.67994,0.220446,1.075464,3.131161,-8.25998177649568,86.65169622437325,-7.833149598298103,-0.099014,0.679188,-0.000259,0.727255,0.077407,-0.134874,-0.987835,-0.134121,0.980393,-0.144368,0.341553,0.976095,2.683364,19.183268872898957,51.19727875795478,-24.030997713458547,0.058289,0.447973,-0.255533,0.854766,0.468046,-0.384619,-0.795614,0.489066,0.86261,-0.129298,M,BuildTutorial
18.487,0.112345,1.500676,2.749849,52.48719288666998,26.830144953034605,-3.406000764574076,-0.423749,-0.22078,0.128472,-0.869015,0.869503,-0.036177,-0.492602,0.410398,0.607863,0.679762,0.222164,1.072918,3.130708,-7.913456262810155,87.1393455359544,-7.91930188605038,-0.097357,0.6825,-0.002467,0.724369,0.068376,-0.136466,-0.988282,-0.129318,0.981031,-0.144412,0.340309,0.975966,2.685196,19.236429661563452,51.096617446338094,-24.15321295706051,0.058447,0.447338,-0.256572,0.854777,0.46812,-0.386333,-0.79474,0.490914,0.86151,-0.129631,M,BuildTutorial
18.521,0.112889,1.500404,2.751666,52.53809641400424,27.04489056595237,-3.4746969540381714,-0.423763,-0.222628,0.129874,-0.868329,0.867139,-0.036864,-0.4967,0.414229,0.607116,0.678103,0.223659,1.069854,3.129992,-7.106922924029435,87.95362660442743,-8.550164427102436,-0.09614,0.687779,-0.010624,0.719447,0.053695,-0.147533,-0.987599,-0.11696,0.981288,-0.152949,0.339003,0.97603,2.687423,19.253932654138115,50.97891048789226,-24.303274161255793,0.058261,0.446554,-0.25769,0.854863,0.46837,-0.388546,-0.793512,0.492613,0.860403,-0.130535,M,BuildTutorial
18.554,0.113494,1.500077,2.753248,52.64566464457685,27.29729052511762,-3.4685908640674583,-0.424308,-0.224444,0.130947,-0.867433,0.864956,-0.036708,-0.500503,0.417642,0.605631,0.677338,0.225161,1.068006,3.130097,-6.620516121598776,88.3193742498974,-8.662121515052197,-0.09383,0.690384,-0.013975,0.717197,0.04635,-0.149603,-0.987659,-0.109511,0.982001,-0.153885,0.337665,0.976379,2.69034,19.1532603529055,50.82287837477991,-24.32791024047532,0.057738,0.445299,-0.257459,0.855623,0.470847,-0.389153,-0.791746,0.491997,0.860763,-0.130488,M,BuildTutorial
18.588,0.114191,1.499754,2.75461,52.80062839031606,27.62367954514609,-3.394704462968351,-0.42526,-0.226532,0.131868,-0.866284,0.862588,-0.0358,-0.504639,0.421141,0.603529,0.677047,0.226299,1.067029,3.130583,-6.4426219143571455,88.43450512227649,-9.09855972572745,-0.095373,0.690891,-0.017692,0.716422,0.044714,-0.157134,-0.986565,-0.106435,0.981182,-0.1611,0.336414,0.976786,2.693387,19.087679482875593,50.55339884214605,-24.608609705732704,0.05675,0.443358,-0.259203,0.85617,0.472496,-0.393522,-0.788599,0.494164,0.859187,-0.132664,M,BuildTutorial
18.621,0.114742,1.499513,2.756044,52.93388928798665,27.846375363873104,-3.3289150105845873,-0.426148,-0.227876,0.132433,-0.865409,0.861068,-0.035,-0.507285,0.423436,0.601719,0.677227,0.226571,1.066417,3.132004,-6.182092056238427,88.31265346401749,-8.860642343936776,-0.092304,0.690538,-0.017888,0.717159,0.045674,-0.153135,-0.987149,-0.101822,0.98232,-0.157097,0.335038,0.977252,2.696302,19.014913296677857,50.228374790871655,-24.672144574239887,0.056677,0.440882,-0.259277,0.85743,0.476797,-0.394648,-0.785441,0.4946,0.859126,-0.131428,M,BuildTutorial
18.654,0.115219,1.499344,2.757404,53.02282539595528,27.87488547528123,-3.3636953063255057,-0.426722,-0.228157,0.132959,-0.864971,0.860533,-0.035293,-0.508171,0.424731,0.60046,0.677533,0.226444,1.066332,3.133204,-6.077206629375105,88.42913709904094,-9.076357806048824,-0.092973,0.691178,-0.019781,0.716407,0.043765,-0.156864,-0.98665,-0.10018,0.981929,-0.160557,0.334031,0.978067,2.698959,18.790264344505523,49.953906412926266,-24.663600994414033,0.055589,0.438581,-0.258341,0.858962,0.481813,-0.39505,-0.782171,0.492571,0.860339,-0.131109,M,BuildTutorial
18.687,0.115599,1.499164,2.758691,53.07183738718985,27.78422966226039,-3.412881080916781,-0.427102,-0.227621,0.133079,-0.864906,0.860957,-0.035767,-0.507419,0.424637,0.599748,0.678222,0.226023,1.06619,3.135113,-5.939138000442518,88.27462092386155,-8.93878508278091,-0.09126,0.690433,-0.019884,0.717341,0.045814,-0.154545,-0.986923,-0.097491,0.982552,-0.158386,0.333271,0.978417,2.701313,18.664837002721843,49.69689935999434,-24.85309416294642,0.054473,0.436608,-0.259229,0.859771,0.484348,-0.398188,-0.779008,0.493321,0.859667,-0.132694,M,BuildTutorial
18.721,0.115946,1.499042,2.760177,53.04852306488708,27.604486729548803,-3.534300121646715,-0.426893,-0.226733,0.133285,-0.865211,0.861655,-0.037058,-0.50614,0.42422,0.599995,0.678265,0.225063,1.065934,3.136373,-5.7558375637830235,88.44716222334189,-8.934155033395209,-0.090125,0.691662,-0.020833,0.716273,0.042339,-0.154515,-0.987083,-0.094828,0.982887,-0.157926,0.3328,0.978422,2.703082,18.658936300051696,49.53931169815377,-24.87801206090686,0.054689,0.435431,-0.259322,0.860327,0.486305,-0.398576,-0.777589,0.493829,0.859523,-0.131732,M,BuildTutorial
18.754,0.116014,1.498863,2.761741,53.03893174081223,27.34017487553078,-3.7218169801784846,-0.426758,-0.225442,0.1337,-0.865551,0.8626,-0.039031,-0.504378,0.423867,0.600004,0.678478,0.224291,1.065518,3.138323,-5.552302026114101,88.20178521626632,-9.005895432224095,-0.089247,0.690231,-0.022711,0.717705,0.046131,-0.155801,-0.986711,-0.090603,0.983038,-0.159457,0.332707,0.978096,2.704146,18.669385680268835,49.56887354448121,-24.838073727529576,0.054855,0.435645,-0.25907,0.860283,0.486193,-0.397952,-0.777979,0.493542,0.859747,-0.131343,M,BuildTutorial
18.787,0.115929,1.498746,2.763226,53.09667169196555,27.01194581450889,-4.02581448735725,-0.426986,-0.224057,0.134872,-0.865616,0.863216,-0.042156,-0.503071,0.424833,0.598985,0.678774,0.223466,1.06518,3.139667,-5.39617107619592,88.14313921745293,-8.472255217716988,-0.08505,0.690389,-0.02036,0.718133,0.045898,-0.146677,-0.988119,-0.088193,0.984704,-0.150267,0.3328,0.977324,2.704663,18.83902593485952,49.69518473041907,-24.852392481962788,0.055831,0.436786,-0.25979,0.859424,0.483454,-0.397768,-0.779778,0.495312,0.858784,-0.130981,M,BuildTutorial
18.821,0.11584,1.498491,2.764704,53.05320268090055,26.772267708935814,-4.3081710362604415,-0.426387,-0.223325,0.13604,-0.865918,0.863239,-0.045153,-0.502773,0.426044,0.599375,0.67767,0.223422,1.064264,3.139574,-5.242251951912434,88.6126503275242,-8.561763779575829,-0.08472,0.693374,-0.021508,0.715257,0.03754,-0.148253,-0.988237,-0.086719,0.98472,-0.15102,0.332919,0.976487,2.704798,18.9626181142679,49.88397774741141,-24.657899244589064,0.057105,0.43824,-0.258828,0.858891,0.481908,-0.394559,-0.782361,0.494661,0.859494,-0.128764,M,BuildTutorial
18.854,0.115931,1.498119,2.766073,53.039064941903504,26.748139761167863,-4.3997914355829115,-0.426129,-0.223492,0.136619,-0.86591,0.862773,-0.046126,-0.503483,0.427072,0.599499,0.676913,0.223717,1.062835,3.139155,-4.931979094791992,88.89993679161495,-8.735564465698465,-0.083909,0.695267,-0.024273,0.713425,0.03203,-0.151313,-0.987967,-0.082044,0.98474,-0.153479,0.33304,0.975705,2.704608,19.139704990472275,50.07434270058345,-24.46875956901454,0.058773,0.439759,-0.258087,0.858225,0.480007,-0.391301,-0.78516,0.494684,0.859874,-0.126112,M,BuildTutorial
18.887,0.115948,1.497604,2.767349,53.12171016167268,26.921401126982268,-4.343085238990818,-0.426663,-0.224539,0.136973,-0.86532,0.861641,-0.045447,-0.50548,0.428657,0.598394,0.676889,0.224046,1.062034,3.138218,-4.93634936883585,89.2469466675992,-7.770068186890018,-0.07813,0.698104,-0.017998,0.711494,0.024655,-0.134697,-0.99058,-0.083474,0.987144,-0.136307,0.333164,0.975161,2.704361,19.290395049304458,50.14823827176711,-24.43206682935446,0.059915,0.440451,-0.258345,0.857713,0.478522,-0.390392,-0.786518,0.49595,0.859337,-0.124797,M,BuildTutorial
18.92,0.11591,1.497004,2.768631,53.18930420128997,27.194254162099757,-4.1586146762382254,-0.427215,-0.225869,0.136711,-0.864744,0.860587,-0.043451,-0.507446,0.429429,0.597596,0.677105,0.224697,1.060952,3.138159,-5.18238235689387,89.30526767277831,-7.387134639674743,-0.077323,0.698558,-0.014073,0.711224,0.023636,-0.128046,-0.991487,-0.088011,0.987646,-0.129648,0.333091,0.975058,2.704441,19.181357711601972,50.15078665336415,-24.11335742374953,0.060289,0.44019,-0.255601,0.858642,0.481802,-0.385862,-0.786751,0.492017,0.862067,-0.121492,M,BuildTutorial
18.954,0.115935,1.496528,2.769915,53.23342514509413,27.53978914647169,-3.855008262567583,-0.42774,-0.227314,0.135785,-0.864251,0.859782,-0.040242,-0.509074,0.429167,0.597203,0.677617,0.225519,1.059638,3.138664,-5.3484059330557665,89.28747670800921,-7.062214868473249,-0.076365,0.698554,-0.01105,0.711385,0.023799,-0.122412,-0.992194,-0.090969,0.988093,-0.124088,0.333067,0.974649,2.704627,19.356115599065284,50.144723859901184,-24.03864962409889,0.061944,0.440283,-0.255613,0.858473,0.481626,-0.384328,-0.787609,0.493419,0.86165,-0.11873,M,BuildTutorial
18.987,0.115951,1.496102,2.771575,53.15574315369648,28.0267012768656,-3.4752793197951006,-0.427332,-0.229623,0.134602,-0.864027,0.858311,-0.036348,-0.511841,0.42885,0.598539,0.676638,0.226249,1.058275,3.139448,-5.424435803683064,89.07202849470163,-6.360058334138578,-0.072541,0.697622,-0.006361,0.712756,0.026567,-0.110279,-0.993545,-0.092145,0.989395,-0.112283,0.332942,0.97455,2.704661,19.376903857342352,50.16755521064254,-23.716816612975503,0.063291,0.440299,-0.253282,0.859057,0.48397,-0.379434,-0.788545,0.490902,0.863685,-0.114298,M,BuildTutorial
19.021,0.115933,1.495526,2.773009,53.13595346155889,28.445904131296043,-3.157325075291683,-0.427331,-0.231612,0.133733,-0.863632,0.856942,-0.033042,-0.514352,0.428943,0.599008,0.676164,0.227241,1.056447,3.139855,-5.362039273162454,89.1330219701161,-6.102931792774019,-0.070592,0.698201,-0.005106,0.712395,0.024978,-0.105849,-0.994069,-0.0913,0.989982,-0.107708,0.332903,0.974805,2.704529,19.320195322876327,50.15521238286157,-23.520911170505965,0.063631,0.440042,-0.251619,0.859652,0.486102,-0.376609,-0.788588,0.488611,0.865278,-0.112045,M,BuildTutorial
19.054,0.115623,1.494727,2.774382,53.2211910945223,28.89709534761129,-2.830720970322858,-0.428115,-0.233726,0.133113,-0.862769,0.855306,-0.029569,-0.517278,0.429815,0.597997,0.676505,0.228452,1.054805,3.139973,-5.390609868196112,89.29532321374225,-6.22328957876143,-0.07151,0.699117,-0.005578,0.711401,0.02241,-0.107924,-0.993907,-0.092052,0.98971,-0.109544,0.333066,0.974941,2.704268,19.365324695579332,50.16400107074275,-23.42215083643423,0.064341,0.440097,-0.251032,0.859743,0.486595,-0.375013,-0.789044,0.488278,0.865687,-0.110324,M,BuildTutorial
19.087,0.115482,1.493939,2.775848,53.31464751665945,29.29375185119623,-2.476802638751127,-0.429088,-0.235312,0.132108,-0.862009,0.854351,-0.025818,-0.519055,0.429697,0.596862,0.677582,0.229665,1.053002,3.140283,-5.203632176888882,89.35062140390212,-5.865572875885239,-0.068174,0.699792,-0.004471,0.711072,0.020543,-0.101774,-0.994595,-0.089057,0.990665,-0.103211,0.333351,0.975062,2.703812,19.31330439279786,50.32393111273261,-23.10976959523246,0.06479,0.441071,-0.248606,0.859915,0.487302,-0.370406,-0.790782,0.484714,0.867994,-0.107878,M,BuildTutorial
19.12,0.115294,1.49303,2.7774,53.426093734629845,29.6015145714028,-2.1265976671435567,-0.430298,-0.236219,0.130841,-0.861351,0.854163,-0.022111,-0.519535,0.428689,0.595449,0.679461,0.2305,1.051434,3.140408,-5.08851402525932,89.46293682628698,-5.663742990228034,-0.066234,0.700675,-0.00386,0.71039,0.018081,-0.098302,-0.994992,-0.087333,0.991196,-0.099514,0.333729,0.974879,2.703225,19.393410997890037,50.44820130398269,-22.885569514727273,0.066006,0.441951,-0.247261,0.859759,0.487083,-0.366827,-0.792583,0.483513,0.86901,-0.105056,M,BuildTutorial
19.154,0.115059,1.49211,2.778601,53.64271161185046,29.800203989015912,-1.834677416805491,-0.432309,-0.236423,0.129814,-0.860443,0.854505,-0.018979,-0.519096,0.42781,0.592514,0.682573,0.231016,1.050024,3.140471,-5.024566225957705,89.5861369012342,-5.219522400520857,-0.063124,0.701725,-0.001431,0.709645,0.01516,-0.090622,-0.99577,-0.086559,0.992027,-0.091599,0.334293,0.974405,2.702358,19.506430478109873,50.6574820536369,-22.79299434568069,0.066788,0.443571,-0.247065,0.85892,0.484407,-0.365168,-0.794986,0.483669,0.868996,-0.104451,M,BuildTutorial
19.187,0.114867,1.491307,2.779824,53.841950740801856,29.90359737461084,-1.6156704101041854,-0.434145,-0.236191,0.128949,-0.859711,0.855172,-0.016636,-0.518078,0.426801,0.58978,0.685566,0.231302,1.04877,3.140585,-4.747242211833995,89.73091825770783,-5.038035849485084,-0.060304,0.702868,-0.001936,0.708757,0.011946,-0.087515,-0.996092,-0.082027,0.992719,-0.088203,0.334848,0.97399,2.7016,19.568054338949658,50.8778042113046,-22.588571610496853,0.067584,0.445158,-0.245869,0.85838,0.482766,-0.361926,-0.797463,0.482269,0.869962,-0.102875,M,BuildTutorial
19.22,0.114757,1.490764,2.780958,54.004902371493486,29.93786415315961,-1.4478126028665943,-0.435679,-0.235661,0.128139,-0.859202,0.856089,-0.014849,-0.516615,0.425539,0.587528,0.688278,0.231421,1.048012,3.140916,-4.746248365413669,89.84123625758528,-5.129299546728375,-0.06086,0.703502,-0.002448,0.708078,0.010157,-0.089097,-0.995971,-0.082165,0.99258,-0.089631,0.335372,0.97355,2.701082,19.677439955122832,51.05972874321601,-22.456585983983288,0.068554,0.446539,-0.245357,0.857732,0.480806,-0.359676,-0.799662,0.482124,0.870201,-0.101522,M,BuildTutorial
19.256,0.11471,1.490425,2.781888,54.12817153366877,29.8749190487543,-1.364207429552775,-0.436848,-0.234756,0.127514,-0.858949,0.857259,-0.013951,-0.514696,0.424162,0.585808,0.690591,0.231575,1.048458,3.142618,-4.716060340408093,89.14613521530622,-4.954755463280462,-0.059592,0.699302,-0.001917,0.712336,0.021946,-0.086075,-0.996047,-0.080614,0.99289,-0.087579,0.335783,0.973091,2.700699,19.745459818149182,51.24516731704012,-22.45034285810486,0.068707,0.447982,-0.245651,0.856882,0.477936,-0.359429,-0.801491,0.482547,0.86987,-0.102347,M,BuildTutorial
19.287,0.114744,1.490252,2.782749,54.18924451151889,29.759261744553996,-1.426487930721813,-0.437309,-0.23407,0.127659,-0.858881,0.857829,-0.014566,-0.513728,0.424009,0.584929,0.69143,0.230908,1.050541,3.143281,-5.395332967028043,89.0271054184313,-5.001369645381147,-0.064085,0.69817,0.001887,0.713056,0.025111,-0.086793,-0.99591,-0.092176,0.991779,-0.088757,0.335975,0.972792,2.700825,19.72633037236419,51.3184735995,-22.357353432677247,0.068766,0.448458,-0.244935,0.856834,0.477785,-0.358059,-0.802194,0.481414,0.870557,-0.101844,M,BuildTutorial
19.32,0.114856,1.49027,2.783211,54.24627578567358,29.56137386333384,-1.5720485562956903,-0.437662,-0.23309,0.128105,-0.858901,0.858517,-0.016029,-0.512535,0.424088,0.584083,0.692096,0.229958,1.05273,3.143668,-5.698063134449198,89.12790762577494,-4.444702696409764,-0.062563,0.698937,0.007258,0.712404,0.022868,-0.077114,-0.99676,-0.097797,0.992066,-0.078994,0.335996,0.972275,2.7014,19.854496751796873,51.36315030804996,-22.385634687631335,0.06955,0.44892,-0.245608,0.856336,0.476296,-0.358201,-0.803016,0.48309,0.869679,-0.1014,M,BuildTutorial
19.353,0.11469,1.490584,2.783379,54.27987983850501,29.29927960440501,-1.7351894733971462,-0.437877,-0.231718,0.128391,-0.859119,0.859645,-0.017679,-0.510586,0.423535,0.583558,0.692877,0.229763,1.054409,3.144071,-5.853723867893165,89.02092026053226,-4.8536704946070905,-0.066026,0.697955,0.005607,0.713069,0.025654,-0.08417,-0.996121,-0.100163,0.991218,-0.086335,0.335578,0.971716,2.702279,19.98761443348235,51.33347275057911,-22.366515127976164,0.070717,0.448801,-0.245898,0.856219,0.476224,-0.35761,-0.803322,0.484561,0.869066,-0.09962,M,BuildTutorial
19.387,0.114521,1.491076,2.783306,54.23135502596282,29.0108050475567,-1.9500753735474423,-0.437402,-0.230418,0.128809,-0.859648,0.860631,-0.01989,-0.50884,0.423032,0.584176,0.692663,0.229091,1.056341,3.144065,-5.814072334856101,88.93414503866711,-4.668294199322778,-0.064656,0.697543,0.006469,0.71359,0.026783,-0.080969,-0.996357,-0.099433,0.991556,-0.083252,0.33494,0.971385,2.703651,20.03628186719392,51.17318281141157,-22.4620204676885,0.071064,0.447704,-0.246677,0.85654,0.477423,-0.358947,-0.802013,0.486209,0.868201,-0.099138,M,BuildTutorial
19.42,0.114261,1.491728,2.783106,54.16144549588716,28.69420845679884,-2.1616864803998777,-0.436807,-0.228909,0.129059,-0.860316,0.861889,-0.022086,-0.506617,0.422042,0.585087,0.692498,0.228497,1.058464,3.143073,-5.934852760345488,89.24071375425416,-4.879579660595047,-0.066675,0.69926,0.00607,0.711726,0.021998,-0.084605,-0.996172,-0.101887,0.991035,-0.086419,0.334119,0.971422,2.705507,20.003668941621303,50.8972445304029,-22.620268186381587,0.07079,0.44571,-0.24758,0.857342,0.480093,-0.361419,-0.799304,0.487625,0.867386,-0.099316,M,BuildTutorial
19.454,0.113992,1.492491,2.782754,54.0116644864499,28.311078595973616,-2.3335229985269392,-0.435765,-0.226809,0.128616,-0.861466,0.864031,-0.023925,-0.50287,0.419268,0.587133,0.692452,0.227967,1.061343,3.1418,-6.21838972664746,89.45835009320155,-5.166206623514986,-0.070165,0.70027,0.006161,0.710395,0.019169,-0.089515,-0.995801,-0.107023,0.990078,-0.091061,0.333817,0.97233,2.706636,19.87858907344251,50.54809246749689,-22.840363510549384,0.069724,0.443119,-0.248596,0.858478,0.483693,-0.365035,-0.795481,0.48862,0.866678,-0.100601,M,BuildTutorial
19.487,0.113642,1.493238,2.782194,53.87489798008287,27.90523385755454,-2.5355304699687635,-0.434788,-0.224633,0.128347,-0.86257,0.866135,-0.026081,-0.49913,0.416751,0.588974,0.692408,0.22767,1.064339,3.140413,-6.545582005594034,89.59976001232674,-5.3071115617848355,-0.073035,0.700854,0.007387,0.709518,0.0175,-0.091892,-0.995615,-0.112855,0.989223,-0.093285,0.332778,0.972748,2.708821,19.73709748067232,50.11451570336883,-23.064759672229677,0.068705,0.439873,-0.249548,0.859952,0.488474,-0.368756,-0.79083,0.489643,0.86601,-0.101373,M,BuildTutorial
19.521,0.113254,1.494112,2.781239,53.762782530973574,27.469895784785013,-2.762576921327446,-0.433983,-0.222301,0.128208,-0.863599,0.86829,-0.028491,-0.495238,0.414391,0.590442,0.692574,0.227209,1.067364,3.138174,-6.7043839183526135,89.87244242216879,-5.273362940508933,-0.073786,0.70246,0.008748,0.707834,0.012946,-0.091278,-0.995741,-0.116048,0.988958,-0.092165,0.33211,0.973146,2.710546,19.66790951442351,49.754621195916776,-23.295935986165535,0.068069,0.437243,-0.250842,0.860967,0.491794,-0.372408,-0.787052,0.491459,0.86489,-0.102148,M,BuildTutorial
19.554,0.112842,1.495086,2.780177,53.58967100406512,27.130607324569628,-2.9411293990964658,-0.432704,-0.220546,0.12797,-0.864726,0.869966,-0.030454,-0.49217,0.412179,0.592783,0.691894,0.22675,1.069652,3.135312,-6.757979383155046,90.48006270018531,-5.544369773044296,-0.075736,0.705992,0.007806,0.704116,0.00303,-0.095945,-0.995382,-0.117931,0.988406,-0.095631,0.331375,0.973196,2.712329,19.7090467380412,49.481701648467514,-23.412834234942817,0.068542,0.435301,-0.251692,0.861665,0.494328,-0.374075,-0.78467,0.493422,0.863906,-0.101003,M,BuildTutorial
19.588,0.112402,1.496033,2.778882,53.42391287712086,26.819254853704702,-3.078019197071077,-0.431529,-0.21883,0.127545,-0.865811,0.871692,-0.031998,-0.489009,0.409723,0.595031,0.691423,0.226503,1.071397,3.133013,-6.651669143528614,90.71513156888166,-5.987337203346882,-0.077806,0.707209,0.004585,0.702695,-0.000331,-0.103606,-0.994618,-0.116495,0.98785,-0.102862,0.330551,0.973439,2.714144,19.66319729933544,49.128307745082395,-23.57890048753265,0.068334,0.432696,-0.252582,0.862732,0.497952,-0.376686,-0.781122,0.494958,0.863065,-0.100675,M,BuildTutorial
19.621,0.112054,1.496979,2.777342,53.24377416206802,26.436559856237423,-3.296143925686384,-0.430169,-0.216881,0.127451,-0.866991,0.873438,-0.034407,-0.485719,0.407589,0.597422,0.690622,0.226147,1.073484,3.130583,-6.762066825254096,90.80379549263422,-6.1996865325225174,-0.079786,0.707531,0.00403,0.702153,-0.001231,-0.107243,-0.994232,-0.118562,0.987236,-0.106342,0.329864,0.974044,2.716063,19.450727137476537,48.72762729968624,-23.7237340661024,0.067018,0.429549,-0.252755,0.864356,0.503206,-0.379366,-0.776444,0.494516,0.863247,-0.101286,M,BuildTutorial
19.653,0.111407,1.498107,2.775683,53.10038617526516,26.097323198926883,-3.427597085993349,-0.429205,-0.214901,0.126936,-0.868037,0.87541,-0.035896,-0.482047,0.404843,0.599341,0.690575,0.225672,1.075412,3.1276,-6.706800766835635,91.0653191824712,-6.621043089117988,-0.082048,0.708873,0.001292,0.700547,-0.005005,-0.114513,-0.993409,-0.118133,0.986533,-0.113125,0.329421,0.974809,2.71757,19.306182456718645,48.400454025542224,-23.90075472544649,0.065952,0.427034,-0.253441,0.865483,0.50682,-0.38237,-0.772611,0.495025,0.862836,-0.102295,M,BuildTutorial
19.687,0.110951,1.499331,2.773785,52.90456545779271,25.736102842392484,-3.481223433240364,-0.428008,-0.212489,0.125671,-0.869404,0.87811,-0.036623,-0.477055,0.400412,0.602031,0.690817,0.225153,1.07749,3.125138,-6.737270820356583,90.81463970662251,-7.388939648989767,-0.086974,0.70675,-0.003403,0.702089,0.000987,-0.127716,-0.99181,-0.11816,0.984848,-0.126937,0.329039,0.975614,2.718822,19.168533414557764,48.18730795713785,-24.1665452004174,0.064362,0.42543,-0.254892,0.865966,0.508078,-0.386693,-0.769627,0.49622,0.861775,-0.105407,M,BuildTutorial
19.72,0.110707,1.500685,2.771721,52.639271411309586,25.391304579958945,-3.568108034218933,-0.426196,-0.21036,0.124618,-0.870963,0.880438,-0.037767,-0.472655,0.396385,0.605654,0.689973,0.224178,1.079435,3.122512,-6.663874922089397,90.42315450259272,-8.79753172042371,-0.095166,0.703286,-0.012814,0.704392,0.01045,-0.15191,-0.988339,-0.115805,0.981559,-0.152092,0.328353,0.976535,2.720345,18.87387282492188,47.80966987771001,-24.34087306371177,0.062256,0.422352,-0.255075,0.867571,0.513111,-0.390004,-0.764601,0.495179,0.862122,-0.107441,M,BuildTutorial
19.753,0.110623,1.502222,2.769192,52.45337875883747,24.902285818584428,-3.693475421095211,-0.425073,-0.207217,0.123461,-0.872429,0.883637,-0.039257,-0.466524,0.391587,0.608141,0.690525,0.22331,1.081015,3.119962,-6.264989492314089,89.42867958896736,-11.714671956953683,-0.110323,0.694891,-0.034166,0.709781,0.031919,-0.201825,-0.978902,-0.104824,0.973323,-0.204093,0.327927,0.977473,2.72159,18.518476986440355,47.45266669717376,-24.38734481019273,0.060099,0.419279,-0.254126,0.86949,0.51925,-0.391523,-0.759664,0.492316,0.863616,-0.108589,M,BuildTutorial
19.787,0.110881,1.503906,2.766337,52.224372425728816,24.376278011922857,-3.8498913548886233,-0.423599,-0.203918,0.122351,-0.874078,0.886895,-0.04113,-0.460136,0.386648,0.611189,0.690617,0.221147,1.084359,3.116752,-6.728780259668803,88.11276052566294,-15.227941155869114,-0.133779,0.682459,-0.054608,0.716499,0.062534,-0.260851,-0.963352,-0.104343,0.958242,-0.266241,0.327555,0.978697,2.722792,18.08474096609641,47.11924954504124,-24.53110232653149,0.056917,0.416331,-0.2537,0.871244,0.52461,-0.394676,-0.754331,0.489461,0.864794,-0.112069,M,BuildTutorial
19.82,0.111347,1.505818,2.76349,51.93613877645685,23.82312367920201,-4.06378278895447,-0.421593,-0.200637,0.12151,-0.875922,0.88996,-0.043692,-0.453941,0.382041,0.61499,0.689806,0.218416,1.088775,3.113596,-7.869204086800773,85.82076942080624,-16.877837260648786,-0.149396,0.664519,-0.06102,0.729638,0.109382,-0.287598,-0.951485,-0.109507,0.947915,-0.299107,0.327448,0.979856,2.723821,17.680065096646214,46.798093633569174,-24.789641443028337,0.05352,0.413542,-0.254262,0.872622,0.528668,-0.399484,-0.748948,0.488015,0.864973,-0.116891,M,BuildTutorial
19.854,0.112176,1.507563,2.760396,51.50473897178982,23.466010375609834,-4.324650688136517,-0.418191,-0.199075,0.121563,-0.8779,0.891184,-0.046937,-0.451208,0.379942,0.620678,0.685859,0.214263,1.093554,3.109142,-9.548144528863505,83.73428920591532,-18.75320092690445,-0.169509,0.646106,-0.066103,0.741245,0.156355,-0.317038,-0.935436,-0.121044,0.933794,-0.336714,0.327391,0.980841,2.724751,17.291726108237924,46.62237793509894,-25.063929882638828,0.049876,0.411863,-0.255078,0.873394,0.530609,-0.404484,-0.744881,0.486651,0.864895,-0.122992,M,BuildTutorial
19.887,0.112922,1.509103,2.756628,51.36262493644958,23.0842539415058,-4.591185142539381,-0.417038,-0.197186,0.12201,-0.878812,0.892463,-0.04998,-0.448344,0.378916,0.622385,0.684879,0.208897,1.097239,3.104174,-10.445794180968862,81.15794811871528,-21.51110212898806,-0.188815,0.623512,-0.082976,0.75412,0.208697,-0.360604,-0.909071,-0.110309,0.914928,-0.388251,0.327289,0.980954,2.725782,17.10528189666304,46.4605254404538,-25.36859292910061,0.047681,0.41053,-0.25676,0.873651,0.531079,-0.409489,-0.741805,0.487787,0.863601,-0.127503,M,BuildTutorial
19.92,0.11369,1.510579,2.753115,51.07047792100126,22.640897829838956,-4.86057743032548,-0.414789,-0.194886,0.122058,-0.880382,0.894243,-0.053241,-0.444405,0.376588,0.626105,0.68277,0.202334,1.101858,3.096503,-12.418895249966583,79.37583052563473,-21.334960199857516,-0.199315,0.60848,-0.073732,0.764585,0.248633,-0.355307,-0.901077,-0.12981,0.909674,-0.394515,0.326866,0.980496,2.727041,17.05928650529379,46.16574878166523,-25.917215435712464,0.046025,0.408449,-0.260682,0.873554,0.53043,-0.417841,-0.737599,0.493037,0.859854,-0.132539,M,BuildTutorial
19.953,0.114339,1.512111,2.749463,50.84453050286989,22.095492780234476,-5.292363335840119,-0.412891,-0.192339,0.1231,-0.881688,0.895705,-0.058241,-0.440819,0.375901,0.628735,0.680728,0.194656,1.106402,3.088449,-14.466410509341271,76.98408357182909,-22.22628385892665,-0.215712,0.58688,-0.072765,0.777011,0.300554,-0.366273,-0.880631,-0.140115,0.896347,-0.42063,0.326259,0.979566,2.7286,17.143511111954652,45.93647328356528,-26.06429773818212,0.046686,0.406869,-0.261965,0.873872,0.531664,-0.419857,-0.735563,0.495838,0.85839,-0.131576,M,BuildTutorial
19.987,0.115109,1.513703,2.745635,50.68577059299994,21.416174346275465,-5.730035889714892,-0.411662,-0.188736,0.123818,-0.88294,0.898096,-0.063256,-0.435227,0.374037,0.630408,0.680208,0.186125,1.110631,3.081802,-16.350385521898485,73.21900026589691,-23.238110463586683,-0.230696,0.555212,-0.076963,0.795359,0.371634,-0.378597,-0.847675,-0.133744,0.881712,-0.452434,0.325385,0.979014,2.730689,17.086482959966705,45.50346993641949,-26.39679314898693,0.046056,0.403625,-0.264156,0.87475,0.534618,-0.424962,-0.730473,0.499319,0.856201,-0.132665,M,BuildTutorial
20.021,0.116093,1.515345,2.74263,50.11956828800081,21.03270561350574,-5.995824353846947,-0.407232,-0.186889,0.123782,-0.885388,0.899501,-0.066977,-0.431754,0.371405,0.63768,0.67485,0.176851,1.115611,3.073286,-18.90822787634694,69.5160976539108,-21.841044950424592,-0.239044,0.526619,-0.06158,0.813473,0.43776,-0.351959,-0.82734,-0.151583,0.878131,-0.453771,0.324183,0.978964,2.733135,16.97667848239818,45.03396546932703,-26.784210826928895,0.044921,0.400045,-0.266604,0.875711,0.537773,-0.430995,-0.724599,0.502875,0.85381,-0.134632,M,BuildTutorial
20.054,0.116616,1.516754,2.739412,49.86743310824362,20.6676227370765,-6.217876014995673,-0.405299,-0.184917,0.123893,-0.886673,0.900913,-0.069813,-0.428349,0.369599,0.640767,0.672915,0.166266,1.119682,3.064135,-20.746166449129777,65.61151674691253,-20.775479315972028,-0.244953,0.496915,-0.05312,0.830814,0.500508,-0.331708,-0.799664,-0.155175,0.874352,-0.459814,0.32277,0.979017,2.735562,16.86810201456518,44.517456280875216,-27.250694773774356,0.043654,0.396125,-0.269654,0.876622,0.540744,-0.438185,-0.718046,0.507355,0.850762,-0.137097,M,BuildTutorial
20.087,0.1168,1.517986,2.735839,49.87080795100767,20.13110502436828,-6.306576136964366,-0.405761,-0.181077,0.122685,-0.887422,0.904319,-0.070799,-0.420945,0.364695,0.640613,0.675731,0.154493,1.123785,3.053894,-22.3446857007582,61.33537957130708,-20.192887640373044,-0.251802,0.463426,-0.050631,0.848097,0.565345,-0.319264,-0.760563,-0.147503,0.868065,-0.474032,0.321101,0.979499,2.73844,16.626315763273396,43.68098776510832,-27.69326009203403,0.042207,0.389536,-0.272037,0.878906,0.548515,-0.445308,-0.707695,0.511072,0.848429,-0.137745,M,BuildTutorial
20.12,0.116991,1.519267,2.73296,49.54954316850469,19.775906863828613,-6.182951626947134,-0.403818,-0.177954,0.120095,-0.889292,0.907819,-0.069877,-0.413499,0.357321,0.645016,0.675482,0.142692,1.127543,3.043754,-23.99075635652622,56.86274690191911,-17.29317959294191,-0.250703,0.43294,-0.031494,0.865286,0.623142,-0.271582,-0.733443,-0.162576,0.872312,-0.461129,0.319969,0.980573,2.740317,16.425655056081375,42.97025459860918,-28.02277057160617,0.041202,0.383901,-0.273744,0.880901,0.555369,-0.450647,-0.698916,0.513917,0.846734,-0.137591,M,BuildTutorial
20.153,0.116823,1.520476,2.729894,49.297582698829714,19.40282202950794,-6.063524491128069,-0.402415,-0.174687,0.117564,-0.890913,0.911326,-0.068885,-0.405881,0.350072,0.648482,0.675959,0.130381,1.131298,3.030789,-25.525478429087293,53.47191910471715,-15.09310081177549,-0.253211,0.409053,-0.015869,0.876532,0.664847,-0.234973,-0.70906,-0.179335,0.871264,-0.456878,0.318005,0.98136,2.743327,16.16095371313256,42.10155973317582,-28.41408430381519,0.03989,0.376948,-0.275719,0.883345,0.563779,-0.457037,-0.687947,0.517183,0.844775,-0.13739,M,BuildTutorial
20.187,0.116222,1.52161,2.726629,49.19904493089434,18.825516743339065,-5.979766024143235,-0.402353,-0.16992,0.114774,-0.892225,0.915909,-0.068073,-0.395573,0.341544,0.649878,0.678975,0.118811,1.133488,3.017438,-26.21864714558402,50.53323975571511,-14.376348501988783,-0.255516,0.386775,-0.01416,0.885955,0.700409,-0.222745,-0.678094,-0.172564,0.869022,-0.463705,0.315959,0.982523,2.746358,15.729279661202307,41.04065433459582,-28.46697501945889,0.038839,0.368092,-0.2746,0.887466,0.578207,-0.458803,-0.674668,0.515988,0.846173,-0.13322,M,BuildTutorial
20.22,0.115626,1.52282,2.72363,48.89729053666528,18.304258349059744,-5.873343239076294,-0.400654,-0.165538,0.111788,-0.894191,0.920201,-0.067272,-0.385622,0.332567,0.65396,0.679512,0.106518,1.135514,3.004796,-27.04530499465591,46.51403457855459,-11.431774564723485,-0.251997,0.360605,0.002904,0.898027,0.739911,-0.176527,-0.649131,-0.186959,0.872978,-0.450506,0.314423,0.983626,2.749051,15.325412152600064,40.267244298655065,-28.715847453647825,0.036688,0.361527,-0.27521,0.890063,0.587116,-0.463381,-0.663757,0.516436,0.845827,-0.133682,M,BuildTutorial
20.254,0.114696,1.524073,2.720677,48.65054873525072,17.641581542260646,-5.793561112126721,-0.399463,-0.160123,0.10859,-0.896102,0.925138,-0.066689,-0.373728,0.322542,0.657274,0.681144,0.093601,1.137163,2.991992,-27.832617489152277,42.33383205991927,-6.829400411546412,-0.244756,0.336507,0.032775,0.908727,0.771378,-0.105156,-0.627629,-0.224291,0.878041,-0.422774,0.312967,0.984329,2.751837,15.066555944579177,39.585576213626645,-28.861202593866356,0.035807,0.355847,-0.275454,0.892309,0.594996,-0.466096,-0.654778,0.517063,0.845686,-0.132137,M,BuildTutorial
20.287,0.113465,1.525401,2.717655,48.45173571680535,16.8975797817616,-5.755563266011503,-0.398643,-0.154195,0.1055,-0.897874,0.930188,-0.066514,-0.361008,0.312388,0.659907,0.683327,0.083289,1.13552,2.978486,-27.37146313281556,39.6695523195145,-5.466165393977975,-0.238027,0.318688,0.036607,0.916756,0.794196,-0.084594,-0.601744,-0.218831,0.884006,-0.413093,0.311624,0.984396,2.754767,14.906062637959808,38.85951585565508,-29.143526680106785,0.035406,0.350007,-0.277021,0.894148,0.60151,-0.47061,-0.645533,0.52018,0.844012,-0.130601,M,BuildTutorial
20.32,0.112398,1.52697,2.715014,48.038325651526584,16.270510769359117,-5.599015747574372,-0.396152,-0.148783,0.101695,-0.900325,0.935043,-0.065236,-0.34848,0.300999,0.665444,0.683069,0.074512,1.132741,2.964236,-26.90872568789281,38.427292301758705,-4.912372045331503,-0.233225,0.31035,0.037142,0.92082,0.804607,-0.076359,-0.588877,-0.213166,0.888453,-0.406462,0.310173,0.983987,2.757648,14.945038107006146,38.27412059228577,-29.19981110648582,0.036963,0.345519,-0.277373,0.89572,0.607362,-0.471355,-0.639482,0.522441,0.843396,-0.125458,M,BuildTutorial
20.353,0.111099,1.528805,2.712517,47.497882934744176,15.50721145221207,-5.365176449312234,-0.392831,-0.14203,0.096722,-0.903414,0.940945,-0.063172,-0.332614,0.286347,0.672658,0.682303,0.065846,1.128579,2.950767,-25.678004796112305,36.68033876568557,-2.869313277497842,-0.21854,0.301414,0.046728,0.926934,0.813933,-0.045114,-0.579205,-0.218369,0.900114,-0.376975,0.308771,0.983803,2.760912,15.018477856308005,37.57960008295213,-29.463627565800262,0.038449,0.340299,-0.279388,0.897029,0.612278,-0.475069,-0.632001,0.527406,0.840928,-0.121171,M,BuildTutorial
20.386,0.109507,1.530833,2.71001,46.95692627865009,14.60474574229517,-5.30450876368501,-0.389355,-0.134744,0.092684,-0.906453,0.946508,-0.063101,-0.316452,0.272954,0.679625,0.680887,0.058429,1.122204,2.93811,-23.770345003779045,35.28722055390243,-1.4778980258923546,-0.200072,0.294042,0.050391,0.933259,0.822001,-0.023603,-0.568997,-0.211715,0.914864,-0.343803,0.306248,0.983528,2.764952,14.841547865885762,36.57096206964163,-29.4683934452814,0.039471,0.332083,-0.27866,0.900284,0.624139,-0.475531,-0.619936,0.527961,0.841582,-0.114006,M,BuildTutorial
20.42,0.107916,1.533286,2.707879,46.19951371895162,13.629451925037316,-5.216472608431866,-0.384191,-0.12676,0.088068,-0.91026,0.952352,-0.06293,-0.298438,0.257729,0.689283,0.6771,0.051644,1.115188,2.924731,-22.31259818851518,34.66959315194087,-1.3219945256661498,-0.188058,0.290174,0.046842,0.937144,0.82721,-0.021343,-0.561487,-0.196935,0.92488,-0.325291,0.30359,0.983064,2.769145,14.835362678316566,35.50383390695603,-29.597398022752277,0.04165,0.323721,-0.279283,0.903034,0.634412,-0.477437,-0.607927,0.53137,0.840533,-0.105596,M,BuildTutorial
20.454,0.106383,1.535925,2.705894,45.29095603669118,12.595647885746356,-5.081734614811043,-0.37784,-0.118106,0.082862,-0.914561,0.95837,-0.062315,-0.278647,0.240815,0.700742,0.671542,0.04509,1.108014,2.911424,-21.207393387996504,34.32247526867167,-1.453276105295088,-0.179486,0.28777,0.042381,0.939775,0.830785,-0.023645,-0.556091,-0.182957,0.931978,-0.312961,0.300601,0.98217,2.773184,14.980311509478543,34.45387007937478,-29.659412291373098,0.045207,0.315717,-0.279699,0.905565,0.644184,-0.478025,-0.597093,0.535116,0.83945,-0.094735,M,BuildTutorial
20.487,0.105076,1.539087,2.703969,44.19755066450228,11.727074296739865,-4.755440234923752,-0.369987,-0.110099,0.076638,-0.919301,0.96401,-0.059436,-0.259138,0.222376,0.714472,0.663384,0.038463,1.099735,2.899059,-19.652486727301785,33.38362722001805,-1.242567021013508,-0.166529,0.281221,0.038781,0.944288,0.838822,-0.020421,-0.544023,-0.166905,0.941528,-0.29269,0.297409,0.981373,2.777397,15.059527214285424,33.356991482462924,-29.531613500338864,0.048866,0.307123,-0.278408,0.908722,0.656328,-0.475976,-0.585389,0.536008,0.840202,-0.082199,M,BuildTutorial
20.52,0.103832,1.542773,2.702063,42.927033282177845,10.971733148653414,-4.395271217035412,-0.360553,-0.102872,0.070479,-0.924365,0.9689,-0.056115,-0.241006,0.204478,0.730068,0.652066,0.032359,1.08971,2.887504,-17.314305413718174,32.53630671348139,-1.411432539554263,-0.147895,0.275141,0.030474,0.949472,0.846738,-0.023515,-0.53149,-0.139253,0.954397,-0.264074,0.293679,0.980441,2.781924,15.099445361648224,31.994219791867124,-29.535351840792895,0.052488,0.296369,-0.277918,0.912235,0.669854,-0.475941,-0.569891,0.538164,0.840013,-0.06897,M,BuildTutorial
20.553,0.102748,1.546967,2.70028,41.43130982857017,10.194825414539958,-4.2164289694427,-0.349036,-0.09601,0.06568,-0.929862,0.972937,-0.055124,-0.224402,0.189168,0.747721,0.636498,0.026692,1.080259,2.875949,-15.464994299660164,31.54185966704208,-1.0881850238146171,-0.132035,0.268079,0.027512,0.95391,0.854754,-0.018303,-0.518711,-0.12328,0.96362,-0.237147,0.289618,0.979159,2.786459,15.214616481138895,30.715663354173895,-29.28459260123356,0.05715,0.286259,-0.275534,0.915899,0.684274,-0.472003,-0.555861,0.537441,0.84163,-0.053061,M,BuildTutorial
20.586,0.101433,1.551194,2.698151,39.9328649330799,9.301095019340533,-4.103448375447325,-0.337399,-0.088341,0.061207,-0.935207,0.976899,-0.05487,-0.206537,0.174096,0.764831,0.620262,0.021062,1.070793,2.865423,-13.411900813448003,29.90918280258423,-0.2725086066874551,-0.113428,0.256019,0.027852,0.95959,0.867357,-0.004627,-0.497665,-0.111532,0.972717,-0.203427,0.285706,0.977682,2.790618,15.602574677084174,29.562510123857223,-29.303039267983127,0.063043,0.277746,-0.27581,0.918048,0.693572,-0.471393,-0.544744,0.541433,0.839909,-0.037457,M,BuildTutorial
20.62,0.099785,1.555589,2.695875,38.453898308473875,8.188065565934677,-4.0549397606126965,-0.32588,-0.07899,0.056816,-0.940391,0.981065,-0.055375,-0.185593,0.15834,0.781148,0.603934,0.015883,1.061148,2.855763,-10.757550063414026,27.781746339369324,0.590573083822874,-0.089765,0.239482,0.027485,0.966351,0.883786,0.010125,-0.467782,-0.096114,0.982374,-0.160326,0.280847,0.975955,2.794679,16.07096459338091,28.12087540968392,-29.350635050069933,0.070231,0.267065,-0.276191,0.920578,0.704791,-0.470997,-0.530502,0.546022,0.837573,-0.018215,M,BuildTutorial
20.653,0.097868,1.560378,2.693882,36.75199038339008,6.819060331885977,-4.0747774518787665,-0.312488,-0.067592,0.052416,-0.946063,0.985368,-0.056934,-0.16065,0.14142,0.799208,0.584181,0.012227,1.0513,2.847904,-7.595525669063684,25.270425122408277,-0.0809061591199964,-0.064785,0.218217,0.013801,0.97365,0.904381,-0.0014,-0.426723,-0.055149,0.991225,-0.120133,0.273815,0.974064,2.798867,16.620779483146126,25.97022379656644,-28.433490467936576,0.081922,0.250118,-0.26828,0.926691,0.730934,-0.456245,-0.50752,0.538206,0.842629,0.01763,M,BuildTutorial
20.686,0.095708,1.565346,2.691887,35.00748867197403,5.296429574577613,-4.211448951458142,-0.298625,-0.055074,0.048892,-0.951525,0.989153,-0.060151,-0.134008,0.125937,0.816865,0.562914,0.007836,1.044169,2.840177,-5.575022670019435,22.51932014571982,-0.2385983346120725,-0.048102,0.194925,0.007456,0.97961,0.923897,-0.004144,-0.382619,-0.033361,0.995261,-0.091335,0.263363,0.972814,2.80348,16.988956862922226,22.153307033071886,-28.62730918179681,0.093485,0.219955,-0.267461,0.933459,0.760169,-0.458202,-0.460645,0.540452,0.839451,0.056869,M,BuildTutorial
20.72,0.093337,1.570403,2.689777,33.2613797012375,3.7117602124873983,-4.393207319242671,-0.284652,-0.041972,0.045968,-0.956608,0.992251,-0.064052,-0.106472,0.111842,0.83372,0.540742,0.006518,1.039326,2.832699,-4.5657398694304785,21.333712709948887,1.037268541725407,-0.037469,0.185298,0.016261,0.981833,0.930801,0.018046,-0.365082,-0.045818,0.996663,-0.067551,0.25139,0.972697,2.80746,16.8253310357457,18.449376810050985,-26.659739922999226,0.103957,0.187604,-0.247948,0.944733,0.806654,-0.429483,-0.406022,0.507494,0.85543,0.10339,M,BuildTutorial
20.753,0.091043,1.575428,2.687543,31.544297651256628,2.053621130034629,-4.489052421087469,-0.270885,-0.027876,0.042551,-0.961267,0.994825,-0.066704,-0.076645,0.096908,0.849621,0.518414,0.005928,1.036236,2.825906,-4.139950661996176,20.167856406362247,0.1899242684023367,-0.035272,0.175035,0.007955,0.983898,0.938599,0.003306,-0.344994,-0.028002,0.997385,-0.066624,0.238596,0.972037,2.810631,16.870258113343045,14.93319689038353,-23.821291795931003,0.115785,0.155793,-0.221074,0.955745,0.85371,-0.386503,-0.348991,0.458658,0.87544,0.152439,M,BuildTutorial
20.786,0.088857,1.580384,2.685241,29.8215582183173,0.4397009192462372,-4.571312807671041,-0.25696,-0.013967,0.039525,-0.965512,0.996485,-0.069145,-0.047284,0.083501,0.864819,0.495093,0.006282,1.034282,2.820817,-3.5820830822537606,18.616734098665695,-1.4072878431428526,-0.032826,0.161278,-0.007058,0.986338,0.947879,-0.024511,-0.317686,0.003335,0.997745,-0.067033,0.225613,0.970121,2.812879,17.59521120480059,11.647362204084136,-22.42314071098894,0.129755,0.127944,-0.206376,0.961355,0.882079,-0.363598,-0.299555,0.430004,0.881145,0.196673,M,BuildTutorial
20.819,0.086793,1.585297,2.683043,28.12231010849519,-0.9985101452718864,-4.574400967922547,-0.243092,-0.00125,0.036596,-0.969312,0.997318,-0.070339,-0.020215,0.071554,0.879134,0.471172,0.005424,1.032709,2.817427,-2.5093458794275953,15.997601650558227,-1.8686176322659227,-0.023949,0.138747,-0.013097,0.989952,0.961156,-0.032577,-0.274078,0.019286,0.99851,-0.051051,0.212361,0.966613,2.813938,18.987157641483854,8.273912068363773,-20.88652168239058,0.148885,0.099793,-0.190015,0.965282,0.907871,-0.337121,-0.249237,0.396552,0.883455,0.249508,M,BuildTutorial
20.854,0.085003,1.589825,2.680793,26.566121544385144,-2.4079544313904417,-4.468411188236502,-0.230334,0.011479,0.033109,-0.972481,0.997544,-0.069683,0.007073,0.059108,0.8917,0.448751,0.003472,1.031162,2.81515,-0.9202613688268358,13.11250700178796,-0.6492970188890028,-0.008625,0.114128,-0.004712,0.993418,0.973905,-0.011331,-0.226672,0.007393,0.999807,-0.018212,0.198692,0.961038,2.813983,20.965919061594356,4.722374632560115,-17.11259468445371,0.173738,0.067107,-0.153586,0.970424,0.943816,-0.274769,-0.183612,0.321405,0.892453,0.316586,M,BuildTutorial
20.886,0.08349,1.594429,2.678519,24.9266353922957,-3.7022263040865706,-4.308322795960951,-0.216735,0.023411,0.029717,-0.975497,0.997138,-0.068125,0.032793,0.04783,0.904286,0.424239,0.002425,1.029475,2.813718,0.809388301929176,11.075596867190288,-0.4870539523708668,0.00662,0.096529,-0.004912,0.995296,0.981316,-0.008499,-0.192214,0.011055,0.999864,0.012229,0.186138,0.954507,2.813132,23.063293442614903,1.2985388244758047,-14.036410016846206,0.197042,0.035444,-0.121959,0.972134,0.967739,-0.223154,-0.116974,0.251089,0.892601,0.374457,M,BuildTutorial
20.92,0.082581,1.599186,2.676253,23.127868510918773,-4.73758522518129,-4.030027332897701,-0.20159,0.033425,0.026138,-0.978551,0.996399,-0.064631,0.054877,0.037678,0.917357,0.396279,0.001874,1.02753,2.813027,2.0123442465850037,9.614567513086744,-0.9856159966929589,0.016777,0.083939,-0.010041,0.996279,0.985707,-0.017191,-0.167591,0.022824,0.999235,0.031744,0.175885,0.948399,2.812138,24.75632345606951,-1.3108087489503657,-10.72583304988809,0.214455,0.00891,-0.088844,0.972644,0.984055,-0.169006,-0.055439,0.17665,0.892232,0.415594,M,BuildTutorial
20.953,0.082009,1.603663,2.673744,21.41511884741923,-5.632528808305482,-3.730534460880308,-0.187045,0.042212,0.02282,-0.981179,0.995395,-0.060573,0.074299,0.028991,0.928987,0.368975,0.000407,1.025185,2.81228,3.1499305009031757,7.676016370797165,-1.752120562310626,0.026397,0.067322,-0.017089,0.997236,0.990352,-0.030529,-0.135173,0.037638,0.998022,0.050347,0.168844,0.943623,2.811206,25.738350855671385,-2.881582408737718,-7.752684233032986,0.223803,-0.009404,-0.060297,0.972722,0.992552,-0.121514,-0.008694,0.113095,0.892553,0.43653,M,BuildTutorial
20.986,0.081831,1.60753,2.670902,19.87977568100276,-6.434298718815184,-3.455246677141689,-0.173931,0.050057,0.019966,-0.983282,0.994191,-0.056678,0.091495,0.021852,0.938699,0.344044,-0.001424,1.022825,2.812444,4.490379882646682,5.213799828588009,-1.3581284368917013,0.038594,0.045909,-0.013612,0.998107,0.995414,-0.023628,-0.092694,0.030716,0.996651,0.075792,0.163088,0.939059,2.810499,26.709439342481176,-4.534119865590939,-4.6593776088263565,0.232172,-0.029074,-0.03039,0.971765,0.996462,-0.072563,0.042395,0.045563,0.890346,0.452999,M,BuildTutorial
21.02,0.082219,1.611241,2.668014,18.463006802815816,-7.07232840871223,-3.1229112302410846,-0.161718,0.056494,0.016954,-0.985073,0.993042,-0.051675,0.105817,0.01513,0.94712,0.320524,-0.003144,1.020379,2.812223,5.660711725661748,3.447757449729665,-1.2646675975786112,0.049022,0.030589,-0.012503,0.998251,0.997816,-0.021963,-0.062297,0.027962,0.994881,0.097108,0.157573,0.935454,2.810055,27.505524057154116,-6.522085312258438,-2.728411976812885,0.238596,-0.049588,-0.009568,0.969805,0.994899,-0.042222,0.091616,-0.005104,0.885961,0.463732,M,BuildTutorial
21.053,0.082999,1.614577,2.665309,17.085393168221643,-7.551292246004971,-2.765060599252546,-0.149752,0.061524,0.014029,-0.986708,0.992036,-0.046112,0.117211,0.009259,0.954755,0.297249,-0.003473,1.017664,2.811819,6.92324868362749,2.953566409756658,-2.020371714612476,0.059897,0.026785,-0.019148,0.997661,0.997832,-0.034998,-0.055738,0.041416,0.992091,0.118488,0.154538,0.934619,2.810471,27.61639783203238,-8.292049030318896,-3.4311840765709607,0.240043,-0.063051,-0.011749,0.968641,0.991773,-0.05303,0.116508,-0.00751,0.884483,0.466513,M,BuildTutorial
21.086,0.084254,1.617685,2.662662,15.784719147125315,-7.86793883821947,-2.539194636649965,-0.138461,0.064905,0.012477,-0.98816,0.991263,-0.042631,0.124818,0.006684,0.961346,0.275262,-0.003709,1.014601,2.811824,8.155504669652744,2.40895709317231,-3.3508280331117732,0.070451,0.023037,-0.030651,0.996778,0.99706,-0.057858,-0.050244,0.06435,0.988195,0.139035,0.152139,0.935304,2.811777,27.055961097431663,-9.871942110599228,-2.6094373495615253,0.234897,-0.078327,-0.001934,0.968857,0.987722,-0.040545,0.150867,-0.03305,0.889639,0.455467,M,BuildTutorial
21.12,0.086214,1.620514,2.660218,14.51835661981459,-7.950929110805231,-2.362806027151868,-0.127445,0.06616,0.011645,-0.989568,0.990975,-0.03991,0.127972,0.006183,0.967245,0.253771,-0.004131,1.012331,2.811766,9.155376446087706,1.65890201380751,-4.358365655038518,0.079196,0.017454,-0.039054,0.995941,0.99634,-0.075026,-0.040951,0.080555,0.984406,0.156385,0.151023,0.936858,2.813547,26.245353228051385,-11.30083196673321,-1.9168095230650817,0.227506,-0.092095,0.00614,0.969393,0.982962,-0.03,0.181346,-0.053808,0.896407,0.439954,M,BuildTutorial
21.153,0.08866,1.623137,2.657825,13.376125541921573,-7.891080135592199,-2.1491796266704433,-0.117449,0.066149,0.01057,-0.990817,0.991025,-0.036484,0.1286,0.005408,0.972188,0.234139,-0.003566,1.010277,2.811625,10.846508990827394,1.720029994962613,-3.4118539159140875,0.094015,0.017749,-0.031051,0.994928,0.997442,-0.058449,-0.041156,0.065124,0.980394,0.185975,0.15152,0.939565,2.81625,25.01458214568584,-12.227693115937196,-1.5377370454774126,0.216708,-0.101078,0.010037,0.970938,0.979365,-0.024318,0.200631,-0.0633,0.905874,0.418791,M,BuildTutorial
21.186,0.09148,1.625638,2.655787,12.15271208482404,-7.672017408271258,-2.0061405604411195,-0.106765,0.064666,0.010288,-0.992126,0.991425,-0.034221,0.126116,0.006605,0.976991,0.213179,-0.001637,1.008709,2.812348,12.180739119171989,2.0486663389675117,-2.1259414731928925,0.105732,0.019741,-0.02034,0.993991,0.998393,-0.03626,-0.043546,0.044609,0.976814,0.209389,0.152407,0.942739,2.818746,23.556795275517747,-12.971997078171412,0.8526454281029665,0.201992,-0.112088,0.030295,0.97248,0.973037,0.013641,0.230246,-0.104204,0.916563,0.386074,M,BuildTutorial
21.22,0.09479,1.627948,2.65385,11.044747748530902,-7.3249000684899,-1.846612931163208,-0.09705,0.062026,0.00986,-0.993296,0.992111,-0.031628,0.121307,0.007549,0.980968,0.194022,-5.6e-05,1.00914,2.813098,12.095481266727733,1.522655775129013,-1.220928112720302,0.105201,0.014335,-0.011994,0.994275,0.999301,-0.020835,-0.031029,0.026867,0.977578,0.208854,0.154292,0.945821,2.821474,22.3011260448447,-13.408976625696388,2.1127077729467367,0.189921,-0.118066,0.040538,0.973831,0.968834,0.034109,0.245352,-0.123802,0.924573,0.360329,M,BuildTutorial
21.253,0.098357,1.630252,2.652257,9.920036212303827,-6.8480534476326325,-1.718952305116512,-0.087189,0.0582,0.009754,-0.994442,0.993035,-0.029548,0.114053,0.00925,0.984606,0.174545,0.002054,1.010545,2.813505,12.410589436289984,0.7122810859489804,0.871656703871034,0.108133,0.005357,0.00689,0.994098,0.999848,0.014858,-0.009161,-0.012541,0.97652,0.215063,0.156976,0.948871,2.824325,20.983031841528096,-13.587427492425755,2.820445360802633,0.177894,-0.120732,0.045563,0.975552,0.966696,0.045943,0.251771,-0.131852,0.932556,0.336088,M,BuildTutorial
21.286,0.102221,1.632608,2.651042,8.748856179376778,-6.2105061318793195,-1.5789741758606213,-0.076899,0.052958,0.009587,-0.995585,0.994207,-0.027234,0.103974,0.010945,0.987989,0.154134,0.006743,1.010423,2.814077,12.802136017613597,1.2109331277748037,0.8367551453795125,0.111555,0.009687,0.006078,0.993693,0.999739,0.01424,-0.017895,-0.009918,0.975037,0.221821,0.160119,0.952251,2.826897,19.58979203265392,-13.74422045610532,3.1443454795600263,0.165601,-0.122499,0.04719,0.977417,0.965534,0.051676,0.255094,-0.13282,0.940699,0.312162,M,BuildTutorial
21.32,0.106666,1.63519,2.650059,7.438120399512989,-5.397946232321291,-1.4706336273343807,-0.06539,0.046154,0.009738,-0.996744,0.99555,-0.025448,0.090733,0.013376,0.991259,0.131253,0.010884,1.011066,2.815359,12.89305272457367,1.3548105075658514,1.930489044848102,0.11245,0.009855,0.015411,0.993489,0.999331,0.032838,-0.016116,-0.028405,0.974235,0.22374,0.163661,0.953328,2.830102,18.91112916292711,-14.174988391914969,0.373331706292408,0.16263,-0.122239,0.023459,0.978805,0.969014,0.006164,0.246927,-0.085683,0.946003,0.31263,M,BuildTutorial
21.353,0.111334,1.637225,2.649362,6.363210831692767,-4.513388917499735,-1.343437849355266,-0.055915,0.038663,0.009511,-0.997641,0.996829,-0.023302,0.07608,0.014654,0.993566,0.112302,0.016089,1.011809,2.816312,13.156999085797256,1.3054966391893186,2.57049887683884,0.114782,0.008745,0.020976,0.993131,0.998967,0.043672,-0.012554,-0.039657,0.97277,0.228354,0.166005,0.955525,2.831981,18.411642843998724,-14.788661957172575,-0.6190074120537049,0.159335,-0.126181,0.015301,0.979008,0.967689,-0.01025,0.251939,-0.07017,0.948757,0.308119,M,BuildTutorial
21.386,0.116344,1.639321,2.648744,5.318809980136789,-3.515658297431496,-1.206727938097795,-0.046697,0.030152,0.009091,-0.998413,0.998016,-0.02097,0.059359,0.015338,0.995474,0.093794,0.02205,1.012654,2.817089,13.04783638779125,1.7461244678661338,4.312983287954513,0.114094,0.010853,0.035651,0.992771,0.997222,0.073263,-0.013413,-0.068311,0.971423,0.227313,0.170323,0.957796,2.833781,17.664241522436306,-14.789752801509138,-3.7476439131716175,0.15634,-0.122134,-0.012291,0.980046,0.969865,-0.06228,0.23555,-0.014097,0.950814,0.309442,M,BuildTutorial
21.419,0.121581,1.641162,2.648533,4.315703122932515,-2.420274917952677,-1.0879495018121832,-0.037843,0.020746,0.00869,-0.999031,0.998988,-0.018934,0.040794,0.015794,0.996985,0.075974,0.028132,1.013786,2.818072,12.358193126211368,2.5270763743913904,5.490301719731002,0.108537,0.016744,0.045233,0.992922,0.995347,0.09346,-0.023431,-0.086191,0.972347,0.217052,0.174101,0.960029,2.835318,16.88118460856038,-15.2374903862411,-5.445850019835557,0.151554,-0.124085,-0.027138,0.980254,0.967733,-0.090814,0.235044,0.015592,0.95259,0.303857,M,BuildTutorial
21.453,0.127355,1.642726,2.648465,3.3630546172431193,-1.1592223911409063,-1.062886087482833,-0.029435,0.009839,0.008974,-0.999478,0.999645,-0.018517,0.01914,0.017359,0.998106,0.059016,0.034627,1.015532,2.818559,11.36296986395884,3.448273980379686,5.95054137900374,0.100374,0.024763,0.048652,0.993451,0.99404,0.101638,-0.039434,-0.091696,0.975116,0.201842,0.177839,0.963678,2.835896,15.205313173786156,-15.495149655626255,-4.763973640557301,0.136535,-0.12806,-0.023,0.982054,0.966144,-0.080143,0.245242,0.010205,0.961658,0.27406,M,BuildTutorial
21.487,0.133414,1.643696,2.648733,2.569608711776378,0.2344091545970836,-1.022101373458517,-0.022403,-0.002245,0.008963,-0.999706,0.999829,-0.017821,-0.004891,0.018022,0.998836,0.044753,0.041862,1.016921,2.818428,10.811860188404422,4.336048259022072,6.281782630008653,0.096066,0.032447,0.05095,0.99354,0.992703,0.107477,-0.054686,-0.095008,0.976351,0.194198,0.181805,0.965885,2.836156,14.21612540112722,-15.95735957538097,-6.3387207201468145,0.129971,-0.130752,-0.037182,0.982155,0.963043,-0.107025,0.247172,0.039049,0.96345,0.265028,M,BuildTutorial
21.519,0.139427,1.644155,2.649453,1.714774598404524,1.67419088233256,-1.0546478720076788,-0.014827,-0.014745,0.00942,-0.999737,0.999388,-0.018397,-0.029761,0.019271,0.999383,0.029368,0.049172,1.016996,2.818001,10.863280001145576,5.3288218732192,6.783529230226955,0.097128,0.040602,0.054441,0.992952,0.990775,0.116003,-0.070056,-0.100228,0.975204,0.197309,0.18595,0.967069,2.835579,13.753002359297884,-16.37728409328832,-7.614545439194871,0.127637,-0.133227,-0.048235,0.981648,0.959848,-0.128709,0.249252,0.06069,0.962765,0.263441,M,BuildTutorial
21.552,0.145442,1.643609,2.650334,0.8635755841747033,3.2691065368940437,-1.2636091241729703,-0.007218,-0.028605,0.011237,-0.999502,0.998111,-0.02205,-0.057344,0.022876,0.999643,0.013785,0.057047,1.016089,2.816637,11.92569533013773,6.6352582563844695,6.607196457176064,0.106854,0.051486,0.051217,0.991619,0.989452,0.112578,-0.091163,-0.090572,0.971918,0.217191,0.19062,0.967936,2.834962,13.18878011880647,-16.474655892048876,-8.77313024505499,0.124208,-0.133216,-0.05879,0.981514,0.957595,-0.148498,0.246902,0.082313,0.962233,0.259487,M,BuildTutorial
21.586,0.151207,1.642611,2.651353,0.1293320669079135,4.8615002956574225,-1.5090996778246308,-0.000569,-0.042423,0.013205,-0.999012,0.996052,-0.026336,-0.084778,0.026432,0.999651,1.7e-05,0.065403,1.015136,2.81453,12.673828641227807,8.528935049597235,5.890303413750194,0.113721,0.068153,0.042728,0.990251,0.987059,0.100123,-0.12526,-0.069121,0.970484,0.231048,0.195972,0.9676,2.834203,12.96284066839366,-16.1639622384854,-9.658255726229449,0.123123,-0.129787,-0.067002,0.981584,0.957332,-0.163497,0.238294,0.099578,0.960703,0.259103,M,BuildTutorial
21.62,0.156338,1.64171,2.652735,-0.2145072616564314,6.3323289960238345,-1.6559587266258031,0.002667,-0.055199,0.014325,-0.998369,0.993496,-0.028898,-0.110142,0.028309,0.999575,-0.006907,0.07257,1.014177,2.813403,13.267316046022309,10.459679283372957,5.482054815217975,0.119238,0.084936,0.036786,0.988542,0.982865,0.092984,-0.159153,-0.052474,0.968858,0.241992,0.201445,0.967009,2.833905,12.486198231123865,-15.662154278091403,-10.965231494917466,0.120181,-0.124532,-0.079342,0.981709,0.956394,-0.185714,0.225437,0.125848,0.958523,0.255726,M,BuildTutorial
21.653,0.160959,1.641144,2.653891,-0.1856324213403367,7.724976404249681,-1.9801698113253128,0.00278,-0.067324,0.017131,-0.99758,0.990348,-0.034554,-0.134227,0.033805,0.999398,-0.007854,0.078878,1.013606,2.812409,13.231967276814306,11.921116131033076,3.0911842323143017,0.117332,0.100024,0.014688,0.987934,0.979559,0.052493,-0.194187,-0.005549,0.972035,0.23477,0.206768,0.966284,2.833478,11.872075464600286,-15.24869062566204,-12.770189576274198,0.116544,-0.119748,-0.096,0.981255,0.952889,-0.216312,0.212631,0.160488,0.954403,0.251711,M,BuildTutorial
21.686,0.164855,1.641127,2.655064,-0.0215958535775538,9.09197450538822,-2.3295653072411424,0.001799,-0.079239,0.020249,-0.996648,0.986622,-0.040647,-0.157875,0.040077,0.999174,-0.006795,0.081463,1.013594,2.812352,13.044783353089125,12.007361355825672,3.050086706461363,0.115694,0.100872,0.01442,0.988044,0.979234,0.051835,-0.195995,-0.005154,0.972814,0.231531,0.21168,0.964508,2.832567,12.003022973152657,-14.685920883429038,-13.339972657166571,0.117759,-0.114203,-0.101294,0.981239,0.953395,-0.225684,0.200264,0.17189,0.951745,0.254236,M,BuildTutorial
21.72,0.168014,1.641024,2.656093,0.343576041418312,10.224655345605264,-2.4829550868842336,-0.001055,-0.089152,0.021847,-0.995778,0.983149,-0.043322,-0.177598,0.043698,0.999043,-0.001795,0.081477,1.01261,2.81354,13.766231699488731,11.156024609974148,3.3431552111743583,0.122041,0.09298,0.017179,0.988011,0.982119,0.056642,-0.179538,-0.011252,0.969622,0.24435,0.21504,0.964026,2.831868,11.769414064844796,-14.425406305210696,-12.301817510264517,0.114512,-0.113274,-0.092941,0.982557,0.957062,-0.208583,0.201311,0.156698,0.956498,0.246085,M,BuildTutorial
21.753,0.170549,1.640895,2.657414,0.5788118778820679,11.205463894863833,-2.480028592008024,-0.002913,-0.097715,0.02203,-0.994966,0.979933,-0.04327,-0.194574,0.044408,0.999012,0.001492,0.081475,1.011044,2.814102,14.619875583812398,10.83752462807647,3.084279812863557,0.129143,0.090224,0.014563,0.987406,0.983295,0.052063,-0.174415,-0.005456,0.96622,0.257661,0.217416,0.965566,2.831312,11.156385513338304,-14.437419756566168,-12.695929822538488,0.10967,-0.113633,-0.097031,0.982672,0.955345,-0.215625,0.202046,0.165776,0.957115,0.237592,M,BuildTutorial
21.786,0.172729,1.64066,2.659108,0.7128816488665499,12.109708535912343,-2.4596790786981972,-0.003921,-0.105587,0.021999,-0.994159,0.976735,-0.042913,-0.210113,0.044569,0.999001,0.003151,0.080336,1.011119,2.814925,14.635339585988625,10.396266295859212,3.2526664871162816,0.129346,0.086226,0.016499,0.987706,0.984586,0.054898,-0.166063,-0.010286,0.965995,0.258358,0.218811,0.967706,2.830919,10.430995524342826,-14.71836642159717,-14.326855176538844,0.105356,-0.115321,-0.111608,0.981399,0.948489,-0.243364,0.202835,0.194765,0.952888,0.232534,M,BuildTutorial
21.819,0.174493,1.639775,2.661134,1.132712162256345,12.943235680037706,-2.5321105772764176,-0.007329,-0.112895,0.023067,-0.993312,0.973445,-0.044172,-0.224618,0.047481,0.998828,0.009351,0.080227,1.010567,2.815887,14.854182588460109,10.251276282415803,3.63285159888178,0.131491,0.084465,0.019763,0.987515,0.98495,0.061245,-0.161623,-0.01682,0.964639,0.263037,0.21914,0.969135,2.83126,10.27594152222305,-15.38607836438939,-16.145286622475627,0.106592,-0.119544,-0.126736,0.978921,0.939295,-0.273613,0.207031,0.222643,0.945153,0.238991,M,BuildTutorial
21.852,0.175971,1.637779,2.663343,2.0579001604459974,13.716343215566678,-2.6409717862634583,-0.015073,-0.119772,0.02502,-0.992372,0.970058,-0.046048,-0.23847,0.05327,0.998294,0.023922,0.080869,1.0094,2.817056,15.16596828618997,10.490642616185353,5.158026369762183,0.135354,0.084616,0.032365,0.986647,0.983585,0.086773,-0.158211,-0.04096,0.961264,0.272571,0.21817,0.971263,2.83281,9.49164981502948,-16.404794315096897,-16.718106562010206,0.101689,-0.128766,-0.131717,0.977614,0.93214,-0.283725,0.224979,0.231349,0.94462,0.232747,M,BuildTutorial
21.886,0.177123,1.634692,2.665483,3.5231641228400083,14.45408103094379,-2.8309039438254393,-0.027381,-0.126457,0.02836,-0.991189,0.966409,-0.049295,-0.252238,0.063145,0.996892,0.047106,0.083661,1.007619,2.819234,15.265668105638891,12.44266406395497,6.385055744472468,0.137819,0.099889,0.040501,0.984575,0.976764,0.107286,-0.185532,-0.05222,0.958731,0.279478,0.217752,0.974932,2.832315,7.541776406917725,-17.28135636951279,-15.286681286557998,0.084382,-0.139932,-0.121419,0.979059,0.931353,-0.261369,0.253512,0.214137,0.956274,0.199212,M,BuildTutorial
21.919,0.178011,1.630662,2.667738,5.4355387264494475,15.32575061625588,-3.2097997971528756,-0.043244,-0.134458,0.034046,-0.98939,0.961524,-0.055741,-0.269007,0.078999,0.993942,0.076415,0.088466,1.007645,2.820014,15.297294057230864,15.227382246156536,4.71552760336891,0.137215,0.125776,0.022794,0.982259,0.967322,0.079295,-0.240833,-0.010262,0.961305,0.275296,0.21866,0.977186,2.833278,6.433573463485161,-16.414205341284998,-11.145024778366688,0.069117,-0.13646,-0.087987,0.984307,0.947274,-0.192076,0.256474,0.15435,0.974962,0.160077,M,BuildTutorial
21.952,0.178981,1.624786,2.670074,8.032658277791233,16.47108069746118,-3.810917068699019,-0.064529,-0.145117,0.042854,-0.986378,0.95421,-0.065811,-0.29181,0.103268,0.987999,0.114862,0.088784,1.010233,2.8217,14.006094658679157,15.936644160102508,3.788474721086999,0.125227,0.133525,0.015599,0.982978,0.963856,0.064108,-0.258598,0.002775,0.96815,0.250357,0.22075,0.978728,2.8354,6.072235635131248,-14.592916223240994,-9.152589032128338,0.062488,-0.122229,-0.072324,0.987889,0.959659,-0.158171,0.232458,0.12762,0.981729,0.141142,M,BuildTutorial
21.986,0.180135,1.616904,2.672026,11.683344410789031,17.915615235436967,-4.7076106977514875,-0.094092,-0.158897,0.056193,-0.981194,0.943188,-0.08037,-0.322392,0.140174,0.975978,0.166788,0.088293,1.012942,2.824285,12.901213099680149,16.15762790121689,3.611613799524573,0.115577,0.136071,0.015221,0.983817,0.962506,0.061403,-0.26422,0.001504,0.972821,0.231555,0.223042,0.981038,2.837889,5.611332582290118,-12.72826686862186,-9.480769706723544,0.05763,-0.106315,-0.076626,0.989699,0.965651,-0.163928,0.201607,0.13942,0.981614,0.130367,M,BuildTutorial
22.019,0.181444,1.607716,2.673631,16.394665500655204,19.908031914004813,-5.694153290630498,-0.131765,-0.177856,0.073039,-0.972456,0.926065,-0.095185,-0.365161,0.188925,0.954607,0.23029,0.087784,1.014698,2.826475,12.570449989405628,16.512339111996877,4.332281350196909,0.113661,0.138539,0.021471,0.983579,0.960692,0.073729,-0.267647,-0.010743,0.97324,0.229539,0.223732,0.9863,2.83971,3.3026767158606165,-11.541913322156567,-9.42167440684092,0.036829,-0.097816,-0.078789,0.991397,0.968448,-0.163428,0.188146,0.149018,0.984872,0.088438,M,BuildTutorial
22.053,0.18292,1.59937,2.674766,20.78437070677217,22.453565568763075,-5.73310181946215,-0.167135,-0.200108,0.083324,-0.961811,0.906028,-0.093394,-0.412784,0.227173,0.930246,0.288157,0.088648,1.013092,2.828296,14.42304606122488,17.63835541900224,4.3104899393977565,0.129681,0.147331,0.017636,0.98039,0.955965,0.072793,-0.28431,0.003632,0.965743,0.259473,0.224082,0.992577,2.840303,1.2776654044493716,-9.552851250212925,-9.833242346543036,0.018206,-0.082004,-0.084478,0.992878,0.972278,-0.170738,0.159763,0.164766,0.985064,0.050008,M,BuildTutorial
22.086,0.184574,1.592801,2.675736,24.30734187676837,25.23091541913608,-5.12005548725449,-0.19571,-0.222475,0.088547,-0.95098,0.885329,-0.081331,-0.457798,0.255493,0.907715,0.332833,0.089212,1.014261,2.829086,14.925265804570978,19.24144865118638,2.1947320594886843,0.131203,0.163227,-0.00298,0.977821,0.946697,0.037003,-0.319995,0.04866,0.965554,0.255613,0.223543,0.99727,2.840298,2.2988397165083985,-7.736945433974673,-10.773385598960358,0.026258,-0.065276,-0.092297,0.993243,0.974441,-0.186775,0.124822,0.179919,0.981584,0.064211,M,BuildTutorial
22.12,0.185797,1.587482,2.676632,26.629799283550895,28.310479328792315,-4.139378663523812,-0.21457,-0.245886,0.090361,-0.940923,0.862751,-0.064525,-0.501496,0.275564,0.89159,0.35935,0.087497,1.019289,2.830457,13.419232749082353,19.98366728626383,4.21263272622276,0.121321,0.167974,0.01569,0.978172,0.943077,0.071453,-0.324807,0.010062,0.97007,0.242617,0.220597,0.994115,2.839029,8.478714481999244,-8.212001848916563,-14.27246476636848,0.082033,-0.061693,-0.118319,0.987656,0.964389,-0.243839,0.102452,0.223595,0.958543,0.176639,M,BuildTutorial
22.153,0.187018,1.584044,2.677226,27.795610622858018,31.564304876476132,-2.9337852394754633,-0.224302,-0.269849,0.089219,-0.932154,0.838443,-0.045277,-0.543105,0.287387,0.883458,0.370016,0.084921,1.024733,2.831625,12.157233755986598,20.719956925724283,5.309878140171194,0.112338,0.173804,0.026287,0.977999,0.938202,0.090467,-0.334055,-0.012367,0.973378,0.228871,0.214316,0.994571,2.835372,10.187613617165852,-10.257268180414007,-19.97919605739575,0.102536,-0.072349,-0.164276,0.978399,0.935558,-0.336293,0.107885,0.306619,0.924999,0.224413,M,BuildTutorial
22.186,0.187352,1.581016,2.677216,28.64464929972363,34.61688229301114,-1.9328302479231192,-0.231279,-0.292211,0.08919,-0.923671,0.813315,-0.0296,-0.58107,0.29993,0.87711,0.375127,0.07979,1.030609,2.831429,10.688705209419147,21.55201435940515,8.748699536184395,0.105431,0.178636,0.057238,0.976574,0.929626,0.149463,-0.336833,-0.074128,0.971216,0.226373,0.208379,1.001743,2.832047,7.946860912825621,-11.54983130945534,-21.77782192485367,0.086663,-0.085548,-0.180648,0.97598,0.920096,-0.367446,0.135675,0.337791,0.919712,0.20007,M,BuildTutorial
22.219,0.186519,1.578499,2.67615,29.421828839847045,37.43362215848545,-1.1375025730654733,-0.23742,-0.312744,0.090577,-0.915215,0.787974,-0.017291,-0.615466,0.314298,0.870855,0.377926,0.073984,1.034683,2.832571,8.812726465881545,21.20332821324964,10.265958674847235,0.091627,0.175944,0.073602,0.977359,0.927253,0.176113,-0.330433,-0.111628,0.972375,0.205004,0.20389,1.007849,2.828701,5.784194011199156,-11.372898545768788,-22.7852493087723,0.068765,-0.087091,-0.191408,0.975218,0.911557,-0.385306,0.14354,0.361351,0.917269,0.167461,M,BuildTutorial
22.253,0.184594,1.576067,2.674438,30.39930006860937,39.87750421991349,-0.4226627846621177,-0.245252,-0.329993,0.092754,-0.906837,0.765003,-0.006363,-0.643995,0.330088,0.862497,0.38359,0.06823,1.034227,2.832774,8.774455731749805,20.59221534178092,8.817075182596719,0.088741,0.171899,0.061776,0.979163,0.933269,0.151486,-0.325671,-0.090468,0.976618,0.195022,0.200499,1.00651,2.82564,7.071720689068444,-10.226141734413035,-23.361817816542484,0.078165,-0.074673,-0.195889,0.97465,0.912103,-0.393519,0.114936,0.370172,0.911036,0.181622,M,BuildTutorial
22.286,0.181906,1.573891,2.67246,31.467461827715145,42.01742763153171,0.2320949924067945,-0.25384,-0.344564,0.095396,-0.898744,0.744351,0.003454,-0.66778,0.346402,0.85293,0.390534,0.062032,1.033371,2.833719,9.444382713178928,19.785123892209832,8.572225227096764,0.09367,0.164678,0.059272,0.980099,0.938736,0.147036,-0.311697,-0.085335,0.975425,0.203134,0.197129,1.003878,2.822795,8.269224241071253,-9.07125518311763,-23.813713719715675,0.086601,-0.062347,-0.199561,0.974058,0.912576,-0.399567,0.086895,0.377969,0.905351,0.193593,M,BuildTutorial
22.319,0.178484,1.57197,2.670248,32.62618399238448,43.9000960848523,0.6826297842424177,-0.262657,-0.357191,0.09969,-0.890779,0.724953,0.010033,-0.688725,0.365241,0.842147,0.396721,0.049321,1.035077,2.840039,10.01225676891949,19.154204134848232,11.82705841067314,0.102664,0.155993,0.086763,0.97857,0.936277,0.201837,-0.287485,-0.137777,0.963865,0.227997,0.193365,1.002893,2.820013,8.128920817712805,-7.960992342002934,-23.168686282195964,0.083172,-0.053633,-0.195002,0.975797,0.918195,-0.389487,0.072232,0.371644,0.910113,0.183235,M,BuildTutorial
22.352,0.17497,1.570642,2.668095,33.534873888128914,45.712763478019625,0.9707324510269628,-0.268977,-0.369643,0.104577,-0.883221,0.704856,0.014122,-0.70921,0.38358,0.83343,0.39782,0.044189,1.034067,2.841004,10.24785083053983,18.571092753845587,11.752269120694043,0.10413,0.150842,0.086298,0.979263,0.939599,0.200431,-0.277457,-0.137602,0.963419,0.229976,0.189348,1.001841,2.816755,8.323144564041417,-7.214594461219841,-23.1189021522793,0.083531,-0.046966,-0.194987,0.976113,0.919548,-0.388505,0.059114,0.372813,0.910005,0.181387,M,BuildTutorial
22.386,0.171319,1.570036,2.6659,34.06782093972577,47.41047293464491,1.3418298447237456,-0.272704,-0.381228,0.107511,-0.876778,0.686213,0.019397,-0.727142,0.396452,0.828148,0.396229,0.037962,1.035715,2.842981,9.607579213291134,17.792461521407592,13.01564940687026,0.099669,0.143732,0.098715,0.979624,0.939193,0.222058,-0.261928,-0.164756,0.960643,0.223654,0.185654,1.000811,2.813414,8.709097143413663,-6.446739631397606,-23.355331857415425,0.085587,-0.039562,-0.197321,0.975794,0.918999,-0.391861,0.043433,0.378316,0.907479,0.182644,M,BuildTutorial
22.419,0.167593,1.569914,2.664121,34.23169019213214,48.79119044742806,1.6926016021078567,-0.273829,-0.39074,0.108689,-0.872082,0.671018,0.024421,-0.741039,0.403562,0.826409,0.392664,0.031147,1.041898,2.844118,6.4720304941400375,16.378271831698815,14.326419936952622,0.073171,0.134137,0.11525,0.981515,0.937449,0.245869,-0.24645,-0.206609,0.962727,0.174555,0.182724,1.001525,2.8097,8.656356200108593,-5.352759466118508,-23.549398703609793,0.083302,-0.030198,-0.19981,0.97582,0.918328,-0.394988,0.025646,0.384926,0.906274,0.174642,M,BuildTutorial
22.453,0.163372,1.569976,2.662813,34.19626612908363,49.74777622534547,1.904721091545905,-0.273381,-0.397543,0.109237,-0.869074,0.660054,0.02749,-0.750715,0.407232,0.82666,0.388324,0.031036,1.047369,2.84437,4.043048240820972,17.92397888336243,12.881398926269815,0.052088,0.150791,0.105276,0.981563,0.932358,0.222379,-0.285054,-0.190962,0.972408,0.134005,0.180289,1.002927,2.806125,8.164036075436542,-4.412341523108681,-23.736326842227577,0.077508,-0.022948,-0.202305,0.975981,0.917092,-0.398449,0.013433,0.391334,0.906131,0.160578,M,BuildTutorial
22.486,0.158717,1.569937,2.662012,34.15686260824083,50.30131064104519,1.8068165438514108,-0.27221,-0.402017,0.111156,-0.867138,0.652053,0.026092,-0.757724,0.41164,0.827093,0.382714,0.031176,1.05009,2.844275,3.3780138260376056,19.183372092870737,12.4521574847147,0.046954,0.162419,0.102007,0.980311,0.926429,0.215249,-0.308863,-0.184744,0.97478,0.125195,0.178468,1.003963,2.802333,7.698197797503146,-3.4401721947027517,-24.360097830879095,0.071907,-0.015118,-0.208444,0.97527,0.912646,-0.408752,-0.000489,0.404403,0.902761,0.14656,M,BuildTutorial
22.519,0.153584,1.569943,2.661559,34.08529858901628,50.548906919217515,1.6206384515737335,-0.270774,-0.404417,0.112894,-0.866247,0.647404,0.023423,-0.761787,0.4146,0.827872,0.377802,0.030395,1.052083,2.843889,3.0189895794692014,19.56176505801265,11.780956421766032,0.043251,0.166261,0.096649,0.980381,0.926033,0.203887,-0.317637,-0.175123,0.977577,0.116943,0.177212,1.005136,2.798887,6.983544302295162,-2.1610051696141155,-24.850429986848074,0.063518,-0.005279,-0.213606,0.974839,0.908689,-0.417134,-0.016844,0.415792,0.900676,0.126094,M,BuildTutorial
22.552,0.148237,1.570469,2.661661,33.762570466456,50.484204245452865,1.3741546419066493,-0.267536,-0.404889,0.113447,-0.86696,0.64639,0.019937,-0.762747,0.413353,0.831108,0.372019,0.031285,1.053058,2.842482,2.843328022249525,20.994008291257572,10.367825523614677,0.040751,0.179179,0.084312,0.97935,0.921573,0.179745,-0.344087,-0.150538,0.982462,0.110033,0.177073,1.0042,2.796232,6.961921898581861,-0.4049538556008865,-25.055911991781205,0.060036,0.009727,-0.216305,0.97443,0.906235,-0.42038,-0.044928,0.422716,0.899216,0.112793,M,BuildTutorial
22.585,0.142685,1.571503,2.662251,33.21266566040081,50.04644851635841,0.7979931692659182,-0.261785,-0.40353,0.114837,-0.869163,0.647952,0.011651,-0.761592,0.410901,0.836562,0.362387,0.031125,1.054591,2.840337,2.261575020398506,22.48744638721191,10.803609372424624,0.037622,0.192257,0.088484,0.976623,0.910416,0.187298,-0.368867,-0.158366,0.98151,0.107508,0.177204,1.002422,2.79417,7.429158603382596,1.319319799920132,-25.768961046645945,0.060589,0.025645,-0.22323,0.972543,0.899021,-0.431094,-0.076933,0.43731,0.892995,0.106401,M,BuildTutorial
22.62,0.136679,1.572379,2.663298,32.81438913651935,49.433268899108384,0.0878397170343988,-0.256892,-0.400907,0.117438,-0.871486,0.650963,0.001288,-0.759108,0.410671,0.84043,0.353592,0.030505,1.055601,2.837731,1.460854366248254,23.913913550890687,9.953588969635272,0.030396,0.205297,0.082232,0.974765,0.902182,0.172794,-0.395234,-0.147833,0.984628,0.093022,0.176168,1.000963,2.792481,7.570886951647422,2.585015516830483,-25.796815083837593,0.059314,0.036673,-0.224131,0.972061,0.896841,-0.431387,-0.097885,0.440088,0.892495,0.098875,M,BuildTutorial
22.652,0.130622,1.572777,2.664736,32.4726741376366,48.74557862134517,-0.5019745931012504,-0.252944,-0.397325,0.119213,-0.874037,0.655843,-0.007392,-0.754862,0.409395,0.843615,0.347432,0.029159,1.054247,2.835087,1.8562269940482696,25.17982495798468,8.442539371662553,0.031808,0.216188,0.068308,0.97344,0.897194,0.14674,-0.416546,-0.119234,0.988645,0.091462,0.173956,1.000648,2.791098,7.277758327386129,3.5889429104744424,-24.571468237426767,0.055334,0.044034,-0.214196,0.974228,0.904362,-0.412477,-0.109503,0.422224,0.902117,0.088951,M,BuildTutorial
22.685,0.124664,1.572798,2.666506,32.31320577074598,48.08796241442815,-0.9038199888833612,-0.251025,-0.393338,0.12029,-0.876243,0.661632,-0.013331,-0.749711,0.408281,0.845034,0.345289,0.026913,1.052325,2.832046,2.374404994301495,26.218530318403,7.182312366158396,0.034343,0.225051,0.056301,0.972113,0.892365,0.12492,-0.433683,-0.094004,0.991302,0.092111,0.172155,1.001201,2.789503,6.863181906213374,4.714106299596697,-24.449805640658063,0.049757,0.052786,-0.213597,0.974225,0.90318,-0.41093,-0.124107,0.421436,0.903801,0.0744,M,BuildTutorial
22.719,0.118552,1.57193,2.668555,32.36137431633714,47.37886482572237,-1.231313115216052,-0.251025,-0.388583,0.121406,-0.878208,0.668527,-0.018152,-0.743467,0.408329,0.844494,0.346552,0.025125,1.049785,2.828325,3.003089791791485,27.54368719865841,5.732713294959898,0.037319,0.236404,0.042322,0.970015,0.884644,0.09975,-0.455473,-0.064461,0.993632,0.092409,0.170427,1.00266,2.788071,6.221682717742854,5.855474120258499,-24.016615192819753,0.0424,0.061161,-0.210187,0.974825,0.904162,-0.404604,-0.137065,0.414977,0.908048,0.056954,M,BuildTutorial
22.753,0.11238,1.570138,2.670839,32.60637415945858,46.685952366613705,-1.4145108394392527,-0.253029,-0.383454,0.1221,-0.87979,0.67611,-0.020795,-0.736508,0.408895,0.842136,0.351586,0.022436,1.047297,2.825438,4.34691771283867,27.67792007590275,5.525416073169402,0.048302,0.236969,0.037706,0.969583,0.884848,0.096009,-0.455879,-0.050225,0.992491,0.111535,0.169538,1.004223,2.786643,5.632868306137012,7.128024107203608,-23.72940611295382,0.035228,0.070845,-0.207945,0.974935,0.90348,-0.400474,-0.152789,0.410457,0.911036,0.039226,M,BuildTutorial
22.786,0.106871,1.567981,2.672925,33.004199945811514,46.16323133429676,-1.3273353333272606,-0.25694,-0.378895,0.121569,-0.880705,0.683319,-0.019427,-0.729861,0.40884,0.838405,0.360453,0.019571,1.046262,2.821983,4.225257442354067,28.782493020982997,6.942920608169437,0.050681,0.245755,0.049466,0.966741,0.874315,0.120552,-0.47015,-0.070731,0.989969,0.122304,0.169287,1.00577,2.785494,5.056940449169003,8.217365282283183,-23.53759192995635,0.028478,0.079049,-0.206335,0.974867,0.902355,-0.397796,-0.165876,0.4068,0.91323,0.022904,M,BuildTutorial
22.818,0.101655,1.565737,2.675115,33.62756751169051,45.71294422138232,-0.9235802182879834,-0.263544,-0.373955,0.119462,-0.881153,0.691773,-0.013421,-0.721991,0.407636,0.832547,0.375098,0.017751,1.044355,2.818678,4.755066398630702,30.38924717617855,7.274034090974872,0.056565,0.258806,0.050314,0.962958,0.860976,0.126179,-0.492746,-0.067622,0.988538,0.134982,0.169465,1.007374,2.784636,4.417262140791469,9.003480507357263,-22.66295910913461,0.02226,0.084451,-0.198699,0.976161,0.906773,-0.384166,-0.173723,0.391685,0.920046,0.009897,M,BuildTutorial
22.852,0.09676,1.563744,2.676967,34.51756671392658,45.24508390586788,-0.3500775947028396,-0.272737,-0.368174,0.116816,-0.881145,0.701604,-0.005034,-0.712549,0.406693,0.823937,0.394625,0.016259,1.04376,2.816633,4.976618018092656,31.37141018717582,8.154158771274219,0.060897,0.26645,0.056678,0.960252,0.851584,0.141301,-0.504816,-0.076398,0.986159,0.147156,0.171927,1.009259,2.783978,3.818885081934509,10.063372183764333,-21.973626545488223,0.015877,0.092377,-0.192612,0.976788,0.908734,-0.373348,-0.186583,0.379215,0.925297,-0.004569,M,BuildTutorial
22.885,0.092706,1.56236,2.678231,35.33546377103764,44.85852913021839,0.0682831752423547,-0.280754,-0.363379,0.115272,-0.880821,0.709336,0.000972,-0.70487,0.407109,0.815779,0.410813,0.015919,1.044258,2.815673,4.746279274587671,32.727401484136514,8.53354930693159,0.060563,0.277756,0.059692,0.956881,0.838577,0.147879,-0.524328,-0.080593,0.985538,0.149062,0.17553,1.011456,2.783862,3.3849219613082115,11.138093104512569,-21.32610613520812,0.010939,0.100767,-0.186896,0.977137,0.909831,-0.363042,-0.201016,0.367451,0.9299,-0.016289,M,BuildTutorial
22.919,0.089691,1.561753,2.67947,35.87219914642737,44.908226762274595,0.2879530936311837,-0.285521,-0.362665,0.115412,-0.879564,0.710309,0.004072,-0.703878,0.410121,0.810316,0.418556,0.014237,1.044975,2.816,4.736424800049528,32.68214310083632,7.125741933714407,0.057045,0.278107,0.047979,0.957654,0.840709,0.123625,-0.527186,-0.060166,0.988888,0.135946,0.180291,1.014473,2.784324,2.8135617165544033,12.02158392655008,-20.329195159299317,0.005558,0.10735,-0.177984,0.978145,0.913596,-0.346995,-0.211985,0.349382,0.936582,-0.02734,M,BuildTutorial
22.952,0.087824,1.561378,2.680579,36.20384526802669,45.21663934446517,0.518747573490395,-0.288483,-0.3641,0.115472,-0.877995,0.708195,0.007306,-0.70598,0.412841,0.806887,0.422487,0.012727,1.046417,2.817646,4.43890595665417,32.26563666379937,6.642346201194446,0.053225,0.275035,0.044867,0.958911,0.844686,0.115325,-0.522691,-0.05677,0.990308,0.126757,0.186924,1.01823,2.785255,1.877306743721194,13.17042284761483,-19.25669837698424,-0.003134,0.115772,-0.167983,0.978963,0.916757,-0.329623,-0.225621,0.328172,0.943544,-0.045031,M,BuildTutorial
22.985,0.087429,1.561355,2.681762,36.18326613341005,45.91211648321156,0.9624256184144188,-0.289048,-0.368328,0.113762,-0.876267,0.702785,0.013557,-0.711273,0.412302,0.807018,0.422764,0.012476,1.048421,2.819244,4.131075392440715,32.57173303534242,6.817334091121542,0.051198,0.277695,0.046945,0.958155,0.841363,0.118397,-0.527342,-0.061527,0.99035,0.124184,0.194897,1.021551,2.78736,1.425997401083745,14.14330967673162,-18.550142803360043,-0.007653,0.123482,-0.161448,0.979096,0.917374,-0.318036,-0.239329,0.314257,0.947752,-0.054857,M,BuildTutorial
23.019,0.087842,1.561107,2.682924,36.07746958400423,46.7741471435321,1.513298371802995,-0.289179,-0.373644,0.111381,-0.874277,0.695969,0.021345,-0.717755,0.410855,0.80794,0.422412,0.013296,1.049941,2.820985,3.971873434914552,33.367705561908046,7.795433179126406,0.052622,0.283998,0.055149,0.95579,0.832608,0.135311,-0.53708,-0.075533,0.988379,0.131916,0.203798,1.02484,2.790117,1.0908237248337107,14.953700520079147,-17.063921798534906,-0.009971,0.13008,-0.148318,0.980297,0.922162,-0.293386,-0.252075,0.288198,0.955805,-0.058135,M,BuildTutorial
23.052,0.088832,1.560484,2.683653,36.070036242091774,47.74437065703152,2.015958961303288,-0.289838,-0.379774,0.109978,-0.871591,0.687353,0.028434,-0.725767,0.411858,0.807797,0.421707,0.014948,1.051099,2.822544,3.8741166479257463,34.12787716056062,8.15102127859961,0.053075,0.290233,0.05801,0.953721,0.8248,0.141459,-0.547444,-0.079842,0.987636,0.13491,0.214731,1.029356,2.793431,0.2934473072397361,15.85815577411014,-15.60529131185896,-0.016215,0.137014,-0.134813,0.981219,0.926106,-0.269005,-0.264509,0.260118,0.963125,-0.068764,M,BuildTutorial
23.085,0.090639,1.559951,2.684432,36.04597635122554,48.83922148659908,2.561772877654526,-0.290438,-0.386735,0.108523,-0.868507,0.677317,0.03614,-0.734803,0.413151,0.807737,0.420556,0.016023,1.053129,2.825287,2.978700338882432,33.91117058803213,8.538890437743042,0.046496,0.288872,0.063628,0.954119,0.825008,0.14828,-0.54532,-0.094554,0.987579,0.125486,0.227909,1.035334,2.797373,-0.953824681349134,16.88286643388864,-14.373397565075178,-0.026533,0.14461,-0.122531,0.981514,0.928148,-0.248206,-0.277371,0.232858,0.968564,-0.087524,M,BuildTutorial
23.119,0.093068,1.559553,2.685321,35.90223685537422,49.74810309180304,3.076325173686742,-0.290255,-0.392499,0.106425,-0.866239,0.669236,0.043471,-0.741777,0.412228,0.808852,0.419317,0.016932,1.054903,2.828319,2.105187959122788,33.35185401952106,8.326745870943508,0.038381,0.284875,0.064278,0.955637,0.82943,0.14472,-0.539539,-0.100985,0.988791,0.109979,0.241965,1.041575,2.801911,-2.1701281428745007,17.876933076863633,-13.957533351223429,-0.037443,0.151922,-0.117084,0.980719,0.926422,-0.241031,-0.289218,0.218277,0.969779,-0.109018,M,BuildTutorial
23.152,0.09581,1.55918,2.686352,35.812429531066755,50.479408699738535,3.5316289806865147,-0.290478,-0.396989,0.104518,-0.864348,0.662951,0.049953,-0.746994,0.411314,0.809397,0.419164,0.018423,1.056081,2.831192,1.448769038933034,32.94379378675817,7.927397817666976,0.031693,0.282006,0.062706,0.956836,0.833081,0.137875,-0.535693,-0.102125,0.990127,0.096017,0.257546,1.047686,2.806814,-3.207024132357122,19.04276671102611,-12.263849642898611,-0.045102,0.161457,-0.100703,0.980692,0.927581,-0.212082,-0.307594,0.182954,0.975649,-0.120981,M,BuildTutorial
23.186,0.098985,1.559136,2.687543,35.6956884264536,51.005384076514275,3.990032583497239,-0.290727,-0.399954,0.101972,-0.863201,0.659278,0.05651,-0.749773,0.408599,0.810159,0.420343,0.020187,1.056738,2.834095,1.1288883156778746,32.5388918831476,8.091093853405363,0.029197,0.278776,0.064968,0.957711,0.836127,0.140721,-0.530179,-0.108163,0.989853,0.092148,0.27378,1.054314,2.812115,-4.312617893747726,19.94657528162951,-9.63918029042005,-0.051467,0.169341,-0.076197,0.981259,0.931035,-0.16697,-0.324491,0.132108,0.98309,-0.126811,M,BuildTutorial
23.219,0.102557,1.55945,2.688578,35.593739407430505,51.243511107830045,4.329573897655786,-0.290945,-0.401031,0.099645,-0.8629,0.65849,0.061389,-0.750082,0.405323,0.810844,0.422192,0.022186,1.057408,2.837279,0.8681990020753502,32.134335336015944,8.150850895125854,0.026931,0.275539,0.0662,0.95863,0.839392,0.141763,-0.524713,-0.112081,0.989785,0.088114,0.290906,1.062598,2.817276,-5.888432685971434,20.659057558129156,-9.36829715109124,-0.064986,0.174348,-0.071054,0.979965,0.929109,-0.16192,-0.332474,0.1166,0.981456,-0.152144,M,BuildTutorial
23.252,0.106562,1.560224,2.689646,35.491618331350054,51.384184795922835,4.559772787110935,-0.29087,-0.401653,0.097892,-0.862836,0.658184,0.064729,-0.75007,0.402587,0.811623,0.42331,0.024203,1.05838,2.840946,0.7867708047346872,31.455921893892736,8.149808222037418,0.025854,0.269909,0.066542,0.960236,0.845443,0.141748,-0.514911,-0.113836,0.989808,0.085572,0.309167,1.070943,2.822351,-7.325214383992497,21.46779187861708,-8.392150183439107,-0.076195,0.180777,-0.059877,0.978739,0.927469,-0.144756,-0.344742,0.089659,0.981218,-0.170798,M,BuildTutorial
23.285,0.111057,1.561296,2.69067,35.30491277427044,51.47880236047811,4.802215413283043,-0.290252,-0.402023,0.095615,-0.863128,0.65847,0.068319,-0.749499,0.398432,0.813223,0.424169,0.02599,1.060239,2.844971,0.7431167292712635,30.457498754257355,7.9090193607596015,0.024357,0.261611,0.064842,0.962685,0.85471,0.137588,-0.50054,-0.1121,0.990405,0.080822,0.328909,1.079166,2.828265,-8.431386917822048,22.29971644985825,-6.580785297765453,-0.083074,0.188395,-0.041969,0.977673,0.925492,-0.113365,-0.361404,0.050763,0.982675,-0.178251,M,BuildTutorial
23.319,0.115752,1.562508,2.691442,35.06793671706681,51.48077133909809,4.883278032500523,-0.288772,-0.402179,0.09413,-0.863714,0.658783,0.069672,-0.7491,0.394879,0.815501,0.423118,0.027321,1.06345,2.848943,0.3433574793702841,29.307774228947117,8.301008348661579,0.021201,0.252105,0.069266,0.964985,0.863291,0.144372,-0.483617,-0.122993,0.989505,0.075841,0.349965,1.087446,2.834437,-9.415258292142536,23.03077855769295,-6.063283079285945,-0.090829,0.194426,-0.035287,0.976065,0.921907,-0.104203,-0.373135,0.033565,0.98101,-0.191031,M,BuildTutorial
23.352,0.120584,1.56361,2.692178,34.725382687055316,51.41409968894067,4.871839467838115,-0.286236,-0.402203,0.092778,-0.864693,0.659249,0.069802,-0.748678,0.390699,0.818922,0.420382,0.028834,1.067413,2.852756,-0.3665065253041423,28.36054913354987,8.264696187790333,0.01456,0.244559,0.070646,0.966948,0.870401,0.143743,-0.470894,-0.129501,0.989594,0.062711,0.371274,1.095926,2.841376,-10.405066129350445,23.198438535154896,-4.5789608314236245,-0.096753,0.196528,-0.020754,0.975492,0.921892,-0.07852,-0.379408,0.002461,0.980416,-0.196922,M,BuildTutorial
23.385,0.125506,1.564472,2.692834,34.41046497610452,51.2553626392351,4.862595601500939,-0.283983,-0.401481,0.091286,-0.865929,0.660959,0.069932,-0.747156,0.386123,0.822041,0.418519,0.030777,1.071524,2.856009,-1.2689427955828154,27.648329320881945,7.548855082194499,0.004999,0.239118,0.066558,0.968694,0.876785,0.131339,-0.462599,-0.126558,0.99109,0.041515,0.393131,1.104111,2.849253,-11.319393736340302,23.016416983795455,-2.3709553117786606,-0.100724,0.196494,-0.000503,0.975318,0.92278,-0.040565,-0.383187,-0.038602,0.979709,-0.196674,M,BuildTutorial
23.418,0.130464,1.565207,2.693498,34.19282057440984,50.99449356931976,4.871230655285412,-0.282594,-0.399798,0.089772,-0.86732,0.664205,0.070239,-0.744244,0.381683,0.824164,0.418417,0.03273,1.075218,2.859135,-2.0632299120534365,26.89214100610715,7.277037727412868,-0.002721,0.233135,0.06589,0.970206,0.882613,0.126585,-0.452736,-0.129123,0.991302,0.025442,0.415898,1.112623,2.857316,-12.220227795366458,22.963529960292473,-1.747126133104564,-0.107315,0.196312,0.006329,0.974631,0.922843,-0.029798,-0.384023,-0.054471,0.976887,-0.206699,M,BuildTutorial
23.452,0.135466,1.566007,2.694165,34.01790149075843,50.6975984133849,4.868339390852334,-0.281506,-0.397804,0.08842,-0.868728,0.667868,0.070343,-0.740948,0.377594,0.825872,0.418757,0.034266,1.078552,2.86206,-2.7171293505005663,25.91768956404852,7.079343432731456,-0.00922,0.225187,0.065457,0.972071,0.890013,0.123106,-0.439002,-0.131411,0.991261,0.011555,0.438682,1.120533,2.866147,-12.812071383855333,22.809448911638935,-1.1974398967855426,-0.111418,0.19535,0.011882,0.974312,0.923394,-0.020377,-0.383312,-0.066685,0.97489,-0.212469,M,BuildTutorial
23.485,0.140709,1.566806,2.694984,33.82386519352993,50.39214534536465,4.8757691544804205,-0.280311,-0.395741,0.086905,-0.870208,0.671673,0.070612,-0.737475,0.373112,0.827746,0.419075,0.036217,1.080696,2.864494,-3.1774732418969474,24.8722513104314,6.6725199318372965,-0.014501,0.216479,0.062769,0.974159,0.898394,0.116015,-0.423591,-0.128572,0.9917,-0.001076,0.460598,1.128315,2.876255,-13.311374531932604,22.214393418091912,0.6603203731045035,-0.112627,0.191999,0.027944,0.97451,0.924711,0.011215,-0.380505,-0.097712,0.973068,-0.208783,M,BuildTutorial
23.519,0.146193,1.56763,2.696009,33.614583007909,50.07337533779885,4.90133812719893,-0.279067,-0.393548,0.085171,-0.871773,0.675732,0.071152,-0.733706,0.368152,0.829735,0.419527,0.038282,1.082647,2.86682,-3.4037503300447964,23.781442745906805,6.713268857144097,-0.016953,0.207303,0.063378,0.976074,0.906017,0.116695,-0.406835,-0.130753,0.991392,-0.006818,0.482114,1.135692,2.886696,-13.47376185542354,21.84967383114589,1.1955911282026708,-0.113214,0.189404,0.032405,0.974812,0.926152,0.020292,-0.376604,-0.106065,0.972265,-0.20845,M,BuildTutorial
23.552,0.152089,1.568294,2.697097,33.33880885447218,49.763753599946774,4.957883876692492,-0.277413,-0.391435,0.08299,-0.873461,0.679783,0.072201,-0.729851,0.362154,0.83231,0.419648,0.039983,1.084125,2.868765,-3.558180286397651,22.573678110865824,6.973286283976387,-0.018492,0.197116,0.065676,0.978003,0.913664,0.121173,-0.387988,-0.135753,0.990689,-0.010279,0.503636,1.142376,2.897624,-13.453104572831103,21.520889763841588,1.0141018745715065,-0.113426,0.186429,0.030502,0.975422,0.928628,0.017213,-0.370613,-0.101797,0.972408,-0.209903,M,BuildTutorial
23.586,0.157973,1.568902,2.698164,33.13564653074604,49.46904054260028,5.015002785752626,-0.276287,-0.389328,0.08111,-0.874934,0.68369,0.073202,-0.726093,0.357064,0.834173,0.42031,0.041813,1.085174,2.870325,-3.661836882223119,21.433639370397447,7.023116352518692,-0.01995,0.187434,0.066081,0.979849,0.921004,0.12202,-0.369951,-0.136977,0.990471,-0.014324,0.523791,1.148393,2.908738,-13.554809431459857,21.040712632531054,2.7366300067336824,-0.111666,0.184028,0.044855,0.975527,0.928244,0.046414,-0.369066,-0.128613,0.971037,-0.201358,M,BuildTutorial
23.618,0.164122,1.569447,2.699512,32.888162478131285,49.15557706890424,5.0925457319824226,-0.2749,-0.387085,0.078876,-0.87657,0.687888,0.074538,-0.72198,0.351099,0.836418,0.420874,0.043914,1.086044,2.870978,-3.7747419348689113,20.498737573888828,6.957374223165726,-0.021559,0.179475,0.065526,0.981341,0.92699,0.120867,-0.355078,-0.136345,0.990483,-0.018793,0.54245,1.153388,2.920097,-13.217673358717322,20.366360515053938,3.188881674525079,-0.108347,0.178705,0.047544,0.976763,0.931608,0.054155,-0.359407,-0.131603,0.972001,-0.194666,M,BuildTutorial
23.652,0.170348,1.569864,2.701206,32.652944255914036,48.85434118174973,5.208699400898742,-0.273716,-0.384821,0.076426,-0.878153,0.692144,0.076436,-0.7177,0.344889,0.838478,0.421908,0.045939,1.086318,2.871312,-3.8115608483841736,19.5435466248134,6.991791978863931,-0.022369,0.171313,0.065693,0.98277,0.932672,0.121458,-0.339662,-0.136787,0.990368,-0.021459,0.559552,1.157322,2.931899,-12.843547126074448,19.495883814583287,2.9635989789401984,-0.105844,0.171046,0.044257,0.978561,0.937569,0.050407,-0.344126,-0.122824,0.973677,-0.192011,M,BuildTutorial
23.685,0.176711,1.570116,2.702964,32.46856383060074,48.462799225930155,5.387938425182692,-0.273174,-0.38164,0.073462,-0.87996,0.697908,0.079221,-0.711792,0.337796,0.839958,0.424693,0.047923,1.086167,2.871342,-3.802357192986414,18.60994458849595,6.8664218308648275,-0.023003,0.163271,0.064419,0.984207,0.938386,0.119291,-0.324348,-0.134314,0.990642,-0.024244,0.576007,1.159846,2.943867,-12.339179983336996,19.192262487862443,4.025195923496453,-0.100082,0.169356,0.052332,0.979063,0.93716,0.068573,-0.342096,-0.136371,0.97449,-0.178248,M,BuildTutorial
23.719,0.183016,1.570323,2.704982,32.31176189742311,48.01018795824603,5.486320341473223,-0.272595,-0.378139,0.071075,-0.881845,0.703918,0.080804,-0.70567,0.331512,0.841281,0.427021,0.049904,1.085722,2.871257,-3.738346789191538,17.664550755961955,6.690446913011612,-0.023221,0.15508,0.062629,0.985641,0.944055,0.116257,-0.308616,-0.130662,0.991077,-0.026351,0.59121,1.162074,2.955656,-12.080332774433286,18.653407719811987,4.715207177456413,-0.097117,0.165299,0.057406,0.97977,0.938762,0.080383,-0.335059,-0.144596,0.974546,-0.171326,M,BuildTutorial
23.752,0.189351,1.570316,2.707158,32.21528077321851,47.473488017678285,5.573065201398388,-0.272473,-0.373928,0.068793,-0.883857,0.71089,0.082164,-0.698487,0.325378,0.842052,0.430207,0.05191,1.084704,2.87114,-3.4816980437019116,16.678732346024752,6.637405524083702,-0.021615,0.146466,0.06165,0.987056,0.949494,0.115371,-0.291805,-0.128035,0.991464,-0.024611,0.605975,1.163172,2.967404,-11.650275102752111,18.573695310981524,5.269920323534814,-0.092676,0.164979,0.061497,0.980006,0.938,0.089956,-0.33476,-0.151114,0.975259,-0.161355,M,BuildTutorial
23.785,0.195622,1.570204,2.709654,32.11946853880893,46.81904016621488,5.606383044876512,-0.272237,-0.368923,0.066649,-0.886195,0.718908,0.082741,-0.690163,0.318997,0.84289,0.433333,0.053777,1.083818,2.870858,-3.1152579790114427,15.546981750393686,6.6636940905299955,-0.019029,0.136544,0.061234,0.988557,0.955213,0.115869,-0.272293,-0.126263,0.991777,-0.020901,0.620819,1.163692,2.978708,-11.269688199115064,18.95846548792382,5.358080799390594,-0.089081,0.168242,0.062033,0.979751,0.935693,0.091579,-0.340722,-0.151528,0.976433,-0.153681,M,BuildTutorial
23.818,0.202086,1.569984,2.712144,32.079534732433785,46.07579440957747,5.634957506220074,-0.272448,-0.363152,0.064525,-0.888667,0.727914,0.083199,-0.680602,0.312562,0.843217,0.437367,0.055828,1.083379,2.870352,-2.837155787436676,14.542667410649573,6.590996881498782,-0.017243,0.127732,0.060134,0.989834,0.960137,0.114641,-0.254941,-0.123451,0.992173,-0.018774,0.634078,1.163204,2.989394,-10.89290086445932,18.98200723266586,6.047498878642379,-0.084827,0.168858,0.067422,0.979666,0.933883,0.103454,-0.342287,-0.160749,0.976518,-0.143434,M,BuildTutorial
23.852,0.208383,1.569593,2.714764,32.1492930734936,45.276483967310895,5.637990523750688,-0.273437,-0.356846,0.062832,-0.891036,0.737426,0.083179,-0.670287,0.307121,0.842569,0.442441,0.057948,1.083192,2.869766,-2.7770700229346463,13.652873490400546,6.399734050719101,-0.01739,0.119985,0.058283,0.990911,0.964414,0.111334,-0.239815,-0.11968,0.992601,-0.020478,0.647167,1.160579,3.000057,-9.724125562625488,19.180144667334723,6.925408741258317,-0.073394,0.170743,0.073435,0.97983,0.930908,0.118845,-0.345378,-0.168971,0.978441,-0.118751,M,BuildTutorial
23.885,0.214741,1.569113,2.717367,32.218303001169616,44.442342049738514,5.601323420110611,-0.274307,-0.350349,0.061352,-0.893447,0.746983,0.082577,-0.659695,0.301837,0.841983,0.447169,0.060015,1.08332,2.869052,-2.6852784685966844,12.755115255922128,6.239698649353416,-0.017208,0.112152,0.056672,0.991925,0.968421,0.108568,-0.224443,-0.116288,0.992984,-0.021427,0.658798,1.157345,3.009801,-8.848323309979984,19.072378072331443,7.625843204088064,-0.064921,0.16987,0.078136,0.980216,0.930078,0.131125,-0.343165,-0.175237,0.97936,-0.100727,M,BuildTutorial
23.918,0.221024,1.568561,2.719939,32.34694650668318,43.7064333257836,5.540307952898945,-0.275506,-0.344586,0.060481,-0.895377,0.755206,0.081564,-0.650394,0.298178,0.840877,0.451681,0.062554,1.083363,2.867608,-2.5744215435028077,11.796442055328598,6.3045672927507965,-0.016662,0.103809,0.05699,0.992823,0.971952,0.109703,-0.208028,-0.116621,0.992949,-0.021254,0.669666,1.153731,3.018634,-8.034092946427307,19.00572856277003,7.746032452164461,-0.05781,0.168982,0.077994,0.980826,0.930724,0.13346,-0.340501,-0.172536,0.98115,-0.087044,M,BuildTutorial
23.952,0.227329,1.56801,2.722539,32.47344473611263,43.03708512303334,5.434913155849067,-0.276522,-0.339444,0.060098,-0.897052,0.762331,0.079905,-0.642235,0.29555,0.839848,0.455308,0.063811,1.08383,2.866954,-2.5220451797190138,10.928356602349828,6.222423765290515,-0.016708,0.096249,0.056107,0.993634,0.975176,0.108282,-0.193148,-0.114715,0.993146,-0.022404,0.678198,1.14877,3.026471,-6.9073151690839065,18.285356854499728,8.400154552742043,-0.0477,0.162535,0.081724,0.982155,0.933807,0.145026,-0.327066,-0.176037,0.982092,-0.067131,M,BuildTutorial
23.985,0.233598,1.567212,2.725133,32.55780739273394,42.460903125287075,5.306566235850531,-0.2771,-0.335134,0.059978,-0.898501,0.768176,0.077951,-0.635476,0.293511,0.839237,0.457747,0.065311,1.08352,2.865753,-2.31694320567583,10.094967678936513,5.979525278413725,-0.015524,0.088894,0.053721,0.99447,0.978424,0.104088,-0.178473,-0.109608,0.993746,-0.021325,0.686467,1.142567,3.033314,-5.538134027931681,17.893069371630318,8.978693441918457,-0.035418,0.15859,0.084721,0.983065,0.935343,0.155338,-0.31781,-0.177806,0.983136,-0.042765,M,BuildTutorial
24.018,0.239739,1.56616,2.727527,32.72909780866739,41.97484621718314,5.257459608139797,-0.278541,-0.331227,0.059719,-0.899521,0.773444,0.077084,-0.62916,0.291958,0.837697,0.461545,0.066492,1.08304,2.864478,-1.9828597695577983,9.2111463006133,5.969765119922927,-0.013043,0.081073,0.053284,0.995197,0.981176,0.103941,-0.162757,-0.108171,0.993981,-0.01732,0.694283,1.136196,3.039039,-4.164566671072684,17.90932036702793,9.084831620840728,-0.02346,0.157904,0.083818,0.983611,0.936082,0.157481,-0.314564,-0.172298,0.984848,-0.019681,M,BuildTutorial
24.052,0.245531,1.564895,2.729655,33.04658283626668,41.564828844345534,5.242871949224696,-0.28118,-0.32765,0.059812,-0.900003,0.778136,0.076596,-0.623409,0.29192,0.834721,0.466931,0.067746,1.082501,2.863202,-1.745577048681084,8.419644450330468,5.727811951354698,-0.011505,0.074068,0.05094,0.995885,0.983838,0.099756,-0.148698,-0.103165,0.994546,-0.015369,0.700952,1.129804,3.043718,-3.1075384023548054,17.620464352423195,9.689253192101733,-0.013769,0.154822,0.087565,0.983958,0.936725,0.168057,-0.307088,-0.176583,0.984286,1.9e-05,M,BuildTutorial
24.085,0.251121,1.563501,2.731202,33.35298444239885,41.236850872271845,5.197824852624834,-0.283606,-0.324806,0.060295,-0.900241,0.781731,0.075675,-0.619007,0.292794,0.831864,0.471459,0.068984,1.081821,2.861739,-1.4850389548676983,7.798050165080997,5.421424265419813,-0.009699,0.068528,0.04806,0.996444,0.985988,0.094449,-0.1375,-0.097107,0.995192,-0.012742,0.707884,1.123324,3.047117,-2.026318192825857,18.00087112557731,10.049655477306011,-0.003697,0.157346,0.089251,0.983495,0.934553,0.174393,-0.310158,-0.176719,0.984041,0.020816,M,BuildTutorial
24.121,0.256329,1.562043,2.732536,33.70469879802834,40.92909564054825,5.144643829628706,-0.286354,-0.322086,0.061015,-0.9003,0.785076,0.074598,-0.614891,0.294324,0.828557,0.476305,0.070057,1.081449,2.860036,-1.2542759123842278,7.252471838167371,5.268967414821474,-0.008005,0.063679,0.046561,0.996852,0.987554,0.091809,-0.127703,-0.093848,0.995536,-0.010029,0.714408,1.118312,3.049685,-1.6639657262929586,18.68933772960694,10.172151317408815,0.000122,0.162987,0.089815,0.982532,0.930737,0.176532,-0.320258,-0.176452,0.983867,0.029517,M,BuildTutorial
24.152,0.261029,1.560792,2.733454,34.02003524924303,40.627010453732744,5.068361997796768,-0.288755,-0.319515,0.061806,-0.900395,0.788181,0.073223,-0.611073,0.295823,0.825602,0.480491,0.071178,1.08104,2.858384,-1.0403680871085137,6.834928511123182,4.91580479760403,-0.006498,0.059942,0.043348,0.997239,0.989056,0.085677,-0.120116,-0.087235,0.996158,-0.007764,0.719328,1.114759,3.051572,-1.6654522450141742,19.168120997201516,9.344722978547516,-0.000722,0.167091,0.082724,0.982465,0.930475,0.162305,-0.328442,-0.162787,0.986313,0.026226,M,BuildTutorial
24.185,0.265335,1.559633,2.734118,34.22258708119257,40.32767069641424,4.917975610264077,-0.290076,-0.317294,0.062837,-0.900684,0.790752,0.070887,-0.608019,0.297271,0.823815,0.482659,0.072206,1.080892,2.856752,-0.8969565784307189,6.484580873765815,4.708479615142281,-0.005485,0.05683,0.041453,0.997508,0.990104,0.082076,-0.113832,-0.083323,0.996503,-0.006231,0.722629,1.111863,3.053205,-1.7003615679198298,19.149676044505288,8.818102139403038,-0.001802,0.16695,0.078258,0.982853,0.932007,0.15323,-0.328458,-0.154433,0.987745,0.022587,M,BuildTutorial
24.219,0.269209,1.558683,2.734428,34.3935945340774,40.01400185614321,4.758117327170652,-0.29114,-0.315026,0.063805,-0.901069,0.793375,0.068447,-0.604873,0.298419,0.822333,0.484474,0.073228,1.08074,2.855303,-0.8050799500303426,6.2732206495407,4.436467962660076,-0.004892,0.054946,0.039031,0.997714,0.990915,0.077346,-0.110023,-0.078421,0.996905,-0.005472,0.725411,1.109187,3.054625,-1.6160646825335592,19.123634353815778,9.349870434727166,-0.000323,0.166676,0.082697,0.982538,0.930761,0.162398,-0.327584,-0.162614,0.986322,0.026933,M,BuildTutorial
24.251,0.272815,1.557773,2.734356,34.56949474265356,39.68415827285717,4.528256625299491,-0.292067,-0.312806,0.06529,-0.901436,0.795779,0.065012,-0.602087,0.300429,0.820869,0.485713,0.074179,1.080498,2.854082,-0.6665135862911092,6.094861803079494,4.174705178572486,-0.003868,0.053338,0.03668,0.997895,0.991619,0.072794,-0.106735,-0.073619,0.997279,-0.003807,0.728074,1.106677,3.055491,-1.3934767979258609,19.31659866744855,9.81731220114322,0.002411,0.16817,0.086381,0.981963,0.928514,0.170457,-0.329857,-0.168835,0.985065,0.033788,M,BuildTutorial
24.285,0.275998,1.556914,2.733881,34.73335737819423,39.394771823295535,4.3255492957060095,-0.29296,-0.310853,0.066623,-0.901724,0.797864,0.061984,-0.599642,0.302285,0.819472,0.486918,0.075136,1.080286,2.852919,-0.5628550346248615,5.991496928589356,3.9414498212572298,-0.003105,0.052399,0.034598,0.998022,0.992115,0.068735,-0.104806,-0.069385,0.997587,-0.002572,0.73017,1.104563,3.055854,-1.1616983930287252,19.14990521489484,9.636600982865676,0.00401,0.166581,0.084502,0.982392,0.930221,0.167363,-0.326618,-0.164692,0.985687,0.036031,M,BuildTutorial
24.318,0.278897,1.556115,2.73293,34.921852223784065,39.15821758661372,4.089615991386303,-0.293932,-0.309376,0.068418,-0.901781,0.799212,0.058474,-0.598199,0.305267,0.817846,0.487791,0.076252,1.080198,2.851727,-0.4660874261763961,5.926418275326514,3.7729352614500296,-0.002358,0.0518,0.033085,0.998107,0.992444,0.0658,-0.103559,-0.066288,0.9978,-0.001279,0.732304,1.102278,3.056087,-0.7754758058706994,18.98014017128042,10.334160006448643,0.008201,0.164804,0.089937,0.982183,0.929502,0.179372,-0.32226,-0.173966,0.983688,0.045753,M,BuildTutorial
24.351,0.281436,1.555382,2.731799,35.107591063665005,39.03481533602219,3.8749452946917744,-0.294878,-0.308743,0.070323,-0.901543,0.799465,0.055285,-0.598164,0.308881,0.816203,0.488267,0.07733,1.08024,2.850541,-0.4256113441725143,5.925095326180909,3.666309182945677,-0.002054,0.051775,0.032138,0.998139,0.992573,0.063944,-0.103489,-0.064369,0.997926,-0.000772,0.734522,1.10087,3.055853,-0.5942635357607217,19.29395266645082,11.250510040244055,0.011338,0.167269,0.097499,0.981013,0.92503,0.195089,-0.325976,-0.187503,0.980731,0.054863,M,BuildTutorial
24.384,0.28379,1.554856,2.73028,35.24807973747901,39.03495923093031,3.7021828335187297,-0.295509,-0.309029,0.072084,-0.901099,0.79861,0.052732,-0.599535,0.312551,0.814957,0.488013,0.078307,1.080617,2.849693,-0.5197614899490062,5.9553919911315045,3.509129843701571,-0.002937,0.052061,0.030812,0.998164,0.992681,0.061206,-0.104112,-0.061817,0.998084,-0.002656,0.736057,1.100187,3.05555,-0.4493174026709389,19.38249914341821,11.15684073149965,0.012517,0.167916,0.096477,0.980989,0.924993,0.193489,-0.327032,-0.185082,0.981071,0.056958,M,BuildTutorial
24.418,0.285794,1.554447,2.728515,35.347162893853024,39.066676597771966,3.546099317199622,-0.295841,-0.309569,0.073676,-0.900676,0.797478,0.05045,-0.601235,0.315882,0.8141,0.487299,0.079137,1.08106,2.848769,-0.5858499973191145,5.976610635966372,3.465214342684588,-0.003527,0.052262,0.03046,0.998163,0.992682,0.06044,-0.104547,-0.061177,0.99812,-0.003858,0.736228,1.100457,3.055177,-0.53456334750488,18.87535673710125,10.55578612698459,0.010501,0.163701,0.091502,0.982201,0.929659,0.183186,-0.319652,-0.17631,0.983034,0.050586,M,BuildTutorial
24.451,0.287324,1.554285,2.726875,35.33619762677709,39.15373380040194,3.4710557531667083,-0.295496,-0.310459,0.074459,-0.900418,0.796142,0.04939,-0.603092,0.317568,0.814276,0.485906,0.07989,1.081429,2.84784,-0.6444144551165832,5.9954235748610145,3.546357489371372,-0.003995,0.052444,0.031194,0.998129,0.992553,0.061853,-0.104941,-0.062691,0.998022,-0.004703,0.736918,1.10109,3.054435,-0.7652784065514463,18.848737362110818,10.68614237146371,0.008688,0.163644,0.092949,0.982093,0.929162,0.185412,-0.319812,-0.179726,0.98257,0.047485,M,BuildTutorial
24.484,0.288438,1.554237,2.725159,35.28284832257594,39.26819558653297,3.397747588192765,-0.294806,-0.311607,0.075177,-0.900188,0.794499,0.04838,-0.605335,0.319075,0.814876,0.48391,0.080528,1.081651,2.846965,-0.7656696476589728,6.066048107802597,3.490077469488933,-0.005058,0.053089,0.030762,0.998103,0.992471,0.060871,-0.106287,-0.061945,0.998056,-0.006831,0.737674,1.102274,3.053307,-1.121996892903996,19.026946125382725,11.024529636612286,0.006264,0.165435,0.096344,0.981484,0.926698,0.191192,-0.323536,-0.187047,0.981357,0.044173,M,BuildTutorial
24.518,0.289078,1.554303,2.723557,35.23511202500464,39.34128295104084,3.370366025294001,-0.294311,-0.312305,0.075443,-0.900086,0.793548,0.048018,-0.60661,0.31964,0.815379,0.482688,0.081025,1.081519,2.846084,-0.7710531947991209,6.064571208901232,3.5446784087008045,-0.00508,0.05308,0.03124,0.998089,0.992413,0.061822,-0.106275,-0.062901,0.997996,-0.006825,0.738104,1.103358,3.052004,-1.391220248403399,18.997730808944027,10.546742635538454,0.003243,0.165418,0.092636,0.981858,0.928111,0.182983,-0.324234,-0.180837,0.982816,0.037017,M,BuildTutorial
24.551,0.289437,1.554497,2.722013,35.11049667861737,39.39415385418915,3.38034710795588,-0.293331,-0.312834,0.075142,-0.900247,0.792977,0.048234,-0.60734,0.318822,0.816621,0.481126,0.081379,1.081101,2.845204,-0.7085598548414688,6.041402851866536,3.581491524975373,-0.004525,0.052863,0.031531,0.998094,0.992423,0.062463,-0.105811,-0.06342,0.997971,-0.005699,0.737988,1.104615,3.050692,-1.7964408502822848,18.79539703378378,10.652226707477965,-0.000244,0.163997,0.094116,0.981961,0.928494,0.184757,-0.322123,-0.184917,0.982284,0.03039,M,BuildTutorial
24.585,0.289378,1.554755,2.720577,35.01745449302368,39.38544785879534,3.3629322395563865,-0.292563,-0.312914,0.074989,-0.900482,0.792923,0.048042,-0.607426,0.318146,0.817567,0.479966,0.081626,1.080731,2.844413,-0.7082688885732684,6.006606350687287,3.636083918396189,-0.004507,0.052562,0.032005,0.998095,0.992426,0.063415,-0.105212,-0.064363,0.997911,-0.005632,0.73897,1.105628,3.049254,-1.9372420292712724,19.050048537788467,10.878632247842058,-0.000913,0.16629,0.096256,0.981367,0.926165,0.18862,-0.32656,-0.189228,0.981468,0.03022,M,BuildTutorial
24.618,0.289133,1.555029,2.719367,34.910800434612135,39.34238245275496,3.3253636746391906,-0.291656,-0.31279,0.074868,-0.90083,0.793115,0.047568,-0.607212,0.31734,0.818663,0.47863,0.081773,1.080332,2.843572,-0.6505432223446338,6.048703995034405,3.7561597330093903,-0.003937,0.052917,0.033026,0.998045,0.992218,0.065506,-0.105886,-0.066339,0.997788,-0.004363,0.739606,1.10691,3.047424,-2.120691670881325,19.177130411365628,10.643923061262642,-0.002721,0.167518,0.09451,0.981325,0.926011,0.184579,-0.329294,-0.186403,0.982121,0.026323,M,BuildTutorial
24.652,0.288727,1.555264,2.718334,34.82985553842759,39.31447382947584,3.2568901671030797,-0.290855,-0.312834,0.075103,-0.901054,0.792989,0.046635,-0.607448,0.317322,0.819526,0.477162,0.082207,1.080092,2.842652,-0.6338975992087171,6.059042736147712,3.775710628372096,-0.00378,0.053003,0.033189,0.998036,0.992178,0.065847,-0.106048,-0.066648,0.997768,-0.004027,0.740125,1.108385,3.045819,-2.3960535518054815,19.110138546898508,10.87011241404134,-0.004806,0.167166,0.096838,0.98115,0.925356,0.188419,-0.328961,-0.191632,0.981199,0.022945,M,BuildTutorial
24.685,0.28814,1.555434,2.717432,34.76014647845005,39.31790192426626,3.1876701544563644,-0.290119,-0.313113,0.075456,-0.901165,0.792534,0.045684,-0.608114,0.317676,0.820274,0.475639,0.082176,1.080199,2.842065,-0.7572012015716906,6.119955197397184,3.834018569486783,-0.004809,0.053571,0.033756,0.997982,0.991981,0.066861,-0.107251,-0.067892,0.997675,-0.005982,0.740852,1.110352,3.044087,-2.763345893878674,19.3065093324025,10.821355281853094,-0.007858,0.169131,0.096957,0.980782,0.923988,0.187529,-0.333285,-0.192845,0.981075,0.017383,M,BuildTutorial
24.718,0.287451,1.555647,2.716754,34.70365483323434,39.310226021738785,3.202864054719974,-0.289724,-0.313076,0.075155,-0.90133,0.792671,0.045931,-0.607917,0.31689,0.820824,0.475214,0.081891,1.080179,2.841651,-0.7859305401077024,6.316007425209891,3.9343928430442143,-0.004953,0.055291,0.034652,0.997857,0.991484,0.068607,-0.110689,-0.069702,0.99755,-0.006052,0.741275,1.112428,3.042263,-3.1292946972040774,19.24751444407068,10.54569064521872,-0.011449,0.168882,0.095117,0.980969,0.924864,0.182747,-0.333513,-0.190481,0.981643,0.009664,M,BuildTutorial
24.752,0.286778,1.555703,2.716223,34.62388249132208,39.318025367137174,3.2712191910264914,-0.289282,-0.313052,0.074408,-0.901542,0.792924,0.046956,-0.607508,0.315284,0.821559,0.475013,0.081428,1.079974,2.841276,-0.7838194864274188,6.337906507445229,3.9095957029669552,-0.00494,0.05548,0.034436,0.997854,0.991472,0.068177,-0.111063,-0.069273,0.99758,-0.006039,0.741702,1.114228,3.040639,-3.491379566789659,19.258162266431373,10.824855925619191,-0.01413,0.169279,0.098025,0.980579,0.923471,0.187459,-0.334753,-0.197027,0.980383,0.005477,M,BuildTutorial
24.784,0.285958,1.555783,2.715758,34.629066567260686,39.32378294627989,3.426591696787621,-0.289743,-0.312699,0.073215,-0.901614,0.793718,0.04918,-0.606295,0.313228,0.821378,0.476683,0.080204,1.079822,2.841092,-0.7610833942890749,6.106743597593015,4.0241445450389435,-0.004758,0.053465,0.035413,0.99793,0.991775,0.07017,-0.107046,-0.071188,0.997447,-0.005709,0.742361,1.115734,3.038909,-3.738126363031912,19.402904116077725,11.02435646623298,-0.015822,0.170734,0.100104,0.980091,0.921659,0.190819,-0.337837,-0.201625,0.979458,0.003168,M,BuildTutorial
24.818,0.285031,1.555873,2.71557,34.63634543891505,39.313455656035856,3.511085554632047,-0.290037,-0.312396,0.072545,-0.901679,0.794292,0.050388,-0.605443,0.312037,0.821232,0.477715,0.07908,1.079514,2.841085,-0.6996058604395649,5.97500128073246,4.158410633067333,-0.004202,0.052304,0.036549,0.997953,0.991857,0.072508,-0.1047,-0.073388,0.997293,-0.004564,0.743092,1.116868,3.037478,-3.7787418352947792,19.58080934807497,10.959994969973256,-0.016111,0.172278,0.099637,0.979864,0.920785,0.189711,-0.340829,-0.200813,0.979626,0.002759,M,BuildTutorial
24.851,0.284219,1.555823,2.715496,34.639080913589915,39.29138228716782,3.570049384241765,-0.290233,-0.31207,0.072033,-0.90177,0.794848,0.051232,-0.604643,0.31106,0.821152,0.478489,0.078212,1.079177,2.841131,-0.5893820717278061,5.879898167778284,4.152509975992513,-0.003275,0.051441,0.036445,0.998005,0.992051,0.072407,-0.102916,-0.073081,0.997322,-0.002788,0.743266,1.118186,3.036392,-3.992657458691076,19.520226277393157,11.108606232514264,-0.017772,0.171948,0.101208,0.979732,0.920382,0.192201,-0.340523,-0.204425,0.978882,-2e-05,M,BuildTutorial
24.885,0.283475,1.555794,2.715497,34.65600744811941,39.24170329504453,3.632025942622284,-0.290565,-0.311503,0.071468,-0.901904,0.795717,0.052109,-0.603423,0.309937,0.820929,0.479598,0.07665,1.079284,2.841647,-0.5809113698698246,5.854389645153062,4.180119157907765,-0.003197,0.051217,0.036681,0.998009,0.992063,0.072888,-0.102466,-0.073543,0.997289,-0.002624,0.743525,1.119192,3.035292,-4.079507866967437,19.442705948663814,11.282442580677223,-0.018324,0.171381,0.102807,0.979655,0.920119,0.19515,-0.339556,-0.207711,0.97819,-0.000663,M,BuildTutorial
24.918,0.28282,1.555766,2.715488,34.66331456765874,39.176544473525794,3.6634928169136054,-0.290748,-0.310902,0.071076,-0.902083,0.796576,0.052554,-0.602249,0.309022,0.820828,0.480362,0.075888,1.079239,2.841588,-0.6308370102218963,5.818897568679486,4.128793135810839,-0.003666,0.050922,0.036255,0.998038,0.992185,0.071995,-0.101911,-0.072741,0.997344,-0.003626,0.744523,1.120262,3.03432,-4.2543147781000314,19.716849707080165,11.25120822476983,-0.019621,0.173857,0.102838,0.97919,0.918396,0.194573,-0.344514,-0.208218,0.978079,-0.002667,M,BuildTutorial
24.951,0.282259,1.555661,2.715591,34.691121236022106,39.123416378705215,3.6644942355621697,-0.291001,-0.31045,0.071013,-0.902162,0.797156,0.052552,-0.601482,0.308812,0.820552,0.480968,0.0754,1.079144,2.841455,-0.6244285099761828,5.743856238649004,4.242597751484166,-0.003584,0.05027,0.037241,0.998035,0.992172,0.073975,-0.100609,-0.074696,0.997201,-0.00341,0.745129,1.121252,3.033632,-4.463235089628052,19.804435840225533,11.18998462089289,-0.021423,0.174758,0.102635,0.979013,0.917852,0.193474,-0.346578,-0.208449,0.978015,-0.006074,M,BuildTutorial
24.984,0.281852,1.555573,2.715714,34.75430253644575,39.07963924789995,3.650099838567579,-0.291483,-0.310071,0.071196,-0.902122,0.797574,0.052306,-0.600949,0.309216,0.819937,0.481756,0.075127,1.07882,2.841526,-0.6037883303074401,5.698638113085176,4.224035880329073,-0.003427,0.049869,0.037069,0.998062,0.992278,0.073653,-0.099798,-0.074336,0.997228,-0.003143,0.745596,1.121886,3.033246,-4.483038895761246,19.875605017063975,11.13422469327906,-0.021614,0.175371,0.102201,0.978945,0.9176,0.192518,-0.347776,-0.20768,0.978176,-0.006472,M,BuildTutorial
25.018,0.281535,1.555503,2.716114,34.78849499550687,39.0007285396101,3.592941285986476,-0.291645,-0.309557,0.071543,-0.902219,0.798112,0.051467,-0.600307,0.309657,0.819649,0.481963,0.074564,1.078752,2.842053,-0.5988019685755057,5.684305828968072,4.17151979869651,-0.003411,0.049741,0.036609,0.998085,0.992371,0.072739,-0.099541,-0.073417,0.997296,-0.003168,0.746256,1.122331,3.032981,-4.4943157748036935,20.03570579486561,11.122313256961643,-0.021586,0.176745,0.102146,0.978704,0.916655,0.192311,-0.350372,-0.207572,0.9782,-0.006146,M,BuildTutorial
25.052,0.281401,1.55538,2.716537,34.80835960484433,38.93309894698253,3.5160425029373035,-0.291635,-0.309198,0.072033,-0.902306,0.798415,0.050354,-0.599998,0.310339,0.81952,0.481744,0.074546,1.078529,2.842226,-0.5888423483477606,5.676917122524158,4.154471988677808,-0.003334,0.049673,0.036456,0.998094,0.992407,0.072442,-0.099401,-0.073104,0.99732,-0.003034,0.746514,1.12259,3.033127,-4.464850236484349,20.05253151581431,11.246709911049404,-0.021127,0.176889,0.103168,0.978581,0.916133,0.194442,-0.35056,-0.209391,0.97782,-0.004851,M,BuildTutorial
25.084,0.28134,1.555159,2.716833,34.913339733580216,38.89723880274594,3.4471463191776204,-0.292293,-0.308975,0.072783,-0.90211,0.798475,0.049306,-0.600006,0.311938,0.818535,0.482384,0.074417,1.078481,2.842603,-0.5839971081551998,5.626089115329264,4.266126855261242,-0.00326,0.049232,0.037425,0.998081,0.992351,0.074385,-0.098519,-0.075027,0.997178,-0.002822,0.747256,1.122901,3.033344,-4.462249317373191,20.31793666780869,11.340579239745033,-0.020719,0.17917,0.104014,0.978085,0.914158,0.196045,-0.354798,-0.210894,0.977504,-0.003257,M,BuildTutorial
25.117,0.281325,1.554982,2.717272,34.979524978253494,38.8783126890992,3.3730706022631383,-0.292623,-0.308942,0.073506,-0.901956,0.798304,0.048208,-0.600322,0.313405,0.817938,0.482447,0.07411,1.078678,2.843338,-0.6107969317471377,5.7085137269658865,4.1502879033075635,-0.003517,0.049955,0.03643,0.998081,0.992355,0.072369,-0.099974,-0.073072,0.997321,-0.00338,0.747838,1.123758,3.033521,-4.722749426070633,20.420787329053415,11.044779700978877,-0.023317,0.180193,0.1019,0.978061,0.914294,0.190925,-0.357232,-0.207731,0.978146,-0.008887,M,BuildTutorial
25.151,0.281409,1.554926,2.717926,34.98470667059275,38.85051223268583,3.334028817735921,-0.292576,-0.308817,0.073757,-0.901993,0.798384,0.047648,-0.600261,0.313762,0.817919,0.482247,0.073774,1.078827,2.844147,-0.6324070648234321,5.805435464926374,4.090300126086835,-0.003701,0.050804,0.03592,0.998056,0.992258,0.071324,-0.101676,-0.072076,0.997392,-0.003737,0.748368,1.124362,3.0341,-4.832836643528038,20.46174330016122,10.906138191810808,-0.02444,0.180597,0.100891,0.978064,0.914411,0.188529,-0.358203,-0.206184,0.978447,-0.011366,M,BuildTutorial
25.185,0.281866,1.554909,2.718605,34.91458901027749,38.7979069473021,3.255526375823928,-0.29185,-0.30868,0.074042,-0.902252,0.79847,0.046568,-0.600232,0.313785,0.818683,0.480934,0.073586,1.078822,2.84488,-0.6217948198286616,5.867001633135743,3.997154201868044,-0.003631,0.051334,0.035106,0.998058,0.992265,0.069704,-0.102725,-0.070449,0.997509,-0.003644,0.748932,1.124689,3.035032,-4.71642024353477,20.340942954414427,11.224706910617703,-0.023052,0.179543,0.10341,0.978028,0.914141,0.193998,-0.355964,-0.210553,0.97755,-0.007958,M,BuildTutorial
25.217,0.282315,1.554816,2.719319,34.94067621344778,38.726241631642694,3.2026026085483137,-0.291958,-0.308222,0.07435,-0.902348,0.798943,0.045797,-0.599661,0.314154,0.818466,0.481062,0.073158,1.078729,2.845829,-0.5633634058008075,5.732302176447934,3.956707718317722,-0.003181,0.050142,0.034724,0.998133,0.99256,0.068999,-0.100319,-0.069637,0.997568,-0.002868,0.749924,1.125515,3.036155,-4.755335945736839,20.321304371208537,11.50848478936804,-0.022958,0.179463,0.105886,0.97778,0.913163,0.198825,-0.355813,-0.215306,0.976522,-0.006891,M,BuildTutorial
25.251,0.282732,1.554756,2.720153,34.95812668849832,38.6117251993295,3.1292704956917095,-0.291972,-0.307488,0.074685,-0.902566,0.799747,0.04474,-0.598668,0.314371,0.818349,0.481119,0.073023,1.078765,2.846483,-0.513772573152274,5.730441758156672,3.914640426105327,-0.002768,0.05011,0.034336,0.99815,0.99262,0.068267,-0.100224,-0.068822,0.997627,-0.002084,0.751667,1.127078,3.037532,-4.955052289854316,20.367601759560905,11.466951429459238,-0.024687,0.180008,0.10584,0.977643,0.91279,0.198059,-0.357193,-0.215835,0.976377,-0.010166,M,BuildTutorial
25.284,0.283585,1.554797,2.721315,34.89163782762857,38.475095568722885,3.0574580337665624,-0.291348,-0.306666,0.074716,-0.903045,0.800748,0.04375,-0.597402,0.313636,0.819068,0.480375,0.073193,1.079047,2.847158,-0.5740657200626897,5.876065672231407,3.8020872030711175,-0.0033,0.051393,0.033386,0.998115,0.992488,0.066306,-0.102812,-0.066984,0.997749,-0.003157,0.75341,1.128855,3.039354,-4.8638032832298475,20.10845812658537,12.0749310143056,-0.023203,0.17785,0.110837,0.977521,0.912169,0.208437,-0.352847,-0.224943,0.974354,-0.005938,M,BuildTutorial
25.318,0.28462,1.554792,2.722636,34.87046092719393,38.304627362432306,2.966046502576806,-0.291049,-0.305577,0.074944,-0.903491,0.802012,0.042454,-0.595797,0.313298,0.819347,0.480119,0.072668,1.079436,2.848248,-0.6060922310122795,5.813563252348786,3.6199746453034214,-0.003678,0.050852,0.031812,0.998193,0.992804,0.063136,-0.101755,-0.063884,0.997949,-0.004108,0.756209,1.13114,3.041561,-4.830644534479906,20.089732049108004,12.279233369578002,-0.022621,0.177703,0.112527,0.977368,0.911519,0.211922,-0.352452,-0.228001,0.973652,-0.004224,M,BuildTutorial
25.351,0.286097,1.554719,2.724221,34.801645877355234,38.10811123724659,2.9041238669664247,-0.290473,-0.304257,0.074742,-0.904139,0.803683,0.041603,-0.593602,0.31191,0.820079,0.479774,0.072568,1.079447,2.848771,-0.5672695270700773,5.630874054805227,3.521083148872553,-0.003433,0.049247,0.030928,0.998302,0.993236,0.061412,-0.09854,-0.062088,0.998063,-0.003809,0.760176,1.133913,3.043865,-4.861883396521985,20.13218099061207,12.895545722526068,-0.021888,0.178212,0.117836,0.976666,0.90871,0.222372,-0.353265,-0.237975,0.971271,-0.000756,M,BuildTutorial
25.384,0.288173,1.554657,2.72646,34.68286681495779,37.85479605278466,2.8694902343434148,-0.289613,-0.302469,0.074045,-0.905071,0.806059,0.041167,-0.590401,0.309229,0.821284,0.479448,0.072344,1.079488,2.849486,-0.4799609764503784,5.549502687004213,3.3989795356110464,-0.002746,0.048512,0.029825,0.998374,0.993514,0.059286,-0.097029,-0.059819,0.998206,-0.002589,0.764329,1.136601,3.046983,-4.55226756442377,20.071137209129272,13.53937307839508,-0.01831,0.177518,0.122856,0.976247,0.906788,0.233374,-0.351102,-0.246375,0.969143,0.007868,M,BuildTutorial
25.418,0.291007,1.554593,2.729471,34.513933843516554,37.544098085378685,2.8168021505508216,-0.288346,-0.300321,0.073213,-0.906258,0.808894,0.040493,-0.586559,0.305893,0.822993,0.478657,0.072703,1.079462,2.849755,-0.4639682977678546,5.507779943204339,3.126476075586179,-0.002732,0.048138,0.027443,0.99846,0.993859,0.054538,-0.096278,-0.055065,0.998479,-0.002814,0.768371,1.139331,3.051111,-4.285352442089206,19.512471030074344,13.83831044447436,-0.016179,0.172544,0.124933,0.976913,0.90924,0.238514,-0.341164,-0.249681,0.96826,0.011502,M,BuildTutorial
25.451,0.294728,1.554116,2.733224,34.3164348810797,37.16403336694306,2.8525179893648693,-0.287124,-0.297425,0.071437,-0.907742,0.81287,0.041103,-0.580993,0.300489,0.824913,0.478775,0.072019,1.079853,2.850584,-0.411883681440408,5.2773811988974835,2.789267177476656,-0.002469,0.046111,0.024478,0.998633,0.994549,0.048661,-0.092216,-0.049116,0.99879,-0.002673,0.773704,1.142623,3.056266,-4.155023598083294,19.267733870199308,14.087586356577496,-0.014962,0.170362,0.12684,0.977069,0.909777,0.242765,-0.336706,-0.252961,0.967376,0.013979,M,BuildTutorial
25.484,0.299097,1.55302,2.737386,34.2887101974375,36.75268667352336,3.020991847569621,-0.287592,-0.29377,0.068995,-0.908972,0.817877,0.043544,-0.573743,0.2944,0.825062,0.482288,0.071831,1.079717,2.850841,-0.2038530730061915,4.918394966457905,2.5823649062026424,-0.00081,0.042937,0.022589,0.998822,0.995292,0.045054,-0.085809,-0.045194,0.998978,0.000322,0.78025,1.145171,3.061884,-3.7156771432605065,19.23622732015055,14.792484690757354,-0.010201,0.169718,0.132226,0.976529,0.907424,0.254782,-0.334167,-0.261707,0.964825,0.02496,M,BuildTutorial
25.518,0.304269,1.551435,2.742275,34.314136362501934,36.27330983257239,3.1526742240675794,-0.288412,-0.289608,0.066813,-0.91021,0.823326,0.045425,-0.565748,0.288681,0.82471,0.486331,0.071944,1.079478,2.8508,0.0341376622551417,4.634303982813694,2.172275268001571,0.001064,0.040418,0.018928,0.999003,0.996016,0.037905,-0.080714,-0.037733,0.999281,0.003656,0.787651,1.147648,3.067404,-3.4969968401772618,19.47055744371059,15.418537122186883,-0.007128,0.171524,0.137266,0.975544,0.903475,0.265374,-0.336615,-0.270264,0.962214,0.033181,M,BuildTutorial
25.551,0.310186,1.549301,2.747408,34.34783765878386,35.813871714013686,3.3231444789628197,-0.289369,-0.285492,0.064389,-0.91138,0.828697,0.047859,-0.557648,0.282591,0.824239,0.490686,0.071941,1.079437,2.851054,0.2430551190340439,4.53015237298983,1.6086688967731806,0.002674,0.039489,0.013943,0.999119,0.996492,0.028072,-0.078835,-0.02765,0.999597,0.006445,0.7949,1.149895,3.07333,-3.2967346394187107,19.26335758669931,15.660077154010866,-0.005311,0.169549,0.139027,0.975652,0.90385,0.269482,-0.332318,-0.273084,0.961287,0.03678,M,BuildTutorial
25.584,0.316432,1.546478,2.752511,34.60631682037344,35.39342601182153,3.3987897253962687,-0.291835,-0.281691,0.063398,-0.911846,0.833262,0.048797,-0.55072,0.280032,0.821626,0.4965,0.072645,1.079081,2.850709,0.5179154861050421,4.35082466431713,1.065068576542085,0.004869,0.037915,0.009116,0.999228,0.996959,0.018587,-0.075682,-0.017849,0.999786,0.010422,0.801871,1.151454,3.078978,-3.051661158515249,19.040171728326605,16.095971354350947,-0.002855,0.167383,0.142386,0.975552,0.903419,0.276853,-0.327394,-0.278765,0.959436,0.042095,M,BuildTutorial
25.618,0.322966,1.543363,2.75773,34.953577663283696,35.08406492310541,3.434833473893148,-0.294841,-0.278781,0.06322,-0.911786,0.836569,0.049107,-0.545657,0.279678,0.818144,0.502415,0.073025,1.079167,2.850685,0.7726729665932474,4.009063580171184,0.7485163382788685,0.006967,0.034933,0.006292,0.999346,0.99748,0.013063,-0.069733,-0.01209,0.999824,0.014364,0.809415,1.151432,3.084757,-2.5399148684899817,18.81840427649912,16.057059381131207,0.001177,0.164896,0.141341,0.97613,0.905664,0.276324,-0.321587,-0.275547,0.960042,0.048911,M,BuildTutorial
25.651,0.329815,1.540539,2.762958,35.047535258148656,34.95954938072251,3.4482001021329505,-0.295685,-0.277659,0.063035,-0.911867,0.837864,0.04924,-0.543654,0.279159,0.817193,0.504247,0.074052,1.079447,2.850486,0.8937156632140871,4.060251056258525,0.6371250288145531,0.007991,0.03538,0.00528,0.999328,0.997441,0.011119,-0.070628,-0.009988,0.999817,0.016344,0.817125,1.149491,3.090423,-1.855741578579743,18.755174087781903,16.995706369270053,0.008273,0.163491,0.148388,0.975286,0.902503,0.292146,-0.316446,-0.286736,0.955825,0.064657,M,BuildTutorial
25.684,0.336568,1.537761,2.768092,35.19850111168475,35.019999528264265,3.5452859903043916,-0.297081,-0.277733,0.062808,-0.911407,0.837839,0.050531,-0.543574,0.279506,0.815596,0.506636,0.075957,1.079723,2.85006,0.9462173917360912,4.526756269426229,0.3692976464945537,0.008378,0.039465,0.002894,0.999182,0.996868,0.006444,-0.078817,-0.005122,0.999843,0.01697,0.824902,1.146145,3.095588,-0.7946015530185522,18.89240189813731,17.50590303112919,0.018214,0.163247,0.151232,0.974755,0.900959,0.300775,-0.312742,-0.288882,0.953594,0.084885,M,BuildTutorial
25.717,0.342974,1.535076,2.772919,35.41178300528261,35.140108508787094,3.707252863806996,-0.299093,-0.278043,0.062384,-0.910683,0.837601,0.052698,-0.543735,0.279945,0.813303,0.510068,0.077822,1.0799,2.849708,1.0226449364957866,4.875155912141934,0.1695897781790868,0.008979,0.042516,0.001099,0.999055,0.996382,0.002959,-0.084932,-0.001432,0.999836,0.018035,0.831749,1.141784,3.100271,0.1536428971071921,18.86267380044096,18.017311271045767,0.026965,0.161637,0.15425,0.974348,0.900161,0.309303,-0.306662,-0.291869,0.95096,0.102412,M,BuildTutorial
25.751,0.349137,1.532638,2.777956,35.48270913866606,35.29953062443913,3.937082868965347,-0.300125,-0.278633,0.061159,-0.910246,0.837246,0.05591,-0.543961,0.278589,0.81237,0.512293,0.07853,1.080476,2.850162,1.1319854666180629,4.863465166729885,0.0340804116923973,0.009882,0.042424,-0.000122,0.999051,0.9964,0.000595,-0.084771,0.001082,0.999805,0.019734,0.838299,1.137076,3.104665,1.0359328545340736,19.143244526359503,18.006736144364282,0.034825,0.16283,0.152823,0.974125,0.900264,0.309078,-0.306589,-0.286396,0.950865,0.117616,M,BuildTutorial
25.784,0.355141,1.530228,2.782953,35.494448115942575,35.41349616707476,4.185548505669899,-0.300762,-0.278874,0.059515,-0.910071,0.837375,0.059423,-0.54339,0.276075,0.812,0.514236,0.080007,1.08014,2.850144,1.452121405192579,4.804263359807885,-0.0865869740577386,0.012629,0.041919,-0.001286,0.99904,0.996482,-0.001511,-0.08379,0.003628,0.999678,0.025126,0.843872,1.131229,3.108835,2.074024219576774,19.276662224471483,17.881290006020087,0.043642,0.162594,0.150199,0.974217,0.902007,0.306845,-0.303693,-0.278462,0.951071,0.133876,M,BuildTutorial
25.819,0.360916,1.527705,2.787705,35.50422051360709,35.44996935181417,4.3374603849936175,-0.30119,-0.278754,0.05843,-0.910037,0.837765,0.061569,-0.54255,0.274263,0.811741,0.515613,0.082063,1.079659,2.849942,1.729771355252976,4.896387076762354,-0.3345186858166583,0.014956,0.042755,-0.003561,0.998967,0.996319,-0.005836,-0.085528,0.008394,0.999527,0.029577,0.848739,1.125476,3.112992,2.8421441866512898,19.112074233792416,17.523836350779064,0.049451,0.160299,0.1461,0.974943,0.905918,0.300733,-0.298116,-0.269025,0.952419,0.143264,M,BuildTutorial
25.851,0.366585,1.525034,2.792656,35.43057000088793,35.47826106579285,4.350543166068458,-0.300627,-0.279026,0.058207,-0.910154,0.837513,0.061811,-0.54291,0.27372,0.81247,0.514752,0.084224,1.07931,2.849918,1.89415962618789,5.059809208853389,-0.8706589420207476,0.016177,0.044259,-0.008319,0.998855,0.995944,-0.015186,-0.088685,0.01805,0.999338,0.031581,0.853883,1.11898,3.116963,3.641652788646709,19.153928012021012,17.164167196207558,0.055795,0.159751,0.141845,0.975319,0.908719,0.294514,-0.295788,-0.258861,0.953534,0.154156,M,BuildTutorial
25.884,0.372228,1.522128,2.797605,35.34402881837419,35.38791985738923,4.2951913146472664,-0.299856,-0.278549,0.058183,-0.910556,0.838051,0.061092,-0.542161,0.273006,0.813403,0.513658,0.085631,1.079297,2.850679,1.995038825668752,5.299388434734896,-1.1864864636502577,0.016911,0.0464,-0.011146,0.998718,0.995446,-0.020694,-0.093058,0.023833,0.99918,0.032745,0.859164,1.111982,3.120265,4.491445986492661,19.475463244839187,16.906690978236707,0.063046,0.161495,0.138219,0.97511,0.909629,0.289922,-0.297523,-0.249195,0.953841,0.167598,M,BuildTutorial
25.917,0.377804,1.518956,2.802486,35.365368365054266,35.22741770588181,4.190472616383892,-0.299852,-0.277524,0.058651,-0.91084,0.839081,0.05959,-0.540733,0.273275,0.813297,0.513681,0.087071,1.07883,2.851538,2.2677400079732117,5.5739337514054785,-1.5024519058593115,0.019126,0.048868,-0.014055,0.998523,0.994829,-0.026198,-0.09813,0.029937,0.998873,0.036821,0.863746,1.104572,3.123725,5.426925911181841,19.734833959980467,16.758045217685094,0.071087,0.162553,0.135378,0.97478,0.910499,0.287039,-0.29766,-0.240817,0.953239,0.1826,M,BuildTutorial
25.951,0.383226,1.515648,2.806985,35.63532966886955,35.127440066835064,4.01488603836198,-0.301609,-0.276897,0.060486,-0.910331,0.839339,0.056904,-0.540622,0.277154,0.810747,0.51563,0.088457,1.078261,2.852541,2.647198277687489,5.737686186704055,-2.0077114922067234,0.02219,0.050433,-0.018649,0.998307,0.994218,-0.034996,-0.101523,0.039473,0.99832,0.042424,0.867475,1.097963,3.127019,6.051757300661047,19.66410856143616,16.722355687892613,0.076255,0.161147,0.134159,0.974791,0.912066,0.286131,-0.293709,-0.236978,0.952373,0.191905,M,BuildTutorial
25.984,0.388272,1.512428,2.811191,35.91476388980695,35.02287355667701,3.7556284252862,-0.303243,-0.27645,0.062992,-0.909753,0.839215,0.053048,-0.541206,0.282278,0.808151,0.516924,0.089787,1.077663,2.853275,3.0672643471298047,5.846700078514336,-2.367470637413845,0.02567,0.051523,-0.021989,0.9981,0.993724,-0.04125,-0.10398,0.04654,0.997715,0.048976,0.870985,1.092728,3.129747,6.118121671279272,20.002294064371625,16.645245607369922,0.077103,0.163987,0.133174,0.974386,0.910746,0.284814,-0.299038,-0.234238,0.95264,0.193934,M,BuildTutorial
26.017,0.393254,1.509477,2.814977,36.18602561094741,34.976962420923776,3.4743527340563674,-0.304729,-0.276544,0.065801,-0.909029,0.838388,0.048912,-0.542875,0.288172,0.805621,0.517622,0.090951,1.077448,2.854252,3.322610255439048,5.98042192606734,-2.687400724154356,0.027721,0.052808,-0.02492,0.997909,0.993181,-0.046808,-0.106777,0.052664,0.997221,0.052694,0.873769,1.087973,3.132257,6.365545680748854,20.136065604602603,16.11956381657638,0.078599,0.165159,0.128224,0.974732,0.912562,0.275931,-0.301816,-0.224005,0.954762,0.195581,M,BuildTutorial
26.051,0.397813,1.506842,2.818315,36.42435135325754,35.02983938138383,3.1586475596302757,-0.305813,-0.277555,0.069057,-0.908115,0.836389,0.044336,-0.546341,0.295184,0.803419,0.517092,0.092674,1.076932,2.854991,3.546100586395744,6.067343424984089,-2.7821707021678437,0.029604,0.053632,-0.025868,0.997787,0.992909,-0.048447,-0.108559,0.054797,0.996909,0.056303,0.875505,1.083267,3.134794,6.6171942700556,20.038748362503007,15.831961769035289,0.080213,0.164209,0.125449,0.975123,0.914596,0.270999,-0.300123,-0.218312,0.955657,0.197634,M,BuildTutorial
26.084,0.401811,1.504327,2.821,36.68729385852455,35.213866529912536,2.8668665198207472,-0.307061,-0.279521,0.072535,-0.906819,0.833214,0.040107,-0.551495,0.303212,0.800905,0.516347,0.094396,1.076047,2.855932,3.8844025745730826,6.193936036168704,-2.9953957323769034,0.032419,0.054861,-0.027914,0.997577,0.992422,-0.052136,-0.111267,0.05925,0.99634,0.061618,0.876036,1.078878,3.136696,6.972411026945967,19.576930174534,15.860832164482538,0.082763,0.159806,0.125471,0.975638,0.917438,0.271281,-0.291056,-0.218377,0.954815,0.201596,M,BuildTutorial
26.117,0.405288,1.502103,2.823104,37.05545809783787,35.504954501042015,2.7411527707617114,-0.309461,-0.281781,0.075261,-0.90508,0.829871,0.038167,-0.556649,0.310634,0.79714,0.51776,0.095329,1.075432,2.857737,4.16191716098686,6.267968165110636,-3.226088838675184,0.034705,0.055634,-0.030073,0.997395,0.992001,-0.056128,-0.113065,0.063851,0.995782,0.065883,0.876472,1.074303,3.138167,7.595335390850744,19.407896829527974,15.696506127399374,0.08764,0.157697,0.123241,0.975839,0.919887,0.268168,-0.286173,-0.212885,0.954262,0.209915,M,BuildTutorial
26.151,0.408169,1.500219,2.82468,37.41329970340494,35.81491017149463,2.7452236265702887,-0.312074,-0.283843,0.076998,-0.90339,0.827009,0.038041,-0.5609,0.316279,0.793362,0.520139,0.096807,1.074479,2.859234,4.476739039795261,6.506555849916803,-3.3279039479222643,0.037331,0.057815,-0.031184,0.997142,0.99137,-0.057873,-0.117627,0.066506,0.995268,0.070844,0.877474,1.070339,3.138905,8.188821495342493,19.45266161833086,16.202787188573684,0.093419,0.156912,0.126603,0.974999,0.918701,0.276192,-0.282323,-0.217558,0.95049,0.221897,M,BuildTutorial
26.184,0.410579,1.498826,2.825907,37.70909840278513,36.15827114562035,2.844831143495986,-0.314407,-0.285962,0.077926,-0.901832,0.824307,0.039264,-0.56478,0.32037,0.790152,0.522517,0.098732,1.073557,2.860397,4.737864997956841,6.750132060995803,-3.293120073603117,0.039555,0.059983,-0.031092,0.996931,0.990871,-0.057248,-0.122058,0.066739,0.994937,0.075137,0.878793,1.067791,3.139446,8.330142425536911,19.784280387362223,16.893132355178906,0.095942,0.158972,0.131979,0.973707,0.914619,0.287522,-0.28426,-0.226514,0.946754,0.2288,M,BuildTutorial
26.217,0.412597,1.497945,2.826719,37.79311562022568,36.59224772770233,2.9782457714450135,-0.315103,-0.288918,0.078291,-0.900615,0.820794,0.041058,-0.569747,0.323098,0.789161,0.522334,0.100461,1.072968,2.861647,4.86869786833045,7.097241280410152,-3.247262199187289,0.040624,0.063016,-0.030882,0.996707,0.990151,-0.05644,-0.128126,0.06668,0.994792,0.077088,0.879621,1.066532,3.139742,8.251034686358485,19.92345408017179,16.54474765755992,0.094945,0.160552,0.129027,0.973941,0.915151,0.281816,-0.288235,-0.220841,0.948675,0.226373,M,BuildTutorial
26.251,0.413949,1.49733,2.827398,37.85582277445998,36.990172484363725,3.133191484746131,-0.315713,-0.291548,0.078337,-0.899549,0.817727,0.043154,-0.573987,0.325027,0.788378,0.52232,0.102406,1.072553,2.862663,5.00609270879792,7.516353026217109,-3.2982791534155536,0.041676,0.06671,-0.031551,0.996402,0.989109,-0.057315,-0.13557,0.068436,0.994535,0.078842,0.879464,1.065457,3.139763,8.481127504551742,19.51182933694547,15.718685106810486,0.095298,0.157435,0.121983,0.975322,0.920669,0.267952,-0.28385,-0.207939,0.952077,0.224302,M,BuildTutorial
26.284,0.414886,1.496961,2.827997,37.87026659819643,37.225885729547095,3.270135465757221,-0.316014,-0.293004,0.077951,-0.899003,0.816144,0.045031,-0.576091,0.325343,0.788117,0.522516,0.103623,1.072412,2.864071,5.02506662984864,7.864889067703209,-3.3489214718905123,0.041714,0.069763,-0.032129,0.996173,0.988202,-0.058192,-0.141673,0.069832,0.994455,0.078627,0.880494,1.063859,3.139382,8.886500726514777,19.649006605977274,16.241577320525032,0.099601,0.157629,0.125684,0.97439,0.918713,0.27633,-0.282148,-0.21353,0.948567,0.233723,M,BuildTutorial
26.318,0.415471,1.496736,2.828442,37.88530992006043,37.37743707390279,3.3523659832878514,-0.316239,-0.293949,0.077765,-0.898632,0.815094,0.046151,-0.577488,0.325681,0.787891,0.522647,0.104812,1.072267,2.865109,5.010008238566066,8.04797344939428,-3.166861837549532,0.041645,0.071285,-0.030604,0.996116,0.987964,-0.055033,-0.144565,0.066908,0.994658,0.078602,0.881687,1.062592,3.138756,9.140108384122914,19.95547253147374,17.013873777974943,0.103159,0.159206,0.131575,0.972985,0.914683,0.288887,-0.282665,-0.223193,0.944093,0.242639,M,BuildTutorial
26.35,0.415683,1.496478,2.828926,37.89798526387689,37.39066583437391,3.372003900259845,-0.316379,-0.293984,0.077682,-0.898578,0.815078,0.046415,-0.577489,0.325627,0.78774,0.522909,0.105299,1.072417,2.866255,4.947719424409424,8.07220933460106,-3.085042817570894,0.041148,0.071453,-0.029864,0.996147,0.988005,-0.053618,-0.144814,0.065378,0.99483,0.07771,0.882746,1.062186,3.138471,9.19108368053342,20.17418704693916,17.108735984584822,0.103974,0.160906,0.132101,0.972547,0.913317,0.29041,-0.285507,-0.22349,0.943477,0.244751,M,BuildTutorial
26.384,0.415621,1.496247,2.829433,37.94808399098815,37.27467596702486,3.316131177024601,-0.316705,-0.293172,0.077936,-0.898707,0.815953,0.045615,-0.576317,0.325781,0.787247,0.523553,0.105509,1.072511,2.867111,4.9350277765421104,8.117129709978851,-3.144006158833375,0.040989,0.071862,-0.030385,0.996109,0.987825,-0.054642,-0.145656,0.066424,0.994793,0.077292,0.883201,1.063023,3.138242,8.794090393800342,20.06079316992344,16.970881724620074,0.100294,0.160617,0.131668,0.97304,0.913732,0.288453,-0.286163,-0.224018,0.94521,0.237476,M,BuildTutorial
26.418,0.415434,1.496036,2.829933,38.00824477158593,37.1349585560409,3.290821603508636,-0.317204,-0.292078,0.077911,-0.898889,0.81724,0.045229,-0.57452,0.325364,0.786623,0.52475,0.105605,1.072515,2.867618,4.883130469280385,8.038496700188775,-3.173950726584861,0.04054,0.071178,-0.030586,0.99617,0.987997,-0.055166,-0.14429,0.066708,0.994842,0.076415,0.883878,1.064036,3.138081,8.48241705253865,20.180710256653978,16.907204833293743,0.097706,0.162119,0.131522,0.973074,0.912839,0.287641,-0.289806,-0.224281,0.946311,0.232795,M,BuildTutorial
26.45,0.415042,1.49567,2.83033,38.07510697540825,36.967474488901715,3.1987123058382205,-0.317605,-0.290944,0.07835,-0.899077,0.818425,0.043925,-0.572932,0.325697,0.785976,0.525512,0.105893,1.072441,2.867693,4.885010044566113,7.940484789356023,-3.1617088582253836,0.04059,0.070322,-0.030446,0.996233,0.988256,-0.054954,-0.142587,0.066371,0.994851,0.076592,0.884059,1.065474,3.137956,8.170413685629125,20.21913744858938,16.835580210190763,0.095009,0.162932,0.131381,0.973224,0.912385,0.286687,-0.292173,-0.224767,0.947425,0.227742,M,BuildTutorial
26.483,0.414341,1.495428,2.830497,38.20434409891369,36.86080167636733,3.1068061588200835,-0.318453,-0.290218,0.079122,-0.898945,0.819027,0.042588,-0.572173,0.327094,0.784655,0.526617,0.105919,1.072563,2.867845,4.831317018996864,7.93760947177057,-3.0832486860473214,0.040172,0.070258,-0.029731,0.996276,0.98836,-0.053595,-0.142381,0.064885,0.995005,0.075868,0.883224,1.067547,3.138032,7.867198484795012,19.842424569061965,16.268826980860528,0.091216,0.160597,0.127351,0.97451,0.915981,0.277508,-0.289774,-0.218912,0.950923,0.218687,M,BuildTutorial
26.517,0.413437,1.495292,2.830434,38.307125758423226,36.83439516457493,3.0070705238368047,-0.31902,-0.290174,0.080106,-0.898671,0.818765,0.041164,-0.572652,0.329121,0.783619,0.526898,0.106371,1.072313,2.867664,4.783018425927919,8.042992666487388,-2.961913390706112,0.0398,0.071122,-0.028684,0.99626,0.988238,-0.051492,-0.143996,0.062815,0.995186,0.075222,0.882719,1.070043,3.137903,7.516969844206108,19.827382759649332,16.418011393590902,0.08844,0.160814,0.12918,0.974489,0.914902,0.280214,-0.290575,-0.223325,0.950982,0.213915,M,BuildTutorial
26.551,0.412283,1.495524,2.830299,38.41190735032793,36.889519917802794,3.005164978788303,-0.319793,-0.290495,0.080555,-0.898252,0.818248,0.041079,-0.573397,0.330513,0.782487,0.527707,0.106484,1.071915,2.867784,4.743316908216962,8.146670073385602,-2.8009011630931377,0.03953,0.07196,-0.027296,0.99625,0.988153,-0.048699,-0.145538,0.060077,0.995385,0.074835,0.881354,1.073884,3.138185,6.996608463651536,19.758724931119644,17.13506991426692,0.084956,0.160388,0.13614,0.973922,0.911483,0.292431,-0.289279,-0.237927,0.948497,0.209151,M,BuildTutorial
26.585,0.410696,1.496277,2.829957,38.4495918791927,36.93351772377713,3.040862344966969,-0.320146,-0.290698,0.080499,-0.898065,0.81803,0.041545,-0.573674,0.330718,0.782053,0.528222,0.106305,1.071364,2.867908,4.729375744024289,8.097375949061652,-2.479488184316051,0.039621,0.071418,-0.024476,0.996359,0.988601,-0.043114,-0.144255,0.054433,0.995662,0.075458,0.878299,1.080593,3.138885,5.7984989745925475,19.47765049438877,17.328535941860995,0.074732,0.159503,0.139825,0.974383,0.910016,0.296326,-0.289935,-0.248646,0.949728,0.190241,M,BuildTutorial
26.617,0.408748,1.497487,2.829693,38.28917870118785,36.96157547397332,3.113803891516204,-0.319062,-0.290894,0.079575,-0.89847,0.818097,0.042634,-0.573497,0.328618,0.783735,0.527039,0.10639,1.070582,2.867992,4.778434345399357,7.979701106290165,-2.268960006499596,0.040202,0.070329,-0.022634,0.996456,0.989083,-0.039453,-0.141979,0.050762,0.995743,0.076936,0.872515,1.091132,3.140166,3.901792515740171,18.62722733757569,16.69070794267272,0.056714,0.155156,0.137692,0.976602,0.913935,0.28654,-0.287433,-0.251341,0.955649,0.153502,M,BuildTutorial
26.65,0.406161,1.499032,2.829516,38.09253040668175,36.91114867302558,3.216646544000061,-0.317825,-0.290433,0.0781,-0.899187,0.819099,0.04416,-0.57195,0.325066,0.785776,0.526202,0.106574,1.070356,2.868332,4.620316308000967,7.98928035095515,-1.9479712174094117,0.039022,0.07028,-0.019751,0.996568,0.989341,-0.03388,-0.141618,0.04485,0.996174,0.075001,0.864873,1.104953,3.141405,1.5619012164515065,17.908961419908984,17.206621795873136,0.036594,0.15187,0.145658,0.976924,0.911439,0.295709,-0.28607,-0.273479,0.954889,0.115741,M,BuildTutorial
26.684,0.402969,1.500847,2.829302,37.9667521813184,36.80227093640428,3.3080841041914644,-0.317149,-0.289466,0.076743,-0.899854,0.82064,0.045491,-0.569631,0.321723,0.787055,0.526345,0.106596,1.070177,2.869045,4.477477356438376,8.255013837898918,-1.5717453122244214,0.037972,0.072449,-0.016481,0.996513,0.988959,-0.027346,-0.145645,0.03835,0.996573,0.07329,0.854718,1.12221,3.141892,-1.683933243037915,16.862062886748774,18.117690394629232,0.008728,0.147063,0.157858,0.97641,0.906906,0.310836,-0.284432,-0.305702,0.950009,0.063474,M,BuildTutorial
26.717,0.399094,1.502796,2.82905,37.78324628274623,36.524632154085474,3.4505947293364767,-0.316258,-0.287096,0.074365,-0.901125,0.824091,0.047568,-0.564456,0.315618,0.788901,0.527277,0.107039,1.069684,2.869671,4.410744847083142,8.561356879925112,-1.2794657253818518,0.037539,0.075011,-0.013998,0.996378,0.988355,-0.022263,-0.15053,0.033527,0.99679,0.072705,0.841825,1.141987,3.139904,-5.205371795958081,16.115700792261258,16.822439583717465,-0.023995,0.145099,0.15098,0.977536,0.912303,0.288213,-0.290923,-0.302139,0.953259,-0.003098,M,BuildTutorial
26.75,0.394715,1.505012,2.828544,37.62615033207395,36.25094634263307,3.620187216766435,-0.315628,-0.284651,0.071858,-0.902324,0.82762,0.050009,-0.559056,0.309367,0.790431,0.528689,0.107738,1.068995,2.869946,4.308772155545679,8.670641813675834,-0.8127625929632694,0.036948,0.075804,-0.009909,0.996389,0.988311,-0.014144,-0.151793,0.025348,0.997073,0.072126,0.826953,1.161403,3.136514,-8.545735623738269,15.433323359847329,15.40575325078542,-0.055218,0.142589,0.142367,0.977932,0.9188,0.262703,-0.294607,-0.294197,0.953365,-0.067398,M,BuildTutorial
26.784,0.389744,1.507202,2.828008,37.410202883444505,35.76864737056407,3.892802895568168,-0.314904,-0.280342,0.067812,-0.904237,0.83362,0.053926,-0.5497,0.299197,0.792474,0.531475,0.108432,1.06844,2.870471,4.143311274191673,8.808724887801391,-0.3708872145440686,0.035794,0.076861,-0.006001,0.996381,0.988113,-0.006457,-0.153595,0.017462,0.997366,0.070407,0.809597,1.178782,3.132272,-11.407082255895016,14.403633704333007,15.504827826525728,-0.080869,0.136904,0.145511,0.976496,0.920168,0.26204,-0.290906,-0.306325,0.944573,-0.118095,M,BuildTutorial
26.817,0.383931,1.509267,2.82716,37.388737099053245,35.036941875802526,4.125438753459129,-0.315719,-0.273946,0.063905,-0.906196,0.84174,0.057159,-0.53685,0.288802,0.792475,0.537194,0.109462,1.067655,2.871224,4.103179744185242,9.150346920589344,-0.1225540789073805,0.0356,0.079754,-0.003921,0.996171,0.987248,-0.002135,-0.159176,0.013491,0.997435,0.070301,0.789812,1.193343,3.126626,-13.536161967497987,13.351953333336889,14.240878584452611,-0.101839,0.129063,0.135852,0.976993,0.929774,0.239166,-0.279858,-0.291741,0.942346,-0.163926,M,BuildTutorial
26.85,0.377007,1.511226,2.826236,37.528957610439235,34.11923762015852,4.236595575239662,-0.317582,-0.266217,0.060847,-0.908057,0.850852,0.058587,-0.522129,0.279596,0.790878,0.544369,0.110473,1.067509,2.872011,3.759550289471095,9.53590891225463,0.2996563722221932,0.032906,0.08299,-0.000122,0.996007,0.986225,0.005219,-0.165326,0.005705,0.997834,0.065529,0.768925,1.205738,3.120244,-15.494443094423254,12.224955066428397,12.649017288190342,-0.121598,0.119632,0.1228,0.977662,0.941217,0.21102,-0.263783,-0.269208,0.940268,-0.208381,M,BuildTutorial
26.883,0.368903,1.513024,2.825457,37.77464591180448,32.66199740878111,4.2275775447095585,-0.320249,-0.254407,0.05747,-0.910722,0.863949,0.058268,-0.500197,0.267626,0.788276,0.554074,0.111215,1.067891,2.873039,3.387453806015211,9.98136705878414,0.7734676321053968,0.030031,0.086755,0.00415,0.995768,0.984913,0.013476,-0.172527,-0.003055,0.998162,0.060528,0.74709,1.213399,3.11392,-16.31691632362375,10.990862460124966,12.956927426646176,-0.129661,0.11013,0.124678,0.977504,0.944654,0.215187,-0.247637,-0.272305,0.935287,-0.226027,M,BuildTutorial
26.917,0.359686,1.514808,2.824666,38.1488964784613,30.858180638191214,4.176631737071519,-0.323972,-0.239792,0.053687,-0.913597,0.879235,0.057275,-0.472932,0.253468,0.78432,0.566212,0.111129,1.069176,2.874192,2.83603216075756,10.188110015569505,1.149583592884235,0.025538,0.088512,0.007792,0.995717,0.98421,0.020039,-0.175867,-0.010997,0.998574,0.052236,0.724587,1.218808,3.106385,-17.1138102576165,9.6207563227111,12.72587222105648,-0.138164,0.098846,0.121607,0.977933,0.950883,0.210533,-0.226932,-0.26516,0.932245,-0.246189,M,BuildTutorial
26.95,0.349139,1.515943,2.823763,38.87918849036761,28.55886306200459,3.958909649466487,-0.330372,-0.221311,0.050474,-0.916149,0.896948,0.053747,-0.438858,0.238712,0.776614,0.582998,0.109979,1.071171,2.875699,2.117797966352762,10.162888960545892,1.7450765224762188,0.019754,0.088266,0.013529,0.995809,0.984052,0.030433,-0.175257,-0.023458,0.998853,0.041731,0.703364,1.221693,3.098846,-17.872174622518433,9.452251577690824,11.241816251155583,-0.146088,0.096164,0.109165,0.978516,0.957671,0.185543,-0.220091,-0.241736,0.933483,-0.264903,M,BuildTutorial
26.983,0.337513,1.516192,2.822522,39.90756035530623,26.134332214533636,3.428449303598463,-0.338634,-0.202481,0.049732,-0.917527,0.913056,0.045873,-0.405246,0.228395,0.765708,0.601272,0.107806,1.072998,2.877286,1.5355546462581229,10.157429729996933,2.228496709219519,0.015066,0.08824,0.018182,0.995819,0.983766,0.038871,-0.175195,-0.033553,0.998885,0.033215,0.681182,1.220642,3.091271,-18.1452595948776,9.00252538270553,10.127602583613726,-0.149746,0.091072,0.099219,0.979509,0.963723,0.167097,-0.208127,-0.221648,0.935463,-0.275283,M,BuildTutorial
27.016,0.325289,1.515662,2.820679,41.345051347925605,23.85040860768591,3.1210212360352485,-0.350544,-0.183852,0.047991,-0.917068,0.927791,0.040873,-0.370856,0.216919,0.749632,0.625298,0.105282,1.075051,2.878397,0.8804815255391333,9.982194233385828,2.508604830780212,0.009557,0.08681,0.021138,0.995955,0.984034,0.043763,-0.172514,-0.040445,0.998924,0.022707,0.657337,1.216427,3.084065,-17.79497692643985,7.51267016323345,10.64854952511139,-0.147663,0.078767,0.101568,0.980651,0.966959,0.175944,-0.184481,-0.222468,0.935759,-0.273611,M,BuildTutorial
27.05,0.312118,1.514505,2.818465,43.08047805672641,21.096595825177463,2.4633947538292293,-0.364527,-0.162481,0.047541,-0.915675,0.94268,0.031394,-0.332219,0.205521,0.72972,0.652127,0.101365,1.077731,2.879476,0.0165256537448969,9.829954956612443,2.9619942909491055,0.002358,0.085645,0.025738,0.99599,0.984005,0.051674,-0.170482,-0.050866,0.998664,0.009105,0.633388,1.210003,3.076548,-17.544198126276964,6.517832462417269,10.080789504103372,-0.146733,0.069343,0.095326,0.982127,0.972209,0.166895,-0.164183,-0.207595,0.938765,-0.275,M,BuildTutorial
27.084,0.299109,1.513549,2.816393,44.42899385764514,18.62461214148011,1.9856047739808829,-0.375632,-0.143318,0.04534,-0.914497,0.954809,0.024742,-0.29619,0.190597,0.71369,0.674032,0.096503,1.080353,2.880613,-0.8526939106159573,9.658856667660032,3.0983020972884563,-0.005136,0.084357,0.027564,0.996041,0.984249,0.054042,-0.168328,-0.055775,0.998428,-0.00558,0.608846,1.201441,3.068932,-17.052382331684285,5.084529570688951,9.35942877820551,-0.144043,0.055804,0.087159,0.984145,0.978578,0.155478,-0.134948,-0.187631,0.94331,-0.27379,M,BuildTutorial
27.117,0.285301,1.512286,2.813777,46.031785794826185,15.819787578602366,1.3360998374285344,-0.388717,-0.122137,0.043173,-0.912205,0.966437,0.016189,-0.256392,0.173718,0.69407,0.698633,0.089507,1.083436,2.882056,-1.7731098448213594,9.147108878630796,3.080187090446303,-0.013275,0.080115,0.028021,0.996303,0.985593,0.053707,-0.160382,-0.057961,0.998077,-0.021963,0.584123,1.191624,3.061451,-16.404034025850894,3.2569189849462803,8.566698885764014,-0.140107,0.0387,0.077938,0.986305,0.984856,0.142897,-0.098179,-0.164585,0.948591,-0.270345,M,BuildTutorial
27.15,0.271388,1.511854,2.811582,47.18354020451897,12.99484305930813,0.4711419737489564,-0.39807,-0.102065,0.041544,-0.910713,0.975714,0.00559,-0.218979,0.156927,0.679629,0.716574,0.081951,1.08619,2.882955,-2.5128909040097684,8.692005367669344,3.263636429566128,-0.019698,0.076353,0.030049,0.996433,0.986535,0.056875,-0.153344,-0.062891,0.997418,-0.034667,0.56023,1.180702,3.053899,-15.382958481937086,1.3090518934725015,8.560114311636845,-0.132612,0.021277,0.07548,0.988061,0.9877,0.143515,-0.062064,-0.154801,0.953434,-0.258845,M,BuildTutorial
27.183,0.258136,1.511972,2.809822,47.84894992298093,10.753918651587783,-0.4688787786938921,-0.403394,-0.087308,0.041725,-0.909896,0.981273,-0.005492,-0.192546,0.14637,0.671065,0.726807,0.073231,1.088738,2.883671,-3.140386359640338,8.151399759270992,3.5715787968571395,-0.025105,0.071865,0.033019,0.996552,0.98749,0.062202,-0.144892,-0.069418,0.996559,-0.045292,0.537441,1.170291,3.045762,-14.87330285806777,-0.5867171010388142,8.783542907743247,-0.129437,0.004849,0.07527,0.988715,0.988622,0.147585,-0.029074,-0.150096,0.955161,-0.255223,M,BuildTutorial
27.216,0.245181,1.512858,2.808255,48.170910059879354,8.783309439452502,-1.2416916282964852,-0.406119,-0.074312,0.041111,-0.909865,0.985575,-0.014451,-0.16862,0.13517,0.666755,0.732917,0.063422,1.091945,2.884303,-4.1608404799236,7.649196597737216,2.8949136326781018,-0.034526,0.067552,0.027608,0.996736,0.989349,0.050372,-0.13657,-0.059701,0.996092,-0.065096,0.516825,1.160001,3.038038,-14.023485394035822,-2.2792863140301685,8.795199757132258,-0.123203,-0.010324,0.073668,0.98959,0.988933,0.148346,0.002281,-0.143258,0.958788,-0.245361,M,BuildTutorial
27.25,0.232627,1.514141,2.8067,48.304781440129915,7.256015674172048,-1.9491188105844153,-0.407304,-0.064676,0.041376,-0.91006,0.98821,-0.022623,-0.151424,0.127995,0.664783,0.73599,0.053026,1.095701,2.884707,-5.3777960275072525,7.274773502229536,2.084406665150294,-0.045658,0.064213,0.021108,0.996668,0.990862,0.036212,-0.129925,-0.04794,0.99494,-0.088302,0.497036,1.14945,3.030035,-12.892313423684232,-4.883848196847659,9.499544163459833,-0.115288,-0.032904,0.077439,0.989762,0.985841,0.16088,0.047278,-0.145706,0.961424,-0.233311,M,BuildTutorial
27.283,0.220777,1.515538,2.804905,48.39814140365029,6.309963152374264,-2.4659349176115546,-0.408112,-0.058996,0.042152,-0.910048,0.989485,-0.028568,-0.141784,0.124876,0.663335,0.73783,0.041269,1.099219,2.885098,-6.31558504866213,6.7207270576278795,1.89681523395844,-0.054015,0.059429,0.019727,0.996575,0.992158,0.0329,-0.120581,-0.04574,0.993386,-0.105316,0.481924,1.139438,3.023312,-11.412367883344622,-6.533303868668852,10.40721906801028,-0.103999,-0.047464,0.084457,0.989848,0.981228,0.177072,0.076397,-0.157328,0.964102,-0.213903,M,BuildTutorial
27.317,0.209817,1.516891,2.803217,48.334037734096455,5.798999122276585,-2.549634340887828,-0.407746,-0.055236,0.040976,-0.910502,0.99054,-0.029573,-0.134,0.119662,0.664128,0.737981,0.029275,1.101992,2.885356,-7.062671840858223,5.978970887503479,1.5671484597875764,-0.060793,0.05289,0.016843,0.996606,0.993838,0.027141,-0.107469,-0.040002,0.992041,-0.119391,0.471678,1.130992,3.017812,-9.93233330575248,-7.115187275362147,10.353414353795513,-0.091626,-0.053771,0.084366,0.990755,0.979982,0.177025,0.091087,-0.157318,0.968974,-0.19063,M,BuildTutorial
27.35,0.199473,1.517999,2.801417,48.37371548724276,5.7474672633207,-2.3470780987688227,-0.408176,-0.054105,0.039196,-0.910455,0.991073,-0.027203,-0.130517,0.11554,0.663712,0.739011,0.016409,1.104658,2.885834,-7.927869973302504,5.161245254747787,0.9543213989780694,-0.068682,0.045491,0.011412,0.996536,0.995601,0.016496,-0.092235,-0.028994,0.990305,-0.13585,0.464705,1.12447,3.013311,-8.82938732837239,-7.14429313961157,9.034271771223905,-0.081479,-0.055877,0.07359,0.992383,0.982925,0.155165,0.098911,-0.136953,0.975891,-0.169941,M,BuildTutorial
27.383,0.189837,1.518595,2.799346,48.68502689870898,6.093466098308343,-2.012707835250191,-0.410694,-0.055647,0.037884,-0.909285,0.990937,-0.023187,-0.132315,0.114602,0.659791,0.742659,0.004133,1.106607,2.885687,-8.673848404314777,4.122778769542803,0.7817353248568344,-0.075326,0.036382,0.009518,0.99645,0.997172,0.013486,-0.07394,-0.024449,0.988471,-0.149426,0.46182,1.118528,3.009596,-7.674610263886809,-5.397459751555158,9.353214229018953,-0.070457,-0.041372,0.078118,0.99359,0.984372,0.161064,0.071206,-0.149404,0.977867,-0.146475,M,BuildTutorial
27.417,0.180765,1.518878,2.79756,49.170816524359694,6.76611993916221,-1.4805973767139586,-0.414596,-0.059023,0.036278,-0.907364,0.9904,-0.016893,-0.137193,0.114776,0.653588,0.748097,-0.007694,1.10741,2.886142,-8.94555390513084,3.184398558202187,0.8243637432557772,-0.077754,0.028261,0.009336,0.996528,0.998228,0.014212,-0.057778,-0.023002,0.987734,-0.15444,0.459464,1.114466,3.00576,-6.83600929677046,-3.666426867077613,10.484797052712304,-0.062258,-0.026355,0.089261,0.993711,0.982676,0.180681,0.041264,-0.174118,0.976313,-0.128437,M,BuildTutorial
27.451,0.17248,1.519134,2.796548,49.412574490500134,7.71777922233469,-0.582496142127245,-0.416703,-0.063258,0.032736,-0.906248,0.989854,-0.006615,-0.141937,0.112054,0.650574,0.751131,-0.01934,1.108081,2.886642,-9.233014797066057,2.1513612042238535,1.2031213698473933,-0.080271,0.019556,0.011974,0.996509,0.998948,0.020725,-0.040899,-0.027004,0.986826,-0.159513,0.457287,1.113016,3.001466,-6.773897983747791,-1.2733125691094582,8.813841650112638,-0.059753,-0.00652,0.076046,0.995291,0.988349,0.152154,0.003891,-0.150596,0.981293,-0.119934,M,BuildTutorial
27.484,0.164726,1.519042,2.795953,49.65088003640304,8.683497245868612,0.4540686779100927,-0.418919,-0.06705,0.028199,-0.905105,0.989418,0.005131,-0.145002,0.107224,0.647423,0.75455,-0.030405,1.108761,2.887059,-9.633784952149815,1.1665118904573537,1.246004233687555,-0.083852,0.011056,0.011689,0.996348,0.999482,0.021438,-0.023991,-0.025146,0.985665,-0.166832,0.452846,1.111671,2.996431,-6.718023517926966,0.8821068313689203,8.065537451395118,-0.057905,0.011786,0.070654,0.995749,0.989738,0.139342,-0.031654,-0.142072,0.98331,-0.113653,M,BuildTutorial
27.517,0.157289,1.518881,2.79536,49.93849208973789,9.455130109252972,1.3096245804807798,-0.421522,-0.069902,0.024464,-0.903789,0.989031,0.014709,-0.146978,0.103152,0.643441,0.758514,-0.040062,1.108762,2.887263,-9.805162907007702,0.2485993230228779,1.3229737899424256,-0.085431,0.003148,0.011688,0.996271,0.999707,0.02275,-0.008269,-0.023826,0.98513,-0.170152,0.446294,1.109821,2.989858,-6.660537130930133,2.847169965819498,8.309467340857601,-0.056124,0.028944,0.073745,0.995276,0.987448,0.143545,-0.065892,-0.150043,0.982823,-0.107449,M,BuildTutorial
27.55,0.150254,1.51876,2.795152,50.144819175565786,10.187549618456805,1.9640830807024965,-0.423406,-0.073174,0.022156,-0.902708,0.988309,0.021963,-0.150871,0.101966,0.640473,0.761182,-0.049817,1.108778,2.888156,-9.85009564010227,-0.7003959274998842,1.873693599838713,-0.085939,-0.004685,0.015765,0.996165,0.999459,0.032214,0.006624,-0.030604,0.984732,-0.171366,0.438183,1.10754,2.982286,-6.634229462164377,4.53248165512855,7.187012012898397,-0.055229,0.043023,0.064807,0.995439,0.987898,0.12427,-0.092813,-0.133775,0.9855,-0.104378,M,BuildTutorial
27.583,0.143813,1.51871,2.79526,50.259117910764374,10.789708539134558,2.5153174434262446,-0.424552,-0.07582,0.020134,-0.901999,0.987692,0.028057,-0.153875,0.100701,0.638701,0.762837,-0.057968,1.108167,2.889091,-9.830995369257604,-1.3876919713033151,2.388095279860596,-0.085913,-0.010277,0.019723,0.996055,0.999011,0.041055,0.017084,-0.037524,0.98446,-0.171553,0.431735,1.105163,2.97355,-6.632971427015431,7.446769833970244,5.376396643947342,-0.054625,0.067467,0.050476,0.994945,0.985801,0.093072,-0.139767,-0.107814,0.988936,-0.101887,M,BuildTutorial
27.617,0.137696,1.518665,2.795424,50.37456883820561,11.271585306633352,2.8345774003724302,-0.42559,-0.078365,0.019507,-0.901306,0.986957,0.031539,-0.157865,0.101866,0.636986,0.764115,-0.063845,1.106859,2.889804,-9.744693508949991,-1.6078103872221297,2.581507287022316,-0.085221,-0.012063,0.021251,0.996062,0.998806,0.044392,0.02041,-0.040279,0.984572,-0.170283,0.423038,1.100883,2.964331,-6.095121194771238,9.147433312784043,4.877902418665101,-0.049559,0.081812,0.046595,0.994324,0.982271,0.084552,-0.167314,-0.10077,0.990746,-0.090932,M,BuildTutorial
27.65,0.1319,1.518584,2.79564,50.46313613094092,11.741603280048484,3.06690405663116,-0.426366,-0.081146,0.019506,-0.900692,0.98607,0.034058,-0.162809,0.104334,0.635663,0.764884,-0.068444,1.105356,2.8907,-9.682644973970362,-1.6092824939286874,2.878603616224361,-0.084713,-0.011869,0.023841,0.996049,0.998582,0.049504,0.019605,-0.045483,0.984511,-0.169324,0.414359,1.096292,2.954585,-5.916608588452231,10.997842950981584,3.5438656640254154,-0.048388,0.097242,0.035681,0.993443,0.978542,0.061483,-0.196663,-0.080305,0.992771,-0.089201,M,BuildTutorial
27.683,0.126756,1.518537,2.795669,50.53304976090586,12.210924753832572,3.3492271220654826,-0.427038,-0.08374,0.0191,-0.900145,0.985246,0.037134,-0.16707,0.105907,0.634547,0.765594,-0.072185,1.103733,2.892289,-9.4134442710218,-1.4658555280200245,3.269019033806981,-0.082379,-0.010403,0.027376,0.996171,0.998285,0.056256,0.016215,-0.052828,0.984929,-0.164697,0.406191,1.090964,2.944835,-5.154077105480983,12.686620570425752,2.3526902794585065,-0.042412,0.111268,0.02535,0.992561,0.973954,0.040885,-0.223031,-0.059761,0.995117,-0.078552,M,BuildTutorial
27.717,0.122155,1.518604,2.795613,50.57318889765825,12.803853366702851,3.5526608777398048,-0.427404,-0.087612,0.019752,-0.899589,0.983868,0.039355,-0.174513,0.110428,0.633871,0.765515,-0.075063,1.102239,2.89446,-9.153874997042523,-1.2127188258805424,3.7980919001762055,-0.080099,-0.007899,0.032187,0.996236,0.997803,0.065397,0.010582,-0.062866,0.985096,-0.160103,0.398482,1.085345,2.935468,-4.449557152898876,13.992240017714469,2.125385503578216,-0.036267,0.122404,0.023122,0.991548,0.968965,0.036975,-0.244415,-0.054731,0.9963,-0.06626,M,BuildTutorial
27.75,0.118161,1.518629,2.795463,50.54881689279494,13.462043154835346,3.767555700574389,-0.427266,-0.091993,0.020495,-0.8992,0.982235,0.041752,-0.182954,0.11547,0.634048,0.764624,-0.07598,1.100816,2.896332,-8.981009142510409,-0.6314978286611489,4.010507292221981,-0.078437,-0.002751,0.034452,0.99632,0.997611,0.069081,7.8e-05,-0.068218,0.985321,-0.156487,0.392492,1.080692,2.926022,-4.341001449345698,15.707130402257825,1.8448937982304396,-0.035315,0.13713,0.021111,0.989698,0.961499,0.032101,-0.272926,-0.051472,0.996614,-0.064113,M,BuildTutorial
27.784,0.1147,1.518625,2.794878,50.600319770695315,14.253073744392632,3.9363856732164986,-0.427661,-0.097531,0.022177,-0.898389,0.979992,0.043573,-0.194211,0.123268,0.633229,0.764085,-0.075985,1.099793,2.898695,-8.873703112629643,0.2800005289754305,4.21889699774021,-0.077218,0.005282,0.036887,0.996318,0.997223,0.072688,-0.016221,-0.074319,0.985353,-0.153478,0.386565,1.075317,2.917668,-3.6347736802422608,16.3818300111091,1.2607182251129907,-0.029822,0.142737,0.015402,0.989191,0.958778,0.021957,-0.283307,-0.038984,0.997747,-0.054602,M,BuildTutorial
27.817,0.111804,1.518717,2.794363,50.57367010294205,15.192092207943444,4.114911120914972,-0.42742,-0.104244,0.024251,-0.897696,0.97709,0.045572,-0.207889,0.132651,0.633448,0.76233,-0.075612,1.099436,2.901668,-8.949570083262897,1.3424706620696265,4.51015297102272,-0.077495,0.01474,0.040139,0.996075,0.996343,0.077678,-0.035585,-0.082247,0.984767,-0.153198,0.382453,1.070398,2.909934,-3.0515884847455226,17.19227002550526,0.7648482696063811,-0.02533,0.149588,0.010577,0.988367,0.955023,0.01333,-0.296231,-0.028487,0.998493,-0.046906,M,BuildTutorial
27.85,0.109331,1.518862,2.793579,50.479685213682174,16.25277171568643,4.3210790114543505,-0.426647,-0.111857,0.026475,-0.897084,0.973574,0.047946,-0.223282,0.142949,0.634543,0.759553,-0.074347,1.099248,2.904696,-9.0269832904301,2.543953423646293,4.549834740367536,-0.077734,0.025235,0.041307,0.995798,0.995314,0.078343,-0.05668,-0.08619,0.984502,-0.15273,0.380776,1.066951,2.902565,-2.9814101475751373,18.55155630115856,1.757782780167202,-0.0232,0.161507,0.019326,0.98641,0.947084,0.030633,-0.319522,-0.045621,0.998177,-0.039527,M,BuildTutorial
27.883,0.107201,1.519107,2.792517,50.39346552075566,17.31491957356009,4.558870214943927,-0.425961,-0.119357,0.028454,-0.896382,0.969889,0.050671,-0.238219,0.152694,0.635495,0.756856,-0.07229,1.099282,2.907213,-9.195477890951588,3.784074451224372,4.636809727666191,-0.078719,0.036124,0.042945,0.995316,0.993702,0.0798,-0.078671,-0.091175,0.983918,-0.153598,0.379532,1.06441,2.895637,-2.8693580482516534,19.769100769162403,1.4141343546161216,-0.022546,0.171901,0.016451,0.984719,0.940359,0.024648,-0.339291,-0.040151,0.998442,-0.038748,M,BuildTutorial
27.917,0.105551,1.519326,2.791278,50.32938360414481,18.436172411482666,4.74291804044136,-0.42537,-0.127497,0.031092,-0.895454,0.965556,0.052783,-0.254787,0.16415,0.636187,0.753871,-0.070045,1.099419,2.909845,-9.333790618031076,4.939813731754112,4.7681745910197515,-0.07943,0.046296,0.044925,0.994751,0.991677,0.082024,-0.099243,-0.096733,0.983345,-0.153866,0.377761,1.061643,2.889804,-2.3951235405470044,20.289804277905574,1.532015514941741,-0.018217,0.176359,0.016838,0.984013,0.937228,0.026713,-0.347692,-0.039563,0.998769,-0.029913,M,BuildTutorial
27.95,0.104174,1.519552,2.789882,50.177547763216744,19.53246768765695,4.930252850159165,-0.424098,-0.135509,0.033471,-0.894795,0.961034,0.055039,-0.270896,0.174838,0.638041,0.74989,-0.067467,1.099782,2.911977,-9.576008820032738,6.0490371439395885,4.802116645686116,-0.081077,0.056025,0.04609,0.994064,0.989474,0.082548,-0.118859,-0.100718,0.982605,-0.156026,0.37713,1.060335,2.883908,-2.368662333810773,21.434905885523477,1.582492688615325,-0.017739,0.186189,0.017409,0.9822,0.930061,0.027592,-0.366367,-0.040803,0.998765,-0.028364,M,BuildTutorial
27.983,0.102921,1.519837,2.788423,50.0158903688904,20.618102320085136,5.117318681040513,-0.422745,-0.143451,0.035774,-0.894108,0.956284,0.057315,-0.286767,0.185257,0.640013,0.745696,-0.064969,1.100495,2.913831,-9.900366801667946,7.078446414768448,4.886292926143303,-0.083425,0.065117,0.04771,0.993239,0.986967,0.083909,-0.137314,-0.105639,0.981528,-0.159509,0.376188,1.059781,2.878242,-2.6107986787972277,22.417731321752115,1.957012126711718,-0.019025,0.194689,0.021175,0.980452,0.923296,0.034114,-0.382572,-0.04893,0.998379,-0.029061,M,BuildTutorial
28.017,0.101664,1.520211,2.786818,49.93950089658534,21.664482423178388,5.309519808269254,-0.422064,-0.150981,0.038009,-0.893097,0.95152,0.059556,-0.301765,0.195338,0.640835,0.74241,-0.063457,1.101435,2.916376,-10.168264570534728,8.050776778781964,4.994968489746498,-0.085269,0.073708,0.049512,0.992394,0.984231,0.085701,-0.154739,-0.110841,0.980555,-0.161942,0.374347,1.05853,2.873961,-2.3182076904244213,22.434497441205572,1.6340815660858965,-0.017067,0.194753,0.017919,0.98054,0.9235,0.028494,-0.382538,-0.041789,0.998775,-0.026489,M,BuildTutorial
28.05,0.100458,1.520669,2.785123,49.76890134567079,22.61648823205762,5.510227359953342,-0.420694,-0.157843,0.039658,-0.892485,0.947026,0.062019,-0.315112,0.203595,0.642888,0.738407,-0.062738,1.102536,2.918453,-10.491316765090376,8.665241132019183,5.031322842907238,-0.087775,0.079159,0.050484,0.991706,0.982371,0.086234,-0.165867,-0.114026,0.979494,-0.166102,0.373186,1.057631,2.869687,-2.3138617822325096,22.57253203788694,2.1131158701907418,-0.016189,0.196003,0.02203,0.980222,0.922195,0.036842,-0.384967,-0.049534,0.998505,-0.023102,M,BuildTutorial
28.084,0.099244,1.52109,2.783411,49.597719037712835,23.392356087197296,5.729183242211504,-0.419409,-0.163272,0.040497,-0.892076,0.943405,0.064702,-0.325271,0.209208,0.644913,0.735064,-0.062649,1.103559,2.920487,-10.71811578286446,9.102735328217214,5.1512127942492745,-0.089458,0.08311,0.052004,0.991154,0.980777,0.088219,-0.174054,-0.117958,0.978586,-0.168689,0.373572,1.057105,2.865642,-2.258202474177271,23.460049590254712,2.0824165391236167,-0.015597,0.203578,0.021794,0.978692,0.916162,0.036308,-0.39916,-0.049009,0.998564,-0.021657,M,BuildTutorial
28.117,0.098022,1.521553,2.781594,49.46571656153419,24.00560555184668,5.8415129416068945,-0.418334,-0.167785,0.041626,-0.891691,0.940231,0.066145,-0.334051,0.214615,0.646528,0.732081,-0.061583,1.103908,2.921111,-10.890452167403028,9.53060795749726,5.184573657752647,-0.090729,0.086892,0.052744,0.990675,0.979336,0.088736,-0.181733,-0.120271,0.977973,-0.170601,0.373861,1.056777,2.862211,-2.2456686318093713,24.097083984337413,1.8102789105196533,-0.015865,0.208977,0.019536,0.977597,0.911894,0.031565,-0.40921,-0.044827,0.998733,-0.022855,M,BuildTutorial
28.149,0.096794,1.522103,2.779716,49.31765062187865,24.44400267899988,5.817221700935346,-0.416995,-0.171456,0.04314,-0.891547,0.937483,0.066071,-0.341701,0.219915,0.648508,0.728749,-0.061475,1.104476,2.92201,-11.081123396761942,9.919525984714964,5.183826340500775,-0.092199,0.090314,0.053181,0.990209,0.97803,0.088667,-0.188666,-0.121974,0.977342,-0.172986,0.373844,1.056558,2.859951,-2.192258139911838,24.14648880951409,1.914199870650699,-0.015211,0.209407,0.020332,0.977499,0.911471,0.033379,-0.410008,-0.04612,0.998711,-0.021222,M,BuildTutorial
28.183,0.095597,1.522779,2.777969,49.126286765675275,24.788710780820345,5.787571279928668,-0.415345,-0.174469,0.044265,-0.891678,0.935202,0.06599,-0.347911,0.223869,0.651058,0.725263,-0.062138,1.105143,2.922782,-11.206717940871023,10.191365826491351,5.190588141219317,-0.093153,0.092708,0.05355,0.989879,0.977075,0.088743,-0.193516,-0.123287,0.97691,-0.174491,0.374593,1.057404,2.858479,-2.6305642833000515,24.27065711781543,2.4319691782661277,-0.017976,0.210595,0.025566,0.977074,0.909993,0.042389,-0.412452,-0.057532,0.998047,-0.024359,M,BuildTutorial
28.216,0.094495,1.52353,2.776255,48.87785169342213,25.03712664304297,5.819029618939933,-0.413383,-0.17658,0.044449,-0.892165,0.933688,0.066679,-0.351825,0.225301,0.654277,0.721915,-0.062156,1.105456,2.922732,-11.34251053551995,10.483345086483329,5.224108100160827,-0.094162,0.0953,0.054179,0.989503,0.975965,0.089273,-0.198802,-0.125168,0.976396,-0.176021,0.376113,1.058542,2.858271,-3.1294484429321887,24.23806803306529,2.7587326319647913,-0.021638,0.210447,0.029258,0.976928,0.909713,0.048058,-0.412448,-0.066273,0.997352,-0.029964,M,BuildTutorial
28.25,0.093375,1.52429,2.77444,48.64809806505594,25.1421110685243,5.864049615519996,-0.411641,-0.177506,0.044039,-0.892807,0.933104,0.067501,-0.353214,0.224774,0.657224,0.719398,-0.062469,1.105949,2.922256,-11.5460722162411,10.663746080158552,5.074302250241767,-0.095962,0.096796,0.05319,0.989238,0.975603,0.086658,-0.201717,-0.123813,0.975924,-0.179561,0.378896,1.05986,2.859231,-3.5874125788515263,24.05326003198645,3.2613516021183298,-0.024675,0.209051,0.034338,0.97699,0.910237,0.05678,-0.410177,-0.077413,0.996424,-0.033858,M,BuildTutorial
28.283,0.092461,1.525057,2.772409,48.4726445155266,25.13447121871291,5.859282155827132,-0.410283,-0.17767,0.043714,-0.893415,0.933045,0.067681,-0.353337,0.223899,0.659515,0.717572,-0.063254,1.106431,2.921636,-11.589406037285142,10.604425396416058,5.055258217882626,-0.09638,0.096281,0.053009,0.989258,0.97584,0.08632,-0.200711,-0.123438,0.975802,-0.180482,0.382859,1.061179,2.86104,-4.00126737557953,24.00790339242923,3.9678754115528414,-0.026931,0.20891,0.041098,0.9767,0.909335,0.069029,-0.410299,-0.091533,0.995171,-0.035435,M,BuildTutorial
28.316,0.091873,1.52596,2.770316,48.230997515391486,25.07366585558807,5.797282896033688,-0.408344,-0.1777,0.04352,-0.894306,0.933057,0.067285,-0.353379,0.222967,0.662722,0.714903,-0.064366,1.107257,2.920849,-11.688471796481444,10.535420143109624,5.068234475914063,-0.097257,0.095726,0.053138,0.989219,0.976026,0.086511,-0.199724,-0.123751,0.975435,-0.182244,0.387649,1.062705,2.864051,-4.509720125988589,23.568764792636703,4.850135822634423,-0.029846,0.205518,0.049417,0.976949,0.910641,0.084288,-0.40451,-0.108824,0.993334,-0.038004,M,BuildTutorial
28.35,0.091303,1.526916,2.768159,47.95019682620229,24.90406103778049,5.704940176661486,-0.406094,-0.177029,0.043106,-0.895483,0.933605,0.06658,-0.352063,0.220982,0.666459,0.712039,-0.065167,1.108365,2.919353,-11.945489042129278,10.490969192775689,5.029784372869519,-0.09953,0.095386,0.052962,0.989035,0.976193,0.085775,-0.199222,-0.12375,0.974578,-0.186774,0.39309,1.064093,2.867455,-4.919697327494626,22.929182597309172,5.807075958688285,-0.03195,0.200455,0.058118,0.977456,0.91288,0.100807,-0.395586,-0.126425,0.991203,-0.039159,M,BuildTutorial
28.383,0.090989,1.527883,2.765915,47.69142966442264,24.578357430701544,5.6263885957364135,-0.40409,-0.175055,0.042083,-0.896825,0.935169,0.065995,-0.347998,0.216958,0.66988,0.710063,-0.066257,1.109629,2.917693,-12.157702513689292,10.30815049809388,4.85587818838989,-0.10159,0.093717,0.051459,0.989065,0.977138,0.082751,-0.19584,-0.120834,0.974063,-0.191313,0.398112,1.065417,2.87184,-5.19963491037351,21.47023070500766,6.983644572762254,-0.03315,0.188446,0.068212,0.979151,0.91967,0.121086,-0.373557,-0.146075,0.988496,-0.03921,M,BuildTutorial
28.416,0.090821,1.528875,2.763659,47.43328169583032,24.171754007584568,5.512629978884711,-0.402062,-0.17256,0.041066,-0.898267,0.937074,0.064983,-0.343031,0.212535,0.67332,0.708145,-0.067843,1.111169,2.915861,-12.359279775952055,9.796535349478708,4.909025243430158,-0.103519,0.089406,0.051605,0.989256,0.978687,0.08359,-0.187574,-0.120611,0.973242,-0.195586,0.403315,1.067091,2.876715,-5.607591597811955,19.739852614739757,8.189337052457635,-0.035844,0.174211,0.078627,0.98091,0.926936,0.141764,-0.347408,-0.166741,0.985066,-0.042923,M,BuildTutorial
28.45,0.090791,1.52982,2.761439,47.213428967275945,23.703093429636493,5.410295697035062,-0.400365,-0.169483,0.039828,-0.899665,0.939379,0.064047,-0.336847,0.207374,0.676243,0.706889,-0.069902,1.112865,2.914109,-12.590244171780286,9.184627390456429,4.948813307140594,-0.10576,0.084227,0.051546,0.989477,0.980498,0.084192,-0.177584,-0.119823,0.972316,-0.20061,0.409292,1.06871,2.881713,-5.737066321753474,17.93357931669299,9.285189192512052,-0.036671,0.159157,0.087625,0.982673,0.933982,0.16054,-0.319224,-0.183886,0.981954,-0.044179,M,BuildTutorial
28.483,0.091023,1.530857,2.759248,46.907860028814646,23.208802487378502,5.344599130183681,-0.398056,-0.166156,0.038077,-0.901385,0.941884,0.063634,-0.329855,0.200924,0.680204,0.704949,-0.072227,1.114493,2.91219,-12.869308656141,8.530820587115894,4.984484572033765,-0.10844,0.078698,0.051418,0.989648,0.982326,0.084703,-0.166919,-0.118839,0.971194,-0.206542,0.4156,1.071131,2.886311,-6.203100408158345,16.180614035161444,10.329155375737791,-0.0407,0.144779,0.096574,0.983898,0.939425,0.178252,-0.292757,-0.201823,0.978034,-0.052126,M,BuildTutorial
28.516,0.09171,1.531775,2.757049,46.60353802688159,22.866609442042297,5.349076603248461,-0.395797,-0.163768,0.036322,-0.902887,0.943722,0.064049,-0.32448,0.195226,0.684051,0.702824,-0.074336,1.115577,2.90974,-13.07350736524224,7.760541528029277,4.934606758268633,-0.11058,0.072059,0.050368,0.989971,0.984541,0.08379,-0.153813,-0.115663,0.97047,-0.211683,0.422532,1.072828,2.89067,-6.150566130339918,14.630471549956392,11.054059449342509,-0.040718,0.131679,0.102193,0.98517,0.944434,0.190632,-0.267774,-0.212079,0.975797,-0.053315,M,BuildTutorial
28.549,0.09259,1.532616,2.754817,46.37028269584095,22.73007454025955,5.525233698346827,-0.394266,-0.16233,0.034056,-0.903905,0.944979,0.066436,-0.320315,0.189568,0.68679,0.701701,-0.076496,1.116286,2.907217,-13.177592124304692,6.9057645320403065,5.042147757914361,-0.111792,0.06481,0.050521,0.990328,0.986495,0.085575,-0.139662,-0.114556,0.9699,-0.214873,0.428476,1.075746,2.894947,-6.712095873927235,12.662209731553297,10.718773070184293,-0.047647,0.115038,0.099101,0.987256,0.953891,0.184715,-0.236587,-0.20664,0.975817,-0.071279,M,BuildTutorial
28.583,0.093787,1.533378,2.752598,46.16215644548142,22.7470771123789,5.830493256117432,-0.393064,-0.161637,0.031342,-0.90465,0.945782,0.070361,-0.317089,0.183774,0.689037,0.701039,-0.078629,1.117048,2.904451,-13.368197938180266,6.125524446567565,5.089647437625169,-0.113758,0.058175,0.050249,0.99053,0.988181,0.08631,-0.126681,-0.112782,0.969068,-0.219515,0.432436,1.079198,2.899057,-7.596188270128009,9.778079883925416,10.388335211133564,-0.05803,0.090665,0.095626,0.98958,0.965271,0.178736,-0.190538,-0.199781,0.974977,-0.097511,M,BuildTutorial
28.616,0.09535,1.534126,2.750486,45.95414120881835,22.960776958952717,6.245707314539317,-0.391967,-0.162129,0.028428,-0.905134,0.945812,0.075636,-0.315783,0.178562,0.691108,0.700347,-0.080861,1.117248,2.901896,-13.344201074952728,5.260970564532791,4.992992598786075,-0.113969,0.050596,0.048545,0.991007,0.990167,0.084684,-0.111348,-0.10775,0.969309,-0.220975,0.435426,1.081393,2.903041,-7.90118201521334,6.089919153650278,10.74097881458222,-0.063537,0.0592,0.096885,0.9915,0.974217,0.1846,-0.129706,-0.199646,0.973153,-0.114522,M,BuildTutorial
28.649,0.097137,1.534618,2.748178,45.78421953129962,23.123668387646653,6.647632670354232,-0.391168,-0.162233,0.025505,-0.905548,0.94606,0.080728,-0.313774,0.173114,0.692674,0.700168,-0.0829,1.117125,2.899225,-13.15562759803039,4.349054957970047,5.296970814756511,-0.112606,0.042943,0.050213,0.991441,0.991269,0.089895,-0.09646,-0.109238,0.969597,-0.218971,0.438778,1.082364,2.907478,-7.270558325114148,2.350895618793131,11.857396697993588,-0.060938,0.026911,0.104355,0.992307,0.976772,0.203824,-0.066127,-0.210384,0.970793,-0.115321,M,BuildTutorial
28.683,0.099175,1.535057,2.745877,45.70801190799147,23.162573683404975,6.909557031289973,-0.390934,-0.161734,0.02343,-0.905795,0.946586,0.08401,-0.311315,0.1689,0.693243,0.700633,-0.083084,1.116709,2.895752,-13.11856600878472,3.743854491876863,5.207792278669638,-0.112578,0.037605,0.048837,0.991729,0.992402,0.088399,-0.085585,-0.105333,0.969882,-0.21962,0.442131,1.084861,2.912146,-7.018440481344723,-1.746603226538027,12.561471194280127,-0.062499,-0.008426,0.108255,0.992121,0.97642,0.215857,0.003187,-0.21375,0.96875,-0.125837,M,BuildTutorial
28.716,0.101513,1.535422,2.743759,45.62336217815531,23.127503515557237,6.959534174145103,-0.390349,-0.161384,0.022762,-0.906126,0.946875,0.084742,-0.310238,0.167242,0.694219,0.700064,-0.083178,1.116702,2.892914,-13.086997415228764,3.4243188902102464,5.130366335402229,-0.112464,0.034752,0.047846,0.991895,0.993006,0.0871,-0.079702,-0.102733,0.970125,-0.21978,0.445619,1.087515,2.917194,-6.4744799502163515,-6.551327122590813,13.477698218802734,-0.062683,-0.050039,0.113761,0.990265,0.969109,0.231581,0.084843,-0.219034,0.966259,-0.13553,M,BuildTutorial
28.749,0.10413,1.535768,2.741725,45.56511055246542,22.96324323967746,6.8607612192691825,-0.389787,-0.160488,0.022879,-0.906524,0.94744,0.083632,-0.308808,0.166593,0.695085,0.69936,-0.082547,1.116571,2.890087,-13.003531515256702,3.254185525780643,5.048106032471337,-0.111836,0.033169,0.04695,0.992063,0.993391,0.085736,-0.076313,-0.100574,0.970577,-0.218781,0.448795,1.09015,2.922674,-5.244124033489601,-12.11760371137919,15.815950505055152,-0.059566,-0.098177,0.131888,0.984591,0.945934,0.271407,0.177615,-0.248015,0.958115,-0.143193,M,BuildTutorial
28.783,0.107215,1.536097,2.739905,45.51896631021375,22.82310908964198,6.728316253696457,-0.389269,-0.159882,0.023368,-0.906842,0.947783,0.082092,-0.308168,0.166857,0.695848,0.698538,-0.081607,1.116804,2.887695,-13.064925549460373,3.0940698929046357,4.798922841754548,-0.112502,0.03156,0.044648,0.992146,0.994021,0.081493,-0.072669,-0.095695,0.9707,-0.220418,0.454368,1.093263,2.929776,-3.301849446711609,-16.509827982677265,17.89758034284071,-0.050489,-0.137336,0.14979,0.977831,0.917403,0.306807,0.253458,-0.279071,0.950028,-0.139883,M,BuildTutorial
28.816,0.110803,1.536299,2.738073,45.49632663430995,22.77245180956491,6.671915211368985,-0.389023,-0.159698,0.023602,-0.906973,0.947879,0.081439,-0.308047,0.167066,0.696208,0.698129,-0.081213,1.117488,2.885952,-13.105548365074412,2.811154388094592,4.612169976719496,-0.113011,0.02894,0.04276,0.992251,0.994668,0.078316,-0.067096,-0.091398,0.9708,-0.221796,0.459897,1.098074,2.937199,-1.7082736876474345,-20.829939899324938,19.75153043582953,-0.045446,-0.175563,0.166013,0.969305,0.883235,0.337792,0.325259,-0.305877,0.940749,-0.146394,M,BuildTutorial
28.849,0.114824,1.536561,2.736414,45.48227401285176,22.74530884214043,6.681628602817772,-0.388932,-0.159466,0.023408,-0.907058,0.948046,0.081578,-0.307497,0.166507,0.696369,0.698102,-0.079925,1.118037,2.883661,-13.194380182229024,2.414174016510289,4.517139753029825,-0.113949,0.025437,0.041558,0.992291,0.995252,0.076678,-0.059953,-0.088272,0.970577,-0.224027,0.464107,1.104885,2.945026,-0.4867556061190699,-25.257524510029555,21.04873398871554,-0.044009,-0.214196,0.17732,0.959552,0.845355,0.359149,0.395458,-0.321443,0.933241,-0.160421,M,BuildTutorial
28.883,0.119543,1.536769,2.735045,45.41178410353989,22.785410735873715,6.781240325643359,-0.38851,-0.159525,0.02263,-0.907248,0.948079,0.082893,-0.307041,0.165015,0.697096,0.69773,-0.0787,1.118987,2.881674,-13.367021898116503,1.8806929303491384,4.365306044746407,-0.115664,0.02072,0.03973,0.992277,0.995984,0.074053,-0.050311,-0.083639,0.970087,-0.227896,0.467538,1.112702,2.954043,0.9684121014730618,-29.414420215772346,21.71126875658818,-0.039785,-0.250867,0.184265,0.949489,0.806225,0.369876,0.461728,-0.329953,0.928927,-0.168003,M,BuildTutorial
28.916,0.124731,1.537011,2.733961,45.31691307223224,22.88487284569028,7.038528709921459,-0.388106,-0.159549,0.02076,-0.907462,0.948226,0.086166,-0.305684,0.161522,0.697885,0.697758,-0.077875,1.120217,2.880042,-13.489766107935372,1.1319567383069244,4.277753842182804,-0.116995,0.014186,0.038221,0.992295,0.996676,0.072533,-0.037098,-0.079172,0.969703,-0.231103,0.470865,1.120691,2.965269,2.588791639765732,-32.674385566361195,22.851977620219824,-0.034462,-0.279939,0.196283,0.939106,0.766214,0.387956,0.512256,-0.349367,0.920571,-0.174622,M,BuildTutorial
28.949,0.130427,1.537195,2.732875,45.26023399502428,23.11318904762451,7.333485334141763,-0.388034,-0.160424,0.019095,-0.907375,0.947799,0.089847,-0.305948,0.159152,0.69813,0.698058,-0.076496,1.121337,2.877834,-13.61230319330493,0.3604365699747744,4.291255602288064,-0.11831,0.007558,0.037548,0.992238,0.997066,0.072725,-0.023882,-0.076301,0.969186,-0.234216,0.473244,1.128395,2.977789,4.167317029934881,-35.34104769137938,24.788971796077988,-0.031274,-0.303708,0.215158,0.927626,0.722937,0.418169,0.549998,-0.380176,0.905458,-0.188711,M,BuildTutorial
28.983,0.136691,1.537468,2.73201,45.1424403143904,23.483433416451938,7.73806237857473,-0.387623,-0.162127,0.016928,-0.907291,0.946856,0.094972,-0.307317,0.156405,0.698924,0.697884,-0.074636,1.122461,2.875347,-13.79185074850658,-0.3680550192854627,4.189365023559105,-0.120102,0.001202,0.035901,0.992112,0.997419,0.070947,-0.011009,-0.071525,0.968574,-0.238222,0.474422,1.136203,2.991664,5.302763817634184,-37.32147676626204,25.843630395062664,-0.028757,-0.321328,0.226065,0.919139,0.691286,0.43405,0.577688,-0.397089,0.896136,-0.198144,M,BuildTutorial
29.016,0.143232,1.537818,2.731454,44.89607015272564,23.88977131901821,8.18971426925244,-0.386283,-0.164123,0.014261,-0.907549,0.945721,0.100911,-0.308917,0.152681,0.701164,0.696461,-0.072731,1.12344,2.872586,-13.969181216032588,-1.1845781195493463,4.19518832525939,-0.12189,-0.005803,0.035072,0.991907,0.997473,0.070991,0.002962,-0.068162,0.967826,-0.242214,0.473706,1.144878,3.006853,5.254109330138578,-38.57802022312103,25.741684820712965,-0.031331,-0.331332,0.224789,0.91581,0.679378,0.43249,0.592788,-0.390966,0.896976,-0.206347,M,BuildTutorial
29.05,0.149662,1.538246,2.731217,44.664880893559435,24.053691703958165,8.492982657409346,-0.384891,-0.164693,0.011969,-0.90807,0.945466,0.10504,-0.308319,0.148515,0.703431,0.695074,-0.07109,1.124152,2.869813,-13.977946950916364,-2.0546633858599774,4.112952675661878,-0.122219,-0.013419,0.033432,0.991849,0.997405,0.069598,0.018447,-0.063038,0.96789,-0.243343,0.46994,1.152231,3.020449,5.103514496133442,-40.64778074339048,26.017816323363338,-0.037428,-0.347475,0.225946,0.90929,0.65642,0.436911,0.614998,-0.38489,0.895095,-0.225086,M,BuildTutorial
29.083,0.155834,1.538603,2.731366,44.41017493451926,23.94329376558786,8.648374340919945,-0.383131,-0.163622,0.009879,-0.909033,0.946261,0.107418,-0.305045,0.143337,0.706226,0.693325,-0.06924,1.12443,2.866661,-13.96078071943118,-2.92808765374727,4.059809944149483,-0.122312,-0.021041,0.032044,0.991751,0.997061,0.068707,0.033896,-0.058412,0.968026,-0.243955,0.463709,1.15722,3.033221,5.072421190604951,-42.813792396378176,26.037051501565287,-0.042,-0.36454,0.225256,0.902556,0.632741,0.437233,0.639113,-0.37599,0.894992,-0.240044,M,BuildTutorial
29.116,0.161555,1.538857,2.731832,44.23368344509744,23.41785096503827,8.67387385436003,-0.381824,-0.15959,0.007588,-0.910321,0.948947,0.108056,-0.296351,0.135685,0.708306,0.692743,-0.067542,1.124552,2.863349,-13.90338958500888,-3.753289468442973,3.856801225423258,-0.121993,-0.028418,0.029424,0.991688,0.996653,0.065292,0.049184,-0.051425,0.968504,-0.24363,0.455465,1.159445,3.044676,5.330701597683307,-45.04687066076469,25.437994542052827,-0.042346,-0.382715,0.220532,0.89616,0.60979,0.427677,0.667269,-0.362851,0.899145,-0.244699,M,BuildTutorial
29.149,0.166874,1.538853,2.732749,44.09757595932565,22.393454735994755,8.498390024412005,-0.380574,-0.152197,0.005325,-0.912125,0.953616,0.106129,-0.281698,0.125559,0.710271,0.69264,-0.065738,1.124336,2.859659,-13.746464792803302,-4.670401304203094,3.617984910094088,-0.120791,-0.036658,0.026441,0.991648,0.995914,0.061297,0.066317,-0.043585,0.969421,-0.241502,0.445494,1.159139,3.054173,5.856428018361637,-47.98501361112958,25.05904939361285,-0.042538,-0.40654,0.218217,0.88617,0.574214,0.421341,0.701962,-0.352167,0.901144,-0.25282,M,BuildTutorial
29.183,0.171905,1.538583,2.73419,44.04354294845977,20.99055139582276,8.173602140820273,-0.379783,-0.14216,0.003164,-0.914082,0.959561,0.102196,-0.262295,0.113764,0.71151,0.693405,-0.064367,1.124012,2.855934,-13.574692890975626,-5.662632388032567,3.3933960979248297,-0.119441,-0.045533,0.02353,0.991518,0.994746,0.057539,0.084673,-0.035785,0.970361,-0.238998,0.435536,1.156272,3.062466,6.598453945331128,-50.78626200797035,24.4669036415147,-0.039906,-0.429411,0.215225,0.87618,0.538569,0.411425,0.735305,-0.34288,0.904171,-0.25477,M,BuildTutorial
29.216,0.176367,1.537967,2.735797,44.13218739175956,19.261704481270993,7.633094348919549,-0.37988,-0.130048,0.001894,-0.915847,0.966168,0.095336,-0.239648,0.102275,0.711375,0.695331,-0.062747,1.123723,2.851829,-13.456721904513952,-6.631497206174784,3.1292423906991815,-0.118491,-0.054225,0.020297,0.991266,0.993295,0.053089,0.102693,-0.027389,0.971096,-0.237113,0.426419,1.150902,3.069853,7.612042685727837,-53.09990825792559,24.25655427966591,-0.03565,-0.448513,0.216538,0.866416,0.503896,0.407202,0.761758,-0.343245,0.903681,-0.256015,M,BuildTutorial
29.249,0.180521,1.537146,2.737822,44.335005683077355,17.472564156798743,6.8023557409685145,-0.380626,-0.118287,0.002904,-0.917128,0.972,0.08472,-0.219179,0.095373,0.71023,0.697479,-0.061663,1.123678,2.848233,-13.319793157406028,-7.6155051319197264,2.971697679839765,-0.117391,-0.062938,0.017999,0.990926,0.99143,0.050448,0.120507,-0.020895,0.971791,-0.234917,0.418141,1.144094,3.075574,8.850019375874997,-55.36468382231992,23.624200339974895,-0.027939,-0.467362,0.215816,0.856864,0.469992,0.395964,0.788873,-0.343735,0.905286,-0.249607,M,BuildTutorial
29.283,0.184348,1.536091,2.740064,44.5731336585087,15.797145637270356,5.986970512223866,-0.381769,-0.107364,0.004181,-0.917991,0.976911,0.0743,-0.20031,0.089652,0.70847,0.700024,-0.060805,1.123735,2.844513,-13.239020165342149,-8.660112989072928,2.826248988724951,-0.116761,-0.072141,0.015726,0.990412,0.989097,0.047996,0.139225,-0.014304,0.972239,-0.233552,0.410812,1.136204,3.079503,10.213418272844308,-57.60585200914829,22.87733299235881,-0.018721,-0.485823,0.215127,0.846963,0.435394,0.382598,0.814893,-0.346219,0.90674,-0.240738,M,BuildTutorial
29.316,0.187937,1.534819,2.742583,44.84270743923267,14.266214239796131,5.319676506601005,-0.383382,-0.097101,0.004745,-0.918459,0.981098,0.065737,-0.182005,0.08317,0.705992,0.70332,-0.059826,1.123555,2.840811,-13.123471496063107,-9.751619831268266,2.6817546512105994,-0.115805,-0.081752,0.013453,0.989811,0.986271,0.045566,0.158722,-0.007697,0.972816,-0.23145,0.405102,1.128284,3.08275,11.288277527496245,-59.58006473412854,22.576622091264,-0.013078,-0.501557,0.216972,0.837372,0.402727,0.376492,0.834305,-0.350255,0.905504,-0.23955,M,BuildTutorial
29.349,0.191167,1.533325,2.745154,45.23865348215192,12.993433663100836,4.846087036645183,-0.386211,-0.088194,0.004703,-0.918173,0.984399,0.059486,-0.165588,0.07676,0.701638,0.708387,-0.0592,1.123362,2.837544,-12.982482572752213,-10.851063192379527,2.696222570543081,-0.114724,-0.091272,0.012585,0.989116,0.983022,0.045837,0.17767,-0.003953,0.97336,-0.229248,0.400735,1.12101,3.086674,11.914199599157351,-60.861519064804995,22.400595181922323,-0.010068,-0.511549,0.218142,0.831042,0.381463,0.372871,0.845845,-0.35227,0.904625,-0.239915,M,BuildTutorial
29.383,0.194044,1.531722,2.747677,45.63733476439378,11.8075044769725,4.519080564279304,-0.389197,-0.079525,0.003711,-0.917708,0.987324,0.055091,-0.14885,0.068713,0.697024,0.713748,-0.058389,1.122659,2.834293,-12.779942623542029,-11.818480293423107,2.60760595332755,-0.113003,-0.099768,0.011037,0.988512,0.979849,0.044369,0.194748,0.000727,0.974217,-0.225611,0.397459,1.114744,3.090898,12.07845346452019,-61.652449246388485,22.117429742612966,-0.009079,-0.517459,0.216714,0.827761,0.370542,0.368171,0.85273,-0.349379,0.905905,-0.239312,M,BuildTutorial
29.416,0.196467,1.530241,2.750196,45.98923001464946,10.733975600949227,4.326569169905619,-0.391905,-0.07136,0.001917,-0.917232,0.989808,0.052416,-0.132411,0.05945,0.692814,0.718662,-0.056995,1.121193,2.831218,-12.466086006448378,-12.587014082690336,2.4464056928564046,-0.11022,-0.106645,0.009194,0.988126,0.977085,0.041679,0.208731,0.005339,0.975534,-0.219785,0.394974,1.109858,3.094382,11.856806535887554,-62.447648832889634,21.51310700295697,-0.009459,-0.523035,0.211349,0.825637,0.363532,0.358891,0.859676,-0.3391,0.910484,-0.236706,M,BuildTutorial
29.45,0.198697,1.529041,2.752618,46.26121005324966,9.79557698261727,4.26431789374636,-0.394044,-0.063899,-0.000573,-0.916867,0.991833,0.051408,-0.116722,0.049308,0.689458,0.722646,-0.055464,1.119655,2.828444,-12.160724167680137,-13.17275623614918,2.1985855459202805,-0.107393,-0.112016,0.006804,0.987863,0.974812,0.037503,0.219851,0.010616,0.976841,-0.213704,0.393217,1.104942,3.098281,11.819872110604482,-62.90061124816228,21.374559867655243,-0.00993,-0.526273,0.210155,0.823877,0.357744,0.356736,0.862994,-0.335832,0.911472,-0.23756,M,BuildTutorial
29.482,0.200819,1.527972,2.755068,46.45009958755699,8.97349279246117,4.320781445317344,-0.395566,-0.057018,-0.003709,-0.916659,0.99347,0.051909,-0.101598,0.038309,0.687028,0.72562,-0.053418,1.11798,2.825851,-11.882880046528296,-13.566871761215022,1.9405431143376837,-0.104762,-0.115725,0.0045,0.987731,0.973175,0.033137,0.227668,0.015358,0.978009,-0.207995,0.391765,1.100615,3.102227,11.809843801793631,-63.27651038608239,21.24652585327882,-0.010102,-0.528975,0.209159,0.822396,0.352875,0.35471,0.865829,-0.333336,0.912301,-0.237895,M,BuildTutorial
29.515,0.20282,1.526963,2.75772,46.459571161128494,8.166909716219712,4.461047238376767,-0.395667,-0.050075,-0.007609,-0.916996,0.994869,0.053581,-0.085816,0.025671,0.686779,0.726413,-0.051229,1.116462,2.823749,-11.65463589521731,-13.83446021341534,1.59451925220077,-0.102449,-0.118399,0.001515,0.987666,0.971959,0.027252,0.233566,0.021267,0.979004,-0.20273,0.390533,1.096919,3.105795,11.65336750918933,-63.83014805072766,20.855048154762816,-0.010439,-0.532841,0.205621,0.820787,0.347601,0.348668,0.870405,-0.326418,0.915222,-0.236264,M,BuildTutorial
29.549,0.204772,1.526015,2.760024,46.65340496679351,7.30589673182208,4.515197801447633,-0.397167,-0.042893,-0.01089,-0.916679,0.996083,0.054037,-0.069989,0.014106,0.68428,0.729083,-0.049787,1.115511,2.822193,-11.454832388581137,-14.289904398782596,1.3032148041420808,-0.100422,-0.122625,-0.001184,0.987359,0.969924,0.022291,0.242387,0.026965,0.979828,-0.198015,0.389361,1.093935,3.110077,11.41029583269803,-64.05243065178256,20.947926813340757,-0.013051,-0.534209,0.205197,0.819966,0.345031,0.350453,0.87071,-0.322565,0.915448,-0.240639,M,BuildTutorial
29.583,0.206517,1.525216,2.762161,46.92456337762493,6.444667360835366,4.2988264629882575,-0.39917,-0.036618,-0.011986,-0.916067,0.997031,0.051193,-0.057521,0.007275,0.68104,0.732211,-0.04894,1.115079,2.820762,-11.300656528851851,-14.88913183136335,1.1408961286517865,-0.098906,-0.127959,-0.002932,0.986831,0.967236,0.019525,0.253129,0.031099,0.980418,-0.194457,0.388111,1.091695,3.113921,11.133461218533268,-64.34535459794984,20.872136858005906,-0.015245,-0.536068,0.203399,0.819163,0.34252,0.349578,0.872052,-0.316889,0.916793,-0.243047,M,BuildTutorial
29.616,0.208211,1.524753,2.764527,46.99681501697073,5.63091077025675,3.981906878663585,-0.399567,-0.031183,-0.012249,-0.916092,0.997755,0.047362,-0.047343,0.002476,0.680393,0.732844,-0.047846,1.115291,2.819311,-11.209655461782711,-15.495456534596808,1.1665725625383725,-0.098136,-0.133175,-0.003127,0.986217,0.96451,0.019972,0.263292,0.032305,0.980719,-0.192734,0.386599,1.089959,3.117736,10.73957117145293,-64.68091897942593,20.64441469169695,-0.017646,-0.538149,0.199977,0.818592,0.34081,0.346392,0.873992,-0.308407,0.919395,-0.244125,M,BuildTutorial
29.649,0.209768,1.524362,2.766948,46.99541540157527,4.807783928978618,3.746494234632598,-0.399406,-0.025423,-0.013237,-0.916326,0.998357,0.044567,-0.036017,-0.003951,0.6806,0.732645,-0.04717,1.116078,2.818479,-11.298606734498197,-15.928424143310629,1.0808371014885496,-0.098786,-0.136956,-0.004343,0.98563,0.962448,0.018497,0.270834,0.03562,0.980445,-0.193542,0.384737,1.088486,3.121572,10.32966732157512,-65.02109801977295,20.700333305304895,-0.02149,-0.540202,0.198489,0.81751,0.337569,0.347752,0.874709,-0.301317,0.92028,-0.249585,M,BuildTutorial
29.682,0.211235,1.523979,2.769371,46.981158311000314,4.0769353433710736,3.453339562444034,-0.399148,-0.020605,-0.013445,-0.916556,0.998789,0.041094,-0.027038,-0.008197,0.681,0.732238,-0.045737,1.116193,2.817406,-11.325461578284813,-16.19393576210759,0.9266119579440912,-0.098819,-0.139367,-0.005931,0.98528,0.961084,0.015856,0.275803,0.039232,0.980399,-0.193075,0.383202,1.086844,3.125539,10.083120874055831,-65.27792558305725,20.603348529796108,-0.02327,-0.54183,0.196641,0.81683,0.335506,0.346461,0.876014,-0.296028,0.921582,-0.251107,M,BuildTutorial
29.716,0.212583,1.523313,2.771636,47.02324518702535,3.389496517193849,3.336202738825541,-0.399381,-0.0155,-0.014888,-0.916533,0.999076,0.03967,-0.01652,-0.01491,0.680547,0.732553,-0.045066,1.116148,2.816885,-11.211888649435336,-16.452818932466368,0.672468105573397,-0.097515,-0.141831,-0.008197,0.985042,0.959633,0.011513,0.281018,0.04381,0.980847,-0.189787,0.380328,1.085361,3.129086,10.142421697346991,-65.9571104617771,20.73368559454724,-0.024627,-0.546687,0.197694,0.813292,0.324101,0.348492,0.879496,-0.294639,0.920622,-0.256211,M,BuildTutorial
29.749,0.213742,1.522611,2.77384,47.17283503468034,2.6425502834319703,3.204461103087131,-0.40046,-0.009939,-0.016395,-0.916114,0.999265,0.037999,-0.005079,-0.022079,0.678726,0.73406,-0.044151,1.115861,2.816208,-11.065380760729292,-16.777878432278165,0.4210263485613617,-0.095915,-0.144861,-0.010448,0.984737,0.957813,0.007211,0.287303,0.048366,0.981382,-0.185876,0.377358,1.083893,3.132809,10.335605187577748,-66.69294912806092,20.890136059700943,-0.025255,-0.552035,0.199522,0.809203,0.310896,0.350792,0.88334,-0.295025,0.919106,-0.261159,M,BuildTutorial
29.782,0.214796,1.521834,2.775948,47.29872782582012,1.9292230684160605,2.936513222467127,-0.401345,-0.005139,-0.016717,-0.91576,0.999388,0.034743,0.004006,-0.026492,0.677285,0.735244,-0.043411,1.115837,2.815556,-10.986465407262797,-17.07436194381217,0.2650566761544773,-0.095009,-0.14755,-0.011934,0.984408,0.956173,0.004541,0.292768,0.051534,0.981662,-0.183534,0.37516,1.08228,3.136463,10.796751618530209,-67.16363983826766,21.23075150495616,-0.024406,-0.555688,0.203936,0.805621,0.299243,0.355716,0.885393,-0.301467,0.915629,-0.265974,M,BuildTutorial
29.816,0.215781,1.521226,2.778042,47.45166028140184,1.279745327051533,2.6054745318984156,-0.402464,-0.001074,-0.01632,-0.91529,0.999465,0.03074,0.011171,-0.029011,0.675513,0.736778,-0.043126,1.116249,2.815313,-10.961057744004805,-17.24929558201147,0.0825934940834292,-0.094535,-0.149207,-0.013613,0.984182,0.955104,0.001415,0.296268,0.055007,0.981755,-0.182018,0.37336,1.081469,3.139782,10.93743723803322,-67.63673430907592,21.190626286862813,-0.024042,-0.559141,0.204203,0.803171,0.291324,0.354906,0.888354,-0.301134,0.915446,-0.266976,M,BuildTutorial
29.849,0.216721,1.520822,2.78018,47.59430319664523,0.7583009666637189,2.3748281734046164,-0.40353,0.002308,-0.016291,-0.914819,0.999459,0.027944,0.017371,-0.03167,0.673796,0.738238,-0.042878,1.116514,2.815201,-10.984654551823512,-17.47430143999545,-0.077117555989869,-0.0945,-0.151268,-0.015201,0.983848,0.953774,-0.001322,0.300523,0.058501,0.981678,-0.181348,0.372054,1.081572,3.143548,10.680626447730466,-67.7738723407061,21.367555870735163,-0.026993,-0.559836,0.204223,0.802588,0.289753,0.358036,0.887611,-0.29759,0.915129,-0.27199,M,BuildTutorial
29.883,0.217784,1.520552,2.782384,47.69473221842477,0.41552668055684,2.2038122538473206,-0.404288,0.004459,-0.016123,-0.914479,0.99944,0.025883,0.021193,-0.033095,0.672583,0.739281,-0.042337,1.116064,2.815021,-10.8545070816214,-17.83613669220768,-0.1399060316064247,-0.09325,-0.154441,-0.015863,0.983464,0.951793,-0.002397,0.306733,0.060004,0.982106,-0.178517,0.370859,1.082235,3.147724,10.34749720481124,-67.73833421356112,21.38452798627189,-0.029402,-0.559283,0.202806,0.803248,0.292144,0.358695,0.886561,-0.29292,0.91601,-0.274086,M,BuildTutorial
29.916,0.218793,1.520489,2.784747,47.72651611353529,0.1803192308752972,2.1612972432964352,-0.40451,0.006191,-0.016611,-0.914362,0.999372,0.025368,0.024759,-0.035385,0.672191,0.739532,-0.04228,1.115791,2.815333,-10.73710609556932,-18.171553729569887,-0.2855005558723465,-0.091996,-0.15745,-0.017224,0.983082,0.949826,-0.004896,0.312742,0.062835,0.98248,-0.175455,0.370123,1.083167,3.151056,9.911654610467226,-67.8801591259708,21.3400486485693,-0.032559,-0.559891,0.200431,0.8033,0.2927,0.35847,0.886468,-0.285553,0.917535,-0.276747,M,BuildTutorial
29.949,0.219765,1.520492,2.787007,47.67371014394692,-0.0037166966083548,2.183834627937686,-0.40406,0.007731,-0.017444,-0.914534,0.999272,0.025658,0.028238,-0.038154,0.672863,0.738782,-0.041691,1.115401,2.815749,-10.632345036505196,-18.41681353619265,-0.4063629056153717,-0.090892,-0.159661,-0.018312,0.982808,0.948346,-0.006971,0.317162,0.065019,0.982807,-0.172812,0.369116,1.084098,3.154826,9.509927623960849,-67.75769253932086,21.184711072904538,-0.034468,-0.558705,0.197507,0.804769,0.297681,0.356409,0.88564,-0.27938,0.919606,-0.276173,M,BuildTutorial
29.982,0.220677,1.520451,2.789105,47.69148612971491,-0.1242577384854913,2.1830862374579794,-0.404183,0.008693,-0.017862,-0.914462,0.999211,0.02564,0.030338,-0.039695,0.672634,0.73891,-0.041512,1.115231,2.817042,-10.551805013427265,-18.511150282159925,-0.4699732051146226,-0.090097,-0.160528,-0.01882,0.98273,0.947753,-0.008064,0.318903,0.065916,0.983057,-0.171039,0.368785,1.084684,3.158298,9.18861336870762,-67.58468986301665,21.125463490640396,-0.036188,-0.557206,0.195649,0.806185,0.302486,0.355787,0.884261,-0.275129,0.920824,-0.276382,M,BuildTutorial
30.016,0.221653,1.520338,2.791099,47.7074918164742,-0.2679641593039831,2.186457687845561,-0.404288,0.009854,-0.018395,-0.914394,0.999129,0.025673,0.032895,-0.041608,0.672426,0.738994,-0.04009,1.114851,2.817873,-10.44946330378937,-18.53868167194353,-0.4947236774190469,-0.08918,-0.160793,-0.018911,0.982769,0.947576,-0.008492,0.319418,0.06585,0.983379,-0.169205,0.368208,1.084399,3.161257,9.23876475594964,-67.63831760438981,21.068403984096328,-0.035642,-0.557648,0.195464,0.805948,0.301646,0.354819,0.884937,-0.275316,0.921047,-0.275452,M,BuildTutorial
30.049,0.222507,1.520169,2.79313,47.70513668339753,-0.4262659425041129,2.117335054592203,-0.40425,0.010873,-0.018402,-0.914399,0.999086,0.024864,0.034762,-0.042445,0.672487,0.73889,-0.038667,1.11497,2.819065,-10.41566905169652,-18.53986405366269,-0.49965320533924,-0.088883,-0.16081,-0.018907,0.982793,0.947566,-0.008576,0.319447,0.065749,0.983485,-0.168626,0.36917,1.082791,3.16286,9.60694469441403,-67.7653220931764,21.26275289538253,-0.034166,-0.558825,0.198504,0.804452,0.296622,0.357559,0.885532,-0.281188,0.918858,-0.276827,M,BuildTutorial
30.082,0.223357,1.520022,2.79511,47.72981003349426,-0.5691382877101943,1.9979724152516916,-0.404436,0.011595,-0.017953,-0.914317,0.999087,0.02345,0.035724,-0.042207,0.672219,0.739148,-0.037227,1.115395,2.820441,-10.493186297081756,-18.424636812304517,-0.5319237725583662,-0.089522,-0.15984,-0.019202,0.982888,0.948165,-0.009129,0.317647,0.066366,0.983234,-0.169842,0.369585,1.081039,3.164374,10.083362117664462,-67.99521528325998,21.22021614229394,-0.030944,-0.560887,0.200359,0.802686,0.290524,0.356363,0.888033,-0.286938,0.917798,-0.274434,M,BuildTutorial
30.116,0.2241,1.519767,2.797039,47.7738410616062,-0.7258182957348276,1.8260560164703024,-0.404781,0.012243,-0.017134,-0.914171,0.999113,0.021414,0.036256,-0.041238,0.671717,0.739659,-0.035937,1.115892,2.821834,-10.566374410612475,-18.331162791775053,-0.5920788887690724,-0.090082,-0.159079,-0.019746,0.982949,0.948608,-0.010159,0.316291,0.06748,0.982991,-0.17081,0.370646,1.079267,3.165378,10.466875580218051,-68.21350556216102,21.094608916418537,-0.027965,-0.562789,0.201213,0.801249,0.285564,0.35392,0.890614,-0.290967,0.917463,-0.271295,M,BuildTutorial
30.151,0.224872,1.519512,2.798835,47.87203616901171,-0.874090184004845,1.6845841836195854,-0.405558,0.012935,-0.01653,-0.913828,0.999119,0.019719,0.037049,-0.040703,0.670498,0.740794,-0.034899,1.116158,2.82323,-10.538977640261962,-18.302332524158683,-0.5270801367279605,-0.089942,-0.158783,-0.019128,0.983022,0.948844,-0.009043,0.315616,0.066168,0.983089,-0.170756,0.371981,1.077584,3.166048,10.825960417841827,-68.27761257119361,20.91244835514313,-0.024613,-0.563589,0.201602,0.800698,0.283447,0.350589,0.892606,-0.295102,0.917501,-0.266657,M,BuildTutorial
30.183,0.225618,1.519219,2.800495,48.01157328662136,-0.9784687771965898,1.5624256488399748,-0.40667,0.013346,-0.015928,-0.913339,0.999136,0.01824,0.037334,-0.03995,0.668732,0.74243,-0.034455,1.116443,2.824897,-10.512398924045533,-18.314794925163987,-0.5140103315104364,-0.08973,-0.158882,-0.018989,0.983028,0.948792,-0.00882,0.315778,0.065845,0.983176,-0.17038,0.373594,1.076247,3.166522,10.901026415084036,-68.36374932602254,21.00390009513761,-0.024678,-0.564235,0.202573,0.799996,0.281206,0.351963,0.892774,-0.296267,0.916711,-0.268081,M,BuildTutorial
30.217,0.22642,1.518933,2.801963,48.105034421871615,-1.0065888553150528,1.484132135416377,-0.40742,0.013299,-0.015406,-0.913014,0.999172,0.017295,0.036838,-0.038968,0.667543,0.743551,-0.033775,1.116366,2.826203,-10.444289961627222,-18.261327742398173,-0.5765473428541479,-0.089068,-0.158478,-0.01939,0.983146,0.949017,-0.009896,0.315068,0.066357,0.983382,-0.168989,0.374424,1.075555,3.16774,10.823875946117266,-68.12583644708674,20.729338868119907,-0.023462,-0.562565,0.200344,0.801769,0.286766,0.347657,0.892692,-0.294862,0.918623,-0.263035,M,BuildTutorial
30.249,0.227328,1.518729,2.803404,48.19385466803096,-0.9055541722402894,1.494894903097914,-0.40814,0.012539,-0.015134,-0.912708,0.999228,0.01739,0.035242,-0.03786,0.666385,0.744646,-0.033074,1.116089,2.827426,-10.362307639580113,-18.174759669522775,-0.5649520029305354,-0.088395,-0.157733,-0.019111,0.983332,0.949511,-0.009699,0.313586,0.065469,0.983642,-0.167814,0.375318,1.074929,3.167586,10.5974084115361,-68.32562196221568,20.65465254107198,-0.025064,-0.563787,0.198721,0.801265,0.285309,0.346717,0.893525,-0.290195,0.919764,-0.264238,M,BuildTutorial
30.282,0.228342,1.51852,2.804892,48.26342209196484,-0.7771381356031103,1.5796480826443835,-0.408702,0.011824,-0.015352,-0.912462,0.999249,0.018351,0.034128,-0.037682,0.665454,0.745488,-0.032008,1.115333,2.828461,-10.238748411746744,-18.042339606941127,-0.7626664521319207,-0.087086,-0.156757,-0.020538,0.983576,0.950011,-0.013098,0.311943,0.067704,0.983988,-0.164873,0.375246,1.07425,3.168585,10.499012655296305,-68.25757910496415,20.650124891781847,-0.025628,-0.563229,0.198244,0.801758,0.286944,0.346755,0.892986,-0.289019,0.920085,-0.264408,M,BuildTutorial
30.315,0.229346,1.518249,2.806253,48.29290274858059,-0.630172822762734,1.6865747675369385,-0.408946,0.011038,-0.015679,-0.912357,0.999265,0.019582,0.032964,-0.037637,0.665035,0.745864,-0.031786,1.114931,2.829896,-10.059747189211226,-18.03043973695262,-0.8454836850153818,-0.085438,-0.156728,-0.020997,0.983715,0.949991,-0.014529,0.311939,0.068091,0.984519,-0.161512,0.374902,1.073743,3.169605,10.364250894393503,-68.25999570276235,20.453424723166655,-0.02563,-0.563176,0.196236,0.802289,0.288649,0.343745,0.8936,-0.286007,0.921669,-0.262157,M,BuildTutorial
30.348,0.230184,1.517902,2.807388,48.37881946323965,-0.5133345530148957,1.749951739756794,-0.40964,0.010343,-0.015765,-0.912052,0.999289,0.020283,0.031783,-0.037232,0.663892,0.746901,-0.030827,1.114583,2.830472,-10.01898328558839,-18.05487971064757,-0.8049636599622649,-0.085139,-0.15691,-0.020612,0.98372,0.949909,-0.013834,0.312221,0.067271,0.984653,-0.161037,0.374623,1.072853,3.170194,10.388915443588068,-68.3210215082065,20.479448481051552,-0.025686,-0.563618,0.19652,0.801907,0.28743,0.344137,0.893842,-0.286228,0.92144,-0.262721,M,BuildTutorial
30.382,0.231168,1.5176,2.808328,48.43181599025956,-0.459596031109135,1.7527547352149258,-0.410069,0.009931,-0.015594,-0.911867,0.999316,0.020295,0.030901,-0.036584,0.663201,0.747547,-0.029736,1.114533,2.831287,-10.012522255692588,-17.867378388407968,-0.895803450043145,-0.084994,-0.155368,-0.021244,0.983964,0.950819,-0.015396,0.309364,0.068217,0.98465,-0.16066,0.375271,1.071837,3.170313,10.44920843132807,-68.41468935229861,20.51550738926422,-0.025593,-0.564316,0.197034,0.801293,0.285451,0.344648,0.894279,-0.286878,0.921046,-0.263393,M,BuildTutorial
30.416,0.231998,1.517248,2.809208,48.48066628582177,-0.4923343067409502,1.6394895359108328,-0.410463,0.009791,-0.014809,-0.911704,0.99937,0.018965,0.03001,-0.035041,0.662601,0.748152,-0.028595,1.114452,2.831854,-10.025680583904755,-17.731588911870514,-0.9196942066543684,-0.0851,-0.154219,-0.021366,0.984133,0.95152,-0.015806,0.307181,0.068302,0.984603,-0.160909,0.37562,1.071284,3.170816,10.386902993780296,-68.42373464490782,20.478529178571893,-0.025872,-0.564335,0.196481,0.801406,0.285842,0.344123,0.894357,-0.285722,0.921452,-0.26323,M,BuildTutorial
30.449,0.232727,1.51692,2.809887,48.6086313613385,-0.5680962645754266,1.4957720679730668,-0.411484,0.00989,-0.013936,-0.911257,0.999416,0.017259,0.029493,-0.033537,0.660974,0.749659,-0.028286,1.114761,2.832894,-10.027508828251928,-17.700150404668342,-0.9454164004934456,-0.085087,-0.153968,-0.021566,0.984169,0.951658,-0.016247,0.306731,0.06865,0.98459,-0.160838,0.375551,1.071166,3.171463,10.306457795256598,-68.5929773196131,20.493950257108636,-0.026813,-0.565447,0.196172,0.800667,0.283572,0.34446,0.894949,-0.283814,0.921595,-0.264787,M,BuildTutorial
30.482,0.233431,1.51665,2.810574,48.654150898103,-0.6595990011748478,1.3690534739661693,-0.411846,0.010166,-0.013257,-0.9111,0.999442,0.015784,0.029444,-0.032531,0.660414,0.750197,-0.027298,1.114649,2.833214,-9.977860088398277,-17.68120884000321,-0.958117067182646,-0.084647,-0.153817,-0.021595,0.98423,0.951748,-0.016469,0.306439,0.06855,0.984737,-0.15998,0.375719,1.071152,3.17259,10.16525752456694,-68.47967938288224,20.585613572873612,-0.02808,-0.564513,0.196176,0.801281,0.28568,0.346088,0.89365,-0.282682,0.921453,-0.266487,M,BuildTutorial
30.515,0.234063,1.516434,2.811122,48.65110663482464,-0.782354437740985,1.2255297094045343,-0.411821,0.010626,-0.012557,-0.911116,0.999459,0.01413,0.029706,-0.031634,0.660492,0.750167,-0.026396,1.114779,2.833413,-9.989749346664915,-17.564171697263117,-1.0174592318532083,-0.084692,-0.152855,-0.022034,0.984366,0.9523,-0.017488,0.304663,0.06927,0.984684,-0.159999,0.375974,1.071134,3.173274,10.171473812902056,-68.45045221993597,20.52337144209771,-0.027679,-0.564329,0.195777,0.801522,0.286407,0.345079,0.893807,-0.2826,0.92181,-0.265336,M,BuildTutorial
30.549,0.234513,1.516319,2.811503,48.68152673075572,-0.8487403258629187,1.1266371615991395,-0.412065,0.0108,-0.01201,-0.911011,0.999478,0.012982,0.029576,-0.030783,0.660117,0.750532,-0.025808,1.114922,2.833548,-10.021027987128722,-17.500739307741235,-1.01218835293718,-0.08498,-0.152305,-0.021983,0.984428,0.95264,-0.017396,0.303603,0.069168,0.98459,-0.160618,0.375264,1.071413,3.173624,10.14537498633145,-68.72397037171649,20.42106024526236,-0.027827,-0.566244,0.194873,0.800387,0.282786,0.34346,0.895582,-0.280433,0.922501,-0.265235,M,BuildTutorial
30.582,0.234812,1.516231,2.811898,48.65276136960557,-0.9007337850061536,1.1274933974437071,-0.411831,0.011215,-0.012203,-0.91111,0.999451,0.012999,0.030487,-0.031474,0.660493,0.750173,-0.025599,1.114732,2.833685,-9.980850550881058,-17.516852384909562,-1.067591366708562,-0.084558,-0.152486,-0.022418,0.984427,0.952491,-0.018351,0.304013,0.069926,0.984695,-0.159645,0.374166,1.071345,3.174719,10.179883126916,-68.63931869691402,20.54574059506504,-0.028052,-0.565651,0.195927,0.80054,0.283302,0.34543,0.894661,-0.28196,0.921651,-0.266566,M,BuildTutorial
30.615,0.235046,1.516018,2.81212,48.65382331066112,-0.9540174772031704,1.123402814042766,-0.411834,0.011624,-0.012362,-0.911101,0.999424,0.012952,0.031364,-0.032101,0.66048,0.750157,-0.025568,1.114415,2.833633,-9.918825657359182,-17.571865395043964,-1.108957158435544,-0.083959,-0.152991,-0.022732,0.984392,0.952154,-0.019064,0.305023,0.070444,0.984868,-0.158343,0.374021,1.071159,3.175128,10.1073060668646,-68.59554978847504,20.338854302073877,-0.027475,-0.565334,0.19415,0.801217,0.285406,0.342178,0.895242,-0.280048,0.923102,-0.263546,M,BuildTutorial
30.649,0.235046,1.515895,2.812273,48.64079993169689,-1.0538569573628784,1.1013531456461625,-0.411722,0.012338,-0.012545,-0.91114,0.999381,0.0127,0.032814,-0.03302,0.660655,0.749963,-0.025899,1.114255,2.833518,-9.90678811618886,-17.714017493908624,-1.0564347331802313,-0.083898,-0.154174,-0.022369,0.984221,0.95146,-0.018163,0.307235,0.069902,0.984922,-0.158251,0.373123,1.070577,3.175417,10.323466955262916,-68.73316398519519,20.34939962718575,-0.026217,-0.566474,0.19521,0.800196,0.282002,0.342115,0.896344,-0.282709,0.922412,-0.26312,M,BuildTutorial
30.682,0.234823,1.515764,2.812468,48.659257291024,-1.182486612565708,0.9818613766751724,-0.411868,0.012932,-0.012058,-0.911072,0.999375,0.011319,0.033497,-0.032624,0.660438,0.750172,-0.025667,1.113804,2.83318,-9.893428707613063,-17.725931990009883,-1.04445285411483,-0.083797,-0.154268,-0.022257,0.984217,0.951412,-0.017958,0.307397,0.069667,0.984965,-0.158082,0.371788,1.070474,3.175384,10.353291737451134,-69.03562031220163,20.83502032117487,-0.028929,-0.568491,0.198664,0.797818,0.274702,0.349887,0.89561,-0.284104,0.919392,-0.272037,M,BuildTutorial
30.715,0.234544,1.515631,2.812551,48.7219772895763,-1.2760505011983472,0.9038714246521232,-0.412366,0.013397,-0.011778,-0.910844,0.999364,0.010406,0.034119,-0.032504,0.659632,0.750886,-0.025435,1.11318,2.832867,-9.823373494787765,-17.75481863307219,-1.041935608712028,-0.083193,-0.154517,-0.022163,0.984232,0.951267,-0.017917,0.307849,0.069336,0.985176,-0.156913,0.371128,1.070047,3.17532,10.542130456406436,-69.03290023273006,20.17814506065407,-0.024319,-0.568782,0.194982,0.798673,0.276939,0.339118,0.899057,-0.28379,0.922781,-0.26065,M,BuildTutorial
30.749,0.234136,1.515637,2.812792,48.70406356612785,-1.3290993798744524,0.91157657712945,-0.412217,0.013846,-0.012029,-0.910901,0.999327,0.010498,0.035142,-0.033329,0.659866,0.750644,-0.025302,1.112817,2.832564,-9.804122439869634,-17.828017170262484,-1.0289725765820477,-0.083031,-0.155137,-0.022079,0.98415,0.95089,-0.017696,0.309023,0.069221,0.985237,-0.156578,0.370324,1.069177,3.174819,10.71353218082604,-69.33001011510561,19.948237362569785,-0.022459,-0.571034,0.194133,0.797326,0.272465,0.335224,0.90188,-0.283925,0.923616,-0.257527,M,BuildTutorial
30.782,0.233486,1.515727,2.813157,48.67268679300756,-1.3880420008207952,0.9391347820650418,-0.411958,0.014413,-0.012458,-0.911004,0.999274,0.010824,0.036525,-0.034574,0.660271,0.750231,-0.025471,1.112552,2.83251,-9.760826503685196,-17.87205921355248,-0.9653116604572116,-0.082737,-0.155471,-0.021506,0.984135,0.950732,-0.016603,0.309568,0.068056,0.985384,-0.156162,0.369708,1.06757,3.17464,11.106886042737914,-69.3725794597564,20.38576250924946,-0.021914,-0.571554,0.199033,0.795758,0.267423,0.341815,0.900915,-0.291714,0.919811,-0.262393,M,BuildTutorial
30.815,0.232761,1.515745,2.8134,48.63875074110339,-1.45475021659299,0.9743025954352332,-0.411676,0.015069,-0.012975,-0.911113,0.999209,0.011237,0.038142,-0.036051,0.660709,0.749776,-0.025909,1.112449,2.832765,-9.767519533611164,-17.86003349471707,-0.9842569614290732,-0.082771,-0.155381,-0.021669,0.984142,0.950774,-0.016929,0.309421,0.068374,0.985359,-0.156184,0.369319,1.066346,3.174499,11.441428651577436,-69.42481419414509,20.10553421380699,-0.018226,-0.572225,0.198665,0.795461,0.266182,0.33692,0.903124,-0.295203,0.9204,-0.256358,M,BuildTutorial
30.848,0.232002,1.515667,2.813617,48.667816558429514,-1.4794038990561094,1.0158531705890013,-0.411899,0.015415,-0.013396,-0.911001,0.999166,0.011708,0.039121,-0.037105,0.66032,0.750067,-0.026515,1.112481,2.833165,-9.791390223574496,-17.871898554821268,-0.976028549976455,-0.082985,-0.155476,-0.021639,0.98411,0.950718,-0.016786,0.309603,0.068395,0.985291,-0.156604,0.368796,1.065105,3.174428,11.88733268287459,-69.56278612957828,20.311706135681497,-0.016327,-0.573487,0.202189,0.793704,0.260465,0.339683,0.903755,-0.30223,0.917706,-0.257823,M,BuildTutorial
30.882,0.231064,1.515694,2.813962,48.6824937370932,-1.4673474379414932,1.05187036603836,-0.412012,0.015449,-0.01364,-0.910945,0.999151,0.01212,0.039387,-0.037581,0.66012,0.75022,-0.027235,1.112379,2.833593,-9.785833742005217,-17.91793532610252,-0.9213151546041114,-0.083003,-0.155832,-0.021195,0.984062,0.950534,-0.015845,0.310216,0.067583,0.985323,-0.156754,0.368794,1.063724,3.174437,12.280222941897808,-69.61144968739175,20.4444713857192,-0.014286,-0.574099,0.204964,0.792589,0.256801,0.341306,0.904192,-0.308501,0.915572,-0.257984,M,BuildTutorial
30.926,0.229738,1.515615,2.81439,48.73446388640251,-1.4426666386833884,1.0982036111114728,-0.412422,0.015421,-0.013923,-0.910756,0.999137,0.012641,0.039574,-0.038081,0.659429,0.750802,-0.028359,1.112309,2.834173,-9.800658365017307,-18.023068912959335,-0.8261347162412461,-0.083241,-0.156665,-0.020474,0.983925,0.950074,-0.014208,0.311702,0.066372,0.985304,-0.157391,0.36905,1.062405,3.175138,12.6956982883685,-69.36842654075224,20.590781640975095,-0.011626,-0.572707,0.207967,0.792856,0.257513,0.343093,0.903313,-0.316459,0.913229,-0.256644,M,BuildTutorial
30.96,0.228673,1.515718,2.814883,48.74272336451396,-1.3821348453122069,1.1592722074319095,-0.412487,0.01516,-0.014191,-0.910727,0.999138,0.013341,0.039321,-0.038354,0.659307,0.750895,-0.029071,1.112378,2.834679,-9.812590955735258,-18.011864707583793,-0.772324469946227,-0.083419,-0.156529,-0.02002,0.983941,0.950196,-0.013282,0.311371,0.065512,0.985281,-0.157891,0.36905,1.061638,3.174936,12.988440418427905,-69.59163291764546,20.80366762786556,-0.011018,-0.574443,0.210797,0.790859,0.251159,0.346081,0.903962,-0.320763,0.910886,-0.25961,M,BuildTutorial
30.993,0.227648,1.51578,2.81545,48.75614822211509,-1.262715136864098,1.2813503046850945,-0.412593,0.014651,-0.014732,-0.910679,0.999137,0.014743,0.038841,-0.038923,0.659101,0.751047,-0.029397,1.112142,2.834797,-9.794223512835812,-17.996245079698497,-0.7957621732508192,-0.083232,-0.156413,-0.020185,0.983972,0.950255,-0.013686,0.311172,0.065761,0.98533,-0.157482,0.368835,1.061557,3.175612,13.12444169278729,-69.35791297846269,20.84478073606391,-0.009826,-0.572925,0.211743,0.791723,0.253845,0.346543,0.903034,-0.324024,0.910137,-0.258185,M,BuildTutorial
31.027,0.226669,1.515819,2.815955,48.80880082094819,-1.109902319909962,1.476842828683386,-0.413007,0.014144,-0.015737,-0.910482,0.999105,0.016973,0.038755,-0.04034,0.658355,0.751626,-0.029979,1.111879,2.835037,-9.739481614842656,-18.03814045935886,-0.6674145286431583,-0.08293,-0.156683,-0.019039,0.983977,0.950176,-0.01148,0.311503,0.063455,0.98552,-0.157236,0.368625,1.061545,3.176023,13.2967437300943,-69.27726123496163,20.779214977285154,-0.008123,-0.572498,0.212106,0.791954,0.254515,0.345258,0.903338,-0.326656,0.90989,-0.255727,M,BuildTutorial
31.06,0.225712,1.515866,2.816551,48.80343257049088,-0.99309110168457,1.6640068782732926,-0.412958,0.01389,-0.016803,-0.910489,0.99905,0.019127,0.039171,-0.04207,0.658367,0.751521,-0.030622,1.111589,2.835489,-9.708387186787096,-18.064647316378863,-0.6831519332148772,-0.082637,-0.156924,-0.019151,0.983961,0.950016,-0.011752,0.311979,0.063623,0.985609,-0.156614,0.367413,1.062069,3.176817,13.455784679800637,-69.36799308094814,20.813510636182468,-0.007331,-0.573237,0.213084,0.791165,0.25199,0.345574,0.903925,-0.328764,0.909083,-0.255895,M,BuildTutorial
31.093,0.224797,1.515853,2.817012,48.82630653381543,-0.8695615880548582,1.8261244043436928,-0.413139,0.013495,-0.017646,-0.910397,0.999013,0.020979,0.039153,-0.043281,0.65801,0.751764,-0.03119,1.111195,2.835926,-9.621472676831228,-18.021735141627563,-0.6243408035464246,-0.081978,-0.156519,-0.018497,0.984093,0.950319,-0.010744,0.311091,0.062068,0.985875,-0.155557,0.367152,1.062551,3.177687,13.542504207513446,-69.11598361622202,20.928289429910805,-0.006817,-0.571551,0.214299,0.79206,0.254811,0.347268,0.902484,-0.331683,0.908059,-0.255764,M,BuildTutorial
31.126,0.22403,1.515736,2.817297,48.88077702925228,-0.7120780950311872,1.95204974892884,-0.413582,0.012704,-0.018078,-0.910199,0.999024,0.022402,0.038079,-0.043418,0.657247,0.752424,-0.031641,1.110725,2.836109,-9.547894153276118,-18.009968894604867,-0.5766349743587382,-0.081413,-0.156389,-0.017979,0.98417,0.950438,-0.009924,0.310754,0.060853,0.986097,-0.154626,0.366956,1.063601,3.177897,13.424881935730388,-69.13285525393779,20.858239169396164,-0.007337,-0.571587,0.213263,0.792309,0.255615,0.346328,0.902617,-0.329552,0.908931,-0.255423,M,BuildTutorial
31.16,0.223281,1.515626,2.817727,48.895169326879746,-0.5876244441517984,2.0348303008247397,-0.413707,0.012016,-0.018286,-0.910147,0.999043,0.023343,0.037002,-0.043227,0.657024,0.752629,-0.032207,1.110367,2.8366,-9.486439496161898,-18.012542001060563,-0.44304631245729,-0.081067,-0.156321,-0.01675,0.984231,0.950566,-0.007626,0.310428,0.058317,0.986295,-0.154341,0.366874,1.064519,3.178381,13.356515209275404,-68.93244617406945,21.099906518107954,-0.008654,-0.570134,0.214629,0.792974,0.257764,0.350257,0.900488,-0.330521,0.907719,-0.258459,M,BuildTutorial
31.193,0.222748,1.515506,2.818002,48.907760333994155,-0.4017714055413378,2.081221795180085,-0.413832,0.010709,-0.017983,-0.910113,0.999124,0.023869,0.034376,-0.041596,0.65684,0.752882,-0.031951,1.109842,2.836877,-9.44166407732721,-17.839593156193366,-0.4686081854107303,-0.080673,-0.154857,-0.016787,0.984495,0.951475,-0.008067,0.30762,0.058038,0.98642,-0.153645,0.367159,1.066075,3.179482,13.052632481248969,-68.29986371201832,21.323088694106065,-0.010745,-0.565497,0.214817,0.796211,0.268134,0.354231,0.895893,-0.329927,0.907477,-0.260066,M,BuildTutorial
31.227,0.222112,1.515472,2.81811,48.939043480394304,-0.1213586988136059,2.137322133313703,-0.414119,0.008689,-0.017414,-0.910015,0.999243,0.024497,0.030238,-0.038891,0.656405,0.753406,-0.032228,1.109722,2.837626,-9.419272766721123,-17.69283379511636,-0.3611086453496538,-0.080646,-0.153522,-0.01573,0.984723,0.952367,-0.006217,0.304891,0.055741,0.986498,-0.153999,0.367688,1.068411,3.179953,12.414407044482308,-67.57776044316498,21.378441183960263,-0.014246,-0.559948,0.212337,0.80073,0.282744,0.356004,0.890684,-0.324095,0.90942,-0.26061,M,BuildTutorial
31.259,0.221401,1.51558,2.818085,48.913935559665056,0.2192097584696621,2.203898502160689,-0.413966,0.006221,-0.016714,-0.910118,0.999364,0.025274,0.025161,-0.035574,0.656706,0.753308,-0.032601,1.109561,2.838426,-9.390147129132895,-17.58239759325211,-0.1798819070027432,-0.080652,-0.152448,-0.014056,0.984915,0.953124,-0.003097,0.302563,0.052277,0.986596,-0.154585,0.368733,1.071738,3.179841,10.965628678447422,-66.47678649916611,21.006980248845466,-0.020887,-0.551042,0.203268,0.809073,0.31007,0.351937,0.883175,-0.305897,0.916492,-0.257817,M,BuildTutorial
31.293,0.22048,1.515867,2.817882,48.84331917486502,0.6485086779839961,2.3482603772469104,-0.413461,0.00332,-0.016318,-0.91037,0.999445,0.026966,0.019539,-0.032457,0.657568,0.752696,-0.033005,1.109518,2.839284,-9.445321585092351,-17.468996313686805,-0.0120153826780189,-0.081362,-0.151349,-0.012606,0.985046,0.953869,-0.000207,0.300223,0.049464,0.986442,-0.156476,0.370265,1.075137,3.178496,9.16090343173863,-65.25324190732731,20.899409440443065,-0.031335,-0.540725,0.194607,0.817779,0.33949,0.352178,0.872191,-0.284404,0.922293,-0.261708,M,BuildTutorial
31.327,0.219319,1.516351,2.817522,48.77251955246935,1.2037640261266789,2.5750841382313276,-0.412974,-0.000288,-0.016128,-0.9106,0.99948,0.029611,0.012796,-0.029135,0.658385,0.752118,-0.033184,1.109285,2.839986,-9.56199591695304,-17.33845728280148,0.147952062230919,-0.082589,-0.150099,-0.011291,0.985151,0.954686,0.002546,0.297605,0.047041,0.986103,-0.159336,0.37267,1.078322,3.176262,7.019107992348813,-63.37555835915016,20.78284737731792,-0.043335,-0.525101,0.184823,0.829597,0.380219,0.352169,0.855226,-0.261147,0.927925,-0.266004,M,BuildTutorial
31.36,0.217519,1.517105,2.817265,48.60187361963686,1.7858333627445029,2.845468584578388,-0.411705,-0.003982,-0.016215,-0.911164,0.999443,0.032827,0.006096,-0.02627,0.660473,0.75039,-0.03372,1.108935,2.840682,-9.653238962776104,-17.259372634080144,0.3757090460978482,-0.083678,-0.149242,-0.009395,0.985209,0.955277,0.006463,0.295641,0.043489,0.98582,-0.162075,0.376067,1.08119,3.172968,4.350183691441196,-61.002509214203215,20.86840150945094,-0.059695,-0.504727,0.174877,0.843271,0.429338,0.355197,0.830364,-0.234679,0.931709,-0.277208,M,BuildTutorial
31.393,0.215343,1.518036,2.816962,48.34832348929946,2.2488539970788617,3.1842766401672047,-0.409772,-0.00652,-0.01731,-0.912,0.999316,0.036917,0.002295,-0.026231,0.663574,0.74765,-0.034944,1.108466,2.841645,-9.700568600867031,-17.42515667101591,0.7799320002583857,-0.084602,-0.150363,-0.006104,0.984985,0.954707,0.013418,0.297244,0.037466,0.985611,-0.164828,0.381185,1.083844,3.169013,1.1301975208291073,-57.14646260580469,21.10365401713723,-0.079066,-0.471757,0.165451,0.86245,0.500143,0.359985,0.787571,-0.210786,0.93275,-0.292485,M,BuildTutorial
31.427,0.212691,1.519101,2.816604,48.105920892265566,2.5817771424175504,3.4496707084942613,-0.407912,-0.008298,-0.018301,-0.9128,0.999193,0.040179,-0.000219,-0.02664,0.666546,0.744988,-0.036298,1.107509,2.843105,-9.625059864293144,-17.46495974216886,1.041613664839689,-0.084295,-0.150526,-0.003784,0.984999,0.954655,0.017922,0.297173,0.032832,0.98576,-0.164923,0.387101,1.087808,3.162991,-3.244053035229157,-52.568268825715705,18.780900914409827,-0.097262,-0.432573,0.133867,0.886285,0.589921,0.321434,0.740725,-0.153143,0.94524,-0.288218,M,BuildTutorial
31.459,0.209517,1.520148,2.816477,47.795226338313824,2.6223735204935332,3.549191629490767,-0.405451,-0.008369,-0.01904,-0.91388,0.999135,0.041587,0.000144,-0.028015,0.670494,0.741386,-0.037295,1.106444,2.844716,-9.53416206215726,-17.322705080649076,1.2840810163193876,-0.083834,-0.149143,-0.001475,0.985254,0.955508,0.0221,0.294135,0.027913,0.985939,-0.164756,0.391898,1.092421,3.152724,-8.258438441011338,-48.37836366665288,15.392776207044635,-0.119825,-0.396209,0.092609,0.905585,0.668884,0.262682,0.695409,-0.072778,0.954131,-0.290409,M,BuildTutorial
31.493,0.206099,1.521097,2.816232,47.5817573841424,2.4084999140543903,3.557108930458547,-0.403713,-0.006704,-0.019919,-0.914644,0.999117,0.04185,0.003819,-0.031024,0.673239,0.738774,-0.037534,1.105479,2.846447,-9.431861212799722,-16.988888529558032,1.46490942140381,-0.083189,-0.146162,0.000457,0.985757,0.957273,0.025219,0.288084,0.023418,0.986159,-0.164142,0.395804,1.095659,3.137732,-12.979181828018634,-44.12088079948542,12.480472085109088,-0.144691,-0.359581,0.057896,0.920008,0.734699,0.210586,0.644881,-0.002474,0.951425,-0.30787,M,BuildTutorial
31.526,0.202682,1.521798,2.816264,47.36391390493557,2.0746799334980164,3.456563034097593,-0.401911,-0.00446,-0.020347,-0.915442,0.999132,0.040837,0.00819,-0.033668,0.676108,0.736033,-0.036979,1.104621,2.848452,-9.38647694000441,-16.383980315642628,1.683073080114152,-0.083063,-0.140808,0.002831,0.986542,0.96033,0.028979,0.277356,0.017805,0.986185,-0.164688,0.398616,1.09698,3.121052,-16.746873626503806,-39.66583375151133,7.913478337104431,-0.159822,-0.325409,0.014929,0.931849,0.787772,0.131838,0.601693,0.076192,0.948468,-0.307576,M,BuildTutorial
31.559,0.199505,1.522114,2.816214,47.24073759452236,1.6829490618281042,3.202301493854973,-0.400851,-0.002256,-0.019716,-0.915928,0.999212,0.037925,0.011673,-0.034307,0.67786,0.73439,-0.036716,1.103666,2.851074,-9.28920386377822,-15.725833170949032,1.793700986004063,-0.082338,-0.135082,0.004378,0.987398,0.963467,0.030889,0.266039,0.0136,0.986403,-0.163783,0.400668,1.096094,3.09944,-19.93667619761624,-36.05780782831348,3.514226929388551,-0.173874,-0.299634,-0.024833,0.937748,0.819205,0.057623,0.570598,0.150771,0.938303,-0.311218,M,BuildTutorial
31.593,0.196823,1.522218,2.815882,47.40949088636267,1.4419964894112778,2.924467073275706,-0.402155,-0.00126,-0.018306,-0.915388,0.999327,0.034529,0.012417,-0.032501,0.675873,0.736302,-0.036017,1.10246,2.853918,-9.08686439694442,-14.993306914438708,1.958561229015408,-0.080749,-0.128697,0.006558,0.988369,0.966788,0.033747,0.25334,0.007821,0.986873,-0.161308,0.40144,1.093383,3.076856,-22.388899111079617,-32.247376887828416,-0.3935537045804461,-0.185566,-0.273067,-0.057151,0.942196,0.844336,-0.006352,0.535777,0.209039,0.924598,-0.318466,M,BuildTutorial
31.626,0.194651,1.522379,2.815649,47.47663876912505,1.347222415579748,2.55493314950478,-0.402672,-0.001785,-0.015675,-0.915208,0.999502,0.03013,0.009357,-0.027255,0.675219,0.737114,-0.034964,1.101506,2.856787,-8.97230326492771,-14.248600543762914,2.031589672505206,-0.079794,-0.122247,0.007838,0.989256,0.969989,0.035017,0.240616,0.004001,0.987143,-0.159789,0.402118,1.088385,3.054834,-23.876932538313035,-27.354804292206307,-5.55719867748708,-0.189544,-0.240812,-0.094939,0.947137,0.865993,-0.088552,0.492154,0.27113,0.910119,-0.313324,M,BuildTutorial
31.66,0.193074,1.522496,2.815047,47.62397250013341,1.5152995954007462,2.170553266332566,-0.403858,-0.004449,-0.011989,-0.914732,0.999673,0.025526,0.001544,-0.018339,0.67351,0.738951,-0.034346,1.101218,2.860298,-8.841896421664861,-13.457881387306454,2.2634122904506064,-0.078845,-0.115289,0.010526,0.990142,0.973195,0.039025,0.226646,-0.002665,0.987345,-0.158563,0.401207,1.081994,3.032488,-24.49139127849761,-22.914249101543415,-9.476368070613548,-0.191133,-0.210623,-0.121102,0.951021,0.881944,-0.149827,0.446907,0.310856,0.897605,-0.31253,M,BuildTutorial
31.693,0.191786,1.522721,2.814131,47.765047225307654,1.826397022532999,1.8678300986021368,-0.404995,-0.007973,-0.00845,-0.914245,0.99973,0.021909,-0.007733,-0.008993,0.671816,0.740663,-0.033236,1.101439,2.864098,-8.888971638082749,-12.40094021941891,2.379385396555126,-0.079259,-0.10606,0.012211,0.991121,0.977205,0.041017,0.2083,-0.007392,0.987138,-0.159701,0.398493,1.074469,3.010264,-24.58657648560692,-19.015300259960508,-13.26872800924047,-0.189939,-0.184572,-0.146267,0.953133,0.889078,-0.208709,0.407407,0.348939,0.885058,-0.30808,M,BuildTutorial
31.726,0.190723,1.523231,2.813105,47.70686694731275,2.261921123865048,1.5982499013702651,-0.404532,-0.012411,-0.004772,-0.914427,0.999646,0.018769,-0.018838,0.001315,0.672662,0.739949,-0.031764,1.101863,2.867985,-8.966841587942458,-11.176816855425866,2.3769700666739046,-0.079796,-0.095449,0.012969,0.992146,0.981443,0.040967,0.18733,-0.010501,0.986929,-0.160814,0.393961,1.066322,2.98971,-23.954480127448225,-15.427451182624548,-16.428401975840952,-0.184776,-0.159336,-0.166068,0.955454,0.894067,-0.258457,0.365846,0.376223,0.876558,-0.300169,M,BuildTutorial
31.759,0.189765,1.523839,2.811671,47.61253344381209,2.8584603731842435,1.467400474766114,-0.403779,-0.017651,-0.001645,-0.914685,0.999372,0.017263,-0.030962,0.011246,0.67392,0.738719,-0.030467,1.102582,2.872375,-8.98738306863503,-9.93460349029616,2.469456061200993,-0.079897,-0.084619,0.014619,0.993097,0.985252,0.042558,0.165733,-0.015514,0.986806,-0.161165,0.38607,1.057826,2.970284,-22.829659407791898,-13.483079146935022,-17.8730923545483,-0.176282,-0.144203,-0.174166,0.958017,0.897743,-0.282867,0.337703,0.384549,0.877182,-0.287531,M,BuildTutorial
31.793,0.188643,1.524556,2.809877,47.52436489120819,3.4254764818945063,1.3113324305733605,-0.403048,-0.022744,0.001574,-0.914895,0.998961,0.015453,-0.042885,0.021214,0.675099,0.737422,-0.028751,1.103453,2.876705,-9.102910193936625,-8.650514998787672,2.530344818036187,-0.080769,-0.073415,0.015964,0.993897,0.988711,0.043593,0.143356,-0.019874,0.986443,-0.162897,0.378091,1.0504,2.952762,-21.80061746052964,-11.01105568711994,-19.9857034723778,-0.169025,-0.125444,-0.187476,0.959452,0.898233,-0.317342,0.304091,0.402155,0.872566,-0.277307,M,BuildTutorial
31.826,0.187456,1.525384,2.807511,47.458740909141945,4.114364504794996,1.046509580323624,-0.402441,-0.029188,0.00609,-0.91496,0.998222,0.012348,-0.058314,0.034638,0.676008,0.73608,-0.026146,1.104335,2.88066,-9.266060736829845,-7.167219020802243,2.7379606423943423,-0.082081,-0.060357,0.018719,0.99462,0.992013,0.047145,0.116992,-0.027328,0.985825,-0.165538,0.369066,1.045172,2.937628,-20.684019087779035,-8.269131210393462,-22.32928278671281,-0.161934,-0.104256,-0.202686,0.960118,0.896098,-0.355439,0.26584,0.422969,0.865392,-0.268689,M,BuildTutorial
31.859,0.186015,1.526414,2.805006,47.35035835848395,4.887752677836066,0.8640072381955969,-0.401469,-0.036026,0.010223,-0.915107,0.997195,0.010216,-0.074144,0.047638,0.677436,0.734037,-0.023577,1.105307,2.885024,-9.464928778462872,-5.462372988251685,2.5983849763985005,-0.083465,-0.045607,0.01864,0.995292,0.995145,0.044717,0.087674,-0.029491,0.985372,-0.167844,0.355535,1.04289,2.923949,-20.274221837335965,-9.468683853273657,-22.45972277518087,-0.156223,-0.113851,-0.2053,0.959419,0.88978,-0.358366,0.282606,0.42951,0.866892,-0.25302,M,BuildTutorial
31.892,0.184513,1.52749,2.802741,47.08390539518582,5.601136924229926,0.7531418201644264,-0.399229,-0.04217,0.013497,-0.915781,0.996079,0.008951,-0.088014,0.058391,0.680868,0.730075,-0.021582,1.106773,2.889098,-9.71064801942175,-4.07644907271127,2.6045968728586972,-0.08537,-0.033507,0.019622,0.995592,0.996985,0.044792,0.063368,-0.03335,0.984654,-0.171302,0.34171,1.042882,2.913231,-20.54864505044672,-10.63447364186293,-22.866122276581866,-0.155995,-0.124578,-0.210406,0.957014,0.880419,-0.363856,0.304091,0.44159,0.86279,-0.246154,M,BuildTutorial
31.926,0.182817,1.528476,2.800275,46.81104744448721,6.365430620318445,0.7390059863099442,-0.396944,-0.048393,0.016145,-0.916424,0.994795,0.008827,-0.101514,0.06801,0.68435,0.725975,-0.019909,1.108549,2.892624,-10.042319290435652,-2.9444612892548236,2.79547019342404,-0.088093,-0.023452,0.022043,0.995592,0.997928,0.048023,0.042813,-0.039759,0.983508,-0.176443,0.330497,1.043609,2.905908,-20.47188755406024,-10.536690589882523,-23.969713672331245,-0.154331,-0.125134,-0.219446,0.955179,0.87237,-0.380595,0.306786,0.457844,0.856051,-0.239908,M,BuildTutorial
31.959,0.180907,1.529214,2.7974,46.67981851841002,7.212639896576876,0.7871695874165459,-0.395788,-0.055036,0.018625,-0.916502,0.993248,0.009426,-0.115625,0.077705,0.68601,0.723431,-0.018464,1.110389,2.895644,-10.383967268128904,-1.858412761157874,2.932417094598261,-0.090865,-0.01383,0.024012,0.995478,0.998464,0.050319,0.023171,-0.045293,0.982334,-0.181572,0.3206,1.044453,2.901716,-19.921567078874812,-10.514483532095548,-25.7770088653551,-0.147777,-0.126393,-0.234218,0.952538,0.858334,-0.408847,0.310011,0.483558,0.846608,-0.222319,M,BuildTutorial
31.993,0.178776,1.529985,2.794593,46.558614306771645,8.070173421819211,0.8989572784432046,-0.394729,-0.061544,0.020621,-0.916502,0.991574,0.010787,-0.12909,0.086385,0.687527,0.721002,-0.017695,1.112388,2.898117,-10.756050977405812,-0.8525345820465154,3.05492944033962,-0.093888,-0.004906,0.025841,0.995235,0.998616,0.052357,0.004912,-0.050515,0.981035,-0.187135,0.311156,1.046748,2.898451,-20.08641339014289,-11.004519076353532,-25.694677356357484,-0.148248,-0.13065,-0.234241,0.951885,0.856123,-0.407203,0.31818,0.484678,0.846307,-0.221024,M,BuildTutorial
32.026,0.176543,1.530693,2.791735,46.432282171186415,8.989268996785896,1.0316887184507335,-0.393621,-0.068479,0.022642,-0.916439,0.989596,0.012409,-0.143339,0.09541,0.689099,0.718359,-0.017562,1.114227,2.899987,-11.058647883311082,0.0622517375517118,3.2179621733843966,-0.096302,0.003246,0.028,0.994953,0.998411,0.055093,-0.011852,-0.056343,0.979884,-0.19145,0.303185,1.050075,2.895807,-20.772919794645592,-11.245117642122343,-25.722665654820357,-0.153467,-0.133889,-0.235112,0.950392,0.853592,-0.405803,0.326657,0.487993,0.84234,-0.228749,M,BuildTutorial
32.059,0.174131,1.531481,2.789029,46.298581982261624,9.880890857748886,1.1580561357549812,-0.392448,-0.075224,0.024597,-0.916363,0.987473,0.013963,-0.157171,0.104123,0.690759,0.715549,-0.018017,1.115727,2.90092,-11.298642523191257,0.8305136598041765,3.3971743589725256,-0.09818,0.010127,0.03021,0.994659,0.99797,0.058109,-0.026077,-0.062085,0.978896,-0.194699,0.295955,1.053049,2.894768,-20.826835494062863,-11.243148072113216,-26.58015181510359,-0.152915,-0.135115,-0.242239,0.948515,0.846129,-0.418212,0.330401,0.500857,0.835874,-0.224625,M,BuildTutorial
32.093,0.171436,1.532243,2.786449,46.150494720819665,10.714091704847268,1.2635739469891942,-0.391151,-0.081584,0.02649,-0.91632,0.985285,0.015276,-0.170238,0.112371,0.692598,0.712518,-0.019221,1.116651,2.901355,-11.431749750456452,1.4720446286479625,3.532271229878519,-0.099146,0.015845,0.031943,0.994434,0.997457,0.060389,-0.037848,-0.066673,0.9783,-0.196175,0.288899,1.056527,2.893634,-21.329778539954,-11.77046652004651,-26.099863866522195,-0.156582,-0.13973,-0.239216,0.948016,0.846502,-0.409803,0.339846,0.49732,0.836516,-0.230033,M,BuildTutorial
32.126,0.16853,1.53299,2.784131,45.99360067923089,11.4205958211186,1.34208972213411,-0.389787,-0.087032,0.028142,-0.916351,0.983267,0.016272,-0.181443,0.119424,0.694549,0.709465,-0.020623,1.116746,2.900952,-11.506319247548165,2.026462331819977,3.645131705829004,-0.099617,0.020773,0.033411,0.994248,0.996904,0.062298,-0.047965,-0.070576,0.977921,-0.196699,0.282662,1.060435,2.892342,-21.97204754604157,-12.495065336449626,-25.52560229881209,-0.161157,-0.14604,-0.235805,0.947152,0.846137,-0.399615,0.352647,0.493757,0.836849,-0.236406,M,BuildTutorial
32.161,0.165401,1.533632,2.782258,45.80389872165429,11.989493721774084,1.4027358010874422,-0.388176,-0.09146,0.029425,-0.916564,0.981538,0.017066,-0.190503,0.124945,0.696907,0.706193,-0.02316,1.116204,2.900708,-11.418957129747763,2.3860797576930644,3.652613610516057,-0.098752,0.023877,0.033775,0.994252,0.996578,0.062445,-0.05415,-0.071877,0.978215,-0.194756,0.278785,1.063727,2.891877,-22.34207568913673,-12.211029318769224,-26.0678326903874,-0.164144,-0.145102,-0.240075,0.94571,0.842619,-0.406447,0.353262,0.501717,0.830842,-0.240795,M,BuildTutorial
32.192,0.161947,1.534129,2.780611,45.67764683297082,12.460629624159386,1.5254175398962329,-0.387145,-0.094872,0.029924,-0.916637,0.980208,0.018599,-0.197097,0.128318,0.698446,0.704065,-0.026546,1.115392,2.900398,-11.2934680268059,2.4806625057117517,3.806077834820441,-0.097602,0.024796,0.035168,0.994295,0.996297,0.065094,-0.056174,-0.074775,0.978474,-0.192345,0.276099,1.066543,2.891694,-22.547101947700742,-11.286710788430431,-26.5175912305572,-0.167242,-0.138487,-0.242546,0.945528,0.843986,-0.412346,0.343014,0.504989,0.826404,-0.249085,M,BuildTutorial
32.226,0.158297,1.534443,2.778978,45.63613320540087,12.815082948204784,1.637101994480838,-0.386814,-0.09735,0.030189,-0.916508,0.979223,0.019977,-0.201799,0.130649,0.698928,0.703158,-0.029658,1.114237,2.899469,-11.1372327362562,2.572762589490212,3.832188302339836,-0.096212,0.025575,0.035447,0.994401,0.996179,0.065575,-0.057684,-0.075418,0.978974,-0.189534,0.273906,1.068851,2.890972,-22.64539157908599,-10.485587556929792,-27.006814584944927,-0.169187,-0.132774,-0.245445,0.945253,0.844256,-0.419088,0.334062,0.508942,0.822265,-0.254672,M,BuildTutorial
32.259,0.154556,1.534793,2.777679,45.59809951830444,13.048368672850833,1.7111035472658365,-0.386512,-0.098985,0.030348,-0.916455,0.978562,0.020893,-0.204891,0.132144,0.699375,0.702433,-0.033231,1.113465,2.898632,-10.911663729649351,2.5540943148564095,3.957774647703912,-0.094232,0.025455,0.036484,0.994556,0.996042,0.067773,-0.057508,-0.077367,0.979579,-0.18558,0.271584,1.070628,2.890173,-22.427002107475733,-9.797856158482382,-27.699469683979615,-0.16807,-0.127713,-0.250073,0.944937,0.842306,-0.429678,0.325421,0.515536,0.818431,-0.253756,M,BuildTutorial
32.292,0.150589,1.535145,2.776523,45.52846888662485,13.154712063926862,1.7979913799629907,-0.386003,-0.099578,0.029944,-0.916618,0.978375,0.02198,-0.205668,0.13177,0.70021,0.701672,-0.036085,1.112954,2.897333,-10.740503531687663,2.3540454553039174,4.512183992246446,-0.092694,0.024119,0.041106,0.994553,0.995457,0.077293,-0.055597,-0.086236,0.979436,-0.182396,0.267718,1.072847,2.889632,-22.198896456307377,-9.28513994089619,-27.0213530773379,-0.168015,-0.122056,-0.243655,0.947368,0.85147,-0.420647,0.313139,0.502676,0.824807,-0.258865,M,BuildTutorial
32.325,0.146622,1.535512,2.775362,45.48758715250103,13.170780565927876,1.791898108136889,-0.385667,-0.099748,0.030007,-0.916739,0.9783,0.021921,-0.206032,0.131957,0.700721,0.701126,-0.038354,1.112978,2.896493,-10.262456799527431,1.870751218973887,6.025780784357898,-0.088447,0.020937,0.053801,0.994406,0.993334,0.103297,-0.051158,-0.110704,0.978565,-0.173652,0.26423,1.075264,2.889723,-21.925644757282615,-7.491686457186474,-27.76043135899013,-0.168838,-0.107789,-0.247073,0.948066,0.854673,-0.432086,0.287813,0.504882,0.820897,-0.266877,M,BuildTutorial
32.359,0.142579,1.535864,2.77429,45.35072729030345,13.09098876696785,1.7857417116261791,-0.384589,-0.0992,0.029655,-0.917263,0.97856,0.021901,-0.204795,0.130705,0.702424,0.699655,-0.037662,1.113354,2.895859,-10.03437811324012,1.7721403634720891,7.349732924398013,-0.086277,0.020978,0.065191,0.993915,0.99062,0.12597,-0.05295,-0.133209,0.976613,-0.168769,0.261773,1.079907,2.889682,-22.38799724457295,-3.4673876369341983,-30.46633136872805,-0.179427,-0.07962,-0.263298,0.944532,0.84867,-0.468815,0.244893,0.525959,0.796961,-0.297021,M,BuildTutorial
32.392,0.1385,1.536133,2.773144,45.24430265894951,12.8539332690552,1.75813250715752,-0.383775,-0.097448,0.028979,-0.917813,0.979328,0.021601,-0.201121,0.127991,0.703754,0.698819,-0.03286,1.113705,2.896181,-9.883975439582503,2.229743524311396,8.016831157842875,-0.084565,0.025358,0.071302,0.99354,0.988546,0.137393,-0.062447,-0.145971,0.97553,-0.16442,0.257597,1.082686,2.891333,-21.193577435336056,0.6063159529122448,-36.50089931228511,-0.176272,-0.052651,-0.306902,0.933792,0.806078,-0.554603,0.206526,0.591727,0.749479,-0.296885,M,BuildTutorial
32.426,0.13438,1.536656,2.772072,45.07617672080434,12.49291438524421,1.5882135525172678,-0.382378,-0.095205,0.028976,-0.918631,0.980193,0.019572,-0.197076,0.126045,0.705895,0.697011,-0.025255,1.114519,2.896663,-9.666746042734053,2.7453863857763836,9.069947240405517,-0.082083,0.030456,0.080776,0.99288,0.985095,0.155403,-0.07374,-0.165402,0.973475,-0.158076,0.252444,1.083417,2.89372,-18.42625729166841,4.947581405437678,-44.18962370380052,-0.164237,-0.02069,-0.364539,0.916357,0.733367,-0.661299,0.157661,0.674891,0.680275,-0.285915,M,BuildTutorial
32.459,0.130271,1.537602,2.771039,44.734877304462145,12.123152509006358,1.2746742316568764,-0.37948,-0.093437,0.029953,-0.919982,0.980745,0.015802,-0.194654,0.126028,0.710196,0.692632,-0.015925,1.117189,2.897998,-10.04948571299484,3.1303008513721564,11.313296934242183,-0.084445,0.035706,0.100532,0.9907,0.977237,0.193164,-0.087727,-0.205225,0.965525,-0.160141,0.244382,1.083879,2.895488,-15.522714391582875,8.579430215245122,-51.81538311916331,-0.153517,0.007826,-0.422621,0.893176,0.64266,-0.757352,0.115779,0.752547,0.595648,-0.28085,M,BuildTutorial
32.492,0.126157,1.538815,2.770137,44.260293437576806,11.70271740321995,0.9513954978578592,-0.37552,-0.091323,0.030753,-0.921791,0.981429,0.011892,-0.191457,0.125282,0.716078,0.686685,-0.005343,1.120308,2.900423,-10.553151671644024,3.551272339647969,11.504649065632805,-0.088364,0.039912,0.102591,0.989987,0.975765,0.196073,-0.097155,-0.21018,0.963334,-0.166768,0.231161,1.087392,2.897506,-14.543892420004603,9.661359937515943,-51.7176259059418,-0.149934,0.020158,-0.421518,0.894112,0.643833,-0.759813,0.090352,0.747723,0.599686,-0.285109,M,BuildTutorial
32.526,0.122004,1.540037,2.769335,43.742141287116524,11.224902514922295,0.6224244925725841,-0.371221,-0.088745,0.031415,-0.92376,0.982275,0.007848,-0.187282,0.123927,0.722416,0.680262,0.00636,1.123005,2.903303,-10.595547450230278,4.274980789818325,8.858487334869546,-0.089124,0.044153,0.080278,0.991798,0.983212,0.151368,-0.101891,-0.167109,0.971225,-0.169698,0.216715,1.091968,2.899986,-14.048447528947166,9.21152987687285,-55.892600593299335,-0.145029,0.013278,-0.45495,0.878528,0.585688,-0.803224,0.108631,0.795521,0.543974,-0.266906,M,BuildTutorial
32.559,0.117793,1.540897,2.768304,43.43144936422134,10.759391392739577,0.3311045679980538,-0.368622,-0.086037,0.032017,-0.925035,0.983145,0.004196,-0.182779,0.122664,0.726185,0.676468,0.015954,1.126225,2.906278,-10.955745545902795,4.308349221105313,7.195179796879871,-0.092858,0.043329,0.065999,0.992544,0.987533,0.122967,-0.09827,-0.139061,0.974043,-0.178612,0.205018,1.097308,2.902379,-13.694239002275731,10.094122327404992,-56.76776299421968,-0.146004,0.020391,-0.460929,0.875107,0.574258,-0.812678,0.098906,0.80077,0.532455,-0.274335,M,BuildTutorial
32.592,0.113531,1.541346,2.767128,43.30883730819673,10.203693511185971,0.1367176822708985,-0.367644,-0.082212,0.03171,-0.925783,0.984471,0.001737,-0.175536,0.119162,0.727665,0.675503,0.023598,1.128885,2.910722,-10.161374976817251,3.9457731651161674,5.840793552126983,-0.086644,0.038756,0.053763,0.994032,0.991215,0.100167,-0.086366,-0.113599,0.979205,-0.168087,0.196992,1.102844,2.903492,-13.731876967672196,12.038444600665873,-57.7780691116369,-0.15439,0.033718,-0.46603,0.870542,0.563359,-0.821808,0.085195,0.800986,0.51796,-0.300233,M,BuildTutorial
32.625,0.109293,1.541336,2.765733,43.40950738173041,9.646869601559091,-0.1013968192230438,-0.368445,-0.07845,0.031916,-0.925784,0.985654,-0.001285,-0.168774,0.116903,0.72646,0.677193,0.029973,1.130714,2.914454,-9.191579827617057,2.855877834076731,4.715859078508923,-0.079011,0.028114,0.042992,0.995549,0.994723,0.081159,-0.062772,-0.090045,0.983818,-0.154902,0.191144,1.105997,2.903862,-12.369772654223402,14.250661140997554,-60.55018202704258,-0.154496,0.052603,-0.485806,0.858695,0.522452,-0.850571,0.05977,0.818064,0.480248,-0.316439,M,BuildTutorial
32.659,0.105343,1.541123,2.764187,43.63867379503397,9.223170109886588,-0.3277642011504844,-0.370263,-0.0757,0.03253,-0.925266,0.986423,-0.00414,-0.164174,0.116255,0.723694,0.680259,0.034656,1.131953,2.9169,-8.662267819806534,2.1913327091823267,3.980485477916999,-0.074799,0.021678,0.036067,0.99631,0.996459,0.068625,-0.048592,-0.075111,0.986209,-0.147482,0.186736,1.108223,2.903471,-11.371809049577909,16.101703019359963,-60.38324129712312,-0.154876,0.071125,-0.483494,0.858597,0.522349,-0.852284,0.027627,0.808222,0.484494,-0.334729,M,BuildTutorial
32.692,0.101675,1.540917,2.762753,43.780930651972575,8.862000354045025,-0.5230576209223826,-0.371388,-0.073384,0.033027,-0.924984,0.987048,-0.006591,-0.16029,0.115607,0.72196,0.682209,0.038774,1.134098,2.918999,-8.946671895308404,1.7688123093473178,1.879294061329963,-0.077723,0.016665,0.017551,0.996681,0.998829,0.032396,-0.035947,-0.037577,0.987302,-0.154346,0.183982,1.110216,2.903108,-11.028999647677049,16.964858946250494,-61.69322958264176,-0.156884,0.07732,-0.492616,0.85249,0.502703,-0.86416,0.022738,0.815639,0.465435,-0.343662,M,BuildTutorial
32.725,0.098312,1.540657,2.76144,43.93001045324485,8.692300509289096,-0.6344494023914332,-0.37257,-0.072345,0.033465,-0.924575,0.987293,-0.007974,-0.158713,0.115788,0.720144,0.684095,0.040357,1.136396,2.919815,-9.090493988430454,0.958955252562794,1.544023413271438,-0.079124,0.009409,0.014094,0.996721,0.999426,0.026607,-0.020987,-0.029585,0.987081,-0.157465,0.183381,1.11131,2.901543,-10.840710184081455,18.7035778011047,-62.55487666701763,-0.163648,0.089867,-0.496873,0.847503,0.490083,-0.871615,0.0103,0.812789,0.452673,-0.366689,M,BuildTutorial
32.76,0.095411,1.540582,2.760155,43.95507964423305,8.697680683437952,-0.5384628526471364,-0.372831,-0.072071,0.032723,-0.924517,0.98747,-0.006764,-0.157662,0.114246,0.719852,0.684661,0.040639,1.13867,2.919559,-9.634842516210586,0.92345837666486,1.4471356579752988,-0.08387,0.00909,0.01326,0.996347,0.999483,0.024898,-0.020338,-0.027947,0.98558,-0.166887,0.184218,1.112479,2.899355,-11.467758563455238,20.20250427106256,-61.940775073181065,-0.174139,0.099016,-0.489059,0.848936,0.502034,-0.864845,0.002212,0.795875,0.460994,-0.392515,M,BuildTutorial
32.792,0.092815,1.540662,2.758599,43.985770574121595,8.855156991569412,-0.3382455335052612,-0.373161,-0.072683,0.031639,-0.924374,0.987432,-0.004248,-0.157986,0.112738,0.7195,0.685281,0.040575,1.140907,2.918861,-10.570513620166292,0.4656812124257528,1.317104305120756,-0.092061,0.005105,0.011819,0.99567,0.999669,0.022597,-0.012342,-0.024476,0.98277,-0.183204,0.185476,1.111704,2.897265,-11.15423462304792,21.132346173089395,-62.31842949779875,-0.176185,0.106741,-0.490987,0.846462,0.495077,-0.868815,-0.007695,0.793591,0.455782,-0.403085,M,BuildTutorial
32.825,0.09059,1.541045,2.756972,43.971077956215694,9.049312918514447,-0.1061713204124808,-0.373138,-0.073497,0.03039,-0.924361,0.987349,-0.001333,-0.158556,0.111032,0.719689,0.685361,0.039596,1.142878,2.91745,-11.505738757599298,0.1048055553188687,0.9431885714544844,-0.100227,0.001735,0.008281,0.994929,0.999857,0.01613,-0.005112,-0.016826,0.979772,-0.199408,0.187332,1.108511,2.895037,-9.55629909167,22.49790200551529,-64.21251319022963,-0.172522,0.121243,-0.505705,0.83654,0.459126,-0.887918,-0.028359,0.80425,0.428999,-0.411268,M,BuildTutorial
32.859,0.08858,1.541814,2.755396,43.77013740058858,9.293118937814226,0.1532259524504008,-0.371621,-0.074674,0.028959,-0.924923,0.98717,0.001931,-0.15966,0.109071,0.722119,0.683116,0.038011,1.144104,2.915835,-11.921447405428989,0.249227328770972,1.788917007061553,-0.1038,0.003784,0.015752,0.994466,0.999475,0.030544,-0.010797,-0.032115,0.977955,-0.206331,0.188848,1.107594,2.89087,-10.549335783629244,25.481204093966568,-63.93813266404768,-0.192339,0.138822,-0.497039,0.834677,0.467361,-0.883137,-0.040544,0.776333,0.431915,-0.459082,M,BuildTutorial
32.892,0.086822,1.542999,2.753859,43.394869852223,9.52760110807868,0.3287298995813861,-0.368648,-0.076107,0.028047,-0.926024,0.986842,0.00417,-0.161633,0.108057,0.726624,0.678485,0.036916,1.144131,2.914064,-11.805334881757377,0.9362135398889114,3.2360120664084806,-0.102565,0.011027,0.028925,0.994245,0.998084,0.055255,-0.02786,-0.059778,0.977288,-0.203312,0.188684,1.110894,2.886786,-13.617989644522796,27.277169746392037,-59.98633515964956,-0.21683,0.145183,-0.458162,0.849702,0.538019,-0.841563,-0.048038,0.715643,0.486144,-0.501517,M,BuildTutorial
32.925,0.085251,1.544383,2.752229,42.94210516264815,9.75288183689108,0.3881921575752151,-0.364972,-0.077872,0.027974,-0.927334,0.986307,0.00496,-0.164846,0.108725,0.732026,0.672545,0.036491,1.142922,2.912014,-11.215611041375544,2.129546439918778,4.123740849100334,-0.096973,0.021997,0.037615,0.994333,0.996203,0.070537,-0.051041,-0.07907,0.978363,-0.191192,0.18639,1.11397,2.885983,-15.406263239432732,27.173055324654555,-53.022477265567304,-0.220502,0.150157,-0.40179,0.876012,0.632036,-0.770165,-0.085888,0.637725,0.579887,-0.506989,M,BuildTutorial
32.959,0.083869,1.545684,2.750329,42.54362460741257,9.999504887722695,0.4160790263641434,-0.361705,-0.079901,0.028247,-0.928433,0.985636,0.00535,-0.168801,0.110253,0.736744,0.667123,0.036098,1.140692,2.910022,-10.183225426976357,3.428765582276865,5.015506761179881,-0.08732,0.033652,0.046215,0.994539,0.993463,0.086049,-0.075007,-0.097803,0.980479,-0.170575,0.183267,1.112971,2.885429,-15.10064755738809,24.722508103840617,-50.11797481977943,-0.206155,0.13788,-0.384664,0.889114,0.666046,-0.740869,-0.08658,0.62717,0.619068,-0.472666,M,BuildTutorial
32.992,0.082613,1.546921,2.748371,42.14701847792441,10.192367131132537,0.4797538886722302,-0.358488,-0.081387,0.028048,-0.929557,0.985179,0.006208,-0.171417,0.110497,0.741399,0.661905,0.035076,1.137986,2.907908,-9.09177439927752,4.04171974217165,6.517202673244222,-0.077082,0.039598,0.059419,0.994465,0.989803,0.112075,-0.087918,-0.124284,0.981056,-0.148605,0.180281,1.11241,2.886186,-14.568456521883464,22.206719268712288,-47.99751197025722,-0.191356,0.123909,-0.373576,0.89915,0.690175,-0.719223,-0.079854,0.62438,0.647648,-0.436694,M,BuildTutorial
33.025,0.081274,1.548159,2.746286,41.801363062435854,10.378602413271082,0.5039336689469308,-0.355655,-0.082932,0.028175,-0.930504,0.984657,0.006556,-0.174378,0.111424,0.745431,0.657204,0.035114,1.134766,2.90499,-8.076310758944208,4.590752456342153,7.308163116836797,-0.067675,0.044355,0.066338,0.994511,0.987264,0.125944,-0.097203,-0.137951,0.982039,-0.128723,0.178477,1.112135,2.885881,-14.562708318209438,21.410684878563103,-46.23151047648389,-0.186876,0.120575,-0.360993,0.905661,0.710291,-0.698941,-0.083479,0.60881,0.669522,-0.425547,M,BuildTutorial
33.058,0.079946,1.549463,2.744233,41.37508574226307,10.586632913881568,0.4473541033703863,-0.352099,-0.084932,0.028954,-0.931651,0.983896,0.005859,-0.178644,0.11376,0.750375,0.65115,0.035499,1.13178,2.901903,-7.363096695726086,4.866131514868375,6.848853935826223,-0.061508,0.046121,0.062276,0.995094,0.987989,0.118268,-0.099451,-0.129615,0.984677,-0.116669,0.17773,1.112788,2.885064,-14.598874588651968,20.8509769094402,-45.83952334226608,-0.184993,0.116656,-0.358732,0.907458,0.715405,-0.69423,-0.078996,0.607907,0.674178,-0.419444,M,BuildTutorial
33.092,0.078698,1.551013,2.742299,40.84964330355188,10.79222594395312,0.4211551661152174,-0.347753,-0.086851,0.029389,-0.933092,0.983186,0.00556,-0.182521,0.115251,0.756409,0.643866,0.035143,1.129486,2.899318,-6.9511670812778625,4.707648105203508,6.488310285618528,-0.058155,0.044357,0.058925,0.995579,0.989121,0.11217,-0.095176,-0.122488,0.986292,-0.110569,0.176992,1.113971,2.883615,-14.832577306123495,20.409372814462863,-46.29212449535389,-0.185867,0.111607,-0.362595,0.906379,0.712138,-0.698784,-0.067527,0.615808,0.667957,-0.417868,M,BuildTutorial
33.126,0.077422,1.552703,2.740471,40.2793574286305,10.981579092068344,0.4468565153295842,-0.343078,-0.088498,0.029301,-0.93467,0.982619,0.00595,-0.185537,0.115496,0.762878,0.636143,0.03476,1.127778,2.897099,-6.641471534507261,4.656610465681401,6.408704021596617,-0.05552,0.043729,0.058107,0.995806,0.989423,0.11087,-0.093544,-0.120582,0.987082,-0.105493,0.173704,1.11573,2.882729,-15.526238629928065,18.89121112022687,-44.57802103006744,-0.184964,0.09992,-0.350196,0.91278,0.734757,-0.676267,-0.052863,0.602341,0.686302,-0.407645,M,BuildTutorial
33.158,0.076101,1.554467,2.738642,39.70076118384752,11.14598295336873,0.470193952963133,-0.338332,-0.089956,0.029135,-0.936264,0.982118,0.006314,-0.18816,0.115427,0.769366,0.628294,0.034844,1.126347,2.895492,-6.205525898789993,4.902278941905599,6.435902756317701,-0.051595,0.045673,0.058312,0.995918,0.989027,0.111435,-0.09699,-0.120861,0.987875,-0.097442,0.170683,1.117681,2.881291,-16.208676945506394,17.764222848302378,-43.14825383154028,-0.185735,0.090935,-0.339425,0.917619,0.753043,-0.656705,-0.040801,0.589146,0.700587,-0.402598,M,BuildTutorial
33.191,0.074777,1.556257,2.736929,39.05339435858174,11.308920878404129,0.474127164025255,-0.333001,-0.091485,0.029052,-0.938028,0.981573,0.006427,-0.190979,0.115431,0.776533,0.619413,0.035176,1.126043,2.894532,-6.104862311126252,5.0688987522156825,6.703463472551085,-0.050525,0.047192,0.060676,0.99576,0.988183,0.116069,-0.100115,-0.125607,0.987531,-0.094896,0.168696,1.118073,2.880088,-15.982896293822668,17.241392217556943,-42.94589826314028,-0.182251,0.087817,-0.339019,0.91877,0.754709,-0.65497,-0.037794,0.590951,0.703702,-0.394438,M,BuildTutorial
33.225,0.073454,1.558019,2.735382,38.36307193621249,11.429256917560268,0.469315136962659,-0.327312,-0.092706,0.028867,-0.939915,0.981144,0.006422,-0.193169,0.114954,0.784067,0.609938,0.036697,1.127033,2.894151,-6.350705265698692,5.447781237520787,5.738187294071633,-0.052885,0.05016,0.05255,0.995955,0.989445,0.099369,-0.105473,-0.10998,0.988883,-0.10007,0.166232,1.117168,2.87956,-15.671912307776738,16.447792949170005,-42.17792351100328,-0.176886,0.083663,-0.334596,0.921823,0.762092,-0.646474,-0.035874,0.587279,0.713514,-0.382102,M,BuildTutorial
33.259,0.072231,1.559917,2.733867,37.598979166991626,11.467045074734328,0.4583929381694865,-0.321021,-0.093289,0.028426,-0.942038,0.980978,0.006338,-0.194014,0.113452,0.792275,0.599524,0.039612,1.128998,2.893255,-7.135453918973006,6.175704856404194,3.9095234203236817,-0.060268,0.055851,0.037345,0.995919,0.990972,0.067653,-0.115748,-0.081117,0.989946,-0.115872,0.163461,1.115904,2.879596,-14.894973857852628,15.739318741885372,-41.366968326194986,-0.168074,0.081664,-0.330324,0.925186,0.768435,-0.638672,-0.040071,0.58377,0.725275,-0.36495,M,BuildTutorial
33.292,0.070945,1.561854,2.732499,36.832097580688064,11.471157023502537,0.3751525480594606,-0.314642,-0.09379,0.028481,-0.944136,0.980784,0.00524,-0.195024,0.112801,0.800379,0.588787,0.042583,1.132171,2.892348,-8.465615079695601,6.905749571391476,2.8644523906736916,-0.072151,0.061886,0.029325,0.99504,0.99062,0.049429,-0.127389,-0.067289,0.987869,-0.139956,0.162929,1.115911,2.878828,-14.519314854556749,16.070728636638528,-42.27361399659211,-0.166709,0.084215,-0.337718,0.922531,0.757709,-0.651189,-0.04278,0.595032,0.716309,-0.36447,M,BuildTutorial
33.325,0.06962,1.564165,2.731667,35.82298348424576,11.445418261552788,0.2987934509765148,-0.306261,-0.094083,0.028198,-0.946867,0.980707,0.004228,-0.19544,0.111027,0.810818,0.574672,0.045352,1.135924,2.891216,-10.074604530752769,7.230306840758312,2.2561876676084975,-0.086376,0.064524,0.025108,0.993854,0.990413,0.038761,-0.132592,-0.061054,0.983818,-0.168449,0.165262,1.117708,2.876441,-15.04025518088949,17.14367100232969,-46.444054720391655,-0.177192,0.084769,-0.368611,0.908594,0.71388,-0.699876,-0.02341,0.639795,0.665458,-0.384485,M,BuildTutorial
33.358,0.068316,1.566765,2.730666,34.73708963773759,11.311150332741668,0.182338162549979,-0.297213,-0.093582,0.027907,-0.949804,0.980927,0.002615,-0.194359,0.108641,0.821771,0.559365,0.047027,1.139676,2.891201,-11.262258476097214,7.371880051855662,2.0125321764034907,-0.096782,0.065687,0.023748,0.992852,0.990243,0.034441,-0.135032,-0.05987,0.980139,-0.189061,0.166534,1.119559,2.875691,-15.252154808426212,18.052346477809245,-47.330169841222265,-0.182458,0.089814,-0.373844,0.904922,0.704348,-0.709374,-0.026127,0.643825,0.653899,-0.397373,M,BuildTutorial
33.392,0.066943,1.56989,2.729819,33.49761040634377,11.119244481397136,-0.0069793541981852,-0.286815,-0.092789,0.027977,-0.953071,0.981215,-0.000101,-0.192917,0.106554,0.833909,0.541518,0.048256,1.143337,2.890047,-12.249891085358,7.938098006723426,1.962288065624505,-0.105247,0.070635,0.024369,0.991635,0.988834,0.033462,-0.145217,-0.063198,0.976659,-0.20529,0.168974,1.120022,2.875902,-14.645221958796888,19.125219901507947,-48.02746713008536,-0.181861,0.099361,-0.378687,0.902026,0.693447,-0.71931,-0.041516,0.647031,0.647046,-0.40334,M,BuildTutorial
33.425,0.06575,1.573986,2.729322,31.83698554535398,10.871437644510596,-0.2324293515316941,-0.272851,-0.09165,0.027923,-0.957274,0.981641,-0.003446,-0.190707,0.103473,0.849546,0.517267,0.049786,1.14656,2.888327,-13.393488621511269,8.841387409910794,2.87408470266728,-0.114311,0.079445,0.033819,0.989686,0.98509,0.048777,-0.164982,-0.085103,0.971579,-0.220891,0.172119,1.120547,2.875713,-14.321506396855224,20.347524644661267,-48.50780465454254,-0.183856,0.109387,-0.381094,0.899444,0.685605,-0.725767,-0.056643,0.645322,0.64193,-0.414109,M,BuildTutorial
33.458,0.064653,1.57941,2.72918,29.42835641923254,10.515574607599133,-0.6141402935689846,-0.25245,-0.089986,0.028437,-0.962997,0.982188,-0.009336,-0.187671,0.100204,0.870921,0.481099,0.049509,1.149836,2.887386,-14.2767991472361,9.279608028820238,3.6762698212470455,-0.121221,0.084196,0.04177,0.988166,0.982333,0.06214,-0.176525,-0.102965,0.967121,-0.232539,0.175425,1.121946,2.875211,-14.68195880545374,21.557895588246055,-48.22157793125139,-0.190341,0.11803,-0.376194,0.899065,0.689095,-0.721377,-0.069023,0.631513,0.644497,-0.431062,M,BuildTutorial
33.492,0.063433,1.585636,2.728787,26.74013563084749,10.13208006755418,-1.085696775686818,-0.229512,-0.088089,0.0296,-0.968859,0.982728,-0.016921,-0.18428,0.097792,0.892896,0.439515,0.056747,1.14932,2.880105,-15.136024072163558,9.082297225180644,3.61731045162973,-0.128747,0.08259,0.041611,0.987356,0.982895,0.060903,-0.173806,-0.103437,0.963385,-0.247365,0.177332,1.124596,2.874177,-15.65220585438534,22.145554815122455,-47.56542946460766,-0.199013,0.12022,-0.368145,0.900228,0.700033,-0.710679,-0.06992,0.614978,0.649727,-0.446831,M,BuildTutorial
33.525,0.06221,1.59246,2.728106,23.771102016351744,9.715105586906446,-1.4806375079572631,-0.20413,-0.085508,0.030037,-0.97474,0.983572,-0.023646,-0.17896,0.093465,0.914858,0.39281,0.055176,1.151289,2.8792,-15.815290394680996,9.06134159985162,3.742281420455712,-0.134519,0.082678,0.043102,0.986515,0.982613,0.062798,-0.174723,-0.107286,0.960094,-0.258283,0.178761,1.126625,2.873332,-16.202903117810493,22.37674206378358,-48.59801891694856,-0.205049,0.118192,-0.374727,0.896418,0.691221,-0.720294,-0.058225,0.623353,0.635069,-0.456199,M,BuildTutorial
33.558,0.061086,1.599606,2.727038,20.613207002950983,9.279208310710327,-1.9450036942646232,-0.176953,-0.082598,0.031114,-0.980254,0.984419,-0.031766,-0.172945,0.09023,0.935439,0.341778,0.053543,1.152981,2.878363,-16.218658203776148,8.882235841795266,4.410355699543406,-0.137585,0.082015,0.048894,0.985877,0.981766,0.07384,-0.175168,-0.118976,0.95736,-0.263263,0.179621,1.128219,2.872763,-16.59931846533011,22.510294477760574,-48.951637007064576,-0.208869,0.117123,-0.376443,0.894956,0.689146,-0.722727,-0.052386,0.624873,0.629329,-0.462038,M,BuildTutorial
33.592,0.059907,1.607683,2.725612,16.93455600330053,8.810854491695158,-2.4307098552035025,-0.145165,-0.079073,0.032225,-0.985716,0.985418,-0.040572,-0.165243,0.086486,0.955778,0.281086,0.05169,1.153851,2.877606,-16.464773222065183,8.643844721364069,5.447077674467775,-0.139076,0.081284,0.057672,0.985254,0.980134,0.091034,-0.176213,-0.136253,0.954664,-0.264675,0.180027,1.128258,2.8725,-16.25819958483408,22.536397917569868,-49.83849885172624,-0.207271,0.116999,-0.384008,0.892125,0.677698,-0.733668,-0.049567,0.636666,0.619152,-0.459681,M,BuildTutorial
33.625,0.058676,1.616593,2.723857,12.743266351188156,8.313474518273562,-3.035714698374226,-0.108738,-0.074944,0.034297,-0.990648,0.986414,-0.051654,-0.155945,0.084251,0.974,0.210302,0.050999,1.154353,2.8769,-16.691461527885952,8.363428479343511,4.8078316315343,-0.141606,0.078156,0.051964,0.985464,0.982383,0.080283,-0.168757,-0.124553,0.954495,-0.270972,0.178733,1.128644,2.872437,-16.35684299936282,22.07756982927625,-48.74476353497719,-0.205392,0.115018,-0.3761,0.896177,0.690639,-0.721353,-0.051657,0.626857,0.632725,-0.454652,M,BuildTutorial
33.658,0.057663,1.62754,2.721812,7.388398819879887,7.90312253133766,-3.6036919688706375,-0.062084,-0.070757,0.035741,-0.994918,0.987432,-0.062332,-0.145233,0.079904,0.989737,0.118478,0.050718,1.155085,2.876061,-17.315393138735534,8.203675152466186,3.80187358303548,-0.147717,0.075656,0.043471,0.985173,0.984773,0.063302,-0.161912,-0.108005,0.95258,-0.284475,0.176107,1.129674,2.872092,-16.83751702119523,21.319704480131353,-47.77698006467838,-0.205656,0.109044,-0.368919,0.899841,0.704016,-0.708789,-0.044504,0.619086,0.643209,-0.450572,M,BuildTutorial
33.692,0.05681,1.639068,2.718325,1.5849181993174584,7.629168599435784,-4.104313285121644,-0.011409,-0.066973,0.036646,-0.997016,0.988343,-0.071546,-0.134383,0.074602,0.997054,0.017841,0.050536,1.156009,2.874863,-18.312720663401414,8.122714810087055,3.260725323956952,-0.156676,0.07441,0.039284,0.984059,0.98584,0.053999,-0.158757,-0.100632,0.947819,-0.302511,0.173734,1.130441,2.871275,-16.920549551720274,20.947386687411832,-47.700249213582914,-0.205022,0.105954,-0.368821,0.900395,0.705489,-0.707615,-0.039568,0.620724,0.643874,-0.447358,M,BuildTutorial
33.724,0.055642,1.647959,2.713142,-2.8437808504795448,7.395599605946683,-4.576569564846833,0.027317,-0.063434,0.038233,-0.996879,0.989029,-0.079693,-0.124384,0.072761,0.995584,-0.059314,0.050447,1.157162,2.874069,-19.1931323602415,7.955823656303568,3.399474198194771,-0.164206,0.073304,0.040736,0.982855,0.985934,0.056001,-0.157472,-0.104149,0.942754,-0.316809,0.171515,1.131402,2.870106,-17.0550909373856,20.75802438987124,-48.98261846447457,-0.206595,0.10167,-0.378953,0.896313,0.692116,-0.72133,-0.025677,0.637311,0.627427,-0.447404,M,BuildTutorial
33.759,0.054699,1.653785,2.707748,-5.746685172256839,7.12178385098363,-4.770946023019999,0.05257,-0.059895,0.038379,-0.99608,0.989879,-0.082755,-0.115284,0.07016,0.991527,-0.109326,0.050843,1.157936,2.87353,-19.655628977498303,8.049689094977884,3.5099210073295364,-0.168069,0.074341,0.042076,0.982067,0.985406,0.057655,-0.160159,-0.107632,0.939965,-0.323854,0.169137,1.132789,2.869321,-17.378302537498453,20.400697429904483,-50.01328803543759,-0.208749,0.095795,-0.387021,0.893007,0.682076,-0.731219,-0.009511,0.651231,0.613277,-0.446979,M,BuildTutorial
33.791,0.053852,1.657131,2.703316,-7.432902460413401,6.885572153267852,-4.788936496926936,0.067149,-0.05717,0.037727,-0.995389,0.990617,-0.082783,-0.108746,0.067428,0.988136,-0.137991,0.050848,1.158084,2.873487,-19.663115150735543,8.357896474770342,4.127710456640088,-0.167602,0.077888,0.047825,0.981609,0.983292,0.067783,-0.168943,-0.12,0.939245,-0.321589,0.167795,1.133945,2.869803,-17.408167728719924,20.24394928467652,-51.2466381623003,-0.209451,0.092211,-0.396839,0.888902,0.668033,-0.744128,0.002303,0.666874,0.597299,-0.445547,M,BuildTutorial
33.825,0.053154,1.658944,2.700198,-8.294467160463345,6.783415590866938,-4.743330294331122,0.074573,-0.055969,0.036926,-0.994959,0.991008,-0.081827,-0.105865,0.065132,0.986151,-0.152527,0.05076,1.15705,2.874732,-19.219828103860195,8.185948014828822,4.156642935347885,-0.163852,0.076366,0.047573,0.982374,0.98381,0.068444,-0.165629,-0.118495,0.941779,-0.314661,0.167861,1.13548,2.871058,-17.718675105285133,20.432494107586574,-51.0078694672033,-0.212255,0.09291,-0.394037,0.88941,0.672206,-0.740362,0.002003,0.66148,0.599366,-0.450784,M,BuildTutorial
33.858,0.052733,1.659716,2.698098,-8.716288993059191,6.80820421842951,-4.676534523542759,0.078209,-0.056062,0.036101,-0.994705,0.991108,-0.080589,-0.105884,0.063051,0.98516,-0.159637,0.050533,1.15748,2.875903,-19.147601738380345,7.975149096023817,3.6411166161288113,-0.163653,0.073808,0.042811,0.982821,0.985439,0.059994,-0.159092,-0.108309,0.94277,-0.315364,0.166006,1.138373,2.872054,-18.432998651142004,20.324458930388868,-49.87397445908171,-0.216384,0.091452,-0.384025,0.892939,0.688323,-0.725399,0.002871,0.646244,0.611406,-0.456674,M,BuildTutorial
33.891,0.052477,1.660034,2.696766,-8.783220701235743,6.9697010378917925,-4.643635219856568,0.078824,-0.05746,0.035668,-0.994592,0.990852,-0.080008,-0.108675,0.061892,0.985029,-0.160895,0.050278,1.158447,2.87683,-19.61793899882006,7.523716828418425,3.00998710024582,-0.16824,0.069093,0.036998,0.982625,0.987715,0.049461,-0.148233,-0.095958,0.940653,-0.325522,0.164755,1.141223,2.873363,-18.792876627041597,20.186564773224184,-49.43195196718651,-0.218306,0.089853,-0.380135,0.894297,0.694848,-0.719138,0.005262,0.640676,0.61568,-0.458773,M,BuildTutorial
33.925,0.052471,1.659793,2.695877,-8.548101884669377,7.250736435951217,-4.650421718777218,0.076875,-0.059987,0.035669,-0.994595,0.990259,-0.080176,-0.113841,0.06173,0.985636,-0.157198,0.049802,1.160238,2.878167,-20.245067587671176,6.534085851898619,2.2921185774732065,-0.174311,0.059601,0.029672,0.982437,0.991135,0.037524,-0.127453,-0.079081,0.93747,-0.338962,0.164448,1.143804,2.874353,-19.208946203735284,20.410885882643424,-48.92836162806272,-0.221809,0.091009,-0.374952,0.895505,0.702257,-0.711916,0.003337,0.631169,0.620424,-0.465511,M,BuildTutorial
33.958,0.052804,1.659294,2.695143,-8.220793637775554,7.726236388911667,-4.570006498708958,0.074138,-0.064295,0.034852,-0.994563,0.989303,-0.078857,-0.122722,0.059791,0.986578,-0.15195,0.04898,1.161925,2.879302,-20.70127849417844,5.224957775731078,0.6121469810185055,-0.179243,0.045797,0.013439,0.982647,0.995444,0.009994,-0.094822,-0.042829,0.935383,-0.351034,0.165629,1.145933,2.874888,-19.331395145129868,21.42465219692239,-48.91351179180107,-0.226033,0.098498,-0.372608,0.894634,0.702922,-0.711224,-0.007796,0.622169,0.620144,-0.477837,M,BuildTutorial
33.992,0.053223,1.659168,2.694915,-8.106437708009805,8.288688026040598,-4.395709669390974,0.073211,-0.069332,0.03305,-0.994355,0.988202,-0.075878,-0.133041,0.055575,0.987096,-0.150179,0.047386,1.163364,2.881174,-21.2825312356522,3.794336149890004,-1.1008277530402992,-0.184862,0.030762,-0.003323,0.982277,0.998085,-0.017902,-0.059206,-0.004846,0.93163,-0.363375,0.164741,1.148071,2.87554,-20.31076259742821,21.364998143892244,-46.56466599927188,-0.231274,0.09912,-0.352305,0.901426,0.732113,-0.681001,-0.015742,0.589305,0.644788,-0.486793,M,BuildTutorial
34.025,0.053509,1.659182,2.694813,-8.120273136233132,8.833914581360732,-4.172566529893655,0.073343,-0.0742,0.030756,-0.994067,0.987097,-0.072032,-0.143007,0.050264,0.98735,-0.150381,0.044969,1.165265,2.882759,-22.17211240071607,1.5909487347517772,-1.5460347253528837,-0.192431,0.011029,-0.010569,0.981192,0.999533,-0.024986,-0.017575,0.016497,0.925717,-0.377857,0.163559,1.150022,2.875511,-21.25044144980359,21.706447513353577,-44.05243318190702,-0.237274,0.103645,-0.329823,0.907841,0.760948,-0.648039,-0.031669,0.54967,0.669835,-0.499184,M,BuildTutorial
34.059,0.053829,1.65933,2.694679,-8.233130248950596,9.365466725202714,-4.092444325675029,0.074408,-0.078821,0.029638,-0.993666,0.985818,-0.07063,-0.152232,0.047171,0.98717,-0.152546,0.045445,1.165766,2.882577,-23.423232248292596,-0.2370828799118434,-3.4272382078328003,-0.202834,-0.008095,-0.029701,0.978729,0.998105,-0.054855,0.027895,0.061423,0.915953,-0.396558,0.162309,1.150333,2.875868,-21.35493540006226,21.3754660404198,-43.779846952701234,-0.236885,0.101227,-0.32813,0.908829,0.764168,-0.644385,-0.028539,0.548469,0.672433,-0.497007,M,BuildTutorial
34.092,0.053814,1.65962,2.694599,-8.295732623998365,9.815079174848991,-4.054854974308282,0.075039,-0.082721,0.028972,-0.993321,0.984636,-0.069971,-0.159989,0.045142,0.98706,-0.153868,0.04431,1.166166,2.883235,-23.807477051388368,-1.1050069967856193,-3.892508915431635,-0.205819,-0.016435,-0.035218,0.977818,0.996979,-0.062109,0.046638,0.075639,0.912796,-0.40135,0.161747,1.150576,2.875744,-21.63629133363714,21.446489596939777,-43.63257112345565,-0.239126,0.101135,-0.326231,0.908936,0.76669,-0.641414,-0.02783,0.544679,0.672784,-0.500686,M,BuildTutorial
34.125,0.053728,1.66031,2.694371,-8.624877323654601,10.125627615408392,-4.004944927656952,0.077931,-0.085327,0.028076,-0.992904,0.983862,-0.069052,-0.165067,0.042454,0.986277,-0.159548,0.0438,1.165967,2.883644,-23.634777193301915,-1.3618757780573405,-2.543770161452641,-0.20447,-0.016175,-0.024158,0.978441,0.99831,-0.04066,0.041531,0.053889,0.915217,-0.399342,0.161959,1.149993,2.876411,-21.248733337662383,21.757244874266856,-43.97197581486356,-0.237334,0.10422,-0.329084,0.908028,0.761684,-0.647105,-0.033064,0.548165,0.670753,-0.499606,M,BuildTutorial
34.158,0.053707,1.661114,2.694041,-9.011720770981675,10.42672376247901,-4.013320823673312,0.08136,-0.087789,0.027629,-0.992427,0.98306,-0.069124,-0.169753,0.040554,0.985235,-0.166338,0.044382,1.16483,2.884424,-22.70707971038503,-0.7003711625683763,-1.6511084961037945,-0.196752,-0.008828,-0.015329,0.980294,0.999374,-0.026581,0.02334,0.033529,0.922107,-0.38548,0.162326,1.148801,2.877419,-20.695249482616035,21.778512503695605,-44.353386748427496,-0.233485,0.105512,-0.333217,0.907369,0.755668,-0.653972,-0.035874,0.555431,0.668903,-0.49403,M,BuildTutorial
34.192,0.053645,1.661582,2.693968,-9.238892557308692,10.71147156166172,-4.008020187572538,0.08339,-0.090175,0.027191,-0.992056,0.982258,-0.06899,-0.174383,0.038911,0.984614,-0.170358,0.045375,1.162749,2.885258,-21.55970708034493,-0.2173180537812605,-1.340029526954696,-0.187001,-0.00405,-0.011842,0.98228,0.999687,-0.02175,0.012386,0.024779,0.929781,-0.367278,0.162239,1.148301,2.878221,-20.765587791834925,21.672927184876,-43.45151176143726,-0.23289,0.106269,-0.326134,0.910003,0.764688,-0.643063,-0.041505,0.544067,0.678799,-0.493177,M,BuildTutorial
34.225,0.053461,1.661798,2.694027,-9.26255698509515,10.908325399523214,-3.970174806211283,0.083611,-0.091898,0.0267,-0.991893,0.981684,-0.068334,-0.17784,0.0376,0.984593,-0.170773,0.046123,1.161046,2.886008,-20.50012351811657,0.1752613341118777,-0.6452717109974642,-0.17795,0.000503,-0.005269,0.984025,0.999944,-0.010549,0.000885,0.01019,0.936612,-0.35022,0.163038,1.147925,2.878814,-20.86487432605329,21.67259578739037,-43.4172736945673,-0.233624,0.105999,-0.325657,0.910017,0.765423,-0.642235,-0.040759,0.54318,0.678734,-0.494243,M,BuildTutorial
34.258,0.053398,1.661648,2.694191,-9.162001780267568,11.064285335582966,-3.935297856221287,0.082749,-0.09331,0.026371,-0.991842,0.981196,-0.067753,-0.180733,0.036868,0.984914,-0.16907,0.046541,1.159497,2.886997,-19.652625138437163,0.399333012683562,-0.1763930962188203,-0.170666,0.003171,-0.000922,0.985323,0.999978,-0.002899,-0.005935,0.000734,0.941744,-0.336329,0.163794,1.147261,2.879929,-20.83808267127189,21.602527274619916,-43.37279335318323,-0.233177,0.105624,-0.325502,0.910231,0.765784,-0.641822,-0.040486,0.543306,0.679354,-0.493251,M,BuildTutorial
34.292,0.053281,1.661009,2.694801,-8.822596406078574,11.216591879390084,-3.930640552706738,0.079844,-0.094755,0.026517,-0.991939,0.980637,-0.067737,-0.183747,0.037475,0.985844,-0.163425,0.047012,1.158453,2.887801,-19.117802145780892,0.6573603431370937,0.0939400354120625,-0.166054,0.005793,0.001761,0.986098,0.999927,0.001548,-0.012009,-0.005396,0.944846,-0.327472,0.164453,1.146709,2.881222,-20.909397015964593,21.60939021409201,-42.15739455285262,-0.232616,0.10791,-0.315669,0.913564,0.777417,-0.626971,-0.050305,0.526565,0.692486,-0.493146,M,BuildTutorial
34.324,0.053192,1.659796,2.69565,-8.127131226973702,11.364713192590465,-3.9942747451587066,0.073914,-0.096247,0.027579,-0.992226,0.979952,-0.068957,-0.18692,0.040501,0.987552,-0.151988,0.047707,1.157948,2.88852,-18.645913175811593,1.3088862122448337,0.8462349538199964,-0.161901,0.012467,0.009137,0.986686,0.999522,0.013993,-0.02756,-0.022067,0.947409,-0.319263,0.165098,1.145865,2.882521,-20.812914694849407,21.26388996976915,-42.00895231396146,-0.230777,0.105773,-0.315381,0.914379,0.778694,-0.625576,-0.047867,0.527936,0.694554,-0.488752,M,BuildTutorial
34.358,0.053221,1.658098,2.696761,-7.199248862951748,11.506268849780191,-4.018539376050571,0.065937,-0.097793,0.028526,-0.99261,0.979246,-0.069528,-0.190378,0.043735,0.989677,-0.13648,0.049057,1.157755,2.889363,-18.42689376400771,1.9749253233932136,0.9164103428110072,-0.159948,0.018291,0.010652,0.986899,0.999104,0.015173,-0.03951,-0.026875,0.948606,-0.315316,0.166268,1.145198,2.883568,-20.65498832503428,21.281672588953324,-42.64208426199282,-0.230183,0.105165,-0.320714,0.912742,0.772165,-0.633874,-0.044331,0.537045,0.688316,-0.487652,M,BuildTutorial
34.392,0.053201,1.65564,2.698361,-5.83225868732544,11.633515792988382,-3.9726487972699926,0.05409,-0.099401,0.029285,-0.993145,0.978524,-0.068922,-0.19427,0.047416,0.992433,-0.11326,0.050111,1.157754,2.890699,-18.539029920508906,2.3192352096751163,0.078635847692733,-0.161032,0.020084,0.003937,0.986737,0.999162,0.0013,-0.040903,-0.014237,0.948107,-0.317634,0.167464,1.145349,2.884024,-20.94793431472869,21.631411647498663,-41.61082857385082,-0.232458,0.109068,-0.311184,0.915004,0.782538,-0.620176,-0.054922,0.518761,0.698256,-0.49328,M,BuildTutorial
34.424,0.053292,1.65236,2.700385,-3.954075912124372,11.812301623541936,-3.935784889556088,0.037827,-0.101599,0.030589,-0.993635,0.977484,-0.068475,-0.19959,0.053102,0.995267,-0.081388,0.050232,1.158349,2.892019,-18.65630632760321,2.121390814455387,-0.2670814386617756,-0.162103,0.017889,0.000701,0.986611,0.999359,-0.004416,-0.035526,-0.007183,0.947444,-0.319841,0.168861,1.145486,2.884219,-20.885641100790597,21.855942336083867,-41.35725598564847,-0.232337,0.111579,-0.308832,0.915529,0.784346,-0.617336,-0.060801,0.513641,0.701285,-0.49434,M,BuildTutorial
34.458,0.053738,1.647996,2.702754,-1.553764025546053,12.050618593119165,-3.9367989143722655,0.017081,-0.104433,0.032733,-0.993846,0.976045,-0.068631,-0.206462,0.061496,0.997274,-0.040789,0.050735,1.159291,2.893169,-18.78965506490885,2.385848260400236,0.1090390140620513,-0.163182,0.020695,0.004337,0.98637,0.999106,0.001801,-0.042241,-0.015309,0.946706,-0.321735,0.171542,1.145963,2.883938,-20.88675405532908,22.506524484131376,-42.624241596763,-0.235372,0.114176,-0.317602,0.911424,0.772186,-0.632687,-0.058616,0.525192,0.687459,-0.501571,M,BuildTutorial
34.491,0.054093,1.642354,2.705808,1.4354229124970432,12.353521304800646,-3.9501569101064753,-0.008738,-0.107953,0.035609,-0.99348,0.974157,-0.068867,-0.21512,0.07264,0.997311,0.009674,0.052333,1.160248,2.894301,-19.122453617675166,3.4096918514570707,-0.2515388537496233,-0.166092,0.028973,0.002778,0.985681,0.998306,-0.004147,-0.058038,-0.015101,0.944811,-0.327267,0.174054,1.147486,2.88363,-21.24605660087416,23.03816381516494,-42.50689003829946,-0.239495,0.117444,-0.314796,0.910907,0.77422,-0.629755,-0.063177,0.517246,0.687091,-0.510258,M,BuildTutorial
34.525,0.054909,1.635274,2.709464,5.047537179158531,12.730521246450314,-3.9635446439902142,-0.039906,-0.112206,0.039214,-0.992109,0.971744,-0.068853,-0.225771,0.086764,0.99374,0.070382,0.053785,1.161607,2.895399,-19.722468841147233,4.416515224117155,-0.3604834904095197,-0.171254,0.037424,0.003502,0.98451,0.997174,-0.005923,-0.074888,-0.019713,0.941319,-0.336941,0.1772,1.148939,2.883326,-21.470211367893626,23.507658029985684,-42.86579345407806,-0.242886,0.119664,-0.316168,0.909244,0.771437,-0.633077,-0.064023,0.516818,0.682089,-0.517354,M,BuildTutorial
34.558,0.056256,1.626633,2.7136,9.235067516627671,13.22227376495551,-3.854542508630243,-0.076064,-0.117381,0.042562,-0.989254,0.96882,-0.066353,-0.238715,0.102067,0.984805,0.140502,0.054023,1.162815,2.896487,-20.37863212270841,5.31567768090526,-0.0376654747585694,-0.176726,0.045582,0.00788,0.983173,0.99572,-0.000616,-0.092415,-0.031606,0.937412,-0.346785,0.181079,1.150149,2.882678,-21.80783424044651,24.05852358188252,-42.49805370511927,-0.2466,0.123684,-0.311321,0.909379,0.775563,-0.627219,-0.071408,0.505217,0.684535,-0.525518,M,BuildTutorial
34.591,0.057466,1.615359,2.717808,14.526917723417846,13.785911928290377,-3.638002087121031,-0.121676,-0.122976,0.046426,-0.983828,0.965443,-0.061424,-0.253272,0.121277,0.966079,0.227998,0.053953,1.163413,2.89801,-20.68516816164865,6.420379056579975,0.7344833460432394,-0.178895,0.056237,0.016349,0.982124,0.99314,0.011993,-0.116313,-0.052235,0.935459,-0.349555,0.186426,1.151319,2.881571,-22.27299111400886,25.189714261689,-40.92701740639037,-0.251403,0.134547,-0.295314,0.911857,0.789374,-0.606219,-0.096889,0.470917,0.699173,-0.537953,M,BuildTutorial
34.624,0.058517,1.601797,2.720955,20.911396940857017,14.482955009391867,-3.463960320660493,-0.176199,-0.129343,0.05235,-0.974415,0.96106,-0.056441,-0.270516,0.147602,0.932427,0.329839,0.052835,1.163271,2.899788,-20.653285200991387,7.230194698102122,1.158094234386246,-0.178267,0.063837,0.021225,0.98168,0.990949,0.018912,-0.132902,-0.064432,0.935541,-0.347292,0.193482,1.151739,2.879863,-22.33031030955957,26.568632137887764,-40.42964332395506,-0.254745,0.146429,-0.288176,0.911383,0.791026,-0.599882,-0.120083,0.450674,0.704119,-0.548735,M,BuildTutorial
34.658,0.05976,1.587384,2.723682,27.46054362968279,15.41843952782406,-3.101088232220783,-0.231594,-0.136629,0.057876,-0.96143,0.955966,-0.048002,-0.289526,0.174572,0.886029,0.429508,0.050935,1.162295,2.901777,-20.70437808771828,8.105797818890245,0.9182256596146346,-0.178686,0.070961,0.020563,0.981128,0.989083,0.014991,-0.146593,-0.06571,0.935297,-0.34771,0.20052,1.151438,2.878455,-22.545897109531225,27.469662295959292,-38.11257829267471,-0.255511,0.158088,-0.267172,0.91561,0.807254,-0.570037,-0.152964,0.408464,0.726666,-0.552371,M,BuildTutorial
34.691,0.061481,1.575054,2.725781,32.90494148053424,16.61969401978503,-2.154516514194996,-0.277591,-0.143853,0.058767,-0.948049,0.951706,-0.031564,-0.305385,0.191293,0.838979,0.509433,0.047759,1.160893,2.903654,-20.740344412518088,9.056859016849211,1.1641124639322822,-0.178647,0.079483,0.024173,0.9804,0.986196,0.019,-0.164488,-0.075798,0.935002,-0.346448,0.208201,1.150537,2.876328,-22.57113464115993,28.73294078372364,-35.34745940256666,-0.254504,0.174285,-0.24215,0.9199,0.821976,-0.53422,-0.197393,0.356795,0.753182,-0.552643,M,BuildTutorial
34.725,0.063404,1.565664,2.729019,36.47240101817962,18.014408670991877,-1.1579259570203215,-0.307558,-0.151811,0.058469,-0.93752,0.947069,-0.01625,-0.320617,0.203013,0.803979,0.55893,0.043529,1.15837,2.905609,-20.608508531173644,10.354436855332867,1.961214039650985,-0.1766,0.091817,0.032908,0.979438,0.980974,0.032032,-0.191481,-0.096892,0.935459,-0.339894,0.217387,1.148186,2.873298,-22.12632788640956,30.304014713927895,-34.1019416130974,-0.252297,0.190937,-0.229817,0.920366,0.821454,-0.519377,-0.2355,0.326686,0.76706,-0.552173,M,BuildTutorial
34.758,0.066108,1.558688,2.732611,38.84138703322803,19.771221699352537,-0.2266491628618215,-0.327244,-0.162561,0.058922,-0.928985,0.940204,-0.003082,-0.340598,0.215871,0.778879,0.588852,0.039433,1.154809,2.907822,-20.380006633043447,11.328602473323151,1.327608453903417,-0.174912,0.099176,0.028807,0.979153,0.978669,0.02172,-0.204294,-0.091107,0.937152,-0.336817,0.226577,1.144394,2.87,-21.50334303634589,31.62284863054407,-32.1556190559867,-0.246608,0.207509,-0.212944,0.922377,0.82319,-0.495177,-0.277775,0.290483,0.787678,-0.543307,M,BuildTutorial
34.791,0.068908,1.554337,2.73588,40.255947330318,21.5334787505964,0.770449851889661,-0.339232,-0.173125,0.058082,-0.922809,0.933309,0.010262,-0.358928,0.224655,0.763097,0.605981,0.033814,1.150701,2.909969,-19.99578080654149,11.473483243562413,0.3220888018704042,-0.172465,0.098925,0.020108,0.979829,0.979619,0.005283,-0.200796,-0.073528,0.939703,-0.333994,0.234588,1.139537,2.866575,-20.82624818660911,32.26513490651882,-28.190642242637605,-0.234954,0.222772,-0.181383,0.928585,0.834946,-0.441542,-0.328492,0.232177,0.823794,-0.517163,M,BuildTutorial
34.825,0.071607,1.551711,2.739141,40.955540673343066,23.101291738842985,1.530633767202984,-0.345234,-0.182986,0.057785,-0.91869,0.926354,0.020174,-0.376114,0.232519,0.754949,0.613178,0.027284,1.145998,2.912649,-19.113850505894387,11.105619353265611,0.4671028205765927,-0.164858,0.096093,0.020066,0.98142,0.980727,0.007703,-0.195232,-0.071071,0.944838,-0.319734,0.244384,1.133792,2.861526,-19.846033697861163,34.10039661351246,-27.0803044694491,-0.227793,0.242223,-0.171365,0.927401,0.823924,-0.428202,-0.371205,0.207495,0.837489,-0.505528,M,BuildTutorial
34.858,0.074296,1.550108,2.741983,41.35601462505989,24.534384856457763,2.1499781490973127,-0.348722,-0.192275,0.057862,-0.915465,0.919365,0.028159,-0.392397,0.240042,0.75009,0.616234,0.020447,1.140237,2.915505,-17.73621706686866,10.72450357233276,1.4417455310493676,-0.152312,0.094259,0.026782,0.983463,0.980796,0.023965,-0.193559,-0.081392,0.952168,-0.294537,0.254572,1.126567,2.855939,-18.311569527902577,35.96908911826484,-26.61056902474314,-0.217435,0.261814,-0.168295,0.925123,0.80626,-0.425242,-0.411235,0.197532,0.848798,-0.490431,M,BuildTutorial
34.892,0.076849,1.549437,2.744494,41.38086335543538,25.77900644419221,2.515798160202729,-0.348914,-0.201073,0.058777,-0.913441,0.91223,0.032936,-0.408353,0.247693,0.749609,0.613788,0.015058,1.133378,2.918458,-15.656047630783302,11.23864183940887,1.1828971651186988,-0.134537,0.0984,0.023513,0.98573,0.979529,0.019877,-0.200319,-0.072831,0.962694,-0.260608,0.263026,1.118457,2.851031,-16.746633803841934,37.22686065117471,-24.05453845716755,-0.200777,0.28009,-0.149913,0.926695,0.798152,-0.390319,-0.458917,0.165377,0.874429,-0.456097,M,BuildTutorial
34.925,0.079773,1.549384,2.746654,41.16230138457628,27.03926937689953,2.846430068625283,-0.347123,-0.210301,0.059548,-0.911994,0.904455,0.037385,-0.424928,0.254616,0.751919,0.608102,0.010034,1.126974,2.92175,-13.844407862049271,11.476141954333848,1.426325965098399,-0.118673,0.100737,0.024343,0.98751,0.978519,0.024169,-0.204735,-0.071988,0.970648,-0.229477,0.271028,1.109184,2.846745,-14.643135362562123,38.28960720916595,-21.800683611346987,-0.179729,0.296648,-0.136146,0.927988,0.786929,-0.359317,-0.501632,0.146052,0.898323,-0.414348,M,BuildTutorial
34.958,0.08315,1.549504,2.748129,40.86681511556462,28.67764089975493,3.28307712533714,-0.344752,-0.222288,0.060418,-0.909991,0.893875,0.043309,-0.446219,0.263228,0.754992,0.600582,0.005772,1.121627,2.923785,-12.786943054838671,11.665756595745576,2.024105952363596,-0.108978,0.102936,0.028777,0.988281,0.977152,0.034445,-0.209731,-0.079316,0.974591,-0.209477,0.279456,1.099339,2.842038,-12.023030823320257,39.93276365224764,-21.522950461885618,-0.160111,0.315239,-0.1394,0.924963,0.762384,-0.358826,-0.538531,0.156932,0.909864,-0.384082,M,BuildTutorial
34.991,0.086705,1.549298,2.748658,40.731393955010546,30.442890044899933,3.7555218578905,-0.343687,-0.235003,0.06168,-0.90711,0.881939,0.049634,-0.468744,0.273435,0.75615,0.594533,0.003143,1.117862,2.926225,-12.105476355558862,12.332193911062015,2.456642048836363,-0.10252,0.109035,0.032517,0.988202,0.974108,0.04191,-0.222164,-0.086623,0.976865,-0.19553,0.287131,1.090613,2.83711,-9.870738061561672,41.25078025551041,-21.02773928567538,-0.143205,0.330366,-0.140348,0.922309,0.742322,-0.353508,-0.569201,0.164268,0.91959,-0.35689,M,BuildTutorial
35.025,0.090284,1.549069,2.748742,40.7230404147771,32.21613194829436,4.26789932641122,-0.343736,-0.247486,0.062931,-0.903679,0.869581,0.0564,-0.490559,0.283878,0.755771,0.590104,0.001693,1.115245,2.928376,-11.51767160856584,12.745114144771506,2.899081576366363,-0.096896,0.11292,0.036147,0.988207,0.971885,0.049559,-0.230182,-0.093325,0.978609,-0.183343,0.29335,1.083131,2.832845,-8.461183516175225,41.95452204593581,-19.62769934096021,-0.128727,0.340057,-0.132694,0.922054,0.733508,-0.332251,-0.592938,0.157153,0.931643,-0.327634,M,BuildTutorial
35.058,0.093987,1.548956,2.748383,40.68157626627104,34.007826889600814,4.834623972538194,-0.343677,-0.259937,0.063743,-0.900142,0.856739,0.063914,-0.511775,0.293424,0.755646,0.585578,0.002769,1.113232,2.930099,-10.760204350971115,13.623993659527232,3.080361577571824,-0.089893,0.120549,0.037688,0.98791,0.968095,0.052791,-0.244959,-0.096137,0.980998,-0.168526,0.298883,1.076566,2.829055,-7.232851995439479,42.562631984539046,-18.17882591103379,-0.11526,0.348391,-0.124304,0.921893,0.726345,-0.309502,-0.613704,0.14888,0.942527,-0.299128,M,BuildTutorial
35.091,0.097539,1.548823,2.74744,40.65973377229636,35.662291171921446,5.121069053035841,-0.343233,-0.272076,0.0664,-0.896525,0.843131,0.067713,-0.533427,0.305829,0.755564,0.579302,0.005877,1.112264,2.93139,-10.24602701948165,14.834511458923233,3.5098668032426508,-0.084568,0.13123,0.041769,0.986855,0.962068,0.060244,-0.266074,-0.104636,0.982207,-0.155951,0.305681,1.072693,2.82422,-6.487140532925936,43.79337930485596,-17.960525683072238,-0.109975,0.359578,-0.123759,0.91831,0.710775,-0.306388,-0.633187,0.14821,0.945178,-0.290984,M,BuildTutorial
35.124,0.101188,1.548946,2.746037,40.57432395731476,37.25896944965287,5.259904533583217,-0.341961,-0.284239,0.06986,-0.892967,0.828656,0.069633,-0.55541,0.319162,0.756364,0.571007,0.010944,1.112957,2.931752,-10.377018962575493,16.41534443658236,4.094037520507717,-0.084371,0.145283,0.048111,0.984612,0.953156,0.070226,-0.294214,-0.119257,0.981134,-0.152166,0.312945,1.071416,2.820742,-6.665452784618768,43.95213733726799,-16.61074509731659,-0.107309,0.361881,-0.1122,0.919205,0.712906,-0.283935,-0.641206,0.128603,0.951792,-0.278483,M,BuildTutorial
35.158,0.104609,1.54934,2.744473,40.393758339986825,38.685320223781744,5.384068600892603,-0.34,-0.295208,0.072634,-0.889931,0.815153,0.071463,-0.57482,0.330019,0.758249,0.562268,0.017231,1.114584,2.931683,-10.612657956563869,17.92902712358908,3.861988981768055,-0.086071,0.158145,0.047544,0.982508,0.94546,0.0662,-0.318941,-0.120647,0.980663,-0.154094,0.321986,1.074607,2.818614,-8.356695390104203,43.870207036913264,-15.06267764231405,-0.115835,0.360491,-0.094274,0.920729,0.722318,-0.257116,-0.641988,0.090086,0.95539,-0.281274,M,BuildTutorial
35.191,0.107942,1.549963,2.74273,40.11692664033398,39.97078542549006,5.52305607581909,-0.337418,-0.305147,0.074556,-0.887398,0.802654,0.073603,-0.591886,0.338245,0.761181,0.553348,0.024141,1.116764,2.931122,-11.086096784938537,19.295904651192306,3.9897535728532194,-0.089363,0.170024,0.050336,0.980088,0.937116,0.068279,-0.342273,-0.129054,0.978961,-0.158051,0.332349,1.079043,2.817903,-10.203916659789469,43.57474620958623,-13.734349563761027,-0.126187,0.357167,-0.077817,0.9222,0.732752,-0.233665,-0.63912,0.053386,0.956043,-0.288327,M,BuildTutorial
35.224,0.111179,1.550768,2.740372,39.79718333641134,41.130916282347606,5.632461100982501,-0.33451,-0.314249,0.07616,-0.885184,0.790894,0.075407,-0.60729,0.345071,0.764605,0.544339,0.031354,1.119155,2.929906,-11.53468345609878,20.699748487883607,4.4807261517705985,-0.091791,0.182477,0.056301,0.977296,0.927065,0.076546,-0.367004,-0.143545,0.976809,-0.158867,0.344117,1.085011,2.820751,-12.039480431194674,42.134575193744304,-11.139599080472005,-0.132096,0.346296,-0.052552,0.927291,0.754634,-0.188952,-0.62835,0.005974,0.959578,-0.281381,M,BuildTutorial
35.258,0.114357,1.551801,2.737639,39.47610089874963,42.24040699929654,5.661263380760395,-0.331399,-0.323184,0.078181,-0.882958,0.778879,0.076144,-0.622535,0.352268,0.768125,0.534689,0.038543,1.121296,2.928402,-11.768532409139905,21.893175965168336,5.138086595759767,-0.092086,0.193215,0.063224,0.974777,0.917341,0.087673,-0.388328,-0.158843,0.975046,-0.155095,0.357012,1.091732,2.825413,-13.866067085054468,40.21224932363977,-8.281392586242633,-0.137697,0.332171,-0.025923,0.932754,0.777981,-0.139838,-0.612528,-0.043118,0.960735,-0.274097,M,BuildTutorial
35.291,0.11755,1.552892,2.734545,39.13492082042357,43.326958050872776,5.583843544028905,-0.327834,-0.332261,0.080835,-0.880678,0.766136,0.075473,-0.638231,0.360233,0.771981,0.523715,0.045476,1.123064,2.926479,-11.87310072153742,22.844763520812744,5.764839018958587,-0.091345,0.201827,0.069483,0.972674,0.908876,0.098298,-0.405317,-0.172041,0.973656,-0.149651,0.370218,1.098557,2.833578,-15.231522696800926,36.78501969491315,-5.452821506436148,-0.140493,0.306406,-0.00297,0.941472,0.812214,-0.091688,-0.57611,-0.080503,0.960506,-0.26636,M,BuildTutorial
35.324,0.12083,1.554141,2.731393,38.722588420109865,44.35087295174341,5.446119977655019,-0.323573,-0.341111,0.083484,-0.878621,0.753348,0.074047,-0.65344,0.36745,0.776663,0.511641,0.052064,1.124798,2.92382,-11.961047667208236,23.788559810146385,6.016707216081286,-0.091055,0.210053,0.07252,0.970736,0.901237,0.102542,-0.421019,-0.179048,0.9729,-0.146316,0.383266,1.104477,2.843991,-15.999251291644269,32.35832942892537,-0.8537461832797095,-0.135707,0.274927,0.031691,0.951312,0.846822,-0.014323,-0.531684,-0.134915,0.961159,-0.240774,M,BuildTutorial
35.357,0.124127,1.555542,2.728335,38.23975479483378,45.245160987801746,5.4559500876767295,-0.319299,-0.348638,0.084342,-0.877147,0.742677,0.074679,-0.665473,0.3706,0.781869,0.501335,0.058175,1.127022,2.920212,-12.256072225497348,24.90552660350061,6.109787111580613,-0.092665,0.219653,0.074728,0.968288,0.892337,0.104008,-0.439224,-0.185424,0.971658,-0.146624,0.397012,1.109835,2.854109,-16.430755827638716,28.71508140243121,4.0274469718745705,-0.129722,0.25014,0.069104,0.956988,0.865309,0.067365,-0.496691,-0.19716,0.956794,-0.213714,M,BuildTutorial
35.391,0.127548,1.556844,2.725387,37.797837593757,45.93847933140948,5.518728098020442,-0.315647,-0.354415,0.084316,-0.876155,0.734562,0.075992,-0.674273,0.371488,0.786516,0.493345,0.063676,1.129693,2.915985,-12.886017505375303,26.283461341644912,6.035306381670322,-0.097231,0.231364,0.076419,0.964975,0.881262,0.102493,-0.461381,-0.192476,0.969413,-0.15229,0.413511,1.114631,2.864486,-16.01966080238161,26.690948829566345,6.500903820590579,-0.122402,0.23589,0.086743,0.96013,0.873664,0.108822,-0.474205,-0.224315,0.954987,-0.194121,M,BuildTutorial
35.425,0.131253,1.558162,2.722806,37.2523905289406,46.499343606110294,5.603408274948569,-0.311389,-0.359272,0.083368,-0.875791,0.727947,0.077721,-0.681214,0.369772,0.792173,0.485521,0.067971,1.132639,2.911444,-13.70348408912956,27.518910734563224,5.488922918750163,-0.104437,0.241425,0.074518,0.961901,0.872322,0.092931,-0.48002,-0.193785,0.96708,-0.164934,0.43074,1.117139,2.875434,-14.864410091515982,25.038299276872745,8.633619228594073,-0.10974,0.22384,0.100824,0.963165,0.87946,0.145092,-0.453319,-0.243349,0.955583,-0.166259,M,BuildTutorial
35.458,0.135102,1.559547,2.720615,36.711885592404265,46.82401721361014,5.795876168672701,-0.307689,-0.36203,0.080936,-0.876191,0.724767,0.080954,-0.684222,0.364616,0.797554,0.480585,0.070333,1.135368,2.906978,-14.534375898445337,28.252755387962058,4.941242339502401,-0.112121,0.247164,0.072312,0.959745,0.867362,0.083377,-0.490645,-0.194226,0.9644,-0.17947,0.448334,1.119918,2.886249,-14.15629528083573,24.048613154811157,9.702980632615892,-0.102603,0.216191,0.107666,0.964957,0.883339,0.163423,-0.439324,-0.252151,0.955761,-0.151462,M,BuildTutorial
35.491,0.139087,1.560932,2.718911,36.15964333481567,46.968975761185334,5.9812015149536855,-0.304012,-0.363459,0.078015,-0.877148,0.723622,0.084131,-0.68505,0.357852,0.802981,0.476616,0.070834,1.137778,2.903108,-15.137612931957912,28.417397224506026,4.509353490304393,-0.118016,0.248151,0.070111,0.958946,0.867011,0.075894,-0.492475,-0.193037,0.962313,-0.191545,0.465986,1.123177,2.896774,-13.936433634947685,23.82410908856966,11.741993310999538,-0.097126,0.215953,0.124257,0.963582,0.875849,0.197514,-0.440315,-0.281413,0.950253,-0.133511,M,BuildTutorial
35.524,0.143424,1.56239,2.717798,35.57327615740746,46.839682986493614,6.159435093419739,-0.300236,-0.362861,0.074297,-0.879017,0.725623,0.087272,-0.682535,0.348504,0.808677,0.473906,0.069588,1.139348,2.900089,-15.45736038568163,27.91413062333405,4.478861385967064,-0.121073,0.243921,0.069989,0.959659,0.871208,0.075267,-0.48511,-0.193396,0.960886,-0.198234,0.481947,1.12519,2.908496,-13.21648872045306,22.954434591599608,13.4897137497081,-0.088784,0.209534,0.137075,0.964066,0.874612,0.227092,-0.42835,-0.301505,0.946656,-0.113743,M,BuildTutorial
35.557,0.148097,1.56371,2.717268,35.00775417183688,46.4359717484906,6.2885822289572735,-0.296618,-0.360249,0.07032,-0.881643,0.730552,0.089718,-0.676938,0.337707,0.814146,0.472357,0.066917,1.140203,2.897436,-15.624660741447306,26.897812127547574,4.626618387843686,-0.122793,0.235568,0.070481,0.96149,0.87908,0.077681,-0.470302,-0.193385,0.959909,-0.202922,0.499052,1.128965,2.919592,-13.489088710451233,23.29739557467471,12.682819489661275,-0.092173,0.211991,0.130997,0.964056,0.875799,0.213498,-0.432891,-0.291657,0.948688,-0.122179,M,BuildTutorial
35.591,0.153091,1.564654,2.717225,34.59684403200701,45.78226927260803,6.346689564645144,-0.29407,-0.355654,0.066795,-0.884631,0.738097,0.090996,-0.668531,0.327353,0.818122,0.472775,0.063319,1.140056,2.895275,-15.600680452334238,25.450652089476893,4.573727802108371,-0.123574,0.223348,0.068435,0.964449,0.890864,0.076805,-0.44773,-0.187205,0.960092,-0.207792,0.515499,1.131429,2.931167,-13.514388024677258,23.754311836961023,14.02253557168969,-0.089334,0.216911,0.142657,0.961571,0.865198,0.235594,-0.442638,-0.313104,0.943337,-0.109915,M,BuildTutorial
35.625,0.158369,1.565295,2.717657,34.3086058420086,44.96921784678114,6.293682815365949,-0.292174,-0.349911,0.064162,-0.887739,0.746892,0.090551,-0.658752,0.318388,0.821036,0.473846,0.058887,1.138693,2.893505,-15.255895481422364,23.564978635935056,4.6105534318481665,-0.121697,0.207453,0.066111,0.968392,0.905186,0.07755,-0.417882,-0.178535,0.961639,-0.20827,0.52955,1.134083,2.943037,-13.754282151668116,23.410016242357216,15.33447485617998,-0.08933,0.215256,0.15378,0.960227,0.860033,0.256871,-0.440863,-0.333786,0.936743,-0.105351,M,BuildTutorial
35.658,0.163997,1.565609,2.718334,34.19920931614681,44.133050665487104,6.177327035851556,-0.291447,-0.343872,0.062576,-0.890447,0.755673,0.089,-0.648874,0.311882,0.822286,0.476001,0.054231,1.136057,2.892058,-14.506072430767588,21.499282965983372,4.755459179854584,-0.116253,0.190012,0.063961,0.972774,0.919609,0.080261,-0.384549,-0.168619,0.964789,-0.201868,0.542974,1.136173,2.954399,-13.981751862803634,23.24037560777754,15.12557988323446,-0.091867,0.213877,0.152259,0.960539,0.862148,0.253204,-0.438849,-0.331797,0.936756,-0.111355,M,BuildTutorial
35.691,0.170049,1.565288,2.719177,34.25735577003283,43.324612378097896,6.028999031019815,-0.291891,-0.33788,0.06186,-0.892642,0.764021,0.08681,-0.639325,0.307687,0.821946,0.479305,0.049869,1.132557,2.89068,-13.598960393093598,19.507599171662346,4.7196146185456955,-0.109658,0.172885,0.060335,0.976957,0.932941,0.079973,-0.351035,-0.155806,0.96867,-0.193401,0.555457,1.135518,2.96602,-13.40347274548237,22.965260828841373,16.39327483330219,-0.085009,0.211996,0.161757,0.960034,0.857785,0.274542,-0.434548,-0.346628,0.933216,-0.094639,M,BuildTutorial
35.725,0.176375,1.564535,2.720276,34.546526061042165,42.5821204678237,5.882780224272224,-0.294091,-0.332076,0.062019,-0.894086,0.771758,0.08442,-0.630288,0.306222,0.819328,0.484696,0.046023,1.129027,2.888935,-12.714133785442424,17.722428037419803,4.398601802697987,-0.103447,0.15718,0.054728,0.980611,0.944598,0.074815,-0.319589,-0.139854,0.972607,-0.185678,0.565636,1.13159,2.977198,-12.121256178355432,22.60413812766837,17.319344740167093,-0.07301,0.208253,0.167276,0.960895,0.857299,0.29106,-0.424644,-0.351878,0.933377,-0.070639,M,BuildTutorial
35.758,0.182933,1.563314,2.72125,35.035129511821204,42.091172517866646,5.820220511888087,-0.297944,-0.327753,0.062767,-0.894353,0.777277,0.083033,-0.623656,0.307575,0.814579,0.491791,0.042855,1.126352,2.887485,-11.865997725871177,15.962271983003887,4.385699664145481,-0.097005,0.141919,0.052031,0.983739,0.954304,0.074836,-0.289317,-0.129903,0.975766,-0.176088,0.573521,1.124084,2.985925,-9.92194409088086,22.76342453375441,16.06619811899883,-0.05647,0.206523,0.153382,0.964693,0.867645,0.272608,-0.415786,-0.319258,0.94657,-0.045599,M,BuildTutorial
35.791,0.189784,1.561772,2.721827,35.65026062410745,41.89641549767176,5.722628093829834,-0.302514,-0.325666,0.064925,-0.893427,0.779453,0.081026,-0.621199,0.313048,0.80854,0.498261,0.03974,1.123584,2.885556,-11.05125719646646,14.202488179833583,4.47720708766211,-0.090673,0.126687,0.050476,0.986499,0.962805,0.076615,-0.259106,-0.122563,0.978461,-0.166108,0.579533,1.114084,2.992185,-7.523091734603375,23.486472344644422,14.648211974895425,-0.037817,0.209619,0.137788,0.967287,0.874149,0.250707,-0.415945,-0.282416,0.959168,-0.015394,M,BuildTutorial
35.824,0.196545,1.560156,2.722774,36.221426541186595,41.96751581350585,5.574359365300439,-0.306446,-0.325846,0.068034,-0.891788,0.778391,0.078365,-0.622869,0.321052,0.802925,0.502232,0.037529,1.121782,2.883473,-10.550404720962051,12.711449508116,4.606166365434623,-0.086871,0.113815,0.049939,0.988436,0.969104,0.078949,-0.233675,-0.118498,0.979919,-0.160366,0.582681,1.10427,2.99598,-6.056229267565656,24.045545858846054,15.31336948562408,-0.023492,0.213039,0.141038,0.966525,0.869445,0.262624,-0.418442,-0.282644,0.959113,0.014681,M,BuildTutorial
35.857,0.203164,1.55858,2.724101,36.62747025099809,42.200710613071635,5.57925327728107,-0.309438,-0.327096,0.06988,-0.890153,0.77625,0.078025,-0.625578,0.326839,0.79873,0.50518,0.036497,1.120504,2.881328,-10.293639137153988,11.646550367925656,4.406962584915885,-0.085294,0.104408,0.047191,0.989746,0.973744,0.075603,-0.214726,-0.111225,0.980996,-0.158985,0.583087,1.093812,2.997025,-4.669578495850269,24.63429324313484,15.047187343052302,-0.01155,0.216522,0.13643,0.966629,0.86901,0.258753,-0.421745,-0.268757,0.962507,0.036751,M,BuildTutorial
35.891,0.209554,1.556931,2.725323,37.004593357638825,42.41393926332905,5.7409662114512665,-0.31266,-0.327794,0.070377,-0.888731,0.775197,0.079883,-0.626649,0.330069,0.794581,0.509603,0.036063,1.119475,2.87905,-9.991677958664972,10.679377310584275,4.171476261439211,-0.083274,0.095801,0.044198,0.990926,0.977738,0.071638,-0.197224,-0.103549,0.982224,-0.156568,0.582514,1.081817,2.99548,-2.678137866384074,25.8572332503332,13.101118971287043,0.002889,0.224814,0.116352,0.967426,0.871842,0.226422,-0.43431,-0.223824,0.972908,0.057904,M,BuildTutorial
35.924,0.215354,1.554791,2.726326,37.49827150472837,42.569950390622296,5.854759205072554,-0.316664,-0.328,0.071466,-0.887149,0.774617,0.08093,-0.627231,0.334533,0.789234,0.514974,0.03546,1.118599,2.876948,-9.686750287795231,9.604489252863734,4.47617133507731,-0.080814,0.08664,0.045839,0.991898,0.980785,0.076932,-0.179285,-0.104939,0.982736,-0.152375,0.580113,1.070882,2.992725,-1.424515269468848,26.576360499977177,11.704819380098586,0.0114,0.229867,0.102071,0.967788,0.873486,0.202806,-0.442597,-0.192325,0.978903,0.06899,M,BuildTutorial
35.958,0.220554,1.552559,2.727222,38.08403882945397,42.643884393891426,6.036600820516211,-0.321606,-0.327231,0.0721,-0.885602,0.775444,0.082776,-0.625968,0.338182,0.782742,0.522444,0.035591,1.117262,2.874812,-9.324843515112084,8.803507634464799,4.487619783262456,-0.077988,0.07961,0.045141,0.992745,0.983249,0.077209,-0.165105,-0.102043,0.98376,-0.147657,0.576006,1.063035,2.989034,-1.4269617243203827,26.939141573671872,12.099685011335945,0.012505,0.23289,0.105371,0.966697,0.869319,0.209547,-0.447633,-0.197898,0.977481,0.073256,M,BuildTutorial
35.991,0.225338,1.550414,2.728119,38.6588586601023,42.537384752584614,6.193632891633221,-0.326496,-0.325131,0.072386,-0.884562,0.7781,0.084249,-0.622465,0.340368,0.776321,0.530543,0.036723,1.115238,2.872954,-8.8604038893346,8.27079707333407,4.269230189745063,-0.074312,0.074718,0.042606,0.993519,0.985204,0.073555,-0.1548,-0.095765,0.985325,-0.141295,0.569817,1.056793,2.985158,-1.8520574811495447,26.481824938592737,13.07666039723575,0.010448,0.229318,0.114504,0.966537,0.868604,0.226136,-0.440896,-0.216552,0.973559,0.072713,M,BuildTutorial
36.024,0.229891,1.548344,2.728914,39.17321600079013,42.402352763637026,6.244708574438463,-0.330636,-0.323188,0.073211,-0.883668,0.78038,0.084327,-0.619594,0.343103,0.77064,0.537024,0.038793,1.113058,2.871116,-8.395001868157033,7.99320654780318,4.119814120621922,-0.070471,0.07209,0.040859,0.994066,0.986267,0.071074,-0.149082,-0.091394,0.986729,-0.134215,0.56293,1.051757,2.981173,-2.43646320329632,26.110826222228653,13.406259160427188,0.005792,0.226716,0.118452,0.966714,0.869138,0.231645,-0.436966,-0.226392,0.971871,0.064908,M,BuildTutorial
36.057,0.234202,1.546286,2.72951,39.68481473989799,42.180728621175106,6.217202236811684,-0.334586,-0.320804,0.07437,-0.882953,0.783108,0.083342,-0.616276,0.346004,0.765042,0.543132,0.041464,1.110907,2.869598,-7.8626557928503855,8.015018563571653,3.855519704757681,-0.066009,0.071984,0.038267,0.994483,0.986708,0.066609,-0.148225,-0.085615,0.988357,-0.125781,0.556099,1.046719,2.977436,-2.8217897909220593,25.78084458342768,12.699063769145113,0.00081,0.224306,0.113233,0.967918,0.873731,0.219563,-0.434035,-0.218837,0.974355,0.052365,M,BuildTutorial
36.091,0.238428,1.544296,2.729677,40.177883126975345,41.97265634618898,6.122779493961131,-0.3382,-0.318749,0.07601,-0.882181,0.785243,0.081493,-0.613802,0.349711,0.759687,0.54825,0.045046,1.109464,2.868149,-7.510562984598562,8.33791514182457,3.5676950952714432,-0.063032,0.07454,0.035739,0.994582,0.986333,0.061695,-0.152777,-0.080488,0.989499,-0.120052,0.549107,1.041462,2.974114,-2.9454875766592696,24.988149051750774,13.2364842206461,0.0,0.217718,0.11801,0.968851,0.877345,0.228668,-0.421873,-0.228668,0.972148,0.051386,M,BuildTutorial
36.124,0.242547,1.542322,2.729347,40.707832265142194,41.90485772528482,5.995715559865826,-0.341909,-0.317819,0.078416,-0.880875,0.785684,0.079181,-0.61354,0.35548,0.753898,0.552514,0.049072,1.108908,2.866753,-7.361284050102859,8.854499475139574,3.299975201047722,-0.061759,0.078845,0.033602,0.994405,0.985309,0.05709,-0.160958,-0.076567,0.990113,-0.117528,0.542705,1.037018,2.970422,-3.3460611221596146,24.449744053386272,14.620430140575058,-0.00137,0.213569,0.130435,0.96818,0.87475,0.251984,-0.413904,-0.253155,0.96597,0.053061,M,BuildTutorial
36.157,0.246691,1.540721,2.728856,41.18243442276565,42.04691736980099,5.908202509773379,-0.345158,-0.318466,0.080972,-0.879141,0.784046,0.07747,-0.615849,0.362214,0.748619,0.555311,0.053404,1.108909,2.865665,-7.32157813439156,9.549565197100778,3.112881872609379,-0.061348,0.084767,0.032325,0.993985,0.983539,0.053861,-0.17248,-0.074662,0.990383,-0.116477,0.537867,1.033453,2.966959,-3.877142270932876,24.58580103743032,14.58920526557673,-0.005767,0.215262,0.131133,0.967695,0.872933,0.251311,-0.418128,-0.256277,0.965542,0.045294,M,BuildTutorial
36.191,0.250945,1.539332,2.728335,41.49684035392481,42.237083306744715,5.8549247658424255,-0.347248,-0.319614,0.082923,-0.877718,0.781942,0.076405,-0.618651,0.367536,0.745085,0.556566,0.057784,1.109144,2.864794,-7.32583832235079,10.274657113417856,2.767911778531819,-0.061453,0.090871,0.029725,0.99352,0.981718,0.047897,-0.184217,-0.070234,0.99068,-0.116708,0.533677,1.029688,2.963722,-4.13818261371007,24.675087155362405,13.679361389308928,-0.00959,0.216212,0.123925,0.968402,0.87579,0.235872,-0.421137,-0.244166,0.969101,0.035014,M,BuildTutorial
36.224,0.255211,1.537966,2.727782,41.835507137910035,42.49447907784077,5.833282718387808,-0.349552,-0.321139,0.084918,-0.876055,0.779318,0.075724,-0.622037,0.373296,0.741204,0.557913,0.061729,1.109708,2.864049,-7.433290182562327,10.805293719049567,2.4125212459503875,-0.062542,0.095294,0.027016,0.993115,0.980379,0.04174,-0.192655,-0.06558,0.990717,-0.119074,0.529871,1.025272,2.960992,-4.033100482820144,24.61229396366083,14.285832925866057,-0.007627,0.215625,0.128854,0.967907,0.873805,0.246148,-0.419376,-0.252726,0.966677,0.040803,M,BuildTutorial
36.257,0.259049,1.536537,2.727055,42.22587561444275,42.74764012692456,5.7904763428887005,-0.352178,-0.32261,0.087232,-0.874234,0.776627,0.07471,-0.625515,0.379753,0.736723,0.559487,0.064447,1.110474,2.863923,-7.444011280978383,11.048476377746418,2.228268895079354,-0.062734,0.097302,0.025561,0.992947,0.979758,0.038554,-0.196438,-0.062971,0.990822,-0.119609,0.527684,1.021509,2.958714,-3.9426038672066137,24.647848998320864,13.547885339480173,-0.008211,0.215787,0.122457,0.968697,0.876881,0.233704,-0.420075,-0.240791,0.969874,0.03694,M,BuildTutorial
36.292,0.26232,1.535295,2.726397,42.65362475072924,42.89490963259937,5.7088908495530895,-0.355045,-0.323329,0.08964,-0.872563,0.774846,0.07316,-0.627903,0.386026,0.731815,0.561632,0.066807,1.111112,2.863887,-7.363822013218867,11.169980574609998,2.277040784117066,-0.06197,0.098372,0.025983,0.992878,0.979296,0.039405,-0.198564,-0.063789,0.990969,-0.117945,0.527452,1.018905,2.956394,-4.184240860731254,25.18238642943987,12.650296432778552,-0.011411,0.220447,0.115359,0.968486,0.876191,0.218416,-0.429632,-0.228478,0.973124,0.028757,M,BuildTutorial
36.324,0.265393,1.534217,2.725794,42.95439104959758,42.94439540257301,5.535339200086969,-0.35677,-0.323783,0.092051,-0.871439,0.773383,0.070598,-0.629996,0.391466,0.728483,0.562198,0.069297,1.111808,2.863616,-7.395823739370069,11.45984618498278,2.1831682488461195,-0.062264,0.100836,0.025354,0.992629,0.978379,0.037777,-0.203342,-0.06289,0.990961,-0.118498,0.528573,1.016496,2.954588,-4.351215153626508,25.665758941187924,13.04590231564394,-0.011561,0.224716,0.119061,0.967054,0.870655,0.22508,-0.437377,-0.235472,0.971382,0.031149,M,BuildTutorial
36.358,0.268004,1.533396,2.72529,43.18574750270238,42.91507035108029,5.284146272034072,-0.357817,-0.32399,0.094588,-0.870661,0.772167,0.067151,-0.631861,0.396566,0.72604,0.561784,0.071389,1.112326,2.863511,-7.452306842884957,11.823662771082814,1.9112574878435684,-0.062919,0.103844,0.023247,0.992329,0.977352,0.03307,-0.20902,-0.059205,0.991002,-0.120045,0.530856,1.015762,2.953255,-4.8581204231944275,26.13427005704397,13.097100972633376,-0.015254,0.229124,0.120512,0.965788,0.865958,0.225789,-0.446247,-0.239769,0.970488,0.02576,M,BuildTutorial
36.391,0.270283,1.532789,2.724838,43.313774291330326,42.823802967524536,4.979439549688565,-0.357991,-0.324055,0.097014,-0.870299,0.771153,0.063155,-0.633509,0.40088,0.724862,0.560242,0.072808,1.11286,2.863686,-7.518704748626003,12.058017305264787,1.6896353873339631,-0.063651,0.105756,0.021517,0.99212,0.976705,0.029232,-0.212585,-0.056158,0.990971,-0.121748,0.534322,1.016437,2.952425,-5.536395052616457,26.723110314028105,12.933509621307149,-0.020692,0.234649,0.12054,0.964356,0.86082,0.222776,-0.457558,-0.242197,0.970084,0.01666,M,BuildTutorial
36.425,0.272115,1.53237,2.724364,43.43744445295207,42.74463863151176,4.697170582793892,-0.358187,-0.324151,0.099291,-0.869925,0.770135,0.059462,-0.635104,0.404964,0.723687,0.558821,0.073631,1.113196,2.864084,-7.458999114854746,12.186611540616104,1.5875553986666706,-0.063205,0.106809,0.02065,0.992054,0.976331,0.02747,-0.214531,-0.054474,0.991157,-0.120995,0.537778,1.017297,2.952096,-5.947139263351145,27.04833827076136,13.443868414165191,-0.022754,0.237839,0.1257,0.962868,0.855264,0.231242,-0.463736,-0.252889,0.967363,0.015975,M,BuildTutorial
36.457,0.273593,1.531981,2.723929,43.54738570140493,42.69430914137047,4.493903598770551,-0.35848,-0.324242,0.101014,-0.869572,0.769327,0.05679,-0.636327,0.408146,0.722577,0.557942,0.074082,1.113384,2.864416,-7.447748743874511,12.263490498111128,1.5296787945890546,-0.063148,0.107442,0.020181,0.991999,0.976098,0.026469,-0.215714,-0.053608,0.99121,-0.12095,0.541712,1.019034,2.952065,-6.339515101010884,27.37234806274448,13.663529282018164,-0.025241,0.240955,0.12839,0.961675,0.850913,0.234775,-0.469923,-0.259103,0.965758,0.013325,M,BuildTutorial
36.491,0.274685,1.531766,2.723558,43.596221249180665,42.72041227911412,4.364260648162728,-0.358456,-0.324774,0.102229,-0.869242,0.768143,0.055111,-0.637903,0.410557,0.722117,0.556767,0.07415,1.113582,2.864991,-7.449580227037777,12.31445080536426,1.3988212508747675,-0.063278,0.107811,0.019078,0.991972,0.976026,0.024205,-0.216305,-0.051493,0.991264,-0.121427,0.546106,1.022078,2.951867,-7.0819388141887645,27.880474106274978,13.924961171371086,-0.030354,0.245943,0.132194,0.959748,0.844074,0.238814,-0.480112,-0.268675,0.963207,0.00676,M,BuildTutorial
36.524,0.275461,1.531728,2.723165,43.62609114899692,42.80766861816067,4.336630471017164,-0.358523,-0.325478,0.102803,-0.868882,0.766991,0.054735,-0.639319,0.412031,0.721785,0.556109,0.074567,1.113639,2.865188,-7.498933463007438,12.315501651598565,1.4053659524763182,-0.063699,0.107826,0.019181,0.991942,0.976011,0.024317,-0.216358,-0.05179,0.991149,-0.122235,0.550814,1.02535,2.951547,-7.753382656240988,28.49450139279797,13.919981609266442,-0.035293,0.251675,0.133697,0.957883,0.837569,0.238368,-0.491588,-0.273898,0.961759,-0.000317,M,BuildTutorial
36.557,0.275965,1.531767,2.722746,43.58336834953944,42.883827759266566,4.403890711086628,-0.358326,-0.325908,0.1024,-0.86885,0.766596,0.055623,-0.639716,0.411503,0.722233,0.555918,0.074883,1.113511,2.865294,-7.507057512466194,12.254747656798411,1.3524922282809198,-0.063829,0.107271,0.018697,0.992003,0.976287,0.0234,-0.215213,-0.050788,0.991153,-0.122625,0.554793,1.028163,2.95155,-8.164370275675063,28.84505550161501,14.078137901785714,-0.037979,0.255015,0.13598,0.956574,0.832953,0.24078,-0.498211,-0.279521,0.960134,-0.003305,M,BuildTutorial
36.591,0.276143,1.531934,2.722355,43.56440179478564,42.95826827110819,4.5111765561214545,-0.358423,-0.326165,0.101761,-0.868789,0.766522,0.056993,-0.639685,0.410629,0.722355,0.556406,0.074842,1.113426,2.865642,-7.4761339086394685,12.116869543307148,1.3650848560645656,-0.063572,0.106083,0.018701,0.992147,0.976794,0.02362,-0.212877,-0.050595,0.991218,-0.122177,0.55832,1.030776,2.951576,-8.51202359210668,29.05021708889915,14.269517150033456,-0.04022,0.257099,0.138371,0.955582,0.829508,0.243768,-0.502488,-0.28513,0.958472,-0.005718,M,BuildTutorial
36.624,0.276143,1.532206,2.722017,43.49916512266908,42.95518852424099,4.580031660013762,-0.358133,-0.326023,0.101028,-0.869047,0.767005,0.057922,-0.639022,0.409116,0.723068,0.556594,0.075016,1.11361,2.865928,-7.525448881256748,12.020519592509208,1.3724570404727203,-0.064008,0.105255,0.018756,0.992206,0.977139,0.023746,-0.211271,-0.050695,0.991102,-0.12307,0.561587,1.033277,2.95177,-8.835616428644553,29.31333411930744,14.207681528685724,-0.042752,0.259554,0.138629,0.95477,0.826827,0.242525,-0.507482,-0.286911,0.957908,-0.009674,M,BuildTutorial
36.657,0.275852,1.532515,2.721627,43.39999763580831,42.904064714955375,4.591961698737878,-0.357469,-0.325745,0.100472,-0.869489,0.767592,0.058169,-0.638294,0.407606,0.724242,0.556175,0.07518,1.113855,2.865936,-7.639168834335547,12.019191963695082,1.4845911949562085,-0.06489,0.105312,0.019829,0.992122,0.977033,0.025678,-0.211537,-0.053013,0.990792,-0.124582,0.564395,1.035924,2.951874,-9.361922289347827,29.58377613063753,14.23736525293936,-0.046761,0.262274,0.140093,0.953625,0.823173,0.242663,-0.513323,-0.29172,0.956375,-0.0157,M,BuildTutorial
36.691,0.27546,1.532924,2.72125,43.316824840201626,42.76199038669242,4.561018313422368,-0.356882,-0.324886,0.100008,-0.870105,0.768895,0.057857,-0.636752,0.405927,0.725267,0.556068,0.075298,1.11422,2.866194,-7.736459949954073,12.105968510762496,1.4547055376640154,-0.065745,0.106051,0.019708,0.991989,0.97673,0.025156,-0.212993,-0.053045,0.990578,-0.126257,0.566796,1.037732,2.952231,-9.54261627615435,29.575974916930317,14.43446789208114,-0.047831,0.262447,0.142112,0.953225,0.821852,0.245823,-0.513937,-0.296036,0.955033,-0.016594,M,BuildTutorial
36.724,0.275069,1.533352,2.720864,43.204924411781725,42.56762029475992,4.49337753611961,-0.35602,-0.323784,0.099574,-0.870918,0.770497,0.057106,-0.63488,0.403989,0.726669,0.555648,0.075541,1.114441,2.86622,-7.78653157389824,12.20230317825058,1.4299558371371257,-0.066185,0.106873,0.019595,0.991874,0.976388,0.024724,-0.214604,-0.053018,0.990471,-0.127106,0.568614,1.038979,2.952762,-9.499459011634118,29.592055718403767,14.569786849041302,-0.04714,0.262599,0.143153,0.953062,0.821098,0.24811,-0.514042,-0.297626,0.95457,-0.01467,M,BuildTutorial
36.757,0.274544,1.533772,2.720398,43.11614371517294,42.35933094225974,4.33303154855188,-0.355082,-0.322827,0.099876,-0.871622,0.771615,0.055151,-0.633694,0.403369,0.727883,0.554509,0.07558,1.114983,2.866242,-7.891141723973913,12.261505074763184,1.440044815848842,-0.067071,0.107396,0.019813,0.991754,0.976147,0.024894,-0.215679,-0.053706,0.990218,-0.12878,0.570575,1.039881,2.953105,-9.378221859451104,29.834982731355986,14.069185093270022,-0.046978,0.264309,0.138831,0.953236,0.821733,0.239845,-0.516943,-0.289512,0.957038,-0.016174,M,BuildTutorial
36.79,0.27405,1.534234,2.719875,42.993009140740064,42.2424037793286,4.1875652490228354,-0.353848,-0.322564,0.100247,-0.872178,0.771806,0.05341,-0.633611,0.403144,0.729484,0.552565,0.075307,1.115508,2.866182,-7.9896698422583725,12.226980218871724,1.552197686079136,-0.067825,0.107168,0.020854,0.991706,0.97616,0.026826,-0.215387,-0.0559,0.98993,-0.130055,0.571658,1.040356,2.953618,-9.289070049142108,29.752628603291395,14.289599314580864,-0.045825,0.263637,0.140441,0.953243,0.821544,0.243587,-0.515491,-0.291912,0.956353,-0.013313,M,BuildTutorial
36.824,0.273617,1.534776,2.719381,42.845864529042565,42.19362354195693,4.138653291194604,-0.352645,-0.322553,0.100023,-0.872695,0.771909,0.052914,-0.633527,0.402073,0.731274,0.550977,0.075062,1.116023,2.86622,-8.079704529113483,12.31013405540276,1.5618484096890228,-0.06858,0.107898,0.02107,0.99157,0.975828,0.026985,-0.216866,-0.056584,0.989706,-0.131458,0.571898,1.040799,2.954161,-9.331321568631717,29.43877011400185,14.56786901295097,-0.045929,0.261174,0.14272,0.953577,0.822839,0.248197,-0.511209,-0.296179,0.955043,-0.013045,M,BuildTutorial
36.857,0.273294,1.535237,2.718898,42.725043430983256,42.13716572608296,4.079411294819824,-0.351617,-0.322476,0.099935,-0.873148,0.772045,0.05226,-0.633416,0.401292,0.732758,0.549574,0.074617,1.116374,2.866295,-8.182147512262164,12.312124237808616,1.557810471854343,-0.06947,0.107918,0.021131,0.991504,0.975814,0.026909,-0.216939,-0.056898,0.989455,-0.133199,0.571864,1.040411,2.954862,-9.091376918279153,29.12621988963337,14.739041604688415,-0.043923,0.258424,0.14352,0.954301,0.825239,0.25122,-0.505836,-0.296623,0.954946,-0.009654,M,BuildTutorial
36.891,0.272695,1.535685,2.718565,42.622646830777065,42.077308841632856,4.061567376024451,-0.350847,-0.322219,0.099578,-0.873594,0.772519,0.052117,-0.63285,0.400081,0.733981,0.548824,0.073965,1.11639,2.866133,-8.169580690351982,12.088572083199455,1.6025235487864211,-0.069361,0.10601,0.021371,0.991713,0.976611,0.027682,-0.213227,-0.057094,0.989465,-0.133042,0.572235,1.039745,2.955228,-8.839342343615808,29.050337957724615,14.877585454133282,-0.041596,0.257613,0.144121,0.954534,0.82573,0.253705,-0.503789,-0.296567,0.954998,-0.005154,M,BuildTutorial
36.924,0.272198,1.536059,2.718254,42.513839751095105,42.00489459572139,4.08200664014942,-0.350146,-0.321757,0.098872,-0.874125,0.773394,0.052471,-0.63175,0.398176,0.735245,0.548518,0.072982,1.116497,2.866231,-8.150398189339194,11.936092320171136,1.6203738328135024,-0.069207,0.1047,0.021416,0.991862,0.977158,0.027992,-0.210661,-0.056976,0.989504,-0.132803,0.573403,1.039654,2.95501,-8.828665312695737,29.39965492487449,14.95681338334359,-0.040887,0.26054,0.144884,0.953654,0.822255,0.255033,-0.508777,-0.297644,0.954674,-0.002488,M,BuildTutorial
36.957,0.271708,1.536314,2.718084,42.44130344859952,41.90629616981587,4.079804227420132,-0.349677,-0.321113,0.098369,-0.874606,0.77442,0.052504,-0.63049,0.39664,0.736099,0.548485,0.072261,1.116789,2.865979,-8.257862621144392,11.916142090059818,1.562363256969531,-0.070194,0.104498,0.020998,0.991823,0.977279,0.026983,-0.210234,-0.056323,0.989264,-0.134851,0.574346,1.039945,2.954862,-9.06080256614914,29.49608052662971,15.15733521350948,-0.042249,0.261631,0.147076,0.95296,0.819836,0.258208,-0.511075,-0.302422,0.953168,-0.003564,M,BuildTutorial
36.99,0.271179,1.536464,2.718083,42.382915623452185,41.78558406450322,4.034918790041142,-0.349214,-0.32041,0.098168,-0.875072,0.775402,0.051975,-0.629326,0.395591,0.736825,0.548267,0.071208,1.116913,2.866032,-8.274966114044208,11.834342954145026,1.582226086721584,-0.070339,0.103803,0.021135,0.991882,0.977557,0.027323,-0.208894,-0.056529,0.989211,-0.135149,0.575776,1.039516,2.954573,-8.904287642205679,29.78134844217993,15.13417598450632,-0.040628,0.263848,0.146655,0.952484,0.817753,0.257934,-0.514539,-0.300813,0.953683,-6e-06,M,BuildTutorial
37.023,0.270673,1.536531,2.718061,42.35359315550301,41.65037481414934,3.9872835444531014,-0.348975,-0.319563,0.098032,-0.875492,0.776538,0.051386,-0.627971,0.394692,0.737212,0.548395,0.070578,1.116578,2.865671,-8.240604517242252,11.734715885253582,1.5253249964371838,-0.070111,0.102904,0.020551,0.992005,0.977977,0.026344,-0.207044,-0.055203,0.989324,-0.13487,0.577055,1.039266,2.954379,-8.814168174942191,30.139403825961516,14.874639837734788,-0.040021,0.266649,0.144431,0.95207,0.816076,0.253673,-0.519297,-0.296359,0.955076,0.00082,M,BuildTutorial
37.057,0.270307,1.536532,2.717999,42.38430305483971,41.552561593346354,3.921295962043714,-0.349107,-0.318974,0.09833,-0.87562,0.777174,0.050512,-0.627256,0.394913,0.73691,0.548641,0.069825,1.116388,2.865448,-8.224008920269178,11.62219636110124,1.49094515063989,-0.070018,0.101908,0.02017,0.992122,0.978416,0.025751,-0.205034,-0.054292,0.989381,-0.134822,0.577258,1.038947,2.954422,-8.785237781438084,30.02123558224275,15.168848187445692,-0.039246,0.265742,0.146772,0.951997,0.815678,0.258594,-0.517493,-0.300311,0.953836,0.003282,M,BuildTutorial
37.09,0.270024,1.536517,2.718112,42.39928716433312,41.48191077807343,3.875558508909086,-0.349154,-0.318553,0.098509,-0.875735,0.77764,0.049913,-0.626726,0.394984,0.736775,0.548772,0.069163,1.116053,2.865251,-8.158055231173574,11.538387630825794,1.4133828302171187,-0.06953,0.101132,0.01939,0.992251,0.978793,0.024416,-0.203393,-0.052543,0.989579,-0.13406,0.577236,1.038221,2.954672,-8.619564923277968,29.772971519284912,15.508032164357823,-0.037399,0.263635,0.149153,0.952288,0.8165,0.264353,-0.513269,-0.303791,0.95271,0.007414,M,BuildTutorial
37.124,0.269826,1.536511,2.718181,42.4055389921683,41.430828921778215,3.8844531655838623,-0.34927,-0.318127,0.098304,-0.875867,0.778263,0.050021,-0.625943,0.394427,0.736694,0.549281,0.068316,1.11595,2.865357,-8.16667948075594,11.519902101852107,1.3848283342836618,-0.069633,0.100955,0.019139,0.992267,0.978884,0.023923,-0.203014,-0.052042,0.98957,-0.134324,0.577658,1.037587,2.954492,-8.397475038141469,29.8794267272723,15.2374770239882,-0.036029,0.26422,0.146464,0.952596,0.817473,0.260002,-0.513943,-0.29808,0.954501,0.008755,M,BuildTutorial
37.157,0.269641,1.536449,2.718301,42.430001069362206,41.37408109078484,3.891473572998971,-0.349523,-0.317638,0.09815,-0.87596,0.778946,0.050093,-0.625087,0.393994,0.7364,0.549985,0.067546,1.115721,2.865467,-8.118504591456475,11.491579866770431,1.2464685118610837,-0.069342,0.100624,0.017882,0.992344,0.97911,0.021536,-0.202187,-0.049446,0.989744,-0.134023,0.577576,1.037017,2.954518,-8.338184474714463,29.79804028544402,15.475085068847836,-0.035091,0.26356,0.148287,0.952531,0.817095,0.263998,-0.512505,-0.300993,0.953559,0.011314,M,BuildTutorial
37.19,0.269574,1.536319,2.718341,42.484032594033614,41.29717201725783,3.88529889463896,-0.349981,-0.316995,0.098123,-0.876014,0.779773,0.04997,-0.624065,0.393798,0.735771,0.550967,0.066504,1.115542,2.865829,-8.04027148736479,11.356523236448792,1.2952596319102208,-0.068643,0.099481,0.018156,0.992503,0.979548,0.022382,-0.199964,-0.049697,0.989917,-0.132645,0.57767,1.037087,2.954198,-8.460086451928836,29.95628163694353,15.347280867068584,-0.0362,0.264953,0.147535,0.95222,0.816067,0.261789,-0.515268,-0.300154,0.953846,0.009239,M,BuildTutorial
37.224,0.269494,1.536181,2.718461,42.515940170804136,41.271997762439376,3.9450369593555927,-0.350409,-0.316576,0.097684,-0.876043,0.780475,0.050711,-0.623128,0.393013,0.735343,0.552097,0.066023,1.11552,2.865908,-8.045911493302375,11.305598833148167,1.2384247983814884,-0.068749,0.099006,0.017638,0.992552,0.979773,0.0214,-0.198963,-0.048626,0.989925,-0.132981,0.577892,1.036882,2.954147,-8.554070611763741,30.052602969310257,15.409322501642428,-0.036717,0.265863,0.148283,0.95183,0.814658,0.262756,-0.517003,-0.301804,0.953328,0.008948,M,BuildTutorial
37.257,0.269484,1.536064,2.718622,42.56132510790003,41.245455644179366,3.9367104063302394,-0.350752,-0.316336,0.097801,-0.875979,0.780733,0.050567,-0.622815,0.393254,0.734816,0.552627,0.065965,1.11549,2.865794,-8.040733789797775,11.283509697977584,1.189202780106774,-0.06875,0.098785,0.017194,0.992582,0.979892,0.020549,-0.198469,-0.047715,0.989956,-0.133084,0.57743,1.036544,2.95403,-8.535198969779033,30.03445892900223,15.63222181146792,-0.036066,0.265765,0.150088,0.9516,0.813685,0.266476,-0.516631,-0.304817,0.952346,0.011135,M,BuildTutorial
37.29,0.269581,1.535917,2.718671,42.6132532981504,41.20287722063689,3.9096937238055394,-0.351107,-0.316022,0.098031,-0.875925,0.78104,0.05018,-0.622462,0.39365,0.734228,0.553127,0.066399,1.115374,2.865324,-8.034532931276262,11.258089226497765,1.31832948834775,-0.068589,0.098642,0.018292,0.992588,0.97987,0.022781,-0.198332,-0.049844,0.989922,-0.132553,0.577032,1.03571,2.954158,-8.434827866645401,29.85156570700032,16.023017465294874,-0.034566,0.264267,0.153062,0.951599,0.81347,0.273038,-0.513534,-0.309577,0.950754,0.015112,M,BuildTutorial
37.324,0.269651,1.535804,2.718817,42.61619490355081,41.18154762438718,3.854790363182118,-0.350996,-0.316023,0.098394,-0.875928,0.780897,0.049473,-0.622698,0.394218,0.73424,0.552706,0.066478,1.115429,2.865142,-8.07789341966215,11.24659613758008,1.3247022686312209,-0.068961,0.098548,0.018377,0.99257,0.979901,0.022889,-0.198165,-0.050073,0.989813,-0.133275,0.577088,1.035527,2.953599,-8.770148204518751,30.125381665950787,16.39792918062671,-0.036125,0.266996,0.156975,0.950141,0.808144,0.279006,-0.518709,-0.317587,0.948108,0.015177,M,BuildTutorial
37.357,0.269699,1.535678,2.718919,42.65171140222823,41.17113591538732,3.82798976382792,-0.3512,-0.315977,0.098672,-0.875832,0.780845,0.049101,-0.622792,0.394783,0.733844,0.552828,0.067183,1.115029,2.8645,-8.073153686676546,11.332804005697634,1.2590261500837614,-0.068963,0.099255,0.017856,0.992509,0.979659,0.021755,-0.199486,-0.049134,0.989851,-0.133348,0.577111,1.034766,2.953184,-8.733796592545621,30.219263954443605,16.38560655958598,-0.035722,0.267733,0.156824,0.949973,0.80745,0.27883,-0.519883,-0.317085,0.94826,0.016104,M,BuildTutorial
37.39,0.26975,1.535602,2.718976,42.685889502066935,41.16511150314682,3.856715578898256,-0.351543,-0.315796,0.098535,-0.875775,0.781127,0.049442,-0.622411,0.394621,0.733417,0.55351,0.066875,1.114963,2.864581,-8.014775872874033,11.349435300412052,1.2840616193719046,-0.068433,0.099412,0.018033,0.992527,0.979584,0.022191,-0.199806,-0.049403,0.989983,-0.132258,0.576725,1.034431,2.952961,-8.80223435745631,30.134161282777026,16.71731004420534,-0.035636,0.267202,0.159694,0.949648,0.806202,0.284263,-0.518876,-0.322351,0.946456,0.017659,M,BuildTutorial
37.423,0.269808,1.535553,2.719085,42.68697345893392,41.13180627242189,3.839049632331339,-0.351531,-0.315594,0.098571,-0.875848,0.781369,0.049215,-0.622126,0.394549,0.73342,0.553559,0.066492,1.114784,2.864652,-7.9753489162767135,11.272239366346817,1.2927839802431251,-0.068096,0.098747,0.018029,0.992616,0.979848,0.022344,-0.198491,-0.049241,0.990076,-0.131626,0.576496,1.034219,2.952626,-8.903144834822408,30.170732142191905,16.84719087183014,-0.036123,0.267652,0.160998,0.949283,0.804884,0.286329,-0.519786,-0.325003,0.945549,0.017601,M,BuildTutorial
37.457,0.269816,1.535571,2.719255,42.69492840381397,41.1010854689489,3.8163140840236105,-0.351555,-0.315418,0.098674,-0.87589,0.78155,0.048919,-0.621921,0.394628,0.733345,0.553601,0.066716,1.114496,2.864366,-7.970698579184389,11.232079832357714,1.3231202491203276,-0.068036,0.098417,0.018264,0.992649,0.979961,0.022867,-0.197872,-0.049651,0.990075,-0.131477,0.576386,1.033998,2.952515,-8.857827810390782,30.145389119062635,16.52091884705428,-0.036542,0.267291,0.158189,0.94984,0.807064,0.280973,-0.519328,-0.320043,0.947282,0.015146,M,BuildTutorial
37.49,0.269799,1.535501,2.719335,42.699651978875586,41.04919220512639,3.781492232890306,-0.35154,-0.315122,0.098795,-0.87599,0.781876,0.048469,-0.621548,0.394642,0.733319,0.553625,0.066437,1.114453,2.864501,-7.924118891688557,11.236649978723928,1.2796775529000717,-0.067669,0.098429,0.017851,0.99268,0.979986,0.022119,-0.197833,-0.048761,0.990205,-0.130834,0.576132,1.033997,2.952221,-8.879855676968845,30.131591162533784,16.834678952788895,-0.036013,0.267299,0.160832,0.949414,0.805369,0.286139,-0.519139,-0.324644,0.945673,0.017599,M,BuildTutorial
37.523,0.269697,1.535464,2.719454,42.70328092064858,41.023971473396145,3.7701513796197665,-0.351558,-0.314959,0.098815,-0.876039,0.782073,0.048321,-0.62131,0.394584,0.733286,0.553711,0.066516,1.114201,2.864381,-7.882506821319576,11.221238804571737,1.334304558467833,-0.067264,0.098326,0.01828,0.99271,0.979996,0.023065,-0.197678,-0.04952,0.990283,-0.129953,0.576092,1.034253,2.951823,-9.071981160810758,30.26421367922784,16.81334267035952,-0.037478,0.268593,0.16111,0.948945,0.803803,0.285636,-0.521836,-0.325901,0.945278,0.015417,M,BuildTutorial
37.558,0.269542,1.535503,2.719511,42.71851040853563,40.99897172499271,3.7695085990369743,-0.351693,-0.314749,0.098788,-0.876063,0.782348,0.048301,-0.620966,0.394479,0.733106,0.554023,0.066907,1.113931,2.863917,-7.923569107785633,11.21679155245164,1.3220636264844647,-0.067631,0.098282,0.018206,0.992691,0.980019,0.022852,-0.197589,-0.04944,0.990189,-0.130695,0.575781,1.0343,2.951282,-9.084148817941438,30.29041243788499,17.05737028870808,-0.03697,0.268902,0.163165,0.948526,0.802138,0.289649,-0.522186,-0.329415,0.944021,0.017616,M,BuildTutorial
37.591,0.269338,1.535467,2.719564,42.72600787536964,40.98627055259553,3.7908291834651457,-0.351819,-0.314576,0.098608,-0.876094,0.782636,0.048568,-0.620582,0.394128,0.732999,0.554414,0.06675,1.113813,2.864048,-7.929474061520384,11.226592763845815,1.276146789963865,-0.06772,0.09834,0.017819,0.992686,0.980024,0.022058,-0.197654,-0.048696,0.990193,-0.130945,0.57483,1.034854,2.950761,-9.103207874649728,30.37474550670582,16.758816352645482,-0.037711,0.269523,0.160762,0.948731,0.803026,0.284713,-0.523534,-0.325368,0.945467,0.015104,M,BuildTutorial
37.623,0.268962,1.53542,2.719796,42.733742287638016,40.88174150183615,3.748961200128856,-0.351853,-0.313895,0.09863,-0.876323,0.783484,0.048026,-0.619553,0.393753,0.732943,0.554755,0.066647,1.113635,2.864221,-7.899724464848608,11.19671652097488,1.313398766189929,-0.067435,0.098102,0.018099,0.992724,0.980097,0.022703,-0.197217,-0.049165,0.99025,-0.130337,0.572651,1.035938,2.950384,-9.177913820507037,30.31920447189056,16.483067126317117,-0.039059,0.269048,0.158621,0.949172,0.804905,0.2801,-0.523137,-0.322135,0.946628,0.011206,M,BuildTutorial
37.656,0.268427,1.535442,2.720183,42.754324118373106,40.68155683905522,3.728093837720103,-0.352124,-0.3124,0.098235,-0.876793,0.785513,0.047744,-0.617001,0.39227,0.732717,0.556102,0.066304,1.113701,2.864538,-7.912159914986084,11.14732277889457,1.3022769879791438,-0.06756,0.097668,0.017984,0.99276,0.980275,0.022511,-0.196352,-0.048905,0.990224,-0.13063,0.568238,1.037854,2.950439,-9.329226954052745,29.87475883661847,16.175892557343523,-0.041648,0.265409,0.156242,0.95048,0.810293,0.274902,-0.517546,-0.319117,0.947708,0.003765,M,BuildTutorial
37.69,0.267707,1.535439,2.720602,42.79761708073192,40.45451551632376,3.7036537001834806,-0.35258,-0.310679,0.09785,-0.877264,0.787808,0.047398,-0.614094,0.390759,0.732225,0.557812,0.066081,1.113766,2.864889,-7.966308884252438,11.144852585130128,1.280696460928699,-0.068048,0.097636,0.017841,0.992733,0.980298,0.022136,-0.196282,-0.048712,0.990102,-0.131624,0.562151,1.04037,2.950829,-9.548605608653917,29.165042249500296,15.808546118632425,-0.045281,0.259594,0.153383,0.952384,0.81817,0.268649,-0.508356,-0.315668,0.948847,-0.006615,M,BuildTutorial
37.723,0.266702,1.535405,2.721001,42.8568471485156,40.111843279263674,3.6468621056966626,-0.353168,-0.30815,0.097401,-0.877969,0.791113,0.046626,-0.60989,0.388688,0.731571,0.560112,0.065796,1.11387,2.865196,-8.001666778789254,11.104009166063646,1.3486522174308126,-0.068303,0.097324,0.018435,0.992735,0.980377,0.023307,-0.195752,-0.049897,0.98999,-0.132024,0.554133,1.043117,2.951011,-9.77398245449532,28.42665166469759,15.396758497806896,-0.049067,0.253498,0.150114,0.954357,0.826409,0.261649,-0.498587,-0.311402,0.950116,-0.017547,M,BuildTutorial
37.757,0.265199,1.535405,2.72177,42.898617446428005,39.61689714656678,3.592320415152453,-0.353758,-0.304468,0.096412,-0.879124,0.796008,0.045899,-0.603544,0.384933,0.73112,0.563285,0.065795,1.113862,2.86527,-8.029834909370813,11.04465419263809,1.3955145616644664,-0.068517,0.096839,0.018829,0.99276,0.980536,0.024114,-0.194855,-0.050655,0.989902,-0.132396,0.544063,1.046353,2.95143,-10.06949616745272,27.53401531278175,14.615999414855228,-0.054392,0.245973,0.143787,0.957008,0.837645,0.248453,-0.486438,-0.301969,0.952733,-0.033372,M,BuildTutorial
37.791,0.263255,1.535332,2.722636,43.00649359086709,38.89151975849466,3.5040295922430604,-0.354953,-0.29903,0.095151,-0.880645,0.803055,0.044694,-0.594227,0.379872,0.72991,0.568269,0.06582,1.113957,2.865507,-8.080411459572737,11.032747746356485,1.4549807874084488,-0.068907,0.096774,0.019379,0.992729,0.980519,0.025139,-0.194811,-0.051813,0.989753,-0.133062,0.531766,1.049325,2.952598,-10.259502216440769,26.048049574996547,14.13189831403844,-0.058839,0.233468,0.139364,0.960525,0.852141,0.240251,-0.464904,-0.295199,0.954231,-0.047958,M,BuildTutorial
37.823,0.260446,1.535114,2.724011,43.14542549686599,37.723409777426,3.356001799299023,-0.356592,-0.290322,0.093046,-0.883118,0.814112,0.042711,-0.579136,0.371395,0.728369,0.575799,0.065521,1.114249,2.865878,-8.158648073646367,11.065485900348316,1.491952818710721,-0.069548,0.097084,0.019784,0.992646,0.980367,0.025773,-0.195492,-0.052781,0.989543,-0.134232,0.518121,1.052208,2.953964,-10.480610945823509,24.43562411908596,13.365147030837813,-0.064134,0.2197,0.132455,0.964404,0.868375,0.2273,-0.440749,-0.283661,0.956685,-0.065502,M,BuildTutorial
37.857,0.256796,1.534823,2.725771,43.354611510439675,36.002297961972346,3.097492657118263,-0.358931,-0.277581,0.090223,-0.886553,0.829617,0.03929,-0.556949,0.359241,0.726057,0.586335,0.065665,1.114406,2.866097,-8.203693464215908,11.113231286562316,1.4625627991291217,-0.069955,0.097482,0.019596,0.992582,0.980227,0.025263,-0.196259,-0.052541,0.989445,-0.135052,0.503562,1.055082,2.955523,-10.580732234362465,23.096492728374717,12.17984019315804,-0.068679,0.207799,0.121853,0.968119,0.883943,0.207393,-0.419086,-0.264479,0.96087,-0.082336,M,BuildTutorial
37.89,0.252338,1.53452,2.727676,43.61027410433115,33.806520947451986,2.5267818181501003,-0.361269,-0.262052,0.088389,-0.890506,0.847033,0.031921,-0.530581,0.346763,0.723345,0.597099,0.066083,1.114471,2.865538,-8.284545513425176,11.13651532178519,1.5100319596512537,-0.070611,0.097717,0.020089,0.992503,0.980096,0.026078,-0.196805,-0.053677,0.989221,-0.136237,0.488528,1.058414,2.957306,-10.898138097461482,21.68206363090853,11.15957702749314,-0.074619,0.195416,0.112841,0.971345,0.898159,0.190051,-0.396473,-0.248379,0.963398,-0.100861,M,BuildTutorial
37.923,0.247376,1.534282,2.729894,43.783391699730046,31.395076106033688,1.6553116986077234,-0.362536,-0.245838,0.087965,-0.894647,0.863651,0.020855,-0.503658,0.335646,0.721659,0.605434,0.065694,1.114962,2.865581,-8.380302129409452,11.15786928122336,1.5389708576212282,-0.071412,0.097925,0.020433,0.992418,0.979987,0.026571,-0.197283,-0.054542,0.988966,-0.137739,0.473198,1.061701,2.959402,-10.99654676601714,20.14319041411044,10.13856855841934,-0.078589,0.181729,0.103289,0.974746,0.912612,0.172798,-0.370513,-0.229926,0.96631,-0.115667,M,BuildTutorial
37.956,0.242278,1.534396,2.732104,43.78727547597575,29.11471321553332,0.6861557441707602,-0.362304,-0.231056,0.088345,-0.898635,0.877617,0.008645,-0.479285,0.326205,0.721861,0.610333,0.064915,1.115717,2.865338,-8.589087077011321,11.142852604064762,1.5590373197371985,-0.073206,0.097819,0.020772,0.992291,0.98,0.026902,-0.197171,-0.055546,0.988419,-0.14122,0.457615,1.06528,2.961853,-11.142380941432029,18.607074304191396,8.69950608411187,-0.083326,0.167704,0.090143,0.978165,0.927499,0.148402,-0.343106,-0.204298,0.969862,-0.132778,M,BuildTutorial
37.99,0.237112,1.53463,2.73416,43.746808341684925,26.864740042465773,-0.2381773066674825,-0.361917,-0.216327,0.08842,-0.902442,0.89077,-0.003003,-0.454445,0.316172,0.722397,0.614962,0.063689,1.116398,2.864888,-8.818441664056438,11.022701968243773,1.6445193673525729,-0.075142,0.096847,0.021625,0.992223,0.980306,0.028359,-0.195437,-0.057468,0.987772,-0.144928,0.442654,1.069121,2.964014,-11.435415865637063,17.509258601464676,7.346224271559349,-0.088562,0.157443,0.078135,0.98044,0.938213,0.125326,-0.322567,-0.1811,0.972104,-0.149055,M,BuildTutorial
38.023,0.231826,1.534938,2.736044,43.73910990375351,24.79728479510598,-1.0948005054858925,-0.361887,-0.202727,0.088635,-0.905585,0.902091,-0.013804,-0.431325,0.307261,0.722363,0.619501,0.061024,1.117063,2.864964,-8.948379654255753,10.702828019681448,1.8205749781620324,-0.076183,0.094202,0.023044,0.992366,0.98119,0.031383,-0.190477,-0.060089,0.98733,-0.146861,0.427535,1.073158,2.966964,-11.657005693435742,16.32767108180716,5.678552801847082,-0.093401,0.146076,0.063182,0.982826,0.94934,0.096907,-0.298937,-0.151482,0.974569,-0.165135,M,BuildTutorial
38.056,0.226634,1.535331,2.737847,43.66550349328295,23.116614769589688,-1.698644063588782,-0.36156,-0.191374,0.087988,-0.908245,0.911268,-0.021443,-0.411255,0.298216,0.723065,0.623093,0.057846,1.117068,2.864546,-9.009461723175129,10.104802046939646,1.879295023582631,-0.076786,0.089066,0.023201,0.992791,0.983058,0.03239,-0.18041,-0.059746,0.987131,-0.148332,0.412057,1.076486,2.970407,-11.560409294050125,14.972070266000582,3.7142414930364462,-0.095601,0.13279,0.045082,0.985492,0.960669,0.063466,-0.270347,-0.114245,0.977656,-0.176456,M,BuildTutorial
38.09,0.221511,1.535549,2.739453,43.66052196569826,21.732882772974804,-2.0534392866668387,-0.361996,-0.181517,0.086427,-0.910242,0.919164,-0.025922,-0.393021,0.288756,0.722978,0.627633,0.054,1.116958,2.8641,-8.962012421861758,9.440170868090805,2.0138305787686175,-0.07641,0.083392,0.023888,0.993296,0.98495,0.034713,-0.169316,-0.0602,0.987182,-0.147811,0.396673,1.07957,2.974209,-11.3941574425706,13.57964618388368,2.4224411803086108,-0.096064,0.119701,0.03262,0.987613,0.969215,0.041434,-0.242703,-0.08743,0.979415,-0.181939,M,BuildTutorial
38.123,0.216583,1.53559,2.740855,43.74482114892406,20.625403683857783,-2.2389866686464575,-0.363207,-0.173263,0.084518,-0.911547,0.925673,-0.028223,-0.37727,0.279945,0.721875,0.632873,0.048682,1.117065,2.864131,-9.012847900819454,8.802789846396907,2.1838173010809956,-0.076867,0.077985,0.02497,0.993673,0.98659,0.037634,-0.158821,-0.061612,0.986936,-0.148867,0.382316,1.082977,2.978276,-11.276081562268429,12.638788367051257,0.0289916001227184,-0.097619,0.109563,0.011064,0.989113,0.975747,0.000496,-0.218901,-0.043278,0.980696,-0.190689,M,BuildTutorial
38.156,0.211678,1.535564,2.742342,43.820426203027935,19.76819436164879,-2.284949391788346,-0.364366,-0.166555,0.082265,-0.91254,0.930984,-0.028765,-0.363926,0.271514,0.72094,0.637594,0.043835,1.116901,2.863295,-9.03817699562198,8.159705089394487,2.161157573668263,-0.07724,0.072395,0.024357,0.994082,0.988331,0.037241,-0.147696,-0.059608,0.986882,-0.150038,0.368809,1.085814,2.982405,-10.982385820825066,11.6621669026586,-1.995266102427028,-0.096944,0.099457,-0.007521,0.99028,0.980104,-0.034179,-0.195522,-0.004388,0.981091,-0.1935,M,BuildTutorial
38.19,0.206817,1.535561,2.743732,43.90576961090161,19.098386363441534,-2.1524513838523314,-0.365709,-0.160763,0.079187,-0.913314,0.93577,-0.02706,-0.351572,0.262229,0.719973,0.642553,0.03795,1.116816,2.86264,-8.986684534330825,7.374243079851208,2.431935719078067,-0.076803,0.065755,0.026149,0.994532,0.989985,0.041912,-0.134808,-0.062112,0.986835,-0.149328,0.355096,1.088687,2.987047,-10.973222173545436,10.479386445223316,-2.9266422987095697,-0.097504,0.088443,-0.016585,0.991159,0.983806,-0.050125,-0.172087,0.015631,0.980436,-0.196217,M,BuildTutorial
38.223,0.202193,1.535483,2.744791,44.026573087451105,18.5976676692615,-1.883459109471764,-0.367384,-0.155863,0.075594,-0.913795,0.939984,-0.023632,-0.340398,0.252679,0.71863,0.647862,0.031081,1.116773,2.862174,-8.906627646804472,6.50179910154149,2.4685364391021944,-0.076286,0.058194,0.025843,0.995051,0.991891,0.042552,-0.119755,-0.060309,0.987025,-0.148809,0.342614,1.091332,2.991922,-10.851815946400205,9.561948143063232,-4.628294477219071,-0.097503,0.079101,-0.032183,0.991565,0.985415,-0.079249,-0.150592,0.048398,0.978915,-0.198453,M,BuildTutorial
38.256,0.197493,1.535466,2.745951,44.106699941332465,18.170680904544543,-1.5383143822008756,-0.368761,-0.151316,0.071569,-0.914328,0.943963,-0.019276,-0.329489,0.242474,0.717786,0.652679,0.024887,1.116521,2.860967,-8.868382663246663,5.651255540936095,2.5439088643882264,-0.07611,0.050851,0.025915,0.995465,0.993485,0.043854,-0.105186,-0.059335,0.987071,-0.148894,0.330994,1.093419,2.997295,-10.636656109802272,8.653229190513203,-5.252836291611777,-0.09577,0.070803,-0.038511,0.992135,0.987008,-0.089979,-0.133115,0.062855,0.97869,-0.195488,M,BuildTutorial
38.29,0.192625,1.535577,2.747132,44.13874696368744,17.744179312969,-1.238624745803233,-0.369667,-0.146933,0.067842,-0.914962,0.947617,-0.015513,-0.319033,0.232777,0.717488,0.656526,0.018447,1.115999,2.859944,-8.77422665035661,4.871575806395983,2.666557625552935,-0.075419,0.044142,0.026429,0.995824,0.994706,0.04598,-0.091901,-0.059296,0.987227,-0.147875,0.319664,1.096702,3.002889,-11.194326569802907,7.498039127062129,-5.185530203063742,-0.100169,0.060605,-0.038554,0.992374,0.989681,-0.088661,-0.112561,0.064379,0.97696,-0.203483,M,BuildTutorial
38.323,0.187745,1.535821,2.748317,44.12401749991081,17.269081573631407,-1.0821478227141303,-0.370022,-0.142639,0.065041,-0.9157,0.950848,-0.013557,-0.309363,0.224675,0.717706,0.659105,0.012258,1.115375,2.858588,-8.704980122262713,4.0447712672642755,2.681170218758704,-0.075001,0.036953,0.025991,0.99616,0.995918,0.046239,-0.077522,-0.057325,0.987399,-0.147505,0.309771,1.099604,3.008317,-11.492350527609547,6.6675336613046925,-5.396124127399992,-0.102565,0.053091,-0.040941,0.992464,0.99101,-0.092155,-0.096983,0.070374,0.975609,-0.207932,M,BuildTutorial
38.357,0.182812,1.536009,2.749335,44.10683408987637,16.756571784459926,-0.8707339485342217,-0.370427,-0.137866,0.061675,-0.916501,0.954378,-0.010911,-0.298401,0.215188,0.717961,0.661987,0.005883,1.114771,2.857335,-8.655462630608058,3.1841441380797675,2.6868306933832207,-0.074762,0.029465,0.025465,0.996441,0.996967,0.046344,-0.062527,-0.055155,0.987524,-0.147492,0.301333,1.102293,3.013897,-11.697755160246665,6.140307925191864,-5.374930135242452,-0.104145,0.04845,-0.041125,0.99253,0.991923,-0.091728,-0.08761,0.071544,0.974925,-0.210719,M,BuildTutorial
38.39,0.177711,1.536286,2.750304,44.09378592642885,16.23431794202025,-0.6346725352809784,-0.370874,-0.132929,0.058082,-0.917283,0.957913,-0.007954,-0.28695,0.205155,0.718158,0.664952,-0.001277,1.114619,2.856614,-8.5825145495353,2.3712876676268997,2.8053694685365427,-0.074283,0.022459,0.025953,0.996646,0.997644,0.048394,-0.048623,-0.055068,0.987617,-0.146902,0.293037,1.105063,3.019614,-12.055995945556914,5.410641929982077,-5.05148922197477,-0.106864,0.04227,-0.038824,0.992616,0.993412,-0.086108,-0.075618,0.068039,0.974146,-0.215432,M,BuildTutorial
38.423,0.172535,1.536522,2.75126,44.08174599648817,15.662571658649778,-0.4600659182002589,-0.371258,-0.12779,0.054819,-0.918059,0.961329,-0.005769,-0.275342,0.195541,0.718325,0.667662,-0.007774,1.114387,2.855605,-8.569466338343542,1.5467376585754502,2.807840370728209,-0.074354,0.015286,0.025438,0.99679,0.998239,0.04844,-0.034256,-0.052986,0.987649,-0.147453,0.285144,1.107588,3.025198,-12.317579616757342,4.734370280366907,-5.091821771593574,-0.108911,0.036263,-0.039699,0.992596,0.994218,-0.08671,-0.063342,0.070912,0.973125,-0.219089,M,BuildTutorial
38.456,0.167266,1.536843,2.752306,44.02019318946375,15.03341914340448,-0.3202243888353546,-0.371209,-0.122319,0.051594,-0.91901,0.964753,-0.004019,-0.263128,0.185642,0.719084,0.669669,-0.014234,1.114324,2.855086,-8.558337045030424,0.7532558036018219,2.843005159389586,-0.074429,0.008404,0.025228,0.996872,0.998586,0.049047,-0.020511,-0.051549,0.987648,-0.147969,0.278076,1.109225,3.030518,-12.45411210302958,3.991507040171609,-4.4523402225927065,-0.109666,0.030383,-0.034817,0.992894,0.995729,-0.075804,-0.052698,0.062476,0.973522,-0.219889,M,BuildTutorial
38.49,0.161869,1.537089,2.753309,43.97678992955854,14.418994647918844,-0.1638457367359541,-0.371292,-0.1169,0.048304,-0.919861,0.968002,-0.002058,-0.250933,0.175674,0.719618,0.67178,-0.020832,1.114532,2.855028,-8.564473519283265,-0.0027376181044892,2.9757356611277284,-0.074645,0.001915,0.025891,0.996872,0.998652,0.051334,-0.007682,-0.051906,0.987516,-0.148723,0.271436,1.109919,3.035525,-12.392537058735533,3.376838237869635,-3.971585462721136,-0.108838,0.025536,-0.031256,0.99324,0.996742,-0.067648,-0.043924,0.05653,0.974355,-0.217801,M,BuildTutorial
38.523,0.156584,1.537213,2.754222,44.00371506332417,13.831778205971004,-0.0173285414196844,-0.371894,-0.111699,0.04525,-0.920419,0.970951,-0.000218,-0.239277,0.166379,0.719294,0.674488,-0.027044,1.114937,2.854904,-8.671134460305217,-0.6778913971171932,3.0315535409075185,-0.075726,-0.003897,0.025929,0.996784,0.998625,0.052281,0.003841,-0.0511,0.987187,-0.151167,0.265323,1.110354,3.040025,-12.40092116407065,2.845741853934286,-3.744677269336629,-0.108723,0.021145,-0.029791,0.993401,0.997331,-0.063786,-0.035532,0.05459,0.974584,-0.217271,M,BuildTutorial
38.557,0.15146,1.537333,2.75519,44.02086662903092,13.272524716486092,0.1895334789253277,-0.372441,-0.106527,0.041788,-0.920974,0.973812,0.002378,-0.227344,0.156322,0.719083,0.677114,-0.03318,1.115498,2.85522,-8.774000340444745,-1.2879737056031677,3.1111611940062054,-0.076764,-0.009126,0.026206,0.996663,0.99846,0.053639,0.014168,-0.050837,0.986841,-0.153494,0.25929,1.110358,3.044353,-12.371234190070776,2.237048123589739,-3.108404555701572,-0.108216,0.016478,-0.024857,0.99368,0.998221,-0.052966,-0.027368,0.045833,0.975343,-0.215884,M,BuildTutorial
38.589,0.146406,1.53742,2.756134,44.028295004453625,12.796844611315136,0.4696417583363465,-0.372921,-0.101789,0.037996,-0.92148,0.976391,0.005894,-0.215932,0.145943,0.718972,0.679544,-0.038174,1.115529,2.854683,-8.867225901796182,-1.938182027293992,3.242297781298381,-0.077739,-0.014669,0.026895,0.996503,0.998123,0.055883,0.025054,-0.051321,0.986467,-0.155723,0.254217,1.109707,3.048219,-12.246359561333405,1.901145053899744,-2.925857931951541,-0.107038,0.013767,-0.023612,0.993879,0.998506,-0.049883,-0.022312,0.043988,0.975971,-0.213415,M,BuildTutorial
38.623,0.141431,1.537442,2.757195,44.05333629572013,12.365470701935791,0.7298293155925647,-0.373485,-0.097462,0.034521,-0.921856,0.978619,0.009154,-0.205478,0.136448,0.718634,0.68187,-0.043446,1.115523,2.854736,-8.901616432194135,-2.569126177342405,3.2885091671850275,-0.078193,-0.020115,0.026861,0.996373,0.997748,0.056672,0.035883,-0.050381,0.986329,-0.156899,0.249141,1.109038,3.05153,-12.140906405808003,1.4738052106306834,-2.606048673321907,-0.106006,0.010381,-0.021251,0.994084,0.998881,-0.044451,-0.016134,0.040049,0.976622,-0.2112,M,BuildTutorial
38.656,0.136707,1.537529,2.758131,44.081762834804465,11.988369145693683,1.028491024136822,-0.37407,-0.093442,0.030913,-0.922163,0.980626,0.012895,-0.195465,0.126921,0.718232,0.684131,-0.048238,1.115336,2.854764,-8.92447208341351,-3.1132985710678835,3.439128132848165,-0.078551,-0.024737,0.027793,0.996216,0.997231,0.059262,0.044921,-0.051489,0.986115,-0.157882,0.243544,1.1086,3.054532,-12.111438054736452,0.8324613260004158,-2.0041141799702427,-0.105603,0.005378,-0.016624,0.994255,0.99939,-0.034192,-0.007183,0.03192,0.977143,-0.210172,M,BuildTutorial
38.689,0.132187,1.537574,2.759229,44.11701148142508,11.683469483273363,1.3753238255856326,-0.374708,-0.08984,0.027156,-0.92238,0.982383,0.017231,-0.186084,0.117424,0.717713,0.686367,-0.052465,1.115189,2.854815,-8.972904645177218,-3.5717744726544973,3.5331921394368457,-0.079106,-0.028644,0.028282,0.996053,0.996759,0.060873,0.052587,-0.05181,0.985885,-0.159208,0.23922,1.108112,3.05707,-12.030487461757708,0.5678739425013903,-1.687134557810022,-0.104853,0.003385,-0.014122,0.994382,0.999578,-0.028795,-0.003771,0.027375,0.977613,-0.208624,M,BuildTutorial
38.723,0.127877,1.537606,2.760288,44.15194294774511,11.42288169433358,1.6897570539596904,-0.375289,-0.086698,0.023802,-0.922537,0.983834,0.021157,-0.17783,0.108991,0.717183,0.68831,-0.055972,1.11462,2.854558,-8.950781426329856,-4.005543827059381,3.638524108821002,-0.07905,-0.032348,0.028905,0.995926,0.996236,0.062689,0.059863,-0.05246,0.985831,-0.159326,0.235415,1.107753,3.059381,-12.090875651916525,0.3481981975389214,-1.4857381466358277,-0.105347,0.001656,-0.012573,0.994355,0.999678,-0.025352,-0.000644,0.024654,0.977488,-0.209547,M,BuildTutorial
38.756,0.123933,1.537558,2.761526,44.18969376293742,11.185817073251371,1.9284919542026573,-0.375817,-0.08399,0.021135,-0.922638,0.984998,0.024129,-0.17087,0.10213,0.71663,0.689936,-0.05919,1.113995,2.854515,-8.911603309049507,-4.396704313397284,3.7319708968578897,-0.078837,-0.035695,0.029461,0.995813,0.995716,0.064304,0.066445,-0.053048,0.985834,-0.159117,0.232176,1.107262,3.06131,-12.069840566836984,0.0990171819947388,-0.8036038457540914,-0.105138,0.000122,-0.006883,0.994434,0.999905,-0.013714,0.001204,0.013663,0.977797,-0.209107,M,BuildTutorial
38.789,0.120288,1.537503,2.762689,44.221020391305686,10.999426893687264,2.1185910469291573,-0.376239,-0.081851,0.019019,-0.922704,0.985877,0.026492,-0.165361,0.09669,0.716165,0.691201,-0.062014,1.113548,2.85464,-8.867974974104895,-4.643929513776242,3.828045512407053,-0.078553,-0.037791,0.030142,0.995737,0.995327,0.065964,0.070525,-0.054089,0.985842,-0.158715,0.22998,1.107162,3.062818,-12.171856063506077,0.1607241029453437,-0.6524642024941241,-0.106026,0.000791,-0.005513,0.994348,0.999938,-0.011132,-0.000404,0.010797,0.977456,-0.210863,M,BuildTutorial
38.823,0.11707,1.53742,2.763872,44.263327559912426,10.897562347819774,2.2790018231464613,-0.376709,-0.080484,0.017428,-0.922664,0.986437,0.028478,-0.161651,0.092799,0.715573,0.692347,-0.064097,1.113004,2.85444,-8.910760144252642,-4.781015115624741,3.934788610831201,-0.078997,-0.038895,0.030959,0.995635,0.995058,0.067793,0.072559,-0.055502,0.985602,-0.159713,0.228704,1.106767,3.064137,-12.094761032209066,0.4966137588537929,-0.7891921048671354,-0.105377,0.003584,-0.006392,0.994405,0.999893,-0.013468,-0.005781,0.011957,0.97771,-0.209621,M,BuildTutorial
38.856,0.114443,1.537234,2.764985,44.29912699923115,10.895043404068357,2.529347770063822,-0.377172,-0.079623,0.015434,-0.922585,0.986844,0.031584,-0.15856,0.088541,0.715006,0.693489,-0.066309,1.112276,2.854774,-8.86384853264357,-4.91445747336147,3.953369625129742,-0.078632,-0.040057,0.031047,0.995615,0.994863,0.068122,0.074879,-0.055523,0.985706,-0.159062,0.226842,1.105942,3.065287,-11.87751174929874,0.2903170116802476,-0.5569432188485421,-0.103476,0.002017,-0.004572,0.994619,0.99995,-0.009513,-0.003066,0.008678,0.978544,-0.205857,M,BuildTutorial
38.889,0.112181,1.537053,2.766037,44.36946999121748,11.019973822201065,2.8247903286859115,-0.377927,-0.07962,0.013527,-0.922307,0.986955,0.035229,-0.157092,0.085132,0.713977,0.694974,-0.068218,1.111308,2.855297,-8.71257373931822,-5.025350560520673,3.975924108560627,-0.077356,-0.041055,0.031228,0.995668,0.994679,0.068537,0.076923,-0.055833,0.986082,-0.156605,0.225006,1.105333,3.066365,-11.687792617476342,0.1434855588457894,-0.6748448400155058,-0.101824,0.000646,-0.005731,0.994786,0.999934,-0.011533,-0.000118,0.01127,0.979198,-0.202593,M,BuildTutorial
38.923,0.110341,1.536866,2.767021,44.42863123772091,11.186622148712551,3.092864663502573,-0.37857,-0.080045,0.011971,-0.922027,0.986899,0.03853,-0.156672,0.082681,0.713083,0.696187,-0.069581,1.110377,2.856005,-8.601240136994432,-5.024007755631616,4.033131740856893,-0.076409,-0.041042,0.031771,0.995725,0.994612,0.069543,0.076877,-0.056999,0.986304,-0.154773,0.223529,1.104741,3.067395,-11.54856530391198,0.1257979866592893,-0.5913677287093583,-0.100614,0.000573,-0.005024,0.994913,0.999949,-0.010112,-0.000128,0.009882,0.979703,-0.200211,M,BuildTutorial
38.956,0.10877,1.536631,2.767975,44.50106054888206,11.421373438613667,3.3784770375561184,-0.379329,-0.080949,0.010514,-0.921654,0.986673,0.042032,-0.157192,0.080794,0.711998,0.697518,-0.071259,1.109999,2.857143,-8.545779324165572,-5.010535233940367,4.026303477850655,-0.075921,-0.040948,0.031743,0.995767,0.994631,0.069434,0.07673,-0.056999,0.986457,-0.153798,0.222024,1.104323,3.068196,-11.445087179232909,-0.072007625643535,-0.4467679167485348,-0.099708,-0.001014,-0.003942,0.995008,0.999967,-0.007643,0.002804,0.008047,0.980085,-0.198413,M,BuildTutorial
38.989,0.107544,1.536416,2.76878,44.58590524881781,11.65942035021198,3.6012331799913246,-0.380147,-0.082076,0.009589,-0.921227,0.986343,0.044736,-0.158512,0.080069,0.710792,0.69883,-0.072139,1.109656,2.857952,-8.56354027241081,-5.033120694716118,4.1111360997913895,-0.076112,-0.041082,0.032458,0.995724,0.994518,0.070891,0.076872,-0.058384,0.986307,-0.15424,0.220713,1.10442,3.06896,-11.410386990403216,-0.1374287601194194,-0.6197798519608746,-0.099402,-0.001731,-0.005501,0.995031,0.999934,-0.010604,0.004538,0.011292,0.980178,-0.197797,M,BuildTutorial
39.022,0.106404,1.536203,2.769742,44.648946204796175,11.888286902905904,3.7966568537470073,-0.380775,-0.083229,0.008837,-0.920872,0.98599,0.047107,-0.160017,0.079659,0.709865,0.699819,-0.072648,1.109345,2.858817,-8.536545099682202,-4.994696490599142,4.185552334099596,-0.075893,-0.040708,0.033141,0.995733,0.994489,0.072178,0.076038,-0.059821,0.986284,-0.153837,0.219639,1.104667,3.069712,-11.501374063685873,-0.1317039581558848,-0.5014383826674274,-0.100194,-0.001582,-0.004469,0.994957,0.999955,-0.008575,0.004044,0.009209,0.979882,-0.199363,M,BuildTutorial
39.056,0.105482,1.535953,2.770674,44.71231235454684,12.068765900767325,3.986662953225508,-0.381408,-0.084008,0.007971,-0.920547,0.985758,0.049407,-0.160748,0.078759,0.70893,0.700868,-0.07313,1.109134,2.85996,-8.549729979178363,-4.942945681658374,4.289238733720659,-0.076029,-0.040185,0.034071,0.995713,0.994449,0.073959,0.074844,-0.061738,0.986118,-0.154145,0.218835,1.104123,3.070898,-11.25126319892374,-0.1122793157778006,-0.721159751799249,-0.09802,-0.001592,-0.006359,0.995163,0.999914,-0.012345,0.004415,0.012969,0.980703,-0.195072,M,BuildTutorial
39.089,0.104659,1.535798,2.771589,44.76666295832766,12.194823786987564,4.1637732899512,-0.381965,-0.084396,0.007021,-0.920288,0.985656,0.05155,-0.160701,0.077396,0.708106,0.701851,-0.073424,1.108809,2.861058,-8.521511716777384,-4.87646849836574,4.306359558693682,-0.07577,-0.039606,0.034275,0.995749,0.994513,0.07426,0.07368,-0.062256,0.986168,-0.153611,0.218296,1.103969,3.072081,-11.179541454981267,-0.0316431772173478,-0.6613743952998004,-0.097402,-0.000837,-0.005771,0.995228,0.999932,-0.011324,0.00279,0.01165,0.980959,-0.193865,M,BuildTutorial
39.123,0.103806,1.535691,2.772421,44.813002127406584,12.28593172957468,4.25360071277864,-0.382397,-0.084798,0.006649,-0.920075,0.98553,0.052617,-0.161127,0.077089,0.707456,0.70254,-0.073544,1.108548,2.8621,-8.445687498521963,-4.80054386669871,4.3872980948753435,-0.075116,-0.03892,0.035058,0.995798,0.994512,0.075667,0.072246,-0.063974,0.986257,-0.152329,0.217816,1.103992,3.073049,-11.258716141243251,-0.0072988661375055,-0.3990714326592586,-0.098092,-0.000405,-0.003472,0.995171,0.999976,-0.006831,0.001487,0.00699,0.980732,-0.195233,M,BuildTutorial
39.156,0.103251,1.535544,2.773216,44.87127261399916,12.315617794695576,4.276099388463186,-0.382878,-0.084923,0.006625,-0.919863,0.985489,0.052842,-0.161307,0.077218,0.706721,0.703266,-0.073111,1.108412,2.862853,-8.483458052005915,-4.6293426680029395,4.397426287590486,-0.075395,-0.037412,0.035244,0.995828,0.994716,0.075835,0.069198,-0.064552,0.986147,-0.152798,0.217444,1.103773,3.074015,-11.116749899320313,-0.0156718581768532,-0.5748323112685353,-0.096858,-0.000622,-0.005006,0.995286,0.999949,-0.009845,0.002209,0.010086,0.981187,-0.192796,M,BuildTutorial
39.189,0.102808,1.535423,2.773982,44.88246426319185,12.35119692140368,4.28456721768755,-0.382972,-0.085173,0.006687,-0.919801,0.985402,0.052935,-0.161806,0.07754,0.706576,0.703376,-0.072226,1.108228,2.86299,-8.511136502559744,-4.478126905739514,4.454918716477239,-0.075607,-0.03605,0.035833,0.995841,0.994833,0.07682,0.066381,-0.065918,0.985999,-0.153169,0.217262,1.103476,3.07502,-11.112289976989445,0.0530566826832968,-0.340657945721032,-0.096822,0.000173,-0.002914,0.995297,0.999983,-0.005835,0.000221,0.005768,0.981234,-0.192735,M,BuildTutorial
39.222,0.102435,1.535255,2.774771,44.920700621334866,12.477587474023345,4.305828873139259,-0.383286,-0.086091,0.006977,-0.919582,0.985079,0.053164,-0.163684,0.078826,0.706086,0.703725,-0.071807,1.108063,2.863541,-8.47437655384567,-4.328745942828807,4.511467348995737,-0.075258,-0.034728,0.036436,0.995893,0.994933,0.0778,0.063686,-0.067346,0.986017,-0.152429,0.217315,1.102773,3.075964,-10.91755047471013,0.1517599458452444,-0.4581517919505369,-0.095134,0.000938,-0.003854,0.995457,0.999969,-0.007852,-0.001133,0.007495,0.981869,-0.189411,M,BuildTutorial
39.256,0.102176,1.534999,2.775388,45.01173040292739,12.643273057954811,4.374682785277472,-0.384056,-0.087129,0.007071,-0.919163,0.984717,0.053927,-0.165603,0.079924,0.704902,0.704787,-0.071853,1.107776,2.864229,-8.44467001357382,-4.23618917598404,4.499953352379757,-0.074967,-0.033942,0.036407,0.995943,0.995045,0.077609,0.062151,-0.06743,0.986109,-0.151798,0.21732,1.102139,3.076968,-10.822545043715962,0.2025140616180919,-0.5193151859251077,-0.094311,0.001332,-0.004345,0.995532,0.999959,-0.008903,-0.001832,0.0084,0.982173,-0.187792,M,BuildTutorial
39.289,0.101973,1.534765,2.776014,45.07012204690127,12.83670570486948,4.48246916776092,-0.384593,-0.088279,0.006915,-0.918829,0.984318,0.055196,-0.167546,0.08061,0.70408,0.70553,-0.071816,1.107072,2.864715,-8.297164205746851,-4.150431808477757,4.5037228293449845,-0.073659,-0.033248,0.036546,0.996059,0.995118,0.077702,0.060851,-0.067905,0.986477,-0.149168,0.217126,1.100838,3.078063,-10.630883732007195,0.2240192414189857,-0.3321524649107318,-0.092644,0.001678,-0.002705,0.995694,0.99998,-0.005697,-0.002841,0.005076,0.98282,-0.184499,M,BuildTutorial
39.323,0.101835,1.53455,2.776643,45.11771129000056,13.036832380212816,4.598411641014711,-0.385051,-0.089461,0.006707,-0.918524,0.983904,0.056572,-0.169509,0.081216,0.703381,0.706158,-0.071956,1.106436,2.865152,-8.186870842939406,-4.121319615005655,4.527546638451386,-0.072698,-0.03302,0.036809,0.996127,0.99511,0.078134,0.060432,-0.068532,0.98672,-0.147263,0.217227,1.099002,3.079382,-10.218454938378189,0.3131698245400888,-0.4812953370097749,-0.089065,0.002348,-0.00394,0.996015,0.999958,-0.008268,-0.003976,0.007431,0.984104,-0.177438,M,BuildTutorial
39.356,0.10156,1.534339,2.777304,45.18359904426507,13.195353698598929,4.699177849008072,-0.385647,-0.090346,0.006502,-0.918189,0.983591,0.057744,-0.170924,0.081623,0.702468,0.70702,-0.072253,1.106047,2.865679,-8.148887189695625,-4.0986417478069725,4.493939174550924,-0.072351,-0.032858,0.036544,0.996168,0.99517,0.077563,0.060176,-0.068054,0.98686,-0.146548,0.217559,1.097234,3.080957,-9.818519250534347,0.5921906687828393,-0.7589026134724652,-0.085609,0.004582,-0.006156,0.996299,0.999882,-0.013051,-0.008076,0.011481,0.985266,-0.170641,M,BuildTutorial
39.389,0.101448,1.534073,2.777903,45.23578515743477,13.28955512806545,4.7533263748618095,-0.386101,-0.090881,0.006441,-0.917946,0.983398,0.058354,-0.171821,0.082003,0.701769,0.707669,-0.072256,1.105456,2.866082,-8.05377587758885,-4.030476400063606,4.477787181371988,-0.071498,-0.03231,0.036478,0.99625,0.995251,0.077303,0.059161,-0.068062,0.987115,-0.144817,0.21705,1.095628,3.082722,-9.635351776013716,0.4039816595625626,-0.3833001727704762,-0.083996,0.003232,-0.003037,0.996456,0.999961,-0.006596,-0.005931,0.00551,0.985871,-0.167417,M,BuildTutorial
39.423,0.101191,1.533852,2.778628,45.3091407209467,13.325586563187624,4.778430894382188,-0.386704,-0.091032,0.00644,-0.917677,0.983343,0.058586,-0.172056,0.082224,0.700837,0.708567,-0.072541,1.105198,2.866389,-8.017218499712024,-4.0562447705169165,4.553812373805489,-0.07121,-0.0325,0.037135,0.99624,0.99513,0.078619,0.059466,-0.069361,0.9871,-0.144299,0.216636,1.094384,3.08462,-9.51008929883912,0.4247319976290526,-0.5096575529904026,-0.082911,0.003325,-0.004125,0.996543,0.999944,-0.008773,-0.005943,0.00767,0.986217,-0.165277,M,BuildTutorial
39.456,0.100899,1.533548,2.779376,45.38870859307621,13.32347420980377,4.802565245566069,-0.387358,-0.090876,0.006325,-0.917418,0.983403,0.058798,-0.171643,0.082009,0.699827,0.709589,-0.07301,1.104914,2.866895,-7.947051124712089,-4.120637932595665,4.512566742551188,-0.070609,-0.033111,0.03676,0.996276,0.995105,0.077922,0.060783,-0.06857,0.987326,-0.143127,0.216729,1.093022,3.086485,-9.243929357322926,0.5941956363480103,-0.3646569228132137,-0.080596,0.004912,-0.002754,0.996731,0.999937,-0.006282,-0.009347,0.004698,0.986993,-0.160693,M,BuildTutorial
39.489,0.100582,1.533254,2.780035,45.48630015888748,13.283857326780312,4.812629648109688,-0.388146,-0.090454,0.006215,-0.917127,0.983559,0.058818,-0.17074,0.081619,0.698609,0.710834,-0.073808,1.104989,2.867372,-7.926260835946114,-4.132436981579458,4.522601321401202,-0.070435,-0.033215,0.036847,0.996282,0.995078,0.078099,0.060993,-0.068741,0.987362,-0.142794,0.216395,1.092453,3.087942,-9.310774201998376,0.5351169584873744,-0.2108599617979589,-0.08117,0.004505,-0.001455,0.996689,0.999955,-0.003631,-0.008744,0.002168,0.986819,-0.161815,M,BuildTutorial
39.523,0.100162,1.533028,2.7808,45.590169201436154,13.2363298403197,4.820989817042639,-0.388983,-0.08997,0.006098,-0.916821,0.983736,0.058812,-0.169717,0.081176,0.69731,0.712158,-0.074165,1.105129,2.867594,-7.931559581616264,-4.114100363950129,4.4943664312172125,-0.070467,-0.033071,0.036611,0.996293,0.995132,0.077611,0.060737,-0.068289,0.987388,-0.142833,0.216122,1.091741,3.089253,-9.252912509024048,0.5138160622366007,-0.0415797342907458,-0.08066,0.00444,0.0,0.996732,0.999961,-0.000716,-0.008851,-0.000716,0.986988,-0.160793,M,BuildTutorial
39.555,0.099724,1.532838,2.781585,45.6243518575572,13.19476695475866,4.857403154389965,-0.389286,-0.089489,0.005702,-0.916742,0.983918,0.059219,-0.168517,0.080128,0.696848,0.712729,-0.074513,1.105082,2.86757,-7.910587994899587,-4.196975334602293,4.558178031341922,-0.07033,-0.03376,0.037122,0.996261,0.994965,0.078714,0.062046,-0.069217,0.987351,-0.142641,0.216138,1.0909,3.09044,-9.10936249436326,0.6368929144255134,-0.1621294659356664,-0.079417,0.005428,-0.000969,0.996826,0.999939,-0.002794,-0.010667,0.00107,0.987384,-0.15834,M,BuildTutorial
39.589,0.099368,1.532552,2.782328,45.7054257670325,13.122429056332162,4.892818018195062,-0.389963,-0.088731,0.005259,-0.916531,0.984198,0.059564,-0.16675,0.078843,0.695803,0.713893,-0.075082,1.104863,2.86771,-7.889130143947504,-4.258739842736407,4.476334608901199,-0.070139,-0.034355,0.03638,0.996282,0.994993,0.077309,0.06335,-0.067671,0.987514,-0.142255,0.216277,1.090007,3.091332,-8.953281910611697,0.7962079118407938,-0.3229177332361838,-0.07807,0.006707,-0.002267,0.996923,0.9999,-0.005568,-0.013019,0.003473,0.9878,-0.15569,M,BuildTutorial
39.622,0.099069,1.532287,2.78275,45.82649022921005,13.077122161835396,4.919956483827584,-0.39095,-0.088188,0.005016,-0.916164,0.984395,0.059763,-0.165512,0.078145,0.694266,0.715464,-0.075731,1.104453,2.867798,-7.751754899002651,-4.3037237617754105,4.476045486105928,-0.068959,-0.034796,0.036398,0.996348,0.994929,0.07733,0.064318,-0.067732,0.98784,-0.139948,0.215977,1.088999,3.091957,-8.829812613785483,0.6603567633682091,-0.1779876631554922,-0.076986,0.005626,-0.001105,0.997016,0.999934,-0.00307,-0.011048,0.001338,0.988144,-0.153526,M,BuildTutorial
39.656,0.098761,1.532062,2.783235,45.91524583973622,13.030222482638097,4.933809346314871,-0.391669,-0.087701,0.004839,-0.915904,0.98457,0.059835,-0.164442,0.077564,0.693145,0.716613,-0.076883,1.104447,2.868174,-7.690833362623783,-4.412932141158329,4.4150844732394114,-0.068445,-0.035804,0.035824,0.996368,0.994869,0.07629,0.066444,-0.066488,0.988064,-0.138958,0.215729,1.088072,3.092342,-8.780496670089466,0.6499956844064673,-0.2029913196819697,-0.076558,0.00552,-0.001332,0.997049,0.999936,-0.003501,-0.010804,0.00181,0.988274,-0.152679,M,BuildTutorial
39.689,0.098529,1.531838,2.78365,45.98584242543724,13.01423487057039,4.934042350964084,-0.392232,-0.087521,0.004857,-0.915681,0.984633,0.059762,-0.164092,0.077552,0.692261,0.717468,-0.07698,1.104193,2.867803,-7.652470587099164,-4.46108782106208,4.397360185087844,-0.068121,-0.036247,0.035655,0.996381,0.99483,0.07599,0.067374,-0.066113,0.988177,-0.138334,0.215311,1.086562,3.09286,-8.413204447119053,0.6144006625751578,-0.3939207887219749,-0.07337,0.005095,-0.003035,0.997287,0.99993,-0.0068,-0.009717,0.005305,0.989215,-0.146372,M,BuildTutorial
39.722,0.098387,1.531629,2.783907,46.06312118763953,12.996537576051862,4.979591684177851,-0.392882,-0.087167,0.004514,-0.915437,0.984763,0.060228,-0.163138,0.076756,0.691247,0.718531,-0.07779,1.104182,2.867928,-7.595696765991866,-4.491251329717293,4.416834243747134,-0.067643,-0.036518,0.035827,0.996397,0.994766,0.076337,0.067926,-0.066456,0.988282,-0.137416,0.21515,1.085204,3.093292,-8.23706034006791,0.7064636125852555,-0.4261031673695277,-0.071841,0.005882,-0.003266,0.997393,0.99991,-0.007361,-0.011264,0.005671,0.989656,-0.143346,M,BuildTutorial
39.756,0.098132,1.531421,2.783973,46.12766121512498,13.012198442480033,4.969059510645601,-0.393387,-0.087281,0.00472,-0.915209,0.98472,0.060031,-0.163475,0.07731,0.690449,0.719238,-0.077886,1.10385,2.867446,-7.572368514505761,-4.525906000581589,4.292274397657685,-0.067411,-0.036901,0.034732,0.996438,0.994864,0.074191,0.068857,-0.064241,0.988499,-0.136904,0.214739,1.083932,3.093714,-8.13490791064483,0.653615337332322,-0.3965272287063137,-0.070949,0.005444,-0.003047,0.997461,0.999922,-0.006851,-0.010428,0.005306,0.989914,-0.14157,M,BuildTutorial
39.789,0.098003,1.531279,2.783804,46.1814843321813,12.98409123142039,4.978107254955112,-0.393823,-0.086986,0.004608,-0.91505,0.984824,0.060081,-0.162823,0.076947,0.689765,0.719933,-0.078353,1.103556,2.867119,-7.495012768209259,-4.5764542387025715,4.305177657621182,-0.066758,-0.03736,0.034843,0.996461,0.99478,0.074428,0.069803,-0.064452,0.988659,-0.135646,0.214378,1.082434,3.094027,-7.859456566803577,0.6185823560264726,-0.415340491707339,-0.068551,0.005137,-0.003246,0.997629,0.999926,-0.00718,-0.009805,0.005772,0.990581,-0.13681,M,BuildTutorial
39.822,0.097902,1.531291,2.783536,46.19165005953956,12.921574315965742,4.976456589731479,-0.393905,-0.086485,0.004417,-0.915063,0.985002,0.06005,-0.161757,0.076217,0.689639,0.720131,-0.07919,1.10365,2.867203,-7.462653932663464,-4.63704158542351,4.314059215807506,-0.066498,-0.037893,0.034897,0.996456,0.994693,0.074586,0.070876,-0.064507,0.98872,-0.13517,0.214324,1.081656,3.094259,-7.779933061829272,0.8358748000848076,-0.6341230578989248,-0.067878,0.006902,-0.005026,0.997657,0.999854,-0.010965,-0.01309,0.009091,0.990735,-0.135507,M,BuildTutorial
39.856,0.097763,1.531414,2.78321,46.18132987166634,12.834674981105117,4.928312789883189,-0.39379,-0.085964,0.004492,-0.915161,0.98518,0.059483,-0.16088,0.075925,0.689819,0.71999,-0.079346,1.103755,2.866695,-7.498383516649503,-4.6870296072295,4.2010709072666845,-0.066786,-0.038381,0.033872,0.996453,0.994759,0.07263,0.071965,-0.062377,0.988785,-0.135697,0.213989,1.081123,3.094447,-7.77902526175512,0.7419751407247182,-0.4290211558224638,-0.067855,0.006206,-0.003296,0.997671,0.999901,-0.007419,-0.011937,0.005734,0.99077,-0.135434,M,BuildTutorial
39.889,0.097646,1.531558,2.782758,46.13511054371522,12.78680970149133,4.897200499851671,-0.393401,-0.085722,0.004528,-0.915351,0.985263,0.059157,-0.160493,0.075735,0.690431,0.719423,-0.079329,1.103933,2.866147,-7.517367959765159,-4.672776225752899,4.282471361469871,-0.066974,-0.038203,0.034581,0.996423,0.99469,0.074031,0.0715,-0.063797,0.988637,-0.13611,0.213425,1.080712,3.094595,-7.750829045627331,0.6531737320160588,-0.4305092700696873,-0.067607,0.005433,-0.003363,0.997692,0.999918,-0.007445,-0.010387,0.005976,0.990836,-0.134938,M,BuildTutorial
39.922,0.09759,1.531639,2.782176,46.134794732939085,12.748258250157244,4.890856124883031,-0.393395,-0.085436,0.004446,-0.91538,0.985362,0.059081,-0.159911,0.075359,0.690441,0.719453,-0.079582,1.104178,2.865839,-7.593654700324778,-4.66615576960312,4.251739085690246,-0.067625,-0.038137,0.034289,0.996392,0.99474,0.073489,0.071361,-0.063173,0.988502,-0.137377,0.213364,1.080131,3.094683,-7.621355727240658,0.7963528869667671,-0.4673019241976544,-0.066486,0.006663,-0.003607,0.997759,0.999885,-0.008083,-0.012816,0.006311,0.991133,-0.132721,M,BuildTutorial
39.955,0.09748,1.531736,2.781522,46.1415928574943,12.69642819199512,4.89612401248741,-0.393455,-0.084999,0.004233,-0.915396,0.985514,0.059136,-0.158947,0.074637,0.690351,0.719615,-0.079623,1.104307,2.865335,-7.618612751549847,-4.693430439655299,4.203611326422679,-0.067834,-0.038394,0.033845,0.996383,0.994761,0.072654,0.071919,-0.062237,0.988506,-0.137776,0.213341,1.079563,3.094816,-7.501567741114638,0.7900154925771774,-0.6643529594342324,-0.065454,0.0065,-0.005334,0.99782,0.999859,-0.011495,-0.012273,0.009793,0.991375,-0.130693,M,BuildTutorial
39.989,0.097396,1.531829,2.780746,46.122323466624145,12.652236039114577,4.883536417626029,-0.393294,-0.084703,0.004162,-0.915493,0.985616,0.059006,-0.158364,0.074247,0.690605,0.719411,-0.079489,1.104277,2.864643,-7.597427519727153,-4.7504680996494555,4.2429078052786915,-0.06768,-0.038874,0.034161,0.996364,0.994644,0.073335,0.072841,-0.062811,0.988505,-0.137523,0.213019,1.079217,3.094857,-7.505901655005459,0.6597409963760799,-0.4812759703831461,-0.065477,0.00547,-0.003814,0.997832,0.999911,-0.008327,-0.010417,0.006894,0.991396,-0.130712,M,BuildTutorial
40.022,0.097398,1.531849,2.779931,46.10837500719553,12.585401228056446,4.844779400890313,-0.393157,-0.084312,0.004228,-0.915588,0.985747,0.058554,-0.157715,0.074038,0.69082,0.719227,-0.079374,1.104594,2.864056,-7.652971435373115,-4.749016635367835,4.217989139468317,-0.068154,-0.038857,0.033924,0.996341,0.994679,0.072896,0.072806,-0.062302,0.988408,-0.138446,0.212919,1.078897,3.09508,-7.465859286960997,0.623145078463297,-0.324534002614206,-0.06512,0.005242,-0.002472,0.997861,0.999933,-0.005616,-0.01014,0.00425,0.991507,-0.129987,M,BuildTutorial
40.056,0.097278,1.531893,2.779108,46.11013984906505,12.52755130612752,4.787499604789486,-0.393131,-0.084045,0.004489,-0.915622,0.985833,0.057862,-0.157436,0.074301,0.690855,0.719165,-0.079171,1.104882,2.863232,-7.764795627126179,-4.703384115734391,4.162806096054035,-0.069094,-0.038455,0.033429,0.996308,0.994808,0.071925,0.072006,-0.061297,0.988217,-0.140249,0.212994,1.078859,3.095072,-7.506519979551129,0.6266152535290949,-0.2564309836690243,-0.065471,0.00531,-0.001875,0.997839,0.999937,-0.004438,-0.010351,0.003047,0.99142,-0.130679,M,BuildTutorial
40.089,0.097229,1.532085,2.778223,46.08334894426884,12.50651734288581,4.781320975803933,-0.392914,-0.083917,0.004439,-0.915727,0.985877,0.057815,-0.157178,0.074073,0.691198,0.71886,-0.079246,1.105086,2.862391,-7.78779355271421,-4.7075930557180845,4.221954210817233,-0.069315,-0.038448,0.033932,0.996276,0.994741,0.072942,0.071905,-0.062282,0.988088,-0.140723,0.213277,1.07882,3.094903,-7.485658437694283,0.7189600547220333,-0.297841436411167,-0.065293,0.006091,-0.002184,0.997845,0.999916,-0.005153,-0.011871,0.003562,0.991464,-0.130331,M,BuildTutorial
40.122,0.097214,1.53225,2.777355,46.05082195429592,12.492595118630105,4.768090936466885,-0.392646,-0.083874,0.004464,-0.915846,0.98589,0.05769,-0.157137,0.074042,0.691618,0.718459,-0.079516,1.105166,2.861702,-7.814458742696175,-4.816489299611637,4.216228817410462,-0.069577,-0.039389,0.033806,0.996225,0.994611,0.072837,0.073776,-0.061875,0.988033,-0.141292,0.213168,1.078733,3.094702,-7.525878122807018,0.6040312336281597,-0.053738234067234,-0.06563,0.005229,-0.000122,0.99783,0.999945,-0.00093,-0.01042,-0.000443,0.991386,-0.130976,M,BuildTutorial
40.155,0.097158,1.532423,2.776492,45.99026655658966,12.49241628924496,4.7669613886461,-0.392163,-0.083919,0.004411,-0.916049,0.985876,0.057739,-0.157207,0.073901,0.692377,0.717741,-0.079558,1.104951,2.860784,-7.830699629343352,-4.867449618658367,4.195558372025804,-0.069726,-0.039839,0.033589,0.996204,0.994569,0.072479,0.074691,-0.061368,0.98802,-0.141599,0.213374,1.078649,3.094414,-7.510560819442667,0.6701896617156129,-0.2185460321084839,-0.065505,0.005711,-0.00152,0.997835,0.99993,-0.003781,-0.011199,0.002285,0.991414,-0.130744,M,BuildTutorial
40.189,0.097206,1.532598,2.775716,45.926552168746234,12.46084609213184,4.752139036307859,-0.391646,-0.083762,0.004357,-0.916285,0.98593,0.057626,-0.156912,0.073594,0.693189,0.716989,-0.079478,1.104666,2.859899,-7.7966329602635165,-4.9165359815031,4.143498148110227,-0.069426,-0.040309,0.03312,0.996222,0.994557,0.071586,0.075715,-0.060392,0.988166,-0.140997,0.213385,1.078843,3.094105,-7.619112656539,0.6543942730022321,-0.0155522015725888,-0.06644,0.005689,0.000244,0.997774,0.999935,-0.000269,-0.011385,-0.001243,0.991171,-0.132582,M,BuildTutorial
40.222,0.0972,1.532774,2.774969,45.87794818862139,12.43031374637393,4.708449266221293,-0.391228,-0.083701,0.004553,-0.916468,0.985947,0.057146,-0.156982,0.073839,0.69384,0.716333,-0.07985,1.104719,2.859484,-7.802101089382414,-4.983247037548304,4.183252153145738,-0.069507,-0.040863,0.033423,0.996184,0.994426,0.072271,0.076768,-0.06091,0.988103,-0.141215,0.213454,1.078939,3.093794,-7.603217003435835,0.6789656260789986,-0.1607666907743195,-0.066309,0.005819,-0.001007,0.997782,0.99993,-0.00278,-0.011478,0.001237,0.991204,-0.132336,M,BuildTutorial
40.255,0.097234,1.532992,2.774401,45.825519403059545,12.43345191774017,4.68780251890088,-0.390795,-0.083833,0.004676,-0.91664,0.9859,0.05695,-0.157345,0.074096,0.694514,0.715653,-0.079868,1.104824,2.858895,-7.859391110628423,-4.99946426528075,4.111682782421818,-0.069984,-0.041028,0.032768,0.996165,0.994486,0.071027,0.077154,-0.059542,0.988057,-0.14212,0.213455,1.079175,3.093422,-7.67024315778915,0.6578687214055072,-0.0721246962836986,-0.066888,0.005686,-0.000244,0.997744,0.999935,-0.001248,-0.011315,-0.000274,0.991052,-0.133477,M,BuildTutorial
40.289,0.097374,1.533105,2.773889,45.79079398416075,12.414704418050954,4.669942294561514,-0.390506,-0.083768,0.00472,-0.916769,0.985921,0.05677,-0.157278,0.074077,0.694965,0.715218,-0.079824,1.104872,2.85863,-7.894274121230172,-4.982726116511229,4.166636486469784,-0.070302,-0.040837,0.033242,0.996135,0.994455,0.071969,0.076684,-0.060486,0.987905,-0.142776,0.213294,1.079489,3.093061,-7.75838603896166,0.5748823915697774,-0.0191120410329483,-0.067653,0.004994,0.000173,0.997697,0.99995,-0.000331,-0.009989,-0.00102,0.990846,-0.134992,M,BuildTutorial
40.321,0.097391,1.533128,2.773452,45.787256737982794,12.385765248396552,4.669920996825255,-0.390479,-0.083539,0.004618,-0.916802,0.986,0.056773,-0.156784,0.073708,0.69501,0.715212,-0.07931,1.104728,2.858022,-7.878849876259312,-4.932840202512887,4.043470911587558,-0.07011,-0.040484,0.032208,0.996197,0.994647,0.069847,0.076145,-0.058494,0.988095,-0.142295,0.213117,1.079677,3.092682,-7.750802004529763,0.5582363668551079,-0.1159180630150016,-0.067591,0.004792,-0.00068,0.997701,0.999953,-0.002004,-0.00947,0.000708,0.990862,-0.134878,M,BuildTutorial
40.355,0.097455,1.533145,2.77296,45.811711706599326,12.345478481385324,4.634947002403569,-0.39065,-0.083319,0.004785,-0.916748,0.98607,0.056323,-0.156503,0.07387,0.694739,0.715459,-0.079766,1.105268,2.858018,-7.98681531377485,-4.960466379380748,4.116387842271614,-0.071082,-0.040643,0.032782,0.996103,0.994547,0.071086,0.076309,-0.05953,0.987745,-0.144275,0.212903,1.079709,3.092448,-7.728514549996062,0.5003729831532955,-0.0197864775026541,-0.067393,0.004345,0.000122,0.997717,0.999962,-0.000342,-0.008687,-0.000829,0.990916,-0.134477,M,BuildTutorial
40.389,0.097477,1.533089,2.772468,45.846034273143154,12.319147955996836,4.618758668463455,-0.390913,-0.08314,0.004859,-0.916652,0.986128,0.056092,-0.15622,0.07391,0.694326,0.715855,-0.079555,1.105522,2.857646,-8.032727528618267,-4.917734487574271,4.097135050605751,-0.071462,-0.040268,0.032623,0.996096,0.994628,0.070746,0.07556,-0.059235,0.987658,-0.144993,0.212684,1.079771,3.092252,-7.743980360540581,0.4964488521776785,-0.0821844611598867,-0.06753,0.004274,-0.000423,0.997708,0.999963,-0.001421,-0.008472,0.000267,0.990879,-0.134754,M,BuildTutorial
40.422,0.097469,1.533122,2.772156,45.843480217244576,12.305869230906158,4.6171528943462805,-0.390892,-0.083041,0.004824,-0.91667,0.986162,0.056076,-0.156013,0.073764,0.69436,0.715838,-0.079155,1.105666,2.857056,-8.072676565832168,-4.92720510479998,4.140012438329777,-0.071827,-0.04031,0.032974,0.996057,0.994576,0.071478,0.075565,-0.059897,0.987507,-0.145745,0.212371,1.079924,3.092062,-7.778894229324026,0.4248650050159483,-0.0288859065722484,-0.067832,0.003682,0.0,0.99769,0.999973,-0.0005,-0.007348,-0.0005,0.990798,-0.13535,M,BuildTutorial
40.455,0.09739,1.533255,2.771956,45.81192044719045,12.302755979675956,4.5997693530037305,-0.390628,-0.083097,0.004921,-0.916777,0.986142,0.055898,-0.156206,0.073942,0.694771,0.715421,-0.079262,1.1057,2.856846,-8.108555580476256,-4.972874327064471,4.083980911075088,-0.072132,-0.04073,0.032444,0.996035,0.994577,0.070507,0.076456,-0.058755,0.987489,-0.146334,0.212021,1.080349,3.09184,-7.877460793826196,0.3570190095238955,-0.0987834338744705,-0.068692,0.003049,-0.000646,0.997633,0.999981,-0.001708,-0.005995,0.00087,0.990562,-0.137063,M,BuildTutorial
40.489,0.097335,1.53348,2.771912,45.76242359630107,12.298554620251602,4.57282345931651,-0.390214,-0.083189,0.005073,-0.916944,0.986108,0.055619,-0.156519,0.074227,0.695415,0.714765,-0.079515,1.105613,2.85689,-8.080777288524272,-5.041465929428354,4.15335089749331,-0.071935,-0.041292,0.033015,0.996007,0.99441,0.071707,0.077505,-0.059826,0.987471,-0.146021,0.211514,1.080378,3.091858,-7.887306804777572,0.2812801130056471,0.008635684951746,-0.068775,0.002454,0.000244,0.997629,0.999988,0.00015,-0.004929,-0.000825,0.99054,-0.137222,M,BuildTutorial
40.521,0.097323,1.533579,2.771752,45.71415964140881,12.304172582438802,4.533099582864901,-0.3898,-0.083402,0.005362,-0.917099,0.986031,0.055185,-0.157156,0.074855,0.696054,0.714076,-0.079414,1.105445,2.856672,-8.055937722211603,-5.040591297625416,4.145226297031918,-0.071716,-0.041298,0.032955,0.996025,0.994417,0.071571,0.077542,-0.059724,0.987541,-0.145585,0.211324,1.080424,3.091973,-7.861546725695013,0.3323138797755262,-0.0470702146754097,-0.068552,0.002865,-0.000211,0.997643,0.999984,-0.000815,-0.005688,2.9e-05,0.990601,-0.136783,M,BuildTutorial
40.555,0.097251,1.533637,2.771598,45.68831560462508,12.315325097051812,4.575106427473121,-0.389624,-0.083366,0.005038,-0.917179,0.98605,0.055722,-0.156849,0.074204,0.696336,0.71387,-0.079219,1.105316,2.856529,-8.06595145623412,-5.010626752661477,4.135826114391796,-0.071791,-0.04104,0.032888,0.996032,0.994468,0.071407,0.077032,-0.059622,0.987529,-0.145711,0.211308,1.080719,3.092129,-7.876581935723091,0.3956590292931649,-0.1478457848635019,-0.068686,0.003356,-0.00105,0.997632,0.999975,-0.002556,-0.006553,0.001634,0.990562,-0.137053,M,BuildTutorial
40.589,0.097088,1.533659,2.771511,45.663140324875805,12.344009949952293,4.595644670094523,-0.389437,-0.083543,0.004946,-0.917243,0.985992,0.055997,-0.157111,0.074143,0.696628,0.713591,-0.078887,1.105116,2.856237,-8.085630883665749,-4.973281964664455,4.168783976194249,-0.071963,-0.040688,0.03319,0.996024,0.994486,0.071973,0.076275,-0.060261,0.98744,-0.146055,0.210806,1.081285,3.092284,-8.034394974707538,0.2183032187272968,-0.0153311126774127,-0.070056,0.001891,0.0,0.997541,0.999993,-0.000265,-0.003773,-0.000265,0.990184,-0.139767,M,BuildTutorial
40.622,0.096947,1.53369,2.771485,45.64880940334678,12.328884782964078,4.645900519686211,-0.38936,-0.083261,0.004478,-0.917304,0.986095,0.056622,-0.156238,0.073052,0.696757,0.713577,-0.079097,1.105152,2.85645,-8.07692543650048,-4.977386275038265,4.136351779387563,-0.071877,-0.040747,0.032909,0.996037,0.994513,0.071414,0.076441,-0.059699,0.987502,-0.145866,0.210294,1.081675,3.092618,-8.034845207426851,0.088215957343861,-0.0260687863719289,-0.07006,0.000752,-0.000173,0.997543,0.999999,-0.00045,-0.001477,0.000239,0.990183,-0.139776,M,BuildTutorial
40.655,0.096774,1.533705,2.771472,45.62501392312214,12.32514250701021,4.693430414144212,-0.389205,-0.083086,0.004061,-0.917388,0.986161,0.057224,-0.155605,0.072126,0.697007,0.713428,-0.079434,1.105299,2.856643,-8.09495828418572,-5.051441368126857,4.183378303234503,-0.072072,-0.041355,0.033264,0.995987,0.994367,0.072222,0.077583,-0.0603,0.987398,-0.146316,0.209825,1.082384,3.093353,-8.093793640272875,-0.0034552454238451,0.0488378262547233,-0.070573,0.0,0.000423,0.997507,1.0,0.000844,-6e-05,-0.000844,0.990039,-0.140794,M,BuildTutorial
40.689,0.096531,1.533712,2.771462,45.62961573756594,12.270120343594474,4.698514545620786,-0.389247,-0.082625,0.003838,-0.917412,0.986317,0.05728,-0.15459,0.071365,0.696944,0.713566,-0.079399,1.105151,2.856498,-8.073141348342398,-5.1192979669317955,4.207738922766884,-0.071911,-0.041937,0.033442,0.995968,0.994246,0.072646,0.078726,-0.060584,0.987421,-0.146046,0.209529,1.083415,3.094124,-8.22234820588964,-0.0580883397789512,0.0041752113645461,-0.071692,-0.000503,0.0,0.997427,1.0,7.2e-05,0.001004,7.2e-05,0.989721,-0.143015,M,BuildTutorial
40.722,0.096318,1.533714,2.77156,45.60919616907589,12.22107290501642,4.716887528152445,-0.389099,-0.082184,0.003504,-0.917516,0.986467,0.057525,-0.153538,0.070386,0.69718,0.713432,-0.079452,1.105052,2.856384,-8.072268650789036,-5.142916268972173,4.253241629506982,-0.071927,-0.042114,0.033823,0.995946,0.994165,0.073429,0.079021,-0.061313,0.987365,-0.146119,0.209044,1.084736,3.095264,-8.372834104448001,-0.1630142868710264,0.1110894164579112,-0.073003,-0.001348,0.000863,0.99733,0.999995,0.001919,0.002563,-0.001525,0.98934,-0.145619,M,BuildTutorial
40.755,0.096093,1.533723,2.771667,45.593951474921205,12.171840066386627,4.701368421925669,-0.388968,-0.081853,0.003446,-0.917602,0.986576,0.057352,-0.152898,0.070001,0.697385,0.71327,-0.079733,1.105062,2.85649,-8.074649970730395,-5.180744464548439,4.229277640683512,-0.07195,-0.042457,0.03359,0.995938,0.994138,0.073017,0.079736,-0.060798,0.98739,-0.146167,0.209009,1.086091,3.096683,-8.508923356987667,-0.1100626200876677,0.1063193043123269,-0.074187,-0.000889,0.000854,0.997244,0.999997,0.001836,0.001646,-0.001572,0.988991,-0.147966,M,BuildTutorial
40.788,0.09591,1.533743,2.771817,45.59701261458329,12.133383528716964,4.709296312178874,-0.388999,-0.081516,0.003255,-0.917619,0.986689,0.057445,-0.152134,0.069394,0.697338,0.713375,-0.080032,1.105112,2.856514,-8.059289196003178,-5.2467540145281415,4.3042982088468085,-0.071864,-0.042989,0.034207,0.9959,0.993964,0.074312,0.080708,-0.061954,0.987331,-0.14608,0.208914,1.087193,3.098434,-8.622691651660428,-0.1002047915009661,0.1097153778409397,-0.075177,-0.0008,0.000889,0.99717,0.999997,0.001893,0.001463,-0.001652,0.988695,-0.149929,M,BuildTutorial
40.822,0.095674,1.53375,2.77188,45.59692532152341,12.093063803971386,4.746764196651496,-0.389026,-0.081066,0.002818,-0.917649,0.986841,0.057901,-0.150972,0.068246,0.697302,0.713521,-0.08004,1.104968,2.856232,-8.066718413300963,-5.31051966748274,4.3211142151861495,-0.071954,-0.04353,0.03431,0.995867,0.993856,0.074601,0.081762,-0.062073,0.987291,-0.146301,0.209005,1.088088,3.100096,-8.687124488616933,-0.0139770172299312,0.1840168620497001,-0.075737,0.0,0.001592,0.997127,0.999995,0.003174,-0.000241,-0.003174,0.988523,-0.151039,M,BuildTutorial
40.855,0.095397,1.533798,2.771911,45.60890873629657,12.088530175036713,4.799890481419092,-0.389159,-0.080841,0.002389,-0.917613,0.986918,0.058536,-0.150221,0.067304,0.697099,0.713809,-0.08058,1.104839,2.856236,-8.019584650695515,-5.374329608145123,4.2832301294818755,-0.071549,-0.044125,0.033961,0.995882,0.993799,0.073956,0.083027,-0.061328,0.987455,-0.145506,0.209481,1.089103,3.101537,-8.79944859669228,0.1533936338476476,0.0124480471144164,-0.076714,0.001343,0.000211,0.997052,0.999996,0.000216,-0.00271,-0.000628,0.98823,-0.152976,M,BuildTutorial
40.888,0.095246,1.533865,2.772072,45.58809624558296,12.04278254131099,4.804031117807355,-0.388997,-0.080475,0.00218,-0.917715,0.987038,0.058609,-0.149402,0.06661,0.697354,0.713625,-0.081396,1.104961,2.856538,-7.973173059607414,-5.501241891621731,4.330503827363222,-0.071202,-0.045215,0.034313,0.995846,0.993557,0.074779,0.085167,-0.061901,0.987506,-0.144916,0.210028,1.089304,3.103048,-8.489093950409185,0.4636290289788353,-0.6916846166000598,-0.074036,0.003588,-0.00572,0.997233,0.999909,-0.01194,-0.006309,0.010878,0.988972,-0.147703,M,BuildTutorial
40.922,0.095112,1.533935,2.772209,45.560408788381395,11.981942270796257,4.799828448521072,-0.388774,-0.080021,0.00198,-0.917849,0.987186,0.058585,-0.148434,0.065855,0.697701,0.713356,-0.081936,1.105014,2.856614,-8.004792155650751,-5.6074088110205125,4.274827869128672,-0.071486,-0.046161,0.033749,0.995801,0.99346,0.073815,0.087109,-0.060615,0.987501,-0.145488,0.210613,1.089084,3.104393,-8.036505609147078,0.7851343574496696,-1.2874592424001534,-0.070145,0.006047,-0.010727,0.997461,0.999697,-0.022248,-0.010559,0.020551,0.989929,-0.140063,M,BuildTutorial
40.955,0.094927,1.533896,2.772257,45.583260309921165,11.907275339368402,4.796076372897479,-0.388955,-0.07942,0.001779,-0.917825,0.987379,0.058516,-0.147171,0.065047,0.697421,0.713703,-0.082621,1.105139,2.85684,-8.018825266375902,-5.708239689392227,4.334361107725809,-0.071662,-0.046995,0.034197,0.995734,0.993244,0.074838,0.088687,-0.061367,0.98739,-0.145926,0.210408,1.089171,3.105218,-7.904446902966435,0.8047110799767816,-1.318821181291084,-0.068999,0.006212,-0.010997,0.997537,0.999681,-0.022797,-0.010877,0.021083,0.990237,-0.137794,M,BuildTutorial
40.989,0.094803,1.534016,2.772463,45.58076417666593,11.828467500695076,4.7838525873481705,-0.388928,-0.078832,0.001607,-0.917888,0.987566,0.05837,-0.145968,0.06427,0.697465,0.713731,-0.082857,1.105175,2.856892,-8.014532192497912,-5.777178448643688,4.352903955027026,-0.071653,-0.047584,0.034317,0.995703,0.993116,0.075158,0.089842,-0.06152,0.987376,-0.145956,0.209875,1.088775,3.105926,-7.506212042926547,0.7787247984124519,-1.7966109336030915,-0.065554,0.005754,-0.015199,0.997717,0.999472,-0.031082,-0.009489,0.029573,0.990943,-0.130984,M,BuildTutorial
41.022,0.094665,1.534041,2.772644,45.54617922121358,11.766485540060884,4.805981078309371,-0.388668,-0.078284,0.001186,-0.918046,0.98774,0.058676,-0.144659,0.063031,0.697872,0.713444,-0.082989,1.105069,2.856815,-8.017902469468797,-5.8520369420527185,4.3085240689415105,-0.071686,-0.048261,0.033883,0.995683,0.993046,0.074392,0.091248,-0.060554,0.987426,-0.146023,0.209871,1.08787,3.106584,-6.927882127420881,1.0680271150658691,-2.639741752984978,-0.060616,0.007909,-0.022428,0.997878,0.998869,-0.04572,-0.013066,0.043803,0.991646,-0.121329,M,BuildTutorial
41.055,0.094542,1.533987,2.772792,45.558756133816146,11.740458389149884,4.841909861853192,-0.388793,-0.077945,0.000822,-0.918022,0.987848,0.059099,-0.143749,0.062118,0.697679,0.713713,-0.083671,1.105223,2.857162,-8.038253670157333,-5.950952178059785,4.334254525849446,-0.071903,-0.049097,0.034035,0.995621,0.992862,0.074833,0.092869,-0.060712,0.987343,-0.146518,0.208958,1.088398,3.10677,-7.303724934239017,0.8714521981713097,-2.0926618371750574,-0.06382,0.006425,-0.017739,0.997783,0.999288,-0.03622,-0.010557,0.03458,0.991225,-0.127585,M,BuildTutorial
41.088,0.094371,1.533973,2.77295,45.60163107321619,11.701519035853565,4.860399421145823,-0.389148,-0.077541,0.000583,-0.917906,0.987974,0.05928,-0.142803,0.061419,0.697127,0.714312,-0.084049,1.105272,2.857454,-8.002802841964943,-5.976228977580376,4.32366327531312,-0.071598,-0.049336,0.033944,0.995634,0.992828,0.074657,0.09338,-0.060527,0.987443,-0.14592,0.207907,1.088424,3.107073,-7.319470268345657,0.6749855964124204,-2.1262619915511127,-0.063928,0.004693,-0.01814,0.997779,0.999298,-0.036799,-0.007046,0.035599,0.991168,-0.127743,M,BuildTutorial
41.121,0.094311,1.533923,2.773133,45.60008825850849,11.651058459258202,4.859170945674301,-0.389135,-0.077142,0.00042,-0.917945,0.988098,0.059266,-0.141951,0.060809,0.697148,0.714344,-0.084394,1.105551,2.857824,-8.04889186123861,-5.980417151471654,4.340880124986842,-0.072007,-0.049345,0.034069,0.9956,0.992809,0.074945,0.093349,-0.060732,0.987309,-0.146743,0.207248,1.088273,3.107327,-7.19883676281281,0.6797852005532444,-2.437279094573942,-0.062891,0.004584,-0.020853,0.997792,0.999088,-0.04219,-0.006524,0.041037,0.99122,-0.125696,M,BuildTutorial
41.155,0.094234,1.533847,2.773285,45.60714786607487,11.596995664824822,4.841837960190518,-0.38918,-0.076763,0.000382,-0.917958,0.988215,0.059049,-0.141227,0.06045,0.697078,0.714442,-0.084875,1.105872,2.858184,-8.08925989666264,-6.028655368530226,4.317941793011548,-0.072362,-0.049764,0.03382,0.995562,0.99276,0.074542,0.094191,-0.060138,0.98724,-0.147447,0.206873,1.088209,3.107446,-7.21618750886199,0.6441569515191226,-2.2618535850032173,-0.063029,0.004367,-0.019344,0.997815,0.999214,-0.039154,-0.006277,0.038053,0.991306,-0.125952,M,BuildTutorial
41.188,0.094127,1.533831,2.773346,45.64116715290432,11.55101197706207,4.824631786050041,-0.38944,-0.07643,0.000396,-0.917875,0.988317,0.058802,-0.140614,0.060257,0.696672,0.714855,-0.085158,1.106075,2.858355,-8.09711476357176,-6.088202020898607,4.407311910711654,-0.072487,-0.050222,0.034555,0.995505,0.992567,0.07608,0.094983,-0.061518,0.987103,-0.147792,0.206452,1.088293,3.10755,-7.349944968816722,0.6051189243922283,-2.2612968519885905,-0.064187,0.004004,-0.019353,0.997742,0.999219,-0.039134,-0.005506,0.038105,0.991011,-0.12824,M,BuildTutorial
41.222,0.094074,1.533897,2.773483,45.65388373961628,11.52414971980618,4.826475950143981,-0.389543,-0.0762,0.000302,-0.917851,0.988387,0.058812,-0.140115,0.059921,0.696513,0.715038,-0.084973,1.106086,2.858219,-8.148679314264228,-6.0765936264571705,4.349488349681167,-0.072906,-0.050139,0.034035,0.995496,0.992655,0.075074,0.094864,-0.060453,0.987053,-0.148568,0.206098,1.08797,3.107683,-7.259799976281501,0.5060669985027714,-2.2491316788420495,-0.063385,0.003164,-0.019307,0.997797,0.999234,-0.03893,-0.003867,0.038128,0.991219,-0.126613,M,BuildTutorial
41.255,0.094079,1.534007,2.77362,45.59868227465511,11.487035304522594,4.853263413815359,-0.38912,-0.075849,-9.1e-05,-0.918059,0.988494,0.059196,-0.139197,0.058862,0.697172,0.714484,-0.085116,1.105897,2.858297,-8.093671728375334,-6.147926498916956,4.3710654942202725,-0.072459,-0.050765,0.034204,0.995491,0.992506,0.075456,0.096116,-0.060742,0.98716,-0.147737,0.206185,1.087828,3.107797,-7.27317161154194,0.6341772224018783,-2.1953441377323557,-0.063521,0.004307,-0.018767,0.997795,0.999259,-0.037998,-0.006211,0.036903,0.991226,-0.126923,M,BuildTutorial
41.288,0.094008,1.534024,2.773673,45.604822159514534,11.498313748719486,4.903082415245661,-0.389202,-0.075766,-0.000446,-0.918031,0.988519,0.059796,-0.138764,0.058157,0.697044,0.714666,-0.085723,1.105803,2.858834,-8.036908344502464,-6.232253605894726,4.379485836647882,-0.071995,-0.051513,0.034252,0.995485,0.992346,0.075612,0.097629,-0.060777,0.987287,-0.146868,0.20624,1.087865,3.107992,-7.344407967321278,0.577541750644406,-2.0769931328777034,-0.064128,0.003868,-0.017764,0.997776,0.999339,-0.035944,-0.00544,0.034952,0.991144,-0.128108,M,BuildTutorial
41.322,0.093994,1.5341,2.773773,45.611144853045865,11.43753357918597,4.8694480698386275,-0.38923,-0.075389,-0.000377,-0.91805,0.988633,0.059379,-0.138129,0.057996,0.697,0.714722,-0.08568,1.10567,2.858867,-8.05686135874933,-6.231789533751785,4.328103455061298,-0.072145,-0.051534,0.033796,0.995488,0.992404,0.074723,0.097727,-0.059851,0.987306,-0.147123,0.206179,1.087853,3.108153,-7.290137094748876,0.5255662316775692,-2.1996704115031127,-0.063651,0.003356,-0.018864,0.997788,0.999266,-0.038071,-0.004297,0.037217,0.991186,-0.127146,M,BuildTutorial
41.355,0.093973,1.534174,2.773793,45.58605464700656,11.384540400288166,4.801231279134144,-0.388985,-0.075213,-3.4e-05,-0.918169,0.988686,0.058577,-0.13809,0.05845,0.697382,0.714313,-0.085901,1.105604,2.859013,-8.026056620077874,-6.230998710872584,4.314200378911213,-0.071871,-0.051547,0.033691,0.995511,0.992416,0.074488,0.097789,-0.059669,0.987399,-0.14657,0.206183,1.087854,3.108186,-7.361507652297382,0.5225134575607743,-2.098591002694318,-0.064269,0.003374,-0.017982,0.997765,0.999331,-0.036317,-0.004422,0.03545,0.991092,-0.128373,M,BuildTutorial
41.388,0.093939,1.5342,2.773945,45.579704242232026,11.34787828168505,4.788702482257751,-0.388926,-0.074966,-6.4e-05,-0.918214,0.98876,0.05843,-0.13762,0.058195,0.697473,0.714244,-0.085595,1.105466,2.858644,-8.054751856272446,-6.248308651869807,4.366704099109405,-0.072149,-0.051654,0.034122,0.995471,0.992335,0.075388,0.097917,-0.060481,0.98726,-0.14717,0.205845,1.087798,3.108347,-7.3594290776268,0.3581991548766788,-1.9801596283501464,-0.064223,0.00201,-0.017043,0.997788,0.999411,-0.034269,-0.001821,0.033753,0.99117,-0.12823,M,BuildTutorial
41.421,0.093927,1.534205,2.773991,45.593598722122,11.376728979466616,4.831379370027067,-0.389065,-0.075043,-0.000295,-0.918149,0.988737,0.058934,-0.137571,0.057852,0.697258,0.714483,-0.085735,1.105379,2.858678,-8.079187962733112,-6.240355319511724,4.30490487397763,-0.072331,-0.051615,0.033578,0.995478,0.992417,0.074319,0.097907,-0.059386,0.987282,-0.147474,0.20553,1.087715,3.108468,-7.26452656876184,0.293887208211553,-2.398524574351398,-0.063392,0.001233,-0.020725,0.997773,0.999138,-0.041515,0.000167,0.041202,0.991104,-0.126552,M,BuildTutorial
41.458,0.093894,1.534223,2.773991,45.591325804728896,11.41619413428512,4.9078695053744354,-0.389097,-0.075101,-0.000776,-0.91813,0.988718,0.059868,-0.137302,0.057019,0.697206,0.714599,-0.08586,1.105096,2.85873,-8.018072848906781,-6.252336327537248,4.281095898082233,-0.071793,-0.051756,0.033394,0.995516,0.992412,0.07392,0.098252,-0.059058,0.987461,-0.146399,0.205221,1.087725,3.108355,-7.175832630268251,0.2337272323874079,-2.278531820927287,-0.062608,0.000791,-0.019716,0.997843,0.999221,-0.039446,0.00089,0.039247,0.991383,-0.124977,M,BuildTutorial
41.488,0.09378,1.534241,2.774073,45.56665204077821,11.398658532237166,4.940342824274868,-0.388921,-0.074867,-0.001119,-0.918223,0.988787,0.06029,-0.136619,0.05618,0.697479,0.7144,-0.086298,1.10489,2.858886,-7.985264420102127,-6.314045851183182,4.25038631921568,-0.071512,-0.052323,0.033105,0.995516,0.992333,0.073396,0.099441,-0.05843,0.98758,-0.145847,0.205048,1.087663,3.108498,-7.109877403575559,0.2008703396548653,-2.519382411645379,-0.062029,0.000386,-0.021833,0.997836,0.999046,-0.04362,0.001938,0.043524,0.991351,-0.123807,M,BuildTutorial
41.522,0.093714,1.53422,2.774067,45.59200996677529,11.37781363857954,4.910530642397579,-0.389104,-0.074784,-0.000927,-0.918153,0.988813,0.059899,-0.136604,0.056495,0.697194,0.714653,-0.086798,1.104939,2.85913,-7.973728955784094,-6.376866690533599,4.267810014828239,-0.071438,-0.052862,0.033223,0.995489,0.992204,0.073698,0.100499,-0.058593,0.987586,-0.145744,0.204721,1.087663,3.108459,-7.149177502876613,0.0696771570966564,-2.385326586192498,-0.062347,-0.000691,-0.020736,0.997839,0.999139,-0.041297,0.003964,0.041469,0.991366,-0.124395,M,BuildTutorial
41.556,0.093758,1.534203,2.774034,45.59635817835623,11.364726360815066,4.894386624433075,-0.389128,-0.074731,-0.000838,-0.918147,0.988829,0.059699,-0.136575,0.05662,0.697158,0.714678,-0.086977,1.105059,2.859177,-7.983035297552688,-6.403434484096526,4.292593551796631,-0.071538,-0.053074,0.033417,0.995464,0.992133,0.074125,0.100886,-0.058938,0.987531,-0.145974,0.204946,1.087792,3.108444,-7.221684045343286,0.2445742578115555,-2.2575463594650858,-0.063009,0.000889,-0.019526,0.997822,0.999236,-0.039079,0.000687,0.038856,0.991297,-0.125779,M,BuildTutorial
41.588,0.093738,1.534209,2.77404,45.58364410572321,11.36066470063201,4.881440519550041,-0.389018,-0.074751,-0.00076,-0.918192,0.988824,0.059554,-0.13668,0.056763,0.697328,0.714501,-0.087462,1.1053,2.859584,-8.009699992871468,-6.393604853522592,4.297472883234232,-0.071769,-0.052976,0.033452,0.995452,0.992149,0.074205,0.100669,-0.058996,0.98746,-0.146429,0.205235,1.087599,3.108406,-7.1618191152263355,0.3563555263063759,-2.2753707762144986,-0.062507,0.001863,-0.019622,0.99785,0.999223,-0.039393,-0.001266,0.038927,0.991416,-0.124818,M,BuildTutorial
41.622,0.093707,1.534187,2.774,45.58743527048363,11.37455137701599,4.898751498394291,-0.38906,-0.074801,-0.000848,-0.918171,0.988808,0.059761,-0.136701,0.056647,0.697264,0.714573,-0.087484,1.105354,2.85962,-8.014032073714164,-6.39119778069889,4.30630123425228,-0.07181,-0.052948,0.033528,0.995448,0.992145,0.074355,0.100598,-0.059146,0.987439,-0.146516,0.205268,1.087264,3.108366,-7.066244996264405,0.3414461679216355,-2.20077256002,-0.061671,0.00179,-0.018984,0.997914,0.999273,-0.038109,-0.001231,0.037668,0.991673,-0.123153,M,BuildTutorial
41.655,0.093754,1.534187,2.774009,45.59758807735818,11.405059559816332,4.95543469717907,-0.389178,-0.074846,-0.001189,-0.918116,0.988793,0.06044,-0.136509,0.056073,0.697078,0.714799,-0.087146,1.10531,2.859338,-8.017057180877154,-6.405658378020345,4.3246746121529664,-0.071849,-0.053061,0.033677,0.995434,0.992101,0.074671,0.100798,-0.059422,0.987407,-0.146615,0.205304,1.087119,3.108239,-7.08575482350625,0.3256737625150558,-2.18104398618191,-0.061838,0.00166,-0.01882,0.997907,0.999286,-0.037766,-0.000986,0.037356,0.991644,-0.12348,M,BuildTutorial
41.688,0.093711,1.534143,2.773959,45.61322142947022,11.381820777459543,4.960778098565231,-0.389306,-0.074631,-0.001296,-0.918079,0.988857,0.060489,-0.136025,0.055729,0.696878,0.715021,-0.086649,1.105004,2.858827,-8.005940022736551,-6.410739226274162,4.331297462085135,-0.071757,-0.053105,0.033737,0.995436,0.992083,0.074787,0.100883,-0.059545,0.987426,-0.146442,0.205592,1.087307,3.108049,-7.172116849668372,0.3709207513939729,-2.096033780174971,-0.062596,0.002086,-0.018052,0.997874,0.99934,-0.036287,-0.001903,0.035765,0.991512,-0.125001,M,BuildTutorial
41.721,0.093627,1.534153,2.773931,45.596457407177894,11.350457850832276,4.950504624674405,-0.389165,-0.074426,-0.001336,-0.918155,0.988918,0.060381,-0.135629,0.055474,0.697097,0.714827,-0.086123,1.104778,2.85817,-8.007457865337603,-6.406807320443045,4.326959572902628,-0.071767,-0.053073,0.033701,0.995438,0.992095,0.074713,0.100824,-0.059477,0.987428,-0.146456,0.205824,1.087283,3.107769,-7.214882462374638,0.4004194517499502,-1.9995540016382949,-0.062971,0.002389,-0.017194,0.997864,0.999397,-0.034615,-0.002602,0.034013,0.991478,-0.125756,M,BuildTutorial
41.755,0.093601,1.534227,2.773814,45.57430763425891,11.33007108963094,4.923919794376075,-0.388971,-0.074368,-0.001213,-0.918243,0.988936,0.060082,-0.135632,0.055626,0.6974,0.71452,-0.085792,1.104599,2.857916,-8.00563672208822,-6.399855970806649,4.341777115068618,-0.071756,-0.053004,0.033835,0.995438,0.992092,0.074968,0.100668,-0.059754,0.987413,-0.146443,0.206202,1.087173,3.1074,-7.198844241662215,0.4947976471091154,-2.0894836278272884,-0.062848,0.003164,-0.017926,0.997857,0.999337,-0.036172,-0.004062,0.035377,0.991458,-0.12554,M,BuildTutorial
41.788,0.093634,1.534281,2.773669,45.5815816390713,11.365090453037578,4.921762065669289,-0.389028,-0.074651,-0.00107,-0.918196,0.988852,0.060047,-0.136257,0.056118,0.697313,0.714567,-0.085338,1.104416,2.857635,-7.9645297472749315,-6.367578686772641,4.316912663151375,-0.071378,-0.052754,0.03366,0.995484,0.992168,0.074547,0.100226,-0.059485,0.987544,-0.145663,0.20633,1.087281,3.106699,-7.208317773985459,0.5256223593044407,-2.1129547869527263,-0.062936,0.003418,-0.018113,0.997847,0.999321,-0.036577,-0.004541,0.035717,0.991422,-0.125724,M,BuildTutorial
41.822,0.093648,1.534414,2.773608,45.55465898532929,11.40162902668995,4.93532213326379,-0.388822,-0.074916,-0.00108,-0.918261,0.988773,0.060241,-0.136746,0.056275,0.697632,0.714243,-0.085037,1.104473,2.857563,-7.986486577936502,-6.348704951384552,4.349178356434221,-0.071578,-0.052562,0.033941,0.995471,0.992171,0.075099,0.099788,-0.06005,0.987449,-0.146075,0.206138,1.087769,3.105438,-7.368505279768159,0.4584885530014391,-2.145611996775896,-0.064321,0.002789,-0.018427,0.997755,0.999305,-0.037129,-0.003195,0.036412,0.991047,-0.128455,M,BuildTutorial
41.855,0.093694,1.534575,2.773515,45.49470707279832,11.427812978942214,4.948196338218774,-0.388352,-0.075123,-0.001151,-0.918443,0.98871,0.060464,-0.137099,0.056233,0.698364,0.713531,-0.084745,1.104741,2.857455,-8.090384408483304,-6.280710696293685,4.386415049939955,-0.072477,-0.05191,0.034255,0.995429,0.992264,0.075721,0.09838,-0.060672,0.987147,-0.147848,0.205507,1.088982,3.103106,-7.791680229191356,0.1919275983437675,-1.8752162332310016,-0.067961,0.000559,-0.016212,0.997556,0.999474,-0.032422,0.001088,0.03227,0.990237,-0.135609,M,BuildTutorial
41.888,0.093706,1.534808,2.773386,45.43055991929844,11.438511531193535,4.9710936523238445,-0.387855,-0.075175,-0.001359,-0.918649,0.988694,0.060811,-0.137065,0.055817,0.699133,0.71281,-0.084729,1.104905,2.857607,-8.088729567709182,-6.269388241923962,4.383653467410296,-0.072458,-0.051814,0.034239,0.995436,0.992286,0.075674,0.098193,-0.060656,0.987155,-0.147803,0.204212,1.089874,3.099514,-8.165568878121233,-0.4114538425493191,-1.4063710462071466,-0.071148,-0.004455,-0.012497,0.997378,0.999648,-0.024294,0.010665,0.025562,0.989564,-0.141812,M,BuildTutorial
41.921,0.093656,1.53507,2.773197,45.38254153421716,11.466561056311305,4.97039265944152,-0.387471,-0.075435,-0.001304,-0.918789,0.988616,0.060853,-0.137607,0.056062,0.699729,0.712206,-0.084704,1.104885,2.857793,-8.101652748766677,-6.298124819334389,4.454527222345782,-0.072611,-0.052014,0.03483,0.995394,0.992163,0.076893,0.098492,-0.061786,0.987029,-0.148177,0.202657,1.090015,3.09474,-8.436403170549863,-1.0890749272189,-0.8774417451561076,-0.073477,-0.010041,-0.008335,0.997212,0.999659,-0.015148,0.021251,0.018099,0.989063,-0.146377,M,BuildTutorial
41.955,0.093642,1.535399,2.773038,45.28766219338014,11.465673517038006,4.938598075492222,-0.386692,-0.0756,-0.001142,-0.919104,0.988567,0.060568,-0.138086,0.056369,0.700936,0.710993,-0.084599,1.105032,2.857878,-8.140637480121411,-6.342324774529087,4.456795054880917,-0.072964,-0.052382,0.034802,0.99535,0.99209,0.076925,0.099198,-0.061637,0.98693,-0.148895,0.201888,1.089733,3.088906,-8.579117659130539,-1.4312426999204697,-0.7593937663751751,-0.074707,-0.01295,-0.007542,0.997093,0.999551,-0.013105,0.026952,0.016975,0.988724,-0.148785,M,BuildTutorial
41.988,0.093535,1.535912,2.772857,45.12640262727163,11.45397339688881,4.908794001703901,-0.385383,-0.075716,-0.001095,-0.919644,0.988532,0.060373,-0.138419,0.056345,0.702957,0.708997,-0.084406,1.105236,2.857894,-8.213111882363446,-6.403831213601478,4.485135219748007,-0.073625,-0.052871,0.034972,0.995269,0.991963,0.077398,0.100091,-0.061828,0.986713,-0.150251,0.201835,1.087788,3.081188,-8.160712932423756,-1.5551621836987333,-1.2341404935042044,-0.070999,-0.014302,-0.011707,0.997305,0.999317,-0.021319,0.030189,0.025381,0.989644,-0.14128,M,BuildTutorial
42.021,0.093356,1.53676,2.772718,44.894846759452165,11.37245818489959,4.857390447753489,-0.383496,-0.07539,-0.001174,-0.92046,0.98863,0.059985,-0.137886,0.055662,0.705859,0.706162,-0.084845,1.105972,2.858596,-8.267177578757066,-6.465151277631811,4.592247194197542,-0.074163,-0.053314,0.035835,0.995175,0.991747,0.079232,0.100797,-0.063417,0.986431,-0.151432,0.201979,1.084841,3.071604,-7.516026365955043,-1.36863710317709,-2.235788621169646,-0.065293,-0.013194,-0.020249,0.997573,0.998832,-0.038677,0.028969,0.042123,0.990654,-0.129734,M,BuildTutorial
42.055,0.093143,1.537824,2.772424,44.62727854995177,11.267821114819164,4.757220250189972,-0.381286,-0.075061,-0.000968,-0.921404,0.98873,0.059024,-0.137584,0.055455,0.70924,0.702783,-0.084854,1.10684,2.859199,-8.377366728927173,-6.503968492288081,4.659068385582776,-0.075163,-0.053565,0.036333,0.995069,0.991621,0.08036,0.10114,-0.064255,0.986061,-0.153476,0.201019,1.081232,3.059915,-7.014067890418887,-1.3473443506028824,-3.1004878758257424,-0.060827,-0.013386,-0.02772,0.997674,0.998105,-0.053684,0.030081,0.05694,0.991063,-0.120629,M,BuildTutorial
42.088,0.09298,1.539005,2.772007,44.30740021544738,11.20492886497832,4.7551170601563895,-0.378719,-0.074772,-0.001456,-0.922485,0.988814,0.059322,-0.13685,0.053949,0.71314,0.698943,-0.084548,1.107618,2.86005,-8.526030657831178,-6.567532820966144,4.885121298017325,-0.07658,-0.053908,0.038176,0.994873,0.991273,0.084217,0.101416,-0.067704,0.985356,-0.15649,0.198563,1.077052,3.044679,-6.679725797409559,-0.9819879153303216,-5.700377657751164,-0.057759,-0.011441,-0.050137,0.997005,0.994711,-0.098651,0.028606,0.101295,0.988301,-0.114024,M,BuildTutorial
42.121,0.092901,1.540321,2.771753,43.88073881291831,11.213236989184296,4.724217807755085,-0.375273,-0.075219,-0.001574,-0.923856,0.988679,0.059364,-0.137802,0.053547,0.718335,0.693634,-0.083192,1.108032,2.861178,-8.64511452376797,-6.521967440299973,5.103382424119726,-0.0777,-0.053316,0.040039,0.994745,0.991109,0.087942,0.099849,-0.071372,0.984719,-0.158853,0.193847,1.071935,3.027566,-5.972796940257493,-0.8149722097934603,-9.363912707069916,-0.051344,-0.011331,-0.081881,0.995254,0.986334,-0.161822,0.030962,0.164149,0.981318,-0.100346,M,BuildTutorial
42.155,0.0931,1.541468,2.771437,43.39137976346793,11.260328218036372,4.749788664769297,-0.371355,-0.075834,-0.00208,-0.925387,0.98849,0.060171,-0.138807,0.052474,0.724183,0.687609,-0.079702,1.107794,2.862129,-8.740042715024357,-6.221375260046566,5.032186933324051,-0.078387,-0.050715,0.039577,0.994845,0.991723,0.086696,0.094704,-0.070795,0.984578,-0.15998,0.18717,1.067548,3.008955,-5.594452039638621,-1.2028027527550986,-15.237587283915474,-0.046978,-0.016861,-0.132924,0.989869,0.964094,-0.26157,0.045869,0.264738,0.960249,-0.088522,M,BuildTutorial
42.188,0.093471,1.542386,2.770837,43.06875840519775,11.345283605176562,4.791235502675834,-0.368786,-0.076597,-0.002441,-0.92635,0.988254,0.061018,-0.14011,0.051973,0.727982,0.683624,-0.075584,1.10819,2.864123,-8.849669097434065,-5.928128148246514,5.352058536497446,-0.079371,-0.047902,0.042502,0.994786,0.991798,0.092165,0.088558,-0.076957,0.983788,-0.161987,0.179629,1.064963,2.990518,-5.574126816875473,-0.874799591989256,-20.64200623597119,-0.04647,-0.016213,-0.179311,0.982561,0.935169,-0.350861,0.048525,0.353875,0.931376,-0.085504,M,BuildTutorial
42.221,0.093944,1.543276,2.770181,42.76089550615708,11.42335718979415,4.7530192415468315,-0.36628,-0.077552,-0.00217,-0.927265,0.987962,0.060835,-0.142232,0.052787,0.731669,0.679613,-0.069306,1.109635,2.866123,-9.31665702568254,-5.066087820510366,5.282426626075023,-0.083078,-0.040264,0.042299,0.994831,0.993179,0.090851,0.073083,-0.077471,0.982618,-0.168703,0.172516,1.063528,2.972899,-5.06157303612894,-0.2119468953814976,-27.71840434813229,-0.042428,-0.012371,-0.239382,0.969919,0.885087,-0.463312,0.04431,0.465412,0.881793,-0.076381,M,BuildTutorial
42.255,0.094753,1.544088,2.769223,42.44990652719207,11.574241137797705,4.7021369874498005,-0.363738,-0.079138,-0.001571,-0.928132,0.987469,0.060487,-0.145759,0.054655,0.735385,0.675442,-0.062113,1.111931,2.867944,-10.061094571373545,-3.989358085646247,4.586829097542886,-0.088951,-0.031138,0.036789,0.994869,0.995354,0.078739,0.055411,-0.06766,0.981469,-0.179279,0.16825,1.062371,2.957306,-4.247588347066117,1.0093213878841554,-34.65650024768247,-0.037997,-0.002635,-0.297318,0.954019,0.82319,-0.567093,0.027622,0.567494,0.820317,-0.070932,M,BuildTutorial
42.287,0.095712,1.545069,2.768092,42.122528017903264,11.693880721571126,4.589340606031393,-0.361016,-0.080676,-0.00059,-0.929063,0.986982,0.059348,-0.149481,0.057154,0.739335,0.670908,-0.054832,1.114943,2.869744,-10.79861591428736,-2.846537457866928,4.8484121132053195,-0.095029,-0.020727,0.039762,0.994464,0.995979,0.083022,0.033667,-0.075144,0.978777,-0.190654,0.163085,1.063015,2.94479,-4.1818334734480604,1.887934530848153,-34.840793347311,-0.039736,0.004787,-0.298567,0.953549,0.82167,-0.569777,0.014598,0.569016,0.818557,-0.078639,M,BuildTutorial
42.321,0.096965,1.546348,2.767018,41.65281532024755,11.80742644437064,4.387717526556794,-0.357073,-0.082528,0.000953,-0.930423,0.986376,0.057164,-0.154253,0.06071,0.744996,0.6643,-0.048331,1.118235,2.871849,-11.2901526370871,-1.951194083114462,5.601502546594164,-0.099062,-0.012118,0.046946,0.993899,0.995298,0.095721,0.014786,-0.090919,0.975965,-0.198054,0.160188,1.06557,2.934918,-4.436002702803425,2.985997314331411,-38.10439497801232,-0.045068,0.01198,-0.325121,0.944522,0.788305,-0.615248,0.006674,0.613089,0.78453,-0.092925,M,BuildTutorial
42.354,0.098434,1.547882,2.765714,41.13120613752077,12.054844843995484,4.0812528311618514,-0.352617,-0.085811,0.003708,-0.931818,0.985246,0.053607,-0.162535,0.067427,0.751295,0.656513,-0.041989,1.120911,2.873472,-11.868024572503034,-1.224931562050046,6.024460140711477,-0.103793,-0.005185,0.051161,0.993269,0.994711,0.102709,-0.000321,-0.100556,0.973219,-0.206719,0.156978,1.068015,2.927501,-4.448564461735562,3.2702654164409513,-41.34107198908749,-0.046363,0.012983,-0.351548,0.934931,0.752491,-0.65855,0.008321,0.656143,0.748529,-0.095821,M,BuildTutorial
42.388,0.10015,1.54995,2.764568,40.28830815931815,12.308659258457382,3.798442811404322,-0.345546,-0.089246,0.005965,-0.934129,0.983999,0.050533,-0.170857,0.072822,0.761124,0.644505,-0.036508,1.123523,2.875153,-12.378816481614964,-0.7424742186222544,6.217670324957268,-0.108004,-0.000585,0.053218,0.992725,0.994335,0.105789,-0.010333,-0.105536,0.971006,-0.214498,0.154088,1.071193,2.921948,-4.670574347315204,3.6681287377353833,-43.23564030750067,-0.049643,0.014725,-0.366707,0.928895,0.730619,-0.682725,0.009053,0.679801,0.726124,-0.103026,M,BuildTutorial
42.421,0.101865,1.552639,2.763557,39.12848002319457,12.49100685887861,3.3535179225607323,-0.335733,-0.092724,0.009006,-0.937339,0.982642,0.045378,-0.179876,0.079145,0.774405,0.62772,-0.031363,1.125718,2.876684,-12.720218564169278,-0.5198140218398917,6.75725156721915,-0.110849,0.002028,0.058069,0.992137,0.993248,0.114774,-0.016898,-0.115674,0.968681,-0.219719,0.153733,1.074177,2.917256,-4.6373846154627785,4.990222099837444,-47.45984406506842,-0.054507,0.023555,-0.400103,0.914545,0.678726,-0.734392,0.000532,0.729256,0.673894,-0.118547,M,BuildTutorial
42.454,0.103447,1.556283,2.762675,37.59503937099608,12.548511988691477,2.824240743598341,-0.322747,-0.095534,0.012015,-0.941575,0.981458,0.03904,-0.18766,0.084293,0.791381,0.605485,-0.026472,1.127659,2.878289,-13.178250820023884,-0.9535619019968784,7.416305245245073,-0.115039,-0.000828,0.063292,0.991342,0.991987,0.125679,-0.012921,-0.125298,0.96552,-0.228191,0.152234,1.076709,2.913852,-4.2412058769602305,5.3914124844225135,-50.5598891226676,-0.053493,0.026714,-0.424703,0.903356,0.637827,-0.770174,-0.002827,0.764458,0.633531,-0.119338,M,BuildTutorial
42.489,0.104703,1.560711,2.761711,35.678279438963116,12.454474119297588,2.167947255285508,-0.306437,-0.097477,0.015322,-0.946763,0.980527,0.030728,-0.193967,0.088755,0.811723,0.57726,-0.021605,1.129958,2.880742,-13.686848281081156,-1.7037484122657365,6.448562900684297,-0.119785,-0.008037,0.054069,0.991294,0.994024,0.109122,0.002981,-0.105271,0.965456,-0.238353,0.152505,1.080311,2.910354,-4.348202264244502,6.407042257790249,-55.66365023290133,-0.059567,0.031699,-0.463938,0.883294,0.567513,-0.823364,-0.000728,0.815811,0.562426,-0.134644,M,BuildTutorial
42.521,0.105722,1.565681,2.760428,33.64228271332461,12.313031335668258,1.5694657694466083,-0.289095,-0.098706,0.017998,-0.952028,0.979866,0.022802,-0.198348,0.09134,0.8322,0.5469,-0.017565,1.132445,2.883723,-14.05989267638762,-3.021850686301216,5.223632500802849,-0.123411,-0.020567,0.041987,0.991254,0.995628,0.088315,0.030411,-0.078163,0.966014,-0.24639,0.152994,1.084413,2.907422,-4.753479750955461,7.323392573664735,-59.174031909794046,-0.067495,0.035056,-0.49001,0.868393,0.517323,-0.855774,0.005262,0.84631,0.510669,-0.15158,M,BuildTutorial
42.554,0.106113,1.57124,2.759126,31.391308201042797,12.042487175192331,1.060394055805876,-0.269958,-0.098492,0.019517,-0.957623,0.979837,0.015797,-0.199174,0.090557,0.853484,0.51319,-0.012928,1.134581,2.886945,-13.785876013797449,-4.866355623662917,4.005664600134363,-0.121306,-0.037931,0.029573,0.991449,0.995373,0.067842,0.068039,-0.049437,0.968821,-0.242782,0.151171,1.089582,2.905023,-5.864634572378607,6.784943121261855,-62.09324352522857,-0.07423,0.024295,-0.511564,0.855688,0.475425,-0.879085,0.034368,0.871871,0.465585,-0.151892,M,BuildTutorial
42.588,0.106285,1.576748,2.757436,29.20326226889034,11.735922057553273,0.6532996752832856,-0.251336,-0.097503,0.020285,-0.962763,0.980163,0.009952,-0.197941,0.088072,0.872837,0.479999,-0.007927,1.135302,2.890598,-13.132781260586778,-6.301612024725697,1.8821314921732415,-0.115063,-0.052721,0.010007,0.991908,0.994241,0.031984,0.102286,-0.007719,0.973321,-0.229318,0.149403,1.095917,2.902579,-7.636676036634819,5.814066467711135,-64.9526928164669,-0.083278,0.006978,-0.532221,0.842471,0.433385,-0.897923,0.076887,0.895599,0.419611,-0.147747,M,BuildTutorial
42.621,0.106028,1.581942,2.755433,27.170969826881247,11.428096397152814,0.3209625796665155,-0.233999,-0.096123,0.020678,-0.967253,0.980665,0.004983,-0.195629,0.084988,0.889634,0.448696,-0.003361,1.135794,2.893889,-12.737113981871117,-7.6424575255145,0.3365473330127506,-0.110871,-0.065907,-0.00448,0.991637,0.991272,0.005729,0.131706,0.0235,0.975375,-0.219298,0.148017,1.101649,2.89983,-9.138465489951004,5.104364639963954,-68.13243764368788,-0.090791,-0.007809,-0.554878,0.826926,0.384099,-0.916268,0.11367,0.919104,0.367735,-0.141489,M,BuildTutorial
42.654,0.105365,1.586457,2.753282,25.448422180408684,11.0079329316469,0.0894613732656741,-0.219316,-0.093388,0.020368,-0.970961,0.981728,0.001411,-0.190287,0.080516,0.902971,0.42209,0.000999,1.136411,2.896809,-12.580783935226238,-8.55763206233388,-0.8792523583903129,-0.10869,-0.074997,-0.01578,0.991117,0.988253,-0.014976,0.152093,0.047582,0.975875,-0.213083,0.149041,1.1068,2.897489,-10.472283048721495,5.93712044416612,-69.51574706246505,-0.104278,-0.009589,-0.563086,0.819737,0.365685,-0.921165,0.133156,0.925164,0.344121,-0.160163,M,BuildTutorial
42.688,0.104445,1.590068,2.750999,24.10302794319148,10.56945992317002,-0.0147389117975039,-0.207892,-0.090102,0.019356,-0.973801,0.983014,-0.000236,-0.18353,0.075161,0.912812,0.401403,0.005374,1.137391,2.899642,-13.647959095272713,-9.248481551981849,-2.404681734068409,-0.116727,-0.082517,-0.030344,0.989265,0.984541,-0.040774,0.170346,0.079301,0.970908,-0.22594,0.152299,1.110368,2.895311,-10.95129034644349,8.22576105954904,-72.0430685752571,-0.118965,0.001771,-0.578363,0.807057,0.330987,-0.933965,0.134751,0.933122,0.302688,-0.194072,M,BuildTutorial
42.721,0.103543,1.593112,2.748653,22.96607991603271,10.16260845287741,-0.0812144874904467,-0.198234,-0.086937,0.018324,-0.97612,0.984212,-0.001305,-0.176987,0.070241,0.920735,0.383814,0.009877,1.140159,2.900472,-15.33071484926993,-11.135148184524978,-4.705015053638811,-0.128699,-0.101521,-0.053419,0.985026,0.97368,-0.079106,0.213751,0.131369,0.961166,-0.242698,0.155435,1.112819,2.893319,-11.288707142222636,10.326772854025116,-74.26567036754415,-0.132157,0.012269,-0.591244,0.795497,0.300561,-0.943908,0.136754,0.937422,0.265931,-0.22477,M,BuildTutorial
42.755,0.102447,1.595744,2.74654,22.00546198020935,9.697603500178325,-0.1568296099635922,-0.190059,-0.083233,0.017471,-0.978082,0.985534,-0.002537,-0.169458,0.065813,0.927145,0.368878,0.011057,1.141906,2.901572,-14.576789463801292,-13.273242620340175,-1.8799209318753487,-0.124116,-0.11669,-0.030823,0.9849,0.970867,-0.031749,0.237507,0.089681,0.967291,-0.23729,0.157407,1.114763,2.892272,-11.925309948083234,11.500253688768964,-76.71928648672022,-0.142887,0.013994,-0.605971,0.782423,0.265206,-0.952251,0.151272,0.944253,0.224765,-0.240556,M,BuildTutorial
42.788,0.101171,1.597984,2.744505,21.270077477706884,9.222696327837795,-0.2085252307744645,-0.183811,-0.07935,0.01662,-0.979613,0.986855,-0.00339,-0.161575,0.061732,0.931875,0.357489,0.014337,1.141747,2.903334,-13.48268786146699,-12.4355520617556,-1.866023564298393,-0.11493,-0.109445,-0.028788,0.986907,0.974386,-0.031666,0.22264,0.08198,0.971925,-0.220548,0.158342,1.117484,2.89114,-12.813968224566048,12.152058094809831,-76.86079776309873,-0.152305,0.013429,-0.604959,0.78144,0.267689,-0.949568,0.163289,0.941387,0.221656,-0.254282,M,BuildTutorial
42.821,0.099877,1.600244,2.742649,20.493891705015503,8.742766295713126,-0.3223374043212045,-0.177162,-0.075504,0.016319,-0.981146,0.988066,-0.005271,-0.153943,0.058776,0.936695,0.345179,0.01863,1.140989,2.905107,-12.05018460943891,-10.913439298224889,-2.780709179274056,-0.102163,-0.097076,-0.033999,0.989436,0.978841,-0.047444,0.199047,0.087114,0.976814,-0.195566,0.158886,1.120527,2.889696,-13.95357480673699,12.44544949505379,-77.51232147073671,-0.161517,0.00831,-0.607444,0.777725,0.261886,-0.947532,0.183299,0.942163,0.209849,-0.261327,M,BuildTutorial
42.854,0.09866,1.602045,2.740762,19.86893373503488,8.360437499909063,-0.4886719704026088,-0.171755,-0.072534,0.016765,-0.982323,0.988915,-0.008022,-0.148263,0.057854,0.940439,0.335005,0.021374,1.140732,2.905552,-11.038192300217023,-10.36507676133333,-1.8391819829159244,-0.094329,-0.091436,-0.024596,0.991028,0.982069,-0.0315,0.185871,0.066,0.980994,-0.182468,0.158858,1.123957,2.88847,-15.115468924816444,12.619500237461828,-77.33931581492112,-0.170142,0.00338,-0.604363,0.778322,0.269467,-0.941929,0.200393,0.939628,0.211594,-0.268936,M,BuildTutorial
42.887,0.097394,1.603673,2.738989,19.338049593577175,7.968456247540245,-0.5977993909779156,-0.167191,-0.069368,0.0168,-0.983338,0.989812,-0.009844,-0.142042,0.056235,0.94353,0.32648,0.023269,1.141024,2.905668,-10.651958479373691,-9.596758148099635,-1.6052033798379717,-0.091321,-0.084576,-0.021662,0.991987,0.984755,-0.027529,0.171754,0.058423,0.982382,-0.177515,0.158349,1.127246,2.887713,-16.190186858729124,12.705091126809752,-76.5405508483169,-0.177724,-0.00068,-0.597203,0.782153,0.286698,-0.933965,0.213338,0.934449,0.223526,-0.277204,M,BuildTutorial
42.921,0.096255,1.605198,2.737544,18.75195133900145,7.662351880473299,-0.6767626838297691,-0.162156,-0.066883,0.016699,-0.984354,0.990496,-0.011184,-0.137088,0.054566,0.946853,0.317005,0.025518,1.140857,2.905586,-11.093675628535593,-9.111378999526286,-2.743365302079813,-0.094434,-0.08134,-0.031426,0.991705,0.984792,-0.046969,0.167266,0.077694,0.980189,-0.18219,0.157145,1.12996,2.887454,-16.881145772857323,12.582015280648465,-75.57674583552867,-0.181718,-0.00374,-0.589749,0.786868,0.304365,-0.92675,0.220221,0.929468,0.23835,-0.281565,M,BuildTutorial
42.954,0.095094,1.606478,2.736204,18.26474952728169,7.458152257200378,-0.7293238665409274,-0.157968,-0.065221,0.016593,-0.985148,0.990942,-0.012088,-0.133748,0.053299,0.949542,0.309079,0.027095,1.140737,2.905826,-12.627730733589145,-10.03116243090222,-6.684954013309732,-0.104301,-0.093136,-0.067327,0.987884,0.973586,-0.113594,0.198059,0.152451,0.969177,-0.193533,0.155484,1.133939,2.887027,-17.975316141370048,12.455422144879485,-74.06240112860159,-0.188507,-0.007992,-0.577816,0.794059,0.33213,-0.914627,0.230536,0.920653,0.261188,-0.290136,M,BuildTutorial
42.987,0.093979,1.607633,2.73493,17.842956715779067,7.314199713416523,-0.7091739538136109,-0.154372,-0.06397,0.015993,-0.98581,0.991304,-0.011783,-0.131063,0.051284,0.951827,0.302316,0.027741,1.141277,2.906832,-14.921456651735811,-12.04796097751269,-10.97901159637916,-0.118583,-0.115932,-0.107894,0.980233,0.949838,-0.184027,0.252869,0.239017,0.948594,-0.207462,0.154458,1.13824,2.885844,-19.250322752365054,12.679999296794724,-73.52332846630526,-0.198291,-0.012234,-0.571662,0.796074,0.346105,-0.905319,0.24619,0.915022,0.267766,-0.301721,M,BuildTutorial
43.021,0.092896,1.608645,2.733766,17.50874648196642,7.272570286749589,-0.6362207576593456,-0.151542,-0.063526,0.015129,-0.986291,0.991471,-0.01059,-0.129896,0.049097,0.953612,0.297007,0.027331,1.142042,2.905264,-17.28452141011499,-15.185722233780137,-13.166005538613971,-0.132989,-0.146847,-0.132071,0.97124,0.921987,-0.217487,0.320375,0.295603,0.929743,-0.219539,0.153517,1.143039,2.885041,-20.57887658760258,12.605739965319536,-74.05513809818319,-0.206788,-0.020679,-0.573278,0.792568,0.34185,-0.900171,0.269873,0.917275,0.257183,-0.304078,M,BuildTutorial
43.054,0.091931,1.609265,2.732584,17.305608752450823,7.343471786544111,-0.5752342028216046,-0.149818,-0.064064,0.014587,-0.986528,0.991366,-0.009585,-0.130773,0.047977,0.954684,0.29373,0.024964,1.144554,2.904718,-18.66361755567,-18.431734511737726,-11.798621077782602,-0.142968,-0.173649,-0.125943,0.966201,0.907969,-0.193719,0.371572,0.293024,0.927397,-0.232532,0.154425,1.147012,2.883595,-21.92223112894726,13.5021944634177,-76.8514552116412,-0.219656,-0.026939,-0.588419,0.777681,0.306074,-0.903371,0.3004,0.92704,0.211028,-0.309942,M,BuildTutorial
43.087,0.090992,1.609808,2.731542,17.150504466830643,7.494189050159781,-0.4895692050241481,-0.148512,-0.065257,0.01396,-0.986656,0.991093,-0.008165,-0.13292,0.046931,0.955499,0.291239,0.024154,1.146579,2.904443,-19.280460075375057,-20.787413915905393,-11.144621031123028,-0.146664,-0.193017,-0.124229,0.962186,0.894623,-0.182445,0.407876,0.295679,0.926114,-0.234279,0.15368,1.150943,2.883344,-23.188527957286055,14.015693212710184,-77.18485013149673,-0.230464,-0.031016,-0.587318,0.77523,0.308191,-0.896317,0.3188,0.92491,0.203888,-0.320893,M,BuildTutorial
43.121,0.09007,1.610116,2.730651,17.06857479361397,7.719182812903163,-0.3784854933702284,-0.147844,-0.067055,0.013248,-0.986646,0.990656,-0.006314,-0.136236,0.045969,0.955934,0.289962,0.026273,1.147206,2.906408,-18.484968478328348,-19.68418690054338,-14.40856223625172,-0.135842,-0.187228,-0.149195,0.961371,0.885373,-0.235997,0.400525,0.337731,0.918576,-0.205321,0.152979,1.1547,2.883682,-24.28406414802344,14.277059602233347,-76.56418088751882,-0.239094,-0.033935,-0.580462,0.777655,0.323825,-0.88657,0.330349,0.919025,0.211797,-0.332469,M,BuildTutorial
43.154,0.089089,1.610065,2.729809,17.157990099693002,7.947943530186962,-0.1988613164282585,-0.148695,-0.068786,0.01205,-0.986414,0.990246,-0.003317,-0.139288,0.04423,0.955489,0.291692,0.030517,1.146477,2.909428,-17.779142261011017,-17.946462314800563,-16.83181819931584,-0.128442,-0.17478,-0.166673,0.96186,0.883344,-0.275734,0.379044,0.36553,0.911446,-0.188823,0.151797,1.157925,2.884164,-24.901258578970506,14.40945554314828,-76.96763232371818,-0.243644,-0.037242,-0.581695,0.775166,0.320489,-0.883672,0.34119,0.919967,0.204538,-0.334402,M,BuildTutorial
43.188,0.088029,1.609946,2.728983,17.251892606388928,8.178035162076325,-0.0377960002628259,-0.149578,-0.070549,0.01102,-0.986168,0.989803,-0.000629,-0.142443,0.04284,0.95501,0.293464,0.034438,1.145964,2.910972,-16.989119901249076,-16.844679012598313,-19.96621265778384,-0.118797,-0.168,-0.190915,0.959799,0.870655,-0.326565,0.367853,0.406397,0.898877,-0.163895,0.163141,1.156526,2.873461,-26.058953228498417,14.318352639551868,-76.8424452066066,-0.25071,-0.043886,-0.578705,0.774802,0.326349,-0.874759,0.35818,0.91877,0.204489,-0.337708,M,BuildTutorial
43.221,0.0869,1.609901,2.728286,17.296215247033427,8.409048291713084,0.066750607072034,-0.150003,-0.072396,0.01045,-0.985976,0.989299,0.001112,-0.145897,0.042326,0.95478,0.294286,0.036575,1.146031,2.912603,-16.000897527914518,-16.92673461613301,-22.646125781876854,-0.10637,-0.169937,-0.212398,0.956396,0.852017,-0.370122,0.37024,0.442426,0.887145,-0.131274,0.161626,1.159458,2.872118,-27.33306892951756,14.203025294895976,-76.78045654041142,-0.258369,-0.051446,-0.575908,0.773905,0.331368,-0.864812,0.377222,0.91798,0.203153,-0.340649,M,BuildTutorial
43.254,0.085799,1.609764,2.727423,17.419972241379917,8.635972425223798,0.1414464868172863,-0.151095,-0.074237,0.010185,-0.985675,0.98877,0.002356,-0.149425,0.042511,0.954133,0.296348,0.03643,1.145766,2.914043,-14.35182012478627,-17.904611940492245,-23.95509757269019,-0.088667,-0.17664,-0.22241,0.95471,0.838665,-0.393349,0.37672,0.455997,0.885345,-0.090729,0.160753,1.161606,2.871097,-28.26390513683393,14.08608209910049,-76.9307232939653,-0.263691,-0.057629,-0.575224,0.772181,0.331592,-0.857962,0.392363,0.918747,0.199168,-0.340935,M,BuildTutorial
43.288,0.084703,1.609792,2.726667,17.43655866533316,8.827183987876307,0.2450633701339516,-0.151289,-0.075743,0.009557,-0.985537,0.988343,0.00408,-0.152187,0.041756,0.954041,0.296754,0.035025,1.144606,2.915166,-13.11701252949222,-19.134447236226436,-24.29610980440415,-0.07536,-0.185121,-0.224712,0.953706,0.83047,-0.400716,0.386971,0.456519,0.887651,-0.060545,0.159646,1.162786,2.87138,-28.542332248101577,13.913218160984922,-76.78535725193252,-0.264685,-0.059969,-0.57405,0.772536,0.33374,-0.855203,0.396542,0.918695,0.200816,-0.340107,M,BuildTutorial
43.32,0.083627,1.610048,2.726119,17.36659159701405,8.98498471263133,0.3610880515273061,-0.150752,-0.076956,0.00872,-0.985533,0.988004,0.006015,-0.154315,0.040391,0.954396,0.2958,0.034238,1.142429,2.91572,-12.28142022898802,-20.109794018562138,-24.861203052658063,-0.065492,-0.192193,-0.228973,0.952021,0.821267,-0.4108,0.395935,0.461148,0.886565,-0.036686,0.158297,1.163364,2.871831,-28.505814303748057,13.627456597265764,-75.74405139764599,-0.263568,-0.059305,-0.567743,0.777614,0.348303,-0.851707,0.39151,0.914231,0.216401,-0.342568,M,BuildTutorial
43.354,0.082495,1.61013,2.72561,17.397846232070005,9.147301581740225,0.4337888568231772,-0.151058,-0.078252,0.00833,-0.985388,0.987615,0.007225,-0.156734,0.040057,0.954224,0.296398,0.034416,1.138676,2.917136,-11.560007376537811,-20.485799885136505,-27.09874755608206,-0.054897,-0.195212,-0.246787,0.947615,0.801977,-0.446285,0.397068,0.489152,0.872165,-0.007691,0.155938,1.16473,2.87188,-29.024381907543248,12.997630773715228,-73.3272107221642,-0.265144,-0.060774,-0.551599,0.788507,0.38409,-0.837652,0.388348,0.902108,0.250874,-0.35109,M,BuildTutorial
43.387,0.081652,1.610268,2.725008,17.373915881340633,9.30862279089986,0.4850516393434673,-0.150876,-0.079575,0.008085,-0.985312,0.987205,0.008079,-0.159252,0.039945,0.954342,0.296033,0.035602,1.137063,2.917022,-10.376324426345615,-20.578803480841987,-27.110620920491545,-0.0448,-0.193787,-0.245372,0.948806,0.804479,-0.448257,0.389718,0.482984,0.875571,0.010087,0.152273,1.16633,2.871204,-30.129637595099133,11.356597421352166,-70.23173210078731,-0.266521,-0.070623,-0.531701,0.800795,0.424612,-0.813922,0.396529,0.889213,0.29252,-0.351757,M,BuildTutorial
43.421,0.080996,1.610248,2.724514,17.41604140883521,9.556293046881876,0.4692980615855831,-0.151209,-0.081719,0.008577,-0.985081,0.986497,0.007815,-0.163594,0.041612,0.954125,0.296504,0.034276,1.135471,2.91665,-10.21195011992662,-20.561312128173515,-24.06618516353159,-0.048586,-0.192112,-0.21985,0.955195,0.829518,-0.401332,0.388373,0.438667,0.898611,-0.008345,0.150476,1.167745,2.868575,-30.900279054279164,10.072083208278586,-68.07940473482216,-0.267262,-0.078434,-0.518078,0.808712,0.450887,-0.796027,0.403786,0.879876,0.320332,-0.351006,M,BuildTutorial
43.454,0.080516,1.60974,2.724209,17.632770485073962,9.96025639047307,0.40079214465682,-0.152989,-0.08525,0.009862,-0.984495,0.985271,0.006665,-0.170873,0.045503,0.952995,0.299551,0.035949,1.134071,2.916499,-10.216794801132869,-19.955157607564814,-24.603073881642516,-0.048912,-0.187296,-0.224074,0.955154,0.829422,-0.409728,0.379713,0.446372,0.894797,-0.009501,0.148827,1.168648,2.866777,-31.232881640006845,9.402371465222563,-65.55079148738226,-0.268309,-0.078871,-0.501059,0.818981,0.485439,-0.778392,0.398065,0.863039,0.3539,-0.360443,M,BuildTutorial
43.488,0.080205,1.608782,2.724058,18.042891122273947,10.480309248751166,0.3671273350222933,-0.156437,-0.0897,0.01117,-0.983543,0.983658,0.006092,-0.179943,0.050038,0.950806,0.305721,0.03777,1.132514,2.917121,-9.979170453888464,-19.072494203429585,-26.391529623209554,-0.045832,-0.180266,-0.2383,0.953214,0.821435,-0.437778,0.365508,0.470825,0.882225,-0.00146,0.147106,1.169158,2.865849,-31.866565613346545,8.902552907032389,-64.54076614217156,-0.271261,-0.083025,-0.49384,0.821977,0.498458,-0.766808,0.404408,0.856893,0.365079,-0.363939,M,BuildTutorial
43.521,0.080061,1.606997,2.724211,18.740071123505487,11.106352667368256,0.4022212074605887,-0.16238,-0.094909,0.012308,-0.982076,0.981682,0.006647,-0.190414,0.054998,0.946963,0.316602,0.039346,1.131667,2.917511,-10.88799107861997,-18.813998005341674,-27.64737897751973,-0.052009,-0.18036,-0.249716,0.949951,0.810225,-0.455675,0.368641,0.493196,0.869874,-0.008735,0.144865,1.170231,2.865353,-33.137870684781944,8.046843374404334,-60.33697522231781,-0.279732,-0.084815,-0.463192,0.836666,0.556519,-0.727623,0.401063,0.822525,0.414406,-0.389512,M,BuildTutorial
43.554,0.080166,1.604352,2.724677,19.800187404800013,11.82154719797636,0.4879200086231853,-0.171447,-0.100717,0.013533,-0.979938,0.979346,0.008012,-0.202034,0.061059,0.940845,0.33329,0.04404,1.132935,2.916925,-13.46307219601532,-18.338435135414155,-30.570998634435835,-0.069906,-0.183161,-0.276484,0.940809,0.780017,-0.49463,0.383295,0.545846,0.837339,-0.030253,0.138969,1.17073,2.865921,-34.232661133822276,5.531208117271512,-50.33422058661711,-0.285674,-0.083278,-0.393099,0.870017,0.677077,-0.636424,0.369502,0.731585,0.527728,-0.43161,M,BuildTutorial
43.587,0.080537,1.601041,2.725322,21.063857211870214,12.70372000512764,0.6197728449760298,-0.182247,-0.107786,0.014937,-0.977213,0.976318,0.010094,-0.216104,0.06848,0.933126,0.352968,0.046513,1.135645,2.915919,-14.308632157823409,-17.706017156449544,-29.451950110500537,-0.0802,-0.178967,-0.26775,0.943318,0.792562,-0.47644,0.380593,0.533853,0.843756,-0.055472,0.138063,1.168952,2.867447,-32.91321724965301,5.016049670771451,-49.20408302277158,-0.274797,-0.079667,-0.387605,0.8763,0.686831,-0.635533,0.35265,0.723101,0.548498,-0.419851,M,BuildTutorial
43.621,0.081041,1.597045,2.726143,22.54761247003145,13.835560395858964,0.7965210689346148,-0.194891,-0.116769,0.016779,-0.973705,0.972167,0.012838,-0.233937,0.078191,0.923472,0.375614,0.048374,1.137362,2.914687,-15.353469512384702,-17.19494936999323,-27.43912318088157,-0.093177,-0.175251,-0.251803,0.947207,0.811765,-0.44436,0.378923,0.509677,0.855827,-0.088257,0.141914,1.168814,2.866968,-32.93681441492127,6.9401133286861665,-49.18978234137312,-0.281452,-0.064993,-0.382792,0.877514,0.698492,-0.635226,0.32954,0.708396,0.54851,-0.444198,M,BuildTutorial
43.654,0.081582,1.593242,2.726817,24.08763464669353,15.0298394305335,1.1985364959222526,-0.208194,-0.125735,0.017147,-0.969821,0.967793,0.019096,-0.251021,0.085613,0.912722,0.399511,0.049509,1.137034,2.91284,-14.90729303042241,-16.651097688378123,-23.5045417398061,-0.096423,-0.166708,-0.218221,0.956708,0.849176,-0.385399,0.361065,0.449697,0.886164,-0.111738,0.147898,1.169685,2.866464,-32.815213114637366,9.452922039517736,-50.419492327216304,-0.288363,-0.048389,-0.38614,0.874872,0.697109,-0.647739,0.307365,0.703553,0.535486,-0.467191,M,BuildTutorial
43.687,0.082224,1.589817,2.727825,25.314318243620978,16.258349635287214,1.6941949260623264,-0.218931,-0.134747,0.016701,-0.966247,0.963129,0.026725,-0.26771,0.091276,0.903581,0.418581,0.047153,1.136322,2.910468,-13.050669249395296,-15.91506764881035,-15.283161644223828,-0.093259,-0.151287,-0.146435,0.973125,0.911338,-0.25678,0.321755,0.313216,0.939719,-0.137198,0.153477,1.170923,2.866118,-33.309760977262506,11.389992821757223,-50.53787146760743,-0.298485,-0.035766,-0.381222,0.874241,0.706781,-0.645209,0.290114,0.687911,0.531153,-0.494626,M,BuildTutorial
43.72,0.082915,1.587121,2.728945,26.29791957623812,17.532950999150223,2.2217883702191203,-0.227661,-0.144025,0.016005,-0.962897,0.958001,0.034756,-0.28465,0.0964,0.895829,0.433818,0.044945,1.133435,2.909151,-10.601534994181522,-13.93851014456869,-6.1958378104734395,-0.085038,-0.125597,-0.064607,0.986316,0.960103,-0.106084,0.258745,0.148806,0.977189,-0.15152,0.159367,1.173438,2.86559,-34.0597875272898,12.81942625808689,-49.088650256109496,-0.309082,-0.0238,-0.364959,0.877899,0.732477,-0.626082,0.267393,0.655507,0.542546,-0.525313,M,BuildTutorial
43.754,0.083376,1.584883,2.730032,27.051866498576267,18.73428334716662,2.659507386064197,-0.234377,-0.152848,0.015795,-0.959925,0.952776,0.041324,-0.300849,0.101972,0.889636,0.445139,0.042892,1.129061,2.911347,-7.415454997384874,-9.819978327505009,-1.542574731511621,-0.063274,-0.086271,-0.018918,0.99408,0.984399,-0.026695,0.173914,0.04853,0.991277,-0.122535,0.16615,1.17519,2.865731,-34.439030484257906,14.35648876348163,-47.6748694504182,-0.316895,-0.009528,-0.349167,0.881799,0.755983,-0.609752,0.238101,0.621829,0.555321,-0.552221,M,BuildTutorial
43.787,0.083701,1.58318,2.731004,27.53949272718225,19.765241254752688,2.9636432079716077,-0.238721,-0.160578,0.016094,-0.957584,0.947912,0.045845,-0.315217,0.107488,0.885506,0.452023,0.040813,1.123642,2.914135,-3.495043845823535,-5.33094040475489,-0.6847001987848418,-0.030184,-0.046664,-0.007384,0.998427,0.995536,-0.011928,0.093626,0.017562,0.998069,-0.059585,0.173614,1.175985,2.866219,-34.765864131770925,15.381075290328534,-46.54370984089162,-0.322439,0.000345,-0.336931,0.884596,0.772955,-0.596319,0.216669,0.595874,0.565021,-0.570689,M,BuildTutorial
43.82,0.083704,1.582036,2.731928,27.84090176661833,20.591019552756254,3.069167654381672,-0.241262,-0.167075,0.017406,-0.955812,0.943566,0.047344,-0.327782,0.113891,0.882979,0.455386,0.038894,1.118764,2.916599,-0.2643816949591279,-2.144659265438488,-0.0230166471525973,-0.002303,-0.018715,-0.000244,0.999822,0.999299,-0.000402,0.037424,0.000574,0.999989,-0.004596,0.181214,1.177032,2.867936,-35.242681462110866,15.982672996290724,-42.44560840500766,-0.327418,0.014993,-0.302428,0.895047,0.816625,-0.551194,0.171201,0.531557,0.602669,-0.595178,M,BuildTutorial
43.854,0.083375,1.581097,2.73252,28.091206469806085,21.224386414428963,3.098501884775212,-0.243286,-0.17214,0.018899,-0.95437,0.940021,0.047685,-0.337767,0.119832,0.88091,0.457862,0.036234,1.114799,2.918547,1.6783367647043197,-0.3512299205318956,1.4751263167450273,0.014605,-0.003253,0.012916,0.999805,0.999645,0.025733,0.006881,-0.025923,0.99924,0.02912,0.190364,1.177264,2.870072,-34.332440376611096,17.268942525485045,-40.267346447869656,-0.323343,0.034236,-0.283548,0.902152,0.836856,-0.533747,0.121594,0.489467,0.630099,-0.602824,M,BuildTutorial
43.887,0.082749,1.580227,2.733101,28.238730761223465,21.711033185348185,2.9795517491260677,-0.244245,-0.176353,0.021165,-0.953308,0.936903,0.045793,-0.346577,0.126501,0.879793,0.458216,0.032686,1.112406,2.9194,2.1461961146955755,0.6466367582269936,1.3739820749744307,0.018794,0.005417,0.011882,0.999738,0.999659,0.023962,-0.010384,-0.023555,0.999011,0.037708,0.200409,1.177327,2.87161,-33.70508165803991,19.25712751423512,-40.06846069910373,-0.323369,0.052472,-0.277694,0.903086,0.840266,-0.535499,0.084822,0.467627,0.636637,-0.613203,M,BuildTutorial
43.92,0.081773,1.579515,2.733488,28.39168378047085,22.12215167993163,2.7054063497525065,-0.245005,-0.180263,0.024576,-0.952299,0.933802,0.041524,-0.355371,0.135138,0.878737,0.457777,0.033275,1.11006,2.916844,0.9959198328562672,1.111349826179486,-0.3719634949868642,0.008659,0.009726,-0.00333,0.99991,0.999789,-0.00649,-0.019508,0.006827,0.999828,0.017252,0.207823,1.177383,2.873367,-33.24607920602396,20.396561765460127,-35.47298161783202,-0.319855,0.075819,-0.239053,0.913673,0.87421,-0.485335,0.014377,0.38833,0.681093,-0.620735,M,BuildTutorial
43.954,0.08065,1.578984,2.733823,28.402323147252623,22.489764433760648,2.407017579604987,-0.244535,-0.183948,0.027858,-0.951625,0.930774,0.036942,-0.363723,0.142984,0.878853,0.455162,0.028527,1.11172,2.918041,-1.342740681602741,1.0700357926401558,-2.377110599310023,-0.011908,0.009092,-0.020631,0.999675,0.998983,-0.041465,-0.017688,0.041032,0.998865,-0.024183,0.213172,1.176564,2.875059,-32.203732084791405,21.023249410995945,-32.982541723447696,-0.31123,0.090659,-0.21964,0.92015,0.887078,-0.460635,-0.030122,0.347772,0.709788,-0.612581,M,BuildTutorial
43.987,0.07946,1.57901,2.73405,28.24835235705217,22.89963432806147,2.16863354368952,-0.242768,-0.187948,0.030446,-0.951216,0.927498,0.033333,-0.37234,0.149178,0.880273,0.450406,0.023075,1.115155,2.91933,-4.363008362647844,0.7683073907244393,-2.805529873822564,-0.038217,0.005766,-0.024207,0.99896,0.998762,-0.048805,-0.009669,0.047923,0.995907,-0.076633,0.216003,1.174063,2.876293,-30.55221346065648,20.59775476240895,-33.90082184168514,-0.298246,0.089398,-0.231654,0.921626,0.876689,-0.480322,-0.026603,0.373672,0.714772,-0.59116,M,BuildTutorial
44.02,0.078191,1.579549,2.734272,27.86965364256998,23.346562537961276,1.9853036361462848,-0.239204,-0.192261,0.032251,-0.951198,0.923991,0.030625,-0.381186,0.153333,0.883483,0.442659,0.018374,1.120046,2.920984,-6.803312511870304,0.5285383487053223,-2.50337550272713,-0.059421,0.003307,-0.021532,0.997995,0.999051,-0.043371,-0.004042,0.042585,0.992011,-0.118747,0.211877,1.168564,2.879041,-28.652929595960163,17.655628880266757,-30.762825117148857,-0.275197,0.078511,-0.217336,0.933203,0.893202,-0.44885,-0.026913,0.362425,0.754063,-0.547757,M,BuildTutorial
44.054,0.076669,1.581006,2.734689,27.05366763883216,23.68391914842677,1.8652196725701555,-0.23214,-0.195768,0.032505,-0.952224,0.921237,0.028987,-0.387921,0.152795,0.890109,0.429371,0.015761,1.124329,2.92203,-8.115610147201922,0.3817381321187719,-2.071941353484634,-0.070811,0.002043,-0.017799,0.997329,0.999358,-0.035792,-0.001554,0.035213,0.989338,-0.141316,0.206018,1.162106,2.879305,-26.598310512998275,15.693908501915724,-29.835511771622063,-0.254405,0.069724,-0.217835,0.939662,0.895373,-0.444858,-0.020197,0.373906,0.775653,-0.508485,M,BuildTutorial
44.087,0.074663,1.583436,2.735271,25.761847617935747,23.87567542483612,1.4048990768678713,-0.22056,-0.198956,0.034416,-0.954246,0.918464,0.022081,-0.394888,0.153446,0.900338,0.407242,0.015147,1.127398,2.924131,-8.189002196441042,-0.3202690364052333,-0.7387681612927836,-0.071382,-0.003248,-0.00663,0.997422,0.999891,-0.012762,0.007426,0.01369,0.989721,-0.142353,0.200671,1.158246,2.874994,-26.687219017564743,17.84858232600756,-31.3903015605127,-0.260328,0.083636,-0.225562,0.93507,0.884254,-0.465378,-0.038971,0.378286,0.762702,-0.524581,M,BuildTutorial
44.12,0.072179,1.586146,2.735659,24.459196561307845,23.916016483860034,1.233728790863784,-0.209401,-0.20025,0.033594,-0.956516,0.917543,0.019599,-0.397154,0.148132,0.910045,0.387137,0.016397,1.129848,2.926495,-7.652765771272003,-1.5394965742063986,-0.037269988118356,-0.066723,-0.013426,-0.001221,0.997681,0.999637,-0.000644,0.026952,0.004227,0.991093,-0.133104,0.195572,1.154192,2.871729,-25.09350675045796,19.535397521075705,-40.161005331326294,-0.257931,0.082031,-0.295668,0.916146,0.811703,-0.584066,0.002219,0.499433,0.692105,-0.521112,M,BuildTutorial
44.154,0.069147,1.588854,2.736032,23.26636604281421,23.700106294444012,1.2937662161547727,-0.199606,-0.198892,0.030583,-0.958991,0.919013,0.020743,-0.39368,0.138057,0.918444,0.370676,0.018384,1.132613,2.928775,-6.87379312159112,-2.4636945913719215,0.74186027660254,-0.060073,-0.021071,0.005172,0.997958,0.999059,0.012854,0.041434,-0.007791,0.992729,-0.120118,0.188202,1.153396,2.869258,-25.07979281350744,20.67776816472094,-45.87337650008875,-0.26498,0.078097,-0.338355,0.899557,0.758833,-0.650128,0.038809,0.567351,0.630602,-0.529579,M,BuildTutorial
44.187,0.066299,1.592061,2.737063,21.62576756982681,23.224396167310825,1.6329173754384838,-0.186561,-0.195074,0.024048,-0.962581,0.922736,0.026491,-0.384522,0.119082,0.929234,0.349778,0.020444,1.136217,2.930531,-5.461205812220651,-3.2354345655090517,1.7122537260301098,-0.048037,-0.027484,0.013574,0.998375,0.998121,0.029744,0.053574,-0.024463,0.995016,-0.096664,0.181163,1.154375,2.868444,-25.263039205876172,22.226033733533587,-51.09811615090344,-0.274713,0.077144,-0.374926,0.88205,0.706959,-0.703791,0.069903,0.619021,0.567928,-0.542467,M,BuildTutorial
44.22,0.063258,1.594089,2.737644,20.468466302955953,22.56141283339353,2.1892242394395875,-0.177886,-0.18914,0.016313,-0.965566,0.92792,0.035788,-0.371057,0.098792,0.936181,0.33735,0.021973,1.140124,2.93187,-3.998835497011303,-3.4532667626589832,1.9427757190401251,-0.035379,-0.029517,0.015884,0.998812,0.997753,0.033819,0.057841,-0.029642,0.996992,-0.071611,0.179147,1.156732,2.867643,-24.75816742685638,26.085737192573895,-57.920261002355645,-0.289467,0.091745,-0.418411,0.855993,0.63303,-0.769428,0.085167,0.663199,0.482282,-0.572338,M,BuildTutorial
44.254,0.059839,1.594873,2.737715,19.875341259847,21.761743224031928,2.595066545740231,-0.173641,-0.18205,0.010665,-0.967777,0.933488,0.042579,-0.356071,0.083866,0.93947,0.332208,0.023217,1.143635,2.932589,-2.9642632251435965,-2.984586224898439,1.5135043744454373,-0.026198,-0.02569,0.012525,0.999248,0.998366,0.026376,0.050684,-0.023684,0.998314,-0.053,0.177305,1.157921,2.867912,-23.15259952146151,29.86268912816031,-63.0507507434507,-0.297264,0.113781,-0.45087,0.833909,0.56754,-0.819615,0.078289,0.684324,0.416701,-0.598383,M,BuildTutorial
44.287,0.056655,1.595186,2.738054,19.057696015072825,20.96058078036596,2.7347953534106018,-0.167017,-0.175452,0.006962,-0.970193,0.938336,0.045099,-0.34277,0.072115,0.944114,0.321635,0.024088,1.147058,2.932254,-2.5320768542527374,-2.1416254368724568,0.7581055939813078,-0.022214,-0.018537,0.0062,0.999562,0.999236,0.013219,0.036782,-0.011572,0.998936,-0.044639,0.174082,1.160049,2.866586,-22.897914198883477,33.30253861426261,-68.04328294652326,-0.314753,0.126369,-0.478236,0.810094,0.510643,-0.854382,0.096312,0.695282,0.344441,-0.630827,M,BuildTutorial
44.32,0.053679,1.59481,2.738317,18.30703175644063,20.044629562456144,2.972229068942546,-0.161056,-0.167695,0.002462,-0.972591,0.943744,0.049227,-0.326991,0.058806,0.94811,0.312458,0.023752,1.149156,2.931506,-2.9322023455075485,-1.569635806959236,0.200327467523922,-0.025607,-0.013648,0.001397,0.999578,0.999624,0.003492,0.027214,-0.002094,0.998685,-0.05123,0.165147,1.165117,2.863793,-25.498326167195525,34.715015696733,-68.28135960120792,-0.337638,0.122618,-0.467972,0.807445,0.531933,-0.838525,0.117996,0.672922,0.334005,-0.660013,M,BuildTutorial
44.353,0.050944,1.593842,2.738243,18.051303644323532,19.131458534563865,3.085546679679149,-0.159058,-0.159897,-0.00016,-0.974235,0.948866,0.051177,-0.311504,0.050555,0.949401,0.309971,0.023148,1.150399,2.9305,-4.02214754840991,-1.6268062787199848,-0.8492628090757351,-0.034983,-0.014447,-0.007904,0.999252,0.999458,-0.014784,0.029425,0.016806,0.997428,-0.069685,0.157352,1.166617,2.863837,-25.301445438179005,32.55753629780966,-81.4195444458785,-0.337745,0.070208,-0.564345,0.750009,0.353171,-0.893953,0.275896,0.799104,0.134886,-0.585866,M,BuildTutorial
44.387,0.048283,1.592758,2.737829,18.11998401845193,18.3427140558956,2.915168830872914,-0.159409,-0.153394,0.000292,-0.975223,0.952941,0.048335,-0.299279,0.049475,0.949177,0.310829,0.022105,1.1511,2.929074,-5.9913683344513275,-2.4893818787125173,-3.802334916576038,-0.0515,-0.023414,-0.034257,0.997811,0.996557,-0.065952,0.050254,0.070775,0.992348,-0.101171,0.144931,1.169945,2.861611,-28.2875461561224,29.565616698238337,-79.5882101997112,-0.339893,0.038887,-0.55218,0.760301,0.38717,-0.866081,0.316233,0.813211,0.159139,-0.559788,M,BuildTutorial
44.42,0.046193,1.592658,2.737509,18.070928989131897,17.587071674719127,2.6761352763753634,-0.158683,-0.147312,0.001211,-0.976277,0.956596,0.044386,-0.288019,0.049117,0.949636,0.309481,0.020486,1.151802,2.928121,-9.025743444066116,-3.924225535227311,-7.902461787279855,-0.076098,-0.03947,-0.071341,0.993761,0.986705,-0.135784,0.089306,0.147798,0.978239,-0.145615,0.134472,1.172691,2.859058,-30.423702246987027,27.20616071058124,-80.30340259508147,-0.341271,0.009024,-0.557597,0.756662,0.378008,-0.849985,0.366927,0.837667,0.145239,-0.526517,M,BuildTutorial
44.453,0.044426,1.592997,2.737006,18.05906537221468,17.12481645086364,2.318977587200172,-0.158138,-0.143871,0.0036,-0.976873,0.958577,0.038469,-0.282225,0.052537,0.949959,0.307925,0.016753,1.15243,2.926606,-13.080786734553408,-5.797997533489682,-11.89165517322559,-0.107941,-0.06176,-0.108512,0.986286,0.968822,-0.200714,0.145252,0.22738,0.953148,-0.199517,0.127852,1.172548,2.857792,-30.006425182085472,25.705583816611338,-84.21828293617516,-0.331314,-0.009836,-0.588738,0.737239,0.306581,-0.861564,0.404617,0.8746,0.087237,-0.476933,M,BuildTutorial
44.487,0.042747,1.593715,2.73643,18.05904958394516,16.787557496183737,1.8691327608863748,-0.157593,-0.141615,0.006971,-0.977272,0.959793,0.031011,-0.27899,0.058259,0.950232,0.306049,0.012713,1.154016,2.923985,-18.098480059799773,-7.982611389525141,-15.272623888827532,-0.146376,-0.088979,-0.141763,0.974967,0.943972,-0.250379,0.215005,0.302477,0.916955,-0.260196,0.12353,1.17342,2.856189,-30.435849714739643,26.379048712475527,-82.99025985658459,-0.337299,-0.004416,-0.577598,0.743365,0.332722,-0.855753,0.396211,0.861711,0.105221,-0.496371,M,BuildTutorial
44.52,0.041373,1.595043,2.736275,17.61127105296084,16.586727919529142,1.2572451146536987,-0.153037,-0.140871,0.011351,-0.978063,0.960053,0.020913,-0.279035,0.065321,0.952902,0.296162,0.010503,1.156247,2.924125,-18.134772879023505,-7.819471191900053,-20.66700452438078,-0.142601,-0.094444,-0.187295,0.967298,0.912001,-0.335405,0.236129,0.389277,0.889171,-0.240498,0.118385,1.175112,2.854832,-32.125002524293265,26.061071661104418,-82.68992418301308,-0.345501,-0.015407,-0.571621,0.744071,0.346025,-0.840006,0.417919,0.861299,0.107758,-0.49654,M,BuildTutorial
44.554,0.040041,1.595991,2.736003,17.243779192038435,16.58071603817273,0.6542150562389855,-0.149158,-0.141711,0.01603,-0.978475,0.959322,0.010906,-0.282103,0.073644,0.95499,0.287352,0.008425,1.15483,2.925278,-15.646316960593309,-8.538464852137349,-20.04110778117023,-0.120835,-0.096244,-0.181882,0.97111,0.915312,-0.329996,0.230883,0.376515,0.904635,-0.199679,0.111168,1.179356,2.854073,-34.920056617701256,24.139569411178716,-79.85657863351355,-0.353024,-0.035355,-0.550611,0.755614,0.391156,-0.807136,0.442187,0.857061,0.144404,-0.494565,M,BuildTutorial
44.587,0.038793,1.596688,2.735485,17.037828746748904,16.72427484279985,0.3534766509793248,-0.147004,-0.143372,0.018525,-0.978515,0.958203,0.005899,-0.28603,0.078406,0.956093,0.28238,0.008406,1.15223,2.924797,-12.494504531873543,-8.748646989911643,-17.21463770102684,-0.095933,-0.091204,-0.156546,0.978761,0.934351,-0.288942,0.20857,0.32394,0.932581,-0.159236,0.102621,1.18404,2.854644,-36.67761891413258,21.69473086294754,-75.58933680445502,-0.35366,-0.048214,-0.524525,0.772964,0.445099,-0.776775,0.445542,0.84498,0.199597,-0.496155,M,BuildTutorial
44.619,0.03742,1.597122,2.735105,16.925019689133865,16.98938910243759,0.2332746118134376,-0.145845,-0.145813,0.019747,-0.978304,0.956697,0.003895,-0.291059,0.081169,0.956679,0.279602,0.022288,1.156077,2.91942,-12.571669027568568,-4.6955855873914345,-20.55985376925352,-0.100374,-0.059588,-0.181649,0.976411,0.926906,-0.342767,0.15283,0.366691,0.913857,-0.174363,0.087125,1.186059,2.860852,-37.70508319264145,17.281649038049064,-75.85797746280146,-0.339382,-0.084223,-0.536813,0.767827,0.409478,-0.767191,0.493707,0.881526,0.193304,-0.43075,M,BuildTutorial
44.653,0.036141,1.597402,2.734721,16.98390797324757,17.304307063220776,0.283002689313851,-0.146357,-0.148425,0.0198,-0.977833,0.955156,0.004724,-0.296066,0.082169,0.956375,0.280349,0.027794,1.156618,2.918167,-14.383614006940771,-2.896650308103672,-24.279833905826177,-0.117079,-0.050835,-0.211672,0.96897,0.905222,-0.398304,0.148079,0.422111,0.882975,-0.205371,0.074936,1.191969,2.861349,-41.70685403013883,13.554209355077896,-69.64272848804804,-0.353164,-0.11132,-0.4954,0.785787,0.484373,-0.69993,0.524863,0.857187,0.259708,-0.444727,M,BuildTutorial
44.687,0.035154,1.598257,2.734999,16.647115576699306,17.759785900612126,0.459368475798733,-0.143639,-0.152163,0.018427,-0.977688,0.953014,0.007682,-0.30283,0.079745,0.958057,0.27526,0.029716,1.158721,2.917962,-18.273246393695743,-2.521091984374437,-26.82636999937127,-0.149382,-0.057953,-0.232371,0.959338,0.88529,-0.428531,0.180618,0.463159,0.847377,-0.259682,0.066027,1.196699,2.857913,-44.77740565907164,7.764435875868882,-60.50913841051969,-0.359796,-0.137392,-0.442519,0.809844,0.570602,-0.617876,0.540965,0.815608,0.349449,-0.461161,M,BuildTutorial
44.72,0.034156,1.598785,2.735257,16.476166542856447,18.23961843700272,0.6933503357680763,-0.142422,-0.156005,0.016798,-0.97729,0.950761,0.011603,-0.309708,0.077271,0.958868,0.273134,0.033584,1.161881,2.916549,-21.25424278214344,-2.076869373585211,-31.086457404497548,-0.17287,-0.06657,-0.266546,0.945853,0.849043,-0.481211,0.218087,0.527243,0.798138,-0.291532,0.065713,1.199458,2.855147,-46.93289438812732,7.080766370429662,-62.20583107841095,-0.369576,-0.156813,-0.451893,0.796628,0.542406,-0.604073,0.58386,0.835889,0.318414,-0.447104,M,BuildTutorial
44.753,0.033082,1.59936,2.735703,16.350309667155365,18.687960345805763,0.9051706244241589,-0.141578,-0.159598,0.015372,-0.976856,0.948584,0.015158,-0.316161,0.075224,0.959439,0.271695,0.040142,1.162609,2.916298,-22.90018874649279,-0.0203154485266403,-38.415991215847605,-0.187406,-0.065475,-0.322484,0.925525,0.783434,-0.572393,0.242069,0.621475,0.721766,-0.304669,0.072899,1.202573,2.854343,-47.10352918561236,10.16193584676606,-63.53899172916272,-0.38112,-0.14053,-0.450663,0.794923,0.554309,-0.609367,0.566934,0.823602,0.303301,-0.479258,M,BuildTutorial
44.786,0.032116,1.599892,2.73621,16.240081838963594,19.059236708089347,1.2324537280615402,-0.141053,-0.16239,0.012883,-0.976508,0.946927,0.020651,-0.320784,0.070971,0.959876,0.271295,0.050269,1.163254,2.917189,-23.94433624024725,1.8628224776343285,-44.64281432004955,-0.197907,-0.064064,-0.368372,0.906107,0.720396,-0.642212,0.261904,0.692927,0.65027,-0.311452,0.073321,1.204589,2.856084,-46.23169296446879,7.980499588059531,-62.11785922321694,-0.368512,-0.14723,-0.449945,0.800045,0.551746,-0.61144,0.567202,0.828464,0.323498,-0.457161,M,BuildTutorial
44.82,0.031065,1.600541,2.736731,16.19325210039172,19.29229526615626,1.5697372159845804,-0.141111,-0.163975,0.010228,-0.976266,0.946015,0.026306,-0.323053,0.066249,0.959966,0.272169,0.056795,1.166008,2.918112,-25.353795863104725,3.6859661156149017,-43.921659519595586,-0.215158,-0.052927,-0.358122,0.907003,0.737894,-0.626861,0.250115,0.672411,0.650911,-0.352389,0.072966,1.210207,2.850848,-48.75253070805399,8.11472693209105,-56.673770057774696,-0.392951,-0.138687,-0.405555,0.813561,0.632582,-0.550893,0.544387,0.768881,0.36223,-0.526889,M,BuildTutorial
44.853,0.029946,1.601225,2.73747,16.051889230185886,19.414558634723218,1.834103631606536,-0.140277,-0.164739,0.007918,-0.976279,0.945597,0.030757,-0.323884,0.061679,0.96052,0.27129,0.055846,1.169705,2.919014,-26.206908370377334,2.745267180180265,-38.02607367814219,-0.221881,-0.051779,-0.312075,0.922332,0.799856,-0.552696,0.234002,0.598651,0.706756,-0.376979,0.078198,1.214251,2.848531,-50.046573043135425,8.767861736158611,-60.340138607598966,-0.399428,-0.152076,-0.42611,0.797346,0.590606,-0.558028,0.582914,0.801001,0.317775,-0.507362,M,BuildTutorial
44.887,0.028881,1.601917,2.73814,15.887466937806456,19.39377752913032,2.002277025331081,-0.13912,-0.164414,0.006217,-0.976512,0.945859,0.033605,-0.322833,0.057888,0.961214,0.26966,0.057333,1.169526,2.920089,-25.33753587593168,1.8387981449991369,-36.57325952238074,-0.213124,-0.053941,-0.302751,0.927367,0.810864,-0.538531,0.229093,0.584516,0.72584,-0.362627,0.077412,1.217703,2.848577,-50.63272682611095,5.4496709189610995,-58.11874982154833,-0.394237,-0.169901,-0.420802,0.799148,0.588119,-0.538603,0.603343,0.806528,0.335007,-0.487118,M,BuildTutorial
44.92,0.027861,1.602939,2.739011,15.56951920217588,19.279426202195385,2.13345323726458,-0.136605,-0.163394,0.004493,-0.977047,0.946564,0.035862,-0.320515,0.05342,0.962638,0.265471,0.057426,1.168175,2.923502,-23.34358974155864,0.2851385632817618,-35.908671874312304,-0.193204,-0.060044,-0.301405,0.931784,0.811099,-0.538488,0.228361,0.584891,0.743654,-0.323853,0.077215,1.220373,2.847338,-51.825139301411696,2.148244815260071,-56.379562647582446,-0.393063,-0.191538,-0.417605,0.796505,0.577838,-0.514676,0.633413,0.815822,0.342215,-0.466178,M,BuildTutorial
44.953,0.027035,1.603477,2.739511,15.5234363836996,19.19048474029701,2.2259221168479773,-0.136347,-0.162542,0.003531,-0.977229,0.947135,0.037424,-0.318644,0.051225,0.962794,0.265337,0.056781,1.166128,2.925273,-21.943050447834537,-0.7074947296747882,-32.6631055471418,-0.180934,-0.059333,-0.277178,0.941762,0.839304,-0.500601,0.212056,0.543542,0.780871,-0.307901,0.078624,1.221633,2.848164,-51.17374547306275,-0.2664292469782811,-55.73743518123299,-0.380809,-0.203734,-0.422492,0.796855,0.559987,-0.518161,0.64647,0.828496,0.352971,-0.434747,M,BuildTutorial
44.987,0.02653,1.604187,2.740187,15.432376389916794,19.206043667708375,2.3304091087656795,-0.135719,-0.162584,0.002525,-0.977313,0.94712,0.039196,-0.318476,0.049067,0.963148,0.264459,0.058933,1.166485,2.925229,-21.9368010467134,-1.7178422888898568,-36.27650418326156,-0.176211,-0.073211,-0.3083,0.931955,0.799182,-0.548843,0.245111,0.600445,0.747801,-0.283299,0.080009,1.218765,2.85297,-49.28828128014083,-1.5363970677824283,-53.914146777212,-0.366117,-0.199872,-0.416978,0.807551,0.572361,-0.527109,0.628139,0.819815,0.384176,-0.424631,M,BuildTutorial
45.02,0.026376,1.605076,2.740938,15.16015004298098,19.35126140249374,2.4546851446534346,-0.133574,-0.163778,0.001235,-0.977412,0.946351,0.041339,-0.320487,0.046166,0.964313,0.260708,0.060503,1.166769,2.924979,-22.263380420544703,-2.4561595392879463,-36.100620311974126,-0.177005,-0.079802,-0.307887,0.931401,0.797675,-0.545281,0.257651,0.601782,0.74775,-0.280584,0.081598,1.216412,2.856197,-47.90720040038139,-2.122945076166399,-52.55765263875359,-0.356479,-0.1949,-0.411283,0.815955,0.585722,-0.532221,0.611286,0.810132,0.407538,-0.421425,M,BuildTutorial
45.054,0.026374,1.605845,2.741668,14.904920328811,19.60431093524622,2.5088510051104977,-0.131475,-0.16597,0.000686,-0.977327,0.944907,0.042301,-0.324595,0.044983,0.965428,0.25676,0.062186,1.164342,2.926008,-21.516361962524822,-2.915503535949103,-34.86500324718699,-0.170546,-0.079748,-0.298752,0.935576,0.808775,-0.531809,0.251123,0.586212,0.763323,-0.271468,0.08433,1.216079,2.856535,-47.84630295894044,-2.3064887841113464,-52.89146462203885,-0.35481,-0.19703,-0.414315,0.814636,0.579044,-0.535216,0.615022,0.814849,0.404905,-0.414817,M,BuildTutorial
45.086,0.026615,1.606661,2.742536,14.640805642524647,19.96952320624213,2.525318608970023,-0.129247,-0.169166,0.000562,-0.977076,0.942765,0.042631,-0.330721,0.044826,0.96659,0.252378,0.064073,1.162207,2.927245,-20.56568444878049,-3.033226728287349,-32.41726190807059,-0.164083,-0.074817,-0.279093,0.943179,0.833019,-0.501917,0.232721,0.551022,0.790368,-0.267757,0.085187,1.215719,2.857402,-47.50723323242855,-3.3129721803829004,-51.46012458901069,-0.351228,-0.198632,-0.407678,0.819135,0.588688,-0.528356,0.611789,0.807417,0.420875,-0.413451,M,BuildTutorial
45.12,0.027037,1.607494,2.743582,14.303598811901317,20.327650571862744,2.5982651992569425,-0.126483,-0.172267,-0.000179,-0.976896,0.940648,0.043927,-0.336529,0.043228,0.968004,0.247182,0.068122,1.160211,2.926584,-19.934424062007515,-2.7482494188344933,-32.299410765467705,-0.159637,-0.070816,-0.277858,0.944614,0.83556,-0.502327,0.222501,0.547546,0.794623,-0.262236,0.086728,1.214666,2.858515,-46.80701280734139,-3.594613130913598,-51.15732527244137,-0.345672,-0.197371,-0.407272,0.822001,0.590349,-0.533104,0.606043,0.806007,0.429281,-0.407518,M,BuildTutorial
45.152,0.027644,1.608112,2.744761,13.932740389503264,20.717486009386572,2.5709336012591995,-0.123284,-0.175762,-0.000102,-0.976683,0.938215,0.043537,-0.343302,0.043138,0.969602,0.240855,0.070958,1.159222,2.926036,-19.567527433401917,-2.847160199494671,-33.505393685719156,-0.155611,-0.072409,-0.288004,0.942123,0.823621,-0.520135,0.22607,0.565206,0.785678,-0.251501,0.089821,1.213895,2.859147,-46.07275764859572,-3.3201615912967117,-51.39709351989108,-0.340901,-0.19364,-0.409104,0.823968,0.590275,-0.542154,0.598035,0.806202,0.432841,-0.403345,M,BuildTutorial
45.186,0.028195,1.608132,2.745701,13.820264898382,21.259594387580737,2.378481963256026,-0.122023,-0.180629,0.001938,-0.975951,0.934739,0.0403,-0.353042,0.047864,0.970213,0.237477,0.073298,1.158546,2.925765,-19.216955506472324,-2.9563979093399495,-33.144960187077665,-0.152673,-0.071971,-0.28526,0.943471,0.826894,-0.516294,0.222908,0.560246,0.790635,-0.247024,0.091937,1.213336,2.859799,-45.36809824315476,-3.33401733731467,-50.66889643039032,-0.336927,-0.189209,-0.404774,0.828757,0.600715,-0.54342,0.586376,0.798418,0.445276,-0.405286,M,BuildTutorial
45.22,0.028634,1.607838,2.746513,13.722053091098743,21.930079359419107,2.2194624542439945,-0.120916,-0.186541,0.003841,-0.97497,0.930375,0.037623,-0.364673,0.0526,0.970729,0.234346,0.076091,1.157474,2.925533,-18.74403876406262,-2.8059926405251563,-32.609304314288345,-0.149466,-0.06889,-0.280741,0.945568,0.832877,-0.510326,0.214202,0.551513,0.797689,-0.243981,0.093327,1.213396,2.859568,-45.260869843696064,-3.73492744599657,-50.26408984880473,-0.335399,-0.190565,-0.40315,0.829857,0.60231,-0.541284,0.586716,0.796945,0.449954,-0.403014,M,BuildTutorial
45.253,0.028964,1.607171,2.747105,13.7425283090928,22.617825315991,2.0827047087950357,-0.120835,-0.192526,0.005764,-0.973807,0.925801,0.035302,-0.376359,0.057753,0.970732,0.23312,0.078644,1.15695,2.925198,-18.426429832230426,-2.6331654539401543,-32.54009290491224,-0.147302,-0.066617,-0.280009,0.946287,0.834315,-0.510312,0.208569,0.549563,0.799794,-0.241474,0.09546,1.213467,2.859127,-45.10381024614165,-3.803621746152474,-50.3769556228894,-0.333817,-0.19087,-0.404354,0.829839,0.600133,-0.543665,0.586744,0.798529,0.450128,-0.399671,M,BuildTutorial
45.286,0.02868,1.606302,2.747735,13.865912490030434,23.23945208300612,2.0570175728313433,-0.121804,-0.197788,0.006855,-0.972624,0.921666,0.034849,-0.386417,0.061517,0.970234,0.234227,0.080331,1.156696,2.924631,-18.30160154046778,-2.835044085367793,-32.41911147513078,-0.145847,-0.067833,-0.279292,0.946638,0.834789,-0.50899,0.209895,0.548563,0.801449,-0.238239,0.09641,1.212589,2.859967,-44.4355395994943,-4.219415370413127,-49.20896047915227,-0.329373,-0.188313,-0.397834,0.835332,0.612532,-0.540597,0.576679,0.788698,0.466483,-0.400437,M,BuildTutorial
45.319,0.027735,1.605277,2.748139,14.09239633128586,23.70194407817397,2.086571420762399,-0.123746,-0.201596,0.007503,-0.971591,0.918606,0.035314,-0.393594,0.064472,0.969261,0.237436,0.081446,1.155936,2.924206,-18.090766469028345,-3.025761511361051,-32.408900334568074,-0.143642,-0.068896,-0.279485,0.946841,0.834283,-0.509463,0.210759,0.549048,0.802511,-0.233501,0.09774,1.212241,2.859702,-44.217668400855,-4.377282894960508,-49.15222601849879,-0.327307,-0.188594,-0.398111,0.835949,0.611881,-0.542144,0.575919,0.789056,0.468756,-0.397061,M,BuildTutorial
45.353,0.026755,1.604434,2.748656,14.090300568415646,24.12942753906069,2.228182365627458,-0.123953,-0.205067,0.006761,-0.970844,0.915804,0.037709,-0.399852,0.063966,0.96918,0.237905,0.082074,1.154564,2.923965,-17.717316222955933,-3.225425415749482,-32.298167685948656,-0.140128,-0.069526,-0.278874,0.947502,0.834791,-0.508982,0.209908,0.547952,0.805187,-0.226765,0.098073,1.21155,2.859781,-43.97469253050511,-4.733619665109884,-49.073889778481934,-0.324398,-0.190184,-0.398812,0.836388,0.609558,-0.543733,0.576883,0.790514,0.47143,-0.39095,M,BuildTutorial
45.386,0.025353,1.603505,2.749195,14.062729362829463,24.49503064275656,2.239429565580986,-0.123718,-0.208162,0.00701,-0.970213,0.913239,0.037905,-0.405658,0.065109,0.969289,0.237147,0.082165,1.153087,2.923682,-17.291920002723295,-3.3915187670967497,-32.44269814865185,-0.136108,-0.070067,-0.280325,0.94762,0.833017,-0.51221,0.209103,0.550357,0.805785,-0.218674,0.098649,1.210622,2.859724,-43.588282683055226,-4.802188850871127,-49.18549496972508,-0.321109,-0.189747,-0.400224,0.837082,0.607633,-0.548182,0.574698,0.7919,0.473419,-0.385707,M,BuildTutorial
45.42,0.023532,1.602269,2.749285,14.268003537424796,24.84598629971592,2.134271647047528,-0.125237,-0.211166,0.008665,-0.969355,0.910668,0.036093,-0.41156,0.06969,0.968481,0.239139,0.081996,1.151415,2.923223,-16.831435288795518,-3.5027991215414915,-32.54511108160347,-0.131954,-0.070013,-0.281354,0.947906,0.831876,-0.514918,0.206984,0.551872,0.806856,-0.210763,0.098308,1.209231,2.860336,-42.871882581881785,-4.974252459609282,-48.88683049061174,-0.315677,-0.187856,-0.399246,0.840037,0.610626,-0.552159,0.567676,0.789366,0.481902,-0.380359,M,BuildTutorial
45.453,0.021385,1.601316,2.749461,14.31420477417596,25.120488066784382,2.0505122387014825,-0.12545,-0.213561,0.009761,-0.968792,0.908593,0.03467,-0.416242,0.072495,0.968334,0.238901,0.081392,1.14886,2.922848,-15.86047850531308,-3.6798738579253105,-32.811757828421314,-0.1233,-0.069453,-0.283844,0.94837,0.829218,-0.52125,0.20173,0.555505,0.80846,-0.194441,0.097434,1.207508,2.861061,-41.80743735142249,-5.326041898319646,-48.68794318434689,-0.306832,-0.186463,-0.39977,0.843368,0.610832,-0.559881,0.559838,0.788732,0.492076,-0.368461,M,BuildTutorial
45.487,0.018948,1.600543,2.749636,14.288040284398573,25.21399163604808,2.115154980115068,-0.125342,-0.214291,0.009267,-0.96865,0.907987,0.035766,-0.417469,0.071673,0.968407,0.238854,0.080208,1.145987,2.922289,-14.76621613999748,-3.936484064608907,-33.462569748534676,-0.113185,-0.069591,-0.289555,0.947895,0.82263,-0.533182,0.197477,0.564689,0.806694,-0.174273,0.097372,1.206181,2.861111,-41.05123653730453,-5.195261096391216,-49.716133852229014,-0.299972,-0.185754,-0.407699,0.842196,0.598554,-0.575283,0.557479,0.798167,0.487596,-0.353808,M,BuildTutorial
45.52,0.016194,1.600032,2.749743,14.364483878079522,25.177783207171636,2.353901070422429,-0.126436,-0.213692,0.007355,-0.968657,0.908563,0.039787,-0.415849,0.068286,0.96792,0.241802,0.078429,1.143939,2.921686,-14.005958836535132,-4.404855010488314,-33.45521071979351,-0.105697,-0.071595,-0.289951,0.948489,0.821605,-0.534895,0.197108,0.565165,0.809514,-0.158986,0.096119,1.204705,2.861465,-40.234190823498,-5.605974476679874,-49.68129295118318,-0.292455,-0.185985,-0.409258,0.844031,0.595835,-0.582067,0.553333,0.799637,0.493957,-0.34145,M,BuildTutorial
45.553,0.01325,1.599594,2.749445,14.514754090698206,24.944208716066846,2.6817854189968298,-0.128325,-0.211289,0.004609,-0.968952,0.910671,0.045295,-0.410641,0.06316,0.967023,0.246734,0.076121,1.142399,2.92081,-13.609657496759116,-5.174218422344491,-33.50401449710429,-0.100425,-0.077035,-0.291029,0.948305,0.818736,-0.536496,0.204559,0.567441,0.810434,-0.145629,0.093958,1.203418,2.861319,-39.659004234453455,-6.668670947998317,-49.06285953149978,-0.285363,-0.190379,-0.407862,0.846152,0.59481,-0.581571,0.554956,0.79888,0.504434,-0.327624,M,BuildTutorial
45.586,0.010183,1.599724,2.749112,14.581466073672605,24.52210518307889,3.0281115858307697,-0.129532,-0.207299,0.00133,-0.969663,0.914051,0.051125,-0.402365,0.056282,0.96644,0.250653,0.073037,1.141695,2.919884,-13.530148153872815,-6.246968154317867,-32.89949733960888,-0.097487,-0.085202,-0.286941,0.949159,0.820811,-0.528092,0.217687,0.561317,0.816323,-0.136166,0.09114,1.202886,2.861061,-39.493647698541714,-7.960556035980176,-48.35248435840943,-0.280731,-0.197638,-0.405927,0.846967,0.592326,-0.576647,0.562698,0.798579,0.512827,-0.315087,M,BuildTutorial
45.62,0.007151,1.600339,2.749012,14.407743975988105,23.935460371188032,3.3502282220694384,-0.128636,-0.20205,-0.002379,-0.970888,0.91834,0.056601,-0.391724,0.047363,0.966894,0.250744,0.07007,1.141161,2.919441,-13.375518891183262,-7.118217594171966,-32.65767066601591,-0.094211,-0.091848,-0.285636,0.949263,0.819952,-0.524982,0.228196,0.559594,0.819072,-0.126391,0.088682,1.20258,2.8612,-39.240149822723815,-8.99265342343353,-47.91370380436521,-0.275926,-0.203406,-0.405352,0.847455,0.588631,-0.574786,0.56845,0.799286,0.519109,-0.302767,M,BuildTutorial
45.653,0.004473,1.601148,2.749021,14.033561392351892,23.262525105476772,3.455349819488585,-0.12563,-0.196404,-0.004691,-0.97243,0.922807,0.058472,-0.3808,0.040225,0.96839,0.246175,0.067048,1.1406,2.91935,-12.967766311787692,-8.007174464173886,-32.30886812669333,-0.088899,-0.097975,-0.283346,0.949849,0.820233,-0.520851,0.2365,0.555691,0.823625,-0.113359,0.085957,1.202422,2.861908,-38.8073750797,-10.107474919735202,-47.454817333253786,-0.269524,-0.209225,-0.404847,0.84834,0.584648,-0.574113,0.57322,0.799678,0.526912,-0.287888,M,BuildTutorial
45.686,0.0023,1.601661,2.74931,13.701784820866322,22.606620686699554,3.473303504673414,-0.122816,-0.190969,-0.006136,-0.973863,0.926986,0.058859,-0.370449,0.034957,0.969757,0.241555,0.06399,1.140564,2.919586,-12.667443288084684,-8.957219335536836,-31.801746546166136,-0.084511,-0.104773,-0.279755,0.950588,0.821519,-0.514155,0.246477,0.549573,0.82919,-0.102049,0.083627,1.202809,2.8627,-38.49095660572025,-11.222295057008846,-46.95953632355989,-0.264096,-0.215367,-0.403917,0.848953,0.580935,-0.572059,0.579019,0.799569,0.534209,-0.274428,M,BuildTutorial
45.72,0.000566,1.601528,2.749524,13.61297565170353,22.003286707096255,3.4896325146298866,-0.122054,-0.185862,-0.007071,-0.97494,0.930811,0.059158,-0.360682,0.031582,0.970106,0.24062,0.061703,1.141204,2.919991,-12.88194277258123,-9.732972000965884,-32.01978173382379,-0.08419,-0.111857,-0.282222,0.949079,0.815678,-0.516867,0.259842,0.554536,0.826526,-0.096669,0.082033,1.203096,2.863096,-38.70020872121429,-12.067565836278986,-46.99657123276802,-0.262635,-0.222333,-0.406055,0.846588,0.571376,-0.570737,0.589737,0.804306,0.532285,-0.264129,M,BuildTutorial
45.753,-0.000693,1.600955,2.749507,13.909600514875898,21.542392450736887,3.4163803920247657,-0.12443,-0.181884,-0.006449,-0.975394,0.933753,0.057844,-0.353213,0.032684,0.968951,0.245083,0.059717,1.141909,2.920651,-13.2089947550607,-10.336154916324814,-31.919269159671316,-0.085529,-0.117527,-0.281986,0.948344,0.813343,-0.514735,0.271147,0.554943,0.826338,-0.095939,0.080452,1.202971,2.864007,-38.737790800444735,-12.772399107498524,-46.52030209201778,-0.261363,-0.226563,-0.404135,0.846778,0.570688,-0.565995,0.59495,0.802856,0.536728,-0.259508,M,BuildTutorial
45.786,-0.001534,1.600294,2.749485,14.174808965577151,21.076975779569104,3.399223696185048,-0.126632,-0.177821,-0.00638,-0.975861,0.936678,0.057487,-0.34544,0.032583,0.967848,0.249419,0.058069,1.1418,2.921849,-13.161482255808632,-10.622628853523784,-31.68495708355986,-0.084673,-0.119616,-0.280236,0.948678,0.814319,-0.511451,0.274411,0.551965,0.828596,-0.093614,0.078932,1.202887,2.865237,-38.63252739285837,-13.22759143383856,-46.14023322375123,-0.259711,-0.228757,-0.402389,0.847528,0.571507,-0.563251,0.596765,0.800893,0.541266,-0.256127,M,BuildTutorial
45.819,-0.002193,1.599597,2.74953,14.397723199390766,20.65461713892612,3.243144091503735,-0.128267,-0.174298,-0.005164,-0.976289,0.939187,0.054796,-0.339007,0.034631,0.967042,0.252252,0.056838,1.141557,2.92302,-12.925809057079688,-10.688744292976802,-31.900547488739782,-0.082323,-0.119784,-0.28195,0.948356,0.812313,-0.515055,0.273618,0.554499,0.827455,-0.088597,0.078127,1.202818,2.866428,-38.5462289579669,-13.194337214760878,-46.54696502452094,-0.258355,-0.229179,-0.405342,0.84642,0.566349,-0.567761,0.597408,0.804599,0.537901,-0.251561,M,BuildTutorial
45.853,-0.002707,1.599285,2.749608,14.537723940586789,20.347474614179504,2.9840083856618103,-0.129056,-0.171912,-0.003081,-0.976617,0.940873,0.050391,-0.33499,0.038355,0.96667,0.253137,0.05543,1.141443,2.924081,-12.816805158546345,-10.78111776524226,-32.03684282135769,-0.081045,-0.120396,-0.283088,0.94805,0.810733,-0.517247,0.274168,0.556277,0.826586,-0.085504,0.077194,1.202977,2.86739,-38.48703727466473,-13.253299876837907,-46.70797671239021,-0.257371,-0.229803,-0.406679,0.845909,0.563605,-0.569738,0.59812,0.806317,0.536744,-0.248513,M,BuildTutorial
45.886,-0.003086,1.598629,2.749454,14.807598502757276,20.030135417800285,2.86064300216359,-0.131163,-0.169236,-0.001973,-0.976807,0.942711,0.048249,-0.330105,0.040541,0.965585,0.256909,0.053897,1.141527,2.924732,-12.800931045528454,-11.063188410925868,-32.178561801843664,-0.080064,-0.122792,-0.28445,0.947418,0.80802,-0.519324,0.278219,0.558649,0.825356,-0.081852,0.07525,1.203303,2.868826,-38.35250347237335,-13.546339505655174,-46.69186326715115,-0.255334,-0.231535,-0.407249,0.84578,0.561079,-0.570649,0.599625,0.807124,0.537905,-0.243328,M,BuildTutorial
45.92,-0.00332,1.598074,2.749197,15.218596737772472,19.65934759101117,2.8036347380719593,-0.134574,-0.165974,-0.001293,-0.976904,0.944902,0.047198,-0.323932,0.042145,0.963776,0.263361,0.05217,1.141711,2.925247,-12.809175026508816,-11.412681591850816,-32.334987620266155,-0.079093,-0.125808,-0.28599,0.94664,0.804764,-0.521558,0.283429,0.56136,0.823908,-0.077785,0.07372,1.203401,2.86977,-38.21399155219856,-13.91365965897047,-46.65790256528613,-0.253037,-0.233765,-0.407844,0.845571,0.558035,-0.571419,0.601729,0.808024,0.539272,-0.237241,M,BuildTutorial
45.953,-0.003236,1.598101,2.74936,15.30440103734798,19.279639976167644,2.7065222140860845,-0.135162,-0.162816,-0.000784,-0.977354,0.946981,0.045546,-0.318046,0.04248,0.963461,0.264458,0.05029,1.141605,2.925404,-12.711516139233998,-11.990908905869857,-32.397518047400084,-0.076766,-0.1304,-0.286843,0.945952,0.801434,-0.522658,0.290743,0.562699,0.823657,-0.070425,0.072652,1.20342,2.870263,-38.20389499712603,-14.397561851413569,-46.832640894709755,-0.250873,-0.237687,-0.410198,0.843982,0.550484,-0.573141,0.607023,0.811658,0.537601,-0.228467,M,BuildTutorial
45.986,-0.002735,1.59855,2.749952,15.121956295404791,18.984942535734145,2.55341353653276,-0.13339,-0.160552,-9e-05,-0.977973,0.948446,0.043009,-0.314006,0.042655,0.964414,0.260933,0.048729,1.141704,2.9253,-12.76726517391466,-12.59940909718239,-32.13518425900267,-0.076015,-0.135376,-0.285118,0.945835,0.800762,-0.518768,0.299432,0.55993,0.825859,-0.066599,0.071605,1.203403,2.87017,-38.22142914304733,-15.137435291969396,-46.4878979830197,-0.249084,-0.242434,-0.409271,0.843612,0.547446,-0.569759,0.612926,0.811304,0.540909,-0.221818,M,BuildTutorial
46.016,-0.001979,1.598724,2.750214,15.100123128300895,18.777227658672015,2.4261880535239437,-0.133027,-0.158935,0.000723,-0.978286,0.949478,0.040871,-0.31116,0.0437,0.964606,0.260048,0.047947,1.141813,2.925048,-12.961168598146076,-13.088237696794256,-31.752378169992827,-0.076876,-0.139595,-0.282413,0.945963,0.801512,-0.512842,0.307526,0.555768,0.828666,-0.066596,0.070521,1.20341,2.869979,-38.35444866417414,-15.843618882471532,-45.902237551603,-0.24884,-0.24674,-0.406481,0.843784,0.547785,-0.563167,0.618688,0.808762,0.545705,-0.219343,M,BuildTutorial
46.053,-0.000867,1.598803,2.750389,15.145305555203612,18.687774370331176,2.2952039312510917,-0.133232,-0.158307,0.001802,-0.978358,0.949872,0.038657,-0.310241,0.045709,0.964492,0.260127,0.047871,1.141826,2.924333,-13.034243814030493,-13.33598675366977,-31.36890372378531,-0.077347,-0.141546,-0.279464,0.946511,0.80373,-0.507135,0.311181,0.550927,0.831835,-0.067307,0.070438,1.203553,2.86922,-38.47644530100221,-16.235745617760713,-45.64444405942017,-0.248945,-0.249409,-0.405429,0.843474,0.546845,-0.55976,0.622599,0.808116,0.547308,-0.217721,M,BuildTutorial
46.086,0.000443,1.598804,2.750713,15.164441773287944,18.62688992231313,2.2362265094383247,-0.133315,-0.157849,0.002262,-0.97842,0.950157,0.03766,-0.309488,0.046514,0.964444,0.260162,0.048539,1.141676,2.923755,-12.953394292595172,-13.361532503790285,-31.917665488595546,-0.075933,-0.141943,-0.283954,0.945229,0.798445,-0.515246,0.311459,0.558358,0.827209,-0.062938,0.071487,1.203287,2.868847,-38.317182673093306,-16.141319179806334,-46.02801888145891,-0.247224,-0.249098,-0.408053,0.842807,0.542886,-0.564654,0.621644,0.810985,0.544747,-0.213433,M,BuildTutorial
46.12,0.001879,1.598698,2.750955,15.273288209301798,18.62235306178752,2.1319135485222787,-0.1341,-0.157894,0.003302,-0.978303,0.950117,0.035887,-0.309823,0.048808,0.964012,0.261339,0.049354,1.141504,2.923093,-12.976700159334198,-13.40670611460442,-32.11215554709175,-0.075773,-0.142497,-0.285604,0.944661,0.79625,-0.518003,0.312505,0.561192,0.825378,-0.061764,0.072803,1.202658,2.86852,-38.133410505746035,-15.950388677431697,-46.11137353500397,-0.246314,-0.247353,-0.408264,0.843485,0.544274,-0.566876,0.618399,0.810582,0.5453,-0.213554,M,BuildTutorial
46.153,0.003491,1.59864,2.751254,15.329349561609162,18.672459886489374,1.9693665291639877,-0.134352,-0.158493,0.004828,-0.978165,0.949714,0.033143,-0.311361,0.052032,0.963853,0.261306,0.051002,1.14091,2.922668,-12.915534683085614,-13.278917615716162,-32.05555594411472,-0.075653,-0.141267,-0.28501,0.945034,0.797626,-0.517314,0.310128,0.560063,0.826092,-0.062464,0.074243,1.202025,2.868017,-37.985738825714854,-15.893487183115186,-45.925637598493786,-0.245783,-0.246117,-0.406781,0.844717,0.547912,-0.566246,0.615758,0.808212,0.54824,-0.215004,M,BuildTutorial
46.186,0.005149,1.598576,2.751725,15.3808658172981,18.73818724233561,1.901948267161099,-0.134695,-0.159116,0.005554,-0.978013,0.949303,0.032001,-0.312731,0.053728,0.963653,0.2617,0.053492,1.139932,2.922478,-12.709452639525052,-12.890426552058354,-32.16024603927013,-0.07478,-0.137662,-0.285478,0.945494,0.799103,-0.519246,0.303014,0.560423,0.825821,-0.062808,0.076548,1.201481,2.867529,-37.95548541339504,-15.496852284278557,-46.302650210295376,-0.246156,-0.243917,-0.40871,0.844315,0.546921,-0.570077,0.613098,0.810243,0.544727,-0.216284,M,BuildTutorial
46.229,0.006799,1.598333,2.752135,15.513977147509802,18.758597484788368,1.8781715794010148,-0.135796,-0.159274,0.005971,-0.977832,0.949193,0.031579,-0.313107,0.054936,0.963048,0.263669,0.056207,1.138945,2.922142,-12.625235310193728,-12.497823704940185,-32.487403090374386,-0.074674,-0.134443,-0.287866,0.945242,0.798117,-0.524127,0.297154,0.564285,0.823114,-0.063767,0.079385,1.200411,2.867243,-37.82220913196996,-14.929129317475692,-46.621420814637766,-0.246489,-0.240034,-0.409853,0.844777,0.548808,-0.574137,0.607599,0.8108,0.542528,-0.219698,M,BuildTutorial
46.253,0.008393,1.598263,2.752572,15.646247883449991,18.668914032543885,1.8018461247501192,-0.136823,-0.158556,0.006704,-0.977801,0.94963,0.030279,-0.311908,0.056498,0.962469,0.265446,0.058835,1.137498,2.922158,-12.489317260820124,-12.106923371017269,-32.53825487593528,-0.074468,-0.130936,-0.287946,0.945726,0.799886,-0.525134,0.290544,0.564136,0.823084,-0.065447,0.081909,1.198874,2.867495,-37.602736888407854,-14.446870138633036,-46.44609303617566,-0.24689,-0.235459,-0.40755,0.847058,0.556924,-0.574172,0.600135,0.806702,0.545897,-0.226337,M,BuildTutorial
46.286,0.00991,1.598045,2.752832,15.785979909525487,18.489300839842308,1.7442095993139497,-0.137946,-0.157047,0.007178,-0.977883,0.95057,0.029289,-0.309127,0.057367,0.961839,0.267536,0.060954,1.136154,2.922696,-12.161314865023954,-11.727833352854304,-32.65709402853378,-0.072562,-0.127119,-0.288486,0.94623,0.801233,-0.527501,0.282433,0.564397,0.823021,-0.063978,0.083899,1.19742,2.867715,-37.381851750958816,-14.14852278756774,-46.65208346507331,-0.245837,-0.233051,-0.408466,0.847589,0.557686,-0.577837,0.595895,0.807007,0.54544,-0.22635,M,BuildTutorial
46.319,0.011229,1.597954,2.752816,16.02810980162583,18.12305651367298,1.5798381410296105,-0.139813,-0.154044,0.008474,-0.978085,0.952397,0.026498,-0.303707,0.059652,0.960761,0.270888,0.06328,1.134743,2.922747,-11.9433480629336,-11.455520036599506,-32.660311355457225,-0.071432,-0.124362,-0.288214,0.946765,0.802933,-0.527975,0.276659,0.563509,0.82366,-0.063573,0.086026,1.196198,2.8677,-37.16684004181321,-13.861233060707145,-46.67788046073489,-0.245159,-0.230348,-0.408078,0.84871,0.560824,-0.579736,0.591086,0.805624,0.546738,-0.228138,M,BuildTutorial
46.352,0.012728,1.598503,2.752975,16.008751870871883,17.706837501362443,1.3510491725963292,-0.139377,-0.150775,0.009894,-0.978644,0.954338,0.022663,-0.297868,0.061395,0.960952,0.269817,0.065186,1.13404,2.922751,-11.82796854488415,-11.138978915910332,-32.89271382765927,-0.071022,-0.12162,-0.289872,0.946646,0.802366,-0.531537,0.271436,0.566088,0.82186,-0.063956,0.087709,1.195766,2.867733,-37.09605437827169,-13.431067736047437,-46.96439431762388,-0.245578,-0.227566,-0.409293,0.848755,0.561385,-0.583008,0.587323,0.806549,0.544341,-0.230589,M,BuildTutorial
46.386,0.014454,1.59916,2.75323,15.786832570827242,17.237481201625627,1.0412023430722923,-0.137123,-0.147199,0.011681,-0.979486,0.956392,0.017486,-0.291562,0.063251,0.962122,0.26518,0.067157,1.134035,2.922532,-11.898744393391796,-10.899944788056644,-33.19258468229129,-0.071901,-0.120001,-0.292238,0.946059,0.800394,-0.535692,0.269081,0.570205,0.818855,-0.065908,0.089267,1.195858,2.867766,-37.17170957168858,-13.095106831343656,-47.226295001354906,-0.246841,-0.225867,-0.410493,0.848262,0.560959,-0.584905,0.585842,0.807918,0.54113,-0.233338,M,BuildTutorial
46.419,0.016389,1.599615,2.753383,15.70232771426913,16.88909921765074,0.6988222965811322,-0.136004,-0.144649,0.014084,-0.979991,0.957757,0.011741,-0.28734,0.06695,0.962609,0.262491,0.068731,1.13469,2.922198,-12.19505091079435,-10.756873108054734,-33.33594760764077,-0.074577,-0.11962,-0.293485,0.945514,0.799116,-0.537146,0.269979,0.57283,0.81661,-0.070814,0.090496,1.196329,2.867512,-37.39561085403054,-12.951564019186645,-47.27246987875253,-0.248978,-0.225577,-0.410468,0.847727,0.561262,-0.583603,0.58685,0.808257,0.539052,-0.236946,M,BuildTutorial
46.453,0.018524,1.599785,2.753729,15.732646721258185,16.700702987845077,0.3355412659460045,-0.135832,-0.143462,0.017006,-0.980142,0.958259,0.005636,-0.285846,0.072311,0.962521,0.26139,0.069833,1.135493,2.922209,-12.422840003980234,-10.630445219106727,-33.43558924877651,-0.076688,-0.119189,-0.294339,0.945134,0.798318,-0.538098,0.270443,0.574659,0.814968,-0.074798,0.091904,1.196828,2.867222,-37.60632406871761,-12.74076035702085,-47.40570122173664,-0.251083,-0.224943,-0.410936,0.847048,0.561065,-0.583207,0.587432,0.809123,0.536178,-0.240484,M,BuildTutorial
46.486,0.020875,1.599723,2.754163,15.881531903332352,16.676186864448823,0.1069486808549912,-0.136823,-0.143496,0.019119,-0.979961,0.958087,0.001796,-0.286473,0.076738,0.961828,0.262676,0.071294,1.135759,2.92186,-12.501703913777613,-10.412511310077887,-33.55068483352132,-0.077784,-0.117659,-0.29518,0.944974,0.798051,-0.539571,0.268289,0.576178,0.813637,-0.077548,0.093094,1.197191,2.867033,-37.66977873826056,-12.463171871566605,-47.493742671846185,-0.252391,-0.223276,-0.410958,0.847089,0.562523,-0.583531,0.585713,0.808942,0.534824,-0.244082,M,BuildTutorial
46.519,0.023385,1.599296,2.75472,16.098085077186987,16.78517291209735,-0.009741299943449,-0.138509,-0.144529,0.02052,-0.979544,0.957381,-0.000163,-0.288829,0.080237,0.960788,0.26542,0.072937,1.135865,2.921582,-12.532501779923876,-10.174091576999327,-33.727282636628864,-0.078475,-0.115888,-0.296488,0.944726,0.79733,-0.542011,0.265498,0.578389,0.811873,-0.079556,0.094594,1.197233,2.866647,-37.706163211946354,-12.140620118384687,-47.73180256114901,-0.253365,-0.221528,-0.411994,0.846754,0.562373,-0.58546,0.583929,0.80997,0.532134,-0.24654,M,BuildTutorial
46.552,0.0259,1.598546,2.755243,16.44235716643115,17.011466411450044,-0.0070100646876054,-0.141413,-0.146397,0.02121,-0.978836,0.956236,-0.000117,-0.292596,0.082927,0.959105,0.270631,0.074258,1.135713,2.921299,-12.493388866055154,-10.026607742009498,-33.82939081621377,-0.07843,-0.114647,-0.297211,0.944654,0.797044,-0.543539,0.263224,0.579506,0.811029,-0.08003,0.095824,1.197043,2.866257,-37.65523143972335,-11.939176744904705,-47.81787230261245,-0.253535,-0.220074,-0.412202,0.846981,0.563314,-0.586662,0.581812,0.809848,0.531619,-0.248049,M,BuildTutorial
46.585,0.028392,1.597878,2.755952,16.63001528802676,17.307256542093672,0.0545812884880586,-0.14304,-0.148811,0.021293,-0.978234,0.954804,0.000913,-0.297234,0.084231,0.958172,0.273517,0.075607,1.13545,2.920714,-12.4405086561824,-9.991838741360834,-33.89023350109536,-0.078021,-0.114273,-0.297665,0.94459,0.796675,-0.544511,0.262331,0.580174,0.810617,-0.079366,0.096971,1.196878,2.865967,-37.58245696678456,-11.852687686621502,-47.86326613803897,-0.253204,-0.219312,-0.412372,0.847195,0.563704,-0.587658,0.580428,0.80978,0.531675,-0.24815,M,BuildTutorial
46.619,0.030539,1.59709,2.756642,16.845041289381044,17.686232103441185,0.1381063055005042,-0.144914,-0.151897,0.021339,-0.977483,0.952944,0.002306,-0.303138,0.085741,0.957089,0.276818,0.076775,1.135399,2.920109,-12.496516794123806,-9.951601495664075,-33.72426402071083,-0.078755,-0.113964,-0.296294,0.944997,0.798444,-0.542043,0.262061,0.577944,0.812015,-0.081313,0.098026,1.196709,2.865245,-37.61761860688157,-11.920598839636854,-47.64720761680716,-0.253642,-0.219444,-0.410912,0.847739,0.565991,-0.585371,0.580512,0.808013,0.533635,-0.2497,M,BuildTutorial
46.652,0.032434,1.596366,2.75719,17.123259540963893,18.14328643001273,0.1926556671609389,-0.147273,-0.155665,0.021831,-0.976526,0.950584,0.003214,-0.310453,0.088488,0.955668,0.280836,0.078138,1.135204,2.919122,-12.51798396264286,-9.999934085279492,-33.37943757408283,-0.079152,-0.114177,-0.293492,0.945812,0.801652,-0.537103,0.262441,0.573252,0.815194,-0.082706,0.099018,1.196621,2.864342,-37.63064357779973,-12.133405157953543,-47.29406472734151,-0.253658,-0.220277,-0.408765,0.848556,0.568779,-0.58197,0.581208,0.80547,0.537138,-0.250403,M,BuildTutorial
46.686,0.034169,1.596058,2.757831,17.09611048784085,18.551643938173175,0.3655793503138771,-0.147203,-0.158928,0.020845,-0.976032,0.948615,0.006099,-0.316375,0.08748,0.955793,0.280725,0.079641,1.135084,2.918027,-12.3894983620594,-9.922840257455888,-33.545129355997744,-0.078119,-0.113345,-0.294749,0.945608,0.800553,-0.539724,0.260411,0.575142,0.814041,-0.080924,0.100605,1.196724,2.863442,-37.50406341615304,-11.984494083342028,-47.43447031292981,-0.252953,-0.219101,-0.409517,0.848708,0.568581,-0.584276,0.579083,0.805965,0.536621,-0.249916,M,BuildTutorial
46.719,0.035429,1.595617,2.75838,17.11513840106725,18.76981355215249,0.5795683502470694,-0.147625,-0.160506,0.01933,-0.975741,0.947729,0.009668,-0.318931,0.08511,0.955667,0.281882,0.0814,1.134867,2.917101,-12.30652393551533,-9.836120126455633,-33.6208745370151,-0.077579,-0.11248,-0.295278,0.94559,0.800318,-0.540972,0.258535,0.575877,0.813584,-0.08029,0.102441,1.196448,2.862666,-37.41940584200189,-11.814800790885728,-47.55351395382064,-0.252686,-0.217849,-0.410053,0.848851,0.568797,-0.586053,0.577072,0.806243,0.536014,-0.250325,M,BuildTutorial
46.752,0.036397,1.595032,2.758532,17.286475011678487,18.852506241155645,0.7287409362620549,-0.149279,-0.160972,0.01841,-0.975431,0.947499,0.012145,-0.319529,0.083974,0.954754,0.285295,0.083474,1.134678,2.916284,-12.486562272669874,-9.721671841624971,-33.560364161657915,-0.079427,-0.11193,-0.294779,0.945658,0.801154,-0.53974,0.258522,0.575301,0.813593,-0.084233,0.104356,1.195959,2.861528,-37.58247722879941,-11.73962349942972,-47.483306958786024,-0.254334,-0.217634,-0.40931,0.848773,0.570201,-0.584119,0.577647,0.805526,0.535559,-0.253583,M,BuildTutorial
46.786,0.03707,1.594472,2.758463,17.556948959331542,18.76066025903976,0.830951738229788,-0.151738,-0.159982,0.017803,-0.975226,0.948178,0.013827,-0.317439,0.083274,0.953318,0.29026,0.085483,1.133775,2.915976,-12.43998821840297,-9.526276397818082,-33.49898167092567,-0.079602,-0.110162,-0.294117,0.946057,0.802719,-0.538964,0.255264,0.574041,0.814318,-0.085815,0.10619,1.195242,2.860906,-37.53683479271325,-11.562133767654313,-47.38574647977395,-0.254803,-0.215963,-0.408209,0.849589,0.57345,-0.583563,0.574985,0.803676,0.536881,-0.256639,M,BuildTutorial
46.819,0.037511,1.594136,2.758134,17.836517559216833,18.419272428893773,0.9621113211953805,-0.154349,-0.156822,0.016623,-0.97535,0.950261,0.015984,-0.311044,0.080837,0.9518,0.295874,0.087759,1.132341,2.915856,-12.209863831569962,-9.133053023832677,-33.473112588825515,-0.078724,-0.10634,-0.293538,0.946747,0.805054,-0.53907,0.247571,0.572556,0.815276,-0.086633,0.10797,1.1941,2.860907,-37.28750052779086,-11.182175643674832,-47.3277222056662,-0.254357,-0.212254,-0.407026,0.851223,0.578556,-0.584964,0.568411,0.800917,0.539264,-0.260244,M,BuildTutorial
46.852,0.037915,1.594193,2.757622,17.979454053847547,17.918564469237488,0.9711421775923542,-0.155649,-0.152506,0.016065,-0.975837,0.952968,0.016121,-0.302643,0.078828,0.951031,0.298876,0.089827,1.131045,2.915861,-12.0104817001297,-8.756555392155178,-33.58114407277696,-0.077935,-0.102819,-0.294097,0.947028,0.80587,-0.54101,0.240586,0.573063,0.814866,-0.087137,0.109773,1.193059,2.86095,-37.10293863106596,-10.702522618382377,-47.58081962501939,-0.254187,-0.208685,-0.407915,0.851731,0.580111,-0.588778,0.562861,0.800958,0.537989,-0.262745,M,BuildTutorial
46.886,0.038195,1.594617,2.757036,17.893646541178995,17.318577070793538,0.8841473061593103,-0.154888,-0.147536,0.015879,-0.976725,0.955962,0.014685,-0.293122,0.076722,0.951515,0.297881,0.091419,1.130425,2.915821,-11.950283847533354,-8.467175609878002,-33.63762765036919,-0.078128,-0.100319,-0.294345,0.947203,0.806594,-0.541934,0.236039,0.573285,0.814514,-0.08895,0.111366,1.192356,2.861252,-36.953656014391925,-10.2558025715473,-47.69450732099019,-0.254431,-0.205153,-0.407832,0.852555,0.583171,-0.591004,0.557339,0.799793,0.537877,-0.266496,M,BuildTutorial
46.919,0.038293,1.595125,2.756275,17.747512956472267,16.707607777227675,0.6010203214687132,-0.153372,-0.142744,0.017284,-0.977652,0.958651,0.009989,-0.284409,0.077582,0.952357,0.294953,0.092887,1.130485,2.91562,-11.9815786881478,-8.275719053052747,-33.56983530174367,-0.078938,-0.098766,-0.293664,0.94751,0.808013,-0.540907,0.233526,0.572092,0.81506,-0.091581,0.112472,1.192298,2.86113,-36.962234863941255,-10.067711476911857,-47.59752067403105,-0.255338,-0.203564,-0.406688,0.853211,0.586333,-0.590026,0.555052,0.797937,0.538815,-0.27014,M,BuildTutorial
46.953,0.038074,1.595513,2.755087,17.890599158058755,16.045142070893544,0.3966389925060974,-0.154446,-0.137332,0.018315,-0.978239,0.961609,0.006588,-0.274345,0.078254,0.951622,0.297139,0.094161,1.131178,2.915424,-12.124212690907171,-8.014538002128278,-33.71745887007519,-0.080667,-0.097058,-0.294749,0.947204,0.807406,-0.542715,0.231421,0.574033,0.813232,-0.0956,0.113557,1.192748,2.860761,-37.12599216331832,-9.77869837071466,-47.73815070562778,-0.257366,-0.202237,-0.407013,0.852763,0.586882,-0.590073,0.554422,0.798268,0.536207,-0.274318,M,BuildTutorial
46.987,0.037492,1.596201,2.753819,17.97859002253088,15.034683109053589,0.4604178390795517,-0.155425,-0.128596,0.016507,-0.979303,0.966381,0.007643,-0.257001,0.072305,0.951141,0.30017,0.095004,1.132051,2.915365,-12.277167577844198,-7.818862407833105,-34.32510312922031,-0.081931,-0.096251,-0.299675,0.945631,0.801861,-0.550993,0.231142,0.582537,0.806964,-0.097266,0.114924,1.193413,2.860564,-37.299485303989655,-9.309641803049148,-48.40403552123019,-0.259191,-0.200797,-0.410818,0.850723,0.581818,-0.594894,0.554607,0.803074,0.528097,-0.276018,M,BuildTutorial
47.019,0.036409,1.597041,2.752405,17.91218918321257,13.70551908185855,0.5428397114073841,-0.155122,-0.11713,0.013929,-0.980828,0.972173,0.009015,-0.23409,0.063662,0.951487,0.301032,0.095356,1.13285,2.915593,-12.408346679661626,-7.781239595794749,-34.66126255533037,-0.082834,-0.096511,-0.302458,0.944639,0.79841,-0.555438,0.232444,0.587416,0.803316,-0.098115,0.115502,1.193994,2.860794,-37.4407183806557,-9.108886837642483,-48.78793506013561,-0.260314,-0.200628,-0.413134,0.849297,0.578138,-0.597294,0.555874,0.806199,0.523115,-0.276396,M,BuildTutorial
47.052,0.034833,1.59767,2.750772,17.993277082177297,12.123640234427947,0.6973810669182675,-0.156134,-0.103354,0.010536,-0.982257,0.978414,0.011576,-0.206331,0.052972,0.951023,0.304549,0.094997,1.134055,2.916148,-12.700394694987144,-7.913959058893231,-34.63212388169796,-0.084927,-0.098318,-0.302398,0.944287,0.797779,-0.5544,0.237043,0.587799,0.802687,-0.100928,0.115407,1.194802,2.860996,-37.72847080014046,-9.223303042015036,-48.82147112664811,-0.262027,-0.202472,-0.413483,0.848162,0.576074,-0.595294,0.560146,0.807507,0.520748,-0.277045,M,BuildTutorial
47.086,0.032694,1.598005,2.748755,18.208591724091097,10.295208039093092,0.9145359318235804,-0.158296,-0.087331,0.006348,-0.983502,0.984666,0.015162,-0.17379,0.040135,0.949804,0.31026,0.094412,1.135682,2.916627,-13.0435103396594,-8.144051829487042,-34.95822689646148,-0.086872,-0.101322,-0.305354,0.942839,0.792986,-0.558195,0.244114,0.593403,0.798425,-0.101936,0.115184,1.195967,2.861306,-38.109558558969546,-9.374792126420552,-49.17285461730421,-0.263742,-0.205618,-0.416213,0.845535,0.568977,-0.595384,0.567259,0.812304,0.514415,-0.274844,M,BuildTutorial
47.119,0.03045,1.59823,2.746033,18.46529286722301,8.309973892801558,0.9364023930510794,-0.160601,-0.070206,0.00358,-0.984513,0.990117,0.015501,-0.139388,0.0296,0.948389,0.315724,0.093515,1.137784,2.917274,-13.54183206004624,-8.370756711158114,-35.37868923234842,-0.090004,-0.104777,-0.30913,0.940936,0.786921,-0.562881,0.252823,0.600603,0.792676,-0.104597,0.115102,1.197425,2.861582,-38.58419451785146,-9.386183675280758,-49.627082353404106,-0.266469,-0.208281,-0.419309,0.842493,0.561599,-0.595528,0.574415,0.81753,0.506349,-0.274329,M,BuildTutorial
47.152,0.028706,1.599047,2.742907,18.60662248061885,6.462794529277844,0.7511428398328331,-0.161765,-0.054568,0.002654,-0.985316,0.994031,0.012425,-0.108392,0.022884,0.94765,0.31849,0.092493,1.140026,2.917974,-14.084397007777724,-8.55076769647738,-35.48387249749856,-0.093898,-0.107725,-0.310295,0.939838,0.784225,-0.563023,0.26076,0.603484,0.789801,-0.109646,0.114486,1.199235,2.861843,-39.12223219980044,-9.53593436385334,-49.71465712986849,-0.269819,-0.211322,-0.41998,0.840332,0.557921,-0.591807,0.581798,0.819882,0.50163,-0.275974,M,BuildTutorial
47.185,0.027833,1.600059,2.739707,18.526724962114677,4.719566191677095,0.742063237889658,-0.161096,-0.039595,0.000242,-0.986144,0.996864,0.012279,-0.078171,0.013235,0.948096,0.317708,0.091396,1.142588,2.918667,-14.548640411270632,-8.71139856332974,-35.841121260807384,-0.096948,-0.11053,-0.31349,0.938141,0.779014,-0.566765,0.268169,0.609627,0.78465,-0.112602,0.114796,1.201072,2.861966,-39.61817718414422,-9.461876334861085,-50.260559482566315,-0.272811,-0.213679,-0.423492,0.837001,0.549991,-0.592339,0.588765,0.825514,0.492457,-0.275703,M,BuildTutorial
47.219,0.027569,1.60139,2.736506,18.286611196748183,3.140074826262963,0.7222915087819398,-0.159012,-0.026049,-0.001867,-0.986931,0.998636,0.01197,-0.050823,0.004599,0.949424,0.313964,0.090725,1.145602,2.919148,-15.154330545823433,-8.770164675663374,-36.504835790618245,-0.101122,-0.113157,-0.319135,0.93548,0.770697,-0.574204,0.276254,0.619974,0.775855,-0.11697,0.11515,1.203304,2.861799,-40.245097693426736,-9.210027979353944,-51.05001474995037,-0.276965,-0.215793,-0.428221,0.832677,0.540121,-0.593604,0.596577,0.832673,0.479835,-0.276431,M,BuildTutorial
47.252,0.028075,1.602833,2.733298,18.024455665711283,1.8456474155772804,0.6296106296394962,-0.15671,-0.015046,-0.002903,-0.987526,0.99953,0.010449,-0.028807,-0.001018,0.950867,0.309598,0.09048,1.148896,2.919315,-15.832712226249578,-8.819589666465614,-36.744923999687714,-0.106316,-0.115557,-0.321315,0.933863,0.766807,-0.575558,0.28415,0.6247,0.770907,-0.12431,0.115467,1.205838,2.861389,-40.87629987853636,-9.109218319588557,-51.28384500664232,-0.281611,-0.217718,-0.429222,0.830098,0.536734,-0.58997,0.603201,0.835217,0.472927,-0.28063,M,BuildTutorial
47.286,0.029075,1.603919,2.729908,17.988918440809062,0.7788102727752895,0.6308684676257935,-0.15637,-0.005852,-0.004375,-0.987672,0.999893,0.010471,-0.010192,-0.006811,0.951059,0.308936,0.091256,1.152148,2.919222,-16.357932759741594,-8.730669134644296,-36.85942561483435,-0.110759,-0.116323,-0.322291,0.932915,0.765195,-0.575573,0.288432,0.627108,0.767722,-0.131677,0.116716,1.208313,2.860601,-41.42226677739539,-8.929353577146502,-51.52025409707315,-0.285899,-0.218812,-0.430079,0.827898,0.534308,-0.587007,0.608226,0.837239,0.466588,-0.285178,M,BuildTutorial
47.319,0.031227,1.60514,2.726709,17.938159903694146,0.0830827608913414,0.5844651630505869,-0.155903,7.9e-05,-0.004925,-0.98776,0.999952,0.009705,0.001693,-0.009755,0.95134,0.307988,0.092868,1.155431,2.918681,-16.980647948564037,-8.503327996446016,-37.3249383926162,-0.116031,-0.116584,-0.325985,0.930956,0.760284,-0.579901,0.292717,0.63401,0.760541,-0.14003,0.118205,1.211116,2.859805,-42.011967423852326,-8.466480965176052,-52.017274881453304,-0.291066,-0.218693,-0.432029,0.825109,0.531048,-0.585635,0.612389,0.840251,0.457262,-0.291359,M,BuildTutorial
47.352,0.034242,1.606183,2.723831,17.81815689272241,-0.2839041318977804,0.4390645744869889,-0.154856,0.003041,-0.004169,-0.987924,0.999947,0.007296,0.007299,-0.009179,0.952005,0.305946,0.095466,1.158545,2.917853,-17.457431628709916,-8.143811955109415,-37.56595885156643,-0.120713,-0.115188,-0.327654,0.929948,0.758748,-0.581593,0.293343,0.637212,0.756142,-0.14903,0.120963,1.213493,2.85854,-42.448004242480216,-7.858847797892881,-52.44935482640872,-0.295761,-0.2169,-0.433206,0.823294,0.530575,-0.58501,0.613395,0.841612,0.449716,-0.299072,M,BuildTutorial
47.386,0.038023,1.606931,2.721388,17.817656981733524,-0.3171019301494945,0.4182032430361249,-0.154851,0.003299,-0.004034,-0.987924,0.999946,0.006949,0.007767,-0.008992,0.95201,0.305935,0.099101,1.161014,2.916862,-17.701492870628424,-7.577079574580006,-37.89331718485836,-0.124009,-0.111598,-0.329736,0.929216,0.75764,-0.585113,0.289178,0.64047,0.751792,-0.156867,0.124155,1.215677,2.857569,-42.6451660882353,-7.070875211614922,-53.02245630456406,-0.299122,-0.213405,-0.435092,0.821998,0.530307,-0.587621,0.611127,0.842957,0.442443,-0.306053,M,BuildTutorial
47.418,0.042398,1.607551,2.719403,17.768441829045898,-0.0808962918819722,0.3862215773911999,-0.154435,0.001218,-0.003439,-0.987996,0.999973,0.006419,0.003469,-0.007171,0.952276,0.305154,0.103579,1.163453,2.915832,-18.072432117496415,-6.8913707120661805,-38.13031787311651,-0.128787,-0.10731,-0.330928,0.928647,0.757943,-0.586989,0.284545,0.64227,0.747802,-0.168171,0.127891,1.217709,2.855973,-43.00796625141308,-6.254616152190671,-53.291585169829546,-0.304384,-0.209517,-0.434509,0.821374,0.53461,-0.586241,0.608699,0.841336,0.437105,-0.317952,M,BuildTutorial
47.451,0.047289,1.607772,2.717673,17.81492708319335,0.4413035485255951,0.2557956156514437,-0.154846,-0.003459,-0.001609,-0.987931,0.999971,0.00425,-0.006336,-0.002108,0.95204,0.305966,0.108262,1.165938,2.914669,-18.58338363487742,-6.324470748950682,-37.347151318632,-0.135298,-0.103191,-0.323932,0.930653,0.76884,-0.575013,0.279724,0.630859,0.753526,-0.184977,0.130858,1.219921,2.854117,-43.514873445914155,-5.9762981030248445,-52.5643375835503,-0.310469,-0.207321,-0.428015,0.823062,0.547643,-0.575832,0.607046,0.833298,0.440825,-0.333598,M,BuildTutorial
47.485,0.05248,1.607765,2.716148,17.89746968878685,1.2215167573953232,0.0889912534678166,-0.15555,-0.010409,0.000891,-0.987773,0.999782,0.001478,-0.02084,0.004998,0.951607,0.307278,0.113292,1.168439,2.913392,-18.91762163392894,-5.641154404724923,-37.357188402836435,-0.139949,-0.09855,-0.323183,0.930728,0.771682,-0.574007,0.273904,0.629175,0.751934,-0.19681,0.135022,1.222349,2.851878,-44.13215142468496,-5.328214952707298,-52.72487382065314,-0.317115,-0.205234,-0.426723,0.821721,0.551574,-0.571128,0.607931,0.831459,0.434692,-0.346004,M,BuildTutorial
47.519,0.057788,1.607642,2.714875,17.98468280791916,2.1812945358860545,-0.0129849761629344,-0.156272,-0.018818,0.003087,-0.98753,0.999273,-0.000216,-0.038132,0.011979,0.951139,0.30853,0.117936,1.171513,2.911762,-19.52945869997766,-5.157028249661718,-37.05416705388307,-0.146562,-0.095876,-0.320067,0.931066,0.77673,-0.567904,0.272353,0.624111,0.752154,-0.211544,0.139294,1.224732,2.849419,-44.767131716734454,-4.768651869456792,-52.683596138477384,-0.323899,-0.2033,-0.424135,0.820895,0.557557,-0.564643,0.60853,0.828038,0.430398,-0.35932,M,BuildTutorial
47.552,0.063054,1.607435,2.713724,18.10333826384944,3.2150330464124672,-0.1082576669379631,-0.157237,-0.027852,0.005346,-0.987154,0.998391,-0.001795,-0.056669,0.019312,0.950496,0.310137,0.122918,1.175107,2.910137,-20.155812112880643,-4.385209357650582,-36.589726448784454,-0.154196,-0.090654,-0.315194,0.932018,0.784869,-0.559576,0.266186,0.61549,0.753753,-0.23028,0.142965,1.227431,2.846892,-45.29795367691476,-4.2318427556782,-52.00715267595105,-0.330926,-0.199341,-0.417119,0.822656,0.572549,-0.554357,0.60405,0.818226,0.432999,-0.378178,M,BuildTutorial
47.585,0.068228,1.607226,2.712761,18.22203089457493,4.362698090596156,-0.1859268196015236,-0.158172,-0.037839,0.007628,-0.986657,0.99702,-0.003083,-0.077082,0.027023,0.949847,0.311546,0.127592,1.178587,2.90823,-20.621426043194,-3.560162390623429,-36.60126775988989,-0.160255,-0.085191,-0.314062,0.931894,0.788215,-0.558041,0.259437,0.61265,0.751366,-0.245171,0.147065,1.230812,2.843829,-45.99127169965531,-3.4143777630539813,-52.37348545235648,-0.338306,-0.196931,-0.416494,0.820549,0.575502,-0.550261,0.604988,0.816753,0.424164,-0.391151,M,BuildTutorial
47.619,0.073374,1.607091,2.711928,18.267483509702696,5.679199333244796,-0.2465947835503602,-0.158439,-0.049253,0.009986,-0.986089,0.994949,-0.004086,-0.1003,0.035301,0.949594,0.311487,0.131636,1.182082,2.906325,-20.933290810549273,-2.9246923856219817,-36.85823294258036,-0.164357,-0.081219,-0.315168,0.93116,0.788145,-0.560247,0.254856,0.613642,0.747312,-0.254889,0.151045,1.23394,2.841388,-46.35784432329617,-2.438782916027725,-52.95296990275829,-0.34352,-0.192952,-0.417248,0.818943,0.577347,-0.55084,0.602699,0.81597,0.415796,-0.401629,M,BuildTutorial
47.652,0.078394,1.606821,2.710796,18.462845761083376,7.017748757536445,-0.2738786235380248,-0.159977,-0.060793,0.012173,-0.985172,0.992312,-0.004535,-0.123678,0.043437,0.948519,0.313729,0.135522,1.185531,2.904503,-21.133208048280956,-2.2740959281399524,-37.13143691378046,-0.16759,-0.076867,-0.316381,0.930542,0.787989,-0.563047,0.2491,0.614576,0.743633,-0.263261,0.154647,1.23702,2.83933,-46.46580557340908,-1.4844845739219974,-53.36026025791956,-0.347095,-0.187742,-0.41713,0.818707,0.581511,-0.552686,0.596978,0.813343,0.411056,-0.411712,M,BuildTutorial
47.685,0.0833,1.606572,2.709664,18.739801089206345,8.281662518280037,-0.1264533352756905,-0.162304,-0.071424,0.012842,-0.984069,0.989467,-0.002091,-0.144742,0.04846,0.946985,0.317602,0.139418,1.18878,2.903112,-21.074641099013355,-1.3687482442662076,-37.79375326056264,-0.169204,-0.070333,-0.320448,0.929374,0.784733,-0.571831,0.239173,0.619433,0.737366,-0.269432,0.158362,1.240048,2.837707,-46.449518017880585,-0.0850196176345755,-54.38401423011697,-0.350445,-0.180809,-0.420203,0.817267,0.581475,-0.560109,0.590055,0.813564,0.401236,-0.420861,M,BuildTutorial
47.719,0.088055,1.606537,2.708757,18.805718696643332,9.48264122103726,0.0785716480585434,-0.162872,-0.081435,0.01283,-0.983197,0.986408,0.001299,-0.164313,0.051755,0.946616,0.318181,0.14292,1.192216,2.901825,-21.173501456422148,-0.7560072815141234,-38.066687647890454,-0.171561,-0.066045,-0.321706,0.928822,0.784287,-0.574953,0.233073,0.620276,0.734145,-0.276205,0.16145,1.243262,2.836121,-46.55429421521627,0.7617165395925117,-54.796364473015174,-0.353654,-0.176425,-0.420374,0.816755,0.584321,-0.561898,0.585525,0.811471,0.396429,-0.42937,M,BuildTutorial
47.752,0.09264,1.60667,2.708105,18.743642766547268,10.653690113089008,0.1208050070768563,-0.162234,-0.091427,0.014082,-0.982407,0.982886,0.001996,-0.184207,0.057334,0.946963,0.316185,0.14586,1.195721,2.900211,-21.469084574764334,-0.3731231797011875,-37.99967724194187,-0.175069,-0.063664,-0.32044,0.928771,0.786531,-0.57294,0.230456,0.617522,0.733338,-0.284398,0.164022,1.246591,2.833926,-46.94424682039757,1.2953270668034391,-55.0936981192853,-0.357921,-0.175,-0.420187,0.815298,0.585636,-0.559883,0.586141,0.810427,0.390671,-0.436559,M,BuildTutorial
47.785,0.096998,1.606381,2.7075,18.91291390755606,11.739088839634825,0.0105967633492704,-0.163446,-0.100859,0.016711,-0.981241,0.979096,0.000176,-0.203397,0.065764,0.946013,0.317388,0.148697,1.199287,2.898482,-21.95540969358871,0.076295702413493,-37.65122772118582,-0.180451,-0.06083,-0.316664,0.929226,0.792047,-0.566551,0.227335,0.610459,0.734323,-0.296833,0.166517,1.249654,2.831546,-47.50661337924722,1.888775037791488,-55.297917441664865,-0.363755,-0.173532,-0.418804,0.81374,0.58898,-0.555349,0.587103,0.807841,0.384572,-0.446652,M,BuildTutorial
47.818,0.101376,1.605896,2.706951,19.140232237751366,12.7018903170659,-0.0411871718475159,-0.165195,-0.109138,0.018743,-0.980025,0.975475,-0.000679,-0.220108,0.072795,0.944719,0.3197,0.151114,1.202452,2.896756,-22.51676611820667,0.450449284365358,-37.298900347285226,-0.186214,-0.058778,-0.312894,0.929498,0.797285,-0.559778,0.225799,0.603559,0.734844,-0.309389,0.168162,1.252355,2.829111,-48.10197811690545,1.969206111594867,-54.85124787992771,-0.368919,-0.17376,-0.414331,0.813656,0.596275,-0.54604,0.58847,0.802452,0.384458,-0.456358,M,BuildTutorial
47.852,0.105516,1.605484,2.706835,19.273212992397017,13.623437456763371,-0.268108766062862,-0.165943,-0.117322,0.022145,-0.978881,0.97149,-0.004418,-0.237039,0.082293,0.943945,0.319681,0.152636,1.204876,2.894988,-22.859866567628107,0.6659691613154327,-37.288184575890774,-0.189588,-0.057954,-0.312252,0.929084,0.79828,-0.558242,0.226086,0.602191,0.73311,-0.316094,0.169552,1.254339,2.826751,-48.50564903651745,2.176945894268117,-54.90687760708183,-0.372425,-0.17397,-0.413338,0.812518,0.597772,-0.542108,0.590582,0.801271,0.380902,-0.461388,M,BuildTutorial
47.885,0.109358,1.604793,2.706857,19.492361886760076,14.571055261608086,-0.5867510624359593,-0.167275,-0.125842,0.026473,-0.977488,0.966926,-0.009654,-0.254875,0.093855,0.942637,0.320355,0.153474,1.20667,2.893081,-23.158623526783348,0.8301984347342182,-37.02113808324032,-0.192588,-0.056994,-0.309631,0.929403,0.801761,-0.553591,0.225203,0.597496,0.734078,-0.32269,0.170625,1.255745,2.824527,-48.7936717909052,2.53865238834889,-55.09343676749762,-0.375468,-0.173092,-0.41296,0.811497,0.599007,-0.54025,0.591034,0.800212,0.376976,-0.466422,M,BuildTutorial
47.918,0.112856,1.603872,2.706985,19.831762498520305,15.472496322248915,-0.7674173827353993,-0.169743,-0.133742,0.029717,-0.975919,0.96246,-0.0126,-0.27113,0.103406,0.940609,0.323362,0.15407,1.207617,2.891331,-23.284091561179864,1.0763387842928718,-37.12259954748666,-0.19422,-0.055512,-0.30996,0.929044,0.801687,-0.554369,0.223547,0.597495,0.732407,-0.326465,0.171448,1.25632,2.822738,-48.80210974372413,3.0335166255430432,-55.52668660250674,-0.376663,-0.171043,-0.414387,0.81065,0.598056,-0.542994,0.58948,0.800696,0.372818,-0.468928,M,BuildTutorial
47.952,0.115954,1.602989,2.707469,20.10345956194004,16.339568221729873,-0.8704772044158777,-0.171698,-0.141234,0.032206,-0.974441,0.958032,-0.014267,-0.286307,0.111265,0.938965,0.325523,0.154268,1.207435,2.889909,-23.103842114101383,1.2244437687672876,-37.61023748136808,-0.19293,-0.054639,-0.313777,0.928082,0.797117,-0.561339,0.222494,0.603505,0.728644,-0.323821,0.171688,1.256012,2.821715,-48.57926768993486,3.386692952877915,-55.92499374942211,-0.375797,-0.169005,-0.416463,0.810415,0.595993,-0.547993,0.586939,0.802038,0.370671,-0.468335,M,BuildTutorial
47.988,0.118589,1.60207,2.708142,20.425654423006986,17.205944386386243,-0.9250720926779266,-0.174116,-0.148627,0.034377,-0.972837,0.953457,-0.01513,-0.30115,0.118643,0.937004,0.328554,0.154205,1.206117,2.888911,-22.74439763336438,1.0929305821568278,-37.733167138273735,-0.189603,-0.054911,-0.315223,0.928262,0.795239,-0.564396,0.221478,0.606041,0.72937,-0.317384,0.171989,1.25514,2.820911,-48.27703969179871,3.4431813588048468,-56.15636715554708,-0.373555,-0.168204,-0.418486,0.810576,0.593154,-0.552762,0.58534,0.804097,0.370653,-0.464807,M,BuildTutorial
48.019,0.120891,1.601252,2.708962,20.70787148613211,18.009013987787146,-0.8304432502448417,-0.176393,-0.155246,0.03517,-0.971364,0.949324,-0.013557,-0.314008,0.123094,0.935297,0.331763,0.15446,1.204395,2.888151,-22.39901236033759,1.0114586599929798,-37.67158416590579,-0.186613,-0.05451,-0.315074,0.928942,0.795514,-0.565026,0.218868,0.605716,0.731808,-0.312355,0.172231,1.253833,2.820424,-47.91511541398324,3.318865718269282,-55.96519276674372,-0.370854,-0.167075,-0.418216,0.812188,0.594363,-0.555419,0.581586,0.80326,0.375125,-0.46266,M,BuildTutorial
48.052,0.122708,1.600398,2.709881,20.965038895409464,18.71429942204244,-0.7390132959952633,-0.17848,-0.161029,0.035837,-0.970016,0.945571,-0.012044,-0.325194,0.127006,0.933721,0.334715,0.155531,1.202354,2.887532,-22.047162648608783,1.166869089037862,-37.97858414703563,-0.18405,-0.052765,-0.31753,0.928718,0.792782,-0.570368,0.21489,0.609214,0.730601,-0.308351,0.173037,1.252251,2.820131,-47.5109452338772,3.441300717346157,-56.027909018635214,-0.368383,-0.164858,-0.419019,0.81335,0.59449,-0.560157,0.576894,0.80308,0.377434,-0.461092,M,BuildTutorial
48.085,0.124131,1.599461,2.710661,21.293994018541007,19.303727642644024,-0.642203120258955,-0.181216,-0.165793,0.036406,-0.968684,0.942374,-0.010443,-0.334398,0.130621,0.931671,0.33901,0.157047,1.200055,2.887223,-21.617371662162306,1.4155330180514414,-38.38149160395952,-0.181084,-0.05018,-0.32067,0.928365,0.789306,-0.577224,0.209308,0.613571,0.728759,-0.304042,0.174688,1.250149,2.820309,-47.0157771308748,3.918122883306253,-56.44870391314623,-0.36607,-0.160907,-0.421407,0.813952,0.59305,-0.568204,0.57047,0.803817,0.376819,-0.460312,M,BuildTutorial
48.118,0.125348,1.598701,2.71148,21.51627534833271,19.77952500752735,-0.6389509167418421,-0.182946,-0.169757,0.037456,-0.967631,0.939559,-0.010374,-0.342229,0.1346,0.930255,0.341333,0.158769,1.197429,2.887273,-21.052333925314016,1.6073031469063843,-38.89080838852685,-0.176838,-0.047808,-0.324858,0.927853,0.784363,-0.585932,0.203612,0.619749,0.726392,-0.297097,0.17659,1.248038,2.820818,-46.386634918682155,4.223362707263335,-56.66946156639021,-0.362489,-0.156984,-0.423194,0.815392,0.592526,-0.576328,0.562814,0.803948,0.379017,-0.458272,M,BuildTutorial
48.152,0.126963,1.598417,2.712492,21.464724191727047,20.433208370154595,-0.7789382578209801,-0.18208,-0.175509,0.039602,-0.966682,0.935256,-0.012651,-0.353745,0.140479,0.930557,0.338127,0.160868,1.194959,2.887552,-20.489677240456505,1.779073802826649,-39.05830714304506,-0.17271,-0.045049,-0.326315,0.928257,0.782978,-0.590247,0.19635,0.621369,0.72738,-0.291238,0.178783,1.246174,2.821663,-45.78472203131214,4.5447593085763645,-56.92925207670519,-0.359116,-0.153147,-0.425172,0.816585,0.59155,-0.584382,0.555488,0.804373,0.38053,-0.45627,M,BuildTutorial
48.185,0.128928,1.598115,2.713392,21.31595446998245,21.36725928999628,-0.9308726093107488,-0.180254,-0.183658,0.04213,-0.965403,0.92899,-0.015134,-0.369796,0.147554,0.931467,0.332561,0.163203,1.192907,2.888095,-20.08919221240591,1.899530482489638,-38.917491758110195,-0.169867,-0.042705,-0.325251,0.929265,0.784776,-0.589981,0.189868,0.618998,0.730714,-0.287922,0.18072,1.244487,2.822459,-45.34886401939923,4.522852054296264,-56.577980149362666,-0.356445,-0.15049,-0.423555,0.819086,0.595908,-0.586572,0.548477,0.801138,0.387097,-0.456436,M,BuildTutorial
48.219,0.13148,1.597837,2.714199,21.133271890770423,22.66727483727316,-1.1313173600220958,-0.177887,-0.194955,0.045552,-0.96347,0.919835,-0.018417,-0.391872,0.157136,0.932562,0.325016,0.165826,1.191349,2.888639,-19.88153549767565,2.0750433772076686,-38.52713713327079,-0.168822,-0.040107,-0.321957,0.930717,0.789471,-0.585759,0.183363,0.612843,0.735686,-0.288426,0.182384,1.243174,2.82328,-45.06392828302993,4.285590621034836,-55.73019123930389,-0.354672,-0.148447,-0.418745,0.822693,0.605232,-0.583697,0.541287,0.794297,0.397721,-0.459249,M,BuildTutorial
48.251,0.134212,1.597005,2.714378,21.193502198771064,24.25697953099366,-1.1523230970338425,-0.177705,-0.208319,0.048299,-0.960568,0.908541,-0.01875,-0.417375,0.166828,0.932176,0.321273,0.168556,1.189925,2.889208,-19.501984166190397,2.359599937088506,-38.6508230185565,-0.166505,-0.036888,-0.322792,0.930978,0.788889,-0.588741,0.176178,0.613309,0.736162,-0.286211,0.184583,1.242219,2.823998,-44.79078937772604,4.482854809541858,-55.801068932666475,-0.353373,-0.146189,-0.419145,0.823453,0.605893,-0.586973,0.536988,0.79361,0.398891,-0.459424,M,BuildTutorial
48.285,0.136571,1.596001,2.714315,21.479151828442056,25.77073598144076,-1.1198879424170207,-0.179503,-0.22086,0.050913,-0.957292,0.897258,-0.018187,-0.441133,0.176767,0.930373,0.321184,0.170842,1.188538,2.890075,-19.064766973240395,2.5443728408908113,-38.55766585053035,-0.163509,-0.033996,-0.322056,0.931874,0.790249,-0.589114,0.168677,0.611348,0.73909,-0.282842,0.186612,1.241401,2.825342,-44.33747956097892,4.686153375035422,-55.676945617856155,-0.351067,-0.142582,-0.418457,0.825419,0.609129,-0.590693,0.529192,0.790916,0.403292,-0.460226,M,BuildTutorial
48.318,0.13899,1.595377,2.714368,21.4031213575486,27.381519839835697,-1.123734951568515,-0.178128,-0.234323,0.05331,-0.954212,0.884501,-0.01826,-0.46618,0.185218,0.930857,0.31496,0.17242,1.187306,2.891201,-18.6819535208481,2.4639166373430106,-38.49875112540364,-0.160194,-0.033469,-0.321939,0.932509,0.790471,-0.589699,0.165565,0.611145,0.741387,-0.277215,0.187711,1.240664,2.827029,-43.89637387935291,4.311780339306302,-55.1543684127877,-0.347222,-0.141983,-0.416623,0.828072,0.612532,-0.591389,0.524465,0.788587,0.411724,-0.456743,M,BuildTutorial
48.351,0.14135,1.594996,2.714577,20.97207186921617,29.210096998211323,-1.1774968515478683,-0.173558,-0.24974,0.055666,-0.951004,0.869063,-0.019188,-0.49433,0.192566,0.933558,0.302305,0.172987,1.186691,2.892484,-18.509801239115433,2.09327938162709,-37.941855162230105,-0.157927,-0.035225,-0.318025,0.934173,0.795239,-0.583054,0.166262,0.605306,0.747838,-0.272658,0.188476,1.240291,2.828297,-43.80666989039879,3.821320998784664,-54.83742067754736,-0.345197,-0.144227,-0.415971,0.828858,0.612334,-0.589988,0.526271,0.789135,0.415615,-0.452251,M,BuildTutorial
48.384,0.142385,1.593719,2.714236,21.112406018877746,30.834956496007624,-1.0649587741903634,-0.174171,-0.262981,0.057509,-0.947206,0.855068,-0.017339,-0.518226,0.200553,0.932715,0.299703,0.173332,1.186543,2.893779,-18.562984993536197,1.704080938602942,-37.64793327915626,-0.157377,-0.038144,-0.316132,0.934793,0.797211,-0.57903,0.170817,0.603042,0.750586,-0.270114,0.188588,1.240081,2.829917,-43.78023303265202,3.1700238515776373,-54.25916924805626,-0.343385,-0.147104,-0.413787,0.830197,0.614282,-0.586022,0.528427,0.788076,0.421735,-0.448416,M,BuildTutorial
48.418,0.142149,1.592467,2.713776,21.298866741756473,32.09105284885328,-0.6841840067843908,-0.175975,-0.272696,0.056717,-0.944168,0.844841,-0.011125,-0.534903,0.203076,0.931632,0.301367,0.173171,1.186475,2.895396,-18.53814980922502,1.388779175823855,-37.3140840815162,-0.156422,-0.040191,-0.313853,0.935635,0.799762,-0.57473,0.173394,0.599877,0.754057,-0.267479,0.188065,1.240038,2.831942,-43.60915654048035,2.5139109635639567,-53.496276891594505,-0.340782,-0.148947,-0.410493,0.832573,0.61862,-0.582014,0.527796,0.785048,0.430726,-0.445168,M,BuildTutorial
48.452,0.140327,1.591389,2.713465,21.58626806140713,32.87077783938317,0.2405868612001263,-0.180195,-0.277551,0.051005,-0.942281,0.840728,0.003904,-0.541443,0.19615,0.929856,0.311276,0.171885,1.186316,2.897738,-18.13990039761791,1.048689272162035,-37.24835745015871,-0.152265,-0.041778,-0.313986,0.936207,0.799335,-0.575188,0.173845,0.600634,0.756457,-0.258868,0.18736,1.24045,2.834391,-43.31818147659833,2.121929654967862,-53.46940003420575,-0.337313,-0.150638,-0.411923,0.832975,0.615254,-0.584619,0.52885,0.787868,0.433079,-0.437843,M,BuildTutorial
48.485,0.136541,1.590521,2.713589,21.918986845659273,32.77489705817794,1.7390175262187006,-0.186574,-0.274186,0.039338,-0.942584,0.846549,0.028153,-0.531565,0.176471,0.927286,0.330151,0.169721,1.186747,2.899984,-17.884801692548642,0.5186272230493704,-37.23800294666842,-0.148732,-0.045391,-0.314723,0.936359,0.797778,-0.575885,0.178624,0.60289,0.757656,-0.249962,0.186098,1.241245,2.836888,-43.160118286181216,1.7580655534932996,-53.72839494094049,-0.334516,-0.153455,-0.41512,0.832002,0.608254,-0.588095,0.533078,0.793427,0.43155,-0.42923,M,BuildTutorial
48.517,0.131868,1.590336,2.714008,22.03175661134434,32.02618770006869,3.552616362332373,-0.191972,-0.264951,0.02344,-0.944669,0.858504,0.05744,-0.509581,0.146012,0.925195,0.350279,0.166701,1.188336,2.90203,-17.987318231111768,-0.1954869730373171,-37.20756407724461,-0.147619,-0.051468,-0.315352,0.936009,0.795808,-0.575149,0.189454,0.60554,0.757523,-0.243885,0.183688,1.24257,2.839207,-43.16244560945087,0.9698602483676672,-53.4884960255597,-0.332002,-0.158488,-0.415667,0.831792,0.604206,-0.58626,0.539662,0.796733,0.433991,-0.420557,M,BuildTutorial
48.552,0.126705,1.59072,2.714992,21.87266488248173,30.742872881490452,5.0155417937218685,-0.194144,-0.252008,0.008818,-0.94801,0.872828,0.081132,-0.481236,0.114571,0.924461,0.363656,0.162886,1.191186,2.903595,-18.635891397607704,-1.152731205520267,-36.758754159116165,-0.150516,-0.06047,-0.312677,0.935907,0.797153,-0.56707,0.207314,0.603477,0.759156,-0.243923,0.180609,1.244808,2.840356,-43.83048918388335,-0.1781343079642478,-52.97044253752867,-0.33342,-0.167741,-0.414259,0.830111,0.600505,-0.575905,0.554732,0.799618,0.434441,-0.414575,M,BuildTutorial
48.585,0.121602,1.591261,2.716189,21.56503122356852,29.337384366803036,5.686322139577053,-0.1931,-0.239475,0.000178,-0.951506,0.885303,0.092146,-0.455793,0.092824,0.925425,0.367386,0.158842,1.194863,2.904791,-19.56765517662644,-2.1046324874855733,-36.1401503441594,-0.155909,-0.069906,-0.308584,0.935725,0.799778,-0.555702,0.227048,0.599298,0.760936,-0.248633,0.17687,1.247622,2.840871,-44.78077734633391,-1.5632061341455206,-52.119788812268446,-0.336617,-0.178655,-0.410821,0.82825,0.598618,-0.560248,0.57252,0.800801,0.435831,-0.410815,M,BuildTutorial
48.618,0.116995,1.591484,2.717227,21.41900812078265,27.913501260183235,6.309763456476407,-0.193113,-0.226704,-0.007728,-0.954596,0.897092,0.102313,-0.429836,0.072804,0.925295,0.372194,0.1552,1.198874,2.90539,-20.46296308140024,-2.7536943999727455,-35.8828594560666,-0.161655,-0.077197,-0.307119,0.934658,0.799437,-0.549144,0.2436,0.599061,0.759091,-0.254767,0.173841,1.250719,2.84081,-45.64847653586422,-2.3762172462594826,-51.77836289719998,-0.340556,-0.186529,-0.409593,0.825508,0.594881,-0.549197,0.58694,0.803291,0.432511,-0.409461,M,BuildTutorial
48.651,0.112784,1.591216,2.718117,21.510539311267216,26.573259181894255,6.999821421556902,-0.195064,-0.214277,-0.015561,-0.956971,0.907686,0.113379,-0.404043,0.053812,0.923416,0.38001,0.152209,1.20256,2.905574,-21.22574510185193,-3.104349961903247,-36.13859729625453,-0.166767,-0.082414,-0.309492,0.932529,0.794845,-0.549734,0.256934,0.60471,0.752807,-0.260017,0.171598,1.253379,2.840612,-46.333806269694634,-2.5562962409386043,-52.07548901908863,-0.344392,-0.191076,-0.411351,0.821995,0.588561,-0.544646,0.597459,0.807866,0.42437,-0.408978,M,BuildTutorial
48.685,0.108897,1.590834,2.719199,21.7219842950212,25.24033818538595,7.678986518830543,-0.19783,-0.201779,-0.023097,-0.958966,0.917504,0.124135,-0.37786,0.035537,0.920659,0.388746,0.149782,1.205455,2.90574,-21.69997828730042,-3.2146561125714057,-36.74499867541797,-0.16989,-0.085452,-0.314448,0.930031,0.787641,-0.555858,0.265789,0.613928,0.74452,-0.262266,0.170052,1.255552,2.840652,-46.75028670014989,-2.376256219333449,-52.78464733973338,-0.34686,-0.193373,-0.415314,0.818419,0.580243,-0.545655,0.604631,0.813948,0.414405,-0.407134,M,BuildTutorial
48.718,0.105308,1.590604,2.720504,21.771365190084055,24.05014429917981,7.965414437674523,-0.19847,-0.191268,-0.027459,-0.960871,0.925325,0.12869,-0.356668,0.023153,0.919712,0.391911,0.147746,1.207114,2.905833,-21.985773338538465,-3.251042991948566,-37.21672528429497,-0.17176,-0.087214,-0.318243,0.928232,0.78223,-0.560847,0.271233,0.620766,0.73844,-0.263355,0.168736,1.256794,2.840492,-47.05305571237779,-2.0613271475507133,-53.43380640890038,-0.349085,-0.194164,-0.418558,0.815628,0.57422,-0.547215,0.608955,0.818334,0.405898,-0.40691,M,BuildTutorial
48.751,0.103178,1.59018,2.72189,21.838070477614092,23.187084070447103,8.15586362447777,-0.19912,-0.183634,-0.03043,-0.962135,0.930705,0.131686,-0.341242,0.014575,0.91885,0.394337,0.146147,1.208018,2.905701,-22.26841272532508,-3.368259977156601,-37.132751050938055,-0.173797,-0.088795,-0.317655,0.927904,0.782422,-0.558642,0.2752,0.620371,0.73778,-0.266121,0.16704,1.257267,2.839998,-47.380949530952535,-2.241897707079749,-53.38986639025884,-0.350852,-0.196473,-0.418326,0.814435,0.572803,-0.543534,0.61357,0.819265,0.403812,-0.407113,M,BuildTutorial
48.785,0.102127,1.590199,2.722609,21.87489291407761,22.33361810102662,8.698527502081035,-0.200029,-0.175484,-0.036409,-0.963259,0.935759,0.140346,-0.323508,6.2e-05,0.917326,0.398138,0.145124,1.207896,2.90539,-22.384473866147744,-3.387396149036128,-37.515722550937056,-0.174388,-0.089844,-0.320748,0.926627,0.778098,-0.563092,0.278373,0.625763,0.733419,-0.265551,0.166339,1.257237,2.839556,-47.51050562241773,-2.1287240700398313,-53.90102811873208,-0.351315,-0.197695,-0.42142,0.812342,0.566644,-0.545767,0.617295,0.823581,0.397966,-0.404151,M,BuildTutorial
48.818,0.10096,1.590241,2.723281,21.90456881851574,21.640766233412208,8.436317489122214,-0.199665,-0.170086,-0.03536,-0.964342,0.939641,0.136119,-0.313921,-0.000278,0.917768,0.397118,0.144406,1.206928,2.90508,-22.245713127448717,-3.4528442607850716,-37.69123022953113,-0.17294,-0.090263,-0.322308,0.926316,0.77594,-0.565898,0.278704,0.628339,0.732419,-0.262208,0.165614,1.255879,2.839835,-47.29351556108216,-1.9801412254869175,-54.02485858797093,-0.350098,-0.196246,-0.422161,0.812834,0.566535,-0.548883,0.614626,0.823704,0.398423,-0.403448,M,BuildTutorial
48.851,0.100313,1.590298,2.723823,21.763667086737215,21.33438049019285,8.327258365484015,-0.19823,-0.167826,-0.035215,-0.965039,0.941189,0.134505,-0.309955,-0.001432,0.918929,0.39442,0.14424,1.204762,2.905085,-21.722879043866065,-3.4682808522775734,-37.69554285073449,-0.168648,-0.088973,-0.322519,0.927159,0.776131,-0.568042,0.273769,0.628062,0.73508,-0.255335,0.165672,1.254815,2.840181,-46.8864735814959,-2.022477065160389,-54.08997967920808,-0.346919,-0.195287,-0.423346,0.813811,0.565282,-0.55355,0.611587,0.824545,0.40085,-0.399305,M,BuildTutorial
48.885,0.099227,1.590242,2.724497,21.730550072350592,21.142225004212506,8.473484454859362,-0.198105,-0.165985,-0.036835,-0.965322,0.942185,0.13688,-0.305863,-0.005351,0.918796,0.394697,0.144309,1.20246,2.905219,-21.28228859422783,-3.5563283174871745,-37.512314020020455,-0.164961,-0.088223,-0.321285,0.928321,0.777986,-0.567404,0.269798,0.625618,0.739128,-0.249584,0.165869,1.253259,2.840483,-46.52981729529901,-2.1570972626573197,-54.00146395901412,-0.344017,-0.194699,-0.423637,0.815032,0.565249,-0.556595,0.608848,0.824514,0.404368,-0.395807,M,BuildTutorial
48.918,0.098275,1.59019,2.725225,21.621707477663612,21.16113007344272,8.99184271432114,-0.197949,-0.165351,-0.041353,-0.96528,0.941898,0.145296,-0.302849,-0.014372,0.918213,0.395827,0.144885,1.200473,2.905418,-20.987050396638026,-3.5693458741419404,-37.390073618368845,-0.162616,-0.087355,-0.32039,0.929126,0.779439,-0.566955,0.266529,0.623776,0.741812,-0.246207,0.166504,1.251693,2.840743,-46.244129986392515,-2.206461875596336,-53.84203693294088,-0.342054,-0.193551,-0.423056,0.816432,0.567124,-0.558384,0.605457,0.823202,0.408046,-0.394762,M,BuildTutorial
48.951,0.097471,1.590101,2.725819,21.7307653600684,21.109986645010338,9.65609089829759,-0.199796,-0.16366,-0.046851,-0.964936,0.942041,0.155813,-0.297122,-0.025018,0.915773,0.400916,0.146022,1.198971,2.905767,-20.787928830232534,-3.49529731782635,-37.29965534622106,-0.16127,-0.086089,-0.319603,0.92975,0.780886,-0.566534,0.263168,0.622068,0.743692,-0.244853,0.167206,1.250309,2.841297,-46.01706308274892,-2.2760509390499113,-53.5602005971715,-0.340639,-0.192398,-0.421572,0.818062,0.57052,-0.558667,0.601995,0.82082,0.412485,-0.395108,M,BuildTutorial
48.985,0.096798,1.589999,2.726444,21.753338043914404,20.8815177909357,10.195226788361218,-0.20065,-0.160771,-0.051752,-0.964995,0.942949,0.164397,-0.289518,-0.035363,0.914123,0.403892,0.147567,1.198021,2.905923,-20.67257819050963,-3.3255748489664145,-37.16053627831412,-0.160906,-0.084205,-0.318265,0.930444,0.783234,-0.565158,0.259117,0.619354,0.745633,-0.245829,0.168365,1.249435,2.841552,-45.90260131267634,-2.1505409737097976,-53.40864108538219,-0.340529,-0.190644,-0.420276,0.819185,0.574047,-0.558727,0.598577,0.818406,0.414817,-0.397666,M,BuildTutorial
49.018,0.095876,1.590331,2.727348,21.77455916861883,20.523285101459525,10.714131655953905,-0.201377,-0.156821,-0.056715,-0.965214,0.944381,0.172644,-0.27989,-0.046323,0.912461,0.406532,0.149478,1.197522,2.906277,-20.563105053067243,-3.089411711961508,-37.02842644239259,-0.160764,-0.081807,-0.31689,0.931152,0.785777,-0.563842,0.254238,0.616448,0.747472,-0.247543,0.169769,1.249139,2.841918,-45.85268092139853,-1.9687625333210657,-53.36948041392452,-0.3409,-0.18905,-0.419525,0.819784,0.576518,-0.558945,0.595992,0.816734,0.415572,-0.400307,M,BuildTutorial
49.052,0.094822,1.591019,2.728554,21.533694737778625,20.06687721658251,10.665619749845488,-0.199067,-0.153318,-0.057502,-0.966209,0.946374,0.172159,-0.27338,-0.050077,0.914132,0.402312,0.151572,1.197693,2.906632,-20.62806546917583,-2.767567560192852,-37.13502381140808,-0.162109,-0.079517,-0.317284,0.930983,0.786017,-0.56499,0.250927,0.616552,0.746104,-0.251382,0.171325,1.249228,2.842256,-45.843342257380975,-1.68717820291261,-53.26632735021446,-0.342031,-0.186694,-0.417961,0.820652,0.580908,-0.558291,0.592332,0.813711,0.416647,-0.405315,M,BuildTutorial
49.085,0.09398,1.592101,2.729984,21.022650389840216,19.692282630746295,10.729335316984471,-0.194675,-0.150592,-0.059512,-0.96741,0.947561,0.173779,-0.268198,-0.056512,0.91712,0.394586,0.153614,1.198258,2.907047,-20.715502517543136,-2.410374488858003,-37.23723297232098,-0.163741,-0.076997,-0.317579,0.930809,0.786431,-0.565995,0.247339,0.616424,0.744666,-0.255918,0.173045,1.249533,2.842623,-45.883352934638374,-1.2592470369562427,-53.40436278805481,-0.343656,-0.184185,-0.417612,0.820718,0.583353,-0.558891,0.589356,0.812075,0.415003,-0.410253,M,BuildTutorial
49.118,0.093437,1.593405,2.731297,20.32529061672721,19.468287488846553,10.784715871859436,-0.188773,-0.149345,-0.061469,-0.96865,0.947835,0.175468,-0.266119,-0.062699,0.921173,0.38407,0.15577,1.198859,2.907346,-20.779936767114744,-2.057375687625268,-37.29892134618453,-0.165203,-0.074393,-0.317551,0.930771,0.787254,-0.566555,0.243406,0.615715,0.743738,-0.260286,0.17469,1.249955,2.842781,-45.93983669665398,-0.9017563980212074,-53.4447692569832,-0.345299,-0.181948,-0.416744,0.820968,0.586439,-0.558614,0.586549,0.80992,0.414186,-0.415307,M,BuildTutorial
49.151,0.093116,1.594604,2.732224,19.62529213303797,19.24547136109423,11.196603912447875,-0.183296,-0.147537,-0.066421,-0.969651,0.947642,0.182896,-0.26177,-0.074724,0.923981,0.375066,0.157363,1.199401,2.907658,-20.899943823362825,-1.78951675848726,-37.28885359425264,-0.166928,-0.072529,-0.317037,0.930786,0.788454,-0.565973,0.240862,0.614402,0.743245,-0.26476,0.176018,1.250355,2.842854,-46.04131780201376,-0.6968884931244905,-53.380456037242155,-0.346874,-0.18065,-0.415514,0.821214,0.589427,-0.557127,0.584966,0.807777,0.414053,-0.41959,M,BuildTutorial
49.185,0.092616,1.595855,2.733098,18.64715245339351,18.91209495179252,12.04815388794101,-0.17594,-0.144454,-0.075683,-0.970799,0.94681,0.197776,-0.253841,-0.096115,0.926635,0.36347,0.158527,1.199733,2.907948,-20.969246273982343,-1.6344810666867593,-37.34602320755808,-0.167885,-0.071542,-0.317248,0.930618,0.788471,-0.566452,0.239678,0.614496,0.742336,-0.267081,0.177075,1.250671,2.843094,-46.086064718364554,-0.494264062924044,-53.46368330117744,-0.347799,-0.179611,-0.415429,0.821093,0.590317,-0.557276,0.583926,0.807149,0.412909,-0.42192,M,BuildTutorial
49.218,0.092366,1.598039,2.734289,17.396970808159583,18.601438836411685,12.586237095197449,-0.165859,-0.142435,-0.082635,-0.972304,0.945768,0.207941,-0.249568,-0.113445,0.931325,0.34607,0.159444,1.199739,2.908178,-20.947117154468163,-1.576621853032836,-37.22673159622866,-0.167939,-0.070837,-0.316203,0.931018,0.789995,-0.564989,0.238107,0.612575,0.743624,-0.26791,0.177648,1.250869,2.843499,-46.029182272960945,-0.5155637487413838,-53.258874344398265,-0.347634,-0.178938,-0.414111,0.821976,0.592987,-0.556369,0.582083,0.805188,0.415325,-0.423294,M,BuildTutorial
49.252,0.091591,1.600794,2.735818,15.76481491441329,17.978526628226952,12.332390589245394,-0.151297,-0.139328,-0.083787,-0.975027,0.947135,0.205549,-0.246344,-0.121229,0.940178,0.318384,0.160109,1.199503,2.9082,-20.932376301245117,-1.5198357884766556,-37.097443001462494,-0.168055,-0.070146,-0.315075,0.931432,0.791615,-0.563365,0.236572,0.610519,0.74497,-0.268862,0.177906,1.250635,2.843585,-46.037909692391665,-0.5244443104817612,-53.15673350715507,-0.347824,-0.178723,-0.413392,0.822304,0.594331,-0.555539,0.581504,0.804196,0.416251,-0.424269,M,BuildTutorial
49.285,0.090819,1.603637,2.736863,14.246729408428116,17.07439314059965,12.368330511435946,-0.137787,-0.133238,-0.087407,-0.97756,0.949216,0.207607,-0.236409,-0.134173,0.94675,0.292681,0.160583,1.19894,2.908157,-20.89022460735079,-1.5334192096029506,-37.02284953908748,-0.16772,-0.070033,-0.314505,0.931693,0.792364,-0.562552,0.235996,0.609536,0.745913,-0.268476,0.178229,1.250062,2.843623,-45.95701903322221,-0.5931783635408487,-52.945871950587936,-0.347323,-0.178288,-0.412207,0.823205,0.596598,-0.554814,0.579873,0.802508,0.418905,-0.424852,M,BuildTutorial
49.317,0.090209,1.606444,2.737701,12.85950371374083,16.162980075078586,12.311080731915164,-0.125213,-0.127003,-0.089843,-0.979857,0.951597,0.207872,-0.226391,-0.144262,0.9525,0.268203,0.160935,1.198037,2.90825,-20.751074248659737,-1.473851856100552,-36.90040726824098,-0.166824,-0.068994,-0.313477,0.932278,0.793944,-0.561476,0.233234,0.607516,0.747803,-0.267796,0.178497,1.249332,2.843703,-45.82718298832171,-0.5969072578434654,-52.79978610822367,-0.346601,-0.17741,-0.41136,0.824122,0.598617,-0.555041,0.57757,0.801002,0.421301,-0.425324,M,BuildTutorial
49.351,0.089048,1.609452,2.737935,11.768711662113787,15.497370586046449,10.95858405013374,-0.113927,-0.123805,-0.080356,-0.982464,0.95643,0.186103,-0.224959,-0.129684,0.961127,0.243755,0.161312,1.196797,2.908268,-20.473154233227547,-1.3914488026040173,-37.039895281176406,-0.164702,-0.067774,-0.314602,0.932366,0.792864,-0.564324,0.230011,0.608973,0.747798,-0.264481,0.179548,1.248685,2.843622,-45.61622262513047,-0.4290636840610859,-53.06786171602331,-0.345271,-0.176259,-0.413093,0.82406,0.596573,-0.559113,0.575754,0.802541,0.420283,-0.423426,M,BuildTutorial
49.385,0.088363,1.611165,2.737859,10.88807997472744,15.500951732469757,9.766684045645254,-0.105094,-0.125761,-0.071221,-0.983904,0.958224,0.166582,-0.232503,-0.113715,0.967766,0.224718,0.161484,1.195513,2.908336,-20.22490813719439,-1.3258785737993684,-37.05858576597867,-0.162848,-0.066594,-0.314758,0.932724,0.792986,-0.565475,0.226742,0.608853,0.748816,-0.261862,0.179674,1.247596,2.843798,-45.36356457579101,-0.2722317382063702,-53.164348112728035,-0.343869,-0.174514,-0.413691,0.824717,0.596809,-0.562337,0.57236,0.802377,0.421227,-0.4228,M,BuildTutorial
49.417,0.088186,1.612217,2.737679,10.292893032636613,15.62649592644912,10.240555716659433,-0.100598,-0.126925,-0.075916,-0.983873,0.956254,0.174921,-0.234482,-0.123847,0.968233,0.217223,0.16151,1.194268,2.908475,-20.116435678088504,-1.253255262219772,-37.10776457383319,-0.162135,-0.065778,-0.315098,0.932791,0.792774,-0.566511,0.224891,0.60917,0.748852,-0.261023,0.179416,1.246315,2.844085,-45.20567521733317,-0.2773841325061457,-53.06130671577299,-0.342869,-0.173675,-0.413199,0.825557,0.598207,-0.563143,0.570104,0.801334,0.423415,-0.422591,M,BuildTutorial
49.451,0.087928,1.612521,2.737516,10.153380166895127,15.767999784990652,10.73310940823732,-0.100047,-0.127833,-0.080195,-0.983472,0.954455,0.183318,-0.235395,-0.13216,0.967119,0.217291,0.161364,1.192915,2.908593,-19.881431588626075,-1.1854490493660603,-37.099982303939086,-0.16041,-0.064576,-0.315032,0.933195,0.79317,-0.567255,0.221593,0.608689,0.750048,-0.258701,0.179046,1.245234,2.844537,-44.97093003702246,-0.1850639908980602,-53.09088367024261,-0.341464,-0.172254,-0.413484,0.826294,0.598718,-0.565682,0.567046,0.800956,0.424866,-0.42185,M,BuildTutorial
49.485,0.08799,1.612376,2.737394,10.327956616607702,16.14993489267784,11.125891522625851,-0.102256,-0.130601,-0.083005,-0.982648,0.952108,0.189838,-0.239693,-0.136419,0.965308,0.222645,0.160568,1.191724,2.908994,-19.523459023087653,-1.3136741639308067,-37.19339969636667,-0.157085,-0.064775,-0.316109,0.933383,0.791759,-0.569751,0.220231,0.610452,0.750799,-0.252289,0.178488,1.244473,2.84527,-44.6464316584497,-0.2134421058479658,-53.20095821380694,-0.338854,-0.171616,-0.414841,0.826821,0.59691,-0.569693,0.564933,0.802304,0.426169,-0.417957,M,BuildTutorial
49.518,0.088018,1.612026,2.737298,10.498825145641192,16.636959398727154,11.289052838057945,-0.10426,-0.134466,-0.083741,-0.981854,0.949813,0.192481,-0.246589,-0.136404,0.964235,0.227256,0.159606,1.191287,2.909127,-19.435938485162175,-1.5303164361982975,-36.97713957769561,-0.155898,-0.066007,-0.314675,0.93398,0.793246,-0.567219,0.221413,0.608381,0.753351,-0.24967,0.177647,1.244045,2.845686,-44.51420151184906,-0.432052440318142,-53.03124678256469,-0.337362,-0.172217,-0.414454,0.8275,0.597139,-0.569723,0.56466,0.80212,0.42883,-0.415583,M,BuildTutorial
49.551,0.088232,1.611727,2.737294,10.582380773875965,16.942932072665908,11.677766036159632,-0.105661,-0.136649,-0.086678,-0.981147,0.947628,0.198964,-0.249828,-0.14121,0.962645,0.231028,0.158663,1.191617,2.909049,-19.599114554515012,-1.744763917071294,-36.94990156202097,-0.156657,-0.068159,-0.314688,0.933694,0.792651,-0.566289,0.225876,0.609,0.75286,-0.249642,0.176693,1.24425,2.84546,-44.68552191081742,-0.791200410780454,-52.87034940337283,-0.337547,-0.17495,-0.414104,0.827027,0.595822,-0.566842,0.568935,0.803057,0.42916,-0.413427,M,BuildTutorial
49.585,0.088475,1.611647,2.73732,10.620060581107731,17.160146236336654,11.699505570013374,-0.106173,-0.138451,-0.086612,-0.980845,0.946659,0.199306,-0.253207,-0.140507,0.962451,0.232261,0.157774,1.192541,2.908828,-19.893446251283677,-1.9806630214519017,-36.73766101308835,-0.158542,-0.070582,-0.313183,0.933702,0.793869,-0.562459,0.231111,0.60722,0.753562,-0.251852,0.175719,1.24482,2.845347,-44.89674929128348,-1.1467623025875946,-52.51018172449684,-0.338348,-0.177205,-0.412254,0.827143,0.597291,-0.562072,0.572118,0.801899,0.431135,-0.413618,M,BuildTutorial
49.617,0.088634,1.611808,2.737331,10.655160931376454,17.349683827861625,11.441424244070356,-0.1063,-0.140278,-0.084179,-0.980784,0.946472,0.194946,-0.257269,-0.1353,0.963228,0.232132,0.15688,1.193407,2.908828,-20.053387620112662,-2.1373022473939183,-36.496933047825166,-0.159571,-0.071952,-0.311386,0.934023,0.795723,-0.558721,0.233786,0.604646,0.755151,-0.253277,0.174849,1.245496,2.845206,-45.0418096855976,-1.4392099042153494,-52.18961374515401,-0.338848,-0.17888,-0.410602,0.827399,0.598815,-0.558238,0.574274,0.80069,0.433175,-0.413829,M,BuildTutorial
49.651,0.088623,1.612158,2.73738,10.624655462204336,17.4399722748343,11.18992489149581,-0.105796,-0.141313,-0.081985,-0.980875,0.946618,0.190734,-0.259873,-0.130933,0.964172,0.230716,0.156603,1.19418,2.908807,-20.151803907531647,-2.1603476991712887,-36.792389710807875,-0.160125,-0.072815,-0.313793,0.933055,0.792463,-0.562254,0.236373,0.608892,0.751788,-0.253112,0.174949,1.246227,2.844954,-45.20497964055462,-1.303912859283658,-52.71221066464711,-0.339699,-0.180027,-0.413743,0.825235,0.592814,-0.560561,0.578224,0.80518,0.426843,-0.411692,M,BuildTutorial
49.684,0.08896,1.612656,2.737452,10.366404675703787,17.55006473192698,11.153363374324654,-0.103625,-0.142536,-0.081931,-0.980935,0.945942,0.19028,-0.262656,-0.131198,0.965098,0.226655,0.156432,1.19473,2.908848,-20.24103190004781,-2.168847252718835,-37.00646952824288,-0.160693,-0.073424,-0.315518,0.932328,0.790115,-0.564734,0.238313,0.611929,0.749253,-0.253305,0.175063,1.246296,2.845111,-45.1446640443247,-1.197099364230653,-52.75245391560219,-0.339585,-0.179163,-0.413801,0.82544,0.593339,-0.561454,0.576818,0.804818,0.426902,-0.412339,M,BuildTutorial
49.718,0.089124,1.613315,2.737375,10.294217445129291,17.664073629596366,11.015141369997488,-0.102917,-0.143705,-0.080746,-0.980937,0.945658,0.187993,-0.26531,-0.128835,0.965776,0.225117,0.156685,1.194487,2.909182,-20.185460800329455,-2.046388337538584,-36.89048382057724,-0.16065,-0.072115,-0.314421,0.932808,0.791878,-0.563418,0.235561,0.609759,0.750663,-0.254362,0.175088,1.246204,2.845346,-45.15238555672078,-1.1321235918358985,-52.70783729276959,-0.339945,-0.17859,-0.413276,0.825679,0.594616,-0.561045,0.575899,0.803889,0.42728,-0.413757,M,BuildTutorial
49.751,0.089395,1.61381,2.737286,10.18818378757935,17.967491863715328,10.580122627627915,-0.101669,-0.146789,-0.076901,-0.980919,0.945079,0.180714,-0.272339,-0.121019,0.9675,0.222034,0.157112,1.193781,2.909653,-19.947085905833507,-1.9118040754515269,-36.824158884833295,-0.159115,-0.070285,-0.313774,0.933428,0.793212,-0.563404,0.231065,0.608138,0.752457,-0.252938,0.175133,1.245997,2.845854,-45.004469735863985,-1.0614017446980724,-52.74320587623586,-0.339075,-0.17766,-0.413531,0.82611,0.594858,-0.562763,0.57397,0.803724,0.42804,-0.413291,M,BuildTutorial
49.785,0.08981,1.614378,2.737229,10.21448067358154,18.113691088389302,10.727638415810397,-0.102182,-0.147885,-0.077996,-0.980615,0.944094,0.183189,-0.274096,-0.122745,0.966951,0.223471,0.15736,1.192965,2.910188,-19.70355134743376,-1.9140595856286975,-37.00945232942143,-0.157008,-0.069902,-0.315369,0.933276,0.791313,-0.566702,0.229508,0.610603,0.751782,-0.248974,0.17568,1.2453,2.846615,-44.76248901928845,-0.953721699515244,-52.90180543552683,-0.337468,-0.17649,-0.4147,0.826433,0.59375,-0.566324,0.57161,0.804563,0.428279,-0.411408,M,BuildTutorial
49.818,0.090427,1.615476,2.737597,9.954235381031856,18.090201705124496,10.76438761380213,-0.099992,-0.147892,-0.078704,-0.980783,0.943867,0.18396,-0.274361,-0.124808,0.967614,0.219421,0.157753,1.192334,2.910355,-19.65245682168613,-2.0248176818469688,-36.71053828094174,-0.15647,-0.070258,-0.313102,0.934103,0.794062,-0.562953,0.22924,0.606926,0.754968,-0.248323,0.175942,1.244855,2.846983,-44.70209250669432,-1.125693253060148,-52.62684217801512,-0.336833,-0.176707,-0.413307,0.827343,0.595904,-0.564852,0.570825,0.802934,0.431442,-0.411284,M,BuildTutorial
49.851,0.091261,1.616331,2.738282,9.671204239178754,18.297147437292043,10.555669000920584,-0.097445,-0.150102,-0.077146,-0.980827,0.943036,0.180587,-0.279414,-0.12208,0.969106,0.214314,0.1586,1.191745,2.910689,-19.606133437124168,-1.9747705259470163,-36.5135008614542,-0.156348,-0.069457,-0.311442,0.934738,0.796359,-0.560515,0.227234,0.603952,0.757118,-0.249025,0.176086,1.244526,2.847477,-44.63958698411299,-1.3313105564974528,-52.170246161370194,-0.336344,-0.176631,-0.410698,0.828856,0.600258,-0.562001,0.569074,0.799636,0.4364,-0.412478,M,BuildTutorial
49.885,0.092261,1.616795,2.738896,9.596841008132186,18.68729464809964,10.161542767541553,-0.096544,-0.153841,-0.073551,-0.980613,0.941846,0.173955,-0.287515,-0.114545,0.970539,0.211975,0.160088,1.191266,2.910695,-19.47894552643023,-1.6931698108465476,-36.59812104042264,-0.156024,-0.066935,-0.311791,0.93486,0.796612,-0.562075,0.222443,0.603849,0.756885,-0.249982,0.177346,1.244267,2.847729,-44.50776676656817,-0.9127924129755832,-52.461398039574966,-0.336443,-0.173993,-0.411758,0.828847,0.600363,-0.565492,0.565494,0.799647,0.434523,-0.414434,M,BuildTutorial
49.917,0.093184,1.616942,2.739625,9.565490630326952,19.065195687759015,9.794560406233131,-0.096015,-0.15741,-0.07014,-0.980349,0.940605,0.16775,-0.295164,-0.107295,0.971723,0.210338,0.162092,1.190435,2.910705,-19.26625961018106,-1.248558762331745,-37.05164164101334,-0.155245,-0.063351,-0.314962,0.934176,0.793571,-0.56879,0.216154,0.60813,0.753395,-0.250147,0.179064,1.243453,2.848077,-44.228219249763626,-0.2632550909202122,-52.89512790720542,-0.336105,-0.169569,-0.413388,0.82909,0.600713,-0.571485,0.55906,0.799458,0.432287,-0.417127,M,BuildTutorial
49.951,0.09387,1.617075,2.740844,9.433349412136018,19.358252516573963,9.625875213684484,-0.094831,-0.160169,-0.068652,-0.980122,0.939266,0.164953,-0.30095,-0.104197,0.972588,0.207883,0.163902,1.189257,2.910958,-19.083223844802554,-0.9634633724113236,-36.77640507182892,-0.154679,-0.060157,-0.312401,0.93534,0.797574,-0.565792,0.209178,0.603012,0.75696,-0.25177,0.180211,1.242416,2.848439,-43.9949863872403,-0.1055549336941397,-52.50501678724968,-0.335553,-0.166447,-0.410436,0.83141,0.607676,-0.570777,0.552217,0.794184,0.437894,-0.421332,M,BuildTutorial
49.984,0.094289,1.616661,2.741931,9.498768525089805,19.77978827825357,9.382616253254582,-0.095293,-0.163921,-0.066122,-0.979631,0.937516,0.160791,-0.308562,-0.098309,0.973094,0.208381,0.165533,1.187584,2.911111,-18.795089062673068,-0.7629774037236101,-36.415539507909514,-0.153052,-0.057259,-0.309296,0.93682,0.802115,-0.561982,0.201961,0.597037,0.761822,-0.251345,0.180954,1.241205,2.848679,-43.78807399435336,-0.1791206519461149,-52.09687657573838,-0.334377,-0.165051,-0.407982,0.833368,0.612619,-0.569619,0.547935,0.790376,0.443486,-0.422643,M,BuildTutorial
50.018,0.094257,1.615265,2.742493,10.046130892969543,20.280924626360783,9.118019644353405,-0.099857,-0.16798,-0.062577,-0.978721,0.935734,0.156039,-0.316313,-0.088943,0.972225,0.216488,0.166847,1.185801,2.911182,-18.4008865566351,-0.6234048987658893,-36.313278696037464,-0.150252,-0.054926,-0.308429,0.937699,0.803709,-0.561922,0.195692,0.594933,0.764591,-0.247901,0.182015,1.23991,2.849216,-43.35653848018581,-0.059862749525147,-51.94025045825994,-0.331881,-0.162195,-0.407104,0.835352,0.615917,-0.572492,0.541201,0.787811,0.448242,-0.422414,M,BuildTutorial
50.051,0.093706,1.614112,2.742871,10.657453370098327,20.55207556503086,9.063871716070192,-0.105129,-0.169844,-0.060896,-0.977953,0.934889,0.154817,-0.319396,-0.083395,0.970479,0.226308,0.167397,1.184265,2.911563,-17.983123775200863,-0.6235812649413077,-36.18090599826742,-0.146892,-0.053639,-0.307506,0.938608,0.805125,-0.561498,0.191032,0.593014,0.767725,-0.24276,0.182462,1.238782,2.850036,-42.90297784278602,-0.1755460941506281,-51.60196439059997,-0.328635,-0.160459,-0.4056,0.8377,0.619483,-0.574077,0.535422,0.785007,0.454976,-0.42043,M,BuildTutorial
50.084,0.092757,1.61379,2.743245,10.865693057015047,20.61968612507317,9.087435516385192,-0.106972,-0.170228,-0.060699,-0.977699,0.934676,0.15511,-0.319878,-0.082272,0.969745,0.229838,0.167252,1.183107,2.91212,-17.799966379344774,-0.8849846485632747,-35.82267138022439,-0.144861,-0.054839,-0.30497,0.939682,0.807972,-0.557261,0.191418,0.589037,0.772018,-0.238798,0.182176,1.237905,2.850469,-42.82124467291762,-0.6420895554360156,-51.24042348463331,-0.326897,-0.16255,-0.404401,0.838556,0.620074,-0.571952,0.537009,0.7845,0.459196,-0.416772,M,BuildTutorial
50.118,0.091203,1.613551,2.743144,11.256470646892938,20.457850591124913,8.958681534521554,-0.110022,-0.168648,-0.059125,-0.977731,0.936124,0.152727,-0.316775,-0.078507,0.968799,0.235087,0.166329,1.182663,2.912533,-17.929822798174563,-1.2887746347181956,-35.20769781601237,-0.145163,-0.057714,-0.300391,0.940937,0.812868,-0.548543,0.195821,0.582054,0.777386,-0.238505,0.181202,1.237391,2.850782,-42.87023335827829,-1.3050963955804606,-50.4973506782361,-0.325991,-0.165459,-0.400783,0.840075,0.623993,-0.565499,0.539299,0.781252,0.466206,-0.415088,M,BuildTutorial
50.15,0.08928,1.613505,2.743225,11.576522854818489,19.96612618815462,8.630132852589677,-0.112021,-0.164511,-0.05629,-0.978376,0.939535,0.147002,-0.309297,-0.073288,0.968566,0.237718,0.165544,1.182195,2.912955,-17.91128165668496,-1.4421257222001662,-35.212373735604494,-0.144606,-0.058931,-0.300629,0.940871,0.812298,-0.548663,0.197838,0.58275,0.777422,-0.236679,0.180403,1.237164,2.851283,-42.87730029043057,-1.559140824724964,-50.327117308480126,-0.325402,-0.166862,-0.400248,0.840281,0.623918,-0.564047,0.540904,0.781236,0.467831,-0.413286,M,BuildTutorial
50.184,0.087062,1.613027,2.743568,11.944382857071876,19.258756855465386,8.3538942306714,-0.114425,-0.158453,-0.054063,-0.979223,0.94394,0.142141,-0.29795,-0.069617,0.967969,0.241227,0.164544,1.18197,2.913698,-17.732681606106976,-1.390003057702913,-35.63567015390756,-0.143059,-0.058569,-0.304093,0.940017,0.808195,-0.554947,0.197117,0.588462,0.774124,-0.233335,0.180292,1.236864,2.852359,-42.66541706577965,-1.172801514557481,-51.03392891595015,-0.324175,-0.165305,-0.404602,0.838977,0.617943,-0.571728,0.539698,0.786079,0.462415,-0.410185,M,BuildTutorial
50.218,0.084538,1.611887,2.744049,12.562096434912917,18.271674988892144,8.268015321926365,-0.119114,-0.149625,-0.053422,-0.980087,0.949517,0.140362,-0.280565,-0.069072,0.965916,0.24947,0.163175,1.181645,2.914654,-17.62368236640714,-1.4034298419499676,-35.90570596549465,-0.14199,-0.058728,-0.306358,0.939433,0.805392,-0.558928,0.197341,0.592283,0.771967,-0.230797,0.179278,1.236475,2.853491,-42.49265061519897,-0.9832621777025298,-51.31383889683038,-0.323174,-0.164106,-0.40634,0.838758,0.615914,-0.575572,0.537928,0.787712,0.460892,-0.408765,M,BuildTutorial
50.251,0.081683,1.609561,2.744412,13.778016773626836,17.256331697102897,8.14512459395506,-0.128867,-0.14014,-0.05176,-0.980344,0.955363,0.137604,-0.261431,-0.065366,0.961429,0.267175,0.161457,1.181129,2.915731,-17.40499447323612,-1.6214545708503207,-35.701522071281666,-0.139718,-0.059689,-0.305017,0.940149,0.806804,-0.556843,0.197466,0.590202,0.774887,-0.2263,0.17767,1.236205,2.85465,-42.310681741047695,-1.3186979258349658,-51.09719344434467,-0.320959,-0.165319,-0.405931,0.839568,0.61578,-0.575492,0.538168,0.787735,0.464411,-0.404718,M,BuildTutorial
50.283,0.078211,1.605399,2.744246,16.036677947086094,16.368846232539887,7.738379002283389,-0.147267,-0.13133,-0.046326,-0.979244,0.961213,0.129411,-0.243564,-0.052048,0.952332,0.300589,0.159492,1.180992,2.916365,-17.318781167807877,-2.034818412216982,-35.57276451124572,-0.137979,-0.062699,-0.304485,0.940383,0.806715,-0.555363,0.201948,0.589968,0.776501,-0.221325,0.175793,1.236223,2.855365,-42.28796813168852,-1.8906764350215923,-50.92007072001856,-0.319023,-0.168936,-0.406259,0.839427,0.612828,-0.574261,0.542831,0.789839,0.466355,-0.398331,M,BuildTutorial
50.317,0.07439,1.599565,2.743309,19.083344951166747,15.484165447027326,6.872123612614961,-0.171921,-0.122767,-0.036276,-0.976758,0.967225,0.113077,-0.227354,-0.028653,0.938254,0.344758,0.157484,1.180974,2.916675,-17.267394652855433,-2.406332110329323,-35.475956651944976,-0.136624,-0.065498,-0.304148,0.940499,0.806409,-0.554204,0.206309,0.589998,0.777656,-0.217148,0.17403,1.23617,2.856023,-42.14122984800418,-2.3121829987748876,-50.71068052817634,-0.316757,-0.170939,-0.406072,0.83997,0.61177,-0.573885,0.54442,0.79047,0.46954,-0.393306,M,BuildTutorial
50.351,0.070224,1.593991,2.742717,21.844965567952364,14.521876235036478,5.6648690670654,-0.193864,-0.114659,-0.024212,-0.974004,0.972534,0.091623,-0.213969,-0.00271,0.923661,0.383201,0.15537,1.180584,2.916982,-16.948331581956094,-2.7399171828973876,-35.461007902550634,-0.133122,-0.067389,-0.304485,0.940758,0.805495,-0.554952,0.207861,0.590836,0.779135,-0.209433,0.172552,1.236193,2.856798,-41.831862585633495,-2.5868874203588725,-50.72496615055906,-0.313475,-0.171932,-0.407298,0.840406,0.609096,-0.576798,0.54434,0.792383,0.471683,-0.386838,M,BuildTutorial
50.384,0.066031,1.589253,2.742647,23.898307832258983,13.526743684193946,4.724498827101958,-0.210177,-0.106645,-0.015681,-0.971703,0.976762,0.075303,-0.200662,0.014354,0.911159,0.411804,0.152938,1.179881,2.917303,-16.485684462149365,-3.205984634526669,-35.47948929206171,-0.128063,-0.070035,-0.305248,0.94102,0.803837,-0.556552,0.20999,0.592427,0.780847,-0.198263,0.170748,1.235864,2.85747,-41.37451998642861,-3.0865314609076964,-50.678638220525855,-0.30838,-0.173907,-0.408837,0.841137,0.605218,-0.580517,0.544712,0.795034,0.475509,-0.37658,M,BuildTutorial
50.418,0.061935,1.585656,2.742697,25.289501633878302,12.516063193472345,3.745747435775835,-0.220961,-0.099194,-0.00785,-0.970194,0.980198,0.059068,-0.189005,0.028604,0.902229,0.430307,0.149845,1.179357,2.91736,-16.212946517701994,-4.012601912062696,-35.142451367374974,-0.123888,-0.075587,-0.303398,0.941748,0.804473,-0.552719,0.217542,0.590176,0.785203,-0.187477,0.168138,1.23572,2.858146,-41.04297741825087,-3.957572524099259,-50.30737840121037,-0.303381,-0.178187,-0.408794,0.842079,0.602274,-0.580357,0.548135,0.79659,0.481695,-0.365259,M,BuildTutorial
50.452,0.05816,1.583491,2.74252,26.173443440856666,11.642902290337837,2.9004079522930364,-0.227686,-0.093062,-0.001565,-0.969276,0.982674,0.045411,-0.179694,0.039345,0.896313,0.441673,0.146464,1.178877,2.917486,-15.867504037365814,-4.898243155148309,-34.54022164642073,-0.11912,-0.081355,-0.299399,0.943161,0.807484,-0.54538,0.224791,0.584144,0.792342,-0.175984,0.164696,1.235916,2.85892,-40.66547043674217,-5.2230153090048566,-49.47756646473226,-0.297375,-0.184063,-0.406378,0.844124,0.601955,-0.576595,0.552438,0.795539,0.49285,-0.352444,M,BuildTutorial
50.484,0.054845,1.581718,2.741682,26.971255832405333,10.873933261941469,2.4039943057859516,-0.234034,-0.087248,0.001784,-0.968304,0.984769,0.037383,-0.1698,0.044293,0.89045,0.45292,0.143462,1.179016,2.917391,-15.74014019101813,-5.633138065643913,-34.17790008344739,-0.11642,-0.086715,-0.297168,0.943726,0.808344,-0.540699,0.232864,0.58108,0.796276,-0.168199,0.162042,1.236223,2.859069,-40.541843073001374,-6.189393986803254,-49.0289210138683,-0.293756,-0.189622,-0.405675,0.844499,0.598943,-0.573778,0.558611,0.796589,0.498271,-0.342304,M,BuildTutorial
50.517,0.052486,1.580718,2.741135,27.30090382613212,10.299398385391507,2.1939592114343154,-0.236672,-0.082707,0.00265,-0.968059,0.986305,0.034018,-0.161386,0.04428,0.887959,0.457787,0.141259,1.179419,2.916872,-15.928308325749477,-6.0676592424185305,-34.14288692559084,-0.116876,-0.090723,-0.297335,0.94324,0.806722,-0.53971,0.24065,0.582124,0.795863,-0.166534,0.160236,1.236559,2.858694,-40.68695764646786,-6.637810218876399,-48.87503961136984,-0.293515,-0.193,-0.405569,0.843868,0.59653,-0.571197,0.563814,0.79779,0.498726,-0.338827,M,BuildTutorial
50.551,0.050726,1.580194,2.74137,27.12585243862483,10.052341987721414,1.9729397362129637,-0.235043,-0.081133,0.003871,-0.968585,0.986805,0.03064,-0.158987,0.045639,0.889479,0.454691,0.139451,1.179174,2.916541,-15.845157085400457,-6.401214533116559,-33.8689989307942,-0.115545,-0.092987,-0.29541,0.943788,0.808173,-0.536121,0.243786,0.579097,0.798765,-0.163161,0.15855,1.236444,2.85853,-40.55369356904565,-7.025789407825519,-48.57603922142554,-0.291648,-0.194668,-0.404464,0.844663,0.597027,-0.569722,0.564779,0.79682,0.502702,-0.335216,M,BuildTutorial
50.584,0.049278,1.579624,2.740928,27.07598048902265,10.260499137868887,1.8687494684990893,-0.234539,-0.083122,0.005139,-0.968533,0.986129,0.029035,-0.163424,0.048946,0.88993,0.453464,0.138106,1.178195,2.916218,-15.548494967262515,-6.593031712813836,-33.80555622810266,-0.112647,-0.093778,-0.295042,0.944175,0.808312,-0.536015,0.243558,0.57827,0.800522,-0.15738,0.156931,1.235835,2.858741,-40.27805058371666,-7.308518808651978,-48.43951261132974,-0.288807,-0.195529,-0.404385,0.845477,0.596483,-0.570856,0.564209,0.796736,0.506127,-0.330222,M,BuildTutorial
50.617,0.048414,1.57888,2.73958,27.40524585134508,10.652446222290394,2.247178463720368,-0.237583,-0.085542,0.003016,-0.967589,0.985347,0.03481,-0.166973,0.046484,0.88709,0.459249,0.136773,1.176992,2.915998,-15.09356720076619,-6.77453393398817,-33.7988429702768,-0.108418,-0.094155,-0.295096,0.944616,0.808107,-0.537088,0.241869,0.57792,0.802328,-0.149258,0.15599,1.23502,2.859005,-39.824648152299055,-7.454918633953287,-48.48592911943646,-0.284792,-0.195283,-0.405431,0.846395,0.594981,-0.575079,0.561499,0.797539,0.509039,-0.323746,M,BuildTutorial
50.65,0.047804,1.578653,2.738273,27.503566947534665,11.01059078120379,2.760992577738812,-0.238796,-0.08746,-0.000494,-0.967123,0.984701,0.042725,-0.168934,0.040815,0.885952,0.461977,0.135575,1.176103,2.915584,-14.926453955442131,-7.063377903082921,-33.609846969195466,-0.106448,-0.095952,-0.29378,0.945069,0.808973,-0.534857,0.243908,0.575713,0.804724,-0.144823,0.154761,1.234359,2.858892,-39.62248421317376,-7.83490395863115,-48.25272022025839,-0.282321,-0.196872,-0.404792,0.84716,0.594771,-0.574685,0.562126,0.797009,0.512877,-0.318959,M,BuildTutorial
50.684,0.047449,1.578662,2.737026,27.406560039139915,11.298440031780409,3.1438468278011853,-0.238278,-0.089133,-0.003211,-0.967093,0.98409,0.048688,-0.17087,0.036266,0.886426,0.461447,0.134597,1.175497,2.915442,-14.865534612747435,-7.284464451903394,-33.61935665518612,-0.105368,-0.097636,-0.294051,0.944933,0.808003,-0.535141,0.246486,0.576292,0.804864,-0.141712,0.153892,1.23398,2.858865,-39.54958767297992,-8.103363670924596,-48.15609111335387,-0.280988,-0.198389,-0.404787,0.847251,0.593578,-0.574422,0.563652,0.797403,0.514386,-0.315524,M,BuildTutorial
