Timestamp,Head_position_x,Head_position_y,Head_position_z,Head_euler_x,Head_euler_y,Head_euler_z,Head_quat_x,Head_quat_y,Head_quat_z,Head_quat_w,Head_sixD_a,Head_sixD_b,Head_sixD_c,Head_sixD_d,Head_sixD_e,Head_sixD_f,LeftHand_position_x,LeftHand_position_y,LeftHand_position_z,LeftHand_euler_x,LeftHand_euler_y,LeftHand_euler_z,LeftHand_quat_x,LeftHand_quat_y,LeftHand_quat_z,LeftHand_quat_w,LeftHand_sixD_a,LeftHand_sixD_b,LeftHand_sixD_c,LeftHand_sixD_d,LeftHand_sixD_e,LeftHand_sixD_f,RightHand_position_x,RightHand_position_y,RightHand_position_z,RightHand_euler_x,RightHand_euler_y,RightHand_euler_z,RightHand_quat_x,RightHand_quat_y,RightHand_quat_z,RightHand_quat_w,RightHand_sixD_a,RightHand_sixD_b,RightHand_sixD_c,RightHand_sixD_d,RightHand_sixD_e,RightHand_sixD_f,Gender,Build Type
0.0,0.072825,1.462226,2.392219,-11.139462630189536,0.0882128709175211,-7.193367112861872,0.096914,0.005324,0.062362,-0.993323,0.992165,-0.122859,0.022664,0.124923,0.973437,-0.191869,1.642286,0.896711,4.432632,-10.46371168360835,-105.46560841010064,-21.37190104058308,0.092692,-0.789,-0.183123,0.579097,-0.312109,-0.35836,0.879867,0.065824,0.915748,0.396324,1.690886,0.906155,4.354922,-12.788271708650306,-118.34273888325554,-16.10210901541255,0.063008,-0.852945,-0.166017,0.490871,-0.510152,-0.270471,0.81645,0.055501,0.936936,0.345065,F,BuildTutorial
0.1,0.074277,1.461492,2.388922,-11.251827645368524,0.1754377758701699,-7.052651136110889,0.097941,0.004509,0.061061,-0.993307,0.992503,-0.120421,0.020919,0.122187,0.973358,-0.194021,1.642511,0.896969,4.432706,-10.490112656954873,-105.47530913538952,-21.361169545819624,0.092494,-0.789067,-0.183238,0.579001,-0.312406,-0.358157,0.879844,0.066222,0.915738,0.396281,1.690958,0.906173,4.355063,-12.80489504434404,-118.34248532483385,-16.08215790813299,0.062784,-0.852951,-0.166053,0.490876,-0.510198,-0.270126,0.816535,0.055919,0.936969,0.344908,F,BuildTutorial
0.124,0.074522,1.461388,2.388117,-11.296291619795047,0.2179502537125644,-7.082577173845866,0.098348,0.00419,0.061281,-0.993255,0.992454,-0.120911,0.020376,0.122559,0.973145,-0.194856,1.642514,0.897001,4.43266,-10.489942543320144,-105.47127953483133,-21.368074365022014,0.092536,-0.789041,-0.183275,0.579018,-0.312351,-0.358268,0.879819,0.066209,0.915695,0.396383,1.690953,0.906147,4.355129,-12.800217097136478,-118.3395674785164,-16.084857462502725,0.062821,-0.852938,-0.166032,0.490901,-0.51014,-0.270175,0.816555,0.055846,0.936974,0.344908,F,BuildTutorial
0.157,0.074741,1.461478,2.387422,-11.353839047837624,0.2695486004679637,-7.183708980168856,0.098871,0.003861,0.062109,-0.993153,0.992255,-0.122605,0.019951,0.124132,0.972734,-0.195908,1.642457,0.896959,4.432633,-10.486154007933822,-105.47616116498484,-21.366350063755675,0.092552,-0.789066,-0.183237,0.578994,-0.312401,-0.358245,0.87981,0.066127,0.915717,0.396346,1.690994,0.906172,4.355117,-12.806839125968745,-118.34693936027664,-16.08219852098649,0.062782,-0.85297,-0.166065,0.49084,-0.510269,-0.270125,0.816492,0.05592,0.936962,0.344928,F,BuildTutorial
0.191,0.074952,1.461664,2.386716,-11.43384557491063,0.3439958961439011,-7.309683826244339,0.099601,0.003369,0.06313,-0.993017,0.992007,-0.124707,0.019266,0.126049,0.972188,-0.197386,1.642525,0.896925,4.432673,-10.488565746829527,-105.46916940796314,-21.361841140913057,0.092497,-0.789035,-0.183236,0.579045,-0.312302,-0.358171,0.879876,0.066236,0.915738,0.396279,1.691021,0.906137,4.355024,-12.801186424808495,-118.33568165254964,-16.081767146879987,0.062788,-0.852923,-0.166028,0.490933,-0.510086,-0.270124,0.816606,0.055911,0.936985,0.344868,F,BuildTutorial
0.224,0.075002,1.46183,2.38609,-11.550347128015792,0.4000606708405921,-7.363202760184568,0.10064,0.002995,0.063535,-0.992888,0.991909,-0.125564,0.018735,0.126769,0.97167,-0.199468,1.642559,0.896931,4.432665,-10.4893516594143,-105.46626441315158,-21.364275019853313,0.092505,-0.789019,-0.183256,0.57906,-0.312266,-0.358209,0.879873,0.066255,0.91572,0.396316,1.691083,0.906174,4.354945,-12.805498891091148,-118.34318833965588,-16.083330370595895,0.062791,-0.852953,-0.166062,0.490868,-0.510212,-0.270145,0.81652,0.055914,0.936961,0.344931,F,BuildTutorial
0.257,0.074952,1.462277,2.385302,-11.724910152323872,0.4459379045072469,-7.394151193314571,0.102177,0.002723,0.063747,-0.992718,0.991858,-0.126008,0.018433,0.127121,0.970992,-0.202519,1.642509,0.896956,4.432667,-10.48458599381129,-105.46765284278943,-21.3688716284736,0.092564,-0.78902,-0.183246,0.579051,-0.312263,-0.358287,0.879842,0.066149,0.915706,0.396368,1.691052,0.906238,4.354886,-12.803583566810287,-118.34936931443634,-16.084593770234914,0.062818,-0.852979,-0.16605,0.490823,-0.510293,-0.270167,0.816463,0.055839,0.936962,0.34494,F,BuildTutorial
0.291,0.074729,1.463007,2.384677,-11.981261393603774,0.4848557862534799,-7.484905150427844,0.104417,0.002613,0.064474,-0.992438,0.991673,-0.127428,0.018651,0.128519,0.96988,-0.206917,1.642454,0.8969,4.432601,-10.487394018558623,-105.46970153872336,-21.363288397954474,0.092514,-0.789036,-0.183235,0.579041,-0.312305,-0.358194,0.879865,0.066207,0.915733,0.396296,1.690988,0.906298,4.354908,-12.80831904333886,-118.34223854777623,-16.0846856216037,0.062787,-0.852948,-0.166089,0.490869,-0.510211,-0.270165,0.816514,0.055947,0.936944,0.344972,F,BuildTutorial
0.324,0.074643,1.463462,2.384106,-12.219464060429544,0.4562976784788619,-7.433102456829732,0.106465,0.002948,0.064029,-0.992249,0.991783,-0.126437,0.019484,0.127693,0.969131,-0.210901,1.64243,0.896892,4.4326,-10.486711576748611,-105.4668002161205,-21.36590671930532,0.092531,-0.789019,-0.183246,0.579058,-0.312261,-0.358238,0.879863,0.066202,0.915718,0.396331,1.690992,0.906249,4.354916,-12.804489710572666,-118.33781179062257,-16.075697260915792,0.062731,-0.852935,-0.166025,0.490921,-0.510124,-0.270021,0.816617,0.055999,0.937001,0.344808,F,BuildTutorial
0.357,0.074549,1.463756,2.383441,-12.418694047156778,0.4613713117250428,-7.380293225844687,0.108194,0.002967,0.063548,-0.992092,0.991906,-0.125448,0.019638,0.126732,0.968511,-0.2143,1.642455,0.896968,4.432598,-10.494943863347638,-105.46086176839374,-21.35662317905507,0.092414,-0.788999,-0.183259,0.579099,-0.312207,-0.358079,0.879947,0.066421,0.915752,0.396216,1.691001,0.906307,4.354889,-12.807681572762757,-118.34242069542022,-16.084398291468663,0.062788,-0.852949,-0.166083,0.490869,-0.510211,-0.27016,0.816516,0.05594,0.936948,0.344962,F,BuildTutorial
0.391,0.074578,1.463753,2.382895,-12.53347672784302,0.431335996861392,-7.309411300141912,0.109173,0.003224,0.062952,-0.992022,0.992053,-0.124195,0.020142,0.125603,0.968237,-0.216198,1.642471,0.896989,4.432631,-10.493137091755372,-105.4706201837928,-21.363125450178316,0.092484,-0.789043,-0.183272,0.579025,-0.312355,-0.358185,0.879851,0.066291,0.915716,0.396319,1.691038,0.906336,4.354875,-12.80967918140498,-118.34758467656118,-16.080706440262897,0.062759,-0.852973,-0.166079,0.490833,-0.510289,-0.270098,0.816488,0.05597,0.936958,0.344931,F,BuildTutorial
0.424,0.074703,1.46327,2.382645,-12.449510534076234,0.4725248887521926,-7.260107006213682,0.10847,0.002774,0.062494,-0.99213,0.992174,-0.123403,0.019062,0.124606,0.968657,-0.214886,1.64251,0.896953,4.432651,-10.494658310816847,-105.4684546115069,-21.36392454438876,0.092478,-0.789032,-0.183288,0.579036,-0.312331,-0.358198,0.879855,0.066324,0.915706,0.396337,1.691034,0.90632,4.35487,-12.804860927673284,-118.34887284953037,-16.081161565318496,0.062786,-0.852979,-0.166045,0.49083,-0.510289,-0.270111,0.816484,0.055889,0.936974,0.344901,F,BuildTutorial
0.457,0.075055,1.46271,2.382379,-12.227051916074664,0.6838272959485787,-7.243878352539117,0.106659,0.000806,0.062178,-0.992349,0.992267,-0.123233,0.014862,0.123576,0.969516,-0.211585,1.642516,0.89692,4.432688,-10.488857029354808,-105.46507233353384,-21.36475990096131,0.092509,-0.789012,-0.183256,0.579068,-0.312245,-0.358217,0.879877,0.066253,0.915719,0.39632,1.691017,0.906242,4.354787,-12.803463367175926,-118.34811888029044,-16.081800779041608,0.062796,-0.852976,-0.166038,0.490837,-0.510272,-0.270121,0.81649,0.055869,0.936976,0.344898,F,BuildTutorial
0.49,0.07565,1.46238,2.382396,-11.923974927482517,1.0554879278421772,-7.135305753208221,0.104233,-0.00268,0.060933,-0.992681,0.99256,-0.121533,0.007382,0.120416,0.970846,-0.207266,1.642398,0.896784,4.432751,-10.483880849471356,-105.46620771749484,-21.36343451675114,0.092528,-0.789017,-0.183215,0.579071,-0.31223,-0.358202,0.879889,0.066176,0.915742,0.39628,1.69094,0.906274,4.354774,-12.798066104856238,-118.3493712826162,-16.085807697132463,0.062852,-0.85298,-0.166015,0.49083,-0.510271,-0.270194,0.816468,0.055747,0.936977,0.344915,F,BuildTutorial
0.524,0.076378,1.462044,2.382614,-11.608656994893323,1.539047795901625,-7.154479892937356,0.101759,-0.007026,0.060713,-0.99293,0.992529,-0.121998,-0.001597,0.119138,0.971918,-0.202931,1.642424,0.896788,4.432818,-10.484286353154744,-105.46197181824752,-21.36182550127936,0.092508,-0.788997,-0.183213,0.579102,-0.312167,-0.358175,0.879922,0.06622,0.915751,0.396252,1.690967,0.906173,4.355169,-12.807859549674706,-118.34652474940182,-16.09069404416024,0.06284,-0.852963,-0.166109,0.490829,-0.510277,-0.270262,0.816441,0.055862,0.936918,0.345057,F,BuildTutorial
0.557,0.07715,1.461489,2.382593,-11.124069290377458,2.087792221772897,-7.1367567507777805,0.097848,-0.012066,0.060174,-0.993307,0.992467,-0.121903,-0.012195,0.117181,0.97361,-0.195839,1.642527,0.896764,4.432808,-10.483904832132644,-105.46826809167264,-21.357603144183983,0.092491,-0.789032,-0.183184,0.579066,-0.312257,-0.358108,0.879917,0.066194,0.915778,0.396193,1.690942,0.906209,4.355063,-12.79995371524334,-118.34175171378138,-16.08440341963384,0.062822,-0.852948,-0.166027,0.490886,-0.510169,-0.270168,0.81654,0.055832,0.936977,0.344901,F,BuildTutorial
0.591,0.077951,1.460941,2.38268,-10.698461618456076,2.6763212604888977,-7.017409757309896,0.094449,-0.017504,0.058744,-0.993641,0.992486,-0.120046,-0.023688,0.113434,0.975257,-0.189753,1.642429,0.896632,4.43264,-10.457678292971591,-105.504019268691,-21.331650030080453,0.092508,-0.789224,-0.182848,0.578907,-0.312617,-0.357723,0.879946,0.065685,0.916018,0.395723,1.690993,0.906214,4.354903,-12.813525783820412,-118.39348111130695,-15.85814675872154,0.061151,-0.853289,-0.165129,0.490807,-0.510738,-0.266451,0.817405,0.057734,0.937986,0.341832,F,BuildTutorial
0.624,0.078813,1.46048,2.382832,-10.400421332967513,3.2586887780386893,-6.907708390210777,0.092141,-0.022807,0.0574,-0.993829,0.99237,-0.118294,-0.034755,0.109888,0.976431,-0.185763,1.642026,0.896815,4.43093,-10.565123074348678,-105.89918835731416,-20.868245682250613,0.089372,-0.791621,-0.18092,0.57673,-0.318791,-0.350182,0.880764,0.067186,0.918561,0.389528,1.691854,0.906497,4.353333,-12.871008394909175,-118.8102415207805,-14.143973143720196,0.048696,-0.855879,-0.158014,0.490031,-0.514996,-0.238219,0.823426,0.071509,0.945321,0.318207,F,BuildTutorial
0.657,0.079606,1.459869,2.383052,-10.149195087389216,3.808818566198808,-6.847844445331349,0.090223,-0.027763,0.056522,-0.993929,0.992069,-0.117368,-0.044989,0.107348,0.97733,-0.182488,1.641874,0.896464,4.429418,-10.645287863342752,-106.3021641647373,-21.74829802982197,0.09568,-0.792957,-0.185547,0.572395,-0.326418,-0.364153,0.872264,0.060672,0.912835,0.403795,1.693019,0.906554,4.351224,-12.920069387085238,-119.40275288192204,-11.685854754856784,0.030871,-0.859247,-0.147671,0.48881,-0.520224,-0.197418,0.830899,0.091314,0.954481,0.283952,F,BuildTutorial
0.69,0.08039,1.459372,2.38336,-9.863499034866146,4.322366473152624,-6.814579292439737,0.087989,-0.032399,0.055935,-0.994022,0.991643,-0.116904,-0.054568,0.1055,0.978258,-0.178551,1.641206,0.896768,4.429016,-10.696053402719786,-106.51518632070974,-21.061539066134085,0.090999,-0.794597,-0.182287,0.571932,-0.329225,-0.353126,0.875736,0.063897,0.916982,0.393779,1.693601,0.905932,4.350751,-12.9155932166294,-119.59667994142136,-10.945595949156733,0.025584,-0.860258,-0.144434,0.488304,-0.521809,-0.185073,0.832745,0.097037,0.956969,0.273486,F,BuildTutorial
0.724,0.08111,1.459129,2.383703,-9.5673021071811,4.767985396831147,-6.765435217202905,0.085622,-0.036463,0.055286,-0.994124,0.991228,-0.116166,-0.063031,0.103678,0.979225,-0.174269,1.641172,0.896993,4.430388,-10.69330608770152,-106.37653696756072,-21.108045411835715,0.091115,-0.793867,-0.182611,0.572824,-0.327143,-0.353874,0.876214,0.064542,0.916703,0.394323,1.693422,0.905567,4.351654,-12.947764010606589,-119.49020429014334,-11.536964866044665,0.029744,-0.859648,-0.147218,0.488311,-0.521336,-0.194915,0.830793,0.092638,0.954884,0.28216,F,BuildTutorial
0.76,0.081883,1.458666,2.384223,-9.204237941758729,5.281497014642478,-6.766212362088919,0.082721,-0.041115,0.055069,-0.9942,0.990554,-0.116301,-0.072643,0.102697,0.980249,-0.169011,1.642231,0.898289,4.427899,-10.932179470613876,-107.40977371494002,-16.09988991684611,0.056522,-0.802304,-0.158535,0.572695,-0.337651,-0.27228,0.90103,0.090888,0.943344,0.319126,1.694307,0.904917,4.352656,-12.847180422940095,-119.6874052178838,-15.242119633742048,0.058245,-0.859094,-0.162087,0.481968,-0.528628,-0.256317,0.809231,0.056166,0.940671,0.33464,F,BuildTutorial
0.795,0.082753,1.458159,2.384845,-8.674906079725277,5.814428333532782,-6.691525581689804,0.078356,-0.046079,0.05429,-0.994379,0.989859,-0.115191,-0.083133,0.100748,0.981826,-0.160835,1.644414,0.907993,4.424666,-15.456760501859092,-107.72336564047453,-8.654350761617668,-0.018699,-0.803963,-0.152386,0.57452,-0.339155,-0.145031,0.929484,0.205165,0.952857,0.22354,1.687581,0.904225,4.352907,-13.232107567416453,-116.89094083707496,-22.522350389181963,0.106167,-0.841945,-0.197802,0.490644,-0.495994,-0.372874,0.784191,0.015328,0.899206,0.437258,F,BuildTutorial
0.829,0.083628,1.457597,2.38583,-8.009720524387781,6.4083977080078895,-6.619996105356948,0.072835,-0.051639,0.05361,-0.994563,0.988919,-0.114159,-0.094907,0.099115,0.983642,-0.150415,1.648578,0.922854,4.428275,-22.01224271240685,-103.72864084808204,-4.385639965598172,-0.088266,-0.776029,-0.173247,0.599978,-0.264471,-0.070896,0.961784,0.344883,0.924389,0.162975,1.678943,0.905323,4.348823,-15.846435787113627,-112.9238255887606,-26.238099928831332,0.113211,-0.821301,-0.236103,0.506856,-0.460561,-0.4253,0.779105,0.05338,0.862878,0.502586,F,BuildTutorial
0.862,0.084663,1.45664,2.3868,-7.24089242875214,7.014359473110797,-6.401740806810689,0.066339,-0.057437,0.051764,-0.994797,0.988043,-0.11061,-0.107407,0.095369,0.985839,-0.137935,1.643061,0.934859,4.428403,-26.192048729534125,-99.86022303415008,-4.238833722537409,-0.118192,-0.750241,-0.196464,0.620138,-0.202918,-0.066324,0.976947,0.421014,0.894866,0.148199,1.66646,0.914936,4.342078,-19.57374956677274,-106.73627847576606,-22.48267881211727,0.054683,-0.795407,-0.248416,0.550115,-0.388766,-0.360305,0.847963,0.186324,0.870598,0.455348,F,BuildTutorial
0.895,0.085899,1.455189,2.387823,-6.310496079278306,7.645731121453804,-6.097349580576878,0.058382,-0.063556,0.049321,-0.995048,0.987056,-0.105575,-0.120724,0.090733,0.988318,-0.122456,1.632488,0.949357,4.426328,-30.976664740010925,-92.19288550927982,-9.839031473279574,-0.124953,-0.707665,-0.249005,0.649302,-0.125588,-0.146509,0.981205,0.500209,0.844766,0.19016,1.650929,0.927731,4.331889,-21.010761314791683,-99.91130020673894,-18.66975861062628,0.006341,-0.761774,-0.240342,0.601578,-0.276127,-0.298829,0.913485,0.279509,0.884391,0.373801,F,BuildTutorial
0.928,0.08737,1.453515,2.388952,-5.359146360512888,8.323406884755377,-5.832821258452818,0.050255,-0.070026,0.047301,-0.995155,0.985718,-0.101181,-0.134619,0.087104,0.990474,-0.106647,1.617782,0.971887,4.418431,-38.56978319779873,-83.08243802978541,-11.761555996571104,-0.181762,-0.647981,-0.290251,0.680322,-0.008249,-0.159371,0.987184,0.630485,0.765434,0.12884,1.626912,0.941761,4.31671,-18.281273579599837,-92.13917814788536,-19.856418535128583,0.01403,-0.719392,-0.230793,0.654991,-0.14158,-0.322521,0.935914,0.282149,0.893075,0.35044,F,BuildTutorial
0.962,0.089016,1.451686,2.390223,-4.3837596188570105,9.0736931727936,-5.666859831709758,0.041987,-0.077061,0.04622,-0.995069,0.983851,-0.098455,-0.149481,0.085513,0.992202,-0.090683,1.59315,0.996042,4.414146,-40.71077785050539,-75.22534558825332,-12.003683193664571,-0.214204,-0.597882,-0.288787,0.716418,0.118277,-0.157648,0.980387,0.669922,0.741437,0.038403,1.553208,0.978884,4.274389,-14.553421996427732,-86.7890895941973,-22.770939298798,0.044305,-0.686243,-0.227596,0.689425,-0.04546,-0.374628,0.92606,0.253014,0.892474,0.373462,F,BuildTutorial
0.995,0.091078,1.44979,2.391448,-3.352543924336198,9.956200044111728,-5.571392806108472,0.033323,-0.085219,0.045861,-0.994748,0.981269,-0.096919,-0.166487,0.08556,0.993573,-0.074113,1.561475,1.024385,4.413998,-36.14255330899369,-69.091100781408,-13.794561369377549,-0.188916,-0.565871,-0.268665,0.756254,0.215219,-0.192554,0.957394,0.620162,0.784259,0.018322,1.497627,1.008146,4.240448,-11.983889403338646,-85.56420842642785,-16.73541074413868,0.022503,-0.67946,-0.176371,0.711844,0.014456,-0.281677,0.9594,0.220518,0.936774,0.271711,F,BuildTutorial
1.029,0.093626,1.447824,2.392778,-2.1193263872667316,10.996047453766373,-5.5273893934362865,0.023006,-0.094796,0.046217,-0.994157,0.977756,-0.096255,-0.186357,0.087532,0.994669,-0.054505,1.546772,1.013862,4.397592,-27.532584741102298,-70.27018548151425,-4.543410416156651,-0.172295,-0.566249,-0.168326,0.788253,0.302056,-0.070242,0.950699,0.460491,0.883962,-0.080996,1.434322,1.033622,4.218637,-8.283856146719343,-87.05508860633027,-3.699888779589328,-0.030166,-0.688237,-0.073062,0.721167,0.041984,-0.063858,0.997076,0.146902,0.987504,0.057059,F,BuildTutorial
1.062,0.096276,1.445372,2.393876,-0.6548813483572845,12.13307697453036,-5.5459841951190745,0.010789,-0.105283,0.047504,-0.993249,0.973318,-0.096638,-0.208119,0.092094,0.995254,-0.031436,1.50589,1.03083,4.369086,-24.24038649072757,-69.9120034772367,0.216873128398777,-0.173144,-0.559849,-0.118781,0.801549,0.34492,0.003451,0.938626,0.384286,0.911825,-0.144568,1.368315,1.053256,4.180547,-4.936994082992447,-83.07711927754724,-0.8483161916833282,-0.027333,-0.662729,-0.034096,0.747583,0.119255,-0.01475,0.992754,0.087208,0.996181,0.004326,F,BuildTutorial
1.095,0.099191,1.442631,2.394653,0.9625294657104712,13.334832610698616,-5.5667576424375795,-0.002695,-0.11637,0.049204,-0.991983,0.968074,-0.096991,-0.231138,0.098245,0.995144,-0.006106,1.467169,1.043145,4.34023,-23.310337413504826,-66.92168584376189,2.79900440645425,-0.181677,-0.535721,-0.091399,0.819538,0.409299,0.044846,0.911298,0.344466,0.91728,-0.199854,1.301711,1.071849,4.14257,-3.960409629967691,-76.16751428889883,-0.2974030795138403,-0.025598,-0.616513,-0.023355,0.786582,0.238732,-0.005179,0.971072,0.068304,0.997599,-0.011471,F,BuildTutorial
1.129,0.102428,1.439975,2.395364,2.5484433704575444,14.68056334310248,-5.562023146566366,-0.015832,-0.12865,0.050947,-0.990254,0.961708,-0.096827,-0.256405,0.104974,0.994308,0.018246,1.429556,1.056306,4.314631,-22.60405151423602,-58.51023586424517,-0.6530852229491115,-0.16825,-0.480189,-0.10065,0.854974,0.518577,-0.010523,0.854966,0.33369,0.923123,-0.191036,1.226185,1.088017,4.101913,-6.350179750273723,-70.56185409174591,4.219255639763222,-0.066413,-0.574644,-0.001965,0.815702,0.339562,0.073122,0.937737,0.079532,0.991171,-0.106088,F,BuildTutorial
1.162,0.105813,1.437289,2.396091,4.1469490933432045,16.064752868698214,-5.377526661063008,-0.029236,-0.141168,0.05147,-0.988214,0.954845,-0.093473,-0.282018,0.109982,0.992992,0.043251,1.394088,1.065505,4.283445,-23.065957247802533,-50.20289916000686,-4.190566967693048,-0.165732,-0.421999,-0.117199,0.883581,0.616363,-0.067232,0.784587,0.346986,0.917595,-0.193959,1.150159,1.103801,4.061226,-7.428001205649238,-67.02119421461258,9.58281799858978,-0.099839,-0.544495,0.033861,0.832112,0.404758,0.165076,0.899401,0.05237,0.977771,-0.203028,F,BuildTutorial
1.196,0.109388,1.433985,2.396676,5.918751135627526,17.574216296464137,-5.1109953816741225,-0.044169,-0.154683,0.051884,-0.985612,0.946762,-0.088611,-0.309499,0.115939,0.990714,0.071015,1.354714,1.074512,4.246829,-23.18528529325135,-43.314400314511296,-4.342713196060303,-0.172935,-0.368341,-0.108604,0.906986,0.70506,-0.069607,0.705723,0.324404,0.916597,-0.233692,1.070926,1.114168,4.021972,-6.260517706241443,-63.44083533768276,11.30228720655061,-0.09792,-0.517865,0.055066,0.848054,0.457567,0.194816,0.867571,0.008021,0.974759,-0.223116,F,BuildTutorial
1.228,0.112968,1.430005,2.396967,8.082031821061472,19.21235685840736,-4.717948781648884,-0.062572,-0.169179,0.052232,-0.982209,0.937301,-0.081433,-0.338874,0.123777,0.986713,0.105246,1.313924,1.079738,4.206966,-22.393849112048205,-36.804126141487096,-4.897469627184769,-0.170853,-0.317264,-0.101013,0.927335,0.77828,-0.078934,0.622936,0.295756,0.921212,-0.25278,0.991858,1.122228,3.986404,-5.682631948246717,-57.03433362621358,10.397231164275546,-0.086582,-0.470927,0.055949,0.876128,0.550194,0.179585,0.815497,-0.01649,0.978747,-0.204409,F,BuildTutorial
1.263,0.116372,1.425519,2.396843,10.496564202164704,20.757811418603083,-4.21613707710523,-0.083315,-0.18259,0.052499,-0.978245,0.92781,-0.072289,-0.365983,0.133139,0.980605,0.143834,1.27249,1.083508,4.164873,-21.486257947444553,-30.86968555876065,-6.404689609478985,-0.164796,-0.271107,-0.102437,0.942789,0.832016,-0.103799,0.544955,0.282508,0.924698,-0.255192,0.911799,1.132731,3.953741,-7.751586729997157,-50.01518272362474,7.82970083227678,-0.08991,-0.416605,0.033224,0.90402,0.650672,0.134984,0.747265,0.014844,0.981625,-0.190243,F,BuildTutorial
1.296,0.119671,1.420915,2.396624,12.87383883330521,22.1801816463983,-3.734634465798619,-0.103729,-0.194623,0.053328,-0.973919,0.918556,-0.063498,-0.390158,0.14425,0.972793,0.181289,1.23027,1.08776,4.121193,-20.81727774262579,-25.7365679574598,-6.484130409371253,-0.16346,-0.228656,-0.094399,0.955032,0.87761,-0.105557,0.467609,0.255061,0.928739,-0.269049,0.831048,1.143138,3.923357,-9.801649785090326,-42.71042461038999,5.266373064534045,-0.09615,-0.358779,0.011554,0.928385,0.742288,0.090447,0.663949,0.04754,0.981243,-0.18682,F,BuildTutorial
1.329,0.122564,1.416354,2.39661,15.216729220553402,23.45592810716988,-3.368686445567482,-0.123659,-0.205199,0.055427,-0.969293,0.909642,-0.0567,-0.411504,0.158199,0.963273,0.216977,1.188986,1.09317,4.073047,-19.533079355499787,-20.049754364121803,-7.838313665810103,-0.154928,-0.182569,-0.09579,0.966173,0.914985,-0.12853,0.382468,0.24167,0.933643,-0.264397,0.749349,1.152215,3.896162,-10.481005146820143,-36.069812452324456,3.4420039715441817,-0.096069,-0.305555,0.000173,0.947316,0.813272,0.059036,0.578881,0.058381,0.981542,-0.18212,F,BuildTutorial
1.362,0.125082,1.411896,2.396755,17.336192874723306,24.528677030640637,-3.0242751475499503,-0.141678,-0.213809,0.057495,-0.964835,0.90196,-0.050362,-0.428873,0.171531,0.953243,0.248806,1.147106,1.095013,4.028209,-17.4497254379464,-14.400890781912496,-10.0285119399767,-0.139089,-0.13657,-0.104651,0.975218,0.940793,-0.166125,0.295483,0.242107,0.939405,-0.2427,0.667406,1.162324,3.871357,-10.793051813126024,-29.950374139471194,2.3122422193655456,-0.096026,-0.25537,-0.004892,0.962051,0.869524,0.039632,0.492298,0.058457,0.98151,-0.182265,F,BuildTutorial
1.395,0.127134,1.408036,2.397188,19.099883988547592,25.274353157452104,-2.643254790469316,-0.156869,-0.219421,0.058481,-0.961159,0.896869,-0.043579,-0.440144,0.18126,0.943944,0.275888,1.10248,1.095896,3.98533,-15.79525949215013,-9.253525962548844,-9.18703658970943,-0.130117,-0.090611,-0.090116,0.983228,0.967337,-0.15363,0.201635,0.20079,0.949897,-0.239539,0.587564,1.170742,3.84905,-10.086872180334964,-22.888296634107277,0.6651828598346758,-0.087309,-0.197141,-0.011775,0.976409,0.921993,0.011431,0.387037,0.057418,0.984477,-0.165855,F,BuildTutorial
1.429,0.128604,1.404539,2.39743,20.711558283711824,25.67913864417156,-2.2533668274577003,-0.170933,-0.222006,0.058798,-0.958143,0.894512,-0.036778,-0.445528,0.18857,0.93465,0.301449,1.057317,1.098292,3.942912,-15.279286503712122,-4.5111828134113106,-9.162849498058575,-0.129299,-0.049494,-0.084321,0.986774,0.980881,-0.153612,0.119484,0.17921,0.952344,-0.246831,0.511839,1.178318,3.827118,-10.66026492771882,-16.35297648432595,-2.524630353755535,-0.088808,-0.143599,-0.03492,0.985024,0.95632,-0.043288,0.2891,0.094299,0.981787,-0.164928,F,BuildTutorial
1.461,0.129316,1.402146,2.398065,21.787087393010204,25.64574753283658,-1.9756834756668964,-0.180487,-0.221083,0.058444,-0.956625,0.895413,-0.032012,-0.444084,0.191622,0.928018,0.319474,1.011514,1.099777,3.899152,-14.38964525795304,0.200064128488256,-11.23972079025746,-0.124811,-0.010541,-0.096939,0.987377,0.980984,-0.188799,0.045014,0.194062,0.95005,-0.244427,0.439402,1.185814,3.805561,-11.882609959661192,-10.916424100225376,-5.694004280558569,-0.098214,-0.09961,-0.059012,0.988408,0.973191,-0.09709,0.208501,0.136222,0.973743,-0.182394,F,BuildTutorial
1.495,0.129293,1.400312,2.398923,22.55868489680759,25.06472575629402,-1.8484569335377223,-0.187475,-0.215852,0.057878,-0.95651,0.900116,-0.029788,-0.434631,0.191656,0.923006,0.333658,0.965325,1.100608,3.856632,-14.672596928376024,5.270206418208476,-13.10821076180407,-0.131929,0.030741,-0.107255,0.98496,0.975103,-0.219394,-0.032257,0.203172,0.942182,-0.266484,0.370515,1.193094,3.783647,-13.100752453291236,-6.0327611093043725,-4.881607838717068,-0.111589,-0.057082,-0.048248,0.99094,0.988828,-0.082882,0.123897,0.108361,0.97044,-0.215648,F,BuildTutorial
1.528,0.128212,1.399026,2.399958,23.150126293393495,23.96386660853843,-1.768478504502539,-0.193118,-0.206386,0.05644,-0.957562,0.908438,-0.028376,-0.417054,0.187804,0.91904,0.346548,0.91854,1.102496,3.81576,-15.81117223586678,9.46295986581179,-13.26374429668548,-0.145591,0.065325,-0.102733,0.981826,0.970357,-0.220753,-0.098361,0.18271,0.936498,-0.299312,0.305647,1.19981,3.762577,-14.707872896413011,-1.231358907468941,-3.53707409139605,-0.127601,-0.014602,-0.031981,0.991202,0.997528,-0.059673,0.037109,0.067126,0.965391,-0.252022,F,BuildTutorial
1.562,0.126143,1.398198,2.401475,23.4798518194428,22.293610040026252,-1.9622162692428484,-0.196361,-0.19267,0.055778,-0.959797,0.919534,-0.031405,-0.391753,0.182737,0.916663,0.355439,0.871503,1.105037,3.77752,-16.5876891386153,12.831151282518194,-11.9047392505772,-0.15404,0.095109,-0.085943,0.979714,0.967136,-0.197701,-0.159883,0.139098,0.937771,-0.318178,0.245509,1.206463,3.742532,-15.665246361101692,3.640916147550057,-3.934373174716243,-0.137211,0.026777,-0.029663,0.989736,0.996806,-0.066065,-0.044863,0.051369,0.960587,-0.273193,F,BuildTutorial
1.595,0.123179,1.397733,2.402803,23.722245099139418,20.31531469558833,-2.1850092754901316,-0.198991,-0.176418,0.054609,-0.962443,0.931789,-0.034905,-0.361318,0.175328,0.914841,0.363768,0.827048,1.107131,3.739846,-17.06098318774031,16.158463858321273,-13.494534841831191,-0.162176,0.12077,-0.094334,0.97479,0.953031,-0.223084,-0.204853,0.144741,0.9296,-0.33896,0.191256,1.211805,3.724136,-15.023527458029564,7.918892144327766,-4.261932822753942,-0.132873,0.063561,-0.027756,0.988703,0.990379,-0.071775,-0.118311,0.037993,0.963149,-0.266272,F,BuildTutorial
1.628,0.119464,1.397922,2.404381,23.63773990089636,17.94076601670639,-2.4582705313997772,-0.198993,-0.156923,0.052668,-0.965921,0.945203,-0.039293,-0.324111,0.164199,0.915256,0.367894,0.7838,1.11137,3.702561,-18.198339822603828,19.439148146148117,-10.792462234185049,-0.17086,0.151304,-0.064946,0.97144,0.945778,-0.177885,-0.271773,0.074478,0.933178,-0.351614,0.14056,1.217884,3.705009,-15.456541403484218,11.294778415122748,-4.758229040256741,-0.137755,0.091873,-0.027713,0.985807,0.981583,-0.079951,-0.173503,0.029327,0.960511,-0.276691,F,BuildTutorial
1.662,0.114992,1.398283,2.40586,23.46866460411298,15.36952436704564,-2.7767912009459317,-0.198316,-0.135773,0.050698,-0.969364,0.957991,-0.044437,-0.283334,0.152141,0.916201,0.370714,0.74167,1.115256,3.662732,-17.72529709568328,23.164216458204507,-11.990428600848745,-0.170823,0.181526,-0.070334,0.965878,0.924203,-0.197887,-0.326635,0.073851,0.931745,-0.355524,0.091353,1.224832,3.685587,-15.274094535003618,13.93533811802494,-5.306317479456529,-0.13734,0.113998,-0.029436,0.983502,0.972276,-0.089213,-0.216149,0.026587,0.960542,-0.27686,F,BuildTutorial
1.695,0.109933,1.399064,2.407211,23.20812306565145,12.556870036826671,-3.1000042065349427,-0.19697,-0.112494,0.048327,-0.972734,0.970019,-0.049702,-0.237892,0.138334,0.917735,0.372327,0.749651,1.161722,3.526542,-16.800437225740016,24.515516062617444,-13.89521695087989,-0.167114,0.191222,-0.086148,0.963372,0.912026,-0.229896,-0.339643,0.102073,0.929303,-0.354933,0.506495,1.093409,3.692174,-14.256554240767624,14.613580461263023,-5.368889610805417,-0.128859,0.120296,-0.030331,0.983872,0.969218,-0.090687,-0.228895,0.028682,0.964951,-0.260858,F,BuildTutorial
1.729,0.104461,1.399755,2.408303,22.94325196559858,9.692820889274756,-3.5254619226794226,-0.195531,-0.088854,0.046833,-0.975541,0.979823,-0.056627,-0.191676,0.126122,0.919149,0.373173,0.714831,1.167314,3.481023,-16.637209275083848,24.133542930253306,-10.936056398551308,-0.160548,0.192429,-0.062097,0.966095,0.91823,-0.181771,-0.351871,0.058195,0.940737,-0.334108,0.496066,1.093893,3.678941,-15.281269354158487,14.948037985206428,-4.579291116774735,-0.136875,0.123552,-0.021979,0.982607,0.968504,-0.077016,-0.23679,0.009371,0.961565,-0.274419,F,BuildTutorial
1.761,0.098798,1.400528,2.409036,22.626323601284316,6.938197411926254,-3.836652376534478,-0.193716,-0.065856,0.044628,-0.977827,0.987343,-0.061763,-0.146082,0.112792,0.920965,0.372963,0.680463,1.170812,3.440622,-15.265437719079232,23.46373103181717,-8.710851369455655,-0.144977,0.191072,-0.046769,0.969683,0.922608,-0.146104,-0.356999,0.035299,0.953589,-0.299036,0.488386,1.093255,3.666103,-15.243436225823547,15.616367388284631,-2.356842917185052,-0.134144,0.131926,-0.00218,0.982139,0.965181,-0.039677,-0.258555,-0.031112,0.964001,-0.264071,F,BuildTutorial
1.795,0.092892,1.401328,2.409582,22.1923207835653,4.182400175484757,-4.065171965936228,-0.190937,-0.042607,0.0418,-0.979786,0.992875,-0.06564,-0.099454,0.098181,0.923592,0.370593,0.647742,1.173722,3.400931,-14.291125035089314,23.79044494694184,-8.413343463196911,-0.136394,0.195042,-0.045651,0.970191,0.919749,-0.141785,-0.366003,0.035375,0.958625,-0.282465,0.328251,1.083038,3.650891,-17.42766630789944,15.936860377003043,-2.5401545097295837,-0.153037,0.133668,-0.000701,0.979138,0.964265,-0.042286,-0.261544,-0.039539,0.953158,-0.299877,F,BuildTutorial
1.828,0.086938,1.402044,2.409908,21.853138018234556,1.530716834945361,-4.234639340587625,-0.18892,-0.020109,0.038803,-0.98102,0.99618,-0.068535,-0.054116,0.083731,0.925607,0.369108,0.612081,1.174781,3.36382,-13.532055601874244,24.909493921711057,-7.712154865186811,-0.129185,0.205945,-0.039859,0.96918,0.911996,-0.13047,-0.388897,0.024051,0.963445,-0.266824,0.292185,1.080602,3.641597,-17.73413705325264,17.589429889907393,-4.551731646421364,-0.158209,0.144899,-0.015226,0.976597,0.957545,-0.075588,-0.278198,-0.016109,0.949476,-0.313425,F,BuildTutorial
1.861,0.081216,1.402582,2.410092,21.58757484753371,-0.9834944232751776,-4.192544871846909,-0.187451,0.001575,0.034324,-0.981673,0.997639,-0.06798,-0.009777,0.0668,0.927368,0.368139,0.58087,1.176016,3.327783,-12.478113468797138,26.055212685739736,-7.7772789241472,-0.120833,0.216389,-0.041239,0.967923,0.90295,-0.132126,-0.40893,0.027538,0.967398,-0.251761,0.26081,1.082485,3.63067,-17.78410504843108,17.86689857674747,-4.882023254739792,-0.159094,0.146778,-0.017587,0.976133,0.956294,-0.081038,-0.280953,-0.012367,0.94876,-0.315756,F,BuildTutorial
1.895,0.075691,1.403021,2.410204,21.41902675058702,-3.277091646318861,-4.121718081923223,-0.186644,0.021398,0.03001,-0.981736,0.997283,-0.066911,0.030813,0.050935,0.928527,0.367755,0.550612,1.175771,3.293257,-11.40761843166371,26.927919016274505,-7.914626532225308,-0.112413,0.224458,-0.043699,0.966991,0.895418,-0.134977,-0.424274,0.034049,0.970908,-0.237021,0.231553,1.08746,3.614918,-17.857748054561572,16.865723525832017,-4.291660669364716,-0.158847,0.139023,-0.013844,0.977368,0.960962,-0.071228,-0.267356,-0.017105,0.949152,-0.314353,F,BuildTutorial
1.929,0.070682,1.403451,2.410209,21.324104250657303,-5.365134278739607,-4.012673793473983,-0.18631,0.039496,0.025714,-0.98136,0.995558,-0.065186,0.067937,0.035753,0.929255,0.367706,0.522006,1.173999,3.260043,-10.853951206572637,27.63996920817283,-8.21026446733571,-0.108627,0.230617,-0.046669,0.965836,0.889276,-0.140252,-0.435337,0.040046,0.972044,-0.231358,0.207635,1.092971,3.588496,-17.239656781186465,15.75903468890679,-3.33606922271884,-0.152345,0.131163,-0.00797,0.979553,0.965466,-0.055578,-0.254534,-0.02435,0.953455,-0.30055,F,BuildTutorial
1.962,0.065959,1.4038,2.410191,21.24912925433475,-7.405327870745563,-3.8576368150201192,-0.18602,0.057243,0.021112,-0.98065,0.992555,-0.062703,0.104416,0.02011,0.929902,0.367257,0.495122,1.171401,3.228019,-11.559642958473578,28.155540924466223,-8.353570635093677,-0.115048,0.234245,-0.045857,0.964257,0.886053,-0.142334,-0.441192,0.034536,0.969322,-0.243356,0.188414,1.097957,3.550292,-16.77951225108023,14.342939081488808,-1.5726076582447537,-0.146446,0.121505,0.004743,0.981717,0.970428,-0.026274,-0.239956,-0.044901,0.957062,-0.286383,F,BuildTutorial
1.995,0.06158,1.404068,2.410497,21.252090652166043,-9.376727983569168,-3.7711166178089615,-0.186325,0.074244,0.017167,-0.979529,0.988386,-0.061298,0.139051,0.005964,0.929977,0.36757,0.469248,1.169014,3.197998,-13.29582508468492,28.61183181989097,-8.765050545354693,-0.130605,0.236148,-0.045025,0.961847,0.884414,-0.148299,-0.442516,0.024931,0.96183,-0.272509,0.16764,1.10189,3.522617,-16.976224949955814,13.300895741153116,-0.0689733718867088,-0.14668,0.114455,0.016503,0.982402,0.973255,-0.001151,-0.229723,-0.066002,0.956425,-0.284419,F,BuildTutorial
2.028,0.057542,1.404189,2.411048,21.259309365379277,-11.163724387001634,-3.7154774407205062,-0.186588,0.089597,0.013778,-0.978247,0.983565,-0.060393,0.170154,-0.006478,0.92999,0.367528,0.445396,1.166602,3.169613,-14.601369621575904,28.350658053401546,-8.20401480679788,-0.140267,0.233469,-0.037752,0.961453,0.888135,-0.138089,-0.438348,0.007098,0.9578,-0.287348,0.153475,1.108421,3.483486,-18.3729160144327,12.951855323737488,0.8581514561250924,-0.157791,0.112524,0.025351,0.980713,0.973391,0.014213,-0.228708,-0.085234,0.948919,-0.30379,F,BuildTutorial
2.06,0.054022,1.404326,2.411746,21.28781349970592,-12.738679818866943,-3.786127377323244,-0.187066,0.102905,0.011786,-0.976872,0.978544,-0.061526,0.19664,-0.015473,0.929735,0.367904,0.420864,1.16469,3.144772,-15.318219099602334,28.040388972804266,-6.645649433568632,-0.143008,0.232204,-0.023499,0.96181,0.891058,-0.111618,-0.439951,-0.02121,0.957993,-0.286006,0.144986,1.116194,3.436494,-19.879415020201485,12.904656837731933,0.7902860651266298,-0.170751,0.11187,0.026147,0.978594,0.973603,0.01297,-0.22788,-0.089378,0.940321,-0.328341,F,BuildTutorial
2.094,0.0512,1.404459,2.412821,21.370744992349444,-14.082624907757006,-3.773818845709569,-0.187884,0.114335,0.009395,-0.975469,0.973679,-0.061291,0.21953,-0.024635,0.929223,0.368698,0.397686,1.163244,3.122246,-15.281332582508911,27.826477388985385,-5.584852233402938,-0.140516,0.231747,-0.014936,0.962458,0.892141,-0.093878,-0.441895,-0.036378,0.960065,-0.277403,0.131939,1.12164,3.406272,-21.084792153266353,13.064687422970191,0.1711010899246022,-0.181608,0.112115,0.022273,0.976705,0.973868,0.002787,-0.227097,-0.084231,0.933045,-0.34976,F,BuildTutorial
2.127,0.048734,1.404571,2.414225,21.499757869394575,-15.09029616483917,-3.701542277578879,-0.188977,0.122964,0.006976,-0.974228,0.969663,-0.060067,0.236952,-0.032882,0.928478,0.369928,0.376869,1.162585,3.100415,-15.984609760924736,27.814240466418475,-6.044677171488294,-0.147326,0.230567,-0.017311,0.961683,0.893078,-0.101233,-0.438365,-0.034641,0.955991,-0.291344,0.133118,1.13028,3.344678,-22.142510347859897,12.794888854235522,-2.0450639373237083,-0.192755,0.105928,0.003989,0.975505,0.977527,-0.033053,-0.208204,-0.048619,0.925659,-0.375222,F,BuildTutorial
2.16,0.046754,1.404689,2.415745,21.661793336305543,-15.854697033227284,-3.64309904046138,-0.190327,0.129476,0.005019,-0.973132,0.966422,-0.059055,0.250083,-0.039516,0.927501,0.371727,0.359073,1.162448,3.078528,-16.76865122053798,27.91842468674792,-6.705364427189914,-0.155221,0.229969,-0.021034,0.96051,0.893344,-0.111799,-0.435245,-0.030984,0.950928,-0.307856,0.132423,1.137265,3.287147,-22.576317754145418,12.02395544851112,-3.1731650488453633,-0.197436,0.097281,-0.006509,0.975455,0.980988,-0.051112,-0.187217,-0.025716,0.921954,-0.386446,F,BuildTutorial
2.194,0.045232,1.404932,2.417437,21.791472722801977,-16.38717847772688,-3.629484323074611,-0.191431,0.133954,0.003854,-0.972315,0.964083,-0.058781,0.259015,-0.043791,0.926678,0.373296,0.343332,1.161097,3.057788,-16.32893565200571,27.49256905772853,-5.453975992715696,-0.148982,0.228385,-0.012038,0.962029,0.895391,-0.091212,-0.435838,-0.044889,0.955319,-0.292149,0.123981,1.143467,3.248897,-22.470233065194037,10.918055010067157,-2.708432924421949,-0.196103,0.088701,-0.004545,0.976553,0.984223,-0.043665,-0.17146,-0.025913,0.923046,-0.383815,F,BuildTutorial
2.227,0.044103,1.40541,2.419554,21.906057432971572,-16.572633014287703,-3.4670359371693107,-0.192215,0.135742,0.002019,-0.971918,0.96314,-0.056108,0.263084,-0.048259,0.926099,0.374183,0.328912,1.158543,3.037663,-15.53466688402182,26.768883739676564,-4.350643829637965,-0.140091,0.224204,-0.005325,0.964406,0.899409,-0.073089,-0.430954,-0.052547,0.960692,-0.272598,0.097203,1.099863,3.188505,-21.833624775982603,10.04894821883632,-1.8823011651578685,-0.190043,0.082886,0.000518,0.978271,0.986259,-0.03049,-0.162366,-0.032517,0.927767,-0.37174,F,BuildTutorial
2.26,0.043525,1.406338,2.421891,21.96909747275319,-16.51489540389618,-3.356418190202797,-0.192617,0.135407,0.001097,-0.971886,0.963327,-0.054295,0.262778,-0.050031,0.925795,0.3747,0.315308,1.154538,3.018256,-15.334283369587377,25.94558690907841,-3.906402975764532,-0.13752,0.217921,-0.002983,0.966225,0.905004,-0.065701,-0.4203,-0.054173,0.962159,-0.26705,0.077689,1.094396,3.172481,-21.08520591545597,9.67596374208463,-2.5739466095355694,-0.184131,0.078799,-0.006575,0.979716,0.987495,-0.041902,-0.15198,-0.016136,0.932105,-0.361828,F,BuildTutorial
2.293,0.043463,1.407548,2.424689,21.848396952033763,-16.142187072977226,-3.3643820675642875,-0.191599,0.13229,0.001942,-0.972515,0.964991,-0.05447,0.256564,-0.046916,0.926572,0.373179,0.30518,1.149266,2.998039,-16.412241162054123,25.39819346604833,-2.4527474772878697,-0.143868,0.21455,0.010705,0.966,0.907708,-0.041051,-0.41759,-0.082416,0.958375,-0.273359,0.066795,1.092872,3.143549,-20.76295112555111,9.459965400129995,-4.442282286761578,-0.182596,0.074089,-0.023144,0.980119,0.98795,-0.072426,-0.136781,0.018312,0.932246,-0.361361,F,BuildTutorial
2.327,0.043808,1.408819,2.427905,21.669074146799584,-15.44503517038027,-3.3031059030638077,-0.189995,0.126557,0.002802,-0.97359,0.967951,-0.053547,0.245365,-0.042634,0.927788,0.370664,0.296985,1.143759,2.976969,-17.91359305844791,24.590205947118775,-2.9134461159741623,-0.157417,0.206415,0.008607,0.96568,0.914638,-0.048362,-0.401371,-0.081611,0.950291,-0.300476,0.062398,1.097905,3.104903,-21.1590863806216,9.298786587978793,-5.4169053284550035,-0.186557,0.070944,-0.031432,0.979375,0.987958,-0.088037,-0.127234,0.035097,0.928417,-0.369879,F,BuildTutorial
2.36,0.044738,1.409579,2.430964,21.642971526323908,-14.41591745142374,-3.2706064685179728,-0.189707,0.117874,0.004261,-0.97473,0.972175,-0.053029,0.228174,-0.036417,0.927986,0.370831,0.293681,1.138018,2.954552,-18.577717665478747,23.610519583961473,-3.1838839776465604,-0.163546,0.197436,0.006173,0.966558,0.921962,-0.052647,-0.383685,-0.076512,0.946429,-0.313715,0.056863,1.103481,3.065987,-22.25963916855712,8.583695069891823,-4.744992395602758,-0.195366,0.065398,-0.02607,0.9782,0.990087,-0.076556,-0.117759,0.02545,0.922305,-0.385624,F,BuildTutorial
2.394,0.046113,1.409889,2.434057,21.718750569005103,-13.08367843577206,-3.2486837227932495,-0.190269,0.106538,0.006202,-0.975915,0.977222,-0.052646,0.205584,-0.028437,0.927519,0.372693,0.286519,1.132783,2.936561,-17.80972308672577,22.191490651253417,-2.174479630980623,-0.155481,0.187213,0.011389,0.96987,0.929643,-0.036125,-0.366685,-0.080307,0.951392,-0.297329,0.050464,1.107858,3.029847,-22.244299017910535,7.507672225020303,-3.80885188965873,-0.194516,0.057808,-0.019916,0.978992,0.992523,-0.061485,-0.10544,0.016506,0.923534,-0.383162,F,BuildTutorial
2.428,0.047524,1.409934,2.437133,21.866854038276976,-11.532109062917492,-3.213000078143871,-0.1914,0.093314,0.008339,-0.977031,0.982446,-0.052016,0.179149,-0.019425,0.926593,0.375563,0.277137,1.127488,2.920351,-16.67617177636334,21.200800346961525,-0.6789249084151544,-0.143615,0.181166,0.020914,0.972685,0.933483,-0.01135,-0.358442,-0.092722,0.957875,-0.271806,0.047015,1.114015,2.990686,-21.12370568013806,6.161422415770177,-4.055956274497795,-0.184787,0.046322,-0.024893,0.981371,0.994469,-0.065979,-0.081718,0.03174,0.930468,-0.364996,F,BuildTutorial
2.461,0.048973,1.409564,2.439989,22.153335652452643,-9.730291457606056,-3.2611608331416244,-0.193721,0.07775,0.011537,-0.977903,0.987644,-0.052688,0.147594,-0.007559,0.924678,0.380674,0.270599,1.122087,2.903434,-16.830260909804682,20.384226443677004,-0.9808393975206848,-0.145528,0.173805,0.017561,0.97381,0.938967,-0.016385,-0.343616,-0.084789,0.957026,-0.277329,0.043767,1.118829,2.955482,-20.48831141178748,4.918317079712282,-4.102787668319436,-0.179077,0.035836,-0.027567,0.982796,0.995912,-0.06702,-0.060565,0.041351,0.934343,-0.353968,F,BuildTutorial
2.495,0.050528,1.408893,2.442309,22.595183480647147,-7.769427350049176,-3.1215857484904843,-0.197192,0.061088,0.013381,-0.978369,0.992178,-0.050276,0.114256,0.002092,0.921873,0.387487,0.264484,1.116528,2.88645,-17.901491130233662,19.098077909657245,-0.8374015920696526,-0.154623,0.162746,0.018691,0.974298,0.946329,-0.013907,-0.322907,-0.08675,0.951485,-0.295215,0.039822,1.122721,2.92259,-20.833987999299612,3.630036762216166,-3.6068099873442674,-0.181611,0.025448,-0.025212,0.982718,0.997434,-0.058796,-0.040859,0.04031,0.932764,-0.358228,F,BuildTutorial
2.528,0.051609,1.40814,2.444412,23.01669624214627,-5.951496564557665,-2.9397612185974538,-0.200481,0.045742,0.014748,-0.978518,0.99538,-0.047202,0.083606,0.010521,0.91918,0.393697,0.259162,1.110643,2.870653,-19.19477089107987,17.99243955302709,0.6623369062304159,-0.163779,0.15513,0.031699,0.973708,0.94986,0.010917,-0.312485,-0.112545,0.944343,-0.309112,0.039081,1.127649,2.886824,-22.06630197885067,2.6576346999747154,-2.708145515256901,-0.19181,0.018234,-0.018751,0.981084,0.998632,-0.043787,-0.028586,0.029797,0.925715,-0.377047,F,BuildTutorial
2.561,0.051925,1.407396,2.446506,23.54296982231573,-4.270533508634442,-2.911070080731998,-0.204728,0.031285,0.017251,-0.978167,0.997447,-0.046558,0.05414,0.020938,0.915578,0.401596,0.254966,1.106516,2.855023,-20.69725241327869,17.049041964345708,0.5387871371013144,-0.176965,0.146655,0.031202,0.972729,0.955037,0.008796,-0.296355,-0.112608,0.93542,-0.335126,0.037991,1.132835,2.854654,-23.55052261309554,2.5297290538367467,-3.549321000061014,-0.204595,0.015281,-0.025807,0.978387,0.998201,-0.056752,-0.019341,0.044247,0.91495,-0.401135,F,BuildTutorial
2.595,0.051774,1.406248,2.448195,24.38431122430691,-2.7733563412819584,-2.8625318835651976,-0.211654,0.018373,0.019298,-0.976981,0.99858,-0.045485,0.027731,0.02993,0.909661,0.414273,0.252886,1.103354,2.839041,-21.793064490951373,16.331406411193846,0.3816290894739146,-0.186654,0.140098,0.030087,0.97192,0.958935,0.006185,-0.283559,-0.110784,0.92851,-0.354395,0.031706,1.135491,2.831611,-24.37952073939432,2.664556755151928,-5.290376233693298,-0.211917,0.01296,-0.040194,0.976375,0.996433,-0.083981,-0.008271,0.072996,0.906951,-0.414863,F,BuildTutorial
2.628,0.051094,1.405731,2.44962,25.765105948082113,-1.4931253740979606,-2.7995249079192868,-0.223178,0.007252,0.020907,-0.974526,0.999021,-0.043987,0.004803,0.037513,0.899509,0.43529,0.248307,1.100722,2.826464,-22.10471018723486,15.417946202108814,1.0569239494158755,-0.188751,0.1334,0.034685,0.972304,0.962003,0.01709,-0.272504,-0.117807,0.92634,-0.357792,0.030153,1.140457,2.804339,-24.343700108227583,2.53250464758278,-5.64316953636966,-0.211601,0.011199,-0.043454,0.976326,0.995973,-0.08959,-0.003479,0.080111,0.906674,-0.414155,F,BuildTutorial
2.661,0.049926,1.40528,2.451427,27.036626068821924,-0.5731326897391164,-2.8443009819159366,-0.233802,-0.00094,0.022962,-0.972013,0.998944,-0.044199,-0.012564,0.045078,0.889619,0.454473,0.244284,1.098509,2.814687,-21.77922912845866,14.218788302003569,2.4279753338959305,-0.184848,0.12548,0.044021,0.973729,0.964634,0.039339,-0.260641,-0.132118,0.927787,-0.348937,0.026436,1.144349,2.779425,-24.129541535920136,2.0033385967667754,-5.055956135861504,-0.209536,0.007861,-0.039476,0.976972,0.99676,-0.080427,0.001183,0.073839,0.909073,-0.410042,F,BuildTutorial
2.695,0.048561,1.404084,2.453398,28.12452498652105,0.1309069686084501,-3.0263594622442556,-0.242862,-0.007524,0.025893,-0.969686,0.998546,-0.046562,-0.027168,0.05387,0.880696,0.470609,0.239587,1.096763,2.806024,-21.588557806094983,13.243900381579524,2.922195169381571,-0.183085,0.117984,0.04647,0.974885,0.967841,0.047404,-0.247058,-0.133809,0.928641,-0.346007,0.024779,1.147783,2.75811,-24.007340921037223,1.6794658508782538,-4.800784007281081,-0.20837,0.005613,-0.037917,0.977299,0.997062,-0.076452,0.004831,0.071774,0.910288,-0.407705,F,BuildTutorial
2.729,0.047147,1.402233,2.454855,29.2366828828817,0.4555277972330473,-3.1396459144884545,-0.252177,-0.010759,0.027511,-0.96723,0.998255,-0.047792,-0.034688,0.058645,0.871299,0.487235,0.236522,1.093946,2.797019,-22.006089428796084,12.641483547362036,2.623722603437185,-0.187177,0.112385,0.043344,0.974913,0.970982,0.042441,-0.235356,-0.126584,0.926172,-0.355221,0.025874,1.150798,2.736512,-24.10631984079785,1.9590646939878968,-4.6223527629411665,-0.209293,0.008285,-0.035865,0.97716,0.99729,-0.07356,-0.001178,0.066624,0.90982,-0.40962,F,BuildTutorial
2.761,0.045467,1.400386,2.456549,30.15019080470198,0.462046792632236,-3.4078001487070577,-0.259852,-0.011625,0.029759,-0.96512,0.997959,-0.051399,-0.037906,0.063483,0.863183,0.500884,0.236756,1.089829,2.78744,-22.864473987936385,12.1530118256518,2.6735928918166896,-0.194621,0.108326,0.043714,0.973898,0.972709,0.04298,-0.228011,-0.12731,0.920423,-0.369612,0.026526,1.152675,2.720033,-24.845758513468176,1.9308165460864235,-4.473420056029906,-0.215573,0.008047,-0.034487,0.975845,0.997492,-0.070778,-0.000837,0.063839,0.904678,-0.421287,F,BuildTutorial
2.795,0.043908,1.398821,2.458268,30.867668859075355,0.4625734995178353,-3.816657401877337,-0.265846,-0.012751,0.033173,-0.96336,0.997474,-0.057135,-0.042205,0.070694,0.856451,0.511365,0.235563,1.085942,2.779709,-23.606014014355345,11.761568649744808,3.140748596573279,-0.200646,0.105831,0.047634,0.972765,0.973062,0.050205,-0.225012,-0.135143,0.914945,-0.38028,0.021951,1.152537,2.714001,-25.12693705541628,-2.3467406763401017,-2.4979614311107157,-0.216988,-0.024723,-0.025724,0.975522,0.997454,-0.03946,0.0594,0.060919,0.904509,-0.422081,F,BuildTutorial
2.828,0.042762,1.397536,2.459967,31.29499137373355,0.5348116555326836,-4.049209954785014,-0.269388,-0.01402,0.035277,-0.962283,0.997118,-0.060339,-0.045988,0.075446,0.852371,0.517466,0.238509,1.080835,2.769951,-24.02637641950883,11.944052536688158,3.6217506628402303,-0.203688,0.108255,0.052385,0.971621,0.971073,0.057697,-0.231706,-0.145898,0.911534,-0.384474,0.024236,1.155335,2.704147,-25.27554640733145,-6.971021608111813,-0.9680822260933948,-0.217873,-0.061166,-0.021529,0.973821,0.99159,-0.015278,0.128511,0.068584,0.904136,-0.421705,F,BuildTutorial
2.861,0.042026,1.396224,2.461846,31.766485487593947,0.7548165000881685,-4.129722072967082,-0.273266,-0.016192,0.036456,-0.961111,0.996818,-0.061227,-0.051049,0.078926,0.847994,0.524097,0.240696,1.076271,2.762259,-23.953903524968297,12.363102357685378,4.136275750467572,-0.202376,0.112712,0.057428,0.971104,0.967996,0.065916,-0.242154,-0.157157,0.911492,-0.380111,0.031364,1.156205,2.696684,-24.694612621748945,-6.948091031629873,-3.4298929553547395,-0.211577,-0.065556,-0.042133,0.97425,0.987855,-0.054356,0.145564,0.109836,0.90692,-0.406733,F,BuildTutorial
2.894,0.041784,1.39514,2.463885,32.15078243541381,1.3094537928872396,-4.165674110521923,-0.276302,-0.021036,0.038083,-0.960086,0.996214,-0.061501,-0.061437,0.08475,0.844414,0.528945,0.241176,1.072283,2.755718,-24.21666955642358,12.296775395482202,4.936290360514519,-0.203851,0.113605,0.064309,0.970259,0.965916,0.078476,-0.246672,-0.17111,0.908618,-0.380965,0.042738,1.161503,2.690564,-18.806099628618664,-7.540930795178443,-6.955709777596816,-0.158789,-0.074646,-0.070442,0.981963,0.978932,-0.114636,0.168971,0.162048,0.939648,-0.301334,F,BuildTutorial
2.928,0.041772,1.39369,2.465577,32.55003311965268,2.0463293948805585,-4.053067888587634,-0.279422,-0.027039,0.038941,-0.958997,0.995505,-0.059578,-0.073622,0.089799,0.840814,0.533824,0.242457,1.068518,2.748759,-24.76500119460527,12.158158672840113,5.287575764882435,-0.208233,0.113163,0.067485,0.969164,0.96528,0.08368,-0.247452,-0.177937,0.904169,-0.38835,0.053684,1.172018,2.679107,-16.214211880357173,-10.748891017549248,-5.631900323229951,-0.135679,-0.099514,-0.061616,0.983815,0.972601,-0.094233,0.212527,0.148241,0.95559,-0.254702,F,BuildTutorial
2.961,0.042178,1.39194,2.46679,33.219131216596,2.6949404661695,-3.551113027801694,-0.284934,-0.031378,0.036402,-0.957342,0.995381,-0.051816,-0.080824,0.087579,0.834975,0.543274,0.244391,1.065528,2.741981,-25.299779871219812,12.166732148630585,5.486737381644189,-0.212561,0.113707,0.069619,0.968009,0.964448,0.086444,-0.249736,-0.183123,0.899942,-0.39569,0.06069,1.177239,2.670545,-15.986896939185904,-9.79932742072618,-5.000617220040874,-0.13473,-0.090545,-0.054909,0.985208,0.977573,-0.083796,0.193207,0.132592,0.957665,-0.255531,F,BuildTutorial
2.994,0.043016,1.390596,2.468174,33.73513321485187,3.5774235657431688,-3.3866718107144163,-0.28901,-0.038428,0.037318,-0.955827,0.994261,-0.049127,-0.095032,0.093551,0.830162,0.549618,0.246869,1.063312,2.735576,-25.33844497015801,12.263916505716104,6.008149672239942,-0.212306,0.115503,0.074234,0.96751,0.962297,0.0946,-0.25502,-0.192687,0.898831,-0.393668,0.067711,1.183425,2.65987,-17.222465542105127,-8.475760762584605,-4.4683272603192,-0.146358,-0.07883,-0.049495,0.984843,0.982672,-0.074414,0.169759,0.120564,0.95226,-0.280475,F,BuildTutorial
3.028,0.044417,1.388993,2.468897,34.214560391644575,4.999703823191076,-3.4563983263257705,-0.292491,-0.050531,0.041621,-0.954025,0.991429,-0.049856,-0.120764,0.108976,0.825433,0.553881,0.250165,1.061361,2.729592,-24.879337347681982,12.310220695178163,6.345877719944126,-0.208046,0.116397,0.0768,0.968127,0.961107,0.100273,-0.25733,-0.197137,0.901637,-0.384952,0.067877,1.18608,2.658113,-17.59263292428153,-8.182118269135351,-4.563025994682025,-0.149605,-0.076519,-0.050142,0.984504,0.983261,-0.075835,0.16567,0.121626,0.950208,-0.286901,F,BuildTutorial
3.061,0.046491,1.387266,2.468828,34.88532815071266,6.639625212802937,-3.0389226484784864,-0.297678,-0.063162,0.042607,-0.951621,0.98839,-0.043488,-0.145579,0.118696,0.819145,0.561171,0.254555,1.059578,2.723995,-24.743619468990342,12.296741408791048,6.1566932703084,-0.207097,0.115905,0.075067,0.968526,0.961862,0.097402,-0.255606,-0.193417,0.902951,-0.383756,0.075311,1.192421,2.647912,-18.44372295316459,-9.037936960122416,-3.0630971944487326,-0.157624,-0.082013,-0.038922,0.983318,0.983518,-0.05069,0.17356,0.102399,0.94728,-0.303605,F,BuildTutorial
3.094,0.049323,1.386061,2.468559,35.314856426838155,8.514997838263856,-2.5901548434263755,-0.300812,-0.07756,0.04399,-0.949506,0.984099,-0.036876,-0.173753,0.1302,0.815155,0.564421,0.260176,1.058537,2.718703,-24.996904669832837,12.003586189286583,6.4302164730322495,-0.209163,0.113992,0.077048,0.968153,0.962139,0.101503,-0.252955,-0.196874,0.900629,-0.387438,0.071958,1.190164,2.648702,-20.044423383039412,-8.751741708597882,-2.090683416776731,-0.172123,-0.078288,-0.031189,0.981464,0.985797,-0.034272,0.16441,0.088172,0.938802,-0.332982,F,BuildTutorial
3.128,0.053016,1.385081,2.468299,35.49088479695629,10.973165610760592,-1.9903121747002,-0.301765,-0.096319,0.045603,-0.947408,0.977286,-0.028277,-0.210029,0.14454,0.813717,0.563004,0.266853,1.057761,2.713866,-25.099950500751703,11.581263058330256,6.341681348569494,-0.210404,0.11029,0.075606,0.968427,0.96424,0.100028,-0.24543,-0.192849,0.900028,-0.390844,0.079212,1.191483,2.641476,-20.860012373394134,-7.31123934102034,-3.170610632903029,-0.178862,-0.06768,-0.038691,0.980781,0.987845,-0.051684,0.146599,0.100105,0.933023,-0.345611,F,BuildTutorial
3.161,0.057158,1.384199,2.467303,35.85401181816715,13.786495190889784,-1.0793534375639406,-0.304491,-0.117066,0.045838,-0.944182,0.968389,-0.015267,-0.248978,0.157849,0.810368,0.564258,0.27431,1.05705,2.709553,-25.410276376880685,11.1886130877583,6.286978561525159,-0.213342,0.106957,0.074647,0.968232,0.965976,0.098914,-0.238969,-0.190188,0.897826,-0.397161,0.079939,1.187823,2.644729,-19.959532254312624,-5.93371359817815,-6.622197320244461,-0.169835,-0.060886,-0.065762,0.981389,0.983937,-0.108395,0.141842,0.149757,0.933663,-0.325341,F,BuildTutorial
3.194,0.061314,1.383588,2.466002,36.09101035912082,16.41592642192986,-0.1746061440293665,-0.306392,-0.136211,0.045659,-0.941003,0.958724,-0.002462,-0.284329,0.169398,0.808079,0.564192,0.28248,1.056377,2.705499,-25.66513102501017,10.894529565597525,6.5683933484409724,-0.215434,0.105073,0.076655,0.967818,0.966167,0.103103,-0.236412,-0.193648,0.895425,-0.400893,0.084685,1.188599,2.640821,-19.82755490561596,-4.813207912054215,-8.023001461466354,-0.168699,-0.053296,-0.076063,0.981282,0.982748,-0.131297,0.13026,0.167261,0.93151,-0.322975,F,BuildTutorial
3.228,0.065599,1.383238,2.464691,36.04582726728843,18.837095228240155,0.6252548790856185,-0.306071,-0.153948,0.045512,-0.938376,0.948457,0.008823,-0.316782,0.179653,0.808498,0.560407,0.29104,1.055604,2.701529,-25.854518010571898,10.404467549523638,6.792197103554846,-0.217166,0.101416,0.077748,0.967734,0.96734,0.10643,-0.230056,-0.194526,0.893589,-0.404548,0.087226,1.189932,2.637136,-19.862924640951228,-4.148158194417422,-7.832020508631215,-0.16952,-0.047337,-0.073454,0.981645,0.984727,-0.128163,0.117841,0.160262,0.931735,-0.325862,F,BuildTutorial
3.261,0.069648,1.383054,2.463125,36.0482722007011,21.224935106451895,1.4059999124888436,-0.306251,-0.171383,0.045512,-0.93529,0.937113,0.01984,-0.348462,0.190106,0.808278,0.557268,0.299095,1.054901,2.697825,-26.208114734372565,9.481130184999817,7.618574222958062,-0.220098,0.095325,0.08318,0.967239,0.967988,0.118948,-0.22102,-0.202871,0.889276,-0.409917,0.084966,1.188933,2.638053,-20.032905995475115,-3.09527701616682,-6.500198904126177,-0.17208,-0.036411,-0.0605,0.982549,0.990028,-0.106358,0.092372,0.13142,0.933456,-0.333749,F,BuildTutorial
3.294,0.073166,1.383015,2.46172,35.94014759631151,23.23886757830729,1.660476500330332,-0.304942,-0.187186,0.048632,-0.932527,0.925193,0.02346,-0.378771,0.204863,0.809291,0.550527,0.307716,1.054776,2.694886,-26.286790881116183,9.158603472413956,8.388067690530896,-0.22037,0.094116,0.089097,0.966768,0.966408,0.130792,-0.221245,-0.213753,0.886998,-0.409322,0.083752,1.18771,2.638601,-20.04680006018746,-2.5676306790416303,-6.115831155864905,-0.172582,-0.031314,-0.056412,0.98288,0.991674,-0.100084,0.081027,0.1217,0.934067,-0.335721,F,BuildTutorial
3.328,0.076467,1.383001,2.460219,35.76445195278239,24.97431730859362,2.011894451547404,-0.303364,-0.20048,0.05007,-0.930199,0.914602,0.028486,-0.403352,0.214788,0.810926,0.544302,0.317193,1.055006,2.692233,-26.031627247006703,8.80686418250219,7.991042863898205,-0.218797,0.090271,0.084938,0.967866,0.969274,0.124915,-0.211908,-0.203918,0.889827,-0.408197,0.077953,1.183167,2.644681,-19.984192135816865,-2.018897643616542,-6.461050049172935,-0.172232,-0.027099,-0.058542,0.982942,0.991677,-0.105753,0.073438,0.124421,0.933818,-0.335415,F,BuildTutorial
3.361,0.079631,1.382855,2.458484,35.75300890205485,26.564360082590017,2.624838719847471,-0.303685,-0.211755,0.049291,-0.927635,0.905461,0.037166,-0.4228,0.220061,0.810692,0.542542,0.327482,1.055426,2.689824,-25.69630661419485,7.7108709688689485,7.623472644236069,-0.217016,0.08016,0.079586,0.969611,0.974481,0.119542,-0.189991,-0.189127,0.89314,-0.408083,0.080853,1.182894,2.64263,-20.248485985831856,-1.2081812050590972,-7.005660852466107,-0.174811,-0.021099,-0.061993,0.982422,0.991424,-0.11443,0.06313,0.129183,0.931196,-0.34086,F,BuildTutorial
3.394,0.082306,1.382661,2.45676,35.90401623581468,27.86906061542272,2.8973369713272255,-0.304846,-0.221453,0.050857,-0.924901,0.896744,0.040942,-0.440652,0.229094,0.808965,0.541379,0.336951,1.056098,2.687808,-25.892057876984783,6.025442122121532,8.404016013777678,-0.219369,0.067477,0.083055,0.969756,0.977098,0.131481,-0.167311,-0.19069,0.889959,-0.41426,0.078045,1.178831,2.647425,-20.605072471977035,0.0194412116738341,-7.800182443342287,-0.178443,-0.011998,-0.06689,0.981601,0.990764,-0.127036,0.047427,0.135601,0.927368,-0.348715,F,BuildTutorial
3.428,0.084963,1.382735,2.455517,35.85177181691266,29.04782626564189,2.8736065459297775,-0.30384,-0.231064,0.054069,-0.922696,0.887372,0.040634,-0.459261,0.240192,0.809516,0.535716,0.345886,1.058783,2.684839,-26.536901871103435,4.450394543797882,8.538583102527706,-0.225891,0.054759,0.081289,0.969209,0.980787,0.132832,-0.14287,-0.18231,0.884731,-0.428969,0.074434,1.172189,2.654867,-20.514525651291063,1.6691478879492323,-9.439431855554794,-0.178625,-0.000366,-0.078373,0.980791,0.987715,-0.153605,0.028717,0.153866,0.923902,-0.35033,F,BuildTutorial
3.461,0.087425,1.382801,2.454586,35.769920224056214,30.096829268778567,2.9982322996019386,-0.302938,-0.239245,0.055665,-0.920811,0.879327,0.04244,-0.474324,0.247465,0.810261,0.531261,0.353453,1.060892,2.684187,-27.86124418750504,3.411632576808958,9.114034459934013,-0.237584,0.04792,0.084224,0.966522,0.98122,0.140038,-0.132653,-0.185578,0.872921,-0.451187,0.076762,1.168373,2.65546,-19.784840131036148,2.8521392483227195,-12.045220971219113,-0.17337,0.006362,-0.099077,0.97984,0.980287,-0.196364,0.021887,0.191953,0.920253,-0.34101,F,BuildTutorial
3.494,0.089593,1.382688,2.453738,35.75558891939836,31.075516264620298,3.166269272182925,-0.302699,-0.24667,0.05687,-0.918854,0.871839,0.044823,-0.487737,0.253844,0.810279,0.528216,0.363944,1.061182,2.682258,-28.726681981856515,3.010255398137691,10.008026097200322,-0.24482,0.046979,0.090961,0.964149,0.979038,0.152397,-0.135128,-0.198403,0.863578,-0.463539,0.070047,1.159872,2.665474,-19.22027482630054,3.7035176962643215,-13.868884804333454,-0.169482,0.011482,-0.113622,0.978894,0.973916,-0.22634,0.016035,0.218557,0.916732,-0.33442,F,BuildTutorial
3.528,0.091751,1.382601,2.452882,35.69837155484648,32.12467758660907,3.4296942012973584,-0.302296,-0.254433,0.057396,-0.916835,0.863939,0.048582,-0.501247,0.259073,0.810646,0.525104,0.31623,1.080478,2.716858,-28.79158284962249,3.1521147162264844,10.201720397617802,-0.245172,0.048631,0.092896,0.963793,0.978011,0.155218,-0.139292,-0.20291,0.862522,-0.463555,0.065466,1.155336,2.670801,-19.09916476068699,4.2328841556956025,-14.170056288559426,-0.169014,0.015692,-0.11547,0.978701,0.972841,-0.231324,0.008317,0.220716,0.916202,-0.334452,F,BuildTutorial
3.56,0.093572,1.382352,2.451899,35.790786457996354,33.01387095952502,3.723358636490688,-0.303244,-0.260671,0.057621,-0.914753,0.85746,0.052676,-0.511847,0.263513,0.809445,0.524747,0.307863,1.086567,2.726376,-29.53388597392302,3.8488033469685745,10.364284363580303,-0.25077,0.055348,0.095814,0.961702,0.975512,0.156531,-0.154512,-0.212049,0.855868,-0.471726,0.065713,1.155602,2.669045,-18.96799492883757,4.490389720149988,-12.071517150392586,-0.167796,0.021114,-0.097213,0.98079,0.980208,-0.197777,-0.008793,0.183605,0.924788,-0.333251,F,BuildTutorial
3.595,0.094677,1.382111,2.451176,35.86552558216878,33.612193886524345,3.9126020722536223,-0.303969,-0.264865,0.057881,-0.913291,0.852993,0.055297,-0.518985,0.266745,0.808506,0.524562,0.309003,1.088715,2.72971,-29.91731976158501,3.9098985874584056,10.50620319836017,-0.253871,0.056438,0.09717,0.960689,0.974746,0.158044,-0.157775,-0.215355,0.852215,-0.476814,0.062119,1.15504,2.670644,-18.8823038581261,4.6933855258797506,-9.411095337189758,-0.166658,0.02681,-0.074162,0.982856,0.987563,-0.154717,-0.027981,0.136845,0.93345,-0.331578,F,BuildTutorial
3.627,0.094715,1.382418,2.451138,35.745717060994565,33.567246687060624,3.8248248905753433,-0.30284,-0.264864,0.058164,-0.913648,0.852928,0.05414,-0.519214,0.266706,0.80981,0.522567,0.314569,1.089318,2.729898,-29.998269915917657,3.3408175556012556,10.7248310933075,-0.254931,0.05221,0.097744,0.960589,0.97544,0.161164,-0.150141,-0.214404,0.850913,-0.47956,0.055093,1.152083,2.676226,-18.559485835505537,4.583847815207158,-7.751027757980015,-0.163425,0.028487,-0.060217,0.984304,0.991125,-0.127855,-0.036398,0.109233,0.939333,-0.32515,F,BuildTutorial
3.661,0.093695,1.382692,2.451244,35.6424415406311,32.99132316771304,3.6604121712589537,-0.301935,-0.260808,0.057702,-0.915142,0.857299,0.051884,-0.512198,0.263105,0.811012,0.522529,0.319393,1.090079,2.730351,-30.18338619480975,2.3102645240313637,10.798972367435203,-0.257325,0.043873,0.096061,0.960537,0.977695,0.161961,-0.133722,-0.20712,0.849112,-0.485912,0.054538,1.152015,2.675625,-18.347108233885745,4.66136486535667,-8.090822695791905,-0.161729,0.028809,-0.06312,0.984393,0.990372,-0.133588,-0.036302,0.114951,0.93972,-0.322046,F,BuildTutorial
3.694,0.091866,1.382996,2.451262,35.64656012263744,32.04371427467348,3.519109450231177,-0.302122,-0.2536,0.056344,-0.917188,0.865025,0.04988,-0.499244,0.256593,0.811095,0.525628,0.32453,1.091451,2.72996,-30.31481309224253,2.854588598224657,10.579181507476534,-0.258061,0.048037,0.09544,0.960202,0.977167,0.158491,-0.141509,-0.208077,0.848592,-0.486412,0.048262,1.149813,2.679222,-19.363095673553445,4.76501634693782,-7.500248663306686,-0.170347,0.029901,-0.057442,0.983254,0.991613,-0.123147,-0.03923,0.102773,0.935365,-0.338423,F,BuildTutorial
3.728,0.089473,1.383186,2.45118,35.63111917179987,30.8209309841324,3.0755478476573757,-0.301637,-0.244983,0.056642,-0.919669,0.873551,0.043609,-0.484776,0.251975,0.811614,0.52706,0.329502,1.092054,2.729214,-30.747842396064016,4.1651240259125055,9.42662109047767,-0.261167,0.056691,0.088779,0.959529,0.977809,0.140761,-0.155166,-0.199985,0.84782,-0.491129,0.04477,1.147905,2.682443,-20.031676757736353,5.0546095253025705,-7.948286636326707,-0.176343,0.031277,-0.060533,0.981968,0.990715,-0.129914,-0.040078,0.107852,0.930478,-0.350113,F,BuildTutorial
3.763,0.086785,1.38331,2.450823,35.69668299386034,29.597219002033075,2.4403004269718243,-0.301442,-0.236764,0.058672,-0.921756,0.881001,0.034578,-0.471849,0.250904,0.81138,0.527929,0.333291,1.093434,2.729822,-31.855643121905928,8.36089583513636,6.378737415990968,-0.269372,0.085218,0.073332,0.956451,0.974721,0.094366,-0.202521,-0.186187,0.844123,-0.502784,0.045636,1.146867,2.682827,-19.77692953637439,5.2300208639914345,-9.174287196490972,-0.174597,0.031083,-0.070895,0.981592,0.988016,-0.150034,-0.036265,0.128326,0.92898,-0.347173,F,BuildTutorial
3.794,0.084484,1.383496,2.45039,35.67843174974455,28.407000731965585,1.9743794707006856,-0.300962,-0.228418,0.059257,-0.923978,0.888628,0.027987,-0.457774,0.246994,0.811822,0.529094,0.335472,1.094075,2.729586,-32.34215777744614,10.908570351327583,5.321196559971771,-0.272709,0.104062,0.070825,0.953827,0.96831,0.078353,-0.237143,-0.191867,0.841227,-0.505493,0.041726,1.144092,2.686939,-19.90116737385772,4.948303361298528,-9.201940352435852,-0.175492,0.028534,-0.0715,0.981466,0.988147,-0.150364,-0.030916,0.130334,0.928181,-0.34856,F,BuildTutorial
3.827,0.082403,1.383543,2.449543,35.71949307541398,27.34813735425961,1.5119636973253765,-0.300938,-0.221055,0.060292,-0.925708,0.894999,0.021422,-0.445554,0.244673,0.811603,0.530505,0.335385,1.094058,2.729229,-32.874463908932945,11.177680676763591,5.809876427751131,-0.276524,0.107561,0.075899,0.951948,0.96534,0.085018,-0.24676,-0.20399,0.835548,-0.510144,0.041624,1.144066,2.687901,-20.16350656722931,4.822621499822735,-8.871082791591737,-0.177578,0.027773,-0.068733,0.981311,0.989009,-0.144762,-0.030097,0.125034,0.927484,-0.352336,F,BuildTutorial
3.86,0.080608,1.383857,2.448532,35.702300445101784,26.60796520735974,1.0267300138266684,-0.300269,-0.216357,0.062239,-0.926906,0.898633,0.014551,-0.438461,0.245309,0.81193,0.529711,0.334455,1.092501,2.727261,-33.08555751644212,9.489801308994569,7.480917887284378,-0.277978,0.097638,0.085825,0.951751,0.966202,0.109086,-0.23357,-0.217651,0.830724,-0.512372,0.040204,1.142918,2.688029,-20.213452555034348,4.230709758181528,-7.718788626159309,-0.177411,0.024453,-0.059756,0.982017,0.991663,-0.126038,-0.026825,0.108685,0.929909,-0.351363,F,BuildTutorial
3.894,0.078947,1.38434,2.447754,35.55395821653318,26.00581633869656,0.7521508107535723,-0.298884,-0.2123,0.062604,-0.928266,0.902019,0.010679,-0.431565,0.243134,0.813498,0.528307,0.33196,1.089882,2.725142,-32.92169975962544,8.031735403903932,8.98388703604691,-0.276536,0.089094,0.094708,0.952166,0.966185,0.131081,-0.222045,-0.229631,0.829117,-0.50974,0.037959,1.14033,2.69016,-20.560461216195034,4.746599287242399,-8.185623020832416,-0.180763,0.027915,-0.062795,0.981123,0.990555,-0.133311,-0.032074,0.113127,0.926763,-0.358207,F,BuildTutorial
3.927,0.077471,1.384958,2.447075,35.371064279374295,25.427469216893765,0.7013836719682096,-0.297622,-0.207861,0.061169,-0.929771,0.906105,0.00998,-0.422936,0.237475,0.815359,0.52801,0.328532,1.087811,2.722353,-33.4823905128201,7.153092669867014,9.863565349330202,-0.281288,0.084232,0.100068,0.950667,0.965783,0.142877,-0.216449,-0.23765,0.821727,-0.517964,0.035069,1.137172,2.696145,-20.042658916889746,5.762197215896892,-8.86688594928928,-0.177101,0.035914,-0.067305,0.981232,0.98836,-0.144805,-0.04664,0.119363,0.92821,-0.352389,F,BuildTutorial
3.961,0.076295,1.385674,2.446702,35.082522879954325,24.92995375745858,0.8467634448153784,-0.295801,-0.203626,0.058172,-0.93148,0.910305,0.012093,-0.413762,0.228839,0.818235,0.527375,0.323827,1.086039,2.719933,-33.200471448491825,6.120818555639338,10.920175229415362,-0.279122,0.078077,0.10624,0.951161,0.965234,0.158517,-0.207835,-0.245689,0.821608,-0.514391,0.037166,1.137649,2.694685,-19.863813647663157,6.442788737242506,-8.248425148261816,-0.17574,0.042824,-0.061062,0.981607,0.988875,-0.13493,-0.062611,0.104826,0.930774,-0.350246,F,BuildTutorial
3.994,0.074831,1.386387,2.446462,34.839699834470096,24.41905572129999,0.7837013002405508,-0.293973,-0.199782,0.056934,-0.932966,0.913692,0.011227,-0.406253,0.223695,0.820676,0.525786,0.320155,1.086416,2.71657,-32.222233095715,4.174256779513931,9.834985349337948,-0.273297,0.058632,0.092369,0.955688,0.976061,0.144503,-0.162556,-0.208599,0.833553,-0.511542,0.035179,1.134257,2.697525,-18.933758107585703,7.545656978362383,-8.463507350972236,-0.168463,0.052617,-0.061835,0.982359,0.986816,-0.139217,-0.082544,0.103761,0.935594,-0.337489,F,BuildTutorial
4.028,0.073114,1.387019,2.446519,34.68474499619783,23.747125711465152,0.6744472204895212,-0.292854,-0.194679,0.055832,-0.934462,0.917966,0.00968,-0.396542,0.21837,0.822239,0.525583,0.317735,1.08685,2.713726,-32.43450924386334,3.134707220040471,8.273388630793091,-0.276554,0.046334,0.076859,0.956799,0.983892,0.12145,-0.131176,-0.172706,0.835222,-0.52209,0.027773,1.126859,2.707407,-18.29902672787593,8.886750118149653,-9.08098697676444,-0.164091,0.063698,-0.065641,0.982196,0.983268,-0.14985,-0.103585,0.108041,0.937531,-0.330701,F,BuildTutorial
4.06,0.071161,1.387723,2.446823,34.457480519020706,22.85633096634202,0.5134404461829513,-0.29116,-0.187946,0.054491,-0.936447,0.923414,0.007388,-0.383735,0.211502,0.824514,0.524828,0.312185,1.086869,2.713729,-32.20116606889832,3.1948348920327208,8.916128752741718,-0.274296,0.04825,0.082359,0.956896,0.981778,0.131148,-0.137522,-0.184087,0.835958,-0.516998,0.026812,1.124691,2.708938,-17.830091913531753,9.70148229123757,-9.127062916491624,-0.160572,0.070988,-0.065259,0.982303,0.981404,-0.151005,-0.118505,0.105411,0.939916,-0.324726,F,BuildTutorial
4.094,0.068718,1.38824,2.447526,34.16500669282767,21.60438994405072,0.1669517726966708,-0.288804,-0.17873,0.053686,-0.939024,0.930347,0.002412,-0.366673,0.20406,0.82742,0.523198,0.309412,1.086314,2.712619,-31.50172406754554,5.574488537999049,8.786805916440835,-0.266752,0.067434,0.086802,0.957477,0.975836,0.130246,-0.175442,-0.202198,0.842618,-0.49911,0.026384,1.124879,2.707515,-17.78367885040853,9.743953674597083,-7.64427298952876,-0.159262,0.073456,-0.052522,0.983098,0.983691,-0.126666,-0.127699,0.079871,0.943754,-0.320857,F,BuildTutorial
4.127,0.066077,1.388581,2.448262,34.02983007861467,20.220731608886233,-0.1348706407079692,-0.287879,-0.1682,0.052476,-0.941319,0.93791,-0.00195,-0.346872,0.195635,0.828745,0.524318,0.305894,1.084521,2.711555,-30.105950742973658,4.78041056011099,8.831548951592733,-0.255615,0.060133,0.085086,0.961148,0.978289,0.132819,-0.159092,-0.194302,0.854843,-0.481134,0.02245,1.122808,2.711603,-17.64734238705344,9.89680082007055,-6.536143905779435,-0.157433,0.076387,-0.042913,0.983635,0.984647,-0.108472,-0.136763,0.060369,0.946747,-0.316269,F,BuildTutorial
4.161,0.06328,1.388871,2.44903,33.904820428484406,18.665845908167892,-0.4229720622155633,-0.287143,-0.156185,0.050769,-0.943704,0.946058,-0.006128,-0.32394,0.185517,0.829943,0.526097,0.302121,1.081612,2.709419,-29.03049246243227,3.28975504058333,6.255167647603733,-0.248645,0.041416,0.05998,0.965848,0.989374,0.095268,-0.10983,-0.136459,0.869156,-0.475339,0.022299,1.123098,2.709756,-17.431933544222236,9.69321528570021,-5.920822560476395,-0.155106,0.075603,-0.038081,0.984264,0.985668,-0.098417,-0.137014,0.051511,0.948984,-0.31109,F,BuildTutorial
4.194,0.060156,1.389222,2.450046,33.71080086783763,16.901007561376097,-0.8534672657580321,-0.285754,-0.142774,0.04966,-0.946306,0.954299,-0.01239,-0.298597,0.175583,0.831757,0.526641,0.297786,1.078943,2.707088,-28.50523635040351,3.084847641950566,6.412174067474984,-0.244264,0.039812,0.060803,0.966981,0.989436,0.09814,-0.106699,-0.137039,0.873276,-0.467557,0.015151,1.117741,2.716366,-16.850132875829072,10.011741994895829,-5.166518936530004,-0.149699,0.07965,-0.031643,0.98501,0.985309,-0.086184,-0.147439,0.03849,0.953178,-0.299951,F,BuildTutorial
4.228,0.057117,1.389511,2.450935,33.589697623693816,15.303735129058156,-1.3001820195225526,-0.284908,-0.130715,0.049237,-0.948323,0.960979,-0.018903,-0.275976,0.16787,0.832806,0.527497,0.295095,1.076656,2.705067,-27.996571820979995,3.9812225250123863,5.842683467727776,-0.239715,0.045981,0.057813,0.968029,0.989087,0.089885,-0.116739,-0.133974,0.878388,-0.458786,0.008894,1.111761,2.724264,-15.594168986584744,10.656485669373428,-3.4600056042293046,-0.137795,0.087883,-0.017189,0.986405,0.983962,-0.05813,-0.168639,0.009691,0.961434,-0.274864,F,BuildTutorial
4.261,0.054208,1.389776,2.451667,33.52638582428207,13.943249745357996,-1.6979625367962117,-0.284531,-0.120449,0.049086,-0.949803,0.966165,-0.024701,-0.256739,0.161787,0.833265,0.528672,0.27132,1.079012,2.708125,-27.653608292817793,4.27215657403675,4.7217361247561875,-0.237128,0.046,0.048872,0.969157,0.990991,0.072914,-0.11234,-0.116545,0.882763,-0.455133,0.007815,1.110474,2.724792,-14.528180550005908,10.443917913457716,-2.994326410490771,-0.128234,0.086963,-0.014306,0.98782,0.984466,-0.050566,-0.168138,0.00596,0.966703,-0.255833,F,BuildTutorial
4.294,0.051496,1.389882,2.452618,33.4423717169976,12.650187395570246,-1.919369593533824,-0.284156,-0.110286,0.047636,-0.951222,0.971135,-0.027948,-0.236886,0.153303,0.833972,0.530084,0.267507,1.07638,2.704717,-26.74281385753354,3.5349420210193374,5.2009624764162785,-0.229553,0.040464,0.051246,0.971104,0.991473,0.080953,-0.102117,-0.118108,0.889359,-0.441692,0.001964,1.106027,2.731306,-13.995681878132576,10.79041061672168,-2.801170010099699,-0.123537,0.090332,-0.012701,0.988138,0.983358,-0.04742,-0.175384,0.002782,0.969155,-0.246437,F,BuildTutorial
4.327,0.049155,1.389825,2.453401,33.43836766248312,11.589366832928372,-1.986611418489001,-0.284492,-0.101643,0.045559,-0.952186,0.975186,-0.028928,-0.219489,0.144595,0.833978,0.532517,0.261917,1.074595,2.702315,-25.77524507144456,2.197256063200181,6.442156849863003,-0.221596,0.031191,0.059033,0.97285,0.991085,0.101037,-0.086852,-0.128684,0.894821,-0.427476,-0.002954,1.101702,2.737475,-13.751005883115766,11.173619202042271,-2.756477370719581,-0.121434,0.09376,-0.012115,0.988087,0.982124,-0.046712,-0.182345,0.001169,0.970214,-0.242245,F,BuildTutorial
4.36,0.046676,1.389988,2.454126,33.380363931925444,10.601002903577005,-2.027454147862445,-0.284358,-0.093533,0.043401,-0.953157,0.978736,-0.029543,-0.202986,0.13593,0.834514,0.533957,0.256853,1.074757,2.69973,-25.31265548081429,2.082735431076065,6.941389377729414,-0.217591,0.030962,0.063032,0.97351,0.990137,0.109251,-0.087713,-0.136199,0.897362,-0.419751,-0.006549,1.098362,2.741548,-13.104960496306838,10.931451989020196,-1.7225102050957286,-0.115004,0.09291,-0.003997,0.989003,0.982704,-0.029276,-0.182857,-0.013464,0.973516,-0.22822,F,BuildTutorial
4.394,0.043954,1.390113,2.454754,33.26227843236299,9.478473718224476,-2.207323331326869,-0.283653,-0.084644,0.042035,-0.954259,0.982137,-0.032205,-0.185392,0.128244,0.835548,0.53424,0.251961,1.077318,2.697155,-25.509418940426908,2.3327556112507852,6.171637307429995,-0.219343,0.031707,0.05698,0.973466,0.991496,0.097026,-0.086728,-0.124845,0.897284,-0.423433,-0.008196,1.095925,2.743047,-12.104047637321909,10.62018422249994,-2.7677787852817053,-0.107171,0.089468,-0.014159,0.990106,0.98359,-0.047215,-0.17413,0.008861,0.976628,-0.214755,F,BuildTutorial
4.427,0.041072,1.390501,2.455315,33.09759314065319,8.489527009120883,-2.379520508800345,-0.282516,-0.076834,0.040927,-0.955304,0.984843,-0.034781,-0.169925,0.121609,0.837019,0.533489,0.246391,1.080922,2.694478,-25.871850495062272,1.5858985173297793,5.92785128044754,-0.222843,0.025044,0.053484,0.973064,0.993025,0.092925,-0.072575,-0.115248,0.894961,-0.431002,-0.01004,1.09275,2.745112,-11.343367774485367,10.291516364934091,-4.727629185578189,-0.102027,0.085115,-0.032021,0.990616,0.98346,-0.080809,-0.162099,0.046073,0.97713,-0.207591,F,BuildTutorial
4.461,0.03793,1.391093,2.455581,32.8505758733122,7.325629841230349,-2.568650838790891,-0.280743,-0.067587,0.039515,-0.956585,0.987741,-0.03765,-0.151492,0.113548,0.839244,0.531767,0.240257,1.085163,2.692046,-26.72320355474914,0.61751801511694,6.840793723718013,-0.230368,0.019021,0.059289,0.971109,0.992246,0.106388,-0.064259,-0.123916,0.88683,-0.445171,-0.010004,1.089283,2.745918,-10.639530215117158,10.58152611618658,-10.381592130420437,-0.100247,0.083084,-0.081185,0.988158,0.973012,-0.177106,-0.147923,0.14379,0.966719,-0.211611,F,BuildTutorial
4.494,0.034336,1.391645,2.455543,32.63971406853657,5.917434803552046,-3.00180102042691,-0.279231,-0.05687,0.039603,-0.95772,0.990395,-0.044097,-0.131048,0.107616,0.840924,0.530345,0.235116,1.089823,2.6896,-27.876041002791577,0.314791529329225,7.267091800555888,-0.240218,0.017926,0.062169,0.96856,0.991627,0.111817,-0.064593,-0.129041,0.876861,-0.463102,0.022433,1.105186,2.710775,-9.801794075295048,10.813356597157178,-18.913081054706954,-0.099321,0.07863,-0.15503,0.979754,0.939566,-0.319403,-0.123281,0.288164,0.932202,-0.219,F,BuildTutorial
4.527,0.030531,1.392098,2.455236,32.53886476147283,4.586398191239808,-3.324989366876223,-0.278698,-0.046516,0.039033,-0.958457,0.992625,-0.048896,-0.110924,0.100751,0.841608,0.530609,0.230283,1.094569,2.687596,-28.76707555181063,0.1271130397158185,6.213531267914118,-0.247988,0.014536,0.052773,0.967215,0.994007,0.094877,-0.054293,-0.109296,0.871434,-0.478182,0.018993,1.097499,2.718099,-8.521952350331762,11.384699608659814,-24.941289079032178,-0.093548,0.080614,-0.207085,0.970498,0.901234,-0.417034,-0.117727,0.386869,0.896729,-0.214965,F,BuildTutorial
4.56,0.026813,1.392696,2.454804,32.34762781637417,3.4075655838373056,-3.5008361405204007,-0.277427,-0.037047,0.037602,-0.959296,0.994427,-0.051587,-0.091941,0.092698,0.843241,0.529483,0.225172,1.098054,2.686019,-29.159313032799048,-0.5783534765651726,5.8914849117082,-0.251641,0.008058,0.048466,0.966573,0.995172,0.089636,-0.03997,-0.097747,0.868656,-0.485677,0.015492,1.093302,2.72155,-7.730993838014479,11.720489183802378,-21.67880155382692,-0.085023,0.087441,-0.179888,0.976097,0.919989,-0.366045,-0.140113,0.336307,0.920823,-0.19744,F,BuildTutorial
4.594,0.023206,1.393393,2.454393,32.096598243710964,2.349824077706572,-3.584845138729616,-0.275638,-0.028341,0.035719,-0.96018,0.995842,-0.052969,-0.074115,0.084216,0.845496,0.527299,0.220038,1.100558,2.684772,-29.605366958327465,-1.362012820569661,6.278674576421014,-0.255719,0.002517,0.049911,0.965459,0.995005,0.095086,-0.030385,-0.09766,0.864234,-0.493521,0.008762,1.088794,2.726002,-7.147501957591536,11.527598839169242,-13.686012154138194,-0.073519,0.092129,-0.112101,0.986682,0.957891,-0.234763,-0.165321,0.20767,0.964057,-0.165736,F,BuildTutorial
4.627,0.01976,1.394006,2.453963,31.889122511173216,1.5207934775723846,-3.522182677123107,-0.274161,-0.021196,0.033191,-0.960877,0.996898,-0.052164,-0.058932,0.075408,0.847469,0.525462,0.215638,1.102428,2.683374,-30.008945853757112,-1.934193395010924,6.624233391381161,-0.259367,-0.00132,0.051435,0.964407,0.994705,0.099894,-0.024135,-0.098524,0.860166,-0.500407,0.004035,1.084519,2.726816,-5.316126491551876,10.305729162174254,-9.39220931862334,-0.053378,0.085634,-0.077301,0.991888,0.973383,-0.16249,-0.161626,0.144206,0.982351,-0.119129,F,BuildTutorial
4.66,0.016663,1.394573,2.45357,31.65349047815337,0.8815979666901316,-3.338145695100368,-0.27239,-0.015342,0.030119,-0.961593,0.997715,-0.049566,-0.045914,0.066283,0.849793,0.522933,0.211748,1.103508,2.682497,-30.32939882155581,-2.3222818697619805,6.620941432969535,-0.262234,-0.004423,0.050432,0.963676,0.994874,0.09952,-0.017925,-0.09488,0.85738,-0.505863,0.001919,1.08366,2.727226,-3.7465698582388183,9.778479710845463,-9.59440560414927,-0.03958,0.082162,-0.080504,0.992573,0.973537,-0.166317,-0.156732,0.153309,0.983905,-0.091801,F,BuildTutorial
4.694,0.01373,1.395209,2.453208,31.37477513531172,0.1972938729157726,-3.1289262433826965,-0.270242,-0.009039,0.02675,-0.962378,0.998406,-0.046602,-0.031855,0.056372,0.852507,0.519667,0.208154,1.103666,2.681405,-30.47784419470413,-3.0905264148195344,7.0406035219233045,-0.263851,-0.009836,0.052147,0.963103,0.994368,0.105637,-0.008573,-0.095256,0.855326,-0.509258,0.000706,1.084016,2.727733,-3.831768865777693,9.691779442663677,-11.387960363850828,-0.041525,0.080707,-0.095995,0.991235,0.968543,-0.19701,-0.152026,0.183605,0.978121,-0.097818,F,BuildTutorial
4.727,0.010721,1.396011,2.453074,31.01902429327364,-0.5837173885275321,-2.9927671920093144,-0.267432,-0.002076,0.023801,-0.963281,0.998858,-0.044744,-0.01673,0.046965,0.855827,0.515126,0.205136,1.103185,2.680618,-30.483830483251168,-3.7303796923723302,7.466945036531711,-0.264243,-0.014227,0.054253,0.962824,0.993708,0.111991,-0.001276,-0.096954,0.854464,-0.510383,-0.001516,1.086787,2.727008,-7.277820892777843,9.98551133373762,-12.953375168679235,-0.072621,0.079168,-0.106656,0.988475,0.964714,-0.222353,-0.141021,0.199356,0.966701,-0.160456,F,BuildTutorial
4.76,0.007763,1.396744,2.452849,30.67341488511561,-1.4513766760416624,-2.935099438675847,-0.264696,0.005437,0.021348,-0.964081,0.999029,-0.04404,-0.000818,0.038284,0.858961,0.510608,0.202734,1.102055,2.679626,-30.47080451321776,-3.9640613921280896,7.96714190429169,-0.264312,-0.015045,0.057922,0.962579,0.992837,0.119463,-0.001655,-0.103557,0.853568,-0.510585,-0.002537,1.092027,2.724637,-12.051964605175964,10.433246663742818,-16.330658542160567,-0.116327,0.074654,-0.131212,0.981671,0.95442,-0.274983,-0.116045,0.240246,0.938503,-0.24798,F,BuildTutorial
4.794,0.005176,1.39739,2.452571,30.378720589232763,-2.25920342906244,-2.8932034439141816,-0.262356,0.012406,0.019195,-0.964701,0.998955,-0.043544,0.013865,0.030524,0.861602,0.506667,0.200757,1.099856,2.678752,-30.188317408074074,-4.071375568935298,8.30367026143227,-0.262042,-0.015365,0.060632,0.963028,0.992175,0.124833,-0.002182,-0.108727,0.855316,-0.50657,-0.006051,1.097036,2.721839,-17.02890415479574,9.929432018426374,-18.240552931689816,-0.159205,0.061126,-0.143521,0.974843,0.951331,-0.299283,-0.073478,0.260357,0.908111,-0.327945,F,BuildTutorial
4.827,0.002851,1.398244,2.452424,30.09808164190426,-3.0185076154450052,-2.8387670063888555,-0.260106,0.018998,0.017076,-0.965242,0.998695,-0.042847,0.027791,0.023082,0.864106,0.50278,0.19934,1.097132,2.67775,-29.794731517974355,-4.061815398968632,8.287334162628833,-0.25873,-0.015593,0.060698,0.963915,0.992145,0.125084,-0.001349,-0.108947,0.858749,-0.500681,-0.009345,1.101922,2.718489,-21.438277798936223,10.116402935018687,-19.70003274885511,-0.197359,0.053658,-0.151273,0.967102,0.948475,-0.313772,-0.044076,0.271412,0.876332,-0.397967,F,BuildTutorial
4.86,0.000809,1.399031,2.452389,29.808853773152588,-3.689691870011013,-2.788357185948658,-0.257755,0.024846,0.015222,-0.965771,0.998302,-0.042211,0.040144,0.016594,0.866662,0.49862,0.198611,1.093775,2.676328,-29.387979972656204,-3.747436999967159,7.80081989532168,-0.255085,-0.014309,0.057488,0.965102,0.992981,0.118263,-0.00171,-0.103663,0.863254,-0.494011,-0.012509,1.104996,2.714799,-23.26941735324959,11.567153431523854,-19.789973633428662,-0.214621,0.062753,-0.147435,0.963464,0.94865,-0.311033,-0.057636,0.257161,0.864401,-0.432064,F,BuildTutorial
4.893,-0.000815,1.399768,2.452332,29.55843456536963,-4.264787100608997,-2.6412428081012767,-0.25568,0.030093,0.01278,-0.966209,0.997862,-0.040085,0.051617,0.009308,0.868928,0.49485,0.19845,1.089703,2.674125,-28.855548445622063,-3.2139539548691647,7.088581177450501,-0.250264,-0.01171,0.052873,0.966662,0.994135,0.108082,-0.003824,-0.096359,0.869145,-0.48508,-0.017535,1.104778,2.714214,-22.141451126892665,11.890063786096352,-17.479320188450387,-0.204215,0.071447,-0.128658,0.967801,0.956685,-0.278211,-0.085745,0.219849,0.883487,-0.413663,F,BuildTutorial
4.927,-0.002105,1.400516,2.452398,29.279564101998904,-4.774294488442403,-2.474185609634938,-0.253333,0.034838,0.010346,-0.966696,0.997359,-0.037655,0.062114,0.002352,0.871431,0.490512,0.198114,1.084812,2.67181,-28.173185782701648,-2.783961548600698,6.329041079193746,-0.244246,-0.010094,0.047624,0.968491,0.99526,0.097177,-0.003713,-0.087316,0.876151,-0.474062,-0.028004,1.103503,2.716857,-19.26899646140028,9.52430783411086,-5.605049524952703,-0.170587,0.073596,-0.03416,0.981996,0.986834,-0.092198,-0.132887,0.04198,0.939467,-0.340059,F,BuildTutorial
4.96,-0.003098,1.40117,2.452433,29.06831499541881,-5.265688944062852,-2.2905665628898437,-0.251531,0.039446,0.007802,-0.967014,0.996766,-0.034934,0.072365,-0.004754,0.873343,0.487083,0.198021,1.07928,2.668899,-27.42798318324433,-2.427096075891616,5.6742242723450245,-0.23775,-0.008818,0.04306,0.970331,0.996136,0.087758,-0.003363,-0.079372,0.883242,-0.462152,-0.039552,1.101856,2.719943,-16.29059117331896,6.472306021755806,6.8032895920067515,-0.137893,0.064177,0.066627,0.986118,0.982885,0.113704,-0.144946,-0.149102,0.953093,-0.263405,F,BuildTutorial
4.995,-0.003733,1.401746,2.452358,28.94886657888492,-5.7085704453029935,-2.166715596144804,-0.250505,0.043487,0.00584,-0.967121,0.99615,-0.033084,0.081189,-0.010491,0.874426,0.485045,0.198279,1.072774,2.665472,-26.458789805415073,-1.7886738930153765,4.905388349224988,-0.229263,-0.005388,0.038085,0.972604,0.997041,0.076554,-0.006983,-0.071613,0.891976,-0.446374,-0.046784,1.101406,2.720527,-15.86652225230482,4.474641096892344,7.761966263155388,-0.134981,0.047911,0.072361,0.98704,0.984937,0.129913,-0.114115,-0.155781,0.953088,-0.259529,F,BuildTutorial
5.027,-0.004147,1.402337,2.452551,28.784387625192966,-6.129286233384473,-2.093468975546928,-0.249107,0.047242,0.004383,-0.967313,0.995498,-0.032017,0.089213,-0.015057,0.875853,0.482343,0.198657,1.065282,2.661998,-25.165164773398917,-1.008018343704777,3.9887355400021582,-0.218005,-0.000999,0.032049,0.975421,0.997944,0.062958,-0.012024,-0.062086,0.902893,-0.425358,-0.052394,1.105019,2.719304,-18.856954413995577,3.566838736909076,3.1212439773348195,-0.16284,0.035149,0.03195,0.985508,0.995488,0.051526,-0.079684,-0.07442,0.944925,-0.318715,F,BuildTutorial
5.06,-0.004298,1.403008,2.453018,28.522422274538144,-6.599514110659649,-2.002932229139264,-0.246872,0.051479,0.002734,-0.967676,0.994685,-0.030709,0.098279,-0.020125,0.878094,0.478065,0.198747,1.057024,2.657705,-23.8518983774162,-0.506847296699409,3.158989616342154,-0.206686,0.00137,0.026055,0.978059,0.998639,0.0504,-0.013451,-0.051533,0.913204,-0.404231,-0.060825,1.108138,2.718958,-21.24050632648977,1.841011980277082,4.223785524392129,-0.183568,0.02257,0.039174,0.981967,0.995912,0.068649,-0.058709,-0.085221,0.929536,-0.358747,F,BuildTutorial
5.093,-0.004271,1.403675,2.45364,28.296911507016592,-7.015221499628073,-1.9865329858740977,-0.244969,0.055087,0.001825,-0.967963,0.993924,-0.030523,0.105751,-0.023455,0.879974,0.474443,0.198796,1.048845,2.653281,-22.513660928601222,-0.1998555642388327,2.493360913412299,-0.195198,0.002537,0.020998,0.980536,0.999105,0.040187,-0.013173,-0.042168,0.922914,-0.382691,-0.069389,1.109682,2.718951,-21.403306485493236,-0.4593913985499412,10.321533466749347,-0.185295,0.01278,0.087644,0.978683,0.98431,0.166816,-0.057494,-0.176288,0.915969,-0.360449,F,BuildTutorial
5.127,-0.004107,1.404295,2.454355,28.088378251705873,-7.402342763077759,-1.9742235651094404,-0.243207,0.058442,0.001015,-0.968212,0.993167,-0.030393,0.112674,-0.026461,0.881698,0.471071,0.199092,1.04035,2.648885,-20.981250515599378,0.0398689058102586,1.7194494876281812,-0.182049,0.003074,0.014817,0.983173,0.999542,0.028017,-0.011439,-0.030255,0.933277,-0.357881,-0.075365,1.109274,2.720124,-20.848607053536995,-2.1663985533001537,12.08807936258179,-0.181856,0.000559,0.100135,0.978213,0.979946,0.195702,-0.037515,-0.196109,0.913803,-0.355676,F,BuildTutorial
5.16,-0.003637,1.404841,2.455065,27.928899129414827,-7.828133553228626,-2.012299009191837,-0.241883,0.062005,0.000531,-0.968322,0.99231,-0.031025,0.119825,-0.028967,0.882984,0.468508,0.199815,1.032103,2.644279,-19.56603985330458,0.5538142562495562,0.8959564485329274,-0.169873,0.006091,0.008526,0.98541,0.99978,0.014733,-0.014901,-0.018872,0.942141,-0.334685,-0.079902,1.110028,2.721617,-21.335518543956283,-3.1026850433428756,10.721696806056157,-0.186722,-0.0092,0.08679,0.978528,0.984766,0.173288,-0.014406,-0.166416,0.915205,-0.367022,F,BuildTutorial
5.193,-0.003118,1.405239,2.456057,27.788995563708355,-8.276812477946287,-2.0889134486891687,-0.240746,0.065677,0.000322,-0.968364,0.991373,-0.032247,0.127043,-0.030999,0.884082,0.466302,0.201382,1.024096,2.639825,-18.0922221320103,1.527785009698346,-0.2880452582269476,-0.157248,0.012771,-0.000386,0.987477,0.999674,-0.004779,-0.025101,-0.003254,0.950546,-0.310567,-0.083958,1.111794,2.722537,-21.996465707923864,-3.931248952309447,9.963815559441477,-0.19287,-0.016985,0.078677,0.977917,0.987043,0.160431,0.002871,-0.147327,0.913222,-0.379895,F,BuildTutorial
5.227,-0.002519,1.405667,2.457197,27.675023058912345,-8.739419444466929,-2.1302141526056864,-0.239808,0.069535,-0.000223,-0.968327,0.99033,-0.032918,0.134773,-0.033783,0.884984,0.464395,0.203107,1.016269,2.635616,-16.593250531186357,2.401517011013069,-1.7308412444455024,-0.144563,0.018555,-0.011919,0.98925,0.999027,-0.028947,-0.033264,0.018218,0.957919,-0.28646,-0.088759,1.113595,2.723044,-22.296444903384877,-5.017314747060365,12.779712754122883,-0.196742,-0.02118,0.100678,0.975043,0.978831,0.204664,0.001687,-0.187996,0.902313,-0.387928,F,BuildTutorial
5.26,-0.001774,1.406128,2.45847,27.52941956835793,-9.22202667832352,-2.147865731819933,-0.238587,0.073623,-0.000979,-0.968326,0.989158,-0.033236,0.143048,-0.037026,0.886151,0.461916,0.204846,1.008907,2.631767,-15.10875448181318,3.186173406256793,-2.9021404527466697,-0.132072,0.024223,-0.02144,0.990712,0.997907,-0.048879,-0.042333,0.036083,0.964195,-0.262729,-0.091068,1.114457,2.725138,-22.123589540826256,-5.008949131902371,14.053606041449966,-0.195491,-0.019114,0.111625,0.974145,0.974349,0.22495,-0.006404,-0.210004,0.898646,-0.385141,F,BuildTutorial
5.294,-0.000905,1.406541,2.459894,27.34994587387342,-9.751254702111238,-2.208411982859299,-0.237106,0.078029,-0.001433,-0.968344,0.987819,-0.034226,0.151797,-0.039778,0.887557,0.458977,0.206233,1.002021,2.62845,-13.698235745431276,3.885481556758702,-3.7767754136087137,-0.120231,0.029713,-0.028658,0.991887,0.996592,-0.063995,-0.052052,0.049706,0.969447,-0.240213,-0.092665,1.116007,2.727502,-22.63733702491237,-5.176915035839288,12.210289655945129,-0.199663,-0.02318,0.095365,0.974937,0.980737,0.195206,0.007116,-0.176693,0.902081,-0.393739,F,BuildTutorial
5.327,4.6e-05,1.406902,2.461376,27.147206808185395,-10.372702978153194,-2.344200360020494,-0.235482,0.083071,-0.001408,-0.968321,0.986195,-0.036396,0.161541,-0.041851,0.889092,0.45581,0.207337,0.995724,2.6257,-12.50816052649766,4.267491925122973,-4.1435486687192125,-0.110129,0.033051,-0.031858,0.992857,0.995785,-0.070542,-0.058613,0.055982,0.973714,-0.22079,-0.093563,1.117618,2.730747,-22.93720154060084,-5.104194361925325,9.27618129337854,-0.201512,-0.027434,0.070344,0.976572,0.988598,0.148448,0.025231,-0.126335,0.90889,-0.397441,F,BuildTutorial
5.36,0.00115,1.407116,2.462826,26.980114773193144,-10.942629677909144,-2.4187696688612044,-0.234119,0.087795,-0.001807,-0.968234,0.984578,-0.037609,0.170858,-0.044609,0.89037,0.453047,0.207759,0.989997,2.623486,-11.418084173908897,4.248278342883935,-4.006953743039714,-0.100637,0.033383,-0.031078,0.993877,0.99584,-0.068495,-0.060102,0.055057,0.977813,-0.202116,-0.096078,1.118761,2.735139,-22.856386631797086,-5.679929665053785,8.387536902378871,-0.200918,-0.033962,0.061801,0.977067,0.990055,0.134414,0.041533,-0.10712,0.911626,-0.396818,F,BuildTutorial
5.393,0.00254,1.407156,2.464182,26.85313798980116,-11.481088762186266,-2.445392140118546,-0.233058,0.092338,-0.002569,-0.968066,0.982934,-0.038067,0.179975,-0.048013,0.891355,0.450756,0.207924,0.985061,2.622053,-10.400320846831724,3.9072830074153337,-4.050717626492599,-0.091726,0.030728,-0.032088,0.994793,0.996052,-0.069479,-0.05525,0.058205,0.981114,-0.184468,-0.098648,1.119727,2.739937,-22.714595870840657,-6.31091097407484,8.435951115116023,-0.200065,-0.039359,0.061191,0.977078,0.989413,0.135325,0.052428,-0.103828,0.91246,-0.395775,F,BuildTutorial
5.427,0.004162,1.40732,2.465429,26.748238237360365,-12.028827695891504,-2.500825171375846,-0.232205,0.096893,-0.003117,-0.967824,0.981204,-0.038965,0.188998,-0.051031,0.892142,0.448863,0.207852,0.981048,2.621418,-9.6292905843081,3.416361372904737,-3.9794553733121942,-0.084876,0.026773,-0.032082,0.995515,0.996508,-0.068421,-0.04786,0.059331,0.983534,-0.170709,-0.101797,1.121046,2.745671,-22.467737184674466,-7.036600961859392,9.05590300822587,-0.198592,-0.044653,0.065369,0.97688,0.987466,0.145451,0.061277,-0.109981,0.912576,-0.393839,F,BuildTutorial
5.46,0.005946,1.407461,2.466785,26.61050354366204,-12.48644394096399,-2.6202005365508136,-0.231134,0.100572,-0.002903,-0.967706,0.979754,-0.040873,0.195991,-0.05211,0.893137,0.446755,0.207358,0.977334,2.622063,-9.13462308451094,3.053397263802452,-3.4484442989359394,-0.080365,0.024151,-0.027862,0.996083,0.997281,-0.059388,-0.043635,0.051624,0.98553,-0.161446,-0.106039,1.122251,2.751951,-22.370500452157945,-8.24753643470493,9.511107047070572,-0.198662,-0.054262,0.067218,0.976253,0.985075,0.152802,0.07924,-0.109683,0.91203,-0.395184,F,BuildTutorial
5.493,0.00809,1.407462,2.467914,26.514625405754376,-12.875899286540196,-2.6541760991972123,-0.230345,0.103832,-0.003306,-0.967548,0.978416,-0.041436,0.202449,-0.054232,0.893861,0.445053,0.207108,0.975094,2.622711,-8.730145703219003,2.599954227025087,-2.9350131881798096,-0.076646,0.020665,-0.023803,0.99656,0.998013,-0.05061,-0.037538,0.044275,0.987118,-0.153749,-0.110732,1.123386,2.759153,-22.324582524279418,-9.465995107935722,9.620029826386546,-0.199037,-0.064489,0.066068,0.975633,0.982953,0.154587,0.099535,-0.103244,0.912038,-0.396896,F,BuildTutorial
5.526,0.010334,1.40745,2.469193,26.38065410216634,-13.173647457374184,-2.615427550062555,-0.22917,0.10648,-0.004095,-0.967536,0.97729,-0.040879,0.207924,-0.056729,0.894928,0.442589,0.206912,0.973811,2.623813,-8.583259960435226,1.9865547161652888,-2.675478979847911,-0.075205,0.015535,-0.02198,0.996805,0.998551,-0.046157,-0.027664,0.041484,0.987722,-0.150611,-0.115212,1.12364,2.7682,-21.484697876653524,-10.073960305817732,9.825144000316543,-0.192378,-0.070043,0.067505,0.976488,0.981074,0.158785,0.11082,-0.104886,0.916868,-0.385166,F,BuildTutorial
5.56,0.012605,1.407484,2.470545,26.263541073427305,-13.392546114931886,-2.5495168893382156,-0.228112,0.108509,-0.004968,-0.967557,0.976402,-0.03989,0.212244,-0.059119,0.89588,0.440345,0.206428,0.972782,2.625699,-8.501289048068017,1.4120584917113066,-2.4084919473187845,-0.074356,0.010728,-0.020044,0.996973,0.998966,-0.041561,-0.01841,0.038371,0.988139,-0.148691,-0.118948,1.123423,2.778419,-20.557697162839307,-9.989985741978597,8.456387415020357,-0.183594,-0.072332,0.056776,0.978692,0.983089,0.137691,0.120734,-0.084572,0.926139,-0.367578,F,BuildTutorial
5.595,0.014643,1.407409,2.472245,26.139372791875843,-13.51573986571904,-2.4633847926914716,-0.226977,0.109772,-0.005811,-0.967677,0.975833,-0.038585,0.215086,-0.061078,0.896895,0.438005,0.206227,0.971706,2.627169,-8.312440439037696,0.71952828962517,-2.1637351601903787,-0.07258,0.004893,-0.018376,0.997181,0.999277,-0.037359,-0.007092,0.035938,0.988789,-0.144931,-0.124808,1.124042,2.788741,-19.95942375010722,-10.934356860355402,8.896242377907967,-0.179269,-0.080172,0.059574,0.978717,0.980047,0.145356,0.135572,-0.087867,0.928627,-0.36046,F,BuildTutorial
5.627,0.016363,1.407459,2.474577,25.884576208123715,-13.541478130701984,-2.3999348655898873,-0.224765,0.110219,-0.006132,-0.96814,0.975628,-0.037673,0.216172,-0.061421,0.898886,0.433857,0.205979,0.970394,2.629458,-8.230899490312696,-0.0149509430583521,-1.845710593598803,-0.071755,-0.001286,-0.016074,0.997292,0.99948,-0.031876,0.004872,0.032245,0.989186,-0.143081,-0.131614,1.12415,2.799091,-19.1329819692203,-12.295579860314945,9.307947441218914,-0.17326,-0.091849,0.06181,0.978634,0.975487,0.152806,0.158354,-0.089151,0.932321,-0.350471,F,BuildTutorial
5.659,0.017557,1.407898,2.477406,25.797515820315148,-13.479287340868424,-2.340009356949598,-0.223976,0.109846,-0.006426,-0.968363,0.975785,-0.03676,0.21562,-0.061652,0.899587,0.432368,0.205652,0.968622,2.631652,-8.169068429506472,-0.655708485093303,-1.3302228147194048,-0.071156,-0.006534,-0.011986,0.997372,0.999627,-0.022979,0.014739,0.024839,0.989586,-0.141782,-0.138412,1.122988,2.8104,-17.5436767638229,-13.023556403889287,9.69313296876357,-0.160444,-0.098879,0.065728,0.979878,0.971806,0.16054,0.172687,-0.097082,0.939875,-0.327429,F,BuildTutorial
5.693,0.018452,1.408302,2.48032,25.72295963866095,-13.369919838586924,-2.247905553040317,-0.223265,0.109131,-0.006914,-0.968605,0.976086,-0.035337,0.214496,-0.062123,0.90021,0.431002,0.204709,0.965765,2.634019,-7.702540291610412,-1.0414654692448166,-0.6556653704291842,-0.067111,-0.009452,-0.006319,0.997681,0.999741,-0.011341,0.019709,0.013878,0.990912,-0.133792,-0.145537,1.121068,2.821292,-15.478843621395614,-14.337494231934151,10.68052069042436,-0.144544,-0.110683,0.074769,0.980442,0.964318,0.178611,0.195422,-0.114616,0.947033,-0.299986,F,BuildTutorial
5.727,0.018745,1.408904,2.483902,25.599360103709643,-13.252666601202844,-2.106053425285668,-0.222094,0.108463,-0.007759,-0.968943,0.976351,-0.033142,0.213635,-0.063214,0.901228,0.42871,0.203347,0.962696,2.636562,-6.916207529945603,-1.2711900099882396,-0.1333934635025801,-0.060302,-0.011143,-0.001831,0.998116,0.999745,-0.002311,0.022465,0.004999,0.992721,-0.120335,-0.151594,1.120429,2.830976,-14.742773279669043,-15.559197459682752,9.0505866567306,-0.137315,-0.123796,0.060214,0.980915,0.962098,0.152127,0.22633,-0.084131,0.955038,-0.284298,F,BuildTutorial
5.76,0.018536,1.409651,2.487956,25.38894744808515,-13.146010750485,-1.877671243113241,-0.220108,0.108079,-0.009272,-0.969425,0.976466,-0.029602,0.213631,-0.065555,0.902933,0.424753,0.201381,0.960046,2.638846,-6.127224228670677,-1.5833374987350457,-0.079253930669691,-0.05343,-0.013834,-0.001429,0.998475,0.999613,-0.001375,0.027778,0.004332,0.994286,-0.106658,-0.155491,1.12054,2.840799,-14.603505434955409,-15.486883541294086,7.288486335823061,-0.134176,-0.12537,0.045381,0.981947,0.964446,0.122767,0.234035,-0.05548,0.959875,-0.274887,F,BuildTutorial
5.793,0.017581,1.410556,2.492762,24.97117462338336,-13.20965790655842,-1.164229755754939,-0.215889,0.110113,-0.015012,-0.970073,0.975299,-0.01842,0.220118,-0.07667,0.906333,0.415551,0.198586,0.958122,2.641695,-5.691208271956834,-1.942656154018784,-0.179746013202849,-0.049611,-0.017009,-0.002408,0.998621,0.99941,-0.003121,0.03421,0.006496,0.995066,-0.099004,-0.15986,1.121293,2.849941,-14.76372181414137,-15.78008882675658,7.624495961685177,-0.136035,-0.127372,0.047714,0.981323,0.963,0.128299,0.237004,-0.058991,0.958436,-0.279142,F,BuildTutorial
5.827,0.015796,1.41101,2.498027,24.48466956243192,-13.39486586093718,-0.7089494379291222,-0.211301,0.112669,-0.018725,-0.970725,0.97391,-0.01126,0.226655,-0.083969,0.910003,0.40601,0.195294,0.956588,2.6445,-5.4777207465898385,-2.2604179226394012,-0.2878361414957731,-0.047725,-0.019822,-0.003451,0.998658,0.99919,-0.005,0.03992,0.008784,0.995421,-0.095185,-0.163084,1.121319,2.858936,-14.587892996083577,-15.85145233144908,8.200718543191979,-0.135205,-0.127432,0.052786,0.98117,0.961949,0.138044,0.235791,-0.069126,0.957867,-0.278771,F,BuildTutorial
5.86,0.01369,1.410537,2.502868,24.320669050212494,-13.321122867280668,-0.7018601048050356,-0.209917,0.112101,-0.018485,-0.971096,0.974183,-0.011162,0.225483,-0.082966,0.911187,0.403554,0.191476,0.955142,2.647813,-5.442459121111688,-2.4055302316267406,-0.2947190602446308,-0.047412,-0.021089,-0.003565,0.998646,0.999085,-0.005121,0.042458,0.00912,0.995479,-0.094544,-0.165721,1.120368,2.868598,-14.16619468660598,-15.804639722645332,7.485191231577642,-0.130783,-0.128172,0.047244,0.981955,0.96268,0.126308,0.23936,-0.059257,0.961328,-0.268957,F,BuildTutorial
5.893,0.011235,1.409343,2.507212,24.40271730209304,-13.107692519524504,-0.8702122667476205,-0.210808,0.109961,-0.016748,-0.971179,0.975256,-0.013832,0.220644,-0.078891,0.910559,0.405781,0.187264,0.953468,2.651695,-5.247660992773276,-2.5419869708702243,-0.0527321052353624,-0.045757,-0.022179,-0.001475,0.998705,0.999012,-0.000917,0.044435,0.004976,0.995808,-0.091329,-0.168395,1.120144,2.877575,-13.903460279090332,-16.01222581932714,7.184211328525376,-0.12828,-0.130474,0.044762,0.982098,0.961946,0.121395,0.244792,-0.054446,0.963081,-0.263648,F,BuildTutorial
5.926,0.008363,1.408084,2.511314,24.649031010034506,-12.818554532036725,-1.097378551937502,-0.213149,0.107021,-0.014529,-0.971032,0.976671,-0.017406,0.214036,-0.07384,0.908713,0.410838,0.183034,0.952347,2.655807,-5.173865454049536,-2.4586114467513926,0.349978144388994,-0.04519,-0.021294,0.002082,0.998749,0.999085,0.006084,0.042346,-0.002235,0.995907,-0.090356,-0.169479,1.120675,2.885593,-14.02548478914569,-15.568508360797525,7.231389641032314,-0.129202,-0.126534,0.045512,0.982459,0.963836,0.122125,0.236868,-0.056731,0.962471,-0.265389,F,BuildTutorial
5.96,0.005085,1.407225,2.515868,24.782655221078347,-12.3359056061287,-1.3333329597219057,-0.214552,0.102451,-0.011756,-0.971254,0.978731,-0.021125,0.204056,-0.066799,0.907659,0.414359,0.178887,0.952187,2.659971,-5.373296645270223,-2.078290736708942,0.0381015099121948,-0.046872,-0.0181,-0.000518,0.998737,0.999344,0.000662,0.036203,0.002731,0.995606,-0.093607,-0.169104,1.120009,2.894111,-13.78735987220048,-14.35533517236828,7.790313915124392,-0.127238,-0.115667,0.051949,0.983734,0.967845,0.131643,0.214351,-0.072774,0.962224,-0.262354,F,BuildTutorial
5.993,0.0013,1.407641,2.52131,24.69522498511591,-11.827222593225136,-1.3836560027345586,-0.213904,0.09807,-0.010298,-0.971865,0.980552,-0.021938,0.195027,-0.061972,0.908278,0.413751,0.174637,0.95222,2.664651,-5.626070212129907,-1.5541507311434422,-0.7976161351115635,-0.048977,-0.013887,-0.007617,0.998674,0.999498,-0.013854,0.028483,0.016575,0.995086,-0.097613,-0.168408,1.118743,2.901945,-13.220470017796048,-13.05432164856172,8.02117298281776,-0.121986,-0.104643,0.055972,0.985412,0.971834,0.135841,0.192577,-0.084782,0.963973,-0.252126,F,BuildTutorial
6.026,-0.002888,1.40874,2.527244,24.45712343358033,-11.347110644476842,-1.438989177947413,-0.211971,0.093963,-0.008726,-0.972709,0.98219,-0.02286,0.186497,-0.05681,0.909985,0.410732,0.170257,0.951781,2.66958,-5.593621157855204,-0.7698508685654587,-1.532300479451009,-0.048699,-0.007362,-0.013683,0.998693,0.999517,-0.026614,0.016037,0.028048,0.994882,-0.097069,-0.168944,1.118008,2.90917,-13.073955323011717,-12.59349191489528,8.477489109298931,-0.120902,-0.100303,0.060537,0.985727,0.972549,0.1436,0.183105,-0.095092,0.963436,-0.250497,F,BuildTutorial
6.06,-0.007224,1.409567,2.533346,24.09571528303749,-10.91183005413848,-1.322165899514786,-0.208842,0.090582,-0.008612,-0.973707,0.983442,-0.021063,0.179998,-0.054606,0.912622,0.405141,0.165937,0.951236,2.675718,-5.14942610625408,0.370835844238539,-2.072351489185842,-0.044973,0.00242,-0.01792,0.998825,0.999346,-0.036016,-0.003222,0.035581,0.995313,-0.089927,-0.16883,1.117221,2.91732,-12.983626272330676,-11.766675593790064,7.722795216624869,-0.119069,-0.094041,0.054996,0.986891,0.976263,0.130945,0.172521,-0.086155,0.965596,-0.245359,F,BuildTutorial
6.093,-0.011796,1.409904,2.539698,23.736382113169473,-10.466945257333302,-1.2233953618275744,-0.205745,0.087073,-0.008354,-0.974689,0.984697,-0.019544,0.173176,-0.052116,0.915199,0.399619,0.160865,0.950768,2.682162,-4.795935623357881,1.3091957431239074,-2.900814070927244,-0.042113,0.010352,-0.02481,0.998751,0.998555,-0.05043,-0.018589,0.048686,0.995222,-0.084634,-0.167277,1.115892,2.926096,-12.756578600841372,-9.938897427193105,6.554079352549522,-0.115415,-0.079621,0.046989,0.989006,0.982905,0.111325,0.146644,-0.074567,0.968943,-0.235775,F,BuildTutorial
6.126,-0.016427,1.409415,2.546028,23.536041818335047,-10.034944485958318,-1.2129193197046149,-0.204063,0.083466,-0.007514,-0.975364,0.985954,-0.019407,0.165886,-0.048723,0.916603,0.396818,0.15454,0.95052,2.688714,-4.62918986665837,1.5419482199079992,-3.5903466700725453,-0.040784,0.012173,-0.030755,0.99862,0.997812,-0.062418,-0.021805,0.060432,0.994782,-0.082205,-0.165361,1.113517,2.934923,-12.103650797466726,-7.936615338832265,5.236129114895284,-0.108209,-0.063943,0.038026,0.991341,0.988931,0.089231,0.11855,-0.061554,0.97369,-0.219406,F,BuildTutorial
6.16,-0.020853,1.408687,2.552358,23.67268455513987,-9.618356762665233,-1.0698905633725233,-0.205152,0.080143,-0.00809,-0.97541,0.987023,-0.0171,0.159664,-0.048666,0.915694,0.398918,0.146922,0.950651,2.695315,-4.931322343383876,1.0642582605255546,-3.398377154449537,-0.043275,0.007999,-0.029224,0.998604,0.998164,-0.059059,-0.013447,0.057674,0.994547,-0.086896,-0.165844,1.110043,2.944012,-11.234791345647077,-7.2066064641378045,4.465266661263599,-0.100054,-0.058693,0.032546,0.992716,0.990992,0.076362,0.110019,-0.052872,0.97786,-0.202471,F,BuildTutorial
6.193,-0.025036,1.408065,2.558755,23.990565993636977,-9.193636958448716,-0.992733667675786,-0.207834,0.076596,-0.008209,-0.975126,0.988131,-0.015829,0.152794,-0.047848,0.913475,0.404071,0.139213,0.950833,2.702129,-5.331878883918188,0.4843727235944714,-2.8927212354294123,-0.046604,0.003047,-0.025017,0.998596,0.99873,-0.050247,-0.003753,0.049679,0.994404,-0.09323,-0.166939,1.105661,2.952534,-10.19013128162089,-6.9906492375239635,3.806075099058789,-0.090611,-0.057749,0.027604,0.993827,0.991806,0.065333,0.109783,-0.044402,0.982055,-0.183292,F,BuildTutorial
6.226,-0.028756,1.407659,2.565058,24.503151692794063,-8.80239880334402,-0.9794548062770176,-0.212212,0.073181,-0.007956,-0.974447,0.989163,-0.015554,0.145998,-0.046566,0.909805,0.412415,0.131879,0.951789,2.708892,-5.5215027296382235,-0.002517169581319,-2.234282837764525,-0.048156,-0.000961,-0.019475,0.99865,0.99924,-0.038806,0.003795,0.038991,0.994603,-0.096145,-0.16752,1.099109,2.960394,-8.366561958602073,-6.522550087015506,2.4929094541294363,-0.074046,-0.05514,0.017511,0.995575,0.993306,0.043033,0.1072,-0.026701,0.988421,-0.149368,F,BuildTutorial
6.259,-0.032098,1.407323,2.571366,24.966128960873156,-8.40775061529499,-1.080977252825146,-0.216235,0.069536,-0.006659,-0.973839,0.990241,-0.017103,0.138313,-0.043041,0.906396,0.42023,0.126335,0.953599,2.714384,-5.661588189995063,0.0256590185819433,-1.9900113995204305,-0.049383,-0.000634,-0.017333,0.998629,0.999398,-0.034555,0.002979,0.034681,0.994522,-0.098609,-0.167002,1.093356,2.966706,-6.88301767182251,-5.804109573635389,1.9179395903666432,-0.06079,-0.049527,0.013646,0.996828,0.994722,0.033226,0.09708,-0.021183,0.992237,-0.122546,F,BuildTutorial
6.293,-0.035021,1.407176,2.577733,25.232650165049087,-8.068931620182594,-1.211760187173672,-0.218594,0.06635,-0.005073,-0.973545,0.991144,-0.019129,0.131408,-0.038886,0.904382,0.424948,0.12159,0.955948,2.719539,-5.953637872280407,0.322681690799739,-2.521100498914149,-0.051981,0.001669,-0.021823,0.998408,0.999042,-0.043751,-0.001064,0.043404,0.993644,-0.103869,-0.167061,1.089351,2.971746,-6.434484291301968,-5.542624442536641,1.8322828898391832,-0.056821,-0.047371,0.013232,0.997172,0.995162,0.031772,0.092971,-0.021005,0.993193,-0.114575,F,BuildTutorial
6.326,-0.037457,1.406933,2.584171,25.348722675955027,-7.775364315789553,-1.3016121392895508,-0.219642,0.063658,-0.003819,-0.973494,0.991866,-0.020529,0.125618,-0.035398,0.903486,0.427154,0.117529,0.958539,2.723911,-6.401295980792268,0.621511346824681,-3.5218462742934364,-0.055972,0.003697,-0.030378,0.997963,0.998127,-0.061047,-0.003977,0.060219,0.991889,-0.111941,-0.166992,1.085125,2.975514,-5.907655474713477,-5.21978644465383,0.9933962357215058,-0.05187,-0.045027,0.006302,0.997618,0.995866,0.017245,0.089186,-0.007902,0.99454,-0.104061,F,BuildTutorial
6.36,-0.039453,1.40616,2.590306,25.519417842350546,-7.511962254720766,-1.5100017724717596,-0.221211,0.06098,-0.001643,-0.973316,0.992558,-0.023781,0.119433,-0.030177,0.902126,0.430416,0.113724,0.959994,2.727807,-6.825592499875727,0.8437340749816219,-4.022786889921942,-0.059749,0.005256,-0.034597,0.9976,0.997551,-0.069657,-0.006353,0.068401,0.990466,-0.119576,-0.166818,1.081036,2.977759,-4.972029954651595,-4.869253541236697,0.9126385025519804,-0.043673,-0.042093,0.006107,0.99814,0.996382,0.015868,0.083496,-0.008515,0.996111,-0.087698,F,BuildTutorial
6.393,-0.041252,1.405282,2.595736,25.898387029652415,-7.323471942719117,-1.676196630009125,-0.224516,0.058964,-8.4e-05,-0.972685,0.993047,-0.026313,0.114744,-0.026641,0.899185,0.436757,0.110389,0.9604,2.731229,-6.925024983804869,1.1219591863591756,-4.25914939890244,-0.060714,0.007522,-0.036499,0.997459,0.997223,-0.073725,-0.010574,0.071898,0.989963,-0.121668,-0.166876,1.078394,2.979723,-4.770557235158112,-4.716316707608326,1.3271345806009274,-0.042057,-0.040626,0.009849,0.99824,0.996505,0.023081,0.08028,-0.016246,0.996268,-0.084767,F,BuildTutorial
6.426,-0.042767,1.404428,2.600651,26.49941541772327,-7.258182681276129,-1.7340800921166952,-0.229642,0.058144,0.000194,-0.971537,0.993239,-0.027082,0.112888,-0.026327,0.894529,0.446234,0.108136,0.959091,2.734087,-6.455703493739143,1.592294000469967,-4.57225637460339,-0.05681,0.011616,-0.039041,0.997554,0.996682,-0.07921,-0.018739,0.07657,0.990497,-0.114249,-0.166545,1.076956,2.980642,-5.309807866791441,-4.374185063942486,1.315225395302449,-0.046721,-0.037588,0.009689,0.998154,0.996987,0.022855,0.074132,-0.01583,0.995447,-0.093998,F,BuildTutorial
6.463,-0.043906,1.403715,2.60472,27.109630665835972,-7.257301591912468,-1.7048725275207168,-0.234795,0.05804,-0.000398,-0.97031,0.993262,-0.026482,0.112821,-0.028028,0.889742,0.455603,0.106234,0.956888,2.736754,-5.478185766196375,2.038902869211717,-5.057743271122332,-0.048518,0.015646,-0.043216,0.997764,0.995775,-0.087756,-0.027028,0.08472,0.991557,-0.098172,-0.165952,1.074984,2.981043,-5.203139059995072,-3.8250722992282262,1.5294876376720767,-0.045806,-0.032731,0.011811,0.998344,0.997578,0.026582,0.064272,-0.020585,0.995525,-0.092232,F,BuildTutorial
6.493,-0.044883,1.403422,2.608442,27.441439420337897,-7.452100663846242,-1.5742836350100504,-0.237533,0.059874,-0.002095,-0.96953,0.992822,-0.024381,0.117094,-0.032507,0.887148,0.460339,0.104478,0.954587,2.738901,-4.5130277694547845,2.112560418336039,-5.4295208622987285,-0.040195,0.016535,-0.046594,0.997968,0.995111,-0.094328,-0.029256,0.091669,0.992427,-0.081768,-0.165571,1.071896,2.981844,-4.516752612089307,-3.5607440812839033,1.8653581483730377,-0.039887,-0.030399,0.015033,0.998629,0.9977,0.03245,0.059515,-0.0276,0.996366,-0.080578,F,BuildTutorial
6.526,-0.04559,1.403071,2.611724,27.47725647488057,-7.744779920716147,-1.475474448903311,-0.237776,0.062546,-0.003559,-0.969298,0.992151,-0.022844,0.122943,-0.036644,0.8869,0.460507,0.102699,0.953037,2.74077,-4.032675656164355,1.538290817241923,-5.378385420681701,-0.035772,0.01175,-0.046413,0.998213,0.995416,-0.0935,-0.020137,0.091819,0.993133,-0.072507,-0.165001,1.06949,2.982573,-4.19742286703211,-3.3570526988972915,1.4421093405263536,-0.036971,-0.028809,0.011498,0.998835,0.998076,0.025099,0.0567,-0.020839,0.997002,-0.074519,F,BuildTutorial
6.559,-0.045732,1.403472,2.614664,27.67578025831388,-8.04930698919445,-1.2797308593585963,-0.239332,0.06548,-0.005969,-0.968709,0.991354,-0.019779,0.129719,-0.042907,0.885369,0.462905,0.100657,0.951788,2.742742,-3.9252657199253225,0.4878536537506422,-5.1096382126965345,-0.034403,0.002724,-0.044403,0.998417,0.996042,-0.088853,-0.002384,0.088478,0.99369,-0.06894,-0.164513,1.068107,2.982878,-4.263629125441001,-3.240518170828117,1.473659219740905,-0.037544,-0.027775,0.011794,0.998839,0.998179,0.025647,0.0546,-0.021475,0.996903,-0.075656,F,BuildTutorial
6.593,-0.045317,1.403924,2.617117,27.796635434376626,-8.349308950434063,-1.0503649841506637,-0.2402,0.068467,-0.008611,-0.968268,0.990476,-0.016216,0.136725,-0.049567,0.88446,0.463976,0.099778,0.950929,2.744679,-3.5546285189345057,-0.5696489377517696,-4.7884045290447,-0.03078,-0.00626,-0.041908,0.998628,0.996409,-0.083315,0.015083,0.084086,0.994593,-0.06095,-0.164276,1.066957,2.982604,-4.061016114268996,-3.5249005055283935,2.32049797673983,-0.03603,-0.030013,0.019137,0.998717,0.997466,0.040387,0.05857,-0.036061,0.996671,-0.073115,F,BuildTutorial
6.626,-0.044194,1.404753,2.619803,27.826640339573647,-8.598715195858462,-1.0242516621388682,-0.240418,0.070622,-0.009374,-0.968052,0.989849,-0.015808,0.141239,-0.052107,0.884223,0.46415,0.100022,0.950916,2.746742,-3.1387078909957133,-1.5016741951928396,-4.144767150793589,-0.026893,-0.014081,-0.036504,0.998872,0.996938,-0.072169,0.030094,0.073683,0.995889,-0.052697,-0.164267,1.066346,2.98262,-3.722522979828998,-3.920207108830007,2.6251901505346775,-0.033235,-0.033433,0.021771,0.998651,0.996817,0.045705,0.065328,-0.04126,0.996843,-0.067836,F,BuildTutorial
6.659,-0.042869,1.404596,2.621567,27.762274190538392,-8.714320218186002,-1.0933668037969138,-0.239908,0.071469,-0.00899,-0.96812,0.989623,-0.016884,0.142695,-0.0517,0.884727,0.463234,0.101788,0.952774,2.748921,-3.297552860624396,-2.250996670432328,-3.595228293808296,-0.028137,-0.020527,-0.031915,0.998884,0.99712,-0.062604,0.042804,0.064914,0.99638,-0.054901,-0.163507,1.06812,2.981959,-4.378818175326998,-3.96582017607954,3.064076195249224,-0.039091,-0.033543,0.025379,0.99835,0.996462,0.053297,0.064992,-0.048052,0.995656,-0.079757,F,BuildTutorial
6.693,-0.041304,1.404034,2.622529,27.958611149797175,-8.692772924462455,-1.2085633988267417,-0.241639,0.070997,-0.008102,-0.967732,0.989788,-0.018629,0.141327,-0.049993,0.88309,0.466532,0.104564,0.95562,2.751198,-4.085239366938397,-2.728916821210962,-3.5296313598454363,-0.034883,-0.024883,-0.031617,0.998581,0.996762,-0.061408,0.051902,0.06488,0.995567,-0.068093,-0.163133,1.070393,2.981522,-4.7793677120887,-4.369684943237431,3.353038187608739,-0.042762,-0.036855,0.027621,0.998023,0.995758,0.058285,0.071201,-0.051982,0.994817,-0.087391,F,BuildTutorial
6.726,-0.039621,1.403545,2.622805,28.27337003534725,-8.669209636115845,-1.247748968006346,-0.244321,0.070636,-0.00793,-0.967086,0.989895,-0.019178,0.140498,-0.049854,0.880489,0.471438,0.107476,0.957934,2.754766,-4.926191039144551,-2.9170801399175184,-3.4370048038452814,-0.04218,-0.026707,-0.031045,0.99827,0.996646,-0.05973,0.055941,0.064236,0.994514,-0.082555,-0.162084,1.073907,2.980472,-5.379662508186835,-4.410539862814235,3.65088352127617,-0.048095,-0.036924,0.029991,0.997709,0.995474,0.063396,0.070794,-0.056293,0.993575,-0.098185,F,BuildTutorial
6.759,-0.037827,1.403566,2.622857,28.50316505312547,-8.62986961676043,-1.1211059462160096,-0.246184,0.070518,-0.009066,-0.966612,0.98989,-0.017195,0.140792,-0.052247,0.878622,0.474651,0.111723,0.959816,2.757942,-5.395268207677663,-2.743233798113817,-3.4031015583784137,-0.046321,-0.025297,-0.030778,0.998132,0.996826,-0.059098,0.053352,0.063785,0.993814,-0.090912,-0.161467,1.078318,2.979106,-6.0276696122015245,-4.450162040361267,4.599724993795327,-0.054051,-0.036632,0.038004,0.997142,0.994428,0.079751,0.068946,-0.071831,0.991268,-0.110578,F,BuildTutorial
6.793,-0.036073,1.404171,2.623135,28.32797202370942,-8.614492956968524,-0.8606339638227787,-0.244547,0.070987,-0.011116,-0.966972,0.989675,-0.013222,0.142721,-0.056217,0.880146,0.471362,0.116633,0.961348,2.761297,-5.555614341839588,-2.0087539842393434,-3.3498390687266024,-0.047923,-0.018917,-0.030039,0.99822,0.99748,-0.058158,0.040646,0.061785,0.993602,-0.094538,-0.160619,1.083271,2.977557,-6.666879074070658,-4.4718197345068145,5.2177598616704195,-0.059815,-0.036263,0.04314,0.996617,0.993648,0.090327,0.067119,-0.081651,0.989122,-0.122354,F,BuildTutorial
6.826,-0.034277,1.404778,2.623218,28.021697280419612,-8.568773403099973,-0.8237920163583882,-0.241944,0.070747,-0.011131,-0.967644,0.989742,-0.012693,0.142303,-0.055775,0.882678,0.466656,0.120958,0.962605,2.764823,-5.551928347644933,-1.4483766959837916,-3.0151439951680254,-0.048078,-0.013894,-0.026888,0.998385,0.998168,-0.052353,0.030329,0.055025,0.993931,-0.095253,-0.159596,1.088435,2.976225,-7.491405056477517,-4.437963968966797,5.432792100501108,-0.067037,-0.035499,0.044729,0.996115,0.993478,0.09387,0.064725,-0.084351,0.987011,-0.136729,F,BuildTutorial
6.86,-0.032224,1.405287,2.622862,27.78518208834816,-8.434042936262363,-0.7145124785628578,-0.239893,0.069889,-0.011619,-0.968211,0.989961,-0.011033,0.140909,-0.056031,0.884633,0.462909,0.124748,0.964387,2.767485,-5.840830792283822,-1.233813579179016,-2.837598898995972,-0.050664,-0.012011,-0.025275,0.998324,0.998434,-0.049248,0.026542,0.051682,0.993589,-0.100551,-0.157886,1.093693,2.974776,-8.475065370267375,-4.216178334215836,5.415329765607927,-0.075492,-0.033155,0.044364,0.995607,0.993865,0.093344,0.059321,-0.083333,0.984666,-0.153262,F,BuildTutorial
6.893,-0.029938,1.4059,2.6225,27.586172813782643,-8.210886256066448,-0.6868926114938587,-0.238217,0.068101,-0.011262,-0.968756,0.990471,-0.010625,0.137311,-0.054266,0.886252,0.460014,0.127979,0.966243,2.769306,-6.490912309560406,-1.1813977972353915,-3.211045509001127,-0.0563,-0.011875,-0.028555,0.997935,0.998087,-0.055654,0.026917,0.058328,0.99203,-0.111689,-0.156026,1.098483,2.973669,-9.051181214198117,-4.036057432006287,5.9275987464410385,-0.080565,-0.03098,0.048737,0.995075,0.99333,0.101987,0.053803,-0.092003,0.982268,-0.163357,F,BuildTutorial
6.926,-0.027584,1.406584,2.622318,27.37064146152069,-7.836071429784926,-0.7573737130291885,-0.23647,0.064828,-0.009759,-0.969425,0.991404,-0.011738,0.130307,-0.049582,0.887973,0.457215,0.130905,0.967552,2.770904,-6.95234000437492,-1.0910702200042943,-3.390079612996666,-0.060323,-0.011293,-0.030101,0.997661,0.997933,-0.058698,0.026164,0.061423,0.99091,-0.119683,-0.154272,1.103364,2.97238,-9.76151593913018,-4.1364385441047,6.368530183113964,-0.086893,-0.03118,0.052244,0.994358,0.992597,0.109317,0.05293,-0.09848,0.97944,-0.176063,F,BuildTutorial
6.959,-0.025006,1.407405,2.622494,27.0753174835038,-7.356059316554312,-0.8093009738638147,-0.234037,0.060716,-0.008164,-0.970296,0.992494,-0.012577,0.121647,-0.044262,0.890321,0.453178,0.134115,0.968323,2.772296,-7.100805561234312,-0.823998720234459,-3.4988288045523293,-0.061677,-0.009064,-0.030914,0.997576,0.997924,-0.060559,0.021897,0.062796,0.990481,-0.122495,-0.151953,1.108999,2.97048,-10.851979278582776,-4.4230272174914,5.960591229719091,-0.096359,-0.033451,0.048077,0.993622,0.993139,0.101986,0.05721,-0.089093,0.976807,-0.194704,F,BuildTutorial
6.993,-0.022593,1.407964,2.622952,26.804385467100634,-6.860536347196639,-0.9144918389702168,-0.231827,0.056356,-0.006119,-0.971104,0.993573,-0.014245,0.112293,-0.038014,0.892438,0.449567,0.137195,0.968104,2.773422,-6.91091959729589,-0.2676772379931166,-3.558616612229979,-0.060171,-0.004202,-0.031134,0.997694,0.998026,-0.061619,0.012132,0.06263,0.99082,-0.119802,-0.149893,1.114298,2.968637,-10.939562878892426,-4.680599700084522,9.271720741520053,-0.098215,-0.032818,0.076508,0.991677,0.986139,0.158189,0.050061,-0.145296,0.969001,-0.199817,F,BuildTutorial
7.026,-0.0202,1.408117,2.623404,26.732180911102823,-6.260132184939159,-1.0224892209160177,-0.231292,0.051062,-0.003954,-0.971535,0.994754,-0.015938,0.101046,-0.031303,0.892977,0.449014,0.139414,0.967443,2.774479,-6.709692268732603,0.1165481600558018,-3.4016186987012076,-0.058524,-0.000722,-0.02957,0.997848,0.99825,-0.058927,0.004902,0.059096,0.991401,-0.116753,-0.147328,1.118233,2.967399,-10.684024865010803,-4.746864430440138,13.851393989267372,-0.097314,-0.029715,0.116128,0.988009,0.971263,0.235255,0.036115,-0.223689,0.954089,-0.199195,F,BuildTutorial
7.059,-0.017749,1.407962,2.623657,26.813564094004533,-5.511725617201332,-1.130516594963017,-0.232045,0.044483,-0.001562,-0.971686,0.996038,-0.017608,0.087173,-0.023681,0.892305,0.450811,0.140993,0.967113,2.775112,-6.700589547276394,0.3056584490114677,-3.1197321353861787,-0.058491,0.001071,-0.027019,0.997922,0.998538,-0.054051,0.001023,0.0538,0.991698,-0.116797,-0.143178,1.122087,2.966133,-11.341817973537424,-4.584362450316849,15.580609836330938,-0.103219,-0.026049,0.130861,0.985669,0.964394,0.263348,0.024336,-0.252593,0.944443,-0.210296,F,BuildTutorial
7.093,-0.015419,1.407593,2.623909,27.018496096011617,-4.700126361120995,-1.146076461639177,-0.233793,0.037534,0.000138,-0.971562,0.997182,-0.017818,0.072869,-0.017282,0.890682,0.454299,0.142235,0.967194,2.775139,-6.667579814102333,0.4528701410420937,-2.967998083433063,-0.058235,0.002438,-0.025624,0.997971,0.998675,-0.051428,-0.001882,0.05086,0.991904,-0.116358,-0.138609,1.12534,2.965211,-12.193645147183696,-4.7894381096797165,15.86702785107398,-0.110835,-0.026503,0.132728,0.984579,0.963362,0.267238,0.022767,-0.255488,0.940198,-0.225286,F,BuildTutorial
7.125,-0.013232,1.407203,2.624338,27.175349658602823,-3.856350085624434,-1.1109851639276802,-0.235106,0.030427,0.001514,-0.971492,0.998144,-0.017249,0.058407,-0.011365,0.889446,0.456899,0.143035,0.967554,2.77495,-6.646014359681279,0.633486919756014,-3.0684127869073823,-0.058091,0.003965,-0.026408,0.997954,0.998574,-0.053169,-0.004846,0.052248,0.991856,-0.116153,-0.135607,1.126633,2.965101,-11.683311350948038,-5.909467478248383,18.666637611736768,-0.108615,-0.034116,0.155944,0.981183,0.949035,0.313431,0.033072,-0.298609,0.927769,-0.223782,F,BuildTutorial
7.159,-0.011098,1.406996,2.624805,27.254494236125694,-2.935420979891573,-1.013250910039556,-0.235738,0.022809,0.002556,-0.971546,0.998946,-0.015721,0.043116,-0.005787,0.888842,0.458177,0.144065,0.968277,2.774036,-6.863162001609172,0.8437132619352803,-3.5939007958581093,-0.060056,0.005469,-0.03086,0.997703,0.998036,-0.062234,-0.007206,0.060921,0.990882,-0.120174,-0.132117,1.126038,2.965756,-10.608089462472538,-6.80826880654857,21.37550794171661,-0.101642,-0.040985,0.178943,0.977737,0.9326,0.358249,0.043768,-0.341586,0.915297,-0.213426,F,BuildTutorial
7.192,-0.009117,1.406779,2.625082,27.325559928507065,-1.9561167213538635,-0.982003876102358,-0.236306,0.014562,0.004294,-0.97156,0.999539,-0.015226,0.026266,0.001462,0.888282,0.459296,0.144625,0.968276,2.773268,-6.990202651149968,0.9605268026752398,-3.8369145428011406,-0.061207,0.006321,-0.032903,0.997563,0.997755,-0.066419,-0.008583,0.064871,0.990342,-0.122531,-0.127213,1.125711,2.966009,-10.522497454626572,-7.126292580015054,21.267191364022768,-0.101368,-0.043936,0.177794,0.977846,0.932918,0.356617,0.04988,-0.338803,0.916228,-0.213867,F,BuildTutorial
7.226,-0.007201,1.406688,2.625223,27.389286786778573,-0.9869459419197892,-0.8473480120344762,-0.236794,0.006617,0.005145,-0.971524,0.99986,-0.013131,0.010421,0.006864,0.887805,0.460169,0.144848,0.967339,2.772725,-6.717723600822141,0.9930385089515692,-3.6123855280094865,-0.058831,0.0068,-0.030956,0.997765,0.997991,-0.062573,-0.009927,0.060973,0.991161,-0.11782,-0.121844,1.125875,2.966444,-10.79191995709228,-7.34376633840962,20.98043270581591,-0.103885,-0.045607,0.174967,0.978016,0.934613,0.351717,0.052856,-0.332766,0.917189,-0.219161,F,BuildTutorial
7.259,-0.0055,1.406775,2.625503,27.299477470717488,-0.1077170384582992,-0.6635310036413559,-0.235987,-0.000453,0.005405,-0.971741,0.999941,-0.010291,-0.003431,0.010718,0.888562,0.458632,0.145438,0.966301,2.772047,-6.401248847699596,1.1201392156128924,-3.4471893847825115,-0.056098,0.008076,-0.029484,0.997957,0.998131,-0.059754,-0.012811,0.057942,0.991967,-0.112444,-0.116087,1.125769,2.967248,-11.0403183266543,-7.028235845507877,20.64929224576276,-0.105395,-0.042814,0.172258,0.978461,0.936989,0.346119,0.047474,-0.32807,0.918439,-0.220999,F,BuildTutorial
7.293,-0.003888,1.406997,2.62557,27.18311587474899,0.7376526452308668,-0.6145088563738652,-0.234957,-0.007517,0.006725,-0.971953,0.999797,-0.00954,-0.017772,0.016604,0.8895,0.456634,0.146272,0.965541,2.771235,-6.30609389207564,1.327963973689399,-3.566007817321704,-0.055333,0.009854,-0.030428,0.997956,0.997954,-0.061823,-0.016301,0.059642,0.992025,-0.111039,-0.111445,1.124094,2.968418,-10.280204667919296,-7.066444344308592,20.91089534724441,-0.099075,-0.044133,0.174968,0.978582,0.934877,0.351186,0.051705,-0.333696,0.919141,-0.20935,F,BuildTutorial
7.325,-0.002148,1.407286,2.625504,27.118793930622516,1.593120593648113,-0.5897558841048529,-0.234358,-0.014721,0.008262,-0.972004,0.99943,-0.009162,-0.032491,0.022962,0.890016,0.455351,0.147107,0.964855,2.770211,-6.279767766673849,1.4478764506748203,-3.5921482014736696,-0.055138,0.010893,-0.030601,0.99795,0.99789,-0.062278,-0.018367,0.059876,0.992047,-0.110716,-0.107735,1.121758,2.969941,-9.157385530587783,-7.522104360238537,22.224636114161218,-0.090765,-0.048808,0.186566,0.977023,0.925622,0.373418,0.061505,-0.355698,0.91391,-0.19557,F,BuildTutorial
7.359,-0.000387,1.407597,2.625507,26.98029615677491,2.497062642063747,-0.6191915358478879,-0.233105,-0.022448,0.010336,-0.972138,0.998779,-0.009631,-0.048464,0.030562,0.891111,0.452755,0.148097,0.963991,2.769478,-6.112297394068995,1.5767604118566427,-3.2618810171615507,-0.053679,0.012217,-0.027685,0.9981,0.998169,-0.056576,-0.021416,0.053952,0.992704,-0.107831,-0.103041,1.119622,2.971577,-8.567520464144405,-7.443903709439773,22.46219489920547,-0.085719,-0.048976,0.189057,0.976991,0.923718,0.377809,0.063286,-0.361017,0.91382,-0.186012,F,BuildTutorial
7.392,0.001627,1.407948,2.625548,26.865818123013153,3.552686221344284,-0.7128993937974966,-0.232003,-0.031594,0.013249,-0.972112,0.997653,-0.011099,-0.067573,0.040419,0.891999,0.450228,0.149544,0.963502,2.768817,-5.980007335775266,1.9019071623413928,-3.026138882958381,-0.052574,0.015191,-0.0255,0.998176,0.998238,-0.052504,-0.027646,0.049309,0.993172,-0.105731,-0.097425,1.119027,2.972806,-9.09249394255792,-6.732249347518806,20.873791771060333,-0.088421,-0.043229,0.175694,0.979513,0.934526,0.351833,0.053616,-0.336543,0.922627,-0.18841,F,BuildTutorial
7.426,0.00384,1.408135,2.62552,26.8237777713119,4.734257042551317,-0.834676332419352,-0.231453,-0.041863,0.016659,-0.971802,0.99594,-0.012999,-0.089077,0.051757,0.892304,0.448458,0.151259,0.963384,2.768249,-5.978324469099856,2.3660878046900264,-3.0666493982694103,-0.052669,0.019216,-0.02564,0.998098,0.997947,-0.053207,-0.035658,0.049158,0.993137,-0.106123,-0.093087,1.118772,2.974166,-8.94953587823282,-6.437828406509648,21.320539724274113,-0.086908,-0.040604,0.179825,0.97901,0.932029,0.359159,0.048247,-0.345043,0.92022,-0.18477,F,BuildTutorial
7.459,0.006159,1.408267,2.625573,26.74626035770636,5.955283268067108,-0.9138031835845106,-0.230569,-0.052378,0.019762,-0.971444,0.993732,-0.014242,-0.110878,0.062549,0.892895,0.4459,0.153186,0.963695,2.767627,-6.090085177361426,2.9555271183294183,-3.0930315188679263,-0.053779,0.02431,-0.025572,0.997929,0.99751,-0.053653,-0.045768,0.048424,0.992908,-0.108578,-0.089643,1.117366,2.975524,-8.354834989204344,-6.577359124762741,22.01890480910164,-0.082313,-0.042273,0.186048,0.978174,0.927199,0.370933,0.052072,-0.357014,0.917222,-0.176762,F,BuildTutorial
7.492,0.00851,1.40827,2.625734,26.704608670233068,7.201493676200719,-0.9602186349714716,-0.229962,-0.063035,0.02264,-0.970892,0.991028,-0.014971,-0.132812,0.072953,0.89321,0.443683,0.155295,0.964085,2.767027,-6.237182624145787,3.5943141596263746,-3.1569173360608564,-0.055218,0.029805,-0.025786,0.997696,0.996894,-0.054745,-0.056624,0.048162,0.992572,-0.111719,-0.083688,1.117343,2.977018,-8.796346583907212,-5.664270069013298,20.577463435587973,-0.084161,-0.034792,0.174137,0.980501,0.936932,0.34734,0.038916,-0.335627,0.925187,-0.177157,F,BuildTutorial
7.526,0.01095,1.408278,2.625711,26.708875756926034,8.467204527294868,-1.0223276904490113,-0.229694,-0.073879,0.025707,-0.970114,0.987762,-0.015938,-0.155152,0.083817,0.89316,0.44186,0.157187,0.964374,2.766433,-6.350851688261594,4.2109701114065246,-3.149263749396879,-0.056343,0.035148,-0.025384,0.99747,0.996241,-0.054599,-0.067257,0.046678,0.992362,-0.114185,-0.075522,1.119251,2.977593,-10.191812038272229,-3.648907724456217,18.743084668622775,-0.092757,-0.016832,0.15932,0.982716,0.948668,0.316254,0.003525,-0.310009,0.932027,-0.187671,F,BuildTutorial
7.559,0.013332,1.408295,2.625697,26.69571460082214,9.70516068753308,-1.078759049788187,-0.22925,-0.084469,0.028655,-0.969272,0.984088,-0.01682,-0.176886,0.094278,0.893247,0.43957,0.159278,0.964695,2.765416,-6.44192833652048,4.851159207653922,-3.1678761892507317,-0.057283,0.040687,-0.025196,0.99721,0.995419,-0.054913,-0.078261,0.04559,0.992168,-0.116296,-0.066365,1.120074,2.977975,-10.831322508921444,-1.1382273857071132,16.994150234586648,-0.094801,0.004165,0.146165,0.984699,0.957237,0.287067,-0.035915,-0.288646,0.939297,-0.185484,F,BuildTutorial
7.592,0.015769,1.408421,2.625704,26.64296511474242,10.88558281445743,-1.1330122008839176,-0.228452,-0.094563,0.031432,-0.968442,0.98014,-0.017673,-0.197519,0.104086,0.893643,0.436541,0.161468,0.965145,2.76434,-6.52215462255486,5.518466943126998,-3.1071533461499,-0.058102,0.046503,-0.024299,0.996931,0.994494,-0.053852,-0.089897,0.043044,0.992067,-0.118108,-0.05483,1.121467,2.977058,-11.845648089092723,2.7588589681667326,14.59132094393376,-0.099283,0.036851,0.128739,0.986008,0.964136,0.246559,-0.098233,-0.261193,0.947138,-0.186299,F,BuildTutorial
7.626,0.018138,1.408676,2.62574,26.55049526406797,11.956873937717996,-1.1329676930751873,-0.227367,-0.103624,0.033486,-0.967701,0.976281,-0.017687,-0.215782,0.11193,0.894366,0.433107,0.163766,0.965372,2.763021,-6.625297981058107,6.235901514292438,-3.1313575507192293,-0.059161,0.052704,-0.024095,0.996565,0.993284,-0.05426,-0.102195,0.041788,0.991839,-0.120456,-0.043846,1.123628,2.976053,-12.876297780786686,6.384703860736562,12.93323261725338,-0.105012,0.067594,0.117945,0.985136,0.96304,0.218187,-0.157949,-0.24658,0.950123,-0.190958,F,BuildTutorial
7.659,0.020297,1.408763,2.625744,26.48227061302983,12.954548827883857,-1.213534612191466,-0.226412,-0.112214,0.03608,-0.966873,0.972213,-0.018957,-0.233332,0.120583,0.894872,0.429726,0.166193,0.965359,2.76123,-6.699272809141877,6.907136923904285,-3.270290136826213,-0.060015,0.058448,-0.024916,0.996173,0.991926,-0.056656,-0.113458,0.042625,0.991555,-0.122484,-0.034153,1.126042,2.975163,-13.960540931919832,9.510474146794406,10.8466996058672,-0.11279,0.093363,0.10352,0.983791,0.961134,0.182624,-0.207052,-0.224746,0.953124,-0.202594,F,BuildTutorial
7.692,0.022272,1.408806,2.625758,26.49309131101783,13.8557116428636,-1.3506464056349696,-0.226069,-0.120083,0.039026,-0.965893,0.968114,-0.021096,-0.24962,0.129684,0.89474,0.427344,0.1687,0.964809,2.759265,-6.673583567133598,7.560040834615799,-3.32785186063668,-0.059965,0.0641,-0.025089,0.995824,0.990523,-0.057656,-0.124657,0.042281,0.99155,-0.122645,-0.024073,1.128481,2.974533,-14.859722888322752,12.955915513386133,7.589505981784478,-0.120801,0.120132,0.079765,0.982147,0.958412,0.127659,-0.255246,-0.185707,0.958089,-0.218125,F,BuildTutorial
7.725,0.024026,1.408757,2.625713,26.51256219227118,14.619464651231878,-1.4800252964067877,-0.225825,-0.12677,0.041642,-0.964986,0.964391,-0.023113,-0.26347,0.137624,0.894538,0.425278,0.171265,0.963699,2.75698,-6.517174541856799,8.407004080946066,-3.2532263282865936,-0.058744,0.071542,-0.024099,0.995415,0.988602,-0.056383,-0.139598,0.039572,0.991937,-0.120398,-0.014872,1.130613,2.974738,-15.592159854575373,16.229231178269856,4.708997725862576,-0.128431,0.145248,0.059426,0.979223,0.950743,0.079074,-0.299724,-0.153691,0.959948,-0.234262,F,BuildTutorial
7.759,0.02558,1.408749,2.62563,26.52874675499687,15.274183523553642,-1.646720650223344,-0.225527,-0.132607,0.044352,-0.96415,0.960897,-0.025712,-0.275711,0.145337,0.894341,0.423121,0.173748,0.962447,2.754561,-6.289359974396361,9.160753639318283,-3.293343031613958,-0.056951,0.078133,-0.024222,0.99502,0.986617,-0.057102,-0.152729,0.039303,0.99234,-0.117121,-0.005351,1.13364,2.97445,-16.728350256978263,19.724839963102276,1.4232683206038332,-0.141199,0.171228,0.03702,0.974358,0.938621,0.023786,-0.344129,-0.120495,0.957385,-0.262479,F,BuildTutorial
7.792,0.027081,1.408751,2.625477,26.537802333244105,15.845109154698724,-1.8345955187076195,-0.225154,-0.137777,0.047065,-0.963384,0.957605,-0.028641,-0.286658,0.152725,0.894181,0.42085,0.176161,0.961216,2.752094,-6.077882516378994,9.81973175970906,-3.2519126623651267,-0.055224,0.083935,-0.023695,0.994658,0.984787,-0.056408,-0.164356,0.037867,0.992778,-0.113836,0.004662,1.137171,2.973536,-18.196551113187404,24.072227219607353,-2.352873497758793,-0.158847,0.202686,0.01314,0.966185,0.917491,-0.039001,-0.395839,-0.089783,0.94919,-0.301624,F,BuildTutorial
7.826,0.028462,1.408748,2.625424,26.496500440601,16.41518959210965,-1.9707922853083055,-0.2244,-0.142841,0.04928,-0.962711,0.954336,-0.030777,-0.297146,0.158991,0.894432,0.417987,0.178451,0.960054,2.749245,-5.887770371674876,10.545979555820482,-3.211090398522857,-0.053692,0.090311,-0.023145,0.994196,0.982617,-0.055719,-0.177087,0.036323,0.993163,-0.110941,0.015536,1.140894,2.972274,-19.67748536505567,29.46601077737109,-6.32844064302113,-0.178837,0.241071,-0.009208,0.953844,0.8836,-0.103791,-0.456594,-0.068659,0.935865,-0.345604,F,BuildTutorial
7.859,0.02974,1.408663,2.62526,26.494773818901713,16.964740831872682,-2.079965631980756,-0.224006,-0.14767,0.05127,-0.96197,0.95113,-0.032483,-0.307079,0.1648,0.894385,0.415832,0.180664,0.95897,2.746393,-5.694567865194745,11.280715637776474,-3.3230590836545786,-0.052259,0.096688,-0.023939,0.993654,0.980157,-0.057679,-0.189646,0.037468,0.993392,-0.108483,0.025804,1.144508,2.970037,-21.034772379618516,35.36478477183921,-10.013672758577108,-0.19931,0.28232,-0.026523,0.938013,0.839183,-0.162296,-0.519068,-0.062781,0.919144,-0.388886,F,BuildTutorial
7.893,0.030854,1.408558,2.625135,26.503220556724383,17.52295921667068,-2.180320033764168,-0.223691,-0.152549,0.053213,-0.961176,0.947794,-0.034046,-0.31706,0.170541,0.894262,0.413778,0.182596,0.958113,2.743617,-5.503900987949177,11.865266597543355,-3.315888923342924,-0.050722,0.101815,-0.023784,0.993225,0.978136,-0.057574,-0.199838,0.036917,0.993723,-0.105599,0.035606,1.145709,2.968765,-20.92573537977295,41.00618980327622,-13.719839616698035,-0.210017,0.321652,-0.046865,0.922083,0.788687,-0.221531,-0.573495,-0.048678,0.907393,-0.417454,F,BuildTutorial
7.925,0.031787,1.408532,2.624928,26.55004919178632,18.085566596118458,-2.254621735127369,-0.223718,-0.157404,0.054994,-0.960286,0.944399,-0.035192,-0.326912,0.176049,0.893852,0.412354,0.18413,0.957162,2.740774,-5.363682414664513,12.339857798507897,-3.3228484281304507,-0.049612,0.105966,-0.023767,0.992847,0.976413,-0.057709,-0.208058,0.03668,0.993948,-0.103551,0.044774,1.145655,2.968855,-19.971398208162213,45.97081479580611,-18.18855018089453,-0.218415,0.354515,-0.076444,0.905964,0.736951,-0.293374,-0.608962,-0.016351,0.892903,-0.449953,F,BuildTutorial
7.959,0.032785,1.408567,2.624692,26.59470270296998,18.612029285322492,-2.240789702367186,-0.223857,-0.16178,0.055965,-0.95947,0.94139,-0.034963,-0.335503,0.179825,0.893512,0.41146,0.185381,0.956482,2.738293,-5.20705491250849,12.785383364705506,-3.200959760921537,-0.048231,0.109923,-0.022672,0.99251,0.974806,-0.055607,-0.216013,0.0344,0.99432,-0.100723,0.051353,1.146309,2.970629,-19.478281367176255,49.04606561880404,-21.26860452589269,-0.226751,0.37365,-0.096467,0.894239,0.702159,-0.341979,-0.624518,0.003078,0.878557,-0.477628,F,BuildTutorial
7.992,0.033711,1.408681,2.624663,26.531522221332043,19.125583993887915,-2.323966208264416,-0.222954,-0.166251,0.057577,-0.958821,0.938091,-0.036279,-0.344483,0.184544,0.893953,0.408401,0.186992,0.956107,2.735944,-5.1690001402003,13.33257134657412,-3.277506457728904,-0.048086,0.11464,-0.023143,0.991973,0.972644,-0.056939,-0.225214,0.034888,0.994304,-0.100706,0.057583,1.146423,2.972539,-18.522748252689404,51.8199780675627,-24.16727225570395,-0.231834,0.391403,-0.117077,0.882808,0.666194,-0.388195,-0.636782,0.025232,0.865091,-0.500979,F,BuildTutorial
8.026,0.034647,1.408861,2.624625,26.463976238925028,19.62175352331227,-2.4521962509749304,-0.221946,-0.170661,0.059519,-0.958161,0.934665,-0.038302,-0.353461,0.189812,0.894395,0.405005,0.188518,0.955969,2.733762,-5.151177667171529,13.994016413072233,-3.3254609298950384,-0.048115,0.120349,-0.023299,0.991291,0.969946,-0.057774,-0.23636,0.034612,0.994284,-0.101,0.061923,1.148459,2.974515,-18.881005450565866,54.22813406718256,-25.7735015429055,-0.24259,0.405706,-0.122953,0.872603,0.640571,-0.411419,-0.648385,0.017738,0.852065,-0.523135,F,BuildTutorial
8.059,0.035426,1.408984,2.624735,26.416642801242677,20.142802612361766,-2.551621801833424,-0.221125,-0.175216,0.06129,-0.957417,0.931086,-0.039871,-0.362616,0.19485,0.894695,0.401939,0.190107,0.955913,2.731772,-5.1232884814312225,14.730853183903102,-3.4232642407035208,-0.048131,0.126688,-0.023866,0.990487,0.966761,-0.059473,-0.248668,0.035082,0.994228,-0.101394,0.066525,1.14859,2.97718,-17.63183440107204,55.899357093858065,-26.759999555012747,-0.238888,0.419258,-0.132119,0.865852,0.613535,-0.429103,-0.662907,0.028481,0.850954,-0.524467,F,BuildTutorial
8.092,0.036162,1.409078,2.624852,26.337491007539175,20.64873055058679,-2.718868160469402,-0.219928,-0.179776,0.063545,-0.9567,0.927286,-0.042511,-0.371933,0.200662,0.895187,0.397963,0.191698,0.955962,2.72981,-5.096884858828141,15.432088265155182,-3.561256437564743,-0.048208,0.132697,-0.024794,0.989673,0.963553,-0.061871,-0.260264,0.036283,0.994122,-0.102001,0.070564,1.147864,2.979861,-16.388477161868664,57.53043965018236,-28.428015614724952,-0.238071,0.431048,-0.146558,0.857928,0.585437,-0.456712,-0.669834,0.046232,0.843686,-0.534843,F,BuildTutorial
8.125,0.036832,1.409204,2.624901,26.290808827815315,21.158256105169425,-2.814092304879652,-0.2191,-0.184218,0.065246,-0.95593,0.923614,-0.044018,-0.380789,0.205466,0.895477,0.394849,0.193272,0.956134,2.727768,-5.1290341942792175,16.079441910443574,-3.6469252248804658,-0.048728,0.138239,-0.025221,0.988878,0.960508,-0.063353,-0.270946,0.036408,0.993979,-0.103345,0.074499,1.148438,2.980008,-16.121531093390956,60.89574713708462,-31.148433995376465,-0.251159,0.450869,-0.160723,0.841311,0.541771,-0.496916,-0.677908,0.043957,0.822175,-0.567536,F,BuildTutorial
8.159,0.037379,1.409244,2.62493,26.279774887580693,21.651711400934513,-2.877224016739655,-0.218621,-0.188455,0.066698,-0.955113,0.920072,-0.045007,-0.389155,0.209809,0.895512,0.392477,0.194519,0.956042,2.7263,-5.134023351895861,16.678320132093376,-3.7091258707480144,-0.04898,0.143377,-0.025496,0.988127,0.957586,-0.064432,-0.280851,0.036341,0.993902,-0.104109,0.078191,1.149779,2.979127,-16.036027166371223,65.09413608052475,-33.40949886312714,-0.265745,0.476454,-0.168054,0.821053,0.489499,-0.529194,-0.693069,0.022732,0.802275,-0.596522,F,BuildTutorial
8.193,0.0379,1.409389,2.625089,26.29404144948949,22.12834750715751,-2.9104467687561524,-0.218405,-0.192487,0.067906,-0.954273,0.916675,-0.045522,-0.397032,0.213682,0.895376,0.390693,0.195652,0.955722,2.7249,-5.01960930042662,17.11296769364179,-3.6097178839766286,-0.047963,0.147204,-0.024603,0.987636,0.955452,-0.062717,-0.288408,0.034476,0.994189,-0.101983,0.081168,1.150757,2.979073,-15.27093023771395,68.49430212050964,-34.27203182731004,-0.2693,0.500652,-0.169941,0.80495,0.440935,-0.543239,-0.71447,0.003937,0.797195,-0.603709,F,BuildTutorial
8.225,0.038346,1.40958,2.625377,26.22857851041081,22.60350222639206,-2.952715932584603,-0.217503,-0.196534,0.069057,-0.953571,0.913211,-0.046208,-0.404858,0.217194,0.895847,0.387665,0.196774,0.955765,2.723737,-4.9160648021801086,17.516332123779897,-3.3750443296897257,-0.046849,0.15081,-0.022551,0.987195,0.953496,-0.058656,-0.295645,0.030394,0.994593,-0.099301,0.084241,1.150578,2.980966,-13.907960023782126,71.27379580955649,-35.54957937046814,-0.270261,0.520713,-0.179106,0.789771,0.393558,-0.564362,-0.725678,0.001449,0.789761,-0.613414,F,BuildTutorial
8.259,0.038684,1.409822,2.625803,26.14111490498496,23.024945639893485,-2.9741776061303113,-0.216481,-0.200096,0.069891,-0.953002,0.910154,-0.046578,-0.411643,0.219846,0.896502,0.384644,0.198108,0.956238,2.722322,-5.033927284311321,18.028274380598084,-3.4965234224969546,-0.048128,0.155131,-0.023225,0.986448,0.95079,-0.060752,-0.303821,0.030888,0.994289,-0.102158,0.086822,1.150285,2.985308,-12.556086970223475,72.69841353021367,-37.017667416132184,-0.270546,0.530717,-0.192686,0.779754,0.362424,-0.587662,-0.723396,0.013329,0.779354,-0.626442,F,BuildTutorial
8.292,0.039015,1.410026,2.626418,26.058597789902137,23.378199299865443,-3.027818737034631,-0.215482,-0.203149,0.070866,-0.952511,0.907417,-0.047451,-0.417543,0.222551,0.897092,0.381704,0.199676,0.956693,2.720916,-5.199383237284529,18.61005828610548,-3.6513607188154977,-0.049884,0.160016,-0.024077,0.985559,0.94763,-0.063424,-0.313008,0.031495,0.993864,-0.106033,0.089341,1.149625,2.988792,-11.057302318831692,74.74616157891397,-39.01903424366589,-0.273942,0.543921,-0.209043,0.765119,0.320903,-0.617891,-0.717797,0.02188,0.762513,-0.646603,F,BuildTutorial
8.325,0.039331,1.410179,2.627308,26.020385903015967,23.724546894881943,-3.0619931603593997,-0.214887,-0.206098,0.071736,-0.951946,0.904755,-0.048001,-0.423219,0.225152,0.897355,0.379552,0.201421,0.956719,2.719591,-5.24262862279907,19.29821322495806,-3.5967386472517653,-0.05032,0.165941,-0.023244,0.984577,0.943847,-0.062471,-0.324423,0.029071,0.993855,-0.106802,0.091987,1.149763,2.991498,-10.035005717818224,77.31567578260692,-39.292865892231355,-0.273539,0.563087,-0.210088,0.750982,0.277593,-0.623596,-0.730801,0.007492,0.76208,-0.64744,F,BuildTutorial
8.359,0.039575,1.410285,2.628288,25.969580913222877,24.075262184524608,-3.2370235119176156,-0.213924,-0.209347,0.073759,-0.951299,0.901467,-0.050765,-0.429861,0.229902,0.897592,0.376129,0.202843,0.956273,2.718577,-5.21524788824618,19.99269168065833,-3.5993764723702206,-0.050229,0.171913,-0.023003,0.983562,0.939834,-0.062519,-0.335863,0.027979,0.993896,-0.106716,0.094056,1.150612,2.995488,-9.45790365909262,78.73298044314464,-39.489453685604325,-0.273538,0.573423,-0.211072,0.74284,0.253268,-0.627292,-0.736451,-0.00012,0.761251,-0.648457,F,BuildTutorial
8.392,0.039784,1.410338,2.629548,25.92833945966932,24.3702521088546,-3.3247979458106123,-0.213228,-0.211966,0.074966,-0.950781,0.898901,-0.052159,-0.435036,0.232947,0.897828,0.373686,0.204339,0.955688,2.71763,-5.093164238742134,20.757548981794912,-3.5446324631010806,-0.04925,0.178539,-0.022391,0.982444,0.935245,-0.061582,-0.348604,0.02641,0.994146,-0.104767,0.096803,1.150873,2.999019,-8.576416174320288,80.17310163862932,-39.5412889913886,-0.271043,0.584939,-0.212754,0.734246,0.225164,-0.629515,-0.743648,-0.00466,0.762543,-0.646921,F,BuildTutorial
8.425,0.039802,1.410227,2.630967,25.93703956749104,24.66179294001793,-3.442800405876835,-0.212888,-0.214602,0.076502,-0.950143,0.896187,-0.054003,-0.440377,0.236748,0.897652,0.371713,0.205629,0.955083,2.716732,-5.019637248945471,21.481726220207204,-3.7225283825694864,-0.049048,0.184693,-0.023723,0.981285,0.930652,-0.064675,-0.360145,0.02844,0.994063,-0.105022,0.099075,1.150316,3.000776,-7.772934707394913,82.90643560432886,-40.05063178581784,-0.273903,0.603158,-0.213906,0.717929,0.180889,-0.637551,-0.748871,-0.023275,0.758443,-0.651323,F,BuildTutorial
8.458,0.03977,1.410086,2.632621,25.936141645971823,24.977256538875235,-3.5457201932216034,-0.212474,-0.217408,0.077939,-0.949481,0.893318,-0.055617,-0.44597,0.240391,0.89756,0.369591,0.20647,0.954525,2.716109,-4.9889369198047975,22.122106004548343,-3.712098777272747,-0.0489,0.190189,-0.023411,0.980249,0.92656,-0.064499,-0.370575,0.027298,0.994121,-0.104774,0.102248,1.149184,3.001822,-6.524672791183996,85.58689911512903,-39.19195664227269,-0.266818,0.624967,-0.209288,0.703152,0.131229,-0.627828,-0.76721,-0.039182,0.770013,-0.636824,F,BuildTutorial
8.492,0.039651,1.409863,2.634501,25.937224049178504,25.322068862792364,-3.660347927901968,-0.212027,-0.220476,0.079529,-0.948741,0.890131,-0.057412,-0.452075,0.2444,0.89744,0.367248,0.207004,0.953756,2.71557,-4.899958812309365,22.72199058802468,-3.6769360944419462,-0.048202,0.195364,-0.023008,0.979275,0.922607,-0.063897,-0.380412,0.026229,0.994294,-0.103396,0.106125,1.147363,3.003094,-5.000891252695139,87.71187448606442,-38.43503071339256,-0.257543,0.643261,-0.20858,0.690203,0.085418,-0.61926,-0.780526,-0.04341,0.780332,-0.623857,F,BuildTutorial
8.526,0.039448,1.409643,2.636704,25.913574329622385,25.70080497403592,-3.7467640968771248,-0.211398,-0.223774,0.080901,-0.947993,0.886761,-0.058776,-0.458477,0.247998,0.897532,0.364601,0.207154,0.952961,2.715332,-4.766124475265477,23.23487195285687,-3.578623476772386,-0.046991,0.199832,-0.022189,0.978451,0.91915,-0.062203,-0.388967,0.024642,0.994599,-0.100826,0.11041,1.146775,3.006717,-3.7988658706498817,88.69859728830419,-34.04458528779934,-0.227188,0.661101,-0.187069,0.690171,0.055902,-0.558608,-0.827546,-0.04217,0.826782,-0.56094,F,BuildTutorial
8.56,0.039232,1.409341,2.639053,25.929247294087993,26.05550381484942,-3.7773700764067217,-0.211216,-0.226761,0.081837,-0.947243,0.883764,-0.059248,-0.464167,0.250831,0.897381,0.363032,0.207326,0.952628,2.715113,-4.758316044641379,23.865619758419708,-3.7032408500522096,-0.047269,0.205166,-0.023007,0.977314,0.914755,-0.064366,-0.398849,0.025574,0.994473,-0.101834,0.113609,1.144163,3.010047,-2.5227829852676025,90.51083294953165,-32.78409917838499,-0.215257,0.676844,-0.183612,0.679583,0.016338,-0.540951,-0.840896,-0.041832,0.839902,-0.541124,F,BuildTutorial
8.592,0.039064,1.409096,2.641592,25.98243225620275,26.462649898903173,-3.895190382239189,-0.211128,-0.230333,0.08366,-0.946241,0.879895,-0.061066,-0.471227,0.255585,0.896852,0.361017,0.207614,0.952368,2.714932,-4.873427987117247,24.632620242772187,-3.904297156782554,-0.048773,0.211577,-0.024187,0.975844,0.9093,-0.067844,-0.410573,0.026567,0.994072,-0.105425,0.117094,1.140733,3.012622,-0.9270322453936738,92.459752789808,-35.10289406005505,-0.223093,0.686794,-0.203034,0.661303,-0.025816,-0.574971,-0.817767,-0.037904,0.818014,-0.573948,F,BuildTutorial
8.625,0.038935,1.408713,2.644574,26.001303519204303,26.91011029548328,-4.019092716012731,-0.210703,-0.234251,0.085542,-0.945206,0.875619,-0.062995,-0.478878,0.260424,0.896573,0.35824,0.207819,0.952078,2.715029,-4.914057292565268,25.4526872298475,-3.936776822961908,-0.049352,0.218526,-0.024035,0.974286,0.903337,-0.068403,-0.423442,0.025263,0.993973,-0.106671,0.121567,1.137453,3.017654,0.4072151595917918,92.97450561352969,-35.68424596258433,-0.219874,0.691087,-0.21341,0.654608,-0.046289,-0.583303,-0.810934,-0.024504,0.812223,-0.582832,F,BuildTutorial
8.659,0.0388,1.408073,2.647639,26.10433692735873,27.35156674867256,-4.17032376396613,-0.21091,-0.238151,0.087799,-0.943977,0.871151,-0.065303,-0.486654,0.266217,0.895617,0.356369,0.208197,0.951691,2.71507,-4.947364779758533,26.430130752501743,-4.142611946596171,-0.050245,0.226726,-0.025293,0.972333,0.895912,-0.07197,-0.438364,0.026403,0.993671,-0.109179,0.125341,1.135583,3.022829,0.8338730455984885,93.6162172058096,-34.45091307630241,-0.211137,0.697821,-0.207748,0.652156,-0.060227,-0.56564,-0.82245,-0.023704,0.824524,-0.56533,F,BuildTutorial
8.692,0.038873,1.407233,2.650971,26.219435558546447,27.81432716930147,-4.418668410664549,-0.21098,-0.242399,0.09092,-0.942584,0.865953,-0.069117,-0.495327,0.273682,0.894442,0.353654,0.208507,0.951408,2.715165,-5.039014834350163,27.456854116483605,-4.281853044688779,-0.051531,0.23533,-0.02583,0.970205,0.887905,-0.074374,-0.453975,0.025867,0.993355,-0.112148,0.129421,1.134666,3.027746,0.6105720269416364,94.32795105916568,-32.618920375287814,-0.20245,0.704801,-0.194681,0.651436,-0.06929,-0.539018,-0.83944,-0.031729,0.842227,-0.538189,F,BuildTutorial
8.725,0.039099,1.405993,2.65461,26.200776044694212,28.33260377529512,-4.71776632186807,-0.209768,-0.247211,0.094293,-0.941272,0.859992,-0.073797,-0.504944,0.281225,0.894212,0.348277,0.208633,0.950977,2.715412,-5.136888210652725,28.517261926225583,-4.385599192680232,-0.052815,0.24421,-0.026017,0.967934,0.87937,-0.076161,-0.470009,0.024569,0.993067,-0.11495,0.132716,1.134002,3.033107,0.4893287494735734,94.7685847855305,-29.21733362244944,-0.182809,0.712843,-0.173809,0.65439,-0.076709,-0.488107,-0.869406,-0.03315,0.872742,-0.487055,F,BuildTutorial
8.759,0.039502,1.404405,2.658636,26.05942269803286,28.79903727250145,-4.9957589891651155,-0.207607,-0.251566,0.09714,-0.940307,0.854556,-0.07823,-0.513433,0.287137,0.894926,0.341554,0.208857,0.950667,2.71526,-5.270253037930619,29.80677665462996,-4.802474188069292,-0.055154,0.254831,-0.028631,0.964987,0.868483,-0.083366,-0.488659,0.027146,0.992277,-0.121038,0.136993,1.132526,3.037654,0.2444070529430616,95.26702556490282,-27.252594695042085,-0.172667,0.71839,-0.160287,0.65453,-0.083552,-0.457909,-0.885064,-0.038259,0.888989,-0.456328,F,BuildTutorial
8.791,0.040212,1.402873,2.662906,26.271108147059635,29.273077526580764,-5.073068376631829,-0.208775,-0.255565,0.099068,-0.938768,0.849745,-0.079292,-0.521198,0.292714,0.893197,0.341346,0.209322,0.950153,2.714754,-5.351305154211311,31.202043441254048,-5.452919458756395,-0.05769,0.266201,-0.033225,0.961616,0.856066,-0.094613,-0.508133,0.033184,0.991136,-0.128641,0.14091,1.130962,3.04202,0.000919306665528,95.70369956922966,-25.704225657101915,-0.164911,0.722839,-0.149271,0.654237,-0.089556,-0.433726,-0.896583,-0.043091,0.901045,-0.43158,F,BuildTutorial
8.825,0.041193,1.401482,2.667075,26.705060154907187,29.75105317135256,-4.974944686334188,-0.212151,-0.259232,0.100044,-0.9369,0.84558,-0.077469,-0.528198,0.297454,0.889967,0.34566,0.209529,0.949121,2.714172,-5.102943701727951,32.42334819024549,-5.707194251679534,-0.056579,0.276436,-0.035344,0.958714,0.844668,-0.099051,-0.526046,0.036489,0.991099,-0.128028,0.144405,1.1313,3.047023,-0.907451106736366,95.53139176975913,-22.138638878806965,-0.147374,0.725583,-0.123295,0.660764,-0.083345,-0.376802,-0.922537,-0.050926,0.926159,-0.373681,F,BuildTutorial
8.858,0.042458,1.400059,2.670966,27.281037451821035,30.18483112389151,-4.756432290403418,-0.216999,-0.262263,0.100286,-0.934918,0.842322,-0.073696,-0.533913,0.30134,0.885708,0.353151,0.210077,0.948438,2.713305,-4.602219274320872,33.43802747287458,-6.261809217487771,-0.054096,0.284917,-0.040733,0.956157,0.834326,-0.10872,-0.540444,0.047068,0.990829,-0.12666,0.147392,1.131398,3.053138,-1.692197695601094,94.8323069901903,-17.361570913337154,-0.120993,0.726266,-0.09137,0.670485,-0.071621,-0.298271,-0.95179,-0.053222,0.954024,-0.294966,F,BuildTutorial
8.892,0.044049,1.399187,2.674908,27.775278195568013,30.5765325672384,-4.46013580638346,-0.221389,-0.264783,0.099677,-0.933242,0.839909,-0.068806,-0.538348,0.303286,0.882102,0.360434,0.21058,0.948029,2.712553,-4.176553009158092,33.96587686268695,-7.253297655754546,-0.053244,0.289104,-0.049834,0.954516,0.827871,-0.125921,-0.546602,0.064349,0.989363,-0.13046,0.149632,1.131174,3.057871,-2.265225750017182,94.88596514206093,-15.023496038957148,-0.109531,0.728393,-0.073963,0.672292,-0.072054,-0.259013,-0.963183,-0.060113,0.965065,-0.255022,F,BuildTutorial
8.925,0.046206,1.398879,2.679125,27.831774079811964,31.000338060127103,-4.308008399313371,-0.221837,-0.267925,0.099381,-0.932271,0.836679,-0.06643,-0.54365,0.304172,0.881824,0.36037,0.212184,0.94762,2.711956,-3.897780620980986,34.143269924734206,-8.187555244151529,-0.053372,0.290328,-0.058246,0.953661,0.824634,-0.142084,-0.547531,0.080102,0.987518,-0.135618,0.150796,1.130333,3.064461,-1.6611110563808045,93.62868641831164,-7.601545930138752,-0.058226,0.726802,-0.034814,0.683488,-0.058907,-0.132228,-0.989468,-0.037047,0.990795,-0.1302,F,BuildTutorial
8.958,0.048737,1.398871,2.683495,27.650287537057828,31.374272024794717,-4.2307063333575075,-0.220211,-0.270864,0.099074,-0.931839,0.833635,-0.065348,-0.548437,0.303936,0.883383,0.356731,0.214617,0.946898,2.712094,-3.781613109277509,34.358922737891355,-8.229246973928577,-0.052623,0.292182,-0.058793,0.953102,0.822347,-0.142823,-0.55077,0.081321,0.987548,-0.134666,0.15224,1.126749,3.067193,-0.7592687410648871,94.75510443790776,-5.485859993455798,-0.039694,0.734758,-0.027535,0.676607,-0.081254,-0.095592,-0.992099,-0.021071,0.995332,-0.094178,F,BuildTutorial
8.991,0.051281,1.398273,2.687209,27.404423535114365,31.638064041472852,-3.985720565633996,-0.218557,-0.272607,0.097039,-0.931935,0.832538,-0.061708,-0.550521,0.300029,0.885633,0.354454,0.218114,0.945761,2.713505,-3.602166214237133,34.52333362963199,-7.597979756326099,-0.049599,0.293949,-0.053935,0.953008,0.82137,-0.13196,-0.554922,0.073641,0.989262,-0.126245,0.153886,1.123241,3.071131,0.2565277760820505,94.91958326498234,-5.078187341449105,-0.031129,0.736145,-0.0316,0.675369,-0.085815,-0.088514,-0.992371,-0.003148,0.996065,-0.088572,F,BuildTutorial
9.024,0.05366,1.397423,2.690305,27.27160962082988,31.83150474912968,-3.7082706493906703,-0.217971,-0.27369,0.094852,-0.931979,0.832194,-0.057487,-0.551497,0.296113,0.886984,0.354368,0.222946,0.944511,2.715684,-3.264178917778767,34.73671553799931,-7.190141005043477,-0.04584,0.296101,-0.051336,0.952674,0.819377,-0.124959,-0.559469,0.070666,0.990527,-0.117743,0.154552,1.119717,3.074765,1.0712574548681402,95.32487643402244,-4.734056378381106,-0.024237,0.738787,-0.034719,0.672608,-0.094023,-0.082516,-0.992145,0.010893,0.996414,-0.083904,F,BuildTutorial
9.058,0.056023,1.397344,2.692829,27.419149740700952,31.80445398028749,-3.2261813950917246,-0.220347,-0.272501,0.091213,-0.932132,0.834847,-0.049955,-0.548211,0.290134,0.886255,0.361075,0.227967,0.943876,2.718851,-3.0957612905790555,34.95441380477109,-7.446795733549116,-0.045207,0.29791,-0.053824,0.952003,0.816705,-0.129417,-0.562356,0.075546,0.990119,-0.118144,0.15498,1.116852,3.079861,1.3751100675662593,95.04390831486208,-5.370670730089304,-0.026457,0.737053,-0.040477,0.674103,-0.08977,-0.093572,-0.991557,0.015571,0.995323,-0.095337,F,BuildTutorial
9.092,0.0588,1.398581,2.695935,27.458206619625436,31.518990840763298,-2.7939918286361545,-0.22191,-0.26933,0.087233,-0.933063,0.839703,-0.043254,-0.54132,0.282323,0.886292,0.367124,0.233409,0.943803,2.722707,-3.024882227212116,35.0427343794338,-8.053826407007417,-0.046242,0.298446,-0.059017,0.951477,0.814894,-0.139908,-0.562471,0.084704,0.988757,-0.123224,0.155382,1.11561,3.08531,1.2247199678225444,94.09563675227298,-4.6485216097441135,-0.022405,0.731574,-0.035448,0.680471,-0.072914,-0.081025,-0.994042,0.01546,0.996483,-0.082358,F,BuildTutorial
9.125,0.061503,1.39898,2.699363,26.87479719973323,31.174546109852397,-2.8803544552131477,-0.217197,-0.266893,0.085969,-0.934988,0.842755,-0.044823,-0.536429,0.276697,0.89087,0.360264,0.238084,0.944166,2.727479,-2.9157282614513145,34.87444841816631,-7.869277321842807,-0.044771,0.297192,-0.057838,0.952012,0.816663,-0.136735,-0.560683,0.083513,0.989301,-0.119623,0.155579,1.114718,3.088533,1.1923197850949865,94.37530538277726,-4.878653426870851,-0.024156,0.73318,-0.036549,0.678622,-0.077777,-0.085028,-0.993338,0.014184,0.996161,-0.08638,F,BuildTutorial
9.158,0.063574,1.399794,2.702943,26.78249469715156,30.71487905441736,-3.10164515965087,-0.216275,-0.263589,0.086702,-0.936071,0.846008,-0.048304,-0.530978,0.276334,0.891415,0.359191,0.242233,0.945884,2.732506,-3.178203018776035,34.690417132753225,-7.294306567935536,-0.045374,0.295726,-0.052445,0.952752,0.819591,-0.126771,-0.558749,0.073098,0.990381,-0.117479,0.156127,1.113905,3.092671,1.5145316681981,93.91228022531436,-5.543257926804603,-0.026326,0.730349,-0.04265,0.681233,-0.070458,-0.096564,-0.99283,0.019656,0.994976,-0.098167,F,BuildTutorial
9.192,0.064796,1.400087,2.705759,27.207452218519972,30.22018304307493,-3.273539091775413,-0.219744,-0.259744,0.088089,-0.936208,0.849547,-0.050784,-0.525064,0.279093,0.887906,0.365692,0.245438,0.948154,2.737753,-3.5566463417117364,34.47878586884942,-7.158297275000415,-0.048073,0.293794,-0.050415,0.953327,0.822286,-0.124372,-0.555317,0.067878,0.990295,-0.121282,0.156291,1.113004,3.095417,1.89900707400114,93.61958713545012,-5.271870967763478,-0.022196,0.728736,-0.043541,0.683049,-0.065903,-0.091831,-0.993591,0.027132,0.995223,-0.093782,F,BuildTutorial
9.225,0.065716,1.400172,2.708414,27.407939022536898,29.731664235489387,-3.00130384658725,-0.22237,-0.255164,0.08535,-0.937101,0.855214,-0.046482,-0.516187,0.273445,0.886534,0.37321,0.247601,0.950853,2.742888,-3.683180987101752,34.09637642417972,-7.181576814600449,-0.049016,0.290525,-0.050444,0.954279,0.826102,-0.124756,-0.549538,0.067795,0.990106,-0.12286,0.156608,1.111897,3.096607,1.884953793833322,94.10616811041518,-5.505844671297297,-0.023958,0.73158,-0.044745,0.679864,-0.074422,-0.095896,-0.992605,0.025787,0.994848,-0.098046,F,BuildTutorial
9.258,0.06653,1.400638,2.711775,27.11589685082224,29.161538017254987,-2.7796360262422386,-0.220876,-0.25016,0.081818,-0.939116,0.861451,-0.043165,-0.506003,0.264182,0.889039,0.373921,0.248646,0.95414,2.747576,-4.047135920725668,33.38368675819983,-7.812570316263663,-0.053299,0.284074,-0.055095,0.955733,0.832533,-0.135594,-0.537125,0.07503,0.988248,-0.133182,0.157701,1.11101,3.0978,1.5756264184148032,94.23423183971347,-5.24044887476312,-0.024148,0.732339,-0.041171,0.679266,-0.07603,-0.091301,-0.992917,0.020564,0.995444,-0.093108,F,BuildTutorial
9.292,0.066798,1.401203,2.715208,27.06252159826263,28.78331067453219,-3.111174092842957,-0.21999,-0.247713,0.083698,-0.939807,0.863266,-0.048331,-0.502431,0.266308,0.889198,0.37203,0.248135,0.956937,2.752513,-4.74449920755085,32.18489964619841,-7.831984261970966,-0.058591,0.273588,-0.054115,0.958535,0.844443,-0.135801,-0.518146,0.071682,0.987277,-0.141933,0.158368,1.110056,3.099359,1.1629576906256354,94.50165977128172,-4.779177320871663,-0.023733,0.733943,-0.035746,0.677854,-0.079901,-0.083299,-0.993316,0.013623,0.996318,-0.084646,F,BuildTutorial
9.325,0.066558,1.401829,2.718492,27.258641540215233,28.631895818036107,-3.445345796596438,-0.220995,-0.247061,0.086548,-0.939485,0.862941,-0.053424,-0.502473,0.27182,0.887341,0.372477,0.246639,0.959299,2.756875,-5.362483820009177,30.82002087049988,-6.77151964206264,-0.060695,0.262307,-0.044464,0.962047,0.858436,-0.117394,-0.499306,0.05371,0.988678,-0.14011,0.159297,1.10814,3.102122,0.809278658828616,94.36641894500818,-4.205163864733744,-0.022115,0.733195,-0.030112,0.678992,-0.076963,-0.07332,-0.994334,0.008462,0.997208,-0.074187,F,BuildTutorial
9.358,0.066056,1.402497,2.721949,27.328228123959544,28.514395794542565,-3.7194867594407617,-0.221067,-0.246609,0.08871,-0.939385,0.862629,-0.057631,-0.502543,0.275699,0.88652,0.371581,0.245471,0.960975,2.760098,-5.4643967436327365,30.06769814891742,-5.9681882361274,-0.059462,0.256347,-0.037872,0.964011,0.865704,-0.103504,-0.489738,0.042532,0.99006,-0.13406,0.16031,1.105927,3.103487,0.5911547690942247,94.86441831212431,-3.3494089493819166,-0.018035,0.736255,-0.023567,0.676053,-0.085253,-0.058422,-0.994645,0.005308,0.998239,-0.059088,F,BuildTutorial
9.391,0.065114,1.402853,2.725361,27.23070489460952,28.604324763817637,-4.001117602911971,-0.219586,-0.24791,0.090994,-0.939171,0.860521,-0.062042,-0.505622,0.279792,0.887005,0.36734,0.244792,0.962062,2.762397,-5.307860346111229,30.132771893912462,-5.969299486608683,-0.058171,0.256979,-0.038205,0.963908,0.865004,-0.103551,-0.490963,0.043756,0.990313,-0.131779,0.161366,1.102397,3.104877,1.2412572159414523,95.61149536083045,-3.529695487563791,-0.015544,0.740701,-0.028705,0.671041,-0.098924,-0.061551,-0.99319,0.015496,0.997869,-0.063385,F,BuildTutorial
9.425,0.063823,1.402724,2.729005,26.976838903495505,28.870817922801795,-4.379873900191668,-0.216457,-0.250867,0.094089,-0.938808,0.856426,-0.06806,-0.511764,0.285267,0.888588,0.359215,0.244962,0.963177,2.764192,-5.492003853546474,30.88097068288861,-6.54295792057037,-0.06128,0.262863,-0.04221,0.96196,0.858243,-0.113426,-0.500553,0.048993,0.988926,-0.140089,0.162519,1.099933,3.106907,1.6321939291242258,96.38860178171034,-4.000458576796699,-0.016526,0.745211,-0.033875,0.665762,-0.112975,-0.069735,-0.991148,0.020474,0.997159,-0.072492,F,BuildTutorial
9.458,0.062302,1.403222,2.732992,26.874273744706635,29.277958910804685,-4.63503888255506,-0.214711,-0.2547,0.096734,-0.937907,0.851541,-0.07208,-0.519309,0.290828,0.889083,0.353483,0.244576,0.963636,2.765848,-5.900585892253154,31.62598552492052,-7.04737464874302,-0.066154,0.268579,-0.045058,0.959926,0.85167,-0.122041,-0.50967,0.05097,0.987187,-0.151209,0.163456,1.099517,3.109782,1.3143628829894365,96.51560446370544,-2.628468679090574,-0.009478,0.746078,-0.023825,0.665365,-0.1144,-0.045846,-0.992376,0.017562,0.998685,-0.048162,F,BuildTutorial
9.492,0.060431,1.403931,2.737159,26.847623160438093,29.744368376907488,-4.613976420401382,-0.214144,-0.258481,0.097379,-0.936935,0.84741,-0.071771,-0.526066,0.29318,0.889319,0.350937,0.243721,0.962966,2.767756,-5.879966569074305,32.34079544204087,-6.9452508593002085,-0.066017,0.274634,-0.043841,0.958278,0.845308,-0.120284,-0.520563,0.047762,0.98744,-0.150605,0.163521,1.09883,3.111468,0.4930386567877451,96.94804780563209,-2.078877147140294,-0.010729,0.748577,-0.015247,0.662786,-0.121199,-0.036274,-0.991965,0.004148,0.999305,-0.037049,F,BuildTutorial
9.525,0.058792,1.404756,2.741282,27.036844795317123,30.102065641351786,-4.30913080077752,-0.216087,-0.260793,0.095959,-0.935994,0.845558,-0.066926,-0.529673,0.292342,0.888197,0.354461,0.24319,0.961572,2.769497,-5.238012984084693,33.60356445856842,-6.635559891874369,-0.060382,0.285744,-0.042159,0.955472,0.833146,-0.115072,-0.540949,0.046056,0.989153,-0.139481,0.163264,1.097941,3.112759,-0.0863529058167416,97.16392284365476,-1.7126718945198247,-0.011706,0.749811,-0.009322,0.661482,-0.124608,-0.029888,-0.991756,-0.005222,0.999552,-0.029466,F,BuildTutorial
9.558,0.05648,1.404347,2.744448,27.234272483271347,30.402788810360523,-4.132521787703594,-0.217859,-0.262868,0.095509,-0.935049,0.843556,-0.064075,-0.533204,0.293148,0.886831,0.357205,0.242306,0.960243,2.770491,-4.409502252186456,35.00248253439433,-7.115568355854457,-0.055267,0.297648,-0.047592,0.951886,0.818281,-0.123505,-0.561393,0.057704,0.989361,-0.133548,0.163571,1.095707,3.113169,0.0191256721053366,97.24665328236662,-2.4779804751410164,-0.016115,0.750207,-0.014418,0.660849,-0.126037,-0.043235,-0.991083,-0.005123,0.999065,-0.042932,F,BuildTutorial
9.591,0.053719,1.403498,2.746818,27.715398114863063,30.554308718728535,-3.955654380664584,-0.222081,-0.263641,0.095395,-0.933849,0.842787,-0.061069,-0.534772,0.295268,0.88316,0.364481,0.240346,0.959961,2.771585,-4.143633491024831,36.00049607678829,-8.310825216032885,-0.05667,0.305516,-0.057728,0.948745,0.806655,-0.144165,-0.57317,0.074911,0.986912,-0.142803,0.16342,1.095207,3.113282,-0.2240366957863389,96.98453447019828,-3.6169251964655422,-0.024928,0.748451,-0.019451,0.662436,-0.121115,-0.063085,-0.990632,-0.011545,0.998001,-0.062143,F,BuildTutorial
9.625,0.050954,1.402522,2.748789,28.11464493642514,30.779916659709933,-3.8789881721382415,-0.225336,-0.265218,0.096077,-0.932552,0.840857,-0.059668,-0.537958,0.298721,0.879986,0.369312,0.236959,0.960315,2.773525,-4.40120890146778,35.89744228057574,-8.982840676733229,-0.060532,0.304132,-0.062647,0.948638,0.807158,-0.155678,-0.569439,0.082039,0.984823,-0.152952,0.162464,1.096332,3.115741,-0.3719130875174115,95.51880219254306,0.3644886944222728,0.000173,0.740328,0.004541,0.672231,-0.096212,0.006361,-0.995341,-0.00585,0.999959,0.006956,F,BuildTutorial
9.658,0.048517,1.40178,2.750273,28.24600029000375,30.93617033161962,-3.7792230250776058,-0.22651,-0.266254,0.09586,-0.931994,0.839839,-0.058063,-0.539721,0.2993,0.879008,0.371166,0.232436,0.960061,2.776234,-4.583113293414581,35.00440045675646,-8.823828968799388,-0.061137,0.296678,-0.061317,0.951044,0.816445,-0.152905,-0.556811,0.080354,0.985005,-0.15267,0.162738,1.096824,3.117416,-0.6919569155577598,94.08282165099088,1.007434397993272,0.002319,0.731841,0.01041,0.681392,-0.071401,0.017582,-0.997293,-0.010792,0.999773,0.018398,F,BuildTutorial
9.691,0.045959,1.401375,2.751324,28.35344341249226,30.89381900158949,-3.816363591969913,-0.227337,-0.265951,0.096313,-0.931832,0.839988,-0.058574,-0.539435,0.300416,0.878083,0.372451,0.228358,0.959929,2.778806,-4.586157387067324,34.181049815010624,-8.374024893470363,-0.059582,0.290071,-0.058005,0.953386,0.824988,-0.145169,-0.546187,0.076036,0.986171,-0.147261,0.160542,1.10012,3.116951,-1.9513293045735105,93.6991406265523,0.2442027465360072,-0.010091,0.729478,0.01388,0.683789,-0.064663,0.00426,-0.997898,-0.033704,0.999411,0.006451,F,BuildTutorial
9.724,0.043372,1.401168,2.751639,28.458004218791736,30.869825912333113,-3.9768251323748864,-0.227839,-0.266044,0.097798,-0.931528,0.839312,-0.060972,-0.54022,0.303434,0.87705,0.372441,0.224903,0.959578,2.78121,-4.486605430775381,33.62951525376993,-8.08913098861705,-0.057764,0.285694,-0.05617,0.954928,0.830448,-0.140282,-0.539145,0.07427,0.987017,-0.142416,0.157516,1.102476,3.115134,-2.2058777660596194,94.20216445582102,1.156398375144018,-0.005711,0.732515,0.020968,0.680404,-0.074036,0.020167,-0.997052,-0.036899,0.999056,0.022947,F,BuildTutorial
9.758,0.040997,1.401344,2.751756,28.387716860880985,30.84436010106801,-3.9792337501087354,-0.227281,-0.265862,0.097614,-0.931736,0.839578,-0.061051,-0.539798,0.302752,0.87763,0.371627,0.222134,0.959641,2.783155,-4.525566042957091,33.335696540523024,-8.062775320888418,-0.057879,0.283231,-0.056,0.955664,0.833288,-0.139822,-0.534865,0.074249,0.987028,-0.142349,0.154947,1.105544,3.111253,-2.5878624586174217,95.1068308370546,0.0495924091387676,-0.014921,0.737725,0.016955,0.674723,-0.089052,0.000864,-0.996027,-0.044895,0.99898,0.00488,F,BuildTutorial
9.792,0.038931,1.401913,2.751841,28.20802311571926,30.765578273156663,-3.848409745762858,-0.226182,-0.265014,0.096003,-0.932412,0.841102,-0.059147,-0.537633,0.298912,0.87925,0.370905,0.219771,0.960137,2.784983,-4.679143510520943,32.96105691191643,-7.97828048245946,-0.058769,0.280043,-0.055101,0.956601,0.83708,-0.138334,-0.529303,0.072503,0.98702,-0.143298,0.154029,1.108874,3.107659,-2.2451835070379067,95.01226334158238,-0.9371661475917776,-0.019263,0.737075,0.008922,0.675477,-0.08672,-0.016343,-0.996099,-0.04045,0.999099,-0.01287,F,BuildTutorial
9.825,0.037102,1.402574,2.751868,27.988991271881545,30.764332905262552,-3.837230480171373,-0.224418,-0.265045,0.095433,-0.932888,0.841288,-0.059096,-0.537348,0.297019,0.881058,0.368126,0.218058,0.961001,2.786504,-4.91370594557689,32.68642918518377,-7.893299612522816,-0.060387,0.277634,-0.053952,0.957268,0.840017,-0.136824,-0.525025,0.069761,0.986885,-0.145571,0.152724,1.11328,3.105703,-1.6573013045155802,94.07267902888664,0.0198058401820139,-0.00973,0.731711,0.010701,0.681461,-0.071032,0.000346,-0.997474,-0.028824,0.999582,0.0024,F,BuildTutorial
9.858,0.035273,1.403254,2.75188,27.744624007749657,30.69985904071151,-3.797982645753186,-0.222563,-0.264513,0.094456,-0.933583,0.842222,-0.058624,-0.535934,0.294107,0.883088,0.365592,0.216932,0.961815,2.787449,-5.23775380818808,32.705090718455345,-7.931801590449576,-0.063191,0.277547,-0.053462,0.95714,0.840219,-0.137418,-0.524545,0.067264,0.986297,-0.150643,0.150066,1.120247,3.104152,-2.6831128453331803,93.16969312840838,0.1158059634406299,-0.015357,0.72621,0.017701,0.687074,-0.055387,0.00202,-0.998463,-0.046629,0.998902,0.004608,F,BuildTutorial
9.891,0.033364,1.403836,2.752007,27.536989071794427,30.459126505639183,-3.6610205738482087,-0.221374,-0.262344,0.092423,-0.93468,0.845267,-0.056619,-0.531335,0.288924,0.884903,0.365334,0.216398,0.962243,2.78824,-5.353349412642412,32.91073053461893,-8.104229255148212,-0.06467,0.279087,-0.0545,0.956534,0.838281,-0.140359,-0.526864,0.068164,0.985695,-0.154139,0.147041,1.12913,3.101494,-5.621160989621333,92.28954648705285,-2.460754433645372,-0.04943,0.71933,0.020491,0.692605,-0.03571,-0.042729,-0.998448,-0.099497,0.994274,-0.038992,F,BuildTutorial
9.925,0.031622,1.404255,2.752107,27.43521457002731,30.12839120042836,-3.548214975654786,-0.221061,-0.259456,0.090645,-0.935734,0.848933,-0.054929,-0.525639,0.284351,0.885831,0.366672,0.216171,0.962081,2.788923,-5.32739480006264,33.05351602322015,-8.239254927409759,-0.064852,0.280221,-0.055611,0.956127,0.836767,-0.142689,-0.528641,0.069997,0.985403,-0.155181,0.142636,1.137428,3.098357,-7.83483030579154,90.79375822963966,-4.978136365274973,-0.078776,0.707571,0.018172,0.702003,-0.001973,-0.085966,-0.996296,-0.136992,0.986928,-0.084886,F,BuildTutorial
9.958,0.030178,1.404724,2.752411,27.349556056241827,29.806170855624575,-3.484027372832693,-0.220756,-0.256724,0.089317,-0.936687,0.85223,-0.053978,-0.520375,0.280672,0.886579,0.367698,0.215662,0.961654,2.790028,-5.30751557456206,32.89017030571117,-7.973455853775656,-0.06396,0.279021,-0.053534,0.956656,0.838563,-0.13812,-0.527006,0.066735,0.986086,-0.15225,0.13679,1.144455,3.09464,-9.04567161347534,89.16993555352262,-8.902253941595239,-0.110302,0.693311,8.6e-05,0.712147,0.038639,-0.152825,-0.987498,-0.153071,0.975667,-0.156983,F,BuildTutorial
9.991,0.028958,1.405187,2.752715,27.27711609792862,29.519952527194505,-3.4572229542594,-0.220443,-0.254352,0.088394,-0.937495,0.854983,-0.053598,-0.515879,0.277878,0.887182,0.368363,0.214913,0.96139,2.791232,-5.360814953345958,32.58814310613864,-7.597186297318678,-0.063355,0.276671,-0.050427,0.957547,0.841821,-0.13163,-0.523461,0.061516,0.986887,-0.149234,0.129228,1.152116,3.091103,-11.065778604216227,86.2154209849372,-14.241824640920491,-0.154167,0.666216,-0.0247,0.729232,0.111092,-0.241441,-0.964036,-0.169392,0.951245,-0.257758,F,BuildTutorial
10.025,0.028158,1.405707,2.753231,27.166359775386123,29.374690990116974,-3.3901528653080764,-0.219793,-0.253065,0.087334,-0.938095,0.856662,-0.052611,-0.513189,0.275099,0.888128,0.368171,0.214305,0.961561,2.792242,-5.476339825524944,32.55550242263181,-7.446965100067625,-0.063942,0.276405,-0.048905,0.957664,0.842417,-0.129017,-0.523153,0.058321,0.98704,-0.149505,0.117665,1.161918,3.090701,-14.356777392666308,80.38523021486684,-15.544287192395409,-0.181167,0.62151,-0.02259,0.761835,0.226429,-0.259614,-0.938792,-0.190775,0.933336,-0.304119,F,BuildTutorial
10.059,0.027586,1.406202,2.753889,26.96528119398607,29.26396259904175,-3.3102565756328595,-0.2184,-0.252061,0.086048,-0.938809,0.858122,-0.051465,-0.51086,0.271666,0.889794,0.366694,0.214046,0.962191,2.792919,-5.683983762503001,32.73878004076074,-7.694775238498016,-0.066352,0.277656,-0.050358,0.957063,0.840742,-0.133237,-0.524786,0.059545,0.986123,-0.15497,0.098944,1.171782,3.093191,-18.497131309935902,71.744022316827,-8.77179108813561,-0.174082,0.566706,0.032738,0.804654,0.355545,-0.144621,-0.923403,-0.249991,0.937248,-0.243045,F,BuildTutorial
10.091,0.027115,1.406404,2.754485,26.87734408140766,29.18687038794366,-3.11857132850627,-0.218155,-0.251089,0.084147,-0.939299,0.859747,-0.048527,-0.508409,0.267632,0.890656,0.367568,0.213509,0.962779,2.793557,-5.999254220502205,32.86834871837411,-8.190933091452784,-0.070241,0.27822,-0.05364,0.956443,0.839433,-0.141693,-0.524667,0.063523,0.984378,-0.164211,0.074233,1.177807,3.091655,-23.52610208572461,63.40566759973767,-2.7354892536517816,-0.185676,0.510191,0.087222,0.835238,0.464195,-0.043759,-0.884651,-0.335163,0.915833,-0.221168,F,BuildTutorial
10.124,0.026489,1.406459,2.755217,26.83254541014736,29.128395024189885,-2.929725739867986,-0.218242,-0.250263,0.082394,-0.939654,0.861159,-0.045608,-0.506286,0.26408,0.891163,0.368903,0.213069,0.963326,2.794041,-6.3194183923671465,33.045829457929756,-8.788427463098712,-0.074445,0.279083,-0.057713,0.955636,0.837563,-0.151859,-0.524811,0.068753,0.982254,-0.174498,0.047884,1.178364,3.085506,-27.977825066392747,55.67708338562202,-0.9376152911545136,-0.217458,0.451368,0.105861,0.858937,0.570121,-0.014451,-0.821434,-0.378162,0.883011,-0.278,F,BuildTutorial
10.158,0.025652,1.406445,2.756128,26.766304144607943,29.072091080401595,-2.931312480241206,-0.217734,-0.249824,0.082162,-0.939909,0.861674,-0.045659,-0.505403,0.26324,0.891683,0.368248,0.212661,0.96282,2.794973,-6.296502923540806,33.33769987795923,-9.137290721041726,-0.075258,0.281306,-0.060488,0.954748,0.834416,-0.157843,-0.528048,0.073161,0.981355,-0.177737,0.020318,1.172039,3.076472,-30.3899456948894,46.94676509644623,-0.1654679139324587,-0.240969,0.38405,0.103124,0.885328,0.683742,-0.00249,-0.72972,-0.367686,0.862599,-0.347463,F,BuildTutorial
10.191,0.02468,1.406405,2.757184,26.76947605271289,29.068805933700737,-2.9544357775250125,-0.217712,-0.24984,0.082352,-0.939893,0.861596,-0.046019,-0.505504,0.263591,0.891639,0.368103,0.212144,0.961579,2.796845,-5.825929746865856,33.63033246020561,-9.28361353585261,-0.071867,0.284027,-0.062713,0.95406,0.830792,-0.160489,-0.532943,0.07884,0.981804,-0.172755,-0.009864,1.159606,3.066162,-29.811304145719703,35.50382346133864,4.909583111008138,-0.232136,0.304859,0.117775,0.916135,0.78638,0.074257,-0.613264,-0.357333,0.864484,-0.353527,F,BuildTutorial
10.224,0.023526,1.406233,2.758618,26.666387980190706,29.139083767899567,-3.0707894459300533,-0.216559,-0.250667,0.083225,-0.939863,0.860479,-0.047872,-0.507232,0.265008,0.892352,0.365347,0.211663,0.96082,2.798855,-5.21252192741752,33.69588315454532,-9.45028426206084,-0.067223,0.284964,-0.065624,0.953924,0.828979,-0.163512,-0.534844,0.086887,0.982349,-0.165652,-0.035893,1.142759,3.054899,-27.523698530120196,25.03732514284001,10.264343577968727,-0.212467,0.230465,0.136177,0.939787,0.856683,0.158023,-0.491043,-0.353888,0.872627,-0.336579,F,BuildTutorial
10.258,0.02175,1.405674,2.759859,26.793883740573452,29.243746081442776,-3.10162182307031,-0.217464,-0.251547,0.083942,-0.939355,0.859355,-0.048299,-0.509093,0.267108,0.891327,0.36632,0.211307,0.961326,2.800805,-4.791436317990215,34.0698725163639,-10.002663259513287,-0.065332,0.2881,-0.071082,0.952721,0.823892,-0.173087,-0.53967,0.097799,0.981358,-0.165444,-0.061226,1.124014,3.039707,-25.254560173737836,14.61295628705909,14.519733996149697,-0.199412,0.150507,0.149891,0.956617,0.90976,0.226751,-0.347736,-0.346803,0.875535,-0.336402,F,BuildTutorial
10.291,0.019473,1.404687,2.761027,27.04638534845898,29.35821655693525,-3.1328085081479013,-0.219387,-0.252471,0.084944,-0.938569,0.858086,-0.048675,-0.511194,0.27023,0.889308,0.368928,0.211997,0.962871,2.802837,-4.169762146730674,34.84961358714899,-11.594724907775188,-0.064761,0.294219,-0.085473,0.949703,0.812259,-0.200456,-0.547771,0.12424,0.977001,-0.173304,-0.079713,1.104541,3.023341,-22.113874908616676,7.797590231387192,16.786023777368488,-0.179551,0.093946,0.155822,0.966776,0.933788,0.267553,-0.237605,-0.335025,0.886963,-0.317893,F,BuildTutorial
10.324,0.016594,1.403336,2.762108,27.429947767882098,29.447686643003745,-3.0337006630824614,-0.22269,-0.252897,0.08511,-0.937661,0.857599,-0.046974,-0.51217,0.272244,0.886331,0.374568,0.213066,0.965928,2.805095,-3.8356017016922186,35.586712658515076,-14.2152855076663,-0.06941,0.299124,-0.107601,0.945584,0.797894,-0.245016,-0.550756,0.161967,0.967209,-0.195638,-0.091842,1.086227,3.008251,-19.2753372622803,3.1353479882935877,17.774947394361615,-0.161178,0.052503,0.156782,0.972977,0.945326,0.288166,-0.152709,-0.322015,0.898882,-0.297181,F,BuildTutorial
10.358,0.01326,1.40166,2.762731,28.034525676947062,29.34435303506283,-2.6161153643857906,-0.228645,-0.251031,0.08276,-0.93694,0.860268,-0.040287,-0.508247,0.269876,0.881744,0.386903,0.213903,0.971337,2.808091,-4.567439268691958,36.408109516343984,-15.56932155709016,-0.079786,0.30415,-0.116235,0.942134,0.787965,-0.267551,-0.554552,0.170483,0.960247,-0.221045,-0.100698,1.06926,2.994919,-14.848824151101589,-1.5049973549532545,18.74374331241603,-0.129603,0.008191,0.159788,0.978572,0.948801,0.310605,-0.057448,-0.314851,0.915342,-0.251034,F,BuildTutorial
10.391,0.009873,1.400009,2.763201,28.54592698843935,29.001283388756743,-2.056954352602669,-0.234294,-0.246907,0.078563,-0.937001,0.86573,-0.03153,-0.499517,0.262925,0.877869,0.400272,0.213466,0.977484,2.812572,-5.650369587905446,36.14479943768047,-15.771217081887333,-0.088923,0.300483,-0.115123,0.942629,0.792913,-0.270476,-0.546014,0.163596,0.957679,-0.236828,-0.102921,1.053605,2.983904,-9.128186252742683,-1.8457465142123657,20.874595260186947,-0.081156,-0.001376,0.179301,0.98044,0.935699,0.351811,-0.026405,-0.351364,0.92253,-0.15963,F,BuildTutorial
10.424,0.006717,1.398562,2.763442,28.99519536359469,28.481029446566144,-1.4656760159124034,-0.239581,-0.241244,0.073579,-0.937544,0.872775,-0.022371,-0.48761,0.253561,0.874375,0.413734,0.212026,0.984467,2.818436,-6.888811160049784,34.955931561317804,-15.83851594444554,-0.098065,0.289042,-0.113307,0.945516,0.807232,-0.270957,-0.524364,0.157578,0.955089,-0.250945,-0.099169,1.043646,2.976096,-6.7835867744439255,1.701980814162596,24.024167604687072,-0.054776,0.026813,0.20859,0.9761,0.911543,0.404271,-0.075196,-0.410146,0.90698,-0.095748,F,BuildTutorial
10.458,0.003596,1.397176,2.763785,29.409437796629323,27.727815929914133,-1.3671789992539507,-0.24366,-0.234692,0.072023,-0.938276,0.879465,-0.020785,-0.47551,0.249525,0.870885,0.423435,0.210088,0.99198,2.825387,-8.057184402087776,33.601753476176526,-15.698466660719848,-0.106002,0.276446,-0.110298,0.948776,0.822824,-0.267903,-0.501187,0.150689,0.953196,-0.262126,-0.094723,1.040449,2.969167,-7.7518484936687955,4.179817747367691,20.70273094282742,-0.059914,0.04793,0.181579,0.980379,0.929464,0.350289,-0.115738,-0.361776,0.926879,-0.10007,F,BuildTutorial
10.491,7.5e-05,1.395552,2.763961,30.089219652707175,26.65208633410966,-1.7141596783361617,-0.249224,-0.226345,0.073879,-0.938721,0.88662,-0.025882,-0.461774,0.251524,0.864859,0.434459,0.208706,1.00197,2.830904,-10.245305196298576,33.28766491279322,-14.54798942044992,-0.120979,0.27215,-0.095457,0.949835,0.833644,-0.247185,-0.493899,0.115488,0.952504,-0.281777,-0.093634,1.042353,2.963329,-9.715761119711091,4.661874375942768,18.82421597142684,-0.076848,0.053817,0.16621,0.981617,0.938956,0.318037,-0.131201,-0.33458,0.932938,-0.132981,F,BuildTutorial
10.524,-0.003525,1.394031,2.763717,31.065944347633756,25.33753829274847,-2.186079687828774,-0.257195,-0.21625,0.076652,-0.938729,0.894721,-0.032673,-0.445429,0.255147,0.855951,0.449721,0.20674,1.012798,2.83575,-12.431540871838418,32.55008392141763,-14.331831605146116,-0.137876,0.26346,-0.088934,0.950616,0.845359,-0.241734,-0.476375,0.096435,0.946162,-0.308994,-0.092496,1.046035,2.959928,-10.888097341673292,4.950973989675005,19.308638520682766,-0.086232,0.058284,0.170831,0.979788,0.93484,0.324704,-0.143674,-0.344808,0.926762,-0.149064,F,BuildTutorial
10.557,-0.006814,1.393014,2.76382,31.80695772183758,24.001058163158326,-2.873042599414961,-0.262932,-0.206619,0.080539,-0.938983,0.901644,-0.042596,-0.430376,0.259903,0.848761,0.460495,0.203932,1.023063,2.840178,-14.16238326214543,31.56580731313782,-14.78618697859623,-0.152374,0.25241,-0.089629,0.951335,0.856512,-0.247456,-0.452938,0.093614,0.937498,-0.335163,-0.088889,1.050328,2.958679,-11.353578883916828,5.660989517898846,20.437795816956072,-0.088511,0.065887,0.181131,0.977249,0.925701,0.342356,-0.16084,-0.365683,0.918715,-0.149127,F,BuildTutorial
10.591,-0.009546,1.392173,2.76407,32.34061770523586,22.692526761958895,-3.611994314005198,-0.26696,-0.197466,0.08444,-0.939473,0.907754,-0.053227,-0.416112,0.264089,0.843205,0.468255,0.200981,1.032079,2.843942,-15.571979427521851,31.01613003082041,-15.328855392859614,-0.164706,0.245132,-0.091432,0.951011,0.863101,-0.254656,-0.436128,0.093157,0.929024,-0.358101,-0.086225,1.05658,2.957711,-12.412144242270008,4.929969519477774,22.12245111390286,-0.097795,0.062684,0.19512,0.973876,0.915998,0.367785,-0.160256,-0.392306,0.904729,-0.166019,F,BuildTutorial
10.624,-0.011256,1.391453,2.764096,32.63022347881482,21.70424652198217,-4.227824004105982,-0.269043,-0.190747,0.087622,-0.939975,0.911876,-0.062086,-0.405743,0.267363,0.839876,0.472361,0.197841,1.039422,2.847005,-16.59197504586918,30.572613823085845,-15.489384311489838,-0.173069,0.239748,-0.090938,0.950946,0.868502,-0.25594,-0.424498,0.089968,0.923555,-0.372762,-0.082854,1.063578,2.957307,-13.678932082382437,4.351782423238643,23.078207254636567,-0.109056,0.06074,0.2029,0.97121,0.910284,0.380869,-0.162238,-0.407366,0.893876,-0.187185,F,BuildTutorial
10.658,-0.011341,1.390751,2.763645,32.61010618238582,21.476212099441668,-4.360666646268835,-0.268832,-0.189191,0.088147,-0.940301,0.912874,-0.064048,-0.403187,0.267491,0.839919,0.472213,0.194992,1.046085,2.848956,-17.71449013669212,30.345293507911652,-15.233889334433297,-0.181573,0.236628,-0.08646,0.95056,0.873064,-0.250301,-0.41846,0.07844,0.919112,-0.38611,-0.078544,1.069636,2.957528,-14.683035481415327,4.379037830364524,23.818859689563656,-0.117122,0.063427,0.209301,0.968738,0.90434,0.390659,-0.171915,-0.420374,0.884951,-0.20037,F,BuildTutorial
10.691,-0.009858,1.390014,2.762204,32.6601764731764,21.78094207738109,-4.0672698228016,-0.269499,-0.190994,0.08653,-0.939896,0.912068,-0.059713,-0.405668,0.265603,0.839766,0.473548,0.192505,1.050706,2.849236,-18.64068480153725,30.01024916235017,-14.729829904153688,-0.187892,0.233327,-0.080598,0.950663,0.878125,-0.240923,-0.413344,0.065562,0.916402,-0.394854,-0.073798,1.074006,2.957885,-15.309616186128489,4.665317103007185,24.025419952096463,-0.121784,0.067156,0.211406,0.967454,0.901595,0.392693,-0.181433,-0.425407,0.880953,-0.207246,F,BuildTutorial
10.724,-0.007353,1.389437,2.759547,33.01240908968868,22.2240283343857,-3.496687268417203,-0.273025,-0.193205,0.083436,-0.938705,0.911421,-0.051144,-0.408285,0.262143,0.836992,0.480339,0.191187,1.053543,2.848319,-19.18148847486803,29.764781641205953,-14.233437683318918,-0.191155,0.231346,-0.0756,0.950907,0.881527,-0.232223,-0.411074,0.055331,0.915489,-0.398521,-0.070157,1.077386,2.957716,-15.749544852125792,4.023433060518101,24.75093437833549,-0.12629,0.06331,0.216863,0.965926,0.897925,0.402956,-0.177081,-0.434938,0.874043,-0.216515,F,BuildTutorial
10.767,-0.003567,1.389223,2.75584,33.325502402690525,22.63323033702126,-2.921096518752875,-0.27628,-0.195096,0.080192,-0.937644,0.911014,-0.042581,-0.410171,0.258185,0.834478,0.486814,0.190713,1.054907,2.846386,-19.341743209152337,29.588147320815064,-14.057162213246215,-0.192,0.229951,-0.074054,0.951196,0.883277,-0.229181,-0.409021,0.052578,0.915304,-0.399317,-0.065855,1.080284,2.956288,-16.18344734942555,3.684939966155555,24.55691202986365,-0.130698,0.061022,0.214859,0.965935,0.900224,0.399129,-0.174049,-0.431031,0.873507,-0.226269,F,BuildTutorial
10.792,0.00146,1.389577,2.751471,33.30241679677826,22.89518640255858,-2.4874371347791504,-0.276651,-0.1962,0.077239,-0.937552,0.911079,-0.036273,-0.410633,0.253389,0.834997,0.488441,0.191504,1.054381,2.843688,-18.887595575277615,29.234950287146475,-14.471085903841782,-0.188859,0.226965,-0.079142,0.952132,0.884447,-0.236437,-0.402308,0.064979,0.916137,-0.395563,-0.061268,1.082507,2.953564,-16.455101954302403,3.952141839757547,23.785306901258757,-0.132917,0.062868,0.208665,0.966871,0.905013,0.386792,-0.177041,-0.420217,0.877584,-0.230789,F,BuildTutorial
10.824,0.007453,1.390242,2.746472,33.07133716720267,22.89417197279385,-2.3294586772513624,-0.275026,-0.195886,0.075572,-0.938232,0.911835,-0.034061,-0.409141,0.249555,0.837299,0.48647,0.192666,1.052477,2.840676,-18.431339845320597,28.195026620916188,-14.085610445665768,-0.183635,0.21957,-0.078669,0.954923,0.8912,-0.230887,-0.390453,0.069604,0.920179,-0.385261,-0.056889,1.084767,2.949604,-16.486753556741494,4.0668082976997235,23.370814853684035,-0.133206,0.063409,0.205301,0.967516,0.907662,0.380371,-0.177393,-0.414156,0.880216,-0.231721,F,BuildTutorial
10.857,0.014549,1.390861,2.740514,32.795526162609896,22.717143495231333,-2.2511191204455803,-0.27301,-0.194338,0.074064,-0.939262,0.913495,-0.033018,-0.405508,0.245243,0.83996,0.48407,0.194266,1.050335,2.837516,-18.28470023093503,26.682669893899963,-13.04328100938992,-0.179475,0.208787,-0.072683,0.9586,0.902251,-0.214292,-0.374196,0.064405,0.925012,-0.374439,-0.054215,1.086793,2.944409,-16.504295637902114,3.200988462779827,24.053689199967987,-0.134565,0.05693,0.210053,0.966711,0.905273,0.390799,-0.166602,-0.421442,0.87554,-0.236253,F,BuildTutorial
10.891,0.022683,1.391153,2.733931,32.38618363261674,22.33252840033261,-2.206825238521022,-0.269964,-0.191208,0.072139,-0.940933,0.916471,-0.032517,-0.398778,0.238994,0.843831,0.480449,0.197537,1.048432,2.83368,-18.29584621349222,25.35589280932743,-11.82116565448901,-0.176596,0.199555,-0.064481,0.961683,0.91204,-0.194501,-0.361043,0.053539,0.929312,-0.365394,-0.051867,1.088123,2.937672,-17.013277589649284,1.9594613374517456,24.21869022188327,-0.141064,0.047561,0.209913,0.966321,0.907349,0.392268,-0.15114,-0.419105,0.872075,-0.252658,F,BuildTutorial
10.924,0.03177,1.390942,2.726686,31.92014739605493,21.75488377985849,-2.2394871007258716,-0.26643,-0.186677,0.07033,-0.942985,0.920411,-0.033167,-0.389543,0.232112,0.848138,0.476221,0.201862,1.046918,2.829551,-18.413651823948893,23.987022027961828,-10.709010243649514,-0.174965,0.189624,-0.057002,0.964459,0.921588,-0.176307,-0.345821,0.043596,0.932276,-0.359112,-0.048554,1.088413,2.92999,-17.94369462107272,1.1422551165431618,23.526773962026763,-0.150659,0.041431,0.202888,0.966655,0.91424,0.379761,-0.141232,-0.404729,0.872277,-0.274459,F,BuildTutorial
10.957,0.041697,1.390007,2.718892,31.63411962477004,21.06672536337829,-2.246632817686745,-0.264474,-0.181106,0.068362,-0.944765,0.925054,-0.033377,-0.378366,0.224969,0.85076,0.47497,0.20727,1.046956,2.825019,-18.918974154104816,22.789671079552967,-9.925147092572722,-0.177365,0.180215,-0.051298,0.966143,0.929782,-0.16305,-0.330031,0.035194,0.93182,-0.361209,-0.04481,1.086729,2.922255,-18.407530811168936,0.198774239981306,22.7824235567479,-0.156457,0.033269,0.195236,0.967625,0.921552,0.367421,-0.125476,-0.388241,0.874808,-0.289792,F,BuildTutorial
10.991,0.052355,1.388338,2.71032,31.557168798432706,20.290088396778373,-2.070455644008881,-0.264563,-0.174312,0.065003,-0.946254,0.93078,-0.030786,-0.364282,0.215253,0.851562,0.478026,0.213814,1.049027,2.819481,-19.971892213161976,22.111511884956347,-9.848045695272296,-0.185771,0.173554,-0.049835,0.96586,0.934791,-0.16075,-0.316741,0.031784,0.926011,-0.376156,-0.04104,1.082652,2.914067,-18.163503795420606,-1.2884786340222172,22.13852441592351,-0.157029,0.019407,0.187835,0.969373,0.928683,0.358069,-0.096616,-0.370259,0.88012,-0.297148,F,BuildTutorial
11.024,0.063415,1.386886,2.701563,31.71688005987734,19.393789724900483,-1.804232210993831,-0.266773,-0.166246,0.06095,-0.947354,0.937295,-0.026783,-0.347508,0.204183,0.850235,0.485191,0.220109,1.051025,2.814249,-20.55081132273681,20.699028726245533,-10.031021447118787,-0.19026,0.160753,-0.0527,0.967048,0.942763,-0.163096,-0.290858,0.040758,0.922048,-0.384924,-0.037362,1.076973,2.90518,-17.29720631843978,-3.1638598634867967,22.26048375556583,-0.152758,0.002238,0.186699,0.970466,0.930277,0.361687,-0.061382,-0.363054,0.883617,-0.295656,F,BuildTutorial
11.057,0.074466,1.385318,2.693048,31.84441249292935,18.40729827134638,-1.6474598759545829,-0.268561,-0.157685,0.05752,-0.948526,0.943654,-0.024422,-0.330031,0.193814,0.849133,0.491334,0.226114,1.052662,2.809118,-20.83417766388156,18.81087994106863,-10.103694631905098,-0.191842,0.144394,-0.056008,0.969129,0.952027,-0.16396,-0.258384,0.053157,0.92012,-0.388014,-0.033509,1.070789,2.89532,-16.235172741902367,-5.208391920804804,22.38183581684932,-0.147107,-0.016749,0.185642,0.971399,0.930513,0.365593,-0.022078,-0.355738,0.887793,-0.292017,F,BuildTutorial
11.091,0.08579,1.383702,2.685222,31.528663793043737,17.49837485987259,-1.5196031502123457,-0.266555,-0.149936,0.053935,-0.950557,0.94922,-0.022605,-0.313799,0.18247,0.852079,0.490578,0.231584,1.05426,2.803922,-21.230542799705407,16.814972747520645,-9.862064227561538,-0.193912,0.127514,-0.056743,0.97104,0.961041,-0.159653,-0.225636,0.060747,0.918357,-0.391064,-0.029483,1.064227,2.883585,-15.194703742952834,-7.541604340414663,22.33819261341556,-0.142053,-0.038399,0.183059,0.972027,0.93003,0.366785,0.022642,-0.344966,0.892621,-0.290218,F,BuildTutorial
11.124,0.096927,1.38285,2.678784,31.286708613562073,16.62737898435531,-1.3291112351423413,-0.265182,-0.142322,0.050038,-0.952323,0.954481,-0.019822,-0.297611,0.170787,0.854349,0.490835,0.235698,1.054687,2.799525,-21.417837865679655,14.275500044525964,-9.27157900718102,-0.193644,0.10679,-0.055785,0.973646,0.970968,-0.149988,-0.186346,0.067271,0.91878,-0.388996,-0.025642,1.057154,2.870351,-14.56526191372041,-9.97854874949448,23.221777971966596,-0.141062,-0.059086,0.188085,0.970172,0.922266,0.38162,0.061584,-0.348281,0.889451,-0.295935,F,BuildTutorial
11.158,0.107027,1.381421,2.672082,31.452356572782,15.74819738574577,-1.1159096430852191,-0.267188,-0.134477,0.046415,-0.953086,0.959523,-0.016614,-0.28114,0.160337,0.852912,0.496823,0.237698,1.054134,2.796438,-21.447235677003643,10.611660566806677,-7.472326574243404,-0.190801,0.078591,-0.04658,0.977368,0.983308,-0.121041,-0.135849,0.06106,0.92285,-0.380288,-0.021356,1.049337,2.857257,-13.56769394307928,-12.28627311441169,23.366526268193223,-0.136531,-0.080279,0.18755,0.969402,0.91676,0.385544,0.104432,-0.341702,0.892368,-0.29482,F,BuildTutorial
11.191,0.116049,1.379962,2.665145,31.76106815356192,15.124971856620991,-1.089191971691302,-0.270037,-0.129157,0.045073,-0.953083,0.962574,-0.016163,-0.270537,0.155671,0.850097,0.503093,0.239839,1.053817,2.79527,-21.183699373689084,7.903381896831172,-6.3382204418947214,-0.186839,0.0575,-0.041564,0.979825,0.989932,-0.102937,-0.097148,0.059964,0.926727,-0.37092,-0.017317,1.041255,2.843417,-11.65353121200558,-14.61350485181618,23.86179678423111,-0.124678,-0.102974,0.191361,0.968108,0.905555,0.396193,0.151664,-0.344838,0.895673,-0.280813,F,BuildTutorial
11.223,0.124031,1.379675,2.658255,32.18616408757029,14.75872057357108,-1.0266259957948531,-0.273786,-0.125863,0.044138,-0.952497,0.964421,-0.015163,-0.263938,0.153002,0.846186,0.510451,0.241205,1.054014,2.796213,-20.68744760927065,5.7075456680981755,-5.45812968022944,-0.181459,0.040384,-0.037852,0.98184,0.993873,-0.088985,-0.065563,0.059673,0.93128,-0.359385,-0.013684,1.033141,2.829362,-9.233808372398023,-16.628009556912698,25.58480556353989,-0.109583,-0.122916,0.207031,0.964376,0.88406,0.426251,0.1917,-0.372373,0.89026,-0.262252,F,BuildTutorial
11.257,0.131337,1.380902,2.652301,32.437989579032454,14.4787104244951,-0.793838673233187,-0.276238,-0.122916,0.041795,-0.95228,0.96629,-0.011693,-0.257192,0.147509,0.843891,0.515838,0.240917,1.056206,2.798177,-20.57350188965648,3.2487836179015575,-5.064974111043598,-0.179561,0.019977,-0.038401,0.982794,0.996253,-0.082654,-0.025475,0.068306,0.932567,-0.354477,-0.009714,1.02588,2.815728,-7.106368978853875,-18.229133255770662,26.449065259991382,-0.095739,-0.139913,0.215888,0.961588,0.867633,0.441981,0.22774,-0.3884,0.888453,-0.244535,F,BuildTutorial
11.29,0.137847,1.383753,2.648148,32.11855417602863,14.134992782846137,-0.4226989543278045,-0.274092,-0.119249,0.037554,-0.953543,0.968739,-0.006248,-0.248003,0.136989,0.846927,0.51376,0.240371,1.060028,2.801433,-20.794546097250997,1.6437587821989208,-5.086003750962274,-0.180902,0.006088,-0.04105,0.982625,0.996556,-0.082876,0.002888,0.078471,0.931179,-0.356018,-0.005097,1.02052,2.803166,-5.916032197931131,-18.75554297909972,25.61633440802052,-0.085722,-0.14739,0.210234,0.962668,0.868156,0.430041,0.247731,-0.379503,0.896906,-0.227017,F,BuildTutorial
11.324,0.143765,1.387121,2.645012,31.41526335313892,13.646941090605663,-0.2120290854182433,-0.268599,-0.114871,0.033934,-0.955776,0.971306,-0.003159,-0.237811,0.126576,0.853406,0.505646,0.238353,1.064818,2.806439,-20.965005223511714,0.4412126834770471,-5.2107548866221745,-0.181918,-0.004488,-0.043998,0.982319,0.996088,-0.084806,0.024826,0.088072,0.92994,-0.357008,-0.000776,1.017149,2.790853,-5.149544979456078,-18.86837721011658,24.447171408598848,-0.077981,-0.150654,0.201456,0.964696,0.873438,0.412184,0.259251,-0.365192,0.906669,-0.211157,F,BuildTutorial
11.357,0.148819,1.389909,2.641755,30.864576027228136,13.19556097223994,-0.0632489152388472,-0.264276,-0.110902,0.031103,-0.957545,0.973467,-0.000947,-0.228827,0.118183,0.858382,0.499213,0.235498,1.069988,2.810928,-21.61610972797934,-0.4556618160187394,-4.963537757197597,-0.187173,-0.012022,-0.043278,0.9813,0.995965,-0.080436,0.039795,0.089437,0.926187,-0.366305,0.001209,1.015102,2.779877,-4.209770509547047,-19.403359470217023,24.010365020538902,-0.07044,-0.157191,0.198833,0.964777,0.871513,0.405803,0.275297,-0.361513,0.911008,-0.198428,F,BuildTutorial
11.391,0.152915,1.391495,2.637944,30.467231378810276,12.67810426710345,-0.0986711369653008,-0.261057,-0.106757,0.029837,-0.958938,0.975425,-0.001484,-0.220326,0.112963,0.861918,0.494304,0.230988,1.074995,2.815632,-22.21411424238249,-1.784442878470983,-4.916160555399126,-0.191787,-0.023527,-0.045077,0.980119,0.994829,-0.079338,0.063409,0.097386,0.922371,-0.373827,0.001883,1.013881,2.769874,-3.341254883090478,-20.195763424086145,24.102014972797747,-0.06466,-0.165401,0.200462,0.963471,0.864915,0.407668,0.292795,-0.364888,0.911269,-0.19091,F,BuildTutorial
11.424,0.156289,1.392584,2.634129,30.127154109304165,12.23063525195168,-0.3770238943776111,-0.258072,-0.103719,0.030845,-0.960047,0.976582,-0.005691,-0.215071,0.112759,0.864895,0.489124,0.225941,1.079391,2.81952,-22.741848544523737,-3.071951454504694,-4.409985645365087,-0.195932,-0.033842,-0.042987,0.97909,0.994014,-0.070916,0.083113,0.097438,0.919526,-0.38076,0.002358,1.013458,2.761338,-3.1899942703792656,-20.616848702928262,23.725024192319633,-0.063571,-0.169428,0.197293,0.963498,0.864739,0.401725,0.301403,-0.358642,0.914068,-0.189355,F,BuildTutorial
11.457,0.159411,1.393637,2.630422,29.765982224410468,12.030677402448072,-0.7582208496371576,-0.254756,-0.102967,0.033275,-0.960932,0.976581,-0.011486,-0.214843,0.116413,0.867984,0.482755,0.221304,1.083916,2.82213,-23.496340330021617,-4.062780625508418,-4.2223785881221305,-0.202066,-0.042177,-0.043257,0.977507,0.9927,-0.067522,0.099939,0.101613,0.914597,-0.391392,0.003359,1.013159,2.754291,-3.5047297840110625,-20.636806169833548,22.774886607948662,-0.064842,-0.16957,0.188789,0.965091,0.87121,0.386387,0.302818,-0.342406,0.920309,-0.189182,F,BuildTutorial
11.49,0.163001,1.395467,2.627189,29.010696753156143,12.56126087279054,-1.0565022302467864,-0.24798,-0.108202,0.036272,-0.96202,0.973953,-0.016124,-0.226175,0.123452,0.87438,0.469274,0.217528,1.088481,2.823261,-24.47421446882577,-4.297125904266907,-4.751258358192517,-0.210108,-0.045387,-0.04842,0.975423,0.991191,-0.075388,0.108891,0.113533,0.90702,-0.405493,0.004222,1.012724,2.749027,-3.6916339302180177,-20.483007736604325,22.06927200033732,-0.065124,-0.168353,0.182634,0.966468,0.876605,0.374947,0.301628,-0.331092,0.924808,-0.187374,F,BuildTutorial
11.524,0.167232,1.397924,2.624143,28.079088745802025,14.199000815866164,-1.0262710580656311,-0.239648,-0.122052,0.038603,-0.962383,0.967226,-0.015802,-0.253424,0.132801,0.882157,0.451843,0.215513,1.091967,2.822861,-25.0296013139784,-3.865759628395433,-6.071283619782107,-0.214521,-0.04435,-0.058968,0.973929,0.989112,-0.095833,0.111687,0.133889,0.901007,-0.412625,0.005569,1.011618,2.745342,-3.4926588791742432,-20.113095027411056,21.54050626891523,-0.062094,-0.165857,0.178687,0.967836,0.881125,0.366477,0.298854,-0.325283,0.92843,-0.179466,F,BuildTutorial
11.557,0.171168,1.400429,2.621008,27.27062610748404,16.197593683125625,-1.0250139660809534,-0.232156,-0.138992,0.041816,-0.961788,0.957865,-0.0159,-0.286778,0.144972,0.88871,0.434946,0.214233,1.093694,2.821618,-25.18953724783784,-3.1997170939082,-7.071013206500399,-0.215874,-0.040637,-0.066236,0.973324,0.987923,-0.111394,0.107702,0.146483,0.898022,-0.414848,0.007811,1.010745,2.743112,-3.2046202566755237,-19.47696535848268,21.177103111101047,-0.05816,-0.161142,0.176387,0.969298,0.885842,0.360687,0.291872,-0.323199,0.93101,-0.169595,F,BuildTutorial
11.59,0.17467,1.403286,2.617955,26.46453604205849,18.44940791526109,-1.0329664972784367,-0.224523,-0.158081,0.045354,-0.960491,0.945907,-0.016138,-0.324037,0.15811,0.895065,0.416965,0.214267,1.094831,2.819302,-25.44779963626708,-1.9845551950964728,-7.926573930470227,-0.218526,-0.032073,-0.071215,0.972701,0.9878,-0.124523,0.093519,0.152558,0.89435,-0.420553,0.010927,1.010107,2.742002,-2.986035558365904,-18.63701721485569,21.097363020218378,-0.05491,-0.154425,0.176446,0.970569,0.89004,0.359465,0.280382,-0.325547,0.931703,-0.161084,F,BuildTutorial
11.624,0.178017,1.406961,2.615228,25.771944032668777,21.027206462130483,-0.8488092497422894,-0.217944,-0.179493,0.047791,-0.958123,0.930997,-0.01334,-0.364783,0.169817,0.900433,0.400478,0.216219,1.094013,2.815747,-25.037714162792444,-0.6456080765730793,-9.151094794300846,-0.215628,-0.022774,-0.079093,0.973001,0.986451,-0.144094,0.078427,0.163737,0.894498,-0.41601,0.01533,1.009748,2.742225,-2.7562238439043933,-17.423480413304176,20.844068683790308,-0.050772,-0.144621,0.175176,0.972533,0.896797,0.355413,0.263509,-0.326043,0.933472,-0.149422,F,BuildTutorial
11.657,0.181137,1.40957,2.612439,24.72402812487406,23.57852939435908,-0.6570670031274166,-0.208424,-0.200774,0.049223,-0.955943,0.914534,-0.010417,-0.404375,0.177801,0.908273,0.378718,0.21967,1.091371,2.811591,-23.993869078011617,0.6358723099667336,-10.32871774427786,-0.207501,-0.013304,-0.086897,0.974277,0.984544,-0.163803,0.061986,0.174845,0.898785,-0.402014,0.021308,1.009821,2.743769,-2.455891514212704,-15.5586081814881,20.684729783139332,-0.045183,-0.129316,0.174983,0.974996,0.905317,0.352901,0.236352,-0.32953,0.934679,-0.133363,F,BuildTutorial
11.691,0.184083,1.41235,2.610009,23.7019431997038,26.130303951454184,-0.5666906246785277,-0.198954,-0.222227,0.051139,-0.953109,0.896,-0.009056,-0.443963,0.185909,0.915604,0.356521,0.224603,1.087868,2.806908,-23.12897538886121,1.9259942816629736,-10.987544238288583,-0.201098,-0.0028,-0.090427,0.975384,0.98363,-0.175276,0.041831,0.177528,0.902765,-0.391789,0.028539,1.010644,2.746281,-2.6235905476103096,-13.302788484688865,20.907309512676104,-0.043372,-0.10975,0.177564,0.977008,0.912852,0.356483,0.199052,-0.337443,0.93318,-0.123725,F,BuildTutorial
11.723,0.186835,1.414099,2.606899,22.958348782253,28.76616511950221,-0.3244676757650584,-0.192084,-0.24398,0.052123,-0.949137,0.875514,-0.005214,-0.483165,0.192672,0.920774,0.339194,0.231463,1.084114,2.801384,-22.54269258745464,3.386544620294954,-10.90479280653051,-0.19724,0.010284,-0.087396,0.976398,0.984512,-0.174724,0.014394,0.166611,0.906916,-0.386968,0.036248,1.01206,2.749603,-3.173949634997333,-10.849163543350029,20.575645579078255,-0.044004,-0.088056,0.175149,0.979608,0.923138,0.350904,0.157107,-0.335405,0.934773,-0.117059,F,BuildTutorial
11.757,0.189071,1.41519,2.60338,22.52665963230808,31.30439208539952,-0.1763934736745901,-0.187668,-0.26489,0.05415,-0.944289,0.853802,-0.002843,-0.52059,0.201688,0.923697,0.325738,0.239989,1.079905,2.795615,-21.943485427209584,4.923842115830456,-10.323458042950554,-0.193172,0.024892,-0.080099,0.977573,0.985929,-0.166221,-0.017722,0.146988,0.912538,-0.381667,0.044501,1.013505,2.753087,-3.795124201045151,-8.516628052417808,20.38759510567381,-0.045634,-0.067197,0.173973,0.981395,0.930436,0.347606,0.116016,-0.33534,0.935302,-0.112951,F,BuildTutorial
11.79,0.191048,1.416154,2.59974,22.26150516830536,33.768807888724105,-0.1265253835814255,-0.184412,-0.285182,0.057106,-0.93883,0.83082,-0.002043,-0.556537,0.212407,0.925463,0.313692,0.250063,1.075911,2.789837,-21.160899405816092,6.766198692720837,-9.764586916545364,-0.187568,0.042198,-0.07272,0.978647,0.985862,-0.158164,-0.055313,0.126504,0.91906,-0.373263,0.052371,1.014976,2.757301,-4.153147905179218,-6.401650828527185,20.41422668079534,-0.045494,-0.048505,0.174823,0.982351,0.934168,0.347889,0.079391,-0.339062,0.934734,-0.106342,F,BuildTutorial
11.824,0.192771,1.417064,2.595961,22.110184624040517,36.15791586098726,-0.0297051033149267,-0.182207,-0.304616,0.059748,-0.932974,0.807279,-0.00048,-0.59017,0.222492,0.926462,0.303588,0.261822,1.072932,2.783358,-20.531853815757295,9.239109264393036,-9.611515089471393,-0.183653,0.064089,-0.067866,0.978549,0.982574,-0.15636,-0.100501,0.109279,0.923331,-0.368127,0.055607,1.018856,2.765704,-4.337735366987091,-4.200101310268519,20.47702533789088,-0.043726,-0.029313,0.176135,0.982958,0.936235,0.348829,0.042224,-0.343702,0.934129,-0.096287,F,BuildTutorial
11.857,0.194233,1.418142,2.592492,21.8261517505564,38.39716552124575,-0.0870677122176659,-0.178545,-0.323032,0.062961,-0.927258,0.783373,-0.00141,-0.621551,0.232113,0.928315,0.290438,0.275398,1.070958,2.776093,-20.154292579086945,12.228808317514064,-9.868417763795604,-0.182354,0.089518,-0.065635,0.976947,0.975357,-0.160892,-0.150971,0.095596,0.924878,-0.368051,0.063658,1.021306,2.770058,-4.848985731374908,-1.992264220672636,20.486626463407323,-0.044711,-0.009571,0.176919,0.983163,0.937216,0.348736,0.003,-0.347024,0.933401,-0.091304,F,BuildTutorial
11.891,0.195596,1.419495,2.589536,21.26772243931366,40.53254879096957,-0.2601665536442718,-0.172335,-0.340827,0.066012,-0.921835,0.758959,-0.004231,-0.651125,0.239177,0.931886,0.272732,0.290198,1.069811,2.767589,-20.073766820740676,15.440481362500991,-9.68138013039108,-0.183249,0.117235,-0.059012,0.974266,0.965547,-0.157953,-0.206808,0.07202,0.925875,-0.370903,0.072014,1.024555,2.774319,-5.543796158240492,0.1880266931394927,20.61611483240288,-0.047286,0.010266,0.178809,0.982693,0.935844,0.350458,-0.037086,-0.3524,0.931583,-0.089265,F,BuildTutorial
11.923,0.196697,1.420805,2.586948,20.738139322974835,42.495255985137774,-0.4464506153818681,-0.166363,-0.357132,0.068799,-0.916541,0.735447,-0.007287,-0.677543,0.244941,0.93518,0.255817,0.304624,1.069243,2.758954,-20.14241865159501,18.75459807971537,-9.42209554828333,-0.185128,0.145712,-0.051388,0.970492,0.952255,-0.153694,-0.263798,0.045793,0.926174,-0.374307,0.079998,1.02727,2.778241,-6.200340903537665,2.294367015650176,20.693933141708765,-0.049601,0.029378,0.180375,0.981907,0.933204,0.351308,-0.075587,-0.357137,0.930009,-0.086809,F,BuildTutorial
11.957,0.197844,1.422566,2.584913,20.36052156303131,44.32231384161788,-0.5657075286494713,-0.161854,-0.372078,0.07117,-0.911206,0.712986,-0.009256,-0.701117,0.250145,0.937476,0.242004,0.319593,1.068873,2.749786,-20.24910676800681,22.273636192647675,-9.419972549716592,-0.187509,0.17534,-0.045472,0.965416,0.934377,-0.153555,-0.321499,0.022044,0.925545,-0.377995,0.088168,1.029599,2.782117,-6.790328875749533,4.372241058367849,20.90677971413005,-0.051288,0.048184,0.183207,0.980553,0.928227,0.354345,-0.113286,-0.36423,0.92761,-0.082926,F,BuildTutorial
11.99,0.198945,1.424519,2.583848,20.054091511286497,46.02114144209811,-0.8700903520930737,-0.157332,-0.386136,0.074941,-0.905831,0.690566,-0.014265,-0.723129,0.257271,0.939261,0.227157,0.334719,1.06844,2.740325,-20.180039660130337,25.956830160287684,-9.289431233181164,-0.188064,0.20656,-0.038471,0.959419,0.911706,-0.151512,-0.381885,-0.003874,0.926304,-0.376757,0.096302,1.031065,2.785726,-7.138486535598876,6.301735153779299,20.71808018876124,-0.051283,0.065142,0.182562,0.979693,0.924855,0.351028,-0.146363,-0.364391,0.928082,-0.076699,F,BuildTutorial
12.024,0.200328,1.425995,2.583636,19.693466402371424,47.5043197056056,-1.2487430576426328,-0.152194,-0.39853,0.078704,-0.901009,0.669959,-0.020518,-0.742115,0.263133,0.941286,0.211524,0.349547,1.067258,2.730618,-19.779161171643295,29.61867196345833,-9.058184276823074,-0.18541,0.237907,-0.031445,0.952908,0.884823,-0.14815,-0.441747,-0.028292,0.929268,-0.36832,0.104223,1.031633,2.789055,-6.977135729803378,7.960131770341104,20.74038272122219,-0.04724,0.079076,0.183395,0.978714,0.920226,0.351512,-0.172113,-0.366454,0.928269,-0.063464,F,BuildTutorial
12.057,0.201803,1.426476,2.583935,19.32307057623232,48.744066962980526,-1.621267845714221,-0.147101,-0.408929,0.081953,-0.896896,0.652121,-0.026698,-0.757645,0.267314,0.94329,0.196844,0.363362,1.066143,2.720387,-19.42782671383585,33.03437720568651,-9.151836751955022,-0.183607,0.266428,-0.027574,0.945804,0.856512,-0.149994,-0.493851,-0.045678,0.931056,-0.362005,0.112048,1.031609,2.791942,-6.581948772871509,9.650189225886711,21.221867941944872,-0.040762,0.093073,0.18793,0.976913,0.91204,0.359594,-0.19717,-0.374769,0.926042,-0.04466,F,BuildTutorial
12.09,0.203955,1.425846,2.584774,18.917971929018304,49.64760749401285,-2.0153373248074917,-0.141851,-0.41668,0.084729,-0.893911,0.638397,-0.033268,-0.768988,0.269694,0.945399,0.182994,0.376042,1.064814,2.710428,-19.186674914935885,36.07186058703984,-9.522466044875898,-0.183258,0.291077,-0.026401,0.938613,0.829154,-0.156246,-0.536741,-0.057123,0.931439,-0.359385,0.120962,1.03139,2.794123,-6.848990328969295,11.755340620570992,21.34527978044541,-0.03946,0.111458,0.189906,0.974657,0.903026,0.36139,-0.232254,-0.378983,0.924757,-0.034586,F,BuildTutorial
12.123,0.206896,1.42557,2.586247,18.833428185053354,50.149467613693055,-2.253233948844545,-0.139945,-0.420922,0.086895,-0.892014,0.630548,-0.037211,-0.775258,0.272835,0.945729,0.176514,0.388314,1.062636,2.701248,-18.741330398631018,38.61638691784775,-9.874854709588172,-0.181171,0.311801,-0.026506,0.932338,0.804155,-0.162404,-0.571804,-0.063554,0.932949,-0.354355,0.130629,1.031009,2.796029,-7.809290362878976,14.025663851440784,20.559171028188292,-0.044765,0.131914,0.184886,0.972837,0.896832,0.347917,-0.273215,-0.371538,0.927627,-0.038319,F,BuildTutorial
12.157,0.210797,1.425695,2.587967,18.996485248903515,50.30598692630442,-2.1868355261577315,-0.141343,-0.421984,0.087162,-0.891266,0.628665,-0.036081,-0.776839,0.274659,0.94485,0.178386,0.400426,1.059439,2.69391,-17.909732802541694,40.585135545225675,-10.299738893532316,-0.176157,0.328099,-0.029398,0.927607,0.782973,-0.170135,-0.598337,-0.061054,0.936209,-0.346101,0.140542,1.029841,2.797905,-8.538810902972061,16.0251724096393,19.111442884908747,-0.049621,0.149313,0.174163,0.972065,0.894746,0.323778,-0.307569,-0.353414,0.93441,-0.04446,F,BuildTutorial
12.19,0.215909,1.425891,2.590003,18.999519482448488,50.165541411228965,-2.0085410210250023,-0.142128,-0.420669,0.085612,-0.891912,0.631416,-0.033138,-0.774736,0.272294,0.94494,0.181504,0.413686,1.055967,2.688025,-16.78616988712843,42.44348891673585,-10.50285222761226,-0.16827,0.344145,-0.031792,0.923168,0.761108,-0.174518,-0.624707,-0.057119,0.941349,-0.332566,0.150038,1.028594,2.799749,-8.470395313839711,17.251021184270222,18.186707106631378,-0.04846,0.159226,0.166766,0.971848,0.893672,0.30871,-0.32565,-0.339574,0.939682,-0.041084,F,BuildTutorial
12.223,0.222445,1.426391,2.592559,18.7851832971665,49.80518790579829,-2.1045040386426903,-0.140371,-0.41808,0.085141,-0.893452,0.63592,-0.034767,-0.770972,0.269512,0.946094,0.179637,0.427359,1.053617,2.684214,-15.94308671053906,43.43111245677894,-10.19927197318099,-0.1609,0.353521,-0.030673,0.920974,0.748165,-0.170262,-0.641296,-0.057265,0.946341,-0.318057,0.157953,1.02783,2.80161,-7.839297147501267,17.34853805536924,18.387678234078148,-0.042667,0.159328,0.167755,0.971932,0.892946,0.312497,-0.324027,-0.339689,0.940076,-0.029483,F,BuildTutorial
12.257,0.230308,1.426801,2.59554,18.40244626717679,49.37388606085371,-2.389938895476151,-0.136658,-0.415226,0.085475,-0.895324,0.640562,-0.039568,-0.766886,0.266544,0.948037,0.173724,0.441967,1.053475,2.682433,-15.825396707153136,43.70954146723332,-10.31473061874767,-0.160397,0.355733,-0.031598,0.920179,0.744911,-0.172269,-0.644539,-0.055965,0.946549,-0.317668,0.165379,1.029099,2.802979,-7.878071232767583,17.11062167830918,18.696549093189383,-0.042921,0.157476,0.170332,0.971775,0.892376,0.317531,-0.320684,-0.344568,0.938289,-0.029773,F,BuildTutorial
12.29,0.239488,1.426736,2.598276,18.09723226579705,48.88552140502093,-2.7734219548879793,-0.133246,-0.41198,0.086815,-0.897208,0.645472,-0.045992,-0.762398,0.265571,0.949417,0.167567,0.459081,1.055178,2.682369,-16.484356389503947,44.61955288937472,-9.432056093234426,-0.163066,0.363517,-0.021041,0.916964,0.734825,-0.157141,-0.659802,-0.079967,0.945934,-0.314348,0.173663,1.031928,2.803533,-8.957126729992488,17.045648883868836,18.69313061120659,-0.052203,0.158331,0.171541,0.970969,0.89101,0.316591,-0.325378,-0.349653,0.935697,-0.047054,F,BuildTutorial
12.324,0.25001,1.42604,2.600878,17.971616947030135,48.37491632255602,-3.1056109376598395,-0.131459,-0.408407,0.088387,-0.898949,0.650782,-0.051533,-0.757514,0.266288,0.949813,0.164154,0.47962,1.059166,2.68388,-17.993483348698362,45.87114470432011,-8.647737011525956,-0.172625,0.372948,-0.007813,0.911619,0.721698,-0.143006,-0.677275,-0.114515,0.940279,-0.320565,0.182079,1.035052,2.804103,-10.22500628817628,16.542657044895247,18.456121217185064,-0.064065,0.155576,0.170719,0.970849,0.893302,0.311551,-0.323956,-0.351419,0.933501,-0.071274,F,BuildTutorial
12.356,0.261509,1.424812,2.603455,17.899238254729056,47.874811827491925,-3.397102153566705,-0.130243,-0.404837,0.089853,-0.900594,0.656067,-0.056388,-0.752594,0.267297,0.949926,0.16184,0.499961,1.063745,2.687802,-19.248896829379436,46.70222565403088,-7.710491826926697,-0.179423,0.379581,0.005258,0.907578,0.711781,-0.126668,-0.690886,-0.145754,0.93556,-0.321689,0.189807,1.036944,2.804735,-10.97678522292106,15.755636967134972,18.431890961073066,-0.071668,0.149845,0.170857,0.971194,0.896709,0.310393,-0.315547,-0.353349,0.931343,-0.088004,F,BuildTutorial
12.39,0.274266,1.422699,2.605671,17.960644658115125,47.46168566709801,-3.4043943037872837,-0.131026,-0.401577,0.089651,-0.90196,0.661398,-0.056489,-0.747905,0.266957,0.94959,0.164358,0.52329,1.069934,2.694396,-20.548718473936376,47.307819369832,-6.8825376068309,-0.186779,0.384259,0.017331,0.903968,0.70409,-0.112209,-0.70119,-0.174877,0.929626,-0.324365,0.198313,1.037446,2.807213,-10.513571082659722,14.68894212285011,19.243386553127944,-0.068313,0.140694,0.176621,0.971774,0.898021,0.324048,-0.297577,-0.362493,0.928277,-0.08307,F,BuildTutorial
12.423,0.288088,1.42015,2.607523,18.187911528216222,47.15874598940972,-2.9459855967978013,-0.134656,-0.398584,0.086467,-0.903062,0.667308,-0.048826,-0.74318,0.263513,0.948783,0.174277,0.549058,1.078437,2.703441,-22.45100920136762,47.47040149357762,-6.283181672937014,-0.199574,0.38445,0.029031,0.900847,0.70271,-0.101147,-0.70425,-0.205758,0.918655,-0.337249,0.206328,1.036317,2.811306,-8.290645701565758,12.884097269907093,22.869474272146338,-0.048219,0.123924,0.204434,0.969807,0.8857,0.384572,-0.260079,-0.408474,0.911763,-0.042858,F,BuildTutorial
12.457,0.303031,1.417484,2.609873,18.329632314535104,46.62082572906215,-2.4537200301308726,-0.137876,-0.393703,0.082425,-0.905093,0.676407,-0.040641,-0.735406,0.25777,0.948392,0.184679,0.575218,1.087477,2.71497,-24.267746437452494,47.185878862987614,-5.5899843287760165,-0.211478,0.381436,0.04034,0.898975,0.705758,-0.088801,-0.702866,-0.23386,0.9073,-0.349452,0.214284,1.035787,2.81622,-6.551210314176744,10.059984605029642,25.982723317209626,-0.035784,0.098089,0.228454,0.967939,0.876374,0.43524,-0.206239,-0.44928,0.893056,-0.024456,F,BuildTutorial
12.49,0.319608,1.414853,2.612844,18.020601439128633,45.70306129153776,-2.21820532086483,-0.136869,-0.386274,0.078425,-0.908795,0.689285,-0.036807,-0.723555,0.248283,0.950233,0.188185,0.602166,1.097557,2.729816,-26.331608518249695,46.35524487160968,-4.281859378286696,-0.223557,0.375148,0.056144,0.89785,0.712224,-0.066916,-0.698756,-0.268552,0.89374,-0.359317,0.222497,1.040011,2.819442,-8.533690069957244,7.132417850492767,25.343174214115056,-0.058842,0.076808,0.222846,0.97004,0.88888,0.4233,-0.17524,-0.441378,0.893755,-0.079926,F,BuildTutorial
12.523,0.337131,1.414027,2.616381,18.011471413860317,44.42814347889876,-1.8975921646910083,-0.138712,-0.375756,0.074313,-0.91326,0.706571,-0.031491,-0.706942,0.239978,0.950473,0.197513,0.629587,1.108378,2.747211,-28.51001784568941,44.42834397628551,-2.762161985221431,-0.236727,0.360828,0.071442,0.899255,0.729398,-0.042347,-0.682778,-0.299325,0.877713,-0.3742,0.23145,1.045445,2.822016,-11.336393823402778,4.355727764702383,24.72953483400535,-0.088309,0.058073,0.2166,0.970522,0.899424,0.410174,-0.150977,-0.430687,0.890572,-0.146255,F,BuildTutorial
12.557,0.355077,1.41549,2.620534,18.31308147200481,42.90717810828945,-1.4237718303420557,-0.143609,-0.362899,0.069614,-0.91806,0.726916,-0.023588,-0.686321,0.23205,0.949061,0.213157,0.65828,1.117863,2.768061,-29.854963065699007,42.32458929467943,-0.3421749267182208,-0.241265,0.348109,0.090304,0.901364,0.741331,-0.005179,-0.67112,-0.330767,0.867273,-0.372063,0.240559,1.049814,2.824427,-13.487796178556469,1.114736046599439,24.46574085352904,-0.112713,0.034322,0.211526,0.970245,0.908158,0.402726,-0.114284,-0.4182,0.885105,-0.204199,F,BuildTutorial
12.59,0.372001,1.415821,2.623502,18.594159400377,41.42450882294408,-1.5775017752996627,-0.146293,-0.351076,0.069839,-0.922207,0.743736,-0.026091,-0.667964,0.231532,0.947442,0.220788,0.687572,1.124834,2.792833,-29.321797587774853,40.09770471100608,2.017673468511037,-0.231884,0.335794,0.102755,0.907146,0.753367,0.030696,-0.656883,-0.342157,0.871343,-0.351696,0.247962,1.051575,2.826257,-13.129818756073472,-3.090910092224017,24.6327129776232,-0.117372,-0.001798,0.208821,0.970883,0.912781,0.405903,-0.045528,-0.405059,0.885235,-0.228661,F,BuildTutorial
12.623,0.387598,1.41573,2.625469,19.041626355588903,40.20781417536617,-1.8235297942833033,-0.149914,-0.341418,0.071584,-0.925114,0.756619,-0.03008,-0.653164,0.234813,0.944803,0.228494,0.714667,1.131382,2.818575,-29.114580174915776,37.180448686571125,4.437025372941749,-0.22611,0.317554,0.115582,0.913605,0.7716,0.067589,-0.632507,-0.354798,0.87103,-0.339743,0.254083,1.051209,2.826314,-11.337020220350526,-7.55719195231432,27.77745021523924,-0.111418,-0.040004,0.232025,0.965479,0.889129,0.456944,0.025543,-0.439115,0.867501,-0.233708,F,BuildTutorial
12.657,0.402521,1.416635,2.627288,19.29607523823226,39.17686997133185,-1.9196510432004328,-0.152337,-0.333118,0.071739,-0.927728,0.767772,-0.031616,-0.639943,0.234601,0.943294,0.23486,0.739972,1.135008,2.845091,-28.48890317126349,34.70557416073257,7.142672951422044,-0.216397,0.303153,0.130874,0.918773,0.781941,0.109284,-0.613698,-0.371689,0.872089,-0.31829,0.26151,1.050024,2.824909,-10.409126635397824,-10.55838741242962,30.537374579891928,-0.111269,-0.064608,0.253096,0.958847,0.863537,0.499738,0.067575,-0.470983,0.847124,-0.246083,F,BuildTutorial
12.69,0.416702,1.416929,2.629008,19.00481895771937,38.175424020512075,-1.8913214393324267,-0.150668,-0.325059,0.069362,-0.931034,0.779052,-0.031204,-0.626183,0.227108,0.944976,0.235461,0.764868,1.13341,2.871688,-25.462184925777667,32.67966346066029,7.008502554596508,-0.194306,0.28683,0.119095,0.930478,0.807089,0.110166,-0.58006,-0.333097,0.896123,-0.293274,0.271353,1.048228,2.8224,-10.599073589260003,-12.479907131017796,30.050699478364027,-0.116734,-0.080725,0.246913,0.958588,0.865035,0.492223,0.097118,-0.454529,0.850814,-0.263664,F,BuildTutorial
12.723,0.429835,1.417742,2.630353,19.035081053144133,37.30129355689006,-1.8332175702924471,-0.151601,-0.317861,0.06782,-0.933479,0.78873,-0.03024,-0.613995,0.222992,0.944835,0.239918,0.786289,1.128007,2.897416,-22.315355573875067,30.293644422757787,9.840258188361789,-0.164112,0.27143,0.131599,0.939188,0.818015,0.158102,-0.553042,-0.336282,0.911498,-0.236825,0.281666,1.045303,2.819,-10.734213001684063,-13.848950933760412,29.46275628993526,-0.120325,-0.092475,0.24042,0.958733,0.867293,0.483252,0.11946,-0.438744,0.85544,-0.275185,F,BuildTutorial
12.757,0.441235,1.417618,2.630415,19.55831389643388,36.44991467139559,-1.500189957330082,-0.157282,-0.31029,0.06537,-0.935259,0.798894,-0.024671,-0.600965,0.219882,0.941979,0.253631,0.804291,1.122316,2.918782,-20.849209045753657,29.573520108922896,12.81281770953436,-0.145849,0.268963,0.151996,0.939832,0.809113,0.207245,-0.549897,-0.364157,0.911251,-0.192385,0.293225,1.04148,2.815845,-10.059220046809465,-13.999028717838508,29.110692248563,-0.114732,-0.095627,0.238141,0.959678,0.868289,0.479021,0.128897,-0.435135,0.860251,-0.265758,F,BuildTutorial
12.79,0.451449,1.417807,2.62967,20.33947127269291,35.68652180252069,-1.2212406730876506,-0.164848,-0.303374,0.064084,-0.936313,0.807714,-0.019985,-0.589235,0.220027,0.937437,0.269816,0.820626,1.114643,2.935775,-17.44199573644124,30.31466043940666,9.491997827634703,-0.124463,0.26967,0.118446,0.947501,0.826497,0.157327,-0.54051,-0.291583,0.940959,-0.171975,0.303816,1.037462,2.812345,-8.31744831281435,-13.600585399055364,29.11060914749664,-0.099378,-0.09621,0.240578,0.960724,0.865731,0.481381,0.137046,-0.443136,0.864492,-0.237242,F,BuildTutorial
12.823,0.460662,1.418426,2.629331,20.70509194876679,34.89284464204058,-1.2945281338916956,-0.168095,-0.296851,0.064476,-0.937799,0.815445,-0.021132,-0.578449,0.220728,0.935174,0.276998,0.831993,1.103198,2.950773,-12.967876787131669,29.150075289287376,8.51030963991447,-0.090437,0.257458,0.09969,0.956869,0.847554,0.144213,-0.510739,-0.237348,0.963766,-0.12174,0.312143,1.035372,2.807592,-7.2968322831321215,-13.898677412617856,29.45895108306549,-0.091791,-0.100718,0.24443,0.960044,0.86022,0.487817,0.148515,-0.450837,0.863657,-0.225484,F,BuildTutorial
12.857,0.468812,1.419121,2.629314,20.61055056452874,33.92155293477973,-1.618956664295811,-0.16704,-0.2894,0.065476,-0.940244,0.823921,-0.026444,-0.566087,0.219809,0.935621,0.276219,0.837963,1.093182,2.962453,-10.385865065376366,27.08837676013385,9.81427549183287,-0.067719,0.239906,0.10394,0.962837,0.863283,0.167663,-0.476059,-0.232648,0.969221,-0.080534,0.319506,1.035132,2.802344,-7.293028190292147,-14.139456307428114,28.82187114883806,-0.0917,-0.103255,0.238901,0.961174,0.86453,0.478187,0.154677,-0.440314,0.869035,-0.225614,F,BuildTutorial
12.89,0.475916,1.419349,2.62905,20.46596218610676,32.90267384257097,-2.081557281378326,-0.165288,-0.281745,0.067446,-0.942736,0.832142,-0.034029,-0.553518,0.220305,0.936262,0.273641,0.843203,1.0847,2.969949,-8.255339285151624,26.483637427983037,8.753347899892969,-0.052426,0.233148,0.090531,0.966798,0.874892,0.150604,-0.460307,-0.199496,0.978111,-0.059156,0.326192,1.035196,2.797379,-7.588602093834396,-13.971206828102614,28.14930337870625,-0.093223,-0.101737,0.233045,0.962626,0.870679,0.467639,0.152419,-0.429702,0.873999,-0.226896,F,BuildTutorial
12.923,0.481365,1.418834,2.628324,20.690572159467862,31.82901154466779,-2.415430800683647,-0.166973,-0.273325,0.06917,-0.94479,0.841018,-0.039425,-0.539569,0.221977,0.934671,0.277698,0.848574,1.076718,2.97578,-6.2106381034405045,26.519104138788126,7.0278351419338545,-0.038591,0.231827,0.071971,0.969323,0.882153,0.121634,-0.454986,-0.157419,0.986662,-0.041444,0.33167,1.034292,2.79334,-7.448406960719316,-13.71580208747674,27.827384579095497,-0.091249,-0.100152,0.230707,0.963544,0.873488,0.46287,0.150899,-0.426315,0.876896,-0.222057,F,BuildTutorial
12.956,0.485612,1.418507,2.627165,21.149061580521668,30.807664406651565,-2.7010409240033475,-0.170719,-0.265207,0.071068,-0.946293,0.84923,-0.04395,-0.526192,0.225054,0.931609,0.285405,0.85408,1.07359,2.978531,-6.761857265030903,27.18441797596175,6.265459891907729,-0.044416,0.237383,0.066865,0.968094,0.878357,0.108375,-0.465557,-0.15055,0.987113,-0.054253,0.335856,1.033151,2.789842,-7.131759780494338,-13.626781078756675,27.29611139546604,-0.087952,-0.100491,0.226667,0.964774,0.877047,0.455042,0.15403,-0.419689,0.881773,-0.215264,F,BuildTutorial
12.99,0.489041,1.418681,2.62604,21.38978700264578,29.83051542575256,-2.9191931790447065,-0.172826,-0.257405,0.071937,-0.947998,0.857136,-0.047419,-0.512903,0.225364,0.929913,0.290643,0.857013,1.071422,2.980772,-6.851991984946493,27.269979015244463,7.379672313613187,-0.042811,0.238564,0.076488,0.967163,0.874474,0.127526,-0.46801,-0.168379,0.984634,-0.046316,0.338295,1.03246,2.786508,-6.85648918582414,-13.781302310030172,26.84518222721288,-0.085545,-0.102708,0.223064,0.965596,0.879387,0.448353,0.160185,-0.413208,0.885849,-0.211025,F,BuildTutorial
13.023,0.49165,1.418995,2.624833,21.3989382924881,28.869930476604505,-3.2147272641102003,-0.172855,-0.249894,0.072955,-0.949922,0.864462,-0.052212,-0.49998,0.224993,0.929597,0.291936,0.858935,1.070045,2.98275,-6.148751894890569,27.430210267836426,6.428190670819362,-0.038747,0.239302,0.067086,0.96785,0.876468,0.111313,-0.468415,-0.148402,0.987997,-0.042894,0.339241,1.031981,2.783516,-6.500693659260179,-14.227154749987127,26.494195890685283,-0.083097,-0.107455,0.220187,0.965954,0.879943,0.443239,0.170999,-0.407522,0.889225,-0.207855,F,BuildTutorial
13.056,0.493129,1.419217,2.623372,21.35597142861294,27.985645583735796,-3.5158591608834704,-0.172417,-0.243017,0.074033,-0.951701,0.870923,-0.057114,-0.488089,0.224715,0.929583,0.292196,0.858997,1.073238,2.984649,-6.510203969915051,27.20285195685571,5.485548993551009,-0.043891,0.237159,0.059773,0.968637,0.880366,0.094978,-0.464688,-0.136615,0.989002,-0.056678,0.338961,1.032059,2.780745,-6.279125184411567,-14.722359016825544,26.483741137900967,-0.082177,-0.112088,0.220003,0.965548,0.87807,0.443268,0.180294,-0.406424,0.889692,-0.20801,F,BuildTutorial
13.09,0.493866,1.41957,2.621997,21.25424619966541,27.10860537971309,-3.7182454716447126,-0.171713,-0.236042,0.074196,-0.953569,0.877558,-0.06044,-0.475646,0.222565,0.93002,0.292453,0.855956,1.082329,2.98606,-8.260302204076213,26.159559574783486,5.755002643958905,-0.058734,0.228957,0.06505,0.969483,0.886694,0.099235,-0.451582,-0.153025,0.984638,-0.084095,0.338322,1.032541,2.778719,-6.506689444415599,-14.943660557126622,26.251638673874144,-0.084282,-0.113659,0.217612,0.965724,0.879453,0.439465,0.182844,-0.401148,0.891083,-0.212254,F,BuildTutorial
13.123,0.493972,1.420189,2.621072,21.017510327554593,26.17909481195096,-3.7148901629899376,-0.170336,-0.228316,0.072325,-0.955838,0.885282,-0.060482,-0.461106,0.216043,0.93151,0.292601,0.851138,1.097036,2.986216,-11.076216578243884,25.20437393103692,4.853098057060864,-0.084904,0.220955,0.062163,0.969591,0.89463,0.083026,-0.439027,-0.158066,0.977854,-0.137174,0.337357,1.033092,2.77729,-6.998703590294762,-15.084706824789029,25.620558754087856,-0.088052,-0.114337,0.211583,0.966647,0.88432,0.429187,0.183786,-0.388916,0.894959,-0.218615,F,BuildTutorial
13.156,0.493279,1.420743,2.620469,20.7693664192366,25.20436263988817,-3.622261952092187,-0.169043,-0.220059,0.069647,-0.9582,0.893447,-0.059073,-0.445267,0.207871,0.933147,0.293301,0.844393,1.115943,2.984945,-14.394902448472273,24.43515752823001,2.9426666465083104,-0.11702,0.213032,0.051403,0.968649,0.90395,0.049726,-0.424737,-0.149442,0.967328,-0.204801,0.335383,1.03355,2.776332,-7.180261171191498,-15.469462904761782,25.00501856085312,-0.089656,-0.117705,0.205864,0.96733,0.887531,0.419383,0.190806,-0.377172,0.899164,-0.221916,F,BuildTutorial
13.19,0.491842,1.421044,2.619816,20.76927457966609,24.19513170574878,-3.5361670815988533,-0.169808,-0.211484,0.067434,-0.960152,0.901455,-0.05767,-0.429015,0.201317,0.933236,0.297561,0.834267,1.137647,2.982278,-18.314586934698212,23.05902624939765,2.4334167037437164,-0.151709,0.200592,0.052342,0.966441,0.914046,0.040308,-0.403603,-0.162035,0.94849,-0.272236,0.332398,1.034053,2.775806,-7.083586415669222,-15.995675526447062,24.884277055999114,-0.089659,-0.122428,0.204557,0.967021,0.886336,0.417575,0.2001,-0.373668,0.900235,-0.223492,F,BuildTutorial
13.223,0.489541,1.421215,2.619122,20.905287999171367,23.062713190223025,-3.4395124139280924,-0.171781,-0.201833,0.065168,-0.962033,0.910033,-0.056046,-0.410729,0.19473,0.932489,0.304212,0.822088,1.160615,2.977903,-22.355409608395643,21.693414777045632,2.2219460879605513,-0.186774,0.188269,0.055154,0.962615,0.923026,0.035856,-0.383064,-0.176511,0.924147,-0.338816,0.328527,1.035403,2.775417,-7.1032045078711885,-16.623719510883436,24.94487228628469,-0.091011,-0.12764,0.204547,0.966222,0.883737,0.41851,0.209425,-0.372043,0.899755,-0.228091,F,BuildTutorial
13.256,0.486329,1.421271,2.618505,21.014115270440175,21.852040851759607,-3.4171160502834113,-0.173415,-0.191619,0.063333,-0.96395,0.918542,-0.055641,-0.391387,0.188559,0.931833,0.310054,0.806969,1.18322,2.971915,-26.14043945218775,20.14154323661846,1.5523172053481609,-0.220333,0.173335,0.052533,0.958462,0.93439,0.02432,-0.35542,-0.177085,0.897387,-0.40415,0.324483,1.037569,2.775067,-7.470381732348248,-17.123913504083145,24.81914430444585,-0.09484,-0.131248,0.20258,0.965785,0.88347,0.416193,0.215089,-0.366403,0.899933,-0.236368,F,BuildTutorial
13.29,0.482607,1.421298,2.617879,20.995362510846075,20.625198094291775,-3.3403837789393767,-0.174046,-0.181172,0.060798,-0.966017,0.926961,-0.0544,-0.371193,0.180529,0.932023,0.314233,0.788101,1.204254,2.965696,-29.778722260785283,17.324766057750228,1.920731495164448,-0.251547,0.149792,0.054708,0.954617,0.949139,0.029092,-0.313512,-0.17981,0.867463,-0.463872,0.320396,1.040017,2.775012,-8.056960799368143,-17.328940676904757,24.6332950890339,-0.099908,-0.132002,0.200019,0.965705,0.885136,0.412695,0.214983,-0.359942,0.900022,-0.245769,F,BuildTutorial
13.323,0.477994,1.421368,2.617196,20.972125600451484,19.2906463883939,-3.3056324428494963,-0.174597,-0.169857,0.058441,-0.968116,0.935466,-0.053843,-0.34929,0.172469,0.932201,0.318206,0.767185,1.223402,2.959351,-33.03280021303539,13.984616021970462,2.9090074662962,-0.279122,0.123838,0.058752,0.950423,0.962425,0.042547,-0.268194,-0.18081,0.837278,-0.516016,0.316089,1.042403,2.775087,-8.56537130952651,-17.506369039030368,24.509686703654296,-0.104337,-0.132629,0.198097,0.965547,0.886334,0.410221,0.21478,-0.354868,0.899743,-0.254031,F,BuildTutorial
13.356,0.472594,1.421544,2.616363,21.000416315179187,17.82354868916177,-3.3710374277442727,-0.175481,-0.157549,0.056791,-0.970134,0.943906,-0.054897,-0.325619,0.165484,0.931962,0.322585,0.745389,1.239898,2.952159,-36.08229092329379,10.720450833510313,4.248679688678363,-0.304841,0.100193,0.064003,0.944953,0.97173,0.059874,-0.228377,-0.182046,0.805951,-0.563296,0.310881,1.044702,2.775407,-9.033180008377595,-17.749716393774005,24.435055774349543,-0.10859,-0.133849,0.196567,0.965222,0.886892,0.40853,0.215697,-0.350392,0.89914,-0.262248,F,BuildTutorial
13.39,0.466406,1.42196,2.615517,21.008271602806506,16.26085172444775,-3.4034643580016826,-0.176265,-0.144355,0.054677,-0.972164,0.952344,-0.055421,-0.299949,0.1572,0.931882,0.326932,0.723198,1.253447,2.945428,-38.5563818940432,7.40072987190359,5.715135035343385,-0.32602,0.077269,0.068241,0.939725,0.978745,0.077874,-0.189719,-0.178639,0.778108,-0.602193,0.304865,1.047371,2.775579,-9.50963109637336,-18.06937695566108,24.15239295928631,-0.112792,-0.135902,0.193177,0.965138,0.888426,0.403543,0.21875,-0.342229,0.899921,-0.270225,F,BuildTutorial
13.423,0.459481,1.422521,2.614514,21.018363370936687,14.497193363596008,-3.4561350499057255,-0.177112,-0.129458,0.052416,-0.97423,0.960986,-0.056274,-0.270811,0.147988,0.931768,0.331524,0.701291,1.264408,2.939151,-40.5850709746844,4.555646652087325,5.868265730666878,-0.344177,0.054968,0.061739,0.935259,0.986334,0.077647,-0.145317,-0.153321,0.75546,-0.637003,0.298395,1.050118,2.774857,-9.976915819550271,-18.61569266144966,24.022875146163777,-0.117463,-0.139741,0.190833,0.964499,0.888111,0.400944,0.224728,-0.335287,0.899571,-0.279919,F,BuildTutorial
13.456,0.451858,1.423114,2.613282,20.984052562604255,12.574400490477029,-3.4306298484161255,-0.177699,-0.113051,0.049189,-0.976331,0.9696,-0.055871,-0.238233,0.136228,0.932007,0.335864,0.67796,1.272199,2.933721,-42.17121279213687,1.1661558336090383,7.0187943059623485,-0.358488,0.031498,0.060765,0.931022,0.990631,0.090564,-0.102218,-0.13573,0.735589,-0.663692,0.289681,1.053881,2.773564,-10.529934241342383,-19.403931905562825,24.159366204091913,-0.123565,-0.145168,0.190287,0.963042,0.885434,0.402385,0.232579,-0.330634,0.897045,-0.293243,F,BuildTutorial
13.49,0.443563,1.423679,2.612112,20.875892126820943,10.445972779769376,-3.3783018354523717,-0.177701,-0.094805,0.045354,-0.978457,0.97791,-0.055059,-0.201645,0.122447,0.932731,0.339145,0.656493,1.277247,2.929093,-43.74754769641924,-2.8705065760351056,9.597860760805352,-0.373085,0.007996,0.068313,0.925244,0.990539,0.120445,-0.06577,-0.132378,0.712282,-0.689297,0.281724,1.056956,2.77179,-11.097254577508698,-20.159674675697246,24.175063935659026,-0.129566,-0.150403,0.18866,0.961769,0.883573,0.401868,0.240418,-0.32392,0.89524,-0.305974,F,BuildTutorial
13.523,0.434669,1.424321,2.610834,20.702630103370023,8.16806222642941,-3.3129674913267686,-0.177127,-0.075212,0.041156,-0.980447,0.985299,-0.054058,-0.162062,0.107346,0.933864,0.341137,0.634228,1.280007,2.92539,-44.70848887933804,-7.383384292946635,13.000189583860948,-0.383844,-0.0162,0.080149,0.91977,0.986628,0.159873,-0.03173,-0.135001,0.692479,-0.708694,0.27266,1.059815,2.7693,-11.642987916093505,-21.113293055967063,24.105234043033946,-0.135573,-0.157424,0.186044,0.960326,0.881211,0.400011,0.251911,-0.314641,0.894015,-0.318965,F,BuildTutorial
13.556,0.425365,1.424908,2.609338,20.59650035033271,5.8509006405318456,-3.2239924902043,-0.177056,-0.055217,0.036762,-0.981963,0.991199,-0.052644,-0.121461,0.09175,0.9346,0.343664,0.61282,1.280822,2.922951,-45.18454743197937,-12.305646291792804,17.209371378810122,-0.392464,-0.040695,0.096627,0.913772,0.978014,0.208534,-0.001473,-0.144648,0.67327,-0.72511,0.262794,1.062234,2.766289,-12.09214544250422,-22.142815899667212,24.054281653263367,-0.140891,-0.165233,0.183577,0.958722,0.877995,0.398559,0.265097,-0.305439,0.892898,-0.330817,F,BuildTutorial
13.589,0.415836,1.425448,2.607724,20.51226978812117,3.5652092220257123,-3.0276324738889993,-0.177092,-0.035301,0.03152,-0.983056,0.995521,-0.049469,-0.08057,0.074475,0.93529,0.345957,0.59171,1.280614,2.920895,-45.37740928361957,-17.192747794906765,21.75777749314269,-0.400564,-0.063446,0.115553,0.906736,0.965244,0.260381,0.022485,-0.158724,0.652392,-0.741075,0.252425,1.064018,2.762218,-12.368930442708288,-23.22481639788819,23.9506963273947,-0.144751,-0.173868,0.180848,0.957137,0.874128,0.396527,0.280476,-0.295857,0.892683,-0.33998,F,BuildTutorial
13.623,0.406141,1.42585,2.606077,20.502849782641995,1.3202201852315851,-2.763620673454714,-0.177631,-0.015625,0.025778,-0.983635,0.998183,-0.045161,-0.039896,0.056263,0.935565,0.348643,0.573366,1.279138,2.920161,-44.73538579103732,-20.793315090261174,24.649900930953073,-0.401297,-0.083141,0.127063,0.903274,0.953885,0.296273,0.048219,-0.162816,0.645632,-0.74609,0.241859,1.064974,2.758228,-12.52788442940651,-24.315059024005617,23.798265272141652,-0.147534,-0.182852,0.177877,0.955593,0.869849,0.393911,0.296979,-0.286003,0.893187,-0.347016,F,BuildTutorial
13.656,0.396309,1.426005,2.604193,20.571513816350496,-0.9677272698133595,-2.5244630822616725,-0.178691,0.004374,0.020166,-0.983689,0.999148,-0.041237,0.001398,0.038111,0.935326,0.35173,0.557559,1.277427,2.920094,-44.13111058538407,-22.46007463327781,24.94527299441657,-0.398758,-0.096644,0.124888,0.903358,0.950126,0.302712,0.075008,-0.148563,0.650791,-0.744581,0.23092,1.065069,2.753586,-12.57920698925741,-25.538028083000395,23.73850326204063,-0.149746,-0.193018,0.175689,0.953653,0.863755,0.3929,0.315526,-0.277286,0.893419,-0.353434,F,BuildTutorial
13.689,0.386368,1.425791,2.60229,20.69196526985576,-3.278899598021425,-2.295632425437905,-0.180046,0.024543,0.014561,-0.983244,0.998371,-0.037471,0.04302,0.019796,0.934743,0.354772,0.541289,1.27421,2.919223,-43.48280844769924,-24.994302110577724,26.242564653923772,-0.397829,-0.113653,0.127806,0.901377,0.941497,0.320833,0.103199,-0.139974,0.650796,-0.746239,0.219737,1.064464,2.74875,-12.608328432040944,-26.861091331637763,23.67643827881888,-0.151893,-0.204041,0.17337,0.95144,0.85662,0.391888,0.335599,-0.267918,0.893743,-0.359783,F,BuildTutorial
13.723,0.376826,1.425485,2.600366,20.82543535149991,-5.391167040105705,-2.159294658025798,-0.181377,0.042845,0.010013,-0.982429,0.996128,-0.035217,0.080552,0.004133,0.934004,0.357238,0.524008,1.269694,2.917719,-42.38224887049381,-28.82278018340266,29.122663735434337,-0.397202,-0.136577,0.139963,0.896654,0.923514,0.359495,0.133738,-0.1425,0.645282,-0.750536,0.208564,1.063323,2.743625,-12.575172418780824,-28.333664089356994,23.68487938680318,-0.153853,-0.216304,0.171549,0.948743,0.847567,0.39207,0.357648,-0.258954,0.893801,-0.366147,F,BuildTutorial
13.756,0.367698,1.425356,2.59874,20.896020063025514,-7.214702945993881,-2.060018709045451,-0.182067,0.058612,0.006235,-0.981518,0.993052,-0.033582,0.112787,-0.009103,0.933625,0.358135,0.506797,1.263605,2.9159,-40.93316893277844,-32.770245057771,32.084403730931065,-0.395431,-0.161291,0.153591,0.891083,0.90079,0.401283,0.165978,-0.146166,0.640088,-0.75427,0.197288,1.06097,2.738716,-12.215230590084657,-29.88258242096473,23.653143087009376,-0.153159,-0.229855,0.170047,0.945935,0.836502,0.392116,0.382767,-0.251299,0.895253,-0.367929,F,BuildTutorial
13.79,0.359181,1.425051,2.597285,20.925789024216805,-8.788976489000495,-2.060040706368834,-0.18239,0.072082,0.003713,-0.980573,0.989581,-0.033576,0.14001,-0.019013,0.93344,0.358229,0.490411,1.256677,2.914316,-39.20219753243692,-36.19888843508847,34.284995173967786,-0.390967,-0.185676,0.16434,0.886376,0.877034,0.43652,0.200654,-0.146148,0.640274,-0.754115,0.186752,1.057816,2.733517,-11.52623192975261,-31.382735752229053,23.8762417123378,-0.150245,-0.243271,0.171569,0.942767,0.822767,0.3966,0.40714,-0.250399,0.895981,-0.366767,F,BuildTutorial
13.823,0.35113,1.424838,2.596288,20.96478144131559,-10.122053745017944,-2.061165876365406,-0.182755,0.083471,0.00157,-0.979608,0.98606,-0.033585,0.162963,-0.027433,0.933197,0.358318,0.475075,1.249905,2.91204,-37.632119386268485,-39.77894577280693,37.03635757509533,-0.389866,-0.209025,0.178654,0.878861,0.848783,0.477007,0.228106,-0.15104,0.632175,-0.759962,0.177499,1.054179,2.728077,-10.7147904404387,-32.77854887023415,24.153411163646403,-0.146368,-0.255971,0.174081,0.939548,0.808349,0.402047,0.430034,-0.252183,0.896544,-0.36416,F,BuildTutorial
13.856,0.34371,1.424668,2.595587,21.060367300710812,-11.215497057098688,-1.8731999042702072,-0.183425,0.093086,-0.001862,-0.978615,0.982663,-0.030504,0.182874,-0.037793,0.932704,0.358658,0.46171,1.242848,2.911124,-35.82025191846048,-41.96308053619534,38.73596294803113,-0.383878,-0.22621,0.190757,0.874688,0.824882,0.507379,0.249271,-0.160031,0.632499,-0.757849,0.169241,1.050787,2.722739,-10.079563277501512,-33.99615072325039,24.32690156288861,-0.143482,-0.266971,0.175613,0.936643,0.795774,0.405584,0.449718,-0.252363,0.897146,-0.362549,F,BuildTutorial
13.889,0.336875,1.424327,2.594984,21.22235805024919,-12.032456691811106,-1.8097291918687288,-0.184733,0.100113,-0.003861,-0.977669,0.979925,-0.029439,0.197182,-0.044538,0.931718,0.360442,0.449458,1.236831,2.909946,-34.484627308859984,-44.11010944314651,39.91603007373789,-0.380633,-0.243313,0.197519,0.870002,0.80357,0.528909,0.273002,-0.158457,0.63221,-0.758421,0.161214,1.048288,2.717833,-9.651063136684265,-34.96268862967869,24.10765267265313,-0.140977,-0.275975,0.173767,0.934756,0.787285,0.402672,0.466945,-0.247048,0.899861,-0.359468,F,BuildTutorial
13.922,0.330671,1.423908,2.594576,21.41022351554478,-12.548781932350924,-1.7357298356822195,-0.186247,0.104579,-0.005505,-0.976906,0.978066,-0.028199,0.206379,-0.049712,0.930564,0.36274,0.439778,1.231999,2.909658,-33.28477786402069,-44.97148343867415,39.67448075133231,-0.37327,-0.254889,0.197382,0.869909,0.792144,0.533694,0.296107,-0.153124,0.643419,-0.750043,0.15394,1.046001,2.713336,-9.216327701261845,-35.70365985210456,24.161898888120227,-0.138732,-0.282793,0.174489,0.932918,0.779163,0.404032,0.479232,-0.247102,0.900614,-0.357539,F,BuildTutorial
13.956,0.324833,1.423607,2.594398,21.548848702539985,-12.857478922492117,-1.5296610109511226,-0.187219,0.107504,-0.007899,-0.976386,0.976761,-0.024828,0.212889,-0.055679,0.929773,0.363898,0.431222,1.2277,2.909488,-32.27598814670945,-46.099821933128105,40.594927552050336,-0.370348,-0.264028,0.204552,0.86677,0.776895,0.550164,0.306193,-0.159034,0.642001,-0.750028,0.147873,1.043651,2.709336,-8.830660046467852,-36.2135073132837,24.19188214004662,-0.136481,-0.287653,0.175186,0.931632,0.773132,0.404936,0.488154,-0.247899,0.901366,-0.355086,F,BuildTutorial
13.989,0.319365,1.423147,2.594297,21.71140962129249,-13.04882900516011,-1.2703393546962105,-0.188342,0.109512,-0.010582,-0.975921,0.975791,-0.020596,0.217736,-0.061907,0.928831,0.365296,0.423647,1.223773,2.909059,-31.335030531926833,-47.56553241272939,42.46908760458083,-0.370976,-0.27242,0.217605,0.860705,0.756871,0.57671,0.307493,-0.172465,0.63005,-0.757161,0.142014,1.041378,2.706144,-8.577812592520049,-36.61194577226399,23.90929852338485,-0.134339,-0.291712,0.173124,0.931067,0.769865,0.400756,0.496691,-0.244004,0.903962,-0.351161,F,BuildTutorial
14.023,0.314148,1.422713,2.594136,21.884993553605703,-13.073688829297195,-1.0563731402657128,-0.189612,0.110029,-0.012617,-0.975593,0.975469,-0.017108,0.219472,-0.066343,0.927776,0.367192,0.417471,1.219994,2.90873,-30.03998072864154,-48.81801430919701,43.75587850276694,-0.367724,-0.282446,0.228349,0.856073,0.736163,0.59869,0.31565,-0.183241,0.625272,-0.75859,0.135915,1.039504,2.703405,-8.240573650102053,-37.07136609911812,23.799122943585967,-0.132039,-0.296213,0.172645,0.930063,0.764903,0.399365,0.505402,-0.242919,0.905519,-0.347888,F,BuildTutorial
14.056,0.309095,1.42249,2.594238,21.90686333255194,-13.013149107115243,-0.8381841063100591,-0.189596,0.109869,-0.014396,-0.97559,0.975443,-0.013572,0.219833,-0.06975,0.927693,0.366772,0.412931,1.21714,2.909277,-28.97897063309361,-49.371501059491656,44.264148775760184,-0.362925,-0.288916,0.23463,0.854261,0.722952,0.61058,0.323314,-0.191161,0.626469,-0.755642,0.130603,1.037503,2.701278,-8.019157648828598,-37.33835962421233,23.761852052772294,-0.130566,-0.298841,0.172665,0.929426,0.761762,0.398996,0.510413,-0.242923,0.906279,-0.345902,F,BuildTutorial
14.089,0.304293,1.42224,2.594311,21.936891476084643,-12.897656878595514,-0.5913163114099169,-0.189631,0.109287,-0.016336,-0.975618,0.975579,-0.009573,0.219441,-0.073324,0.927547,0.366444,0.410293,1.215608,2.910039,-28.491629389407397,-49.45990050298565,44.88721234478165,-0.361385,-0.289433,0.240949,0.852979,0.716345,0.620242,0.31961,-0.201855,0.622689,-0.755985,0.125824,1.035502,2.699398,-7.892519489368353,-37.63904384371541,23.637373156590225,-0.129675,-0.301659,0.171676,0.928824,0.759058,0.397149,0.515853,-0.240678,0.907423,-0.344466,F,BuildTutorial
14.122,0.299668,1.421946,2.594509,21.96113610825483,-12.7288221816545,-0.3599310881325697,-0.189643,0.108227,-0.01805,-0.975703,0.975922,-0.005826,0.218041,-0.076272,0.92742,0.366163,0.408232,1.214504,2.910992,-27.864135918705088,-49.476630513450154,45.64129170952288,-0.359088,-0.289558,0.249022,0.851587,0.708289,0.632081,0.314326,-0.216174,0.618088,-0.755802,0.121396,1.033351,2.697816,-7.751381655027022,-37.99750673642187,23.490506376011684,-0.128689,-0.304993,0.170488,0.928091,0.755827,0.394954,0.522243,-0.237958,0.908747,-0.342864,F,BuildTutorial
14.156,0.295227,1.421613,2.594602,21.986223695059422,-12.525378615463463,-0.1585246455883593,-0.189701,0.106823,-0.019452,-0.97582,0.976421,-0.002566,0.21586,-0.078492,0.92727,0.366073,0.406967,1.214812,2.911451,-27.799497960933937,-49.49953346923183,46.50547337995689,-0.360878,-0.28726,0.255624,0.84965,0.704276,0.641713,0.303643,-0.227049,0.608847,-0.760101,0.116556,1.031727,2.697833,-7.472585820353305,-38.15873112642623,23.346641802367216,-0.126308,-0.306976,0.16995,0.927863,0.753765,0.392928,0.526732,-0.237833,0.910327,-0.338735,F,BuildTutorial
14.189,0.29105,1.421164,2.594532,22.10476758226078,-12.27140825555652,0.0395406344359396,-0.190572,0.104967,-0.020827,-0.975823,0.977096,0.000639,0.212797,-0.080655,0.926497,0.367556,0.407002,1.215527,2.913025,-27.869847010913936,-48.49126244915351,46.38734950463665,-0.358802,-0.279873,0.257633,0.852384,0.710593,0.640042,0.29224,-0.238365,0.609773,-0.755883,0.112865,1.030097,2.69781,-7.25110145568748,-38.21896244855592,23.46330752609807,-0.124934,-0.307745,0.17147,0.927514,0.751782,0.394978,0.528031,-0.241187,0.909979,-0.337294,F,BuildTutorial
14.223,0.287141,1.420842,2.594563,22.219960978338595,-12.018462509817002,0.2083434722376397,-0.191447,0.103075,-0.021947,-0.975829,0.977788,0.003366,0.20957,-0.082299,0.925733,0.369115,0.40813,1.216366,2.91384,-27.79422830668261,-47.91913431551654,46.70913794158462,-0.357772,-0.2749,0.262114,0.853069,0.711453,0.643905,0.281464,-0.250498,0.606592,-0.754518,0.109848,1.029433,2.698479,-7.233048433110837,-38.156489039444295,23.360123135930554,-0.124419,-0.307385,0.170755,0.927835,0.752714,0.393354,0.527915,-0.240377,0.910725,-0.335855,F,BuildTutorial
14.256,0.283243,1.420555,2.594683,22.273693571642312,-11.7159182286014,0.3075230907989666,-0.191875,0.100656,-0.022333,-0.975989,0.978739,0.004966,0.205048,-0.082219,0.925371,0.37004,0.410262,1.217381,2.91491,-27.875316970572708,-47.17774976362956,47.043901513734234,-0.357404,-0.26802,0.266605,0.85402,0.714174,0.646954,0.267218,-0.263788,0.602369,-0.753371,0.107155,1.029717,2.700159,-7.432431041119219,-37.77922004013211,23.435645504238867,-0.125658,-0.303878,0.171204,0.92874,0.756695,0.394377,0.52142,-0.241638,0.909799,-0.337457,F,BuildTutorial
14.289,0.27944,1.420367,2.594896,22.30065248886822,-11.37977423579948,0.4437086395345143,-0.192053,0.098017,-0.022953,-0.976208,0.979732,0.007164,0.200187,-0.082462,0.925178,0.370468,0.413308,1.218363,2.916059,-27.981789929461183,-46.24008775829437,47.084522586731616,-0.356028,-0.260485,0.269417,0.856041,0.719124,0.646744,0.254131,-0.275784,0.601317,-0.749908,0.105003,1.030196,2.702252,-7.670136279977635,-37.26464988911117,23.417823800766826,-0.126753,-0.299283,0.170948,0.930129,0.762413,0.393878,0.513408,-0.242137,0.909421,-0.338118,F,BuildTutorial
14.322,0.275622,1.420171,2.59535,22.31791657663463,-11.000075786488267,0.5947911285928809,-0.19215,0.095033,-0.023618,-0.976468,0.980822,0.009603,0.194669,-0.082645,0.925041,0.370768,0.41719,1.218405,2.916849,-27.87906790515091,-45.73689081113852,47.7022006093548,-0.355521,-0.255208,0.275984,0.855749,0.717403,0.65381,0.240551,-0.290884,0.594876,-0.74934,0.103292,1.030833,2.704383,-7.942064030039979,-36.786757710692406,23.473627674727947,-0.128372,-0.294833,0.171166,0.931287,0.767551,0.394506,0.505203,-0.243112,0.908446,-0.340034,F,BuildTutorial
14.356,0.271962,1.420091,2.595962,22.36316743895513,-10.547536748995114,0.7423560263324307,-0.19251,0.091419,-0.024152,-0.976729,0.982118,0.011982,0.187883,-0.082378,0.924713,0.371645,0.42188,1.217132,2.918353,-27.509717593011565,-45.23377769562049,49.048325237815085,-0.35473,-0.248738,0.288979,0.85369,0.709241,0.669867,0.219671,-0.316927,0.581315,-0.74942,0.101363,1.031623,2.70699,-8.218384566532492,-36.30970528176384,23.488452502676942,-0.129923,-0.29042,0.171053,0.932479,0.772794,0.394471,0.497174,-0.243542,0.907722,-0.341656,F,BuildTutorial
14.389,0.268273,1.420088,2.596902,22.43148648294381,-10.063324557993356,0.8760836349082072,-0.193091,0.08751,-0.024529,-0.976963,0.983481,0.014133,0.18046,-0.081722,0.924228,0.372993,0.427354,1.215749,2.919964,-27.192742628857683,-44.34059345986377,48.908260104153314,-0.350007,-0.243762,0.291863,0.85609,0.710792,0.67036,0.213056,-0.329086,0.584621,-0.741566,0.100473,1.031858,2.709122,-8.449481377097484,-35.787436232224834,23.46881628392321,-0.130958,-0.285756,0.17085,0.933812,0.778308,0.393927,0.488936,-0.24424,0.907321,-0.342222,F,BuildTutorial
14.423,0.264479,1.420027,2.598057,22.535439771295778,-9.592668649346958,0.9814230142893604,-0.194,0.083667,-0.024707,-0.977115,0.984779,0.01582,0.173091,-0.080746,0.923508,0.374985,0.43386,1.213933,2.922552,-26.705975396427927,-42.58147966366737,48.507701532112,-0.341316,-0.233707,0.295941,0.86099,0.7156,0.66914,0.20042,-0.350068,0.591845,-0.726066,0.09918,1.03185,2.711464,-8.425597181497276,-35.300742562346905,23.49967071781045,-0.130114,-0.281797,0.171721,0.934972,0.782205,0.39444,0.482259,-0.247776,0.907165,-0.340087,F,BuildTutorial
14.456,0.260819,1.419807,2.599468,22.665219414130423,-9.157288662570863,1.1483522664809445,-0.195083,0.08023,-0.02548,-0.977168,0.985828,0.018494,0.166739,-0.0811,0.922587,0.377168,0.439544,1.211648,2.923947,-26.44811914980195,-42.27567336290569,49.56340186621312,-0.340866,-0.229287,0.305695,0.858946,0.707956,0.681463,0.185489,-0.368838,0.580723,-0.725755,0.097738,1.031704,2.713626,-8.35708878953437,-34.87212535829507,23.69792701027681,-0.129398,-0.278203,0.174009,0.935724,0.784648,0.397647,0.47561,-0.253651,0.905954,-0.338982,F,BuildTutorial
14.489,0.257402,1.419342,2.600962,22.900950562465592,-8.720663018682341,1.2510053970797363,-0.197121,0.076672,-0.025761,-0.977037,0.986916,0.020111,0.159978,-0.080565,0.92096,0.381238,0.444332,1.209123,2.924203,-26.36863369676285,-43.41191297504096,51.56455864362313,-0.347441,-0.232077,0.317502,0.851245,0.690666,0.701809,0.174484,-0.379277,0.556956,-0.738884,0.09704,1.031264,2.714987,-8.301278600607938,-34.434045973676696,23.68837400065057,-0.128257,-0.27474,0.174572,0.936799,0.788085,0.397552,0.469973,-0.256603,0.90615,-0.336226,F,BuildTutorial
14.522,0.254388,1.419039,2.602603,23.117636019449883,-8.30411020655088,1.2989428265873948,-0.199031,0.073196,-0.025583,-0.976921,0.987976,0.02085,0.153197,-0.079123,0.919464,0.38513,0.448922,1.205493,2.92457,-25.995388585080672,-44.82600811923815,54.12092436882229,-0.354172,-0.236251,0.333423,0.841176,0.66603,0.728281,0.161279,-0.393588,0.526784,-0.753384,0.094733,1.03156,2.716862,-8.30932819654643,-34.02007979603378,23.734908063663724,-0.127801,-0.271287,0.175394,0.937714,0.79128,0.398281,0.463949,-0.259597,0.905807,-0.334847,F,BuildTutorial
14.556,0.25217,1.418896,2.604408,23.21827361462467,-8.00473933818802,1.3660391973236,-0.199914,0.070758,-0.025693,-0.976917,0.988666,0.021909,0.148522,-0.078491,0.918749,0.386963,0.453541,1.199159,2.925508,-24.746920970404965,-47.521509150927386,60.39890533711847,-0.367467,-0.241495,0.37506,0.816075,0.602021,0.789637,0.118511,-0.434672,0.448596,-0.780911,0.092298,1.031381,2.718841,-8.180024561115918,-33.51728736872722,23.53214507995445,-0.125507,-0.267637,0.174625,0.939215,0.795754,0.395201,0.458904,-0.260839,0.907509,-0.329228,F,BuildTutorial
14.589,0.25062,1.4188,2.606719,23.024126236282157,-7.768858467277719,1.2781045469438377,-0.198363,0.068598,-0.024423,-0.97742,0.989396,0.020528,0.143788,-0.074957,0.920111,0.384417,0.456941,1.190764,2.925104,-22.953487081829724,-52.563676204933,68.42002154810704,-0.391505,-0.258553,0.421171,0.776202,0.511531,0.856277,0.071598,-0.451378,0.338678,-0.825563,0.090053,1.030572,2.720325,-7.8980063320075775,-33.11655390234731,23.552561368221344,-0.122649,-0.264857,0.175949,0.940133,0.797786,0.395799,0.454841,-0.265861,0.907998,-0.323816,F,BuildTutorial
14.622,0.249843,1.419157,2.609455,22.898166974478546,-7.655564737339695,1.1902715089038174,-0.197364,0.067483,-0.023408,-0.977725,0.989796,0.019135,0.141199,-0.07241,0.920999,0.382776,0.461535,1.181018,2.925037,-20.79585172274778,-56.144663449111896,72.07169404135456,-0.401073,-0.280604,0.441876,0.751763,0.452015,0.889457,0.067446,-0.439287,0.287773,-0.851007,0.088075,1.029203,2.721662,-7.685890410662407,-32.796752473321305,23.09338422359042,-0.119377,-0.263109,0.173054,0.941581,0.801652,0.388707,0.454159,-0.263071,0.911603,-0.315871,F,BuildTutorial
14.656,0.250074,1.419647,2.612035,23.193798292086175,-7.563715778688176,1.2610749037192912,-0.199864,0.066815,-0.024015,-0.977248,0.989918,0.02023,0.14019,-0.073646,0.918955,0.387424,0.4676,1.172622,2.926551,-19.973468061682027,-57.16408633030796,69.23283121415739,-0.392988,-0.301248,0.423011,0.758862,0.460622,0.878788,0.124736,-0.40524,0.333245,-0.85131,0.086224,1.028014,2.723736,-7.616080212581067,-32.359820335066935,21.997420503725543,-0.115658,-0.260763,0.164659,0.9442,0.80978,0.371261,0.454337,-0.250624,0.919021,-0.304282,F,BuildTutorial
14.689,0.25088,1.420377,2.615308,23.247668082701935,-7.603771038486249,1.3907397851137513,-0.200239,0.067382,-0.02522,-0.977102,0.989647,0.022299,0.141778,-0.076269,0.918537,0.387909,0.474731,1.16425,2.930095,-19.339382416718557,-57.593709364800375,67.83591636176925,-0.387124,-0.311922,0.414908,0.762031,0.461113,0.87385,0.154147,-0.39084,0.355973,-0.848839,0.084216,1.027091,2.72585,-7.384754355151085,-32.09853913882877,21.092497916468652,-0.11134,-0.259902,0.158027,0.946088,0.814956,0.356891,0.456591,-0.24114,0.925261,-0.292818,F,BuildTutorial
14.722,0.252564,1.421067,2.619193,22.97274549927196,-7.90011028285517,1.5134154902953278,-0.197753,0.070125,-0.026628,-0.977378,0.988747,0.024316,0.147609,-0.079786,0.920369,0.382825,0.481859,1.154037,2.933806,-17.446855089347316,-58.47392989659134,68.19508754007033,-0.380236,-0.325584,0.422186,0.755761,0.431508,0.885741,0.171066,-0.390546,0.354359,-0.849649,0.082588,1.026643,2.727291,-7.103614654990118,-32.25129957547543,20.612475491375772,-0.108149,-0.262091,0.154611,0.946418,0.814807,0.349343,0.462654,-0.235964,0.928799,-0.285752,F,BuildTutorial
14.756,0.255263,1.421173,2.622822,22.94293448747985,-8.197625587179092,1.6500507519416676,-0.197342,0.072898,-0.028289,-0.977211,0.987771,0.026517,0.153639,-0.084061,0.920512,0.381565,0.487707,1.145482,2.937926,-16.024762872644622,-58.63168619933264,66.31081570115947,-0.366916,-0.339437,0.41508,0.760174,0.424984,0.880155,0.211463,-0.381976,0.386163,-0.839627,0.081063,1.027452,2.728911,-7.158928932534699,-32.678926340677776,20.166353918953604,-0.108144,-0.265953,0.150386,0.946022,0.813307,0.342059,0.470668,-0.227014,0.931378,-0.284605,F,BuildTutorial
14.789,0.258726,1.420657,2.626578,22.84355217614191,-8.568391019589164,1.7912068000491677,-0.196308,0.076302,-0.03007,-0.977107,0.986548,0.028805,0.160916,-0.08872,0.921118,0.379039,0.49371,1.138916,2.943662,-15.510965450686394,-58.59132702441971,65.48707146240486,-0.361227,-0.344145,0.411851,0.762534,0.423886,0.87673,0.227301,-0.379472,0.399787,-0.834369,0.079816,1.02935,2.731071,-7.812208058563669,-33.07048061991531,19.784961176749224,-0.113115,-0.268503,0.145213,0.945529,0.813639,0.335349,0.474903,-0.213862,0.932237,-0.291887,F,BuildTutorial
14.822,0.26287,1.419926,2.630659,22.80271077257098,-9.095858650942809,1.966864848025668,-0.195695,0.081099,-0.032444,-0.976767,0.984741,0.031639,0.171129,-0.095122,0.921302,0.377035,0.499517,1.133803,2.949738,-15.291418964433603,-58.74466616195111,64.45797226811929,-0.357331,-0.349389,0.405414,0.765429,0.427133,0.870327,0.245131,-0.370937,0.415908,-0.830317,0.079939,1.030843,2.733103,-8.689713656141068,-33.731583074184506,19.18065344731418,-0.119685,-0.273175,0.137305,0.944562,0.813045,0.324776,0.483195,-0.193996,0.933646,-0.301117,F,BuildTutorial
14.856,0.26783,1.419069,2.634605,23.03699197307615,-9.568518692748585,2.250877743516303,-0.197345,0.085617,-0.03583,-0.975931,0.982772,0.036143,0.181255,-0.103727,0.919542,0.379055,0.505029,1.129718,2.956342,-15.091545567336787,-58.90661263701396,63.15999160611354,-0.352688,-0.355387,0.397048,0.769198,0.432107,0.861497,0.266657,-0.360135,0.435929,-0.824784,0.080459,1.031633,2.735334,-9.172634800665326,-34.8002824232989,18.60991178904143,-0.123495,-0.281826,0.130199,0.942534,0.807244,0.315043,0.499104,-0.175826,0.935594,-0.306184,F,BuildTutorial
14.889,0.273414,1.418673,2.638722,23.53020985627604,-10.08196254349029,2.6129915639173937,-0.201097,0.090631,-0.040147,-0.974543,0.980349,0.041799,0.192794,-0.114702,0.915896,0.384679,0.510309,1.126253,2.96347,-15.09708877110822,-59.21173922233845,62.0458386458597,-0.350286,-0.360832,0.388596,0.772071,0.437588,0.852836,0.284936,-0.347258,0.452586,-0.821327,0.082191,1.03205,2.737124,-9.30791994111095,-36.18899700542627,18.621306147542544,-0.126192,-0.293005,0.128411,0.939007,0.795318,0.315107,0.517858,-0.167207,0.935173,-0.31224,F,BuildTutorial
14.922,0.279525,1.417905,2.64278,23.88913962657676,-10.635207907498716,2.8249101846660354,-0.203777,0.095722,-0.043187,-0.973369,0.977945,0.045062,0.203946,-0.123086,0.91322,0.388433,0.515034,1.123293,2.970761,-14.91605591798393,-59.51268121303648,61.1211273847147,-0.347247,-0.366461,0.3822,0.773983,0.43926,0.846137,0.301833,-0.337128,0.466686,-0.817648,0.085389,1.032801,2.738121,-9.158278379163756,-37.86554631665443,18.851471449818263,-0.127464,-0.306689,0.128861,0.934393,0.778673,0.318998,0.540286,-0.16263,0.934295,-0.317244,F,BuildTutorial
14.955,0.285816,1.417392,2.646924,24.07180403851597,-11.271082814524805,2.7140266919826974,-0.205184,0.100929,-0.043521,-0.972532,0.975839,0.043234,0.214173,-0.12607,0.912011,0.390312,0.519077,1.121309,2.97793,-14.620415068897398,-59.825042449106746,59.82575921400285,-0.342259,-0.373732,0.373739,0.776854,0.441287,0.836508,0.32484,-0.324856,0.486356,-0.811127,0.089273,1.034431,2.738422,-9.12181669499618,-39.532287547700946,20.124505819998728,-0.132582,-0.318851,0.137425,0.92837,0.758897,0.339711,0.555583,-0.170615,0.927073,-0.333807,F,BuildTutorial
14.989,0.292372,1.417149,2.651006,24.10489310097429,-11.918211477602824,2.5566330347342148,-0.205362,0.106138,-0.043372,-0.971947,0.973707,0.040717,0.224136,-0.127904,0.911891,0.389994,0.522291,1.119697,2.984222,-14.621135410619472,-60.57273596881136,59.184847950160574,-0.342571,-0.380712,0.367158,0.776466,0.440508,0.831012,0.339664,-0.30933,0.495681,-0.811551,0.094703,1.035482,2.739047,-9.231647710701989,-40.77609294354511,21.22337762566348,-0.138089,-0.327417,0.1445,0.923499,0.743836,0.357316,0.56483,-0.176465,0.920102,-0.349674,F,BuildTutorial
15.022,0.299153,1.417149,2.655113,24.053268448619935,-12.613066129177684,2.397010023109185,-0.204813,0.111745,-0.043217,-0.971441,0.971291,0.038192,0.234809,-0.129739,0.912368,0.388269,0.523703,1.118904,2.990846,-14.506353989451982,-61.29916740702312,58.15641229965153,-0.340701,-0.389178,0.358513,0.77713,0.440018,0.82241,0.360593,-0.292035,0.510782,-0.80859,0.100423,1.035337,2.739736,-9.287172279355644,-42.025222192503406,21.835634108486435,-0.141897,-0.336614,0.147722,0.919095,0.729739,0.367069,0.576837,-0.176011,0.916087,-0.360284,F,BuildTutorial
15.056,0.305794,1.417246,2.659326,23.867602566312225,-13.356009193650037,2.284115567679798,-0.20307,0.117847,-0.04341,-0.971077,0.968455,0.036447,0.246507,-0.132172,0.913756,0.384161,0.524907,1.118042,2.996859,-14.89995515202605,-62.09620035766165,56.7770936180693,-0.340872,-0.397089,0.345063,0.779139,0.446503,0.808418,0.383531,-0.266991,0.529476,-0.805215,0.107595,1.032905,2.739915,-8.925438949993904,-43.13506473157113,22.37843689127457,-0.142103,-0.345475,0.151857,0.915092,0.715174,0.376112,0.589124,-0.17974,0.913493,-0.364999,F,BuildTutorial
15.089,0.312483,1.417078,2.66358,23.62067055145206,-14.138765547824248,2.269665772938027,-0.200691,0.124465,-0.044423,-0.9707,0.96507,0.036285,0.259467,-0.136202,0.915499,0.378564,0.525213,1.11706,3.003473,-15.052553653988516,-62.9514562756009,55.857124912298225,-0.341145,-0.40503,0.335589,0.779071,0.446661,0.799243,0.402126,-0.246547,0.542001,-0.803399,0.113926,1.029241,2.741023,-8.002063635812613,-44.02183515340056,22.706171969740815,-0.137021,-0.35382,0.156423,0.911904,0.700687,0.382247,0.602433,-0.188324,0.913514,-0.360591,F,BuildTutorial
15.122,0.319252,1.416836,2.667758,23.630738411914667,-14.893737349251298,2.3354762542096053,-0.200404,0.130972,-0.046312,-0.969814,0.961403,0.037333,0.2726,-0.142323,0.915387,0.376579,0.525861,1.114879,3.010436,-14.67556405598292,-63.83874277625887,55.27496836188617,-0.339292,-0.414275,0.330687,0.777113,0.438046,0.795081,0.419478,-0.232841,0.551055,-0.801326,0.11963,1.02494,2.743021,-6.7902996219824505,-44.71512575443958,22.928600631051953,-0.129149,-0.361256,0.161416,0.909263,0.686878,0.386851,0.61526,-0.200227,0.914531,-0.351486,F,BuildTutorial
15.156,0.325993,1.416693,2.672015,23.7857112121599,-15.583507969473215,2.43883343347723,-0.20131,0.136978,-0.048565,-0.968686,0.957757,0.038938,0.28493,-0.149238,0.914231,0.376708,0.526575,1.113235,3.017285,-14.904995933821294,-64.58365771644307,54.33752250190264,-0.339423,-0.421208,0.321085,0.777355,0.438976,0.78513,0.436889,-0.213259,0.563393,-0.798191,0.125999,1.021225,2.744699,-5.77781397483669,-45.346880547790754,22.78416648374103,-0.121632,-0.368218,0.16298,0.907226,0.675706,0.385293,0.628467,-0.206144,0.917286,-0.34072,F,BuildTutorial
15.189,0.332463,1.416562,2.67629,23.81441120234869,-16.31091776192909,2.3181094937728313,-0.201391,0.14291,-0.048856,-0.967797,0.954379,0.037004,0.296295,-0.152128,0.914109,0.375848,0.527193,1.112359,3.024246,-15.460243975290172,-64.82717532074228,52.15189672601056,-0.335469,-0.427178,0.302946,0.783073,0.451485,0.761067,0.465766,-0.187847,0.591369,-0.784217,0.132284,1.01914,2.746372,-5.1224607303656375,-45.89027473460861,22.36228687395352,-0.115891,-0.374088,0.1613,0.905875,0.668081,0.378942,0.640368,-0.205528,0.921104,-0.330646,F,BuildTutorial
15.222,0.338564,1.416253,2.680517,23.79146760407538,-17.043419363032346,2.0794153005416804,-0.201191,0.148677,-0.0481,-0.967008,0.951163,0.033202,0.306898,-0.152851,0.914417,0.374804,0.527396,1.109405,3.02976,-15.107566658486784,-66.10092382508552,51.97889958881211,-0.335957,-0.437688,0.299669,0.778307,0.437257,0.760556,0.479959,-0.17238,0.594664,-0.785277,0.139117,1.019352,2.747616,-5.139006057354929,-45.95480337998043,22.370977773086896,-0.11614,-0.374561,0.161247,0.905657,0.667407,0.379072,0.640994,-0.205066,0.921022,-0.331159,F,BuildTutorial
15.255,0.344346,1.415523,2.684272,23.83012428711072,-17.770732044161374,1.8895389755719083,-0.201464,0.154473,-0.047825,-0.966055,0.947702,0.03016,0.31773,-0.154644,0.91425,0.374476,0.527518,1.105541,3.03557,-14.318999342711445,-66.75698084764726,51.28589982954335,-0.330059,-0.447074,0.296747,0.776613,0.424133,0.756036,0.498519,-0.165794,0.606005,-0.777991,0.145277,1.020585,2.749137,-5.449912610193245,-45.92920222973186,22.19917761833983,-0.117982,-0.374004,0.158855,0.906072,0.669772,0.37612,0.640265,-0.199617,0.921691,-0.332625,F,BuildTutorial
15.288,0.350011,1.414563,2.687434,24.07173829077054,-18.471106450066877,1.6861424306784856,-0.203489,0.159977,-0.047667,-0.964742,0.944271,0.026865,0.328072,-0.157079,0.91264,0.377378,0.527688,1.101835,3.041748,-14.04257733543551,-67.54547409925685,50.5872391149512,-0.3276,-0.455423,0.291056,0.774954,0.415752,0.749503,0.515165,-0.152716,0.61593,-0.772858,0.151434,1.021538,2.750306,-5.947628146335943,-46.00634756959425,21.977254915640856,-0.121267,-0.373998,0.155319,0.906254,0.672004,0.372223,0.640204,-0.190809,0.922341,-0.335975,F,BuildTutorial
15.322,0.35553,1.413577,2.690224,24.284150726645983,-19.130685618474345,1.4659881609135983,-0.205317,0.165095,-0.047282,-0.963511,0.941016,0.02332,0.337558,-0.158907,0.911219,0.380038,0.528551,1.101063,3.047669,-15.073701748644377,-67.40956075911971,48.30875076839611,-0.32467,-0.457305,0.271061,0.782297,0.434797,0.721046,0.539486,-0.127154,0.642231,-0.755891,0.155254,1.022366,2.751435,-6.3111821336313545,-46.315269372251905,21.678890118601547,-0.123553,-0.376142,0.151381,0.905724,0.671202,0.367167,0.643954,-0.181272,0.923637,-0.337692,F,BuildTutorial
15.355,0.36034,1.412739,2.69287,24.372443288052,-19.817459834319585,1.4553665159980094,-0.205788,0.170829,-0.04855,-0.962347,0.936921,0.023136,0.348775,-0.163754,0.910589,0.379491,0.529045,1.098884,3.052767,-15.194336342573989,-67.79576078187208,47.27752886428157,-0.322192,-0.462432,0.262349,0.783277,0.43466,0.708967,0.555371,-0.113,0.654731,-0.747367,0.158814,1.022377,2.751901,-6.437690546233519,-46.901407325285405,21.18350089996015,-0.123668,-0.381094,0.146397,0.904457,0.666671,0.359077,0.653156,-0.170561,0.926549,-0.335286,F,BuildTutorial
15.389,0.364831,1.412088,2.695075,24.52523629184607,-20.544823931412317,1.4582206412175795,-0.206754,0.176905,-0.050108,-0.960961,0.932388,0.023152,0.360718,-0.169455,0.909484,0.379636,0.529089,1.095495,3.057905,-14.743703304036636,-68.45236658291681,47.57520230547374,-0.322068,-0.467634,0.264703,0.779438,0.422501,0.713859,0.558478,-0.11142,0.652409,-0.749632,0.16157,1.022776,2.751878,-6.472042141303712,-47.6909653076293,21.040739993865976,-0.124459,-0.387415,0.144296,0.901997,0.658177,0.356744,0.662976,-0.163875,0.927377,-0.336328,F,BuildTutorial
15.422,0.369079,1.411466,2.696848,24.70946531293354,-21.212472618955285,1.3357529868073073,-0.208198,0.182235,-0.050571,-0.959628,0.928466,0.021178,0.370813,-0.172941,0.908192,0.381154,0.529485,1.093148,3.062812,-14.89478163772274,-68.59429514740434,46.65471688893308,-0.319575,-0.470658,0.257307,0.781119,0.424549,0.702795,0.570822,-0.101154,0.66333,-0.741459,0.163931,1.023623,2.751299,-6.500733705566121,-48.48904024750437,21.047432108628012,-0.125707,-0.393633,0.143375,0.899275,0.648994,0.356832,0.671921,-0.158903,0.927283,-0.338965,F,BuildTutorial
15.456,0.373066,1.411005,2.698397,24.79083476857773,-21.826198567578984,1.1364777343151102,-0.208931,0.186988,-0.050148,-0.958576,0.925041,0.018005,0.37944,-0.174276,0.907667,0.381798,0.530057,1.092648,3.067861,-15.883255356361875,-68.50400876700915,45.78085526838041,-0.322035,-0.469117,0.246788,0.784423,0.438051,0.689315,0.577023,-0.085028,0.670779,-0.736767,0.1662,1.024759,2.75027,-6.6194781974327075,-49.37030158309538,21.309288880143512,-0.12864,-0.400048,0.144017,0.89592,0.638442,0.36098,0.679769,-0.155131,0.925422,-0.34573,F,BuildTutorial
15.489,0.376702,1.410827,2.699915,24.667676880042904,-22.462088958642937,0.9643854811534236,-0.207908,0.192027,-0.049666,-0.957827,0.921318,0.015295,0.388509,-0.17499,0.908615,0.379206,0.529774,1.091535,3.072337,-16.30652546642182,-68.4092000732044,44.75447571412714,-0.320308,-0.469911,0.237951,0.787379,0.445125,0.675748,0.587562,-0.073683,0.681564,-0.728039,0.167993,1.025709,2.749628,-6.808870045571388,-49.973911216362325,21.287215979381617,-0.130781,-0.40447,0.142464,0.89387,0.632216,0.360483,0.685825,-0.148896,0.925201,-0.349047,F,BuildTutorial
15.521,0.379916,1.410708,2.701399,24.501274655263146,-23.12874858760984,0.851370155917376,-0.20642,0.197443,-0.049649,-0.957049,0.917103,0.013521,0.398422,-0.176546,0.909851,0.375503,0.529265,1.090009,3.076087,-16.63733902701817,-68.79883464285027,44.30193698583486,-0.321342,-0.472745,0.232132,0.786999,0.445254,0.6692,0.594912,-0.061549,0.685709,-0.725269,0.170547,1.025565,2.748669,-6.82938247547741,-50.44779751151235,21.17967961351741,-0.131144,-0.408252,0.141008,0.892327,0.626894,0.358729,0.691605,-0.14457,0.925836,-0.34918,F,BuildTutorial
15.555,0.382907,1.410431,2.702546,24.467144418503132,-23.72151951354638,0.7184842103492575,-0.20611,0.202163,-0.049548,-0.956135,0.91335,0.011414,0.407015,-0.178085,0.910128,0.374104,0.528449,1.08808,3.079927,-16.900731884641484,-68.90273935231193,43.56410100783415,-0.320168,-0.474647,0.225474,0.788267,0.447744,0.659401,0.603917,-0.051534,0.693307,-0.718797,0.173156,1.025033,2.74719,-6.700733068501248,-50.90337211177898,21.054508162570507,-0.130264,-0.412153,0.139997,0.890821,0.621061,0.356803,0.697836,-0.142047,0.926864,-0.347485,F,BuildTutorial
15.589,0.385822,1.410085,2.703664,24.486737091416813,-24.267101936498378,0.6298657059985487,-0.206195,0.206547,-0.049825,-0.955165,0.909711,0.010004,0.415121,-0.18036,0.910002,0.373318,0.527077,1.085896,3.082965,-17.067793199367937,-69.36575790540275,43.094655223093795,-0.320174,-0.47859,0.220127,0.787391,0.444992,0.653116,0.612717,-0.040188,0.698066,-0.714905,0.175435,1.024448,2.745998,-6.634082848775892,-51.265346925286586,20.73259537368343,-0.129027,-0.415439,0.137338,0.889888,0.617098,0.351637,0.703948,-0.137225,0.928981,-0.34375,F,BuildTutorial
15.622,0.388473,1.409803,2.704806,24.495637389529023,-24.807299923431728,0.6069694650047913,-0.206074,0.211003,-0.050622,-0.954174,0.90583,0.00964,0.423532,-0.18357,0.909942,0.371898,0.5255,1.083103,3.08531,-16.748430720533456,-69.85936518557217,42.544840289571056,-0.316782,-0.484551,0.216568,0.786103,0.436618,0.647483,0.624604,-0.033495,0.705495,-0.707923,0.177477,1.024008,2.744602,-6.601706876145959,-51.542594473035265,20.3546170467524,-0.127732,-0.418067,0.134216,0.88932,0.614412,0.345523,0.709304,-0.131921,0.931341,-0.339411,F,BuildTutorial
15.655,0.390688,1.409547,2.706014,24.475901842707433,-25.349778710338455,0.4589572045225102,-0.205946,0.215259,-0.050329,-0.953266,0.902261,0.00729,0.431129,-0.184618,0.910106,0.370975,0.524226,1.080101,3.086699,-16.36177892912284,-70.40493537684914,42.41247833513592,-0.314803,-0.489903,0.21609,0.783709,0.426601,0.64715,0.63183,-0.030258,0.708408,-0.705154,0.178999,1.023966,2.743117,-6.566895939562313,-51.88639698859317,20.123480391139775,-0.127018,-0.421046,0.132174,0.888322,0.610501,0.341786,0.714473,-0.127864,0.932793,-0.336968,F,BuildTutorial
15.689,0.392481,1.409367,2.707116,24.489185572257636,-25.83346160944781,0.1189269948138121,-0.206492,0.218664,-0.048397,-0.952473,0.899688,0.001889,0.43653,-0.182498,0.910038,0.372191,0.523194,1.078018,3.08729,-16.043511077199895,-70.98596287570787,41.88123391026097,-0.311592,-0.496342,0.212472,0.781928,0.417001,0.641588,0.643798,-0.022963,0.715532,-0.698203,0.180394,1.023903,2.741414,-6.542010221083558,-52.25007824732701,20.10342680635556,-0.127172,-0.423925,0.131711,0.886999,0.60588,0.341478,0.718542,-0.125833,0.932959,-0.337274,F,BuildTutorial
15.722,0.393931,1.408965,2.707972,24.592214201458876,-26.229457067262484,-0.2326306702792315,-0.207859,0.221275,-0.04639,-0.951672,0.897771,-0.003691,0.440447,-0.180284,0.909285,0.375097,0.522618,1.076631,3.087531,-15.700348363421543,-71.32116071944803,41.55462135554182,-0.308622,-0.500595,0.21107,0.780773,0.409708,0.638585,0.65142,-0.020607,0.720403,-0.693249,0.180891,1.023843,2.740073,-6.496679018360287,-52.64523840862919,19.99594597229217,-0.126878,-0.427172,0.130617,0.885644,0.600927,0.339758,0.7235,-0.122963,0.933682,-0.33633,F,BuildTutorial
15.755,0.395223,1.40847,2.708727,24.732204343728295,-26.508630230263872,-0.544183765288343,-0.209514,0.222962,-0.044585,-0.951002,0.8966,-0.008626,0.442757,-0.178229,0.908232,0.378615,0.52241,1.076246,3.08826,-15.489745766699611,-71.44695065504084,41.42683894959476,-0.306963,-0.502455,0.210927,0.780271,0.406098,0.637631,0.654608,-0.02069,0.722567,-0.690991,0.181359,1.023411,2.738712,-6.393017495599837,-53.02685659324388,19.98574429413836,-0.126482,-0.430293,0.13052,0.884203,0.595626,0.33966,0.727916,-0.121963,0.933934,-0.335995,F,BuildTutorial
15.789,0.396105,1.408001,2.709355,24.885633728208365,-26.688214419896095,-0.7640336780475385,-0.211146,0.223975,-0.043393,-0.950458,0.895904,-0.012097,0.444083,-0.177069,0.907069,0.381933,0.523039,1.076248,3.089347,-15.218463547592002,-70.89795166864496,41.07707631025561,-0.3027,-0.500485,0.21137,0.783078,0.409675,0.634031,0.655874,-0.028044,0.727391,-0.68565,0.181921,1.02274,2.737661,-6.256439241635653,-53.32382822784525,20.12437067311789,-0.126301,-0.432644,0.131796,0.882891,0.590898,0.34201,0.730663,-0.123436,0.933356,-0.337062,F,BuildTutorial
15.833,0.397113,1.407545,2.70981,25.065442433377505,-26.73535582833974,-0.92809967686217,-0.212939,0.223973,-0.042476,-0.9501,0.896064,-0.014671,0.443683,-0.176099,0.905706,0.385599,0.524345,1.077769,3.090105,-15.468790383503082,-70.48722994403086,41.316368049722634,-0.304574,-0.496262,0.212839,0.784639,0.416848,0.6363,0.649122,-0.031706,0.723869,-0.689209,0.182842,1.021699,2.736805,-6.10615558192524,-53.54110181762103,20.07953426757493,-0.125235,-0.434602,0.131803,0.88208,0.587498,0.341376,0.733696,-0.123667,0.933889,-0.335497,F,BuildTutorial
15.866,0.397507,1.407598,2.70993,25.122477159465365,-26.64550839390958,-0.9786073363081152,-0.213543,0.223105,-0.042003,-0.950189,0.89692,-0.015462,0.441922,-0.175107,0.905271,0.38707,0.525689,1.07946,3.090041,-15.63917476358899,-70.52414922830074,41.20682034506555,-0.305253,-0.496274,0.211137,0.784828,0.418267,0.634391,0.650078,-0.028434,0.724483,-0.688706,0.18332,1.021253,2.736818,-6.016142161190633,-53.518506704757506,20.151647952220003,-0.124796,-0.43449,0.132737,0.882057,0.587198,0.342608,0.733361,-0.125718,0.933614,-0.3355,F,BuildTutorial
15.899,0.397705,1.407852,2.709957,25.0502359223285,-26.480797582352288,-0.8879533823034546,-0.212829,0.221944,-0.042306,-0.950608,0.897903,-0.014039,0.43997,-0.174905,0.905828,0.385854,0.527372,1.081095,3.090518,-15.784587551566135,-70.2498930272433,41.39737360077053,-0.306495,-0.49343,0.212447,0.785783,0.422787,0.636342,0.645229,-0.031408,0.721854,-0.691332,0.183232,1.02138,2.73756,-6.017575014542983,-53.43036587964985,20.239133810095865,-0.125036,-0.433714,0.133501,0.88229,0.58814,0.344033,0.731938,-0.127114,0.933087,-0.336439,F,BuildTutorial
15.933,0.397729,1.40814,2.709879,24.89690050569436,-26.277342550401062,-0.7424212917286789,-0.211352,0.2206,-0.042837,-0.951226,0.899001,-0.011753,0.437789,-0.174744,0.906991,0.383188,0.528907,1.08242,3.090482,-15.646956583204195,-70.14885321959453,41.914861755476856,-0.307654,-0.491785,0.216952,0.78513,0.422159,0.643271,0.638737,-0.038072,0.716561,-0.696484,0.183526,1.021704,2.738336,-6.129489646023596,-53.28916536126166,20.262332630874266,-0.125813,-0.432425,0.133395,0.882828,0.59043,0.344339,0.729948,-0.126721,0.932754,-0.337509,F,BuildTutorial
15.966,0.397735,1.408479,2.709563,24.789632095053936,-25.99921450340324,-0.6590010787860325,-0.210406,0.218495,-0.04281,-0.951923,0.900854,-0.010442,0.433996,-0.173449,0.907793,0.381873,0.530774,1.084113,3.090301,-15.53564669738796,-70.00458347021629,42.9128346833771,-0.310937,-0.488459,0.224727,0.783724,0.421811,0.656008,0.625883,-0.048488,0.705632,-0.706917,0.183345,1.022227,2.739565,-6.23895900431002,-53.08702742204208,20.452472266911833,-0.127128,-0.430484,0.134655,0.883397,0.593103,0.347362,0.72634,-0.128455,0.931413,-0.340543,F,BuildTutorial
16.0,0.397574,1.408902,2.70925,24.68913594539067,-25.688440230548505,-0.6355118469989339,-0.209642,0.216002,-0.042243,-0.952685,0.903118,-0.010077,0.429275,-0.171056,0.908531,0.381196,0.533438,1.087467,3.090278,-15.622322986168436,-69.42118606155607,43.22745625520787,-0.311669,-0.483329,0.228037,0.785655,0.428784,0.659595,0.617316,-0.05704,0.701723,-0.710163,0.183797,1.022918,2.740899,-6.423817947018183,-52.828015027682234,20.60399747201414,-0.128802,-0.428021,0.135392,0.884238,0.596935,0.349698,0.722067,-0.129178,0.930158,-0.343685,F,BuildTutorial
16.033,0.397209,1.409472,2.708865,24.563107829834063,-25.33978330781422,-0.7094183487494702,-0.208859,0.213025,-0.040753,-0.953592,0.905919,-0.01126,0.423301,-0.166708,0.909434,0.380969,0.536844,1.092597,3.0898,-16.425305478239213,-68.56467878575133,43.56890253707224,-0.316497,-0.473879,0.228782,0.789257,0.446195,0.661098,0.603208,-0.061172,0.694977,-0.716425,0.183663,1.023759,2.742311,-6.604270442846832,-52.618853015530064,20.800312935503246,-0.130664,-0.425892,0.136443,0.884831,0.599999,0.352755,0.718029,-0.13016,0.928621,-0.347451,F,BuildTutorial
16.066,0.396787,1.410106,2.708469,24.4312796714097,-24.90506628756719,-0.8032232826257656,-0.208086,0.209295,-0.038935,-0.954662,0.90936,-0.012764,0.415815,-0.161442,0.910368,0.381007,0.54153,1.100569,3.087987,-18.039827152083095,-67.59548424077151,43.943896559946616,-0.326374,-0.460735,0.226203,0.793748,0.473111,0.65984,0.583762,-0.058351,0.684625,-0.726556,0.183273,1.024876,2.744027,-6.797418550753186,-52.33237245767699,21.16561004248121,-0.133149,-0.422941,0.138847,0.885502,0.603685,0.358526,0.712056,-0.13327,0.925986,-0.353254,F,BuildTutorial
16.099,0.396428,1.410686,2.707942,24.339885958659412,-24.341811015622294,-0.9196576065235706,-0.207721,0.20443,-0.036775,-0.955881,0.913712,-0.014624,0.406099,-0.155234,0.910999,0.382078,0.54606,1.108398,3.083946,-19.312281960489507,-67.00184496367257,44.58649716378458,-0.33583,-0.4504,0.226186,0.795738,0.491959,0.662484,0.564881,-0.057453,0.672117,-0.738213,0.182986,1.025965,2.745823,-7.0036626439224285,-51.98214154143611,21.454008823335673,-0.135359,-0.41955,0.140693,0.886488,0.608366,0.363025,0.705764,-0.135866,0.923767,-0.358043,F,BuildTutorial
16.133,0.395955,1.411317,2.707533,24.2705626468185,-23.540395992938,-1.115433315286415,-0.207732,0.197416,-0.033564,-0.95747,0.919801,-0.017747,0.391984,-0.146292,0.911441,0.384543,0.551143,1.116747,3.078224,-20.674059107211963,-66.32193187973803,45.44202227992778,-0.346401,-0.438336,0.227557,0.79755,0.512159,0.666655,0.541539,-0.059295,0.656449,-0.752036,0.182695,1.02714,2.747973,-7.208362135375586,-51.41881450890079,21.675550892057657,-0.137037,-0.414577,0.142296,0.888313,0.615756,0.366431,0.697548,-0.139182,0.921946,-0.361448,F,BuildTutorial
16.166,0.396125,1.411781,2.706954,24.194844450455616,-22.541628305382,-1.2620691732621014,-0.207625,0.188831,-0.030397,-0.959328,0.926837,-0.020091,0.374925,-0.136733,0.911936,0.386881,0.556914,1.125383,3.070803,-22.344593591647214,-65.60176069728136,45.72332556532401,-0.356547,-0.426432,0.223656,0.80063,0.536267,0.662217,0.523341,-0.054045,0.645705,-0.761672,0.182132,1.028174,2.750596,-7.418234068514668,-50.75404387884431,22.075065145668862,-0.139247,-0.408574,0.145404,0.890245,0.62385,0.372675,0.686968,-0.145105,0.918936,-0.366744,F,BuildTutorial
16.199,0.396595,1.411982,2.706232,24.249680960369083,-21.262188061685613,-1.5048150067522812,-0.208788,0.177643,-0.026128,-0.961337,0.935521,-0.023945,0.352459,-0.124414,0.91145,0.392149,0.563318,1.133198,3.062079,-23.75381493745852,-64.82906638426583,46.664608351989905,-0.367296,-0.412855,0.225895,0.802257,0.557045,0.665732,0.49649,-0.059173,0.62813,-0.775855,0.18166,1.029046,2.753722,-7.52286601020528,-49.971291028608825,22.1396585397349,-0.139283,-0.402222,0.146467,0.892953,0.63353,0.373623,0.67753,-0.149531,0.918295,-0.366572,F,BuildTutorial
16.233,0.397344,1.412241,2.705324,24.338287836378093,-19.646500635054537,-1.7469026667235283,-0.210226,0.16359,-0.021277,-0.963634,0.945571,-0.027775,0.324229,-0.109788,0.910705,0.3982,0.570429,1.140121,3.051555,-24.798940819696575,-63.82054212257509,47.57010380675823,-0.375006,-0.398899,0.23051,0.804435,0.57549,0.670039,0.468891,-0.071682,0.612472,-0.787235,0.180881,1.030014,2.757289,-7.593222881707138,-48.97934387125828,22.37543256050501,-0.139365,-0.394068,0.149255,0.896109,0.644867,0.377337,0.664653,-0.157659,0.9166,-0.367407,F,BuildTutorial
16.266,0.39845,1.412432,2.704432,24.368033865939516,-17.787343010343537,-1.9911967221730056,-0.211109,0.147473,-0.015844,-0.966144,0.956002,-0.03165,0.291649,-0.092881,0.910364,0.403251,0.578885,1.147497,3.038483,-26.475742485510136,-62.78657214867941,47.60561089275834,-0.383493,-0.385046,0.226216,0.808393,0.601131,0.661069,0.449032,-0.070418,0.603518,-0.794234,0.181568,1.030823,2.760751,-7.827286439735555,-47.77131332968694,22.60815848642814,-0.140381,-0.383899,0.15171,0.899944,0.659212,0.380845,0.64838,-0.165277,0.914555,-0.369152,F,BuildTutorial
16.299,0.399848,1.412721,2.703548,24.399276247886984,-15.61989401576897,-2.332062291951326,-0.212018,0.128531,-0.009004,-0.968735,0.966797,-0.037056,0.252843,-0.071948,0.909935,0.408464,0.588858,1.154725,3.024292,-28.53429673162491,-60.99140923075013,47.354857999542546,-0.391986,-0.365143,0.220826,0.815018,0.635814,0.646215,0.422074,-0.073692,0.595166,-0.800217,0.181692,1.03199,2.764899,-8.0486092037478,-46.50558915727742,22.75134476149007,-0.140889,-0.373361,0.153611,0.903967,0.674011,0.382923,0.631727,-0.172513,0.913108,-0.369422,F,BuildTutorial
16.333,0.402713,1.412341,2.701304,24.306463651448944,-13.103474077263405,-2.652723802673727,-0.211678,0.106672,-0.001534,-0.9715,0.977238,-0.042179,0.207912,-0.048141,0.91038,0.410963,0.599899,1.160924,3.009051,-30.380006753543253,-58.898847457934146,47.25515033322816,-0.399204,-0.343256,0.218786,0.82155,0.668616,0.633546,0.389323,-0.085429,0.585538,-0.806131,0.182192,1.033054,2.769443,-8.190866103161177,-45.045809880533376,22.91352448905101,-0.140547,-0.361358,0.156198,0.908443,0.690045,0.385369,0.612641,-0.182219,0.911698,-0.368244,F,BuildTutorial
16.366,0.404779,1.413103,2.700566,24.22374594517684,-10.319871029051892,-2.883227772703125,-0.211117,0.082649,0.005634,-0.973944,0.986275,-0.045872,0.158611,-0.023922,0.910796,0.412164,0.611949,1.165961,2.992434,-32.079145362776984,-56.75239811647806,47.19734346172251,-0.405625,-0.321239,0.218182,0.827448,0.698404,0.621674,0.354617,-0.100464,0.57573,-0.811445,0.182318,1.034399,2.775128,-8.34300174420598,-43.37528429447737,22.966586460588896,-0.139615,-0.347733,0.158156,0.913551,0.708137,0.386066,0.591182,-0.19187,0.910988,-0.365084,F,BuildTutorial
16.399,0.407505,1.4138,2.699253,24.10754214535129,-7.248171978085424,-3.057648021125525,-0.209987,0.056234,0.012844,-0.976001,0.993346,-0.048687,0.104375,0.001454,0.911481,0.41134,0.625471,1.17027,2.974974,-33.83357850331987,-53.67248325801129,46.85484153112266,-0.409961,-0.293072,0.218883,0.835543,0.732399,0.606068,0.310281,-0.125476,0.568045,-0.813376,0.184287,1.035634,2.780653,-8.619163510229464,-41.491956022167166,22.69763278346237,-0.138407,-0.332489,0.157404,0.919521,0.72935,0.381509,0.56789,-0.197434,0.912135,-0.359206,F,BuildTutorial
16.433,0.410494,1.414468,2.69764,23.983031533960627,-3.95773640920626,-3.138159095077828,-0.20849,0.028079,0.019597,-0.977425,0.997655,-0.050018,0.046718,0.026601,0.912296,0.408667,0.639767,1.173357,2.957433,-35.2186241320283,-50.12970563428722,46.378448468598755,-0.410897,-0.263263,0.222165,0.844096,0.76267,0.591406,0.261866,-0.158709,0.563613,-0.810649,0.187398,1.037175,2.786321,-8.95289921650363,-39.32302825074341,22.84731011889672,-0.13848,-0.314234,0.160205,0.925427,0.751183,0.383547,0.53723,-0.209487,0.910315,-0.35699,F,BuildTutorial
16.466,0.413767,1.414894,2.695499,23.866653047359033,-0.6034969132617182,-3.1198250466986894,-0.206834,-0.000478,0.025545,-0.978042,0.998694,-0.049772,-0.011502,0.050167,0.913134,0.404561,0.654715,1.175798,2.938813,-36.61587770056606,-46.321134061757654,45.89088388983278,-0.411528,-0.231263,0.226519,0.851969,0.790413,0.576317,0.20762,-0.195631,0.558667,-0.80599,0.191932,1.039054,2.792465,-9.455070421605772,-36.81929255459052,22.687245914689193,-0.138578,-0.293205,0.160472,0.932243,0.77656,0.38046,0.5022,-0.217933,0.91009,-0.352479,F,BuildTutorial
16.499,0.417153,1.415246,2.692985,23.785972431816138,2.808917385591133,-3.066598423705857,-0.205307,-0.029488,0.031225,-0.977755,0.996311,-0.048952,-0.070486,0.073169,0.913748,0.399638,0.67003,1.177756,2.919021,-38.24129033070058,-42.05973689551806,44.97601954709706,-0.412178,-0.196332,0.22871,0.859799,0.818291,0.555137,0.149075,-0.231442,0.555602,-0.798587,0.196471,1.041394,2.799376,-10.084494744949918,-34.22825230089548,22.502659728071585,-0.139579,-0.271114,0.160385,0.938771,0.801548,0.376813,0.464256,-0.225446,0.909589,-0.349031,F,BuildTutorial
16.533,0.420373,1.415479,2.690228,23.711129342535003,6.130474098446937,-2.9861674761886023,-0.203718,-0.05766,0.036446,-0.97665,0.990694,-0.047698,-0.127477,0.094684,0.914341,0.39372,0.685129,1.178987,2.899033,-39.666318021161125,-37.298711054816515,43.953499792397984,-0.41068,-0.158647,0.232938,0.867129,0.841142,0.534281,0.08381,-0.273668,0.554164,-0.786135,0.20225,1.043788,2.805902,-10.7745416304577,-31.635564478425177,22.386214206003757,-0.141292,-0.248678,0.160836,0.944631,0.824583,0.374133,0.424368,-0.233588,0.908337,-0.34693,F,BuildTutorial
16.566,0.423771,1.415724,2.686981,23.633848013977616,9.526802425729809,-2.9088281537801945,-0.201949,-0.086435,0.041758,-0.97468,0.981571,-0.04649,-0.185359,0.116312,0.914946,0.386453,0.699661,1.179541,2.87817,-41.08349718684447,-32.54181076130384,43.367718850134,-0.40994,-0.119343,0.240779,0.871626,0.855566,0.517585,0.010635,-0.321891,0.547949,-0.772099,0.208297,1.046432,2.812573,-11.506255509780486,-28.949647019488783,22.201494477528897,-0.143127,-0.225355,0.160897,0.95018,0.846655,0.370272,0.382198,-0.241254,0.907253,-0.344511,F,BuildTutorial
16.599,0.427099,1.4159,2.683567,23.588906577613432,12.84043279471303,-2.6972353280278742,-0.200487,-0.114209,0.045744,-0.971941,0.969728,-0.043126,-0.24035,0.134716,0.915425,0.379275,0.712679,1.179027,2.857774,-41.90997094615682,-27.61567749148074,42.374961029675944,-0.404377,-0.082294,0.248178,0.876422,0.863271,0.501573,-0.056466,-0.368461,0.549774,-0.749657,0.21536,1.048845,2.819616,-12.186561012361476,-26.140963227498776,21.807829607247484,-0.144068,-0.201253,0.159649,0.955643,0.868019,0.363124,0.338651,-0.247147,0.907513,-0.339615,F,BuildTutorial
16.632,0.430188,1.415981,2.679917,23.557990492296263,15.977933725786668,-2.528511741023579,-0.199105,-0.140483,0.049754,-0.96858,0.955578,-0.04044,-0.29195,0.152323,0.915763,0.371719,0.724133,1.177515,2.836564,-42.59470331465296,-23.080599746983545,41.63743517397921,-0.398878,-0.047746,0.256528,0.879096,0.863828,0.489115,-0.120699,-0.412935,0.550181,-0.7258,0.221629,1.051806,2.826693,-12.842851410270718,-23.66954192477491,21.913338021477585,-0.146204,-0.179283,0.16234,0.959233,0.883007,0.363868,0.296479,-0.25902,0.90454,-0.338697,F,BuildTutorial
16.666,0.432968,1.416069,2.67608,23.551245829328092,18.859489917764968,-2.3623091667951077,-0.197973,-0.164506,0.053336,-0.964832,0.940186,-0.037786,-0.338559,0.168057,0.915924,0.364473,0.732245,1.176034,2.817679,-43.47370441062881,-18.865021413276132,40.22003385538808,-0.395405,-0.01734,0.258064,0.881338,0.866205,0.468596,-0.173514,-0.44117,0.554115,-0.705922,0.229307,1.053999,2.833893,-13.278306959904436,-20.964665403909176,21.98802624336163,-0.146063,-0.155715,0.165618,0.962803,0.896647,0.364403,0.251464,-0.273426,0.902473,-0.332838,F,BuildTutorial
16.699,0.435376,1.415958,2.672299,23.563679839578832,21.4111197351806,-2.2165917282692846,-0.197077,-0.185695,0.056528,-0.96098,0.924644,-0.035452,-0.379179,0.181837,0.915931,0.35778,0.738192,1.173945,2.800453,-43.8314784907875,-15.057557372488946,38.671993527343005,-0.389401,0.007819,0.258386,0.884049,0.866351,0.450763,-0.215056,-0.462942,0.563208,-0.684458,0.237365,1.055515,2.840168,-13.489368018959308,-18.390522655885665,21.78142677976411,-0.143831,-0.133931,0.166788,0.966208,0.908489,0.36083,0.210832,-0.283777,0.902989,-0.322617,F,BuildTutorial
16.732,0.437311,1.415576,2.668452,23.6859520043253,23.661985387309773,-2.1845073917490994,-0.197009,-0.204454,0.06033,-0.956947,0.909118,-0.034907,-0.415073,0.196024,0.915096,0.352384,0.741562,1.171308,2.784629,-43.540068542678135,-12.61390862341436,37.81338900188918,-0.381806,0.022933,0.260552,0.88646,0.863174,0.444426,-0.239618,-0.479449,0.572674,-0.664961,0.244502,1.057501,2.846004,-13.690388521211194,-16.130295595155392,22.11382155489803,-0.142533,-0.114081,0.172122,0.96801,0.914719,0.365752,0.171798,-0.30071,0.900117,-0.315219,F,BuildTutorial
16.766,0.438857,1.415089,2.664817,23.869048983603246,25.645487484997822,-2.171440171769582,-0.197486,-0.22092,0.063963,-0.952944,0.894206,-0.03465,-0.446313,0.209165,0.913816,0.348125,0.743308,1.168373,2.771237,-42.920780389929824,-10.678930646505007,37.982370059975054,-0.372626,0.036651,0.269355,0.887274,0.85221,0.450669,-0.265775,-0.505297,0.577196,-0.641498,0.251459,1.059393,2.850793,-14.074538533394906,-14.182301694629414,22.32333046799951,-0.142995,-0.096666,0.175812,0.969174,0.919492,0.36843,0.137092,-0.313139,0.897285,-0.311164,F,BuildTutorial
16.8,0.44013,1.414683,2.661436,24.10213040253199,27.435180929184646,-2.1171782302373328,-0.198509,-0.235618,0.067054,-0.94899,0.879976,-0.033722,-0.473819,0.220811,0.912196,0.345169,0.744074,1.165709,2.760106,-42.26801988718475,-8.956186125777863,38.16399777358162,-0.363507,0.048687,0.277397,0.887999,0.841361,0.457261,-0.28814,-0.528053,0.581827,-0.618577,0.257679,1.061821,2.854863,-14.615203424227865,-12.292321395755208,22.153691496096886,-0.144512,-0.07992,0.176105,0.970421,0.9252,0.364891,0.104213,-0.318694,0.896207,-0.308623,F,BuildTutorial
16.833,0.440937,1.414231,2.658308,24.3506543308062,28.997734544922626,-2.025867254057028,-0.199829,-0.248301,0.069524,-0.945295,0.867026,-0.032206,-0.49722,0.230676,0.91047,0.343268,0.744341,1.163072,2.75123,-41.4353377913602,-7.116362689651208,37.41849803400746,-0.353044,0.058275,0.27865,0.891245,0.837917,0.455543,-0.300626,-0.537838,0.595428,-0.596822,0.26302,1.063927,2.858155,-14.919482840273846,-10.810650337062103,22.486550533990933,-0.144983,-0.06641,0.18047,0.970567,0.926041,0.369573,0.07658,-0.33106,0.892821,-0.305401,F,BuildTutorial
16.866,0.441588,1.414066,2.655651,24.411535228614667,30.432507116975057,-1.8867299859112172,-0.19976,-0.259854,0.071011,-0.942088,0.854866,-0.02998,-0.517982,0.237614,0.910107,0.339477,0.7434,1.160491,2.744161,-40.707908671290255,-5.618448375709951,36.62307259834013,-0.344246,0.065524,0.278029,0.894372,0.836813,0.45221,-0.308627,-0.542435,0.60839,-0.579332,0.267708,1.065337,2.859938,-15.099968883944404,-9.839070615748746,23.11033134838015,-0.145283,-0.057068,0.186804,0.969918,0.923695,0.37895,0.056423,-0.345786,0.887994,-0.303147,F,BuildTutorial
16.899,0.442179,1.413909,2.653421,24.390015018743917,31.716116292847023,-1.6349570544542085,-0.199369,-0.269961,0.071131,-0.939316,0.844124,-0.025985,-0.535519,0.241272,0.910385,0.336136,0.741955,1.15699,2.739893,-39.575335866027544,-4.3085759370604055,36.183473465768,-0.332555,0.071432,0.2799,0.897753,0.833107,0.455052,-0.314422,-0.550073,0.622126,-0.557117,0.27329,1.065433,2.859988,-15.207960746266096,-9.064489777231117,23.52156207515988,-0.145107,-0.049794,0.191165,0.969495,0.921953,0.385118,0.041072,-0.356216,0.8848,-0.3004,F,BuildTutorial
16.932,0.442425,1.41354,2.651126,24.57822137183876,32.87413095683765,-1.2137886640271405,-0.201206,-0.278625,0.07015,-0.936463,0.834894,-0.019264,-0.550074,0.243509,0.90919,0.337753,0.739358,1.152845,2.736522,-38.36108286745627,-3.94115331615962,36.87626047483062,-0.321768,0.073041,0.287829,0.899047,0.823639,0.470539,-0.316563,-0.564548,0.627241,-0.536521,0.27726,1.065784,2.860131,-15.214335062860838,-8.309340637126061,23.912619007990543,-0.144045,-0.042901,0.19542,0.969134,0.919941,0.391137,0.026856,-0.366418,0.882124,-0.295965,F,BuildTutorial
16.966,0.442422,1.413041,2.64887,24.825241105543498,33.89975829446434,-0.8946257074837166,-0.203384,-0.286317,0.069957,-0.933683,0.826257,-0.01417,-0.563115,0.2471,0.907482,0.339733,0.736387,1.148514,2.734211,-37.40313522169791,-3.449200779417109,36.630420623369005,-0.313216,0.073651,0.288357,0.901843,0.822851,0.473968,-0.31348,-0.566243,0.637491,-0.522469,0.280209,1.06554,2.859267,-15.136733583479762,-7.771144018745709,24.239497852613635,-0.142581,-0.038087,0.198922,0.96884,0.917959,0.396307,0.017075,-0.374586,0.880202,-0.291429,F,BuildTutorial
16.999,0.442138,1.41237,2.646778,25.196859904694765,34.75433765078449,-0.5143931028938552,-0.206851,-0.292401,0.069323,-0.931079,0.819392,-0.008124,-0.573176,0.250058,0.904814,0.344649,0.734378,1.144346,2.733155,-36.68678088134631,-1.590928228339522,34.588408101606106,-0.304372,0.080966,0.277974,0.907487,0.832351,0.455228,-0.316165,-0.553802,0.660177,-0.507414,0.282058,1.064989,2.857466,-15.01424415192256,-7.4546626289629,24.497863333077422,-0.141079,-0.035324,0.201596,0.968611,0.916223,0.400503,0.011548,-0.380569,0.878911,-0.287545,F,BuildTutorial
17.032,0.441705,1.411695,2.645174,25.515513292324332,35.385285142259384,-0.219228839702834,-0.209817,-0.29681,0.06889,-0.929051,0.814317,-0.003452,-0.580411,0.252555,0.902462,0.348967,0.731045,1.140426,2.732876,-36.52694721286403,0.6985537951671472,31.16484532063117,-0.300308,0.089758,0.256928,0.914192,0.851863,0.415852,-0.318427,-0.523672,0.687607,-0.502955,0.282987,1.064462,2.855218,-14.955580638373686,-7.26423745692744,24.72327855889224,-0.140316,-0.03355,0.203781,0.968328,0.914695,0.404069,0.007787,-0.385239,0.877569,-0.285417,F,BuildTutorial
17.066,0.441013,1.411021,2.644046,25.784223286394223,35.78625892601048,0.0121936342349627,-0.212356,-0.299475,0.068452,-0.92765,0.811258,0.000192,-0.584689,0.25419,0.900438,0.352985,0.725721,1.135139,2.734001,-36.10605438600885,3.2344552635464168,26.46595508764997,-0.295406,0.097031,0.226069,0.923154,0.878956,0.360066,-0.312712,-0.474719,0.723257,-0.501539,0.282651,1.063263,2.853055,-14.917829778149576,-7.088195611318431,24.716507828424348,-0.139683,-0.032143,0.203968,0.968428,0.914728,0.404037,0.005274,-0.386078,0.877771,-0.283657,F,BuildTutorial
17.099,0.440245,1.41038,2.643092,26.011415612790177,35.9452731094686,0.3133360711835528,-0.214888,-0.300061,0.066907,-0.92699,0.810974,0.004915,-0.585062,0.253003,0.898693,0.358246,0.717084,1.127523,2.737532,-34.97059448382112,4.58398997183936,23.830315832351395,-0.285877,0.099307,0.208523,0.930017,0.893313,0.33108,-0.303938,-0.444638,0.749585,-0.490325,0.280981,1.061354,2.85043,-14.828379245951108,-7.191958027354671,24.348497052783433,-0.139007,-0.033638,0.200799,0.969136,0.917096,0.398556,0.009375,-0.379852,0.880713,-0.282943,F,BuildTutorial
17.132,0.439335,1.409972,2.642443,26.194507820206283,35.82200403356243,0.5874277099777341,-0.217155,-0.29843,0.064938,-0.927128,0.813445,0.0092,-0.581569,0.250022,0.897254,0.363901,0.704168,1.117717,2.743238,-33.43240028202253,5.004619278824113,21.767337361899568,-0.274293,0.09532,0.192996,0.937246,0.907333,0.309478,-0.284552,-0.414061,0.775032,-0.477366,0.278518,1.058861,2.847486,-14.417300037429612,-7.41812742501009,23.949075283256004,-0.135811,-0.036802,0.197465,0.970159,0.919306,0.393141,0.017772,-0.373149,0.885126,-0.278051,F,BuildTutorial
17.166,0.438271,1.409757,2.642098,26.34678816393056,35.47424000892261,0.7533560777785229,-0.219011,-0.2952,0.063331,-0.927837,0.817693,0.011781,-0.575535,0.246826,0.896047,0.369021,0.690807,1.109361,2.749049,-32.34244371037357,4.285300907867284,19.684195980566862,-0.26808,0.082953,0.174315,0.943857,0.925466,0.284581,-0.250052,-0.373533,0.795495,-0.477139,0.275236,1.056583,2.845007,-13.906568102782083,-7.8272652795181585,23.934202717121387,-0.132201,-0.041235,0.197262,0.970521,0.918775,0.393796,0.027882,-0.37199,0.887222,-0.272875,F,BuildTutorial
17.199,0.437088,1.409676,2.642318,26.359421285764306,34.91653543145311,0.8031326269600925,-0.219545,-0.290577,0.061893,-0.929265,0.823469,0.012559,-0.567223,0.24262,0.895939,0.372062,0.674763,1.09903,2.758551,-30.65160481754149,2.853908319393294,19.28931019496938,-0.256467,0.067945,0.168018,0.949409,0.934307,0.284185,-0.215198,-0.353887,0.811989,-0.464152,0.270797,1.054052,2.84205,-13.294492394616103,-8.538177640327829,23.70797058747617,-0.128162,-0.048651,0.195038,0.971168,0.919186,0.3913,0.044505,-0.366359,0.89107,-0.267911,F,BuildTutorial
17.232,0.435963,1.409584,2.642434,26.404501443427563,34.21406407895673,0.7720267398811624,-0.220209,-0.284906,0.060912,-0.930928,0.830237,0.012069,-0.55728,0.238886,0.895596,0.375289,0.66189,1.089452,2.769625,-28.924647158811645,2.656971147295986,19.127908677831343,-0.242476,0.063621,0.16655,0.953635,0.936427,0.286802,-0.20211,-0.348508,0.826933,-0.441275,0.265833,1.052424,2.838948,-12.894582379329645,-9.3507820069336,23.60091751695865,-0.126114,-0.056396,0.193575,0.97131,0.918697,0.390267,0.060731,-0.361817,0.893248,-0.266826,F,BuildTutorial
17.266,0.434871,1.40952,2.642549,26.49519151986812,33.47213348850518,0.7091102135017292,-0.221183,-0.278937,0.06022,-0.932548,0.837135,0.011076,-0.546884,0.235709,0.894903,0.378933,0.65077,1.082134,2.781687,-27.84067681960311,2.8234086049754006,17.19942365687982,-0.23422,0.059606,0.150955,0.958541,0.94732,0.261471,-0.184983,-0.317315,0.844707,-0.431023,0.261017,1.0513,2.836054,-12.677020823800277,-10.046326723972292,23.40084903230707,-0.125341,-0.062912,0.191315,0.971458,0.918882,0.387479,0.074273,-0.355938,0.895376,-0.2676,F,BuildTutorial
17.299,0.433609,1.409439,2.642964,26.55260870740995,32.70019558807131,0.4431376167196391,-0.221418,-0.273128,0.061035,-0.934157,0.843352,0.006918,-0.537318,0.234983,0.894498,0.380337,0.640769,1.078303,2.793596,-28.060244807868887,3.184817978724251,14.394844420355422,-0.237051,0.05711,0.128188,0.961308,0.960612,0.219381,-0.170576,-0.273533,0.854749,-0.441116,0.256048,1.050554,2.833306,-12.52475731322594,-10.786374070949336,23.047032494462357,-0.125074,-0.069851,0.187653,0.971732,0.919814,0.38217,0.088812,-0.347224,0.898286,-0.269292,F,BuildTutorial
17.332,0.432696,1.409382,2.643342,26.62530893543026,31.97513259082435,0.342762428734277,-0.222159,-0.267364,0.060623,-0.935674,0.849682,0.005348,-0.527268,0.232242,0.89394,0.383321,0.633855,1.073157,2.808615,-26.288563612691124,4.629392971676761,13.165211563428825,-0.221212,0.065118,0.120665,0.965539,0.962399,0.204203,-0.179134,-0.261823,0.873011,-0.411463,0.251029,1.049913,2.830772,-12.41521913355161,-11.55847327064886,22.764372089492703,-0.125222,-0.076905,0.184524,0.97178,0.920073,0.377894,0.103258,-0.339373,0.900541,-0.271757,F,BuildTutorial
17.366,0.431831,1.409429,2.643687,26.713318402838404,31.249097395277,0.3343285565190249,-0.223239,-0.261397,0.059485,-0.937175,0.856267,0.005212,-0.516508,0.228204,0.893252,0.387329,0.626651,1.069599,2.822864,-24.770724019404945,4.9216065475376105,12.36737369779964,-0.208524,0.064775,0.114268,0.969157,0.965494,0.194473,-0.173209,-0.248501,0.886921,-0.389381,0.246052,1.049946,2.828385,-12.317518826572275,-12.330814770793502,22.394506588880713,-0.125368,-0.084034,0.180647,0.971899,0.92061,0.372212,0.11805,-0.330071,0.903299,-0.274052,F,BuildTutorial
17.399,0.430779,1.409339,2.644095,26.80191057992515,30.583403811152664,0.0345515432841869,-0.223636,-0.256485,0.060841,-0.93835,0.861027,0.000538,-0.508559,0.228899,0.89257,0.388488,0.6205,1.069525,2.835351,-24.879325633292947,4.889487286098146,11.228352396933,-0.210108,0.062509,0.10459,0.970056,0.970307,0.176648,-0.165226,-0.229183,0.889831,-0.394558,0.240933,1.050554,2.826074,-12.310426439614552,-13.222226337206962,22.411194103390812,-0.126723,-0.091586,0.179816,0.971195,0.918557,0.372484,0.132323,-0.32606,0.903215,-0.279083,F,BuildTutorial
17.432,0.429812,1.409328,2.644666,26.855653465595747,29.953607557816937,-0.2463398618791366,-0.223791,-0.251845,0.062032,-0.939491,0.865452,-0.003836,-0.500977,0.229278,0.89214,0.389254,0.617179,1.069087,2.847293,-24.27416434023956,5.537153363528737,9.761024908879548,-0.205227,0.064918,0.093198,0.972102,0.974199,0.15455,-0.164468,-0.207842,0.898392,-0.386903,0.235733,1.051582,2.823624,-12.573512951811407,-14.163444677940188,22.400326224796423,-0.130402,-0.099102,0.178353,0.970239,0.916738,0.371937,0.14579,-0.320245,0.902371,-0.288392,F,BuildTutorial
17.466,0.428871,1.409392,2.645377,26.818053328419797,29.317384390944973,-0.3689887479507355,-0.223559,-0.246883,0.061715,-0.940883,0.87048,-0.005748,-0.49217,0.226519,0.892425,0.390213,0.615748,1.065426,2.859803,-21.74089125756322,6.354777526940452,9.2050306222427,-0.183324,0.069367,0.089101,0.976546,0.974499,0.148588,-0.168148,-0.199455,0.916907,-0.345688,0.230764,1.052667,2.821474,-12.87885467732226,-15.059887030540166,22.159746004839356,-0.134138,-0.106423,0.174895,0.969584,0.916172,0.367702,0.159452,-0.310601,0.902837,-0.297342,F,BuildTutorial
17.499,0.427682,1.409254,2.646129,26.81088912262907,28.76837198974128,-0.5699225559751941,-0.223368,-0.242768,0.06228,-0.941962,0.87437,-0.008877,-0.485179,0.225784,0.892456,0.39057,0.612388,1.063175,2.869739,-20.750987399019863,5.239446399706053,9.800922712167017,-0.175412,0.060164,0.092142,0.978326,0.97578,0.159183,-0.150045,-0.201397,0.921481,-0.332132,0.225528,1.053472,2.819438,-13.021570163842805,-16.107222627802138,22.24791704753883,-0.137018,-0.11492,0.17421,0.968334,0.912889,0.368879,0.174823,-0.305894,0.901754,-0.305399,F,BuildTutorial
17.532,0.426432,1.409173,2.646791,26.78673611087908,28.267053917412778,-0.7533692482398681,-0.223057,-0.239013,0.062762,-0.942963,0.877867,-0.011737,-0.47876,0.224991,0.892613,0.390667,0.611582,1.060738,2.878539,-19.66545369002647,5.74626404067372,9.025605642081947,-0.166143,0.062655,0.085962,0.980348,0.97737,0.147727,-0.151411,-0.189365,0.930014,-0.314983,0.220298,1.053802,2.81747,-13.18554357416259,-17.174440548054015,22.297922982216623,-0.140063,-0.123577,0.173109,0.967029,0.909524,0.36942,0.190512,-0.300186,0.900831,-0.313674,F,BuildTutorial
17.565,0.425146,1.409227,2.647811,26.71435703646829,27.741378025662964,-0.7200304014102723,-0.222814,-0.234651,0.061317,-0.94421,0.882358,-0.011225,-0.470445,0.220359,0.893188,0.391991,0.611975,1.057668,2.886527,-18.674856567683452,5.928735291422985,8.653053914856402,-0.15772,0.063108,0.082708,0.981989,0.978354,0.14253,-0.150031,-0.182343,0.936568,-0.299319,0.215243,1.053869,2.81552,-13.299860404201397,-18.228835384027285,22.308010264597097,-0.142618,-0.13225,0.171722,0.965755,0.906043,0.369405,0.20646,-0.29396,0.900344,-0.320887,F,BuildTutorial
17.599,0.423587,1.409137,2.648862,26.722219148344493,27.192028030348105,-0.6360548498170168,-0.223339,-0.229955,0.059571,-0.945353,0.887144,-0.009916,-0.461386,0.215348,0.893142,0.394871,0.611843,1.055404,2.892733,-18.283817214595267,5.821066821155974,9.896174074518072,-0.15376,0.063631,0.093085,0.981654,0.974573,0.163188,-0.153552,-0.202323,0.935386,-0.290032,0.210311,1.053336,2.813943,-13.131039717302658,-19.32502346715798,22.23113570535788,-0.142749,-0.141885,0.169976,0.964676,0.901953,0.368452,0.225219,-0.287436,0.901462,-0.323646,F,BuildTutorial
17.632,0.422047,1.409055,2.650087,26.67338383730406,26.640254559664047,-0.5951500032187685,-0.2233,-0.225341,0.058062,-0.946566,0.8917,-0.009282,-0.452532,0.210557,0.893532,0.396569,0.613229,1.053326,2.898398,-17.426074777241976,6.743698939095505,8.35438219655545,-0.146587,0.068998,0.080762,0.983478,0.977433,0.138628,-0.159394,-0.179084,0.94398,-0.277185,0.205595,1.052913,2.812247,-12.90298824599796,-20.342330819750497,22.409490195938957,-0.142585,-0.150636,0.170587,0.963265,0.896418,0.371597,0.241558,-0.285684,0.90114,-0.326086,F,BuildTutorial
17.665,0.420469,1.40889,2.651289,26.702274317629374,26.128019917468738,-0.5180640783982781,-0.223945,-0.220945,0.056481,-0.947545,0.895987,-0.008078,-0.444008,0.205996,0.893317,0.399438,0.614473,1.052623,2.90277,-17.552814444329695,7.459933726249303,7.581557772199522,-0.147672,0.074218,0.075105,0.983384,0.977702,0.125793,-0.168151,-0.169633,0.945105,-0.279288,0.201312,1.052784,2.8104,-12.863559754695313,-21.210610647273768,22.466687624893986,-0.143624,-0.157931,0.170051,0.962036,0.892281,0.372556,0.255024,-0.281826,0.900909,-0.330055,F,BuildTutorial
17.699,0.418968,1.408701,2.652551,26.75240802103094,25.586216133864188,-0.4507263392084905,-0.224752,-0.21631,0.054958,-0.948513,0.900379,-0.007024,-0.435049,0.201488,0.892933,0.402584,0.615754,1.051155,2.906241,-17.17271793889326,8.14878105282924,8.031526671787537,-0.143637,0.080512,0.079653,0.983129,0.974347,0.13349,-0.181189,-0.179747,0.946048,-0.269601,0.197714,1.052799,2.808685,-12.951679545684527,-21.846871514230724,22.39321172646722,-0.145194,-0.163201,0.168476,0.961197,0.889963,0.371269,0.264812,-0.276486,0.901069,-0.334111,F,BuildTutorial
17.732,0.417498,1.408563,2.653904,26.755896095973945,25.066812911429658,-0.4624212275041373,-0.225006,-0.21203,0.054042,-0.949471,0.904245,-0.007207,-0.426952,0.198039,0.892903,0.404356,0.616815,1.049946,2.90938,-16.889161149265423,8.770091639353899,8.16237545564717,-0.140669,0.085859,0.081392,0.982963,0.972007,0.135856,-0.191691,-0.184167,0.947175,-0.262569,0.194421,1.052476,2.807305,-12.95561118341135,-22.349759635358406,22.22930956376285,-0.145725,-0.167619,0.166456,0.960708,0.888392,0.368684,0.273553,-0.270979,0.902114,-0.3358,F,BuildTutorial
17.766,0.416085,1.408345,2.655091,26.850990378842383,24.623833812843277,-0.4526288231340217,-0.22602,-0.208301,0.053262,-0.9501,0.907548,-0.007048,-0.419889,0.195369,0.892157,0.407293,0.618273,1.050538,2.910059,-17.74585089479072,9.666436637791,7.496763661536599,-0.147924,0.093117,0.077331,0.981564,0.970698,0.124263,-0.205679,-0.17936,0.944277,-0.275992,0.191213,1.05184,2.806179,-12.834458457777169,-22.914353847377896,22.21757636339728,-0.14552,-0.172587,0.165865,0.959962,0.885405,0.368678,0.283081,-0.268218,0.902625,-0.33664,F,BuildTutorial
17.799,0.414788,1.408091,2.656246,26.946670936441368,24.282756183493703,-0.4121193302638182,-0.227044,-0.205354,0.052423,-0.950543,0.910163,-0.006413,-0.414201,0.192911,0.891406,0.4101,0.617371,1.050182,2.911184,-17.611398788219176,8.959967298239091,7.322260613961711,-0.147376,0.086778,0.074843,0.98242,0.973736,0.121476,-0.192565,-0.172632,0.945358,-0.27658,0.188509,1.051155,2.805292,-12.73350117886363,-23.37201814140624,22.0977891571352,-0.145159,-0.176756,0.164472,0.959497,0.883412,0.366937,0.291445,-0.264306,0.903755,-0.336703,F,BuildTutorial
17.832,0.413699,1.407839,2.657405,26.97110871237894,23.9599437972562,-0.3984904951455308,-0.227418,-0.202639,0.051713,-0.951076,0.912527,-0.006198,-0.40897,0.190532,0.891214,0.411626,0.617133,1.050383,2.91133,-17.65819263663599,9.20660007643492,8.367746103310942,-0.146799,0.090256,0.084146,0.98144,0.969547,0.138669,-0.201866,-0.191666,0.942739,-0.272959,0.186606,1.050388,2.804644,-12.604285789774222,-23.726666812885387,22.029734989602684,-0.144489,-0.180046,0.163702,0.959119,0.881571,0.366048,0.298065,-0.261989,0.90465,-0.336111,F,BuildTutorial
17.865,0.412756,1.407573,2.658454,27.05509020782866,23.752575164232063,-0.3760326875564452,-0.228248,-0.20084,0.051261,-0.951283,0.914071,-0.005845,-0.405512,0.18921,0.89055,0.413666,0.616487,1.052424,2.910278,-18.07364595449042,9.126646070466888,8.148522565804617,-0.150593,0.089499,0.08241,0.981081,0.970397,0.134745,-0.200432,-0.188657,0.941061,-0.280736,0.18514,1.049591,2.804463,-12.46975408094922,-23.979483002599057,22.000019202277535,-0.143687,-0.182443,0.163396,0.958838,0.880032,0.36577,0.302911,-0.260911,0.905311,-0.335167,F,BuildTutorial
17.898,0.411998,1.407368,2.659311,27.177955299426063,23.628019790814168,-0.2778044274998575,-0.229495,-0.199561,0.05041,-0.951297,0.915269,-0.004314,-0.402821,0.187506,0.889582,0.416516,0.615974,1.055916,2.908026,-18.68429187996488,9.199502745405791,7.58567319823483,-0.156218,0.089661,0.078051,0.980543,0.971738,0.125052,-0.200219,-0.181079,0.939008,-0.292361,0.184398,1.048892,2.804542,-12.3790895303748,-24.061991024604005,21.970089344501226,-0.143005,-0.183335,0.163219,0.9588,0.879495,0.365425,0.304881,-0.260554,0.905818,-0.334074,F,BuildTutorial
17.932,0.411269,1.407314,2.660299,27.21382147590727,23.522777708960525,-0.1706019596643107,-0.230025,-0.198458,0.049371,-0.951455,0.916354,-0.002648,-0.40036,0.185249,0.889302,0.41812,0.615082,1.061713,2.903612,-19.923335790531524,9.486459239193255,7.628772672348316,-0.166597,0.092732,0.07957,0.978425,0.970139,0.124809,-0.207976,-0.186605,0.931828,-0.311247,0.184193,1.04823,2.805259,-12.268511970911316,-24.04327270853657,21.929967873505753,-0.141997,-0.183428,0.163122,0.958948,0.87949,0.364944,0.305471,-0.260759,0.906456,-0.332178,F,BuildTutorial
17.965,0.410644,1.407338,2.661299,27.16675415340177,23.403732086166944,-0.045250050049329,-0.229901,-0.197237,0.04801,-0.951808,0.917585,-0.000703,-0.397539,0.182083,0.889681,0.418704,0.61292,1.069079,2.897713,-21.472328138780775,9.581540834803842,7.000522905261054,-0.18028,0.093236,0.075304,0.976287,0.971273,0.11342,-0.209202,-0.180655,0.923657,-0.337968,0.184571,1.047737,2.806211,-12.23113218257403,-23.963082564246164,21.896280973478113,-0.141519,-0.182866,0.163012,0.959145,0.879974,0.364462,0.304652,-0.260946,0.906799,-0.331093,F,BuildTutorial
17.998,0.409796,1.407414,2.662241,27.15667797310786,23.19014564586671,0.135888718445107,-0.230215,-0.195103,0.046059,-0.952268,0.919627,0.00211,-0.392788,0.177553,0.889759,0.42048,0.609506,1.07655,2.890923,-22.986312091345155,9.431330881092794,6.191444743404405,-0.193936,0.091169,0.069099,0.974322,0.973827,0.099287,-0.204458,-0.17001,0.915229,-0.365312,0.185407,1.047446,2.807293,-12.202803472127446,-23.82053103140172,21.93096424139439,-0.141136,-0.181681,0.163533,0.959338,0.880498,0.365051,0.302426,-0.262484,0.906675,-0.330217,F,BuildTutorial
18.032,0.408553,1.407455,2.663222,27.144363248174805,22.72822074436363,0.1890307983118665,-0.230385,-0.191161,0.044668,-0.953092,0.922925,0.002936,-0.38497,0.173226,0.889855,0.422078,0.605562,1.082907,2.883966,-23.94708546207124,9.38926236518427,5.330792120865867,-0.202817,0.089593,0.0623,0.973117,0.976184,0.08491,-0.199639,-0.157593,0.909968,-0.383566,0.186519,1.047558,2.808766,-12.231830124924617,-23.612178400041586,21.994402431623403,-0.141179,-0.179806,0.164265,0.95956,0.881373,0.366014,0.298688,-0.264475,0.906171,-0.330011,F,BuildTutorial
18.065,0.406866,1.407406,2.664271,27.15880909792578,22.093122575650455,0.2153334843516913,-0.230792,-0.185817,0.043195,-0.954118,0.927212,0.003344,-0.374522,0.168196,0.889738,0.424353,0.600539,1.088242,2.877743,-24.98415734121624,9.03128671873384,4.754791193150175,-0.212259,0.085746,0.057389,0.971751,0.978709,0.075134,-0.191009,-0.147935,0.903305,-0.402684,0.187723,1.047951,2.81039,-12.281305053635418,-23.42609748208567,22.106409858850945,-0.141497,-0.17802,0.165338,0.959662,0.881944,0.367715,0.294889,-0.266958,0.905284,-0.330446,F,BuildTutorial
18.098,0.404786,1.407229,2.665219,27.218153983435865,21.226573723499616,0.2911928641008952,-0.231725,-0.17842,0.040909,-0.955404,0.932985,0.004519,-0.359886,0.160859,0.88926,0.428184,0.594433,1.092906,2.872121,-25.99560741629659,8.351915759535302,4.492809835552197,-0.221363,0.079692,0.054457,0.970403,0.981367,0.070409,-0.178777,-0.140972,0.896066,-0.420942,0.188968,1.04879,2.812001,-12.434904021104447,-23.209993524965306,22.252021419424924,-0.142684,-0.17575,0.166534,0.959698,0.882757,0.369798,0.28981,-0.269491,0.903816,-0.332404,F,BuildTutorial
18.132,0.402341,1.407011,2.666008,27.31094730209327,20.13933670103551,0.3600114544318981,-0.232979,-0.169172,0.038272,-0.956889,0.939832,0.005582,-0.341591,0.152072,0.888512,0.432921,0.588282,1.096652,2.867485,-26.684963657395706,7.908993315449336,3.707033573987496,-0.227931,0.074514,0.047303,0.969669,0.98442,0.057769,-0.166071,-0.125705,0.89162,-0.434985,0.190637,1.049865,2.813478,-12.713871191064824,-22.93437552267088,22.28732824048375,-0.144653,-0.172887,0.16665,0.959903,0.884676,0.369953,0.283697,-0.269918,0.902606,-0.335329,F,BuildTutorial
18.165,0.399488,1.406989,2.666892,27.357727377257472,18.83727537149132,0.3113100272051369,-0.233723,-0.158371,0.036095,-0.95864,0.947232,0.004825,-0.320513,0.143234,0.888142,0.436679,0.581816,1.100089,2.864009,-27.19710604479799,7.788947540655901,2.2991698110554566,-0.233203,0.070708,0.035421,0.969207,0.987491,0.035682,-0.153583,-0.101639,0.888724,-0.447035,0.192203,1.050959,2.814887,-12.96671873662647,-22.5581937954862,22.29908562809396,-0.146223,-0.169257,0.166755,0.960294,0.88709,0.369765,0.276306,-0.270769,0.901623,-0.337283,F,BuildTutorial
18.198,0.396207,1.406941,2.667862,27.356958131494725,17.273696184271216,0.1284087885759212,-0.233955,-0.14565,0.034435,-0.960659,0.955201,0.001991,-0.295952,0.134311,0.888159,0.43947,0.573206,1.103155,2.861594,-27.734727940912094,6.702746585107848,1.589252612763301,-0.238455,0.060068,0.027451,0.968905,0.991277,0.024549,-0.129491,-0.081842,0.884771,-0.458783,0.192983,1.052651,2.816141,-13.298514804340106,-22.303837059195196,22.277076487679327,-0.148577,-0.166545,0.166286,0.960488,0.889224,0.36892,0.270518,-0.269941,0.900548,-0.3408,F,BuildTutorial
18.232,0.392671,1.407038,2.668752,27.29171348344641,15.573659364867927,-0.0213889239260885,-0.23372,-0.131707,0.032144,-0.962806,0.96324,-0.000332,-0.268641,0.123462,0.888684,0.441586,0.563267,1.106562,2.859938,-28.55743335158104,5.127370260163044,1.756239004078517,-0.245699,0.047119,0.025868,0.967855,0.994221,0.026919,-0.10392,-0.073227,0.877925,-0.473165,0.194173,1.054243,2.816515,-13.65839897253854,-22.113205260064383,22.231835461420328,-0.151225,-0.164346,0.165497,0.96059,0.891203,0.367655,0.265683,-0.268242,0.899483,-0.344929,F,BuildTutorial
18.265,0.38883,1.407173,2.669603,27.232919101268404,13.706070895960211,-0.1808444971792371,-0.233556,-0.116338,0.029614,-0.964904,0.971177,-0.002807,-0.238343,0.111492,0.889149,0.443828,0.553223,1.110191,2.859196,-29.21417906019122,4.0774709398547415,0.6949137773347898,-0.251816,0.035953,0.014836,0.966993,0.996975,0.010586,-0.077004,-0.046799,0.872737,-0.485942,0.194511,1.055496,2.81635,-13.918226311594116,-22.050483083742836,22.297610684937368,-0.153386,-0.163255,0.165657,0.960405,0.891811,0.368277,0.262764,-0.268113,0.898061,-0.348714,F,BuildTutorial
18.298,0.384726,1.407199,2.670455,27.212032984840977,11.702298880152265,-0.4015753781571065,-0.23367,-0.099903,0.02737,-0.966783,0.978541,-0.006233,-0.20596,0.09961,0.889298,0.446348,0.542802,1.113601,2.858953,-29.589090222348844,2.828161351309456,-1.1095068618857964,-0.255495,0.021387,-0.003057,0.966569,0.999067,-0.016838,-0.039783,-0.00502,0.869426,-0.494038,0.194347,1.056568,2.815302,-14.142353948038624,-22.26460462298556,22.286382746995923,-0.155539,-0.164651,0.164863,0.959957,0.89142,0.367743,0.264831,-0.265304,0.897256,-0.352911,F,BuildTutorial
18.332,0.380388,1.407362,2.671376,27.084044097074987,9.595535495759208,-0.68741367664864,-0.232846,-0.082712,0.025396,-0.968657,0.985027,-0.010682,-0.172067,0.087719,0.890275,0.446895,0.531303,1.116717,2.859331,-29.97326286382649,0.8070938529241012,-1.7096457720575748,-0.25866,0.002945,-0.01259,0.965882,0.999666,-0.025845,0.000824,0.022798,0.865873,-0.499744,0.192578,1.057646,2.814385,-14.305055481828198,-22.611475824846487,22.210153603459503,-0.157275,-0.16736,0.163449,0.959448,0.890551,0.366284,0.269733,-0.260998,0.897098,-0.356504,F,BuildTutorial
18.365,0.375726,1.40758,2.672359,26.930922332108135,7.393065463132456,-0.9248572047660318,-0.231861,-0.064573,0.022845,-0.970334,0.990617,-0.014391,-0.135909,0.074279,0.891437,0.447015,0.518855,1.120154,2.860092,-30.662514930438224,-1.1217727746069543,-2.1897595932348137,-0.264158,-0.014491,-0.021015,0.964142,0.998697,-0.032866,0.039045,0.048178,0.859558,-0.508763,0.19055,1.057981,2.81247,-14.374632844368293,-23.123768882852303,22.189902696564545,-0.15855,-0.171547,0.162442,0.958669,0.888368,0.365854,0.277403,-0.257059,0.896949,-0.359727,F,BuildTutorial
18.398,0.370755,1.407643,2.67307,26.81690987032518,5.088170768090042,-1.0891450663572475,-0.231242,-0.045378,0.019529,-0.971641,0.995119,-0.016964,-0.097215,0.058937,0.892292,0.447595,0.507736,1.122698,2.861719,-31.05433210665903,-2.4302759183818674,-3.3968429996688365,-0.266912,-0.028356,-0.034225,0.962696,0.996049,-0.050759,0.072866,0.081033,0.855173,-0.511969,0.188076,1.057938,2.809996,-14.374801152364396,-23.754553908326983,22.128228081964416,-0.159348,-0.176907,0.161051,0.957797,0.885533,0.364888,0.287555,-0.252129,0.897342,-0.362227,F,BuildTutorial
18.432,0.36579,1.407728,2.673516,26.721951051526535,2.762094238952393,-1.2267949784324028,-0.230754,-0.025921,0.015982,-0.972536,0.998145,-0.019123,-0.057795,0.043049,0.892994,0.448005,0.495877,1.124224,2.863382,-31.213105129487055,-4.465192791040335,-4.261467634532341,-0.267245,-0.047489,-0.046255,0.961346,0.991211,-0.063552,0.11603,0.114317,0.852881,-0.509437,0.184589,1.057491,2.806823,-14.26556826330195,-24.54677084106302,22.058145951737103,-0.159443,-0.183824,0.15958,0.956724,0.881486,0.363967,0.300849,-0.246729,0.898225,-0.363755,F,BuildTutorial
18.465,0.360712,1.407863,2.673932,26.60214063899607,0.4940380452224062,-1.3895217829458784,-0.229998,-0.006985,0.012792,-0.973082,0.999575,-0.021681,-0.019478,0.028108,0.893875,0.447434,0.484087,1.125265,2.865447,-31.42383891689757,-6.2863777946374695,-4.981648462852555,-0.267844,-0.064484,-0.056607,0.959634,0.985275,-0.0741,0.154086,0.143187,0.850111,-0.506763,0.180596,1.056736,2.80338,-14.123423446400732,-25.391742465012996,21.944802245982203,-0.159254,-0.191294,0.157749,0.955594,0.877044,0.362417,0.315354,-0.240559,0.899507,-0.364717,F,BuildTutorial
18.498,0.355736,1.407977,2.674145,26.49777572830373,-1.616887449520955,-1.4376483015474475,-0.229313,0.010858,0.008977,-0.973251,0.999603,-0.022453,0.017019,0.012493,0.89467,0.446553,0.472583,1.125458,2.867925,-31.58008103553981,-8.103638815813197,-5.0297393478710815,-0.268188,-0.079837,-0.061326,0.958092,0.97973,-0.074689,0.185876,0.160334,0.848629,-0.504105,0.17593,1.056021,2.799313,-13.979346567938933,-26.38041231081875,21.783724951506596,-0.159142,-0.200021,0.155336,0.95422,0.871725,0.360113,0.332286,-0.232786,0.901089,-0.365854,F,BuildTutorial
18.532,0.35108,1.408135,2.674273,26.388464844816617,-3.549837288709457,-1.4386713637108284,-0.228504,0.027289,0.005148,-0.973147,0.998458,-0.022491,0.05076,-0.002452,0.895519,0.445016,0.461485,1.125318,2.870466,-31.601733675744605,-9.818887590608597,-5.2667107560983135,-0.267226,-0.094725,-0.067325,0.956601,0.972989,-0.07818,0.21721,0.179432,0.848115,-0.498502,0.171268,1.055096,2.794808,-13.789219423379969,-27.459317597923345,21.639667408644467,-0.158772,-0.209545,0.153054,0.952605,0.865331,0.358139,0.350627,-0.22506,0.902732,-0.366637,F,BuildTutorial
18.565,0.346528,1.408319,2.674493,26.26552896687117,-5.327229870811887,-1.389685326532808,-0.227495,0.042501,0.001239,-0.972851,0.996384,-0.021748,0.082131,-0.016927,0.896489,0.442743,0.450769,1.125057,2.872837,-31.524719712890658,-11.335481695434956,-5.7527402517264585,-0.26521,-0.108491,-0.074852,0.955139,0.965254,-0.085442,0.24695,0.200533,0.848121,-0.490384,0.165799,1.053973,2.789886,-13.59005940301821,-28.66633549920009,21.536661750156796,-0.158545,-0.220074,0.150976,0.950598,0.857547,0.356818,0.370531,-0.217252,0.90414,-0.367877,F,BuildTutorial
18.598,0.342393,1.408512,2.674572,26.141256643936583,-6.852925328704036,-1.3977965903671323,-0.226441,0.055461,-0.001655,-0.972443,0.993843,-0.021898,0.108614,-0.028336,0.897444,0.440218,0.440497,1.124985,2.874667,-31.567541969937945,-12.91499552286047,-6.161466538948314,-0.264075,-0.122595,-0.081936,0.953164,0.956514,-0.091449,0.276981,0.220946,0.847101,-0.483324,0.160179,1.052446,2.784662,-13.304500232041686,-30.022153595810185,21.44419466111966,-0.157799,-0.231954,0.149007,0.948206,0.847989,0.355782,0.392854,-0.209374,0.905793,-0.368378,F,BuildTutorial
18.631,0.338571,1.408651,2.67469,26.072191837206333,-8.128724915494315,-1.376886093404207,-0.225811,0.066342,-0.00431,-0.9719,0.991161,-0.021583,0.130901,-0.03834,0.897982,0.438359,0.430738,1.125043,2.876091,-31.66324566633358,-14.518398976918515,-5.902321608051836,-0.264007,-0.135337,-0.083561,0.951316,0.949403,-0.087525,0.301617,0.230445,0.846636,-0.479691,0.153941,1.051055,2.779224,-12.99258477607068,-31.432838964741755,21.37357950547711,-0.156929,-0.244273,0.147246,0.945528,0.837299,0.355117,0.415719,-0.201782,0.907384,-0.368698,F,BuildTutorial
18.665,0.335143,1.408595,2.674671,26.01870878478522,-9.29412502341833,-1.356846452043676,-0.225289,0.076276,-0.006738,-0.971278,0.988273,-0.021279,0.151207,-0.047458,0.898399,0.436609,0.421848,1.12536,2.877255,-31.67510641164791,-15.94140528815002,-6.115912042501013,-0.262773,-0.147631,-0.088615,0.94937,0.940705,-0.09067,0.326884,0.245844,0.846195,-0.472773,0.148628,1.049188,2.773445,-12.73026464171651,-32.86324018212923,21.336422521080205,-0.156541,-0.256583,0.145648,0.942575,0.825903,0.3549,0.438098,-0.194238,0.908563,-0.369845,F,BuildTutorial
18.698,0.331867,1.408491,2.674683,25.992087097308097,-10.33156569262565,-1.3346894550062955,-0.224977,0.085117,-0.008944,-0.970598,0.98535,-0.020937,0.169252,-0.05566,0.898611,0.435201,0.413845,1.125651,2.878151,-31.706139923461137,-17.150055812610102,-6.521365115527596,-0.261522,-0.158565,-0.094769,0.947355,0.931752,-0.096623,0.350003,0.262496,0.84525,-0.465455,0.142987,1.047455,2.767964,-12.420585705577023,-34.22697570060777,21.225714020563803,-0.155497,-0.268493,0.143696,0.939725,0.814526,0.35357,0.459931,-0.186571,0.910344,-0.369412,F,BuildTutorial
18.732,0.328908,1.408217,2.674423,26.06675061564351,-11.18372322668114,-1.2827374440476254,-0.225494,0.092413,-0.01112,-0.969788,0.982673,-0.020108,0.184256,-0.063246,0.898058,0.435307,0.40625,1.125879,2.878861,-31.738514501382895,-18.263506600239552,-6.969751312246635,-0.260199,-0.168785,-0.101044,0.945303,0.922604,-0.103199,0.371689,0.278869,0.844173,-0.457825,0.138242,1.045446,2.76206,-12.071328754063543,-35.53573451110219,21.22659186897768,-0.154312,-0.279836,0.142884,0.936731,0.802552,0.354052,0.480164,-0.181324,0.911544,-0.369065,F,BuildTutorial
18.765,0.326235,1.407982,2.674046,26.18557353013473,-11.927719119016135,-1.213829798948951,-0.226362,0.098808,-0.013274,-0.968928,0.980121,-0.01901,0.197486,-0.070455,0.897168,0.436034,0.399113,1.126086,2.87928,-31.79665507573804,-19.490332847903694,-7.185160268733308,-0.259247,-0.179389,-0.105671,0.943103,0.913306,-0.106306,0.393155,0.29233,0.843249,-0.451081,0.132533,1.044037,2.757402,-11.745264211801656,-36.752779351352224,21.20406291329922,-0.153141,-0.290385,0.141982,0.933845,0.791036,0.354118,0.498862,-0.17624,0.912778,-0.368478,F,BuildTutorial
18.797,0.323875,1.407887,2.673763,26.25362671055297,-12.565201776433154,-1.1430281073988016,-0.226795,0.104316,-0.015196,-0.968221,0.977774,-0.01789,0.208895,-0.076743,0.896666,0.436005,0.392897,1.126275,2.879796,-31.81445961818144,-20.397427512212456,-7.62425511799557,-0.257832,-0.18784,-0.111351,0.941191,0.904634,-0.112743,0.411006,0.306468,0.842247,-0.443506,0.127934,1.04298,2.75248,-11.518817133571504,-37.89640710931603,21.244694900507376,-0.152841,-0.300042,0.141439,0.930919,0.77994,0.355053,0.515394,-0.171618,0.913269,-0.369441,F,BuildTutorial
18.831,0.321623,1.407837,2.673514,26.248458899287694,-13.136519891402202,-1.1023410909699984,-0.226634,0.109224,-0.016665,-0.967693,0.975585,-0.017255,0.218944,-0.081761,0.896719,0.434984,0.387137,1.126405,2.880565,-31.78432568843812,-21.098270522058748,-8.12362976235823,-0.256051,-0.194707,-0.11698,0.939597,0.89681,-0.120118,0.425799,0.319538,0.841507,-0.435616,0.123867,1.042113,2.748213,-11.348847079339244,-38.894538233601374,21.256045619949212,-0.152739,-0.308429,0.140703,0.928303,0.770149,0.355447,0.529649,-0.167011,0.913747,-0.370369,F,BuildTutorial
18.864,0.319542,1.407862,2.673265,26.245239077613576,-13.626545672616803,-1.0351288911640018,-0.226467,0.113495,-0.018198,-0.967213,0.973576,-0.016202,0.227789,-0.086609,0.896763,0.433952,0.381493,1.126382,2.88115,-31.811710439590428,-21.98970890264704,-7.937522385029107,-0.255687,-0.201599,-0.117484,0.938179,0.89111,-0.11735,0.438351,0.323535,0.841644,-0.43239,0.120141,1.041469,2.744508,-11.209689509897514,-39.744455803086005,21.231842791344608,-0.152602,-0.315587,0.139795,0.926053,0.761724,0.355234,0.541835,-0.162597,0.91434,-0.37087,F,BuildTutorial
18.898,0.317562,1.407888,2.672941,26.267316841768572,-14.05925255370692,-0.9953445854766844,-0.226542,0.117218,-0.019412,-0.966727,0.971767,-0.015577,0.23543,-0.090642,0.896604,0.433458,0.376413,1.126632,2.881605,-31.963978709850913,-22.68949360388225,-7.77013788562737,-0.256522,-0.206965,-0.117901,0.936729,0.88653,-0.114701,0.448229,0.327065,0.840591,-0.431781,0.11736,1.0408,2.74095,-11.114128105625822,-40.527751767080495,21.267778256101607,-0.152895,-0.322033,0.139335,0.923853,0.753761,0.355925,0.552415,-0.158976,0.914418,-0.372245,F,BuildTutorial
18.931,0.315783,1.408048,2.672576,26.228563083697782,-14.44447486581614,-0.990648933014934,-0.226144,0.120489,-0.020171,-0.966403,0.970151,-0.01551,0.242006,-0.093482,0.896904,0.432232,0.371606,1.127091,2.882252,-31.993935894779643,-23.118950125422696,-8.362227794791123,-0.255234,-0.211798,-0.123741,0.935246,0.879659,-0.123341,0.459333,0.339573,0.839088,-0.424997,0.114848,1.040411,2.737878,-11.091841851352276,-41.16679484063786,21.287127859447544,-0.153548,-0.327194,0.138706,0.922024,0.74741,0.35626,0.560765,-0.155301,0.914368,-0.373917,F,BuildTutorial
18.965,0.31403,1.408313,2.672281,26.125489115881503,-14.771880197236271,-0.9628599912884122,-0.225187,0.123338,-0.020937,-0.966251,0.968699,-0.015087,0.24778,-0.096009,0.897705,0.430009,0.367561,1.127634,2.882817,-32.030128906395724,-23.457071989629608,-8.764895643263229,-0.25441,-0.215456,-0.127832,0.934084,0.874476,-0.129185,0.467551,0.348441,0.837869,-0.420196,0.112569,1.040329,2.735607,-11.076774611146751,-41.67844372550901,21.285267078292183,-0.154041,-0.331337,0.138052,0.920559,0.742315,0.35625,0.567499,-0.152092,0.914426,-0.375091,F,BuildTutorial
18.997,0.312409,1.408462,2.671896,26.10223239960942,-15.030803486924423,-0.8342134073732719,-0.224802,0.125781,-0.022504,-0.96599,0.967345,-0.013075,0.253125,-0.100029,0.897916,0.428651,0.36369,1.128108,2.883133,-32.02491781410617,-24.01405903838251,-8.957867409750405,-0.253372,-0.22042,-0.13063,0.93282,0.868701,-0.132013,0.477421,0.355406,0.837477,-0.415113,0.11064,1.040368,2.733679,-11.128765042942945,-42.19096935423572,21.391218522494608,-0.155378,-0.335214,0.138044,0.91893,0.737151,0.357876,0.573179,-0.149536,0.913603,-0.378111,F,BuildTutorial
19.031,0.310926,1.408585,2.671408,26.1043496762904,-15.2389407012947,-0.6917906426484894,-0.22462,0.127814,-0.024115,-0.965727,0.966164,-0.010843,0.2577,-0.103995,0.897929,0.427679,0.36008,1.129097,2.883161,-32.13459447142746,-24.47585444594877,-9.42352350611906,-0.252831,-0.225221,-0.135609,0.931108,0.861771,-0.138647,0.487983,0.366419,0.835373,-0.409743,0.108686,1.040861,2.732404,-11.209770083730708,-42.63756193484903,21.46861303477569,-0.156783,-0.338541,0.137794,0.917509,0.732806,0.359008,0.578021,-0.146699,0.912864,-0.380997,F,BuildTutorial
19.064,0.309438,1.408686,2.670956,26.115757650070663,-15.381311715411048,-0.4949151659831894,-0.224464,0.129396,-0.026066,-0.965502,0.965154,-0.007755,0.261567,-0.108424,0.897873,0.426694,0.356618,1.130113,2.883254,-32.20595573969409,-25.0019569935053,-9.78792748158496,-0.25206,-0.230307,-0.13984,0.929446,0.854807,-0.143844,0.498612,0.376049,0.833822,-0.404139,0.107822,1.040714,2.731148,-11.225813978837811,-43.02401932176929,21.57355136131036,-0.157686,-0.34146,0.138051,0.916233,0.728694,0.36066,0.582176,-0.145286,0.912154,-0.383232,F,BuildTutorial
19.098,0.308014,1.408784,2.670637,26.084813904157865,-15.52356212747596,-0.3321548915022998,-0.223985,0.130922,-0.02768,-0.965362,0.964186,-0.005208,0.265175,-0.112091,0.898129,0.425206,0.353726,1.131195,2.883432,-32.27314081528058,-25.462682632160295,-10.5495056202446,-0.250485,-0.235723,-0.147129,0.927386,0.845576,-0.1548,0.510919,0.39098,0.831221,-0.39523,0.106616,1.04148,2.730865,-11.32294911323425,-43.2821847761743,21.659640992605976,-0.159019,-0.343227,0.138063,0.91534,0.726268,0.361909,0.584429,-0.14359,0.911303,-0.385888,F,BuildTutorial
19.131,0.306807,1.408907,2.67026,26.028539777808447,-15.6107521605419,-0.1366630771543304,-0.223265,0.132054,-0.029432,-0.965323,0.963391,-0.002144,0.268091,-0.115788,0.898573,0.423272,0.351319,1.132299,2.883852,-32.36355739946878,-25.69081552277324,-11.822045561101902,-0.248278,-0.24036,-0.158057,0.924988,0.83449,-0.17305,0.523145,0.411754,0.826752,-0.383328,0.106163,1.04222,2.730597,-11.48470640164021,-43.34005213991925,21.731051869803103,-0.160575,-0.343293,0.138019,0.91505,0.726201,0.362838,0.583936,-0.14234,0.910332,-0.388631,F,BuildTutorial
19.164,0.305779,1.409104,2.669716,25.979979733753765,-15.672464906761752,0.0411829497768466,-0.222634,0.132933,-0.030994,-0.965299,0.962737,0.000646,0.27044,-0.119027,0.898948,0.421576,0.349228,1.133061,2.885078,-32.326247194603425,-25.63345414391823,-13.1047357558479,-0.245351,-0.242647,-0.168219,0.923378,0.82565,-0.191593,0.530655,0.429728,0.82301,-0.371468,0.106067,1.0431,2.730359,-11.680728648211396,-43.36565175611517,21.835971937195264,-0.162461,-0.342988,0.138173,0.914808,0.726535,0.364248,0.58264,-0.14136,0.909029,-0.392025,F,BuildTutorial
19.198,0.304912,1.409383,2.66907,25.881968897700222,-15.746769273153731,0.1844259962174133,-0.221621,0.133862,-0.032231,-0.965363,0.962084,0.002896,0.272737,-0.121563,0.89969,0.419261,0.347396,1.133465,2.886817,-32.11639196284682,-25.42534049668316,-14.631679258101506,-0.240707,-0.244114,-0.179747,0.922041,0.816199,-0.213948,0.536699,0.448988,0.819503,-0.356126,0.105542,1.044483,2.73012,-11.93174579146251,-43.37223745104525,21.912838002892713,-0.164671,-0.342465,0.137947,0.914643,0.727377,0.365132,0.581035,-0.139555,0.907708,-0.395714,F,BuildTutorial
19.231,0.304159,1.40976,2.668511,25.77998181121312,-15.816990780915424,0.3248653141452745,-0.220577,0.13475,-0.033431,-0.965438,0.96145,0.005106,0.274934,-0.123997,0.900456,0.416897,0.345752,1.133664,2.889199,-32.05482825487235,-24.920535136851168,-16.513751418947077,-0.237018,-0.243943,-0.193732,0.920208,0.80592,-0.24091,0.540792,0.472185,0.812581,-0.341693,0.105237,1.045493,2.72954,-12.147254852276816,-43.43141235086899,22.01012290150176,-0.166725,-0.342394,0.137924,0.914301,0.727487,0.366379,0.580112,-0.138036,0.90636,-0.399322,F,BuildTutorial
19.265,0.303647,1.410199,2.668079,25.63538025549168,-15.867040259385105,0.3771608998483761,-0.219282,0.135307,-0.033799,-0.965642,0.961099,0.005934,0.276139,-0.124616,0.901546,0.41435,0.344056,1.133672,2.892245,-31.851497912827405,-24.307437431015156,-19.10187387938022,-0.230931,-0.244156,-0.212948,0.917449,0.790082,-0.27797,0.546354,0.503504,0.802648,-0.31975,0.104715,1.045919,2.728949,-12.22032016639761,-43.51970150508232,22.064433380996075,-0.167567,-0.342882,0.137986,0.913955,0.726784,0.367136,0.580513,-0.137314,0.905763,-0.400922,F,BuildTutorial
19.297,0.303293,1.410774,2.667779,25.45451419690237,-15.939179903546744,0.3848994121801256,-0.217727,0.135973,-0.03379,-0.965901,0.960739,0.006066,0.277388,-0.124486,0.902907,0.411416,0.342092,1.133449,2.896602,-31.4928258822526,-23.587084274897254,-22.091414507538996,-0.223041,-0.243968,-0.234948,0.914074,0.770558,-0.32069,0.550817,0.53835,0.790104,-0.293113,0.104217,1.045688,2.72829,-12.147702190744653,-43.6354563338445,22.087450465311143,-0.167206,-0.343908,0.138242,0.913597,0.725233,0.367601,0.582157,-0.137588,0.905863,-0.400601,F,BuildTutorial
19.331,0.303125,1.4113,2.667385,25.263070922643628,-16.01711843593489,0.341109213042878,-0.216142,0.136593,-0.033343,-0.966185,0.960461,0.005384,0.278362,-0.123478,0.904342,0.408558,0.339924,1.132631,2.902026,-30.977526537897138,-22.66188187432875,-25.01561631724381,-0.214624,-0.241555,-0.255863,0.911111,0.752371,-0.362552,0.549994,0.569925,0.776942,-0.267482,0.103281,1.045103,2.727715,-12.011746827188762,-43.75927618284711,21.990348418524288,-0.165997,-0.345291,0.137741,0.913371,0.723603,0.366251,0.585029,-0.136982,0.906945,-0.398354,F,BuildTutorial
19.364,0.303013,1.411817,2.667193,25.086978246764584,-16.051325988583965,0.2622498181068005,-0.214741,0.136776,-0.032534,-0.966499,0.960468,0.004145,0.278361,-0.121631,0.905656,0.406194,0.33782,1.131424,2.909334,-30.28959782524664,-21.288549147673137,-28.815885855680587,-0.204324,-0.236577,-0.282789,0.906815,0.728124,-0.416198,0.544624,0.609551,0.756564,-0.236766,0.103091,1.04442,2.726727,-11.942648417706058,-43.80349547868382,21.788154409181715,-0.164898,-0.346064,0.136296,0.913494,0.723326,0.363141,0.587305,-0.13488,0.908464,-0.395601,F,BuildTutorial
19.398,0.302983,1.412215,2.667211,24.922631722071355,-16.076956899804966,0.1686219019426708,-0.213459,0.136858,-0.031597,-0.966802,0.960543,0.00267,0.278119,-0.119524,0.906874,0.404096,0.335862,1.130142,2.918152,-29.582855980961224,-19.420849800469473,-33.41510398938197,-0.194137,-0.228539,-0.315221,0.900398,0.696811,-0.478912,0.533945,0.656384,0.725893,-0.205521,0.102275,1.044122,2.72604,-11.838739148193318,-43.855080971752294,21.708369017688845,-0.163903,-0.346782,0.135933,0.913455,0.722529,0.362015,0.58898,-0.134661,0.909316,-0.393714,F,BuildTutorial
19.431,0.303208,1.412534,2.667226,24.829062250308752,-16.034314638804872,0.1192529694655968,-0.21274,0.13643,-0.03099,-0.967041,0.960853,0.001889,0.277053,-0.117985,0.907563,0.403001,0.334412,1.128051,2.929033,-28.06902127974292,-16.752404889845057,-39.14511078941974,-0.178713,-0.213531,-0.354819,0.892508,0.657016,-0.557036,0.507977,0.709679,0.68433,-0.167476,0.101793,1.043998,2.725035,-11.818179091194915,-43.94872949179997,21.538377361192666,-0.163337,-0.347809,0.134513,0.913376,0.72187,0.359343,0.59142,-0.132102,0.910455,-0.391946,F,BuildTutorial
19.464,0.303639,1.412745,2.667182,24.795426947987647,-16.007101529615262,0.0751010207356519,-0.212516,0.136127,-0.030527,-0.967148,0.961075,0.001189,0.276285,-0.116906,0.90781,0.402758,0.333219,1.124122,2.941439,-25.63783290264129,-13.80511873274444,-45.42471920634184,-0.157936,-0.193143,-0.39835,0.882649,0.608027,-0.642198,0.466782,0.764214,0.632747,-0.124928,0.101343,1.044071,2.723929,-11.846834939278292,-44.00468814311576,21.435588958419117,-0.163315,-0.348349,0.133518,0.91332,0.721652,0.35767,0.592698,-0.130108,0.911003,-0.391339,F,BuildTutorial
19.498,0.304041,1.412867,2.667222,24.805447306059175,-15.922025725500724,0.0608804210646422,-0.21264,0.13538,-0.030261,-0.967234,0.961513,0.000964,0.274758,-0.116113,0.907737,0.403152,0.331617,1.119605,2.953773,-23.329249685542983,-11.144339072414462,-50.59261073971956,-0.141298,-0.17196,-0.434247,0.872866,0.56372,-0.709483,0.422912,0.806673,0.58293,-0.097322,0.100423,1.044523,2.72276,-11.88254932580998,-44.19121502435966,21.39228236478283,-0.16368,-0.349832,0.132787,0.912795,0.71997,0.356935,0.595181,-0.127893,0.911153,-0.391718,F,BuildTutorial
19.531,0.304555,1.412953,2.667364,24.82087492121492,-15.800692873754372,0.0388595077010686,-0.212828,0.134311,-0.029868,-0.967354,0.962137,0.000615,0.272567,-0.114956,0.907624,0.403737,0.329056,1.114595,2.965493,-20.819203668055287,-8.696748987346693,-54.6138885410352,-0.125876,-0.148914,-0.462081,0.865137,0.528612,-0.762037,0.373991,0.837015,0.541273,-0.080179,0.099466,1.044995,2.721744,-11.93826258545412,-44.37652598913691,21.27420636489765,-0.163969,-0.351375,0.131394,0.912352,0.718542,0.354984,0.598066,-0.124526,0.9117,-0.391531,F,BuildTutorial
19.564,0.305073,1.413091,2.667674,24.81839153749716,-15.663319098170913,0.0083106249069707,-0.212878,0.133095,-0.029352,-0.967526,0.962849,0.000132,0.270042,-0.113463,0.907643,0.404116,0.326181,1.108814,2.976966,-17.975233460417012,-6.876005505269755,-58.77283168479448,-0.10681,-0.12813,-0.491963,0.854486,0.483111,-0.81338,0.324063,0.868122,0.493128,-0.056466,0.099347,1.044847,2.720164,-11.895646323282934,-44.577349797491,21.260143220266947,-0.163822,-0.353071,0.131139,0.91176,0.716287,0.354816,0.600865,-0.123453,0.91193,-0.391336,F,BuildTutorial
19.598,0.305609,1.413226,2.668149,24.807587545184333,-15.530225872919516,-0.011026103093543,-0.212843,0.131938,-0.028929,-0.967705,0.963511,-0.000174,0.267669,-0.112154,0.907722,0.404305,0.32264,1.102461,2.98842,-14.939065381857796,-5.190172983921538,-62.19554474920693,-0.088015,-0.105517,-0.516632,0.84511,0.443915,-0.854648,0.269289,0.891796,0.45069,-0.039737,0.098037,1.04518,2.719172,-11.871466605555735,-44.842546297307344,21.23147705870099,-0.163847,-0.355265,0.130614,0.910978,0.713454,0.354391,0.604476,-0.121555,0.912189,-0.391326,F,BuildTutorial
19.631,0.306143,1.413317,2.668561,24.82689344183977,-15.39754339107972,-0.0737295514877067,-0.213111,0.130696,-0.028175,-0.967837,0.964249,-0.001169,0.264994,-0.110243,0.90758,0.405149,0.31951,1.098008,2.99792,-13.3007854181455,-3.204846800810464,-63.50739640623803,-0.08382,-0.084542,-0.525277,0.842562,0.433873,-0.870985,0.230521,0.89933,0.434116,-0.052431,0.097074,1.045288,2.717983,-11.802519319509493,-45.10063872098121,21.209730605397024,-0.163534,-0.357472,0.130308,0.910214,0.710467,0.354134,0.608133,-0.120298,0.912553,-0.390866,F,BuildTutorial
19.664,0.306643,1.413463,2.669114,24.78284257117709,-15.287161489699228,-0.1797587968500366,-0.212886,0.129578,-0.027024,-0.96807,0.964959,-0.002849,0.262387,-0.107493,0.907899,0.405173,0.315092,1.095312,3.006228,-12.610872520778187,-2.2976759426391413,-65.00215326824922,-0.081901,-0.075808,-0.535815,0.836928,0.414312,-0.884459,0.21466,0.909294,0.41239,-0.055853,0.096251,1.045434,2.716786,-11.793642941620952,-45.338985114812665,21.14166769878642,-0.163522,-0.359478,0.129458,0.909548,0.708033,0.353061,0.611586,-0.11793,0.913002,-0.390537,F,BuildTutorial
19.698,0.306953,1.413675,2.669725,24.738474794236268,-15.190749397435503,-0.2789027679085852,-0.212645,0.128591,-0.025957,-0.968283,0.965581,-0.004421,0.260065,-0.104956,0.908217,0.405125,0.311325,1.091178,3.014576,-10.505604914429489,-0.8161872186714728,-66.27212710788478,-0.072783,-0.055982,-0.544866,0.833481,0.399975,-0.900121,0.172635,0.916419,0.395648,-0.060321,0.095215,1.045611,2.715587,-11.75183144640844,-45.54209697054958,21.147420024312297,-0.163443,-0.361157,0.129358,0.908911,0.705665,0.353208,0.614232,-0.117093,0.913105,-0.390548,F,BuildTutorial
19.731,0.307191,1.413849,2.670273,24.731741872864763,-15.140488130669723,-0.3974907900140836,-0.212732,0.127948,-0.024854,-0.968378,0.966023,-0.006302,0.258378,-0.102572,0.908255,0.40565,0.307585,1.087652,3.021986,-8.872731061635097,0.3400164913994744,-67.57913243392633,-0.065931,-0.04056,-0.554285,0.82872,0.382247,-0.913345,0.140314,0.924042,0.376843,-0.064314,0.0943,1.045532,2.714151,-11.68949439032544,-45.81750569834579,21.041391747869927,-0.162931,-0.363604,0.128341,0.908171,0.702641,0.351596,0.618608,-0.114627,0.913965,-0.389268,F,BuildTutorial
19.764,0.307241,1.413998,2.670822,24.740275992633997,-15.108045684057322,-0.5743213488010271,-0.213008,0.127343,-0.023309,-0.968436,0.966481,-0.009105,0.256578,-0.099396,0.908169,0.406633,0.303031,1.085968,3.029253,-7.982564623890658,0.7423809866128149,-68.21352762183733,-0.061255,-0.033678,-0.558992,0.826222,0.372788,-0.919576,0.124132,0.927828,0.367552,-0.063569,0.093516,1.045055,2.71265,-11.542081481429191,-46.0797233135952,21.07344781483568,-0.162178,-0.365901,0.128736,0.907327,0.699087,0.352293,0.622228,-0.114928,0.914251,-0.388506,F,BuildTutorial
19.797,0.30721,1.414073,2.6713,24.749178889976367,-15.103804389951836,-0.7256801243593037,-0.213252,0.127023,-0.022032,-0.968454,0.96676,-0.011501,0.255429,-0.09685,0.908076,0.407453,0.299031,1.085622,3.03569,-7.745834272952879,1.3643767791997263,-68.36769564103463,-0.062545,-0.02812,-0.559862,0.825743,0.371528,-0.921087,0.116473,0.928122,0.365286,-0.071804,0.092424,1.044792,2.711396,-11.480190001492558,-46.28900703274139,20.937290963022505,-0.161494,-0.367861,0.127579,0.90682,0.696804,0.350197,0.625961,-0.112567,0.915287,-0.386755,F,BuildTutorial
19.831,0.307164,1.414123,2.67175,24.74415538882915,-15.123637408422692,-0.8493556710552755,-0.213343,0.126962,-0.021018,-0.968465,0.966878,-0.013463,0.254885,-0.094882,0.908086,0.407893,0.294489,1.08599,3.042085,-7.863223689374035,1.6640019103723085,-67.48940806014137,-0.065055,-0.026038,-0.5533,0.83003,0.386363,-0.915123,0.115215,0.921898,0.379254,-0.079181,0.091471,1.044436,2.71011,-11.427274714501188,-46.520553582983766,20.780683282886756,-0.160834,-0.370007,0.1262,0.906256,0.694336,0.347759,0.630048,-0.10972,0.916412,-0.384904,F,BuildTutorial
19.864,0.3069,1.414153,2.672157,24.761694780711768,-15.178275112585016,-0.9590161015675468,-0.213603,0.127214,-0.020213,-0.968392,0.966816,-0.015198,0.25502,-0.093494,0.907931,0.40856,0.290683,1.085606,3.048742,-7.539777792363978,2.310629081887244,-67.69730140127585,-0.065801,-0.019906,-0.554582,0.829285,0.384086,-0.917193,0.105999,0.922432,0.376219,-0.087057,0.090241,1.043946,2.709036,-11.291475096237493,-46.77433909730409,20.786825627105408,-0.160077,-0.372246,0.126372,0.90545,0.690927,0.348022,0.633641,-0.109671,0.916812,-0.383965,F,BuildTutorial
19.898,0.306528,1.414172,2.67256,24.80171291283839,-15.256417226675817,-1.1016913486339084,-0.214086,0.127595,-0.019199,-0.968255,0.966702,-0.017453,0.25531,-0.091812,0.907597,0.409681,0.287428,1.084119,3.05598,-6.6028822038502915,3.0189790690125142,-67.44120822189676,-0.062483,-0.010085,-0.552768,0.830928,0.388692,-0.91736,0.085838,0.919881,0.381088,-0.092688,0.08896,1.043532,2.708004,-11.173961280254034,-47.06117547665832,20.688496358156836,-0.159158,-0.374856,0.125612,0.90464,0.68741,0.346591,0.638234,-0.107945,0.91778,-0.382135,F,BuildTutorial
19.931,0.306061,1.414103,2.672872,24.86306362875027,-15.37492043531374,-1.2158567877462485,-0.214712,0.128362,-0.018527,-0.968028,0.96636,-0.019252,0.256471,-0.090991,0.907111,0.410938,0.284392,1.082738,3.063136,-5.747539706705155,3.5658800035881244,-67.0735470658378,-0.058937,-0.001784,-0.55021,0.832942,0.394533,-0.916375,0.067827,0.916796,0.387592,-0.096219,0.08784,1.043456,2.706727,-11.16264773543405,-47.34928975481874,20.678627254542267,-0.159353,-0.377163,0.125174,0.903707,0.684159,0.346446,0.641796,-0.106037,0.917876,-0.382439,F,BuildTutorial
19.966,0.30547,1.414165,2.673214,24.843770201849836,-15.512951812003948,-1.3470398771808385,-0.214675,0.129289,-0.017655,-0.96793,0.965945,-0.021333,0.257865,-0.089687,0.907206,0.411015,0.281238,1.081176,3.069894,-5.037952319446094,3.770840757165476,-66.7748717811865,-0.054765,0.003272,-0.548261,0.834506,0.398799,-0.915412,0.05459,0.914696,0.392822,-0.094991,0.086829,1.04331,2.705387,-11.135544252694212,-47.63427413834419,20.682355269869067,-0.159466,-0.379452,0.124904,0.902766,0.680831,0.346537,0.645276,-0.1045,0.917939,-0.38271,F,BuildTutorial
19.998,0.304702,1.414142,2.673644,24.8254533495857,-15.668566805746073,-1.4574915027554065,-0.214622,0.130403,-0.016992,-0.967804,0.965413,-0.023085,0.259702,-0.088864,0.907297,0.410993,0.279212,1.078714,3.075933,-3.7382604180055687,4.324919086961215,-66.33046358532417,-0.047915,0.013739,-0.545345,0.836729,0.404821,-0.913927,0.029268,0.911294,0.400607,-0.095168,0.085471,1.043297,2.70417,-11.072533997385465,-47.92725356329465,20.756280281963587,-0.159543,-0.381767,0.125305,0.90172,0.677105,0.347796,0.648511,-0.104164,0.91769,-0.3834,F,BuildTutorial
20.033,0.303849,1.414087,2.674229,24.832180296171245,-15.851391616229986,-1.560697298379679,-0.21477,0.131751,-0.016471,-0.967597,0.964741,-0.024718,0.26204,-0.088467,0.907205,0.411282,0.27814,1.07612,3.081541,-2.383230393513202,5.027128818184235,-65.82573993082846,-0.041266,0.02552,-0.541957,0.839004,0.411262,-0.911515,0.001905,0.907303,0.409159,-0.096906,0.084356,1.042959,2.702756,-11.036068899523762,-48.29910409230178,20.712868453152463,-0.159521,-0.384816,0.124578,0.900528,0.672794,0.347144,0.65333,-0.101599,0.918067,-0.383185,F,BuildTutorial
20.064,0.303031,1.413928,2.674355,24.88089466542382,-16.039355703877707,-1.6702093426795106,-0.215281,0.133114,-0.015958,-0.967306,0.964052,-0.026441,0.264394,-0.088186,0.906799,0.412236,0.277938,1.074328,3.085732,-1.6578884613939775,5.689193221249127,-66.15144780153261,-0.039189,0.033695,-0.544416,0.837222,0.404951,-0.914235,-0.013751,0.908953,0.40415,-0.102308,0.083079,1.042482,2.701388,-10.955089135358213,-48.6782271895691,20.83702017174065,-0.159727,-0.387763,0.12532,0.899123,0.66787,0.349228,0.657259,-0.101483,0.917565,-0.384417,F,BuildTutorial
20.104,0.302189,1.413802,2.674542,24.94571039021211,-16.209300735314155,-1.7047956681007763,-0.215844,0.134458,-0.016065,-0.966992,0.963326,-0.026975,0.266974,-0.089113,0.906306,0.41312,0.277362,1.075032,3.088607,-2.2424282147244203,6.020100833060324,-65.37331788675405,-0.044799,0.033634,-0.538331,0.840869,0.418136,-0.908346,-0.008331,0.902319,0.416385,-0.111553,0.081986,1.041757,2.69997,-10.783781281824592,-49.096524032363675,20.811934340708333,-0.158777,-0.39138,0.125171,0.897744,0.662307,0.349028,0.66297,-0.100459,0.918244,-0.383061,F,BuildTutorial
20.131,0.301207,1.413608,2.674843,24.99967471678144,-16.37589202427607,-1.7373654484134602,-0.216314,0.135781,-0.016171,-0.966701,0.962604,-0.027477,0.269515,-0.090009,0.905893,0.413831,0.277312,1.075335,3.090947,-2.187636808810623,6.39608370269077,-64.7015340179925,-0.045948,0.036921,-0.533271,0.843889,0.428518,-0.903435,-0.013309,0.89665,0.427022,-0.116928,0.081144,1.040956,2.698857,-10.612759626501152,-49.37373475502051,20.839304574106468,-0.157856,-0.393814,0.125634,0.896777,0.658254,0.349663,0.666662,-0.101,0.918595,-0.382076,F,BuildTutorial
20.164,0.300344,1.413481,2.675072,25.045456635183783,-16.578307143708894,-1.7791759637659914,-0.216721,0.137391,-0.016258,-0.966381,0.961719,-0.028128,0.272591,-0.090974,0.905535,0.414403,0.278078,1.074561,3.092164,-1.5893739277232264,6.637673460710322,-64.98817601390418,-0.042776,0.041386,-0.535583,0.842383,0.422876,-0.905872,-0.023906,0.898791,0.422642,-0.1164,0.080733,1.04036,2.697434,-10.54767740167424,-49.58163304832694,20.825215603189076,-0.157534,-0.395574,0.125479,0.89608,0.655552,0.349511,0.669398,-0.100246,0.918876,-0.381599,F,BuildTutorial
20.197,0.299542,1.413352,2.675358,25.127078491611353,-16.69127158734422,-1.7614925453194978,-0.217371,0.138344,-0.016724,-0.966091,0.961162,-0.027831,0.274577,-0.092458,0.90494,0.415373,0.279343,1.07405,3.092698,-1.2760654926315698,7.029653062530249,-64.68700604400841,-0.042187,0.045846,-0.533378,0.84358,0.426813,-0.903761,-0.032347,0.896025,0.427457,-0.120084,0.080144,1.039995,2.696437,-10.529773372391697,-49.71065036785803,20.740751369440755,-0.157245,-0.39673,0.124708,0.895727,0.654106,0.348177,0.671505,-0.098641,0.919444,-0.380648,F,BuildTutorial
20.23,0.29901,1.41314,2.67548,25.211702002973382,-16.68926746264644,-1.643123624295412,-0.217941,0.138518,-0.017825,-0.965918,0.96099,-0.025942,0.275363,-0.094812,0.904368,0.416088,0.280035,1.07382,3.093151,-1.203922724328532,7.218341983857043,-64.55072213373712,-0.042478,0.047622,-0.532341,0.844121,0.42869,-0.902767,-0.035172,0.894675,0.429617,-0.122416,0.079737,1.039297,2.695449,-10.441988233840496,-49.898065266389814,20.81389895934529,-0.157028,-0.398248,0.12535,0.895002,0.651372,0.349449,0.673499,-0.099305,0.91926,-0.380921,F,BuildTutorial
20.264,0.29853,1.412871,2.675577,25.28179657105308,-16.632784064731617,-1.514606838503296,-0.218385,0.138259,-0.018889,-0.965834,0.961055,-0.0239,0.275321,-0.096874,0.903903,0.416624,0.279827,1.073448,3.092735,-1.2759200165788285,6.938993610742159,-63.90839162243776,-0.041456,0.045462,-0.527667,0.847221,0.439002,-0.897869,-0.033283,0.890331,0.439699,-0.118224,0.079259,1.038591,2.69478,-10.336533874110964,-50.05040443331261,20.73331205665926,-0.156103,-0.399732,0.124907,0.894564,0.649226,0.348272,0.676175,-0.098676,0.920061,-0.379146,F,BuildTutorial
20.297,0.298176,1.412733,2.675592,25.337249649965827,-16.55183577169192,-1.4335797159674806,-0.218768,0.13771,-0.019487,-0.965814,0.961313,-0.022611,0.27453,-0.097895,0.903522,0.417211,0.2798,1.073695,3.091662,-1.6289327776822355,6.800030138610944,-63.35070973900764,-0.043215,0.043016,-0.523411,0.849896,0.448382,-0.893407,-0.027879,0.885971,0.448348,-0.118487,0.078641,1.038061,2.694628,-10.256724949441583,-50.114143434661464,20.701245046680008,-0.155447,-0.400412,0.124869,0.894379,0.648155,0.347847,0.67742,-0.098875,0.920488,-0.378056,F,BuildTutorial
20.331,0.297956,1.412588,2.675427,25.408507245103593,-16.436215662491797,-1.4061324268236566,-0.219355,0.136761,-0.019586,-0.965814,0.961826,-0.022166,0.272764,-0.097831,0.903,0.418355,0.279519,1.073419,3.090816,-1.5407835716007738,6.6260110022138194,-63.37819491084427,-0.041777,0.042119,-0.523723,0.84982,0.44788,-0.893661,-0.027828,0.886622,0.447937,-0.115123,0.078467,1.037812,2.694549,-10.164574400398743,-50.123026721793266,20.848166169264772,-0.155262,-0.400443,0.126349,0.89419,0.647363,0.350307,0.676909,-0.101613,0.919859,-0.378859,F,BuildTutorial
20.364,0.297698,1.4125,2.675137,25.461760753165127,-16.35103117442272,-1.3252896771441798,-0.219722,0.136178,-0.02017,-0.965801,0.962098,-0.020882,0.271904,-0.098803,0.902631,0.418922,0.279516,1.073045,3.090109,-1.470390050290855,6.681752277730661,-62.91321195604491,-0.041336,0.043023,-0.520285,0.851906,0.454905,-0.890025,-0.030291,0.882911,0.455189,-0.115197,0.078841,1.037775,2.694398,-10.259782736167956,-50.08421366164261,20.86252819427111,-0.156001,-0.399954,0.126157,0.894307,0.648242,0.350433,0.676002,-0.100861,0.919496,-0.379939,F,BuildTutorial
20.397,0.297612,1.412503,2.674836,25.417368703937584,-16.26378391177834,-1.272533796910227,-0.219301,0.13556,-0.020393,-0.965979,0.962415,-0.020059,0.27084,-0.098854,0.902982,0.418152,0.279813,1.072895,3.089497,-1.270177964363273,7.137380296030265,-62.54890515333753,-0.041767,0.047454,-0.51751,0.853339,0.459864,-0.887186,-0.037759,0.879258,0.460879,-0.120399,0.078862,1.038002,2.694994,-10.3397886032543,-49.96665687186041,20.839358794700033,-0.156406,-0.398928,0.125837,0.89474,0.650043,0.349972,0.67451,-0.100393,0.919405,-0.380285,F,BuildTutorial
20.431,0.297722,1.412564,2.674344,25.40711093084072,-16.14775712869402,-1.231550330714352,-0.219187,0.134664,-0.020504,-0.966128,0.962891,-0.019414,0.269193,-0.098653,0.903073,0.418004,0.279039,1.073587,3.089021,-1.583862659691754,6.790058457106712,-62.8748551970285,-0.042656,0.043326,-0.519904,0.852059,0.455646,-0.889673,-0.02948,0.88228,0.455762,-0.117741,0.079172,1.038021,2.695498,-10.332191056330924,-49.91997294247096,20.980469078885413,-0.156787,-0.398384,0.127031,0.894747,0.650307,0.352244,0.673071,-0.102399,0.918562,-0.381784,F,BuildTutorial
20.464,0.297897,1.41279,2.673738,25.36401917316862,-16.03592440209853,-1.2317907924524796,-0.218844,0.133736,-0.020236,-0.96634,0.96341,-0.019425,0.267326,-0.097644,0.903396,0.417542,0.277998,1.07462,3.088223,-1.843078215124928,6.512370654842116,-62.36236647643725,-0.043142,0.040275,-0.516062,0.854516,0.464117,-0.885441,-0.024303,0.87849,0.463639,-0.1153,0.079523,1.038387,2.69606,-10.416761673411507,-49.76807299368569,21.021491536293777,-0.157411,-0.396992,0.127244,0.895225,0.652413,0.352805,0.670736,-0.102842,0.918062,-0.382866,F,BuildTutorial
20.498,0.297928,1.413038,2.673231,25.280523678696007,-15.976024029483971,-1.2415243888041538,-0.218162,0.133242,-0.019939,-0.966568,0.963698,-0.019591,0.266275,-0.096682,0.904016,0.416423,0.277964,1.075071,3.087422,-1.7382307816714435,6.7958898554116365,-62.0932217207318,-0.043537,0.042965,-0.513999,0.855607,0.467918,-0.883304,-0.028767,0.875821,0.467819,-0.11867,0.080044,1.038865,2.696559,-10.566240015900314,-49.57433157174612,21.111052387377185,-0.158655,-0.39509,0.127655,0.895789,0.655217,0.354069,0.667328,-0.103337,0.917066,-0.385112,F,BuildTutorial
20.53,0.297934,1.413179,2.672817,25.216540750051067,-15.930648352682796,-1.2410278383882234,-0.21763,0.132883,-0.01978,-0.966741,0.963902,-0.019593,0.265536,-0.096084,0.904492,0.415527,0.277161,1.07546,3.087053,-1.7336400488475547,6.43357637667193,-62.20594455900339,-0.041917,0.040239,-0.514978,0.855232,0.466358,-0.884224,-0.025654,0.877477,0.466082,-0.113141,0.080645,1.039298,2.69694,-10.619751724448408,-49.45590625165959,21.130304883068284,-0.159001,-0.394042,0.127771,0.896172,0.656812,0.354315,0.665627,-0.103703,0.916787,-0.385679,F,BuildTutorial
20.564,0.297892,1.413181,2.672382,25.255510954488088,-15.862314684533706,-1.2182461326605147,-0.217944,0.132336,-0.019889,-0.966743,0.964183,-0.019229,0.264539,-0.096138,0.90421,0.416128,0.275927,1.076107,3.086643,-1.919212258853332,5.92180150059893,-61.97260806061707,-0.040928,0.035666,-0.513332,0.856471,0.470436,-0.882228,-0.019075,0.876389,0.46963,-0.106724,0.080817,1.039582,2.6974,-10.638318816513234,-49.3807553393249,21.27009317036598,-0.15954,-0.393227,0.1289,0.896273,0.657515,0.35653,0.663747,-0.105588,0.915863,-0.387357,F,BuildTutorial
20.598,0.297936,1.413179,2.671752,25.27001018877828,-15.846479197324896,-1.2094984349714375,-0.218059,0.132214,-0.01995,-0.966733,0.964243,-0.019088,0.264332,-0.096233,0.904105,0.416334,0.275447,1.077205,3.085804,-2.2245242609353673,5.968014363635899,-61.10862917087883,-0.043152,0.034966,-0.5067,0.860332,0.484066,-0.874877,-0.016434,0.868842,0.482787,-0.109685,0.081465,1.03959,2.697268,-10.687800781447782,-49.27712792209274,21.27555260633385,-0.159823,-0.39232,0.128904,0.896619,0.658938,0.356558,0.66232,-0.105751,0.915681,-0.387744,F,BuildTutorial
20.633,0.297867,1.41324,2.671282,25.235417942811623,-15.835298521299238,-1.2362199133279146,-0.2178,0.132081,-0.019662,-0.966815,0.964336,-0.019515,0.26396,-0.095554,0.904353,0.41595,0.274453,1.077522,3.085368,-2.1527561017340493,5.574733171557221,-60.90535929531493,-0.040817,0.032404,-0.50535,0.861339,0.487142,-0.873201,-0.014568,0.867911,0.48591,-0.103066,0.081729,1.039648,2.697226,-10.713707551001695,-49.17680357217442,21.35383922174589,-0.160177,-0.391379,0.129561,0.896872,0.660073,0.357779,0.660528,-0.10702,0.915115,-0.388731,F,BuildTutorial
20.664,0.297765,1.413228,2.670838,25.230364786532697,-15.82490063934245,-1.197843989091029,-0.217715,0.132068,-0.01996,-0.96683,0.96432,-0.018911,0.264065,-0.096101,0.904404,0.415714,0.273186,1.077788,3.084938,-2.076562540080326,4.949385622622257,-61.092154442594705,-0.037532,0.027979,-0.507,0.860674,0.484337,-0.874823,-0.010104,0.870623,0.483085,-0.092976,0.081934,1.039464,2.69682,-10.695617896483846,-49.19627164975272,21.41828890921651,-0.16028,-0.391474,0.130105,0.896734,0.659642,0.358829,0.660389,-0.107848,0.914767,-0.389321,F,BuildTutorial
20.698,0.297704,1.413191,2.670407,25.23910359020698,-15.778664261121904,-1.1372257452740608,-0.217727,0.13179,-0.020394,-0.966856,0.964431,-0.017953,0.263724,-0.096824,0.904358,0.415646,0.272833,1.077971,3.083994,-2.005871281161147,5.00622248113051,-60.36894409200264,-0.037071,0.028954,-0.501568,0.863838,0.495182,-0.868694,-0.012836,0.864401,0.49411,-0.093091,0.081553,1.039059,2.6964,-10.607015064279985,-49.26032611652049,21.360547943338943,-0.159473,-0.392215,0.129891,0.896585,0.658591,0.358012,0.66188,-0.107821,0.915393,-0.387853,F,BuildTutorial
20.731,0.297676,1.413229,2.669976,25.20274777561053,-15.75172609190642,-1.0935797993657166,-0.217375,0.131658,-0.020668,-0.966947,0.964478,-0.017269,0.263598,-0.097208,0.904642,0.414938,0.273209,1.078194,3.083248,-2.007766906421188,5.087853212424436,-60.62289656904315,-0.037508,0.029478,-0.503454,0.862704,0.491331,-0.870875,-0.013095,0.866452,0.490255,-0.094399,0.081003,1.038485,2.696008,-10.461543628675113,-49.32895880655784,21.39001368485949,-0.158532,-0.392972,0.130564,0.896323,0.657053,0.358652,0.663062,-0.109458,0.915642,-0.386807,F,BuildTutorial
20.764,0.297641,1.413297,2.669491,25.205202188730063,-15.695843469676747,-1.0359771857826694,-0.21734,0.131295,-0.021051,-0.966997,0.964637,-0.016359,0.263074,-0.097784,0.904641,0.414806,0.273284,1.078257,3.082384,-1.9167127157589428,4.973619517872429,-60.99811347496787,-0.036416,0.0289,-0.50635,0.861074,0.48555,-0.874114,-0.012891,0.869904,0.484568,-0.091981,0.080987,1.037846,2.695449,-10.33688518188108,-49.41961351494184,21.40521865011752,-0.157728,-0.393883,0.131019,0.895998,0.655381,0.359038,0.664506,-0.110532,0.915912,-0.385861,F,BuildTutorial
20.797,0.297611,1.413325,2.669067,25.227711947388023,-15.684666668031513,-0.9890867044608158,-0.217478,0.131282,-0.021452,-0.966958,0.96461,-0.015615,0.263219,-0.098589,0.904487,0.414951,0.27395,1.07821,3.081477,-1.8522969470243105,4.969524190462095,-60.961636881129195,-0.035905,0.029166,-0.506103,0.861232,0.486019,-0.873838,-0.013894,0.869649,0.485142,-0.091367,0.081035,1.037322,2.69486,-10.275236432459144,-49.466384920908496,21.341002778448445,-0.157086,-0.394447,0.130681,0.895912,0.654669,0.358082,0.665722,-0.110234,0.916493,-0.384564,F,BuildTutorial
20.83,0.297506,1.413271,2.668594,25.239241573847185,-15.690091779075718,-0.988006700063996,-0.217573,0.131326,-0.021485,-0.96693,0.964584,-0.015598,0.263315,-0.098694,0.904401,0.415113,0.275185,1.078245,3.080281,-1.7390138887443378,4.98753857159299,-61.29350233080128,-0.03522,0.029701,-0.508634,0.859749,0.480819,-0.876688,-0.015243,0.872503,0.480102,-0.090775,0.0812,1.037019,2.694332,-10.249503672789798,-49.46111420868055,21.38084258629471,-0.157019,-0.394397,0.131095,0.895885,0.654531,0.358748,0.665499,-0.111037,0.916318,-0.384749,F,BuildTutorial
20.864,0.297424,1.413314,2.668212,25.225512879980116,-15.72472794761337,-1.024810389131501,-0.217493,0.131553,-0.021224,-0.966923,0.964487,-0.016179,0.263636,-0.098268,0.904493,0.415013,0.275999,1.078091,3.079147,-1.6217458072470727,4.83995600536084,-61.21995769193989,-0.033667,0.029137,-0.508172,0.860104,0.481825,-0.876123,-0.015906,0.8722,0.481256,-0.087527,0.080831,1.037041,2.694018,-10.224468122032407,-49.51235341136848,21.44383636525919,-0.157102,-0.394756,0.13161,0.895637,0.653694,0.359783,0.665763,-0.111716,0.915996,-0.38532,F,BuildTutorial
20.897,0.297168,1.413352,2.667919,25.23532698194501,-15.767776399312936,-1.1137381575709675,-0.21767,0.131744,-0.020567,-0.966871,0.964441,-0.017582,0.263712,-0.097125,0.904393,0.415499,0.27709,1.078143,3.077671,-1.548621225062968,4.5499660544694756,-61.45819390774229,-0.031889,0.027219,-0.510069,0.859111,0.478178,-0.878147,-0.014236,0.874676,0.477626,-0.082559,0.080861,1.036808,2.693808,-10.179970802319891,-49.515530542185274,21.51949516971167,-0.157024,-0.394757,0.132362,0.89554,0.653295,0.361043,0.665472,-0.113098,0.915648,-0.385744,F,BuildTutorial
20.93,0.296956,1.413398,2.667625,25.254181622539765,-15.816605821372615,-1.1350975535348131,-0.217845,0.132109,-0.020502,-0.966784,0.964254,-0.017916,0.264374,-0.097201,0.904247,0.4158,0.279093,1.078882,3.075187,-1.7149529565831514,4.525745791336813,-61.5437428298714,-0.033047,0.026271,-0.510657,0.858747,0.477078,-0.878788,-0.011369,0.875315,0.476274,-0.083588,0.081038,1.036482,2.693909,-10.20660928197751,-49.45154453971088,21.493917652136165,-0.157067,-0.394244,0.132151,0.895789,0.654216,0.360605,0.664805,-0.112914,0.915732,-0.385598,F,BuildTutorial
20.964,0.296699,1.413373,2.667426,25.26598597949111,-15.866769819962268,-1.1330166712879453,-0.217933,0.132532,-0.020629,-0.966703,0.96402,-0.017882,0.265229,-0.09765,0.904159,0.415885,0.282286,1.081001,3.071257,-2.568904715167539,4.577327372430163,-60.9357393105586,-0.039549,0.023054,-0.505752,0.861464,0.487368,-0.873197,0.000284,0.86955,0.485302,-0.09146,0.081049,1.036411,2.694307,-10.195253572147257,-49.37133235717629,21.467717064877945,-0.156797,-0.393673,0.132098,0.896095,0.655143,0.360198,0.664112,-0.11329,0.91593,-0.385018,F,BuildTutorial
20.997,0.296435,1.413231,2.667038,25.33869519581887,-15.921140972033747,-1.1500320726049684,-0.218556,0.132933,-0.020676,-0.966507,0.963803,-0.01814,0.265998,-0.098073,0.903612,0.416974,0.287276,1.08292,3.066318,-3.5347980326911905,4.962717616729214,-60.54387779284543,-0.048426,0.02184,-0.502239,0.863095,0.494557,-0.869076,0.010944,0.864846,0.490821,-0.10553,0.080533,1.036569,2.695362,-10.140699263191696,-49.213064971282606,21.4653345460075,-0.156186,-0.392536,0.132497,0.896642,0.656721,0.360221,0.66254,-0.114987,0.916101,-0.384105,F,BuildTutorial
21.03,0.296084,1.413038,2.666632,25.42730754826863,-15.983606141766517,-1.151418661553123,-0.219293,0.133426,-0.02089,-0.966267,0.963522,-0.018147,0.267012,-0.09889,0.902949,0.418216,0.292693,1.085114,3.059195,-4.856738923166955,4.9477247737085595,-58.47137917817627,-0.058001,0.016957,-0.485914,0.871915,0.527201,-0.849318,0.026797,0.845384,0.521048,-0.117623,0.08081,1.036722,2.69611,-10.219946748782508,-49.03222529008989,21.51029291698532,-0.156741,-0.390917,0.132804,0.897206,0.659093,0.360851,0.659835,-0.11576,0.91559,-0.38509,F,BuildTutorial
21.064,0.295475,1.412835,2.666423,25.52922583276555,-16.08096274075292,-1.1414038186752644,-0.220122,0.13423,-0.021284,-0.965958,0.963059,-0.017975,0.268691,-0.100212,0.902187,0.419543,0.297521,1.087262,3.050503,-6.642235334213553,3.9899875893965326,-55.844971369441666,-0.067431,0.003596,-0.465425,0.882508,0.566734,-0.821967,0.05642,0.820997,0.557666,-0.122365,0.081059,1.037117,2.696727,-10.316965465131394,-48.93082449481757,21.554754261144552,-0.157523,-0.389888,0.132935,0.897498,0.660632,0.36145,0.657966,-0.115785,0.915029,-0.386413,F,BuildTutorial
21.097,0.294676,1.412442,2.666137,25.65816109987597,-16.206393240930957,-1.1307295033282876,-0.221172,0.135262,-0.021772,-0.965564,0.962461,-0.017788,0.270839,-0.101877,0.901218,0.421222,0.301108,1.088313,3.040196,-8.279990865500178,2.073182091742223,-52.08525429795026,-0.072775,-0.015479,-0.436649,0.89655,0.618197,-0.780702,0.091309,0.785208,0.608084,-0.116975,0.080875,1.037454,2.697532,-10.360282205014496,-48.872176573588426,21.738737521146874,-0.158414,-0.389097,0.134298,0.897482,0.661136,0.364337,0.655865,-0.117784,0.913738,-0.388857,F,BuildTutorial
21.13,0.293718,1.412039,2.666008,25.79367288442571,-16.386078135045192,-1.107057825402156,-0.22225,0.136773,-0.022485,-0.965087,0.961575,-0.017396,0.27399,-0.104195,0.900199,0.42283,0.302563,1.087226,3.028686,-8.932456930354833,-0.8159174405723494,-47.87708385491664,-0.068291,-0.038084,-0.405021,0.910958,0.669015,-0.732712,0.124704,0.743115,0.662589,-0.093572,0.080724,1.03749,2.69804,-10.362169523985411,-48.860989562128545,21.86061880698074,-0.158829,-0.388837,0.135261,0.897376,0.66102,0.366277,0.6549,-0.119242,0.912956,-0.390247,F,BuildTutorial
21.164,0.292761,1.411511,2.665752,26.01450509009146,-16.569198554828652,-1.030286577544175,-0.223979,0.138385,-0.023761,-0.964427,0.96057,-0.01616,0.277567,-0.107821,0.898538,0.425447,0.301309,1.085646,3.015501,-9.726459833175497,-4.428208403440682,-41.87241731239212,-0.065366,-0.066224,-0.358835,0.928751,0.733703,-0.65788,0.169924,0.675195,0.733929,-0.073891,0.080523,1.037252,2.698633,-10.383638650199916,-48.82164307302829,21.91873276698741,-0.159145,-0.388409,0.135692,0.89744,0.661452,0.367178,0.653959,-0.119924,0.912521,-0.391055,F,BuildTutorial
21.197,0.291676,1.410889,2.665552,26.279833068156712,-16.742369330309973,-0.9161848393949884,-0.226034,0.139971,-0.025392,-0.963676,0.959527,-0.014337,0.281252,-0.112216,0.896528,0.428539,0.297561,1.082747,3.000954,-10.180257150748869,-8.826810344537398,-36.1443605826865,-0.060318,-0.100309,-0.314566,0.941992,0.781973,-0.580536,0.226929,0.604738,0.79482,-0.050531,0.080545,1.036509,2.699541,-10.327472058816875,-48.68654561999108,21.936246824088187,-0.158611,-0.387429,0.136222,0.897878,0.662685,0.367522,0.652515,-0.12172,0.912572,-0.39038,F,BuildTutorial
21.23,0.290767,1.410158,2.665068,26.548924414728702,-16.85830838854083,-0.8405094179537148,-0.228176,0.141,-0.026596,-0.962989,0.958823,-0.013122,0.2837,-0.115569,0.894457,0.431961,0.291459,1.078747,2.987555,-9.79601308789529,-13.526354949221972,-31.86234197961232,-0.049325,-0.136102,-0.281246,0.948654,0.804753,-0.520184,0.285973,0.547037,0.836935,-0.017028,0.080643,1.035073,2.70092,-10.080611877908046,-48.48729802165861,21.914844345907472,-0.156396,-0.386346,0.137228,0.89858,0.66381,0.367466,0.651402,-0.125774,0.913418,-0.387103,F,BuildTutorial
21.264,0.290108,1.409528,2.664219,26.896132862115888,-16.899695179801444,-0.746031750303088,-0.230965,0.141414,-0.02791,-0.962226,0.958446,-0.011611,0.285036,-0.119035,0.891753,0.436587,0.285932,1.073822,2.974138,-8.962463265295227,-16.875858545713672,-28.17647080503052,-0.039353,-0.160702,-0.251165,0.953699,0.822182,-0.466424,0.326291,0.49172,0.870735,0.005664,0.081328,1.03391,2.70232,-9.89524909855922,-48.15028806622793,21.901960620119844,-0.154515,-0.384055,0.138256,0.899729,0.666774,0.36747,0.648366,-0.1301,0.914021,-0.384239,F,BuildTutorial
21.297,0.289345,1.409026,2.663327,27.112913175966515,-16.895976362333606,-0.7435997972848951,-0.232782,0.141311,-0.028196,-0.961795,0.958472,-0.011553,0.284952,-0.120026,0.890035,0.439809,0.280604,1.068806,2.962039,-8.168578511168267,-19.3138613566858,-25.312561783662417,-0.031848,-0.178641,-0.227106,0.956816,0.833021,-0.423218,0.356318,0.445976,0.894817,0.020195,0.082365,1.033313,2.704255,-9.883835558122954,-47.646599440863575,21.939254822044667,-0.153941,-0.380067,0.139268,0.901363,0.672307,0.368077,0.642279,-0.134046,0.913814,-0.383375,F,BuildTutorial
21.33,0.288513,1.408614,2.662417,27.223725853436388,-16.893913344396257,-0.7721192649017178,-0.233747,0.141196,-0.028092,-0.96158,0.958549,-0.011984,0.284676,-0.120034,0.889146,0.441601,0.273928,1.06444,2.951385,-7.805141946331549,-21.824928821416695,-22.13728754444913,-0.029326,-0.198187,-0.200721,0.958944,0.840866,-0.373337,0.391873,0.396585,0.917702,0.023317,0.082912,1.033716,2.706585,-9.929736565915972,-47.129869609070504,22.104854085171898,-0.154211,-0.375693,0.141103,0.902864,0.67789,0.370665,0.63488,-0.138922,0.912618,-0.384485,F,BuildTutorial
21.364,0.287909,1.408209,2.661294,27.387928863717537,-16.908830077621687,-0.6752479164258086,-0.235001,0.141461,-0.029142,-0.961205,0.958279,-0.010463,0.285642,-0.12251,0.887851,0.443522,0.268246,1.060951,2.942543,-7.337054086144936,-23.25828856617085,-19.6632722850507,-0.027401,-0.20891,-0.179614,0.960908,0.848192,-0.333735,0.411329,0.356633,0.933976,0.022386,0.083695,1.034353,2.708756,-9.961715737998954,-46.66266890149049,22.346738664562057,-0.154668,-0.371625,0.143527,0.904087,0.68259,0.374478,0.627564,-0.144564,0.910956,-0.386344,F,BuildTutorial
21.397,0.287314,1.407971,2.660115,27.531351379601965,-16.845920581971555,-0.6692619209837926,-0.236212,0.140895,-0.029243,-0.960988,0.958587,-0.010357,0.284611,-0.122767,0.886697,0.445754,0.263328,1.05854,2.935769,-7.113082344280555,-23.910172434754458,-19.09415907621513,-0.025557,-0.213948,-0.17462,0.960771,0.847468,-0.324603,0.420036,0.346475,0.93771,0.025611,0.084666,1.035298,2.711244,-10.103919539056228,-46.127962321783954,22.4840569690968,-0.155544,-0.366954,0.144838,0.905634,0.688733,0.376496,0.619595,-0.148185,0.909656,-0.38803,F,BuildTutorial
21.43,0.286748,1.407881,2.658864,27.57884111173781,-16.733461189793314,-0.6441385912109051,-0.236608,0.139987,-0.029281,-0.961022,0.959093,-0.009965,0.282917,-0.122523,0.886319,0.446573,0.258774,1.056154,2.930295,-6.853017466376185,-24.422933509182087,-18.691360618349297,-0.023353,-0.217826,-0.170907,0.960624,0.846686,-0.318181,0.426479,0.338529,0.940491,0.029589,0.086186,1.036158,2.713209,-10.297016827287758,-45.51532723635436,22.646222305790843,-0.156786,-0.361527,0.146288,0.907368,0.695796,0.378838,0.610204,-0.152109,0.908036,-0.390299,F,BuildTutorial
21.464,0.286278,1.4079,2.657558,27.591439436939112,-16.587069590727246,-0.5815768582834308,-0.236675,0.138884,-0.029519,-0.961158,0.95968,-0.008997,0.280952,-0.122485,0.886227,0.446765,0.254175,1.053447,2.92583,-6.350319675679099,-25.001284103598728,-17.776110047585696,-0.020035,-0.221878,-0.162455,0.961237,0.848757,-0.303424,0.433065,0.321206,0.946414,0.033573,0.087465,1.037093,2.714939,-10.484404835228665,-44.97979995872998,22.740345559618195,-0.157858,-0.356802,0.147128,0.908915,0.702091,0.380102,0.602155,-0.154806,0.906869,-0.39195,F,BuildTutorial
21.497,0.28583,1.407995,2.656212,27.55163952367238,-16.434486888269102,-0.5164042400512684,-0.236302,0.137752,-0.029702,-0.961407,0.960284,-0.007991,0.27891,-0.122214,0.886558,0.446182,0.25039,1.051529,2.923226,-6.193895294943424,-25.17621318419756,-18.209541775776735,-0.017626,-0.223224,-0.165837,0.960395,0.845338,-0.310669,0.434613,0.326407,0.944375,0.040181,0.089123,1.037835,2.715714,-10.707167101322716,-44.479778124080795,22.878378470153073,-0.159382,-0.352221,0.148161,0.910267,0.707977,0.382008,0.594003,-0.157457,0.905292,-0.394531,F,BuildTutorial
21.53,0.285354,1.40797,2.654741,27.526683798092268,-16.254688128909223,-0.4089281982771887,-0.236011,0.136473,-0.030203,-0.961645,0.960926,-0.006328,0.276734,-0.122508,0.886773,0.445674,0.24654,1.049668,2.921369,-6.1079785994270255,-25.440769550352847,-17.7246140926503,-0.017474,-0.225262,-0.161657,0.960635,0.846248,-0.302714,0.438439,0.318458,0.947124,0.039259,0.09004,1.038334,2.716344,-10.879360204389732,-44.05417049741288,22.937465775478454,-0.160359,-0.348428,0.148646,0.911475,0.713005,0.382722,0.587494,-0.159228,0.904379,-0.395911,F,BuildTutorial
21.563,0.284975,1.407882,2.653202,27.533126465969364,-16.072257658186338,-0.2962124419146544,-0.23598,0.135172,-0.030781,-0.961818,0.961562,-0.004585,0.274549,-0.123007,0.886732,0.445618,0.242349,1.047775,2.920152,-5.857834000485469,-26.11138696524677,-16.95484602573809,-0.015974,-0.230476,-0.154838,0.960547,0.845812,-0.290096,0.447713,0.304822,0.95154,0.040687,0.08953,1.038909,2.717085,-10.899141541595917,-43.74420544916337,22.952223893234834,-0.160156,-0.345903,0.149131,0.912393,0.716223,0.382929,0.58343,-0.161335,0.90422,-0.395421,F,BuildTutorial
21.597,0.284607,1.407837,2.65168,27.60421563305492,-15.91582619322176,-0.180365046523787,-0.236483,0.134076,-0.031515,-0.961824,0.962061,-0.002791,0.272821,-0.124036,0.886165,0.44646,0.239123,1.047081,2.9197,-5.965257697792193,-26.163556180580695,-17.065477511378855,-0.016584,-0.231053,-0.155975,0.960214,0.844573,-0.291874,0.448894,0.307201,0.950794,0.040228,0.088974,1.039112,2.717237,-10.903840962064091,-43.54456109594293,22.952942249055766,-0.159935,-0.344303,0.1494,0.912993,0.71827,0.382935,0.580904,-0.16267,0.904201,-0.394917,F,BuildTutorial
21.63,0.28421,1.407988,2.650236,27.564167987860543,-15.778072431538725,-0.1409403717456924,-0.236139,0.133013,-0.031515,-0.962057,0.962629,-0.00218,0.270815,-0.123458,0.88649,0.445975,0.236431,1.045543,2.920491,-5.165298181773717,-25.68208843948732,-17.824102208882294,-0.009008,-0.226147,-0.160784,0.96069,0.846013,-0.304853,0.43741,0.313001,0.948135,0.055414,0.088454,1.039222,2.716776,-10.960890603643213,-43.32644657831713,22.87894035086779,-0.159877,-0.342559,0.148926,0.913736,0.720949,0.381692,0.578398,-0.162623,0.904521,-0.394203,F,BuildTutorial
21.664,0.283768,1.408266,2.648819,27.46463089571797,-15.693340257523728,-0.1086620903259924,-0.235289,0.132397,-0.031496,-0.96235,0.962958,-0.001683,0.269646,-0.122923,0.887295,0.44452,0.235159,1.04439,2.920629,-5.295738578118527,-24.928310335318663,-17.929888311002173,-0.010961,-0.219994,-0.161844,0.96192,0.850819,-0.30654,0.42678,0.316185,0.947373,0.050123,0.087941,1.038991,2.715629,-10.927899061460652,-43.29883778488288,22.912396091821215,-0.159682,-0.342355,0.14934,0.913779,0.720981,0.382264,0.57798,-0.163592,0.904398,-0.394083,F,BuildTutorial
21.697,0.283192,1.408574,2.647424,27.394246793288577,-15.601144657570206,-0.0901605427926132,-0.234702,0.131681,-0.031381,-0.962596,0.963351,-0.001397,0.268242,-0.122226,0.887861,0.443581,0.232464,1.045186,2.919918,-6.434449798918458,-25.486239165464134,-17.24883700615316,-0.021095,-0.225951,-0.158272,0.960964,0.847792,-0.294655,0.440938,0.31372,0.94901,0.030981,0.086785,1.038363,2.714491,-10.784847512078676,-43.36194132961834,22.797543001922353,-0.158297,-0.343289,0.148808,0.913756,0.720017,0.380632,0.580254,-0.163265,0.905596,-0.391459,F,BuildTutorial
21.73,0.282577,1.408831,2.646072,27.273286149862596,-15.587670263289567,-0.0270967412136291,-0.233617,0.131731,-0.031744,-0.962841,0.963279,-0.00042,0.268503,-0.122678,0.888831,0.441509,0.230781,1.043831,2.919749,-5.6250683721705785,-25.232776694579627,-18.38405419878035,-0.012419,-0.223007,-0.166279,0.960451,0.845239,-0.313867,0.432504,0.324945,0.944394,0.050307,0.08583,1.037513,2.712753,-10.59703092999596,-43.44353440899869,22.78922003405781,-0.156903,-0.344306,0.149249,0.913542,0.718356,0.380736,0.582241,-0.164645,0.906212,-0.38945,F,BuildTutorial
21.763,0.281794,1.408935,2.644974,27.200009089001384,-15.615839541290669,0.0244364738998307,-0.232934,0.132093,-0.03215,-0.962943,0.963036,0.00038,0.269373,-0.123456,0.889416,0.440111,0.230867,1.042988,2.919717,-5.288057709815931,-24.502339387748183,-18.604817795242788,-0.010223,-0.216471,-0.167456,0.961766,0.850197,-0.317681,0.419813,0.326533,0.943708,0.052835,0.085181,1.036426,2.710975,-10.40284683854353,-43.557321147551065,22.760561362120367,-0.15544,-0.345618,0.149507,0.913255,0.716391,0.380521,0.584796,-0.165629,0.906972,-0.387257,F,BuildTutorial
21.797,0.281084,1.408989,2.643754,27.19490521354381,-15.64861686895585,0.0348199712879609,-0.23287,0.132391,-0.032298,-0.962913,0.962859,0.000541,0.270006,-0.123861,0.889457,0.439915,0.230974,1.042917,2.919263,-5.438451940835198,-24.486039878118355,-18.18524475513868,-0.012306,-0.216485,-0.164197,0.962301,0.852347,-0.310685,0.420689,0.321341,0.945776,0.047408,0.084313,1.035811,2.709195,-10.33683114156273,-43.62475959457088,22.69718959322498,-0.154818,-0.346365,0.149129,0.913139,0.715584,0.379598,0.586383,-0.165104,0.907584,-0.386047,F,BuildTutorial
21.83,0.280335,1.408922,2.642556,27.163497096445663,-15.644610970877654,0.0540238636618137,-0.232585,0.132405,-0.032415,-0.962976,0.962836,0.00084,0.270084,-0.124021,0.889707,0.439363,0.232862,1.042921,2.920099,-5.0346133241228355,-23.846090487636783,-18.886136771388763,-0.008528,-0.210652,-0.169324,0.962747,0.85391,-0.322439,0.408497,0.329625,0.942513,0.054916,0.083273,1.035636,2.70759,-10.360529983011183,-43.66082913107089,22.651522978678297,-0.154913,-0.34667,0.148638,0.913088,0.715454,0.378847,0.587028,-0.164033,0.907818,-0.385954,F,BuildTutorial
21.864,0.279714,1.408934,2.641447,27.10997393037376,-15.55796368298703,0.1397182775913277,-0.232061,0.131865,-0.032898,-0.96316,0.963059,0.00217,0.269283,-0.124573,0.890131,0.438347,0.237125,1.044887,2.92314,-5.507345425566052,-22.86757384845171,-19.101827025764926,-0.013582,-0.203075,-0.171835,0.963872,0.858467,-0.325738,0.396144,0.33677,0.940576,0.043608,0.081506,1.035576,2.706232,-10.322699490619076,-43.84347622193619,22.623937051397412,-0.154769,-0.348233,0.148297,0.912573,0.713484,0.378455,0.589671,-0.162873,0.908109,-0.38576,F,BuildTutorial
21.897,0.279211,1.409084,2.640322,26.98141427064591,-15.435302622380258,0.2832161655220469,-0.230851,0.131157,-0.03371,-0.963519,0.963323,0.004405,0.268308,-0.125516,0.891143,0.436017,0.243341,1.048109,2.928177,-6.1210426597250525,-21.53191967466813,-18.23538323875536,-0.02223,-0.192486,-0.165299,0.967022,0.871251,-0.311138,0.379626,0.328254,0.944364,0.020642,0.080352,1.035179,2.704686,-10.224354968120275,-44.01877303066749,22.592770964261724,-0.154129,-0.349854,0.14814,0.912086,0.711314,0.378078,0.592529,-0.162387,0.908598,-0.384813,F,BuildTutorial
21.93,0.278765,1.409307,2.639271,26.799873857130983,-15.25081071135056,0.4347966447532727,-0.229206,0.129954,-0.03441,-0.96405,0.963856,0.006772,0.266339,-0.125918,0.892561,0.432989,0.250835,1.0528,2.935874,-6.708380536765836,-19.80978895875956,-18.188492777202413,-0.02977,-0.17867,-0.165374,0.969455,0.881457,-0.310008,0.356272,0.331284,0.94353,0.001374,0.079176,1.034919,2.703374,-10.171053684416345,-44.14286928170584,22.608327274551065,-0.153919,-0.35092,0.148275,0.91169,0.70974,0.378388,0.594215,-0.162336,0.908647,-0.384717,F,BuildTutorial
21.963,0.278393,1.409446,2.638283,26.745829194681637,-15.016047141857369,0.5583908865493752,-0.228683,0.128238,-0.034921,-0.964386,0.964671,0.008703,0.263314,-0.126007,0.892969,0.43212,0.259694,1.058639,2.945178,-7.395213365339821,-17.67165922582651,-18.201511493612827,-0.038678,-0.161434,-0.16575,0.972096,0.892932,-0.309763,0.32668,0.334738,0.942062,-0.021682,0.078231,1.034553,2.702438,-10.139804536513386,-44.2243156436213,22.672426901281312,-0.153976,-0.35154,0.14878,0.911359,0.708569,0.379441,0.594941,-0.162926,0.908312,-0.38526,F,BuildTutorial
21.997,0.278182,1.409679,2.637202,26.67218999918993,-14.769112623550797,0.7022866676715939,-0.227979,0.126462,-0.03556,-0.964764,0.965486,0.010952,0.260226,-0.126275,0.893523,0.430897,0.268643,1.064971,2.9545,-7.845788200333147,-15.711056068587457,-18.637442488567775,-0.044798,-0.14553,-0.169258,0.973738,0.900345,-0.316587,0.298582,0.342665,0.93869,-0.037978,0.077691,1.034204,2.701705,-10.202461872834188,-44.23618143170743,22.68007562584749,-0.154506,-0.351507,0.148615,0.911309,0.708713,0.379488,0.594739,-0.162248,0.908083,-0.386085,F,BuildTutorial
22.03,0.278051,1.409976,2.636262,26.53193079206829,-14.531379716141574,0.8075816941898524,-0.226756,0.124697,-0.035825,-0.965272,0.966335,0.012611,0.25698,-0.125714,0.894597,0.428827,0.281861,1.06963,2.959557,-8.762066497319395,-14.836028068132398,-18.029035929929375,-0.054644,-0.139009,-0.16466,0.974976,0.907127,-0.305887,0.289056,0.336271,0.939802,-0.060775,0.07679,1.033653,2.701767,-10.141400571594472,-44.21632813809197,22.605861622015393,-0.153774,-0.351563,0.148256,0.91147,0.708847,0.378385,0.595282,-0.16214,0.908747,-0.384564,F,BuildTutorial
22.063,0.27784,1.410367,2.635637,26.354297397091425,-14.319429692677922,0.924102782537394,-0.225199,0.123174,-0.036202,-0.965817,0.967035,0.014452,0.254232,-0.125407,0.89595,0.426084,0.287926,1.07764,2.967964,-10.042109057605588,-13.973991898492647,-17.554171574429656,-0.067364,-0.133014,-0.161398,0.975561,0.912516,-0.296987,0.281272,0.332829,0.938825,-0.088499,0.076225,1.032854,2.701705,-9.981661509712454,-44.254854913190194,22.74891360794749,-0.153011,-0.351976,0.149877,0.911174,0.707299,0.380841,0.595557,-0.165416,0.908249,-0.384346,F,BuildTutorial
22.097,0.277686,1.410767,2.634959,26.14487220295934,-14.129484594617656,1.0719531714481787,-0.223335,0.121898,-0.03686,-0.966387,0.967565,0.016794,0.252065,-0.12569,0.897525,0.422671,0.292919,1.084321,2.975498,-10.697743165398627,-12.813828683924958,-17.51956905407892,-0.074637,-0.123915,-0.160963,0.976302,0.917472,-0.2958,0.265985,0.332794,0.93704,-0.105845,0.076071,1.032379,2.701923,-9.938392850252908,-44.25305597596855,22.801824200570884,-0.152832,-0.351972,0.150445,0.911112,0.706964,0.381729,0.595386,-0.166559,0.908018,-0.384399,F,BuildTutorial
22.13,0.277641,1.411096,2.63433,25.959971505749568,-13.93317778069164,1.22138741757285,-0.22168,0.120561,-0.037551,-0.966909,0.96811,0.019165,0.249792,-0.126069,0.898896,0.419634,0.297554,1.090019,2.982765,-11.43042963294054,-12.097371185106573,-17.19552285989879,-0.082242,-0.118476,-0.158301,0.976801,0.921808,-0.289771,0.257492,0.328745,0.936354,-0.123158,0.07536,1.032476,2.702695,-9.96513274735944,-44.18972260958141,22.817675253601877,-0.153007,-0.351397,0.150566,0.911284,0.7077,0.38195,0.59437,-0.166885,0.907837,-0.384683,F,BuildTutorial
22.163,0.277612,1.411347,2.633871,25.827480224091357,-13.767270301946038,1.3943796110920592,-0.220435,0.119513,-0.038558,-0.967284,0.96846,0.021904,0.248206,-0.127283,0.899844,0.417229,0.299207,1.094477,2.989403,-12.217812955573269,-11.928406171361194,-16.610278636086058,-0.089809,-0.117522,-0.153789,0.976971,0.925075,-0.279386,0.257254,0.321604,0.936566,-0.139335,0.075181,1.032411,2.703223,-9.864845243890985,-44.1999472266082,23.029502708079303,-0.152884,-0.351384,0.152572,0.910976,0.706502,0.385421,0.593553,-0.170537,0.906697,-0.38577,F,BuildTutorial
22.196,0.277683,1.411517,2.633555,25.760364057537956,-13.623511377217431,1.565838581935337,-0.219739,0.118637,-0.039663,-0.967506,0.968704,0.024611,0.246995,-0.128887,0.900283,0.415786,0.300317,1.097396,2.996127,-12.47460518168307,-11.40808805860194,-16.67546319086311,-0.092639,-0.113434,-0.15412,0.977138,0.92676,-0.280175,0.250237,0.322209,0.93533,-0.146077,0.075814,1.032374,2.703589,-9.851268022655647,-44.17896872950339,23.159136858232635,-0.153147,-0.35107,0.153676,0.910868,0.706267,0.387488,0.592486,-0.172426,0.905859,-0.386896,F,BuildTutorial
22.23,0.277821,1.411654,2.633346,25.72663100117295,-13.525385859552962,1.7286838167075158,-0.21932,0.118124,-0.040817,-0.967615,0.968762,0.027177,0.246501,-0.130805,0.900465,0.414792,0.299747,1.098214,3.002645,-12.184754342947036,-11.359560672275872,-16.28781069822278,-0.090605,-0.112378,-0.150566,0.978004,0.929402,-0.274144,0.247096,0.314872,0.938242,-0.143383,0.076701,1.032924,2.704019,-9.957411097685618,-43.998453403721086,23.137194454910155,-0.15367,-0.349463,0.153389,0.911446,0.708695,0.387015,0.589891,-0.172207,0.905715,-0.387331,F,BuildTutorial
22.263,0.277942,1.411801,2.633262,25.701444049907167,-13.447929802055238,1.8298773279023233,-0.219031,0.117666,-0.041499,-0.967708,0.968865,0.028774,0.245911,-0.131863,0.900607,0.414149,0.298724,1.098232,3.008466,-12.137179537312946,-11.09563201843941,-16.041092271614172,-0.090781,-0.109876,-0.148217,0.978631,0.931918,-0.27015,0.241967,0.310049,0.939581,-0.145111,0.077547,1.033262,2.704193,-9.963388473676003,-43.92890351192752,23.283476958402183,-0.154069,-0.348702,0.154626,0.911461,0.708995,0.38932,0.58801,-0.174423,0.904707,-0.388693,F,BuildTutorial
22.298,0.278195,1.411939,2.633408,25.645504713373573,-13.397599684481657,1.8497677261507668,-0.218556,0.117284,-0.041517,-0.967861,0.969042,0.029099,0.245176,-0.131631,0.90102,0.413324,0.297046,1.097613,3.013588,-12.030785605517552,-11.102421040642906,-16.195360953730926,-0.089713,-0.109936,-0.149465,0.978533,0.931149,-0.272787,0.24197,0.312238,0.939224,-0.142712,0.07776,1.033901,2.704532,-10.036905797182762,-43.85672860388944,23.3351677306227,-0.154705,-0.347918,0.15489,0.911608,0.709924,0.390047,0.586406,-0.174748,0.904151,-0.389838,F,BuildTutorial
22.33,0.278491,1.412222,2.633744,25.56716272259397,-13.422407971024674,1.8084723394944455,-0.217927,0.117422,-0.04114,-0.968002,0.969039,0.028468,0.245261,-0.130826,0.901631,0.412246,0.295394,1.095281,3.018076,-11.340525383790595,-11.016519265657893,-16.044645034521885,-0.084054,-0.10831,-0.147626,0.979495,0.932951,-0.27099,0.236996,0.307406,0.942283,-0.132683,0.077904,1.034412,2.704968,-10.151803680027,-43.69804113421375,23.206344921507178,-0.155002,-0.34661,0.153698,0.912257,0.712476,0.387876,0.584748,-0.172974,0.904702,-0.389351,F,BuildTutorial
22.368,0.278824,1.412417,2.634244,25.464996460966113,-13.503927559062792,1.7102457790660015,-0.217135,0.117934,-0.040366,-0.96815,0.968925,0.026945,0.245884,-0.129375,0.902446,0.410917,0.29336,1.093049,3.021544,-11.019170552636416,-11.12298726773313,-15.802782217545776,-0.081392,-0.108687,-0.145406,0.98001,0.934089,-0.267306,0.236698,0.302691,0.944465,-0.127924,0.0776,1.034524,2.705249,-10.130901789714915,-43.674992986944304,23.141481242127966,-0.154611,-0.346554,0.153282,0.912415,0.71281,0.386875,0.585004,-0.172551,0.9052,-0.388379,F,BuildTutorial
22.396,0.279166,1.412507,2.634839,25.45455530331216,-13.58869436029435,1.5660277820156194,-0.217166,0.118378,-0.039298,-0.968133,0.968885,0.024675,0.246279,-0.127506,0.902589,0.411188,0.292392,1.090777,3.025457,-10.353700406885691,-10.741224195606582,-17.66160533883911,-0.074459,-0.105902,-0.160565,0.978499,0.926008,-0.298454,0.231161,0.329995,0.93735,-0.111707,0.07703,1.034463,2.70554,-10.081211384728674,-43.71807272931363,22.981784180784345,-0.153795,-0.347206,0.152117,0.9125,0.712616,0.38441,0.586862,-0.170816,0.906415,-0.386307,F,BuildTutorial
22.43,0.279619,1.412647,2.635587,25.413435494981396,-13.70771276341294,1.4771526558701655,-0.21687,0.11922,-0.038732,-0.968119,0.968573,0.023284,0.247638,-0.126705,0.902935,0.410676,0.2912,1.088537,3.028863,-9.97783422104537,-10.499896440855794,-17.85103587703321,-0.071407,-0.103486,-0.161775,0.978785,0.926239,-0.301907,0.225686,0.331465,0.93746,-0.106302,0.076309,1.034506,2.705635,-10.07480467759366,-43.79238125484007,22.784425352997054,-0.153244,-0.348074,0.150467,0.912535,0.712409,0.381293,0.589143,-0.167933,0.907752,-0.384428,F,BuildTutorial
22.463,0.280051,1.412714,2.636562,25.393859783061867,-13.828020644676055,1.40434377347282,-0.21674,0.120101,-0.038325,-0.968055,0.968214,0.02214,0.249142,-0.126263,0.90311,0.410428,0.290334,1.08626,3.032243,-9.197807916190346,-10.15116379317165,-18.66496730825947,-0.064508,-0.099969,-0.168007,0.97858,0.92356,-0.315918,0.217331,0.341713,0.935225,-0.092662,0.075521,1.034619,2.705742,-10.039780027049265,-43.89692886327118,22.62934848843893,-0.152634,-0.349179,0.149209,0.912422,0.711622,0.378876,0.591648,-0.165689,0.908879,-0.382735,F,BuildTutorial
22.497,0.280527,1.412603,2.637596,25.49497412214436,-13.916556230721172,1.267545070098443,-0.217709,0.120576,-0.037439,-0.967813,0.96812,0.019968,0.249691,-0.12497,0.902402,0.412375,0.289743,1.085609,3.035037,-9.0230334923816,-9.71185279895774,-20.70663313427484,-0.061935,-0.0971,-0.185068,0.975954,0.912643,-0.349208,0.212454,0.373264,0.923828,-0.084951,0.075189,1.034514,2.705323,-10.02416552726624,-44.035608697597915,22.550539406785767,-0.152451,-0.350417,0.148449,0.912102,0.710342,0.377644,0.59397,-0.163958,0.909443,-0.38214,F,BuildTutorial
22.53,0.2811,1.412513,2.638711,25.551055120452325,-14.001707173744238,1.1455961982975802,-0.218284,0.121055,-0.036628,-0.967655,0.968008,0.018039,0.25027,-0.123736,0.902021,0.41358,0.289115,1.085851,3.037341,-8.742586762735892,-9.613099422052676,-24.13404138152803,-0.056807,-0.09758,-0.21396,0.970295,0.889399,-0.404122,0.213671,0.426295,0.901988,-0.068482,0.074744,1.034405,2.704864,-10.023754183390512,-44.19717087109782,22.39880719226045,-0.152191,-0.351905,0.147028,0.911802,0.709091,0.375235,0.596982,-0.161008,0.910441,-0.381017,F,BuildTutorial
22.563,0.281587,1.412385,2.639982,25.648422603533582,-14.092274175139533,1.0755544994970407,-0.219152,0.121671,-0.036309,-0.967394,0.967756,0.01692,0.251322,-0.123578,0.901308,0.415178,0.288799,1.084911,3.039338,-7.854992142478686,-9.10274840763495,-25.796143005394285,-0.048884,-0.09241,-0.227289,0.9682,0.879601,-0.431087,0.201164,0.449156,0.8919,-0.052652,0.073685,1.034496,2.704868,-10.003181887383263,-44.360735180680344,22.296493224047783,-0.151924,-0.35338,0.146066,0.911431,0.707575,0.373632,0.599781,-0.158885,0.911168,-0.380169,F,BuildTutorial
22.597,0.282062,1.412203,2.641166,25.75943935763159,-14.185017463311553,0.9172564325767169,-0.220229,0.122132,-0.035265,-0.96713,0.967681,0.014417,0.251767,-0.122005,0.900511,0.417366,0.288074,1.085498,3.040039,-8.111397199168987,-8.792633742636257,-25.313173454344813,-0.052051,-0.090056,-0.223205,0.969206,0.884139,-0.423288,0.197802,0.442038,0.894941,-0.060694,0.073472,1.034268,2.704262,-9.863507562369987,-44.576166036266294,22.133467975170536,-0.150598,-0.355564,0.144955,0.910979,0.705125,0.371197,0.604163,-0.157008,0.912616,-0.377465,F,BuildTutorial
22.63,0.282413,1.411872,2.642329,25.912144112164217,-14.284208868235527,0.7458906538502506,-0.221671,0.122611,-0.034169,-0.966779,0.967598,0.011709,0.252225,-0.120427,0.899389,0.420235,0.286944,1.08659,3.040653,-8.350841462920021,-8.857511954655045,-26.459656333875284,-0.053041,-0.091584,-0.233042,0.966691,0.874608,-0.440844,0.201787,0.460274,0.885756,-0.059862,0.073127,1.034148,2.703779,-9.77259427552221,-44.78183065269478,22.22725288197401,-0.150438,-0.357241,0.145737,0.910224,0.702279,0.372792,0.60649,-0.157822,0.912258,-0.377991,F,BuildTutorial
22.663,0.282818,1.411608,2.643349,26.057707642516345,-14.370247007083178,0.6404308316266363,-0.222987,0.123104,-0.033599,-0.966434,0.967433,0.010041,0.252927,-0.119843,0.898296,0.422731,0.286305,1.086571,3.04139,-7.985678918461061,-8.67414735196341,-26.801316229053025,-0.050058,-0.089478,-0.235657,0.966413,0.872919,-0.446525,0.196538,0.464441,0.883921,-0.05458,0.073219,1.034003,2.703163,-9.784901328517693,-44.98137284493931,22.040814970044128,-0.150204,-0.359048,0.143953,0.909836,0.700724,0.369808,0.610105,-0.154086,0.913433,-0.376694,F,BuildTutorial
22.696,0.283209,1.411366,2.644318,26.1372806385142,-14.455001352632696,0.5581070231905301,-0.223722,0.123642,-0.033154,-0.96621,0.967227,0.008745,0.253764,-0.119391,0.897698,0.424127,0.286058,1.086978,3.041956,-8.084525119241613,-8.313601636595536,-26.43064991295663,-0.051915,-0.086464,-0.232417,0.967373,0.877012,-0.440691,0.191419,0.458646,0.886574,-0.060251,0.072905,1.034096,2.702845,-9.698184339579518,-45.11511567302393,22.053810789596056,-0.149734,-0.36025,0.144176,0.909403,0.698867,0.370112,0.612048,-0.154344,0.913586,-0.376216,F,BuildTutorial
22.729,0.283655,1.411081,2.644988,26.248612103891755,-14.505344219746686,0.4631212556578419,-0.224749,0.123857,-0.03257,-0.965964,0.967197,0.007249,0.253922,-0.118596,0.896854,0.426132,0.285407,1.087581,3.04216,-8.351036783451647,-8.512043777558633,-26.38594052155075,-0.053802,-0.088635,-0.232259,0.967112,0.876399,-0.439704,0.196432,0.458779,0.886322,-0.062893,0.072664,1.034091,2.702612,-9.684844791794449,-45.22413890478459,22.03932471908763,-0.149721,-0.361158,0.143964,0.909078,0.697678,0.369895,0.613533,-0.153604,0.913716,-0.376203,F,BuildTutorial
22.763,0.284084,1.410825,2.645371,26.3830098684127,-14.508618423535124,0.3512747684266704,-0.226002,0.123635,-0.031777,-0.965727,0.967409,0.005492,0.253158,-0.117259,0.895827,0.428654,0.285235,1.088404,3.042481,-8.531613183498713,-8.464400022862137,-26.350257227463025,-0.055454,-0.088565,-0.232022,0.967082,0.876644,-0.438946,0.197032,0.458591,0.886182,-0.066159,0.073421,1.033985,2.702059,-9.742640995231842,-45.27952146664219,21.90377834201085,-0.149815,-0.36167,0.142619,0.909071,0.697709,0.367669,0.614835,-0.150935,0.91443,-0.375547,F,BuildTutorial
22.797,0.284493,1.410785,2.645814,26.38599831720111,-14.51431677704903,0.3212041529567502,-0.226058,0.123623,-0.031538,-0.965723,0.967446,0.005021,0.253029,-0.116805,0.895806,0.428821,0.285099,1.088751,3.042426,-8.586142145330331,-8.35715116880636,-25.973197261217344,-0.056421,-0.08758,-0.228812,0.96788,0.87995,-0.433043,0.195353,0.452808,0.888923,-0.069138,0.073759,1.034033,2.701604,-9.770265131306306,-45.33164859395931,21.96613736247245,-0.150293,-0.361952,0.142951,0.908828,0.697111,0.368634,0.614936,-0.151039,0.913954,-0.376663,F,BuildTutorial
22.831,0.284951,1.410841,2.646191,26.36900601008722,-14.530887579592818,0.2834094771199457,-0.225951,0.123692,-0.031234,-0.965749,0.96745,0.004432,0.253025,-0.116225,0.895941,0.428697,0.284472,1.089454,3.042076,-8.858129078094363,-8.632434008798429,-25.115447790290776,-0.058849,-0.089984,-0.221832,0.969139,0.885387,-0.419382,0.200524,0.440564,0.894654,-0.074143,0.073776,1.034036,2.70152,-9.75052465719313,-45.37140561070403,21.871509016069073,-0.149889,-0.362427,0.142216,0.908821,0.696843,0.367145,0.616129,-0.14985,0.914616,-0.37553,F,BuildTutorial
22.863,0.285234,1.410893,2.646423,26.37602975676267,-14.572272000780927,0.2528961777080329,-0.226032,0.123979,-0.031066,-0.965699,0.967328,0.003954,0.253496,-0.116047,0.895889,0.428855,0.283127,1.091118,3.040462,-9.690298042484237,-9.463743711571317,-23.455837635210763,-0.06571,-0.097592,-0.20867,0.970884,0.893865,-0.392363,0.216924,0.418014,0.904278,-0.086865,0.074168,1.033927,2.701053,-9.73214201921466,-45.46154397008395,21.882854317776957,-0.149893,-0.36316,0.142251,0.908522,0.695759,0.367346,0.617233,-0.149605,0.914594,-0.375681,F,BuildTutorial
22.896,0.285514,1.411026,2.646596,26.297143011597235,-14.61316225268422,0.1984673598166418,-0.225415,0.124235,-0.030603,-0.965825,0.967259,0.003106,0.253775,-0.115124,0.896503,0.427818,0.282086,1.092699,3.038143,-9.986427693783968,-10.146785935509833,-23.376463145705394,-0.067052,-0.103833,-0.208564,0.970167,0.891439,-0.39076,0.229441,0.418609,0.90401,-0.086791,0.074397,1.033758,2.700886,-9.70803199738473,-45.53443877660375,21.88002986823463,-0.149786,-0.363785,0.142216,0.908295,0.69487,0.367328,0.618244,-0.149369,0.914678,-0.375571,F,BuildTutorial
22.929,0.285802,1.41107,2.646686,26.309907607973237,-14.681856106876117,0.1619277027795368,-0.225544,0.124739,-0.030444,-0.965735,0.967027,0.002533,0.254663,-0.11507,0.896406,0.428037,0.281857,1.09412,3.035969,-10.407479387587848,-10.496728313559856,-22.65735798232879,-0.070663,-0.107063,-0.202942,0.970752,0.894705,-0.378881,0.236543,0.409143,0.907643,-0.093737,0.074649,1.033597,2.701091,-9.657851703188056,-45.5024084870483,21.795020258033382,-0.149084,-0.363732,0.141756,0.908503,0.695208,0.366025,0.618637,-0.149119,0.915358,-0.374009,F,BuildTutorial
22.963,0.286137,1.41106,2.646569,26.370096318843903,-14.722065640722128,0.091849393244954,-0.226117,0.124925,-0.029998,-0.965591,0.966988,0.001436,0.254819,-0.114427,0.895943,0.429177,0.283121,1.095347,3.033502,-10.70361232060003,-10.113408176756502,-22.29648350814368,-0.074187,-0.104065,-0.199822,0.971462,0.898484,-0.372798,0.231838,0.403679,0.909135,-0.102552,0.075701,1.033162,2.700978,-9.634559015719686,-45.42860952232875,21.776260964412145,-0.148751,-0.363213,0.141783,0.908761,0.695948,0.365749,0.617968,-0.149636,0.915542,-0.373352,F,BuildTutorial
22.996,0.286537,1.411015,2.646375,26.391499609262105,-14.691841465698424,0.0367189574075394,-0.226365,0.124556,-0.029497,-0.965595,0.967231,0.000573,0.253896,-0.113354,0.895778,0.429806,0.28396,1.09613,3.031029,-11.097827381961354,-10.349693999312244,-21.94147964145182,-0.077457,-0.106459,-0.197206,0.971482,0.899553,-0.366671,0.237396,0.399655,0.910221,-0.108507,0.076664,1.032972,2.701083,-9.627060972976944,-45.319301384342175,21.795867419437094,-0.148619,-0.362334,0.142106,0.909083,0.69704,0.366071,0.616545,-0.150673,0.915437,-0.373193,F,BuildTutorial
23.029,0.287012,1.411141,2.646121,26.374956677790113,-14.592898069483129,-0.0085739440251224,-0.2263,0.123637,-0.028902,-0.965747,0.967757,-0.000134,0.251886,-0.111782,0.895906,0.42995,0.285749,1.095897,3.028011,-11.165369602228884,-10.212048683750544,-21.65466880145142,-0.078532,-0.105202,-0.194721,0.972034,0.902032,-0.362028,0.235103,0.395075,0.911833,-0.111701,0.077601,1.033037,2.701323,-9.656214032218015,-45.12643054149173,21.784438394734217,-0.148572,-0.360766,0.142166,0.909705,0.699273,0.365858,0.614137,-0.151459,0.91543,-0.372892,F,BuildTutorial
23.063,0.287506,1.411368,2.645988,26.32695927430315,-14.444936059004933,-0.0287967272601839,-0.225954,0.122362,-0.028388,-0.966005,0.968443,-0.000451,0.249234,-0.110142,0.896278,0.429598,0.288128,1.095597,3.024001,-11.380314034837824,-10.17197255021294,-21.283183542938808,-0.08077,-0.104934,-0.19167,0.972486,0.904503,-0.355841,0.235056,0.389743,0.913478,-0.116869,0.078625,1.033086,2.701608,-9.685028872412197,-44.96196111986546,21.869383100207376,-0.14886,-0.359298,0.142956,0.910115,0.700937,0.367183,0.611444,-0.153243,0.914809,-0.373687,F,BuildTutorial
23.096,0.288032,1.411598,2.645725,26.209676253808787,-14.268926203529295,-0.0406629111378194,-0.225021,0.120884,-0.027817,-0.966426,0.969226,-0.000637,0.24617,-0.108169,0.897184,0.428207,0.290457,1.094815,3.019334,-11.757432758032149,-10.338412025104564,-20.78056620297398,-0.08417,-0.106551,-0.187751,0.972786,0.906793,-0.347346,0.238909,0.38322,0.91533,-0.123749,0.079156,1.033228,2.702243,-9.69426748334393,-44.773064955790694,21.851275097609395,-0.14864,-0.357804,0.143026,0.910728,0.703039,0.366883,0.609206,-0.154148,0.9149,-0.373092,F,BuildTutorial
23.129,0.288512,1.411905,2.645523,26.09667809151766,-14.104370727913055,-0.0681388324780382,-0.224136,0.11947,-0.027144,-0.966826,0.96998,-0.001069,0.243182,-0.106042,0.898052,0.426916,0.293368,1.092871,3.013609,-11.900662454361466,-10.770355328159049,-20.32254711738795,-0.085122,-0.110089,-0.184271,0.972974,0.907849,-0.33984,0.245599,0.377324,0.917597,-0.125071,0.079567,1.033012,2.702943,-9.631856115407174,-44.68011760529609,21.948367328531727,-0.148337,-0.357052,0.144129,0.910899,0.703481,0.368502,0.607717,-0.156647,0.914446,-0.373163,F,BuildTutorial
23.163,0.289077,1.412166,2.645154,26.036747529028226,-13.91149821224973,-0.1511888362458701,-0.223761,0.117695,-0.026004,-0.967162,0.970943,-0.002372,0.239298,-0.102971,0.898509,0.426706,0.297226,1.090119,3.0072,-11.742829854381588,-10.970480502036034,-20.578472386159618,-0.083206,-0.111747,-0.186488,0.972529,0.90547,-0.344133,0.248388,0.381325,0.916598,-0.120161,0.080063,1.03275,2.703648,-9.550639942489164,-44.52214912952233,21.95874947120363,-0.147533,-0.355929,0.144689,0.91138,0.70476,0.368755,0.60608,-0.158711,0.914599,-0.371914,F,BuildTutorial
23.196,0.289674,1.412517,2.645049,25.903222042208437,-13.71120881254949,-0.1620836184132436,-0.22269,0.116016,-0.025385,-0.967629,0.971792,-0.002544,0.235827,-0.100798,0.89953,0.425072,0.30221,1.086612,2.999932,-11.657844398388072,-10.978537086146572,-20.882895563419503,-0.082172,-0.11191,-0.189021,0.972109,0.903495,-0.349106,0.248642,0.385889,0.915038,-0.117454,0.080916,1.032562,2.704439,-9.60401233305116,-44.239081716606535,21.962827223224263,-0.147607,-0.353575,0.144907,0.912249,0.707973,0.368763,0.602319,-0.160002,0.914428,-0.371781,F,BuildTutorial
23.229,0.290276,1.412813,2.645028,25.733619581063003,-13.504780964093088,-0.1142315085731417,-0.221255,0.114406,-0.025218,-0.968154,0.972551,-0.001795,0.232684,-0.099456,0.90082,0.422648,0.307059,1.083402,2.991414,-12.201751082655344,-11.27133974013896,-20.77905592679538,-0.086422,-0.115119,-0.188717,0.971424,0.902268,-0.34675,0.256277,0.386545,0.913835,-0.124455,0.082067,1.032079,2.705409,-9.562375296725884,-43.96851699004487,21.89436164780024,-0.146727,-0.351583,0.144848,0.91317,0.710817,0.367715,0.599604,-0.161369,0.914981,-0.369825,F,BuildTutorial
23.262,0.291107,1.413001,2.644898,25.663977813093595,-13.255938542742328,-0.090088876408495,-0.220697,0.112366,-0.024873,-0.968529,0.97351,-0.001418,0.228639,-0.097778,0.901348,0.421913,0.312701,1.079964,2.981525,-12.588156724723992,-11.671413949810194,-21.120874452762106,-0.088694,-0.11934,-0.192182,0.97003,0.897648,-0.351675,0.265618,0.394014,0.910399,-0.126203,0.082346,1.032086,2.707301,-9.453581759168706,-43.59982008123497,21.816760548009817,-0.145167,-0.348937,0.145059,0.9144,0.714402,0.366592,0.59602,-0.163976,0.915769,-0.366714,F,BuildTutorial
23.296,0.291821,1.413305,2.645173,25.53854967060039,-13.022134477347564,-0.1224244495648494,-0.219718,0.110356,-0.024028,-0.969004,0.974488,-0.001928,0.22443,-0.095061,0.902293,0.420512,0.31877,1.076885,2.970767,-13.024607619666098,-12.200448088087924,-22.220777648307863,-0.090315,-0.125335,-0.202199,0.967083,0.886814,-0.368447,0.278942,0.413726,0.901918,-0.124,0.08359,1.031938,2.709442,-9.413637197794069,-43.02780024414592,21.71608567490009,-0.143823,-0.344566,0.145107,0.91626,0.720436,0.365024,0.589686,-0.166798,0.916518,-0.363556,F,BuildTutorial
23.329,0.292482,1.413583,2.645797,25.312771549231385,-12.876203526997235,-0.1995058009378797,-0.217912,0.109026,-0.02288,-0.96959,0.97518,-0.003148,0.221392,-0.091884,0.903982,0.417582,0.324976,1.074554,2.959031,-13.96563215512008,-12.511950839237532,-22.63627660547328,-0.09727,-0.129776,-0.206631,0.964884,0.880924,-0.373503,0.290635,0.423996,0.895684,-0.134078,0.085485,1.031879,2.711389,-9.440251593686622,-42.453934352856194,21.676901262685966,-0.143189,-0.339975,0.145426,0.918023,0.726537,0.364369,0.582562,-0.169648,0.916697,-0.361783,F,BuildTutorial
23.363,0.293143,1.413785,2.646517,25.117339962735713,-12.80134673502715,-0.3668306623323065,-0.216431,0.108121,-0.021135,-0.970062,0.975726,-0.005796,0.218917,-0.087807,0.905422,0.415332,0.33114,1.071717,2.947422,-14.459687444446663,-12.76109060896196,-22.97302131507233,-0.100611,-0.132946,-0.210036,0.963373,0.87642,-0.377935,0.298416,0.431439,0.891524,-0.138006,0.087916,1.031528,2.714037,-9.391461005277549,-41.72560348341645,21.529637513614716,-0.141445,-0.334402,0.145305,0.920356,0.734123,0.362063,0.574433,-0.172865,0.91776,-0.35754,F,BuildTutorial
23.396,0.293943,1.413719,2.647217,25.039470297150125,-12.675519212509847,-0.5856166603037694,-0.215999,0.106662,-0.018971,-0.970365,0.976526,-0.00926,0.215198,-0.082896,0.905969,0.415149,0.337194,1.068597,2.935944,-14.738756015930283,-13.078205874862793,-23.93204489834173,-0.101246,-0.136907,-0.218571,0.96085,0.866967,-0.392305,0.307353,0.44775,0.883952,-0.134716,0.09114,1.030783,2.716963,-9.233623799362318,-40.859324646004595,21.45271377089994,-0.138866,-0.327807,0.146241,0.92297,0.742313,0.360993,0.564495,-0.178909,0.91866,-0.352215,F,BuildTutorial
23.43,0.294897,1.41353,2.647808,25.11580141436012,-12.526152090185557,-0.6543582463082009,-0.216733,0.105248,-0.018179,-0.970371,0.977185,-0.010341,0.212139,-0.080902,0.905393,0.416797,0.343495,1.065064,2.925166,-14.655892818964048,-12.699526209921638,-24.54951751752458,-0.100547,-0.134137,-0.223354,0.960214,0.864241,-0.40196,0.302515,0.455909,0.880007,-0.133173,0.094673,1.030106,2.72034,-9.13954485828466,-39.983195567579735,21.35047025297787,-0.136706,-0.321028,0.146759,0.925589,0.750806,0.359449,0.554155,-0.183903,0.919547,-0.347294,F,BuildTutorial
23.462,0.295997,1.413252,2.648334,25.191926389510108,-12.33428937937563,-0.7112244709421992,-0.217459,0.103496,-0.017405,-0.970411,0.977971,-0.011232,0.208437,-0.078792,0.904818,0.418446,0.349415,1.060265,2.914512,-14.194944634585722,-12.163651997688186,-25.050725004739224,-0.097137,-0.12928,-0.226778,0.960429,0.863717,-0.410492,0.292385,0.460723,0.878272,-0.127951,0.098995,1.029826,2.724475,-9.143067458337516,-38.85344671689373,21.144927061341644,-0.134721,-0.312123,0.146423,0.928972,0.762279,0.356144,0.540456,-0.187946,0.920821,-0.341709,F,BuildTutorial
23.496,0.297188,1.412865,2.648782,25.27691272838731,-12.07608919542513,-0.813962654874573,-0.218308,0.101092,-0.016122,-0.970496,0.979041,-0.012845,0.203258,-0.075432,0.904164,0.420474,0.353839,1.05488,2.904662,-13.482700496902222,-12.244353500698516,-25.31219166915131,-0.090677,-0.128911,-0.228558,0.960688,0.862286,-0.415768,0.289137,0.462525,0.879078,-0.115297,0.104369,1.029499,2.728058,-9.12451943962628,-37.72457528989823,21.311463648358185,-0.133563,-0.302795,0.149151,0.931789,0.772139,0.358839,0.524439,-0.19707,0.91983,-0.33923,F,BuildTutorial
23.529,0.298455,1.412395,2.649244,25.387037531464873,-11.781914058550466,-0.8928606328860895,-0.219349,0.098421,-0.014991,-0.970554,0.980177,-0.014078,0.197622,-0.072276,0.903322,0.42283,0.357448,1.049105,2.894912,-12.850242074738471,-12.818212284617122,-25.520021140481425,-0.083959,-0.132748,-0.230292,0.960362,0.858687,-0.420037,0.293642,0.464618,0.879833,-0.10012,0.109236,1.029805,2.732028,-9.216832373321122,-36.640020552450935,21.234348051394655,-0.132693,-0.293891,0.14952,0.9347,0.782544,0.357506,0.509719,-0.201518,0.920073,-0.335941,F,BuildTutorial
23.563,0.299687,1.411937,2.649643,25.49322322699022,-11.508204691193631,-0.9355085774726694,-0.220319,0.095993,-0.014198,-0.970589,0.981167,-0.014737,0.192596,-0.06986,0.902516,0.424952,0.360268,1.04284,2.885782,-12.14127236062232,-13.259968988719807,-25.012611270038988,-0.077693,-0.134833,-0.225813,0.961661,0.861657,-0.41336,0.294416,0.455262,0.885945,-0.088535,0.114225,1.030617,2.735991,-9.426470235532628,-35.564523425291206,21.267296862560485,-0.133064,-0.284703,0.150455,0.937338,0.792615,0.357822,0.493685,-0.206287,0.919315,-0.335122,F,BuildTutorial
23.596,0.300884,1.411356,2.650078,25.63024076413736,-11.236440206203945,-1.036664899969016,-0.221595,0.09346,-0.012935,-0.970564,0.982196,-0.016311,0.187151,-0.06653,0.901457,0.427726,0.362819,1.036836,2.877161,-11.34796339692575,-13.83218939988132,-24.572605520963176,-0.070402,-0.137967,-0.221846,0.962701,0.863499,-0.407716,0.296879,0.446568,0.891656,-0.074337,0.118615,1.031796,2.739761,-9.653592365911011,-34.578352119850074,21.48529560039368,-0.134134,-0.275975,0.152776,0.939418,0.800995,0.361077,0.477526,-0.213007,0.917335,-0.33634,F,BuildTutorial
23.629,0.30193,1.410694,2.650537,25.826501156531105,-10.959502872694634,-1.2027274868688234,-0.223419,0.090739,-0.011156,-0.970426,0.983284,-0.018894,0.181095,-0.062197,0.899919,0.431598,0.365758,1.031447,2.869368,-10.664205224073218,-14.28492047606047,-25.194991499274323,-0.062987,-0.140929,-0.226748,0.961643,0.857449,-0.418347,0.29961,0.453854,0.889236,-0.057231,0.122235,1.033132,2.743433,-9.863129952728976,-33.73687581883631,21.632041607555884,-0.135057,-0.268527,0.154415,0.941174,0.808098,0.363196,0.463752,-0.21813,0.915831,-0.337154,F,BuildTutorial
23.663,0.302937,1.409983,2.650895,26.07431997565697,-10.732839856007615,-1.3240615554095223,-0.225632,0.088513,-0.009889,-0.970133,0.984135,-0.020756,0.176202,-0.059129,0.897985,0.436035,0.368954,1.026957,2.863093,-9.962383952452072,-14.097067254276311,-25.58384155485309,-0.056967,-0.138292,-0.229298,0.961796,0.856595,-0.425321,0.292143,0.456833,0.888354,-0.046161,0.125902,1.033794,2.746771,-9.962716270427329,-32.91384838273702,21.73889918862408,-0.135,-0.261458,0.156006,0.942909,0.814604,0.364792,0.450941,-0.223604,0.914874,-0.336164,F,BuildTutorial
23.696,0.304,1.409147,2.65112,26.428069650868768,-10.458563931971886,-1.449445368577109,-0.228742,0.085842,-0.00857,-0.969657,0.985115,-0.022652,0.170395,-0.055891,0.895207,0.442132,0.37234,1.023966,2.858375,-9.69749518431074,-13.64515458341877,-24.986903356862832,-0.056333,-0.133723,-0.223831,0.963766,0.864036,-0.416375,0.282973,0.446507,0.893453,-0.048722,0.128761,1.034093,2.750188,-9.902971797671269,-32.135000094492106,21.892200477148467,-0.13379,-0.254971,0.158333,0.944469,0.819841,0.367306,0.439258,-0.230856,0.914062,-0.333461,F,BuildTutorial
23.729,0.305113,1.40833,2.651386,26.807215176762146,-10.078141266548128,-1.6173334947458298,-0.232096,0.082175,-0.006683,-0.969192,0.986405,-0.025192,0.16239,-0.051099,0.892173,0.448794,0.375482,1.022788,2.854906,-9.760497910129624,-13.153179614021676,-24.508414665209433,-0.058367,-0.129454,-0.21961,0.965198,0.870026,-0.408823,0.275533,0.439046,0.89673,-0.055812,0.132069,1.033835,2.753166,-9.77575783380908,-31.316194888629568,21.939499749082948,-0.131717,-0.248389,0.159986,0.946234,0.825415,0.368203,0.427922,-0.237335,0.91411,-0.328748,F,BuildTutorial
23.762,0.30636,1.407457,2.65164,27.170097340397636,-9.61140322399933,-1.6897172479281022,-0.235238,0.077973,-0.005394,-0.96879,0.987782,-0.026233,0.153617,-0.047136,0.889268,0.454952,0.37901,1.023316,2.85331,-10.016117769953908,-12.153408107355515,-24.50240735717821,-0.062451,-0.121474,-0.219231,0.966065,0.874364,-0.40841,0.262087,0.438755,0.896075,-0.067402,0.135179,1.033568,2.756057,-9.714466708748311,-30.433191484315454,21.8175832176608,-0.129721,-0.241338,0.160133,0.948307,0.832227,0.366324,0.41618,-0.241097,0.91506,-0.323323,F,BuildTutorial
23.795,0.307751,1.406662,2.651789,27.464853013508225,-9.002230740367242,-1.7935274797629013,-0.23782,0.072522,-0.003471,-0.968592,0.989457,-0.027771,0.14214,-0.041218,0.886859,0.460197,0.382305,1.025053,2.852689,-10.581770567304307,-11.328984427570605,-23.946860507838505,-0.069376,-0.115181,-0.214469,0.967431,0.881473,-0.398986,0.252617,0.43095,0.89838,-0.084828,0.138599,1.033122,2.758332,-9.632996656419568,-29.463220233349254,21.753789256481607,-0.127561,-0.233518,0.160884,0.950428,0.839172,0.365393,0.402838,-0.246242,0.915689,-0.317614,F,BuildTutorial
23.829,0.309177,1.406026,2.651797,27.75425874694255,-8.353775539528158,-1.836267715806792,-0.240306,0.066868,-0.001952,-0.96839,0.99105,-0.028357,0.130446,-0.035918,0.884499,0.465158,0.385132,1.027051,2.853294,-10.994126027173891,-10.567641771079026,-23.446324042195148,-0.074773,-0.109135,-0.210027,0.968704,0.887957,-0.390586,0.242848,0.423228,0.900596,-0.099022,0.141303,1.032799,2.760808,-9.542888568068095,-28.53884417324865,21.65421765279584,-0.12532,-0.226112,0.161282,0.952448,0.845724,0.363897,0.390296,-0.250552,0.916567,-0.311656,F,BuildTutorial
23.864,0.310447,1.405381,2.651792,28.034134795246093,-7.665762286664327,-1.803365455937005,-0.24266,0.061045,-0.000955,-0.968189,0.992545,-0.027777,0.11867,-0.031476,0.882231,0.469764,0.3873,1.029966,2.854344,-11.55778052546003,-9.922262506787067,-23.050536867651253,-0.081099,-0.104348,-0.206572,0.969465,0.892879,-0.383604,0.235829,0.417454,0.901502,-0.114135,0.143603,1.032794,2.762973,-9.553075500290552,-27.684128499071026,21.475531802174288,-0.123856,-0.219177,0.160702,0.954356,0.852272,0.361027,0.378539,-0.252442,0.917669,-0.306851,F,BuildTutorial
23.896,0.311538,1.404849,2.651743,28.255312781926452,-7.069871102532983,-1.786073204672978,-0.244521,0.055988,3.8e-05,-0.968026,0.993731,-0.027455,0.108377,-0.027306,0.880419,0.47341,0.388156,1.033726,2.855614,-12.198656590756055,-9.544313088663763,-23.015931922516927,-0.087252,-0.102184,-0.206349,0.969209,0.893958,-0.382158,0.234084,0.417821,0.899615,-0.126961,0.145693,1.032945,2.764508,-9.613184839172312,-26.985916431586087,21.41535507689738,-0.12326,-0.213318,0.160824,0.955739,0.857262,0.359999,0.368107,-0.254825,0.917885,-0.304223,F,BuildTutorial
23.929,0.312295,1.404368,2.6517,28.499847834369938,-6.626380287571791,-1.7534325307260314,-0.246569,0.052249,0.000581,-0.967716,0.99454,-0.026891,0.100837,-0.024641,0.878407,0.477277,0.387544,1.03708,2.856595,-12.807430503284047,-9.71905560477011,-22.49396493199823,-0.092579,-0.104243,-0.202392,0.96933,0.896342,-0.373068,0.239566,0.41167,0.900933,-0.137283,0.147128,1.033119,2.766128,-9.64850813541806,-26.459766456855725,21.3856985054303,-0.122759,-0.208898,0.161067,0.956739,0.860838,0.359486,0.360177,-0.256909,0.917976,-0.30219,F,BuildTutorial
23.962,0.312821,1.403552,2.65157,28.859001317037414,-6.29915835044959,-1.6649895520062112,-0.249559,0.049589,0.00036,-0.967089,0.995082,-0.025448,0.095734,-0.024054,0.87544,0.482728,0.385428,1.040641,2.857493,-13.387338669623109,-10.007110902225044,-22.372568361379106,-0.097106,-0.107504,-0.201916,0.96863,0.895346,-0.370285,0.247478,0.412042,0.899601,-0.144705,0.148175,1.03323,2.767196,-9.668648199384412,-26.149822674216004,21.459103043682795,-0.122622,-0.206196,0.16197,0.95719,0.862498,0.36064,0.355015,-0.259503,0.91746,-0.30154,F,BuildTutorial
23.996,0.312932,1.402859,2.651664,29.12934373151767,-6.147182131363398,-1.6120010555726874,-0.251816,0.048358,0.000113,-0.966566,0.995323,-0.024573,0.093426,-0.024137,0.873178,0.486804,0.379847,1.043983,2.858324,-13.645036298310934,-10.965083591208916,-22.813652177075657,-0.097153,-0.116379,-0.206601,0.966609,0.887544,-0.376792,0.26513,0.422018,0.895755,-0.13973,0.148808,1.033401,2.768057,-9.707214546206332,-25.998456277475412,21.401581508756752,-0.122625,-0.204926,0.161572,0.95753,0.863799,0.359678,0.352821,-0.259162,0.917715,-0.301055,F,BuildTutorial
24.029,0.312723,1.402404,2.651635,29.315869576618542,-6.11084858217389,-1.6466181386539764,-0.253403,0.047931,0.000395,-0.966173,0.995405,-0.025056,0.09242,-0.023528,0.871574,0.4897,0.371557,1.046674,2.858634,-13.913141941288329,-12.45709975094308,-21.928323972937612,-0.097721,-0.12863,-0.200581,0.966267,0.886443,-0.362489,0.287784,0.412769,0.900436,-0.137248,0.149015,1.03364,2.76897,-9.707099422600873,-25.88350715942433,21.600099653726975,-0.122815,-0.203753,0.163354,0.957453,0.863601,0.362856,0.350042,-0.26276,0.916464,-0.301747,F,BuildTutorial
24.062,0.312378,1.402113,2.651655,29.453939284368055,-6.159411910019247,-1.626494462346247,-0.254558,0.048352,5.1e-05,-0.965848,0.995324,-0.024716,0.093375,-0.024518,0.8704,0.491734,0.361166,1.048777,2.85842,-14.214940683179416,-14.242458830326122,-19.93608723265332,-0.099629,-0.142412,-0.185551,0.967142,0.89058,-0.330531,0.312437,0.387284,0.91129,-0.139861,0.149042,1.033938,2.769565,-9.752841947985674,-25.832570476911062,21.598535489256196,-0.123119,-0.203249,0.163302,0.95753,0.864045,0.362781,0.349022,-0.262686,0.916348,-0.302162,F,BuildTutorial
24.096,0.311949,1.40222,2.65171,29.457915922938724,-6.2481104527118845,-1.6344430389608902,-0.254595,0.049081,-8.1e-05,-0.965802,0.995182,-0.024835,0.094846,-0.025148,0.870363,0.491768,0.350797,1.050093,2.85826,-14.323940769935898,-15.891340699948184,-18.756285748930633,-0.099478,-0.155443,-0.17713,0.96673,0.888925,-0.311547,0.335785,0.3734,0.917458,-0.13727,0.148412,1.034474,2.769764,-9.795408767026151,-25.90277908926488,21.65141163464707,-0.123666,-0.203704,0.163581,0.957315,0.863492,0.36358,0.34956,-0.262816,0.915896,-0.303418,F,BuildTutorial
24.129,0.311449,1.402348,2.651722,29.46342333978756,-6.312518591412385,-1.6499668351335777,-0.254648,0.049588,-9.6e-05,-0.965762,0.995082,-0.02507,0.09583,-0.025441,0.870309,0.491849,0.341595,1.050827,2.857287,-14.140689038016829,-17.098938349991787,-18.42401515217965,-0.096532,-0.165116,-0.175168,0.965782,0.884105,-0.306471,0.352751,0.370227,0.919995,-0.128612,0.147807,1.034745,2.7696,-9.76713081485969,-25.988799542552893,21.79635232516034,-0.123813,-0.204316,0.164757,0.956965,0.862221,0.365926,0.350248,-0.264739,0.915052,-0.304293,F,BuildTutorial
24.162,0.310836,1.402487,2.651603,29.441359231219767,-6.430595535673796,-1.700186819301185,-0.254484,0.050477,7.6e-05,-0.965759,0.994904,-0.025838,0.097458,-0.025544,0.870476,0.491548,0.333544,1.050271,2.856197,-13.80239108218428,-17.991293654457436,-18.002456061028187,-0.092932,-0.171883,-0.171968,0.965529,0.881766,-0.300133,0.36388,0.364027,0.923581,-0.120341,0.146755,1.035046,2.769064,-9.74920819070896,-26.139319386793243,21.756922358209167,-0.12381,-0.205647,0.164302,0.956758,0.861429,0.365317,0.352824,-0.263472,0.915352,-0.304488,F,BuildTutorial
24.196,0.310076,1.402519,2.651571,29.419379492037983,-6.632492543845972,-1.738504237916311,-0.254316,0.052099,-3.8e-05,-0.965717,0.994571,-0.026426,0.100645,-0.026572,0.870646,0.491191,0.326788,1.047983,2.855904,-13.000217770601846,-18.483061533561163,-16.330030781096294,-0.087941,-0.173816,-0.157276,0.968152,0.890105,-0.273962,0.364222,0.335105,0.935061,-0.115607,0.145231,1.035217,2.768138,-9.721171823681876,-26.389624195275736,21.77434013733544,-0.123968,-0.207767,0.164235,0.956291,0.859719,0.365626,0.356652,-0.262599,0.915318,-0.305345,F,BuildTutorial
24.229,0.309268,1.402396,2.651477,29.46133695468162,-6.838239753232003,-1.6556811618801008,-0.25463,0.054006,-0.001215,-0.965529,0.994164,-0.025157,0.104907,-0.029849,0.870325,0.491573,0.32309,1.044589,2.856893,-12.20937057636734,-17.522604363112602,-14.53134365827646,-0.085106,-0.163531,-0.140354,0.972787,0.907117,-0.245234,0.342051,0.300904,0.946115,-0.119676,0.143312,1.035264,2.766925,-9.675855512942857,-26.649129478512997,21.776240933255036,-0.123968,-0.21001,0.164065,0.95583,0.857957,0.365706,0.36079,-0.261568,0.915429,-0.305896,F,BuildTutorial
24.262,0.308494,1.402172,2.651333,29.54225222430815,-6.972924375039694,-1.5421196160900197,-0.255255,0.055373,-0.002515,-0.965284,0.993855,-0.023412,0.108185,-0.033124,0.869677,0.492509,0.321544,1.040601,2.858582,-11.391250133443796,-16.195575687196055,-13.67039525983155,-0.080874,-0.150865,-0.131126,0.976476,0.920091,-0.231681,0.315842,0.280485,0.952531,-0.118379,0.141517,1.034766,2.764927,-9.554494262497348,-27.12012882410249,21.751248464029565,-0.123591,-0.214178,0.163605,0.955032,0.854722,0.365438,0.368654,-0.259556,0.915917,-0.306148,F,BuildTutorial
24.296,0.307709,1.401946,2.651062,29.678677033258495,-7.0992047759662595,-1.4457633668098864,-0.256353,0.056618,-0.003683,-0.964917,0.993562,-0.02192,0.111151,-0.036136,0.868539,0.494301,0.322487,1.037268,2.86044,-10.60435602948004,-13.879461044112368,-14.566776092848391,-0.075739,-0.130967,-0.136385,0.979036,0.928494,-0.247212,0.277102,0.286889,0.951326,-0.112578,0.138775,1.034243,2.763043,-9.416510542124923,-27.624297900146473,21.730908573893792,-0.123131,-0.218643,0.16319,0.954151,0.851129,0.365258,0.37705,-0.257571,0.916416,-0.306331,F,BuildTutorial
24.329,0.306878,1.401751,2.650897,29.75140971860372,-7.254489455674784,-1.3888927950758334,-0.256931,0.058035,-0.00455,-0.964675,0.993223,-0.021043,0.114308,-0.038601,0.867932,0.495181,0.321327,1.035595,2.862381,-10.455787879309296,-13.237774554909167,-14.39545980188789,-0.075415,-0.125221,-0.134361,0.980092,0.932534,-0.244485,0.265722,0.282259,0.952519,-0.114177,0.136247,1.033394,2.760962,-9.294917235498492,-28.072478422646576,21.588018388056945,-0.122487,-0.22274,0.161786,0.953525,0.848424,0.363099,0.385143,-0.253968,0.917645,-0.305661,F,BuildTutorial
24.362,0.305959,1.401735,2.650787,29.721117157842148,-7.468187179891333,-1.3350407500341035,-0.256639,0.059962,-0.005465,-0.96463,0.99275,-0.020233,0.118487,-0.041321,0.868213,0.494469,0.31746,1.034799,2.864648,-10.223182461976508,-14.150452385747265,-13.91442765431204,-0.072906,-0.132489,-0.130621,0.979831,0.93077,-0.236654,0.27868,0.275291,0.955246,-0.108259,0.13383,1.032254,2.758826,-9.153967218747804,-28.582378829276603,21.395377827467897,-0.121661,-0.227432,0.159953,0.952832,0.845379,0.360157,0.394488,-0.249478,0.919227,-0.304603,F,BuildTutorial
24.396,0.305058,1.40165,2.650436,29.732646330786174,-7.764406531772146,-1.3218855219711516,-0.256714,0.062482,-0.006246,-0.964446,0.992114,-0.020033,0.123727,-0.044127,0.868118,0.494393,0.31244,1.034881,2.867195,-10.00876846885964,-14.919501633076148,-13.70038789815966,-0.07045,-0.138728,-0.129058,0.979355,0.928197,-0.233239,0.289913,0.272333,0.956762,-0.102184,0.131084,1.03127,2.756969,-8.976062661205058,-29.036056988119785,21.261374496191852,-0.120556,-0.231652,0.15876,0.952155,0.842265,0.358182,0.402859,-0.246473,0.920523,-0.303131,F,BuildTutorial
24.429,0.304101,1.401572,2.649857,29.82389749902821,-8.096924343457927,-1.4113395229612438,-0.257513,0.065056,-0.006295,-0.964062,0.991456,-0.021367,0.128678,-0.045644,0.867295,0.495698,0.306477,1.036283,2.870208,-10.049229175720026,-15.385783143317834,-13.940128413594438,-0.069972,-0.142896,-0.131434,0.978473,0.924612,-0.237211,0.298034,0.277207,0.955658,-0.099369,0.128431,1.030663,2.755067,-8.845105441923499,-29.48152982268078,21.21102943962792,-0.11999,-0.23563,0.158173,0.951348,0.838919,0.357502,0.410374,-0.244408,0.921167,-0.302845,F,BuildTutorial
24.462,0.303064,1.401612,2.649409,29.82126079404659,-8.512816715544826,-1.4612545218103326,-0.257496,0.068443,-0.006808,-0.963828,0.990538,-0.022124,0.135441,-0.048371,0.867299,0.495433,0.29689,1.038299,2.873149,-10.449249906977132,-16.85243878567846,-13.76394206604094,-0.071943,-0.155669,-0.131286,0.976399,0.917063,-0.233975,0.32288,0.278773,0.955177,-0.099617,0.126208,1.030436,2.753047,-8.871182878981017,-29.936599326485258,21.12115039932719,-0.120644,-0.239456,0.156889,0.950522,0.836094,0.35603,0.41736,-0.240475,0.921662,-0.304485,F,BuildTutorial
24.492,0.302036,1.401614,2.64881,29.82086126874811,-8.961825942040214,-1.5788278708147492,-0.257538,0.071955,-0.006828,-0.963561,0.989552,-0.023904,0.142183,-0.05022,0.867255,0.495325,0.286581,1.040368,2.876542,-10.831721304960055,-17.666398437867525,-14.296140058239882,-0.073517,-0.16329,-0.13679,0.974279,0.90925,-0.242534,0.338292,0.290552,0.951768,-0.098579,0.124064,1.030266,2.751493,-8.82966364676577,-30.34052799231454,21.090056936962736,-0.120789,-0.242909,0.156303,0.949724,0.83313,0.35557,0.423633,-0.238207,0.921959,-0.305367,F,BuildTutorial
24.529,0.300838,1.40166,2.648191,29.823320488296744,-9.494405280989852,-1.7228567990990362,-0.25762,0.076108,-0.006816,-0.96322,0.988322,-0.026083,0.150129,-0.052345,0.867171,0.495253,0.275092,1.041911,2.880219,-11.042588136529044,-18.073395722207735,-14.364862051616566,-0.074729,-0.166992,-0.137898,0.973403,0.906196,-0.243502,0.345712,0.293419,0.950799,-0.099428,0.122532,1.030109,2.750063,-8.774096731190058,-30.74364795000462,21.14241028705444,-0.120994,-0.246288,0.156443,0.948803,0.829735,0.356467,0.429501,-0.237269,0.921772,-0.30666,F,BuildTutorial
24.562,0.299636,1.401819,2.647665,29.792335691615992,-10.042786928004595,-1.8104275652849688,-0.257386,0.08053,-0.007289,-0.96292,0.986924,-0.027418,0.158839,-0.055491,0.867399,0.49451,0.262504,1.041872,2.8838,-10.517946522556867,-18.530044778609486,-15.264604319769912,-0.068367,-0.170918,-0.145157,0.972133,0.899433,-0.258854,0.352158,0.305594,0.948511,-0.083304,0.121308,1.03008,2.748661,-8.752645058038867,-31.075908824025593,21.09500431135471,-0.121168,-0.249125,0.155751,0.948154,0.827357,0.355724,0.434674,-0.23498,0.92212,-0.307375,F,BuildTutorial
24.596,0.298403,1.401937,2.646995,29.783672201930436,-10.488045520056607,-1.926142853060687,-0.257368,0.084014,-0.00731,-0.962627,0.985776,-0.029171,0.165511,-0.057319,0.867416,0.494271,0.24804,1.040593,2.886124,-10.161119529945449,-19.648612338832883,-15.719844940256207,-0.063196,-0.180293,-0.149185,0.970177,0.890476,-0.266685,0.368689,0.312261,0.9475,-0.068829,0.119914,1.030579,2.747583,-8.83139269919517,-31.379869776015063,21.269700964141496,-0.12261,-0.251318,0.156682,0.947237,0.82458,0.358458,0.437694,-0.235202,0.920835,-0.311034,F,BuildTutorial
24.629,0.297184,1.40209,2.646362,29.72821742093207,-10.863345724218211,-2.0349064791401665,-0.25696,0.086942,-0.007193,-0.962477,0.984779,-0.030836,0.171055,-0.058526,0.86784,0.493385,0.235766,1.039709,2.887232,-10.33687969378628,-20.292705384878087,-16.038615535541947,-0.063332,-0.186102,-0.152481,0.968558,0.884231,-0.271802,0.379815,0.318946,0.945477,-0.065926,0.119082,1.031301,2.746508,-8.971279519624147,-31.60845307432737,21.38548960206302,-0.124324,-0.25284,0.157051,0.946547,0.822814,0.36018,0.439599,-0.234443,0.919757,-0.314774,F,BuildTutorial
24.662,0.295852,1.402318,2.645912,29.605074735635636,-11.19347585194286,-2.073254035099065,-0.255935,0.089674,-0.007505,-0.962497,0.983804,-0.031455,0.176464,-0.060348,0.868882,0.491327,0.223982,1.037303,2.887558,-9.651529312459829,-21.45927119048894,-16.002383524296665,-0.056028,-0.195214,-0.151785,0.967323,0.877706,-0.271775,0.394677,0.315524,0.947645,-0.049133,0.118142,1.031897,2.745479,-9.081052242595568,-31.864925705446694,21.50128073201742,-0.125831,-0.25464,0.157457,0.945797,0.820732,0.361927,0.442049,-0.233761,0.918748,-0.318211,F,BuildTutorial
24.695,0.294551,1.402578,2.645464,29.52406017921071,-11.500572602564857,-2.0743408659363256,-0.255235,0.092281,-0.00811,-0.962431,0.982837,-0.031495,0.181769,-0.062718,0.869579,0.489796,0.214895,1.035364,2.888009,-9.020191583706962,-21.922544157797972,-16.65701530266452,-0.048929,-0.19874,-0.15656,0.966229,0.871984,-0.283096,0.399376,0.321993,0.94619,-0.032324,0.117302,1.032427,2.743935,-9.164194883053309,-32.21279180483659,21.68564293332815,-0.127402,-0.25716,0.158387,0.944749,0.817564,0.364797,0.445547,-0.233746,0.917365,-0.322187,F,BuildTutorial
24.728,0.293126,1.402763,2.645072,29.504822011516385,-11.809890488845506,-2.0985714024036968,-0.255071,0.094832,-0.008578,-0.962223,0.981867,-0.031871,0.186875,-0.064885,0.86973,0.489243,0.207566,1.034937,2.888085,-9.283458121222164,-22.448398690531416,-16.028477974991457,-0.051553,-0.203182,-0.151902,0.965911,0.871285,-0.272499,0.408174,0.314398,0.948536,-0.037864,0.116036,1.032811,2.742371,-9.293742094516016,-32.54587589679005,21.731356842744017,-0.129023,-0.259625,0.158066,0.943908,0.81522,0.365395,0.449336,-0.231405,0.916736,-0.325648,F,BuildTutorial
24.762,0.291659,1.402804,2.644806,29.493680954069937,-12.150798347036028,-2.0695513931823624,-0.254926,0.097763,-0.00957,-0.961958,0.980702,-0.031432,0.192967,-0.068257,0.869842,0.488586,0.201605,1.034551,2.887891,-9.365578322146844,-23.273842950599125,-15.186561399352149,-0.052695,-0.209839,-0.145315,0.96544,0.869703,-0.25847,0.420489,0.3027,0.952214,-0.040762,0.114618,1.033006,2.740782,-9.33518476617754,-32.87415272392721,21.786724883608116,-0.12994,-0.262192,0.158046,0.943076,0.812554,0.366237,0.45346,-0.22996,0.916274,-0.327963,F,BuildTutorial
24.795,0.290239,1.402856,2.644418,29.53091255616257,-12.481687112355376,-2.0096940265911556,-0.255157,0.100659,-0.010844,-0.961585,0.9795,-0.030514,0.199118,-0.072222,0.869555,0.488526,0.197332,1.034085,2.888061,-9.221893051125004,-23.856504652718687,-14.784115631859695,-0.051494,-0.214425,-0.14195,0.964998,0.867744,-0.251881,0.428458,0.296047,0.954397,-0.038508,0.113046,1.0326,2.738703,-9.283323443169133,-33.36863126595647,21.856238865426217,-0.13036,-0.266272,0.158189,0.94185,0.808151,0.367403,0.460334,-0.228558,0.915965,-0.329802,F,BuildTutorial
24.828,0.288893,1.40307,2.644222,29.475616698614424,-12.740091079385069,-2.0838785058209015,-0.254735,0.102684,-0.010743,-0.961484,0.978681,-0.031655,0.202931,-0.072973,0.869989,0.487641,0.194933,1.034242,2.887964,-9.351916749526804,-24.56752489897234,-14.094414067605522,-0.053037,-0.220216,-0.136692,0.964369,0.86564,-0.240283,0.439239,0.287002,0.957005,-0.042091,0.111252,1.031666,2.736764,-9.11939035363647,-33.83795460257606,21.755138660790383,-0.129435,-0.270533,0.157252,0.94092,0.804168,0.365956,0.468391,-0.22589,0.917037,-0.32866,F,BuildTutorial
24.862,0.287712,1.403371,2.644258,29.33386178920702,-12.949725390085073,-2.01731262974177,-0.253466,0.104647,-0.011627,-0.961597,0.977828,-0.030688,0.207151,-0.07541,0.871239,0.485032,0.193248,1.034461,2.886805,-9.305496956993188,-25.771449856815764,-13.544029376551777,-0.052312,-0.230046,-0.132534,0.962693,0.859027,-0.231111,0.456794,0.279248,0.959396,-0.039743,0.109558,1.03065,2.734656,-9.034978077451504,-34.2421362895904,21.754725193265788,-0.129302,-0.274,0.157014,0.939975,0.800542,0.366035,0.474501,-0.224321,0.917256,-0.329124,F,BuildTutorial
24.895,0.286658,1.403692,2.644589,29.22860503566826,-13.074126759676636,-1.9069682223771105,-0.252469,0.105976,-0.012723,-0.9617,0.977215,-0.02904,0.210258,-0.077982,0.872196,0.482901,0.194249,1.035031,2.886,-9.143593225382794,-25.93015173559797,-13.581465058926346,-0.050687,-0.231259,-0.13262,0.962477,0.857862,-0.231844,0.458608,0.278731,0.959686,-0.03623,0.108075,1.029347,2.732872,-8.95872221680298,-34.66928510930781,21.556157722238662,-0.128786,-0.27786,0.155107,0.939228,0.797471,0.36293,0.481998,-0.219793,0.918712,-0.328114,F,BuildTutorial
24.928,0.285914,1.403924,2.644972,29.12682991957375,-13.072052182716122,-1.8638333146873904,-0.251576,0.106093,-0.012979,-0.961918,0.977152,-0.028412,0.210636,-0.07835,0.873083,0.481236,0.197994,1.036215,2.885372,-9.339024878260304,-25.604870908043267,-14.005126810876511,-0.051867,-0.228885,-0.136393,0.962454,0.858017,-0.238802,0.454731,0.286288,0.957413,-0.037402,0.106543,1.02783,2.731636,-8.687764065800952,-35.0087300771885,21.419058822535153,-0.12671,-0.281267,0.154331,0.938624,0.794142,0.360997,0.488897,-0.218439,0.920253,-0.324683,F,BuildTutorial
24.962,0.285663,1.404183,2.645559,29.02544691663714,-12.89077691128253,-1.8423144301953656,-0.250726,0.104657,-0.012662,-0.962301,0.977773,-0.028112,0.207773,-0.076849,0.873953,0.479897,0.20322,1.036985,2.884684,-9.631001138114865,-25.26473118757484,-13.847380983867945,-0.055048,-0.226208,-0.135439,0.963045,0.860972,-0.235962,0.450609,0.285771,0.957252,-0.044753,0.105869,1.02645,2.730794,-8.479285308786597,-35.18058990677662,21.453173624748604,-0.125334,-0.282999,0.154983,0.938181,0.791783,0.361744,0.49216,-0.219866,0.920543,-0.322893,F,BuildTutorial
24.995,0.285892,1.404474,2.646392,28.875810045794804,-12.482532119938844,-1.829347688386407,-0.249502,0.101312,-0.011735,-0.962989,0.979196,-0.027953,0.20098,-0.073157,0.875222,0.478157,0.211235,1.037341,2.884372,-9.734734661456544,-24.09824374020137,-13.968301143000412,-0.057073,-0.216544,-0.136068,0.965058,0.869188,-0.237909,0.433487,0.287344,0.956457,-0.051228,0.10519,1.025837,2.731343,-8.419185639753644,-35.10854810902317,21.263102782587936,-0.12428,-0.28272,0.153667,0.938622,0.792912,0.358743,0.492538,-0.218198,0.921882,-0.320192,F,BuildTutorial
25.028,0.286808,1.404717,2.647187,28.76079961028119,-11.906788565222064,-1.7895748987251234,-0.248558,0.0966,-0.010711,-0.963729,0.981108,-0.027377,0.191517,-0.068665,0.876209,0.477015,0.222301,1.037727,2.88449,-10.053354362114462,-21.990101862225668,-14.55570036286161,-0.06125,-0.199356,-0.140454,0.967873,0.88106,-0.247462,0.403108,0.296304,0.953042,-0.062564,0.106865,1.024459,2.731796,-8.285773328274688,-34.87589482515676,21.293006575128683,-0.122957,-0.281011,0.154521,0.939169,0.794312,0.359347,0.489835,-0.221138,0.92201,-0.317799,F,BuildTutorial
25.062,0.288273,1.404918,2.647926,28.66580017342219,-11.068707391108967,-1.8040943466447563,-0.247842,0.08955,-0.00869,-0.964614,0.983811,-0.027623,0.17707,-0.061153,0.876998,0.476586,0.23484,1.03813,2.884084,-10.72908953150802,-20.00841414896773,-14.716506716528496,-0.069161,-0.183327,-0.141681,0.970327,0.892635,-0.249596,0.375373,0.300312,0.950286,-0.08227,0.108975,1.023162,2.733245,-8.091739200122307,-34.4131065325924,21.264532229605397,-0.120684,-0.277579,0.155295,0.940356,0.797667,0.359063,0.484563,-0.225066,0.922638,-0.313184,F,BuildTutorial
25.095,0.290189,1.40506,2.648868,28.56483632464964,-10.045950965192448,-1.7380494292164284,-0.247013,0.081112,-0.006956,-0.965587,0.986745,-0.026639,0.160078,-0.053504,0.877873,0.475896,0.247835,1.037458,2.883265,-10.788965549297425,-18.534711342193397,-14.725599447047475,-0.071474,-0.170897,-0.140934,0.972535,0.901864,-0.249697,0.352552,0.298555,0.950058,-0.090851,0.11204,1.022061,2.735934,-7.976596903391534,-33.57073092157691,21.258706949178645,-0.118586,-0.270862,0.156427,0.942392,0.80433,0.359071,0.473416,-0.23059,0.922937,-0.308248,F,BuildTutorial
25.128,0.292686,1.405163,2.649774,28.480496534311317,-8.803529916090328,-1.6654952957733888,-0.246318,0.070819,-0.004832,-0.966586,0.989923,-0.025547,0.139285,-0.044228,0.878609,0.47549,0.26304,1.036753,2.88215,-10.67037926693694,-16.49725210007861,-15.532457981595968,-0.071873,-0.153972,-0.146372,0.974527,0.909736,-0.263155,0.32114,0.30742,0.946819,-0.095009,0.116176,1.021117,2.739683,-7.904080425498745,-32.47507519088565,21.18195489466751,-0.116316,-0.262041,0.157102,0.945053,0.813308,0.357898,0.458737,-0.235979,0.923579,-0.302184,F,BuildTutorial
25.162,0.29571,1.405151,2.650466,28.46255948998,-7.320882009280837,-1.566290290370003,-0.246158,0.058525,-0.002472,-0.967458,0.993137,-0.02403,0.114458,-0.033596,0.878801,0.476005,0.278252,1.037051,2.880166,-11.216003035547187,-14.581555493026771,-15.828117387597713,-0.078619,-0.138441,-0.148204,0.976058,0.917739,-0.267543,0.293556,0.311079,0.943709,-0.112438,0.120927,1.020468,2.744338,-7.814469850536029,-31.19056510105142,21.183454697916513,-0.113815,-0.251582,0.158624,0.947941,0.82309,0.358,0.440861,-0.243464,0.923769,-0.295594,F,BuildTutorial
25.195,0.299197,1.405209,2.650934,28.44244122826527,-5.651652912969441,-1.4708014416640078,-0.245961,0.044636,0.000316,-0.968252,0.996015,-0.022568,0.086282,-0.021346,0.879007,0.476332,0.29309,1.036861,2.877727,-11.552874506580974,-12.995590521979787,-15.453486988490717,-0.083955,-0.125013,-0.144193,0.978024,0.92716,-0.261057,0.268743,0.303039,0.94432,-0.128169,0.126557,1.020141,2.749931,-7.761783619197232,-29.612767843396636,21.183130361720128,-0.111185,-0.238596,0.160294,0.951323,0.834756,0.358039,0.418319,-0.251926,0.923888,-0.288036,F,BuildTutorial
25.229,0.303015,1.405321,2.651245,28.360960453283745,-3.809524696341958,-1.355986825262414,-0.245206,0.029326,0.003324,-0.969022,0.998258,-0.020824,0.055204,-0.007939,0.879726,0.475415,0.315175,1.033918,2.870794,-11.6995279481199,-11.19983947635184,-15.20140678901288,-0.087703,-0.109637,-0.14081,0.980031,0.936305,-0.256765,0.239594,0.295227,0.944962,-0.141027,0.132813,1.020254,2.755989,-7.848380646594314,-27.941302086491145,21.192777787730076,-0.109571,-0.224539,0.161791,0.954673,0.846812,0.358121,0.393267,-0.259709,0.923636,-0.281866,F,BuildTutorial
25.262,0.307134,1.405538,2.651396,28.222887849630343,-1.836823302062184,-1.2555689453879004,-0.243933,0.012873,0.006717,-0.969683,0.999578,-0.019306,0.021689,0.006746,0.880903,0.473249,0.331451,1.032771,2.867213,-11.694985338491222,-9.27911206949522,-15.320288478377652,-0.089915,-0.093284,-0.140336,0.98159,0.943208,-0.258729,0.20837,0.29228,0.944442,-0.150337,0.140445,1.020702,2.762126,-8.03620634748371,-26.07911663898739,21.27815280104815,-0.108644,-0.208597,0.163881,0.958033,0.859261,0.359332,0.364076,-0.268681,0.922679,-0.27654,F,BuildTutorial
25.295,0.311405,1.405887,2.651268,28.04546237635853,0.2136051117381197,-1.1773979232355258,-0.242275,-0.004298,0.01042,-0.970142,0.999746,-0.018136,-0.013389,0.022301,0.882388,0.469993,0.347307,1.030666,2.862851,-11.521811901121884,-7.688294885301517,-15.19255138953569,-0.090455,-0.079358,-0.137899,0.98311,0.949373,-0.256782,0.180982,0.285496,0.945604,-0.155968,0.147977,1.021629,2.769148,-8.210370194360197,-24.134733353117852,21.39237052727987,-0.107492,-0.191909,0.166328,0.961224,0.871012,0.361014,0.333177,-0.278499,0.921561,-0.270488,F,BuildTutorial
25.328,0.315824,1.406332,2.650789,27.81863462496512,2.3087743400092298,-1.0656932521638427,-0.240145,-0.02179,0.013868,-0.970394,0.998666,-0.016449,-0.04895,0.03738,0.884277,0.465465,0.361727,1.0278,2.857797,-11.222360382415271,-6.518251148106217,-15.27047579087688,-0.089236,-0.069048,-0.137525,0.984051,0.952639,-0.25834,0.160437,0.282986,0.946248,-0.156634,0.155312,1.022895,2.776622,-8.434485406086106,-22.12715049110628,21.410915755704835,-0.106466,-0.174641,0.167948,0.964344,0.882588,0.361106,0.301067,-0.286733,0.920917,-0.264,F,BuildTutorial
25.362,0.320135,1.407002,2.650459,27.45060723138686,4.436761260204914,-0.9484226327603228,-0.23677,-0.039564,0.017218,-0.970607,0.996277,-0.014689,-0.084955,0.052159,0.887287,0.458259,0.375242,1.024574,2.851891,-10.920370220501312,-5.614463932011376,-15.947329461198544,-0.087358,-0.061466,-0.142538,0.984009,0.95181,-0.269778,0.14587,0.291257,0.944103,-0.1544,0.164758,1.023801,2.782978,-8.670435707153203,-20.070974428690057,21.49260224133677,-0.105529,-0.156833,0.170141,0.967119,0.892911,0.362194,0.267442,-0.295992,0.919832,-0.257485,F,BuildTutorial
25.396,0.324439,1.407754,2.650064,27.053311840800276,6.57682181276151,-0.7131053450613486,-0.233161,-0.057223,0.019457,-0.970558,0.992694,-0.011084,-0.12015,0.064453,0.890515,0.450366,0.388223,1.021527,2.845416,-10.680088635736524,-4.40849602745182,-15.860001041454645,-0.086825,-0.050759,-0.140808,0.984915,0.955193,-0.268554,0.124438,0.286183,0.945269,-0.156737,0.173323,1.025517,2.78966,-9.068624840726477,-17.998279653277514,21.540243486435937,-0.105846,-0.138592,0.171843,0.969566,0.902525,0.362566,0.232369,-0.303888,0.918533,-0.252882,F,BuildTutorial
25.428,0.328664,1.408445,2.649549,26.689936228695743,8.646133747485589,-0.4624367647081772,-0.229859,-0.074273,0.021314,-0.970152,0.988058,-0.007211,-0.153911,0.075501,0.893421,0.44283,0.401157,1.018907,2.838609,-10.441687849211691,-2.616818580348959,-15.44977975701312,-0.087089,-0.034761,-0.135883,0.986277,0.960655,-0.261982,0.092236,0.274092,0.947903,-0.16234,0.18224,1.027127,2.795716,-9.449436417956608,-16.00025657873986,21.556189610584106,-0.106066,-0.121002,0.173295,0.971636,0.910654,0.362428,0.198379,-0.311092,0.917438,-0.248053,F,BuildTutorial
25.462,0.332665,1.409038,2.649026,26.408998118294743,10.66167024394507,-0.2696100978399365,-0.227226,-0.090985,0.023503,-0.969298,0.982339,-0.004215,-0.187064,0.086911,0.895632,0.436223,0.413565,1.016625,2.831488,-10.213408528985315,-0.5129005295041416,-15.539938822824046,-0.08759,-0.016451,-0.135053,0.986822,0.96298,-0.263665,0.056126,0.269428,0.948177,-0.168429,0.191248,1.028348,2.801167,-9.691802158892989,-14.054243319526904,21.60583652491929,-0.105204,-0.104027,0.175207,0.973352,0.916962,0.362965,0.165644,-0.319189,0.916469,-0.241253,F,BuildTutorial
25.495,0.336555,1.40955,2.648422,26.178713163268405,12.534120470363469,-0.1183395276746467,-0.225007,-0.106559,0.025722,-0.968171,0.975967,-0.001854,-0.217909,0.09776,0.897421,0.430209,0.425039,1.014563,2.824704,-9.780238214193323,1.5579100809865585,-15.940075250445334,-0.086292,0.001596,-0.13699,0.986805,0.962462,-0.270641,0.020492,0.27009,0.947575,-0.170743,0.200238,1.029427,2.805827,-9.932154153322912,-12.191573155753783,21.62565435498588,-0.104395,-0.087766,0.176811,0.97475,0.922071,0.363017,0.134183,-0.326367,0.91568,-0.234554,F,BuildTutorial
25.529,0.340443,1.409938,2.647826,25.952018671524,14.301583463818204,0.0069195318183141,-0.222804,-0.121289,0.027893,-0.966887,0.969022,0.000109,-0.246974,0.107986,0.899161,0.424085,0.435052,1.012426,2.817916,-9.285198633969268,3.3969204614797253,-16.194401155286684,-0.084259,0.017852,-0.137954,0.986687,0.9613,-0.275243,-0.01198,0.269227,0.947738,-0.171201,0.208669,1.030583,2.810203,-10.229251980206918,-10.319715305235542,21.29121515200374,-0.103807,-0.071633,0.175373,0.97639,0.928226,0.357338,0.103474,-0.327593,0.916937,-0.227837,F,BuildTutorial
25.562,0.344129,1.410186,2.647283,25.776113176991633,15.937337695529454,0.0576080005704679,-0.220961,-0.135028,0.030436,-0.96541,0.961682,0.000905,-0.274165,0.118438,0.900499,0.418418,0.443394,1.010908,2.811577,-9.247115751644102,4.989531125172124,-15.953642426343093,-0.085774,0.031791,-0.134715,0.986653,0.961682,-0.271288,-0.039622,0.260381,0.948989,-0.177825,0.216206,1.031762,2.81402,-10.4660053781635,-8.65065558963022,21.336312583537772,-0.103278,-0.056971,0.177064,0.977106,0.930805,0.357788,0.074759,-0.334253,0.915964,-0.222002,F,BuildTutorial
25.595,0.347763,1.410295,2.646705,25.639732814990744,17.539593127234475,0.027339687437695,-0.219328,-0.148612,0.0336,-0.963681,0.953571,0.00043,-0.301169,0.129949,0.901533,0.412737,0.451013,1.009526,2.805803,-9.21472864858275,6.700416335369832,-15.71942006587725,-0.087402,0.046737,-0.131423,0.986359,0.961087,-0.267431,-0.069227,0.251091,0.950178,-0.184704,0.22445,1.031704,2.8166,-10.410942682208304,-7.157574156615032,21.50085782131453,-0.100557,-0.044182,0.179836,0.977546,0.931414,0.360481,0.050212,-0.34271,0.915095,-0.212488,F,BuildTutorial
25.628,0.351432,1.410387,2.646111,25.56582195095687,19.1001597115212,0.0182047647700181,-0.218217,-0.161763,0.036556,-0.961706,0.944993,0.000286,-0.327091,0.140911,0.90209,0.407894,0.458654,1.008226,2.800977,-8.972049596828057,8.636594305046996,-15.954668189974118,-0.087657,0.063516,-0.132131,0.985304,0.957014,-0.271514,-0.102001,0.249244,0.949715,-0.189523,0.232103,1.031306,2.818933,-10.258862457337584,-5.660103593847592,21.64766043063342,-0.096943,-0.031532,0.182474,0.977912,0.931418,0.363001,0.026291,-0.350773,0.91461,-0.201111,F,BuildTutorial
25.662,0.355029,1.41037,2.645526,25.485819600302342,20.611108165574787,-0.0409981782302945,-0.216956,-0.174569,0.039804,-0.959621,0.935883,-0.000646,-0.352312,0.152141,0.902691,0.402494,0.46634,1.007602,2.796989,-8.837477835649544,10.762238152383762,-16.58493597306937,-0.089389,0.081461,-0.136014,0.983298,0.949729,-0.282048,-0.135884,0.252921,0.94702,-0.197952,0.239178,1.030908,2.821091,-10.08759577462094,-4.2283693890235545,21.716217426445105,-0.093207,-0.01954,0.184335,0.978239,0.931277,0.36429,0.003868,-0.357005,0.914666,-0.189562,F,BuildTutorial
25.695,0.358597,1.410316,2.645018,25.450287793380316,22.088548519980954,-0.1186929700026774,-0.216001,-0.187086,0.043189,-0.957328,0.926267,-0.001871,-0.376863,0.163513,0.902957,0.397407,0.473608,1.007386,2.793911,-8.79984907221578,12.668567308095984,-16.910222922911714,-0.091595,0.097597,-0.137334,0.98144,0.943229,-0.287448,-0.166413,0.25169,0.9455,-0.206597,0.246129,1.029958,2.822372,-9.91290294248992,-2.862942815101945,21.680174375005297,-0.089511,-0.0082,0.185187,0.978584,0.931277,0.36391,-0.017104,-0.360975,0.915387,-0.178225,F,BuildTutorial
25.728,0.362135,1.410306,2.644406,25.44351899160058,23.522928931014448,-0.1831859376177113,-0.215275,-0.199178,0.046415,-0.954898,0.916347,-0.002888,-0.400374,0.1744,0.903004,0.392642,0.480078,1.007945,2.791915,-8.958689495724785,14.179185931991654,-16.77631714597954,-0.094623,0.110422,-0.134785,0.980146,0.93928,-0.285116,-0.190953,0.243321,0.945759,-0.215256,0.253356,1.028784,2.823307,-9.683796310795246,-1.4285708602293494,21.68177586319508,-0.08523,0.003674,0.186363,0.97877,0.930511,0.364186,-0.03896,-0.365439,0.91601,-0.165473,F,BuildTutorial
25.761,0.365602,1.41034,2.643765,25.434436883811266,24.91821159908857,-0.2725729385936205,-0.214454,-0.210961,0.049759,-0.952381,0.906039,-0.004297,-0.423173,0.185263,0.903067,0.38749,0.486804,1.009217,2.790716,-9.266210844157822,15.736813716961086,-16.72182845887267,-0.099005,0.123366,-0.132628,0.978462,0.934381,-0.283971,-0.215157,0.235116,0.945216,-0.226469,0.259098,1.027903,2.824011,-9.525291574616386,-0.1968185677384943,21.53480290013983,-0.081886,0.01383,0.186037,0.979027,0.930398,0.362005,-0.057546,-0.366535,0.91737,-0.155191,F,BuildTutorial
25.794,0.368961,1.410307,2.643163,25.42817282922757,26.24418916162922,-0.3489304182944368,-0.213664,-0.222112,0.052858,-0.949853,0.895745,-0.0055,-0.444535,0.19533,0.903107,0.382418,0.494106,1.011068,2.790035,-9.629028388341156,17.345588354473012,-16.832874068730103,-0.10407,0.136497,-0.131663,0.976321,0.928067,-0.285502,-0.239126,0.228681,0.943669,-0.239154,0.264431,1.027142,2.824547,-9.37559471451807,0.91024718183402,21.434219485965308,-0.078826,0.022976,0.18597,0.979119,0.929774,0.360552,-0.074311,-0.367796,0.918403,-0.145815,F,BuildTutorial
25.829,0.372167,1.410209,2.642664,25.435005318489235,27.504712249901907,-0.4076134795852826,-0.213007,-0.232653,0.055704,-0.947311,0.885539,-0.006425,-0.46452,0.204652,0.903051,0.377647,0.502035,1.013088,2.790395,-10.072777300977362,18.64343139868443,-16.621031272630148,-0.109041,0.147137,-0.128008,0.974718,0.923929,-0.281631,-0.258918,0.217456,0.943448,-0.250237,0.269078,1.026659,2.82507,-9.284555360496526,1.817736719703737,21.328043557247504,-0.076601,0.030512,0.185681,0.979145,0.929183,0.358943,-0.088199,-0.368292,0.91931,-0.138676,F,BuildTutorial
25.861,0.375265,1.410096,2.6423,25.42396650257945,28.707416765019843,-0.4748934609973105,-0.212177,-0.242712,0.058468,-0.944803,0.875345,-0.007485,-0.483442,0.213477,0.903125,0.372549,0.511297,1.015988,2.791049,-10.624231309952409,20.21498517163952,-16.100315191187676,-0.114717,0.160256,-0.121187,0.972868,0.919263,-0.272566,-0.284012,0.199029,0.944308,-0.262051,0.272776,1.02653,2.825557,-9.272216828175557,2.5512703758760837,21.25737411154616,-0.075328,0.036713,0.185563,0.979053,0.928437,0.357822,-0.099845,-0.368884,0.919784,-0.133874,F,BuildTutorial
25.894,0.37851,1.410354,2.642182,25.207270593926708,29.917707434631488,-0.6636924279071734,-0.209348,-0.253122,0.061784,-0.942489,0.864224,-0.010479,-0.502999,0.222442,0.904712,0.363339,0.522661,1.019268,2.792113,-11.057696654672716,22.418349574875503,-16.285685534773293,-0.120962,0.17815,-0.119753,0.96917,0.907844,-0.275221,-0.316343,0.189024,0.942055,-0.277133,0.275276,1.026643,2.826056,-9.264730392340716,2.9131160492825736,21.15540658322111,-0.074713,0.039726,0.184928,0.979102,0.928447,0.356192,-0.105425,-0.368064,0.920439,-0.13161,F,BuildTutorial
25.928,0.381914,1.411022,2.641885,24.83943438375393,31.230258484036245,-0.5888367283807276,-0.20578,-0.263936,0.062724,-0.940244,0.852808,-0.009327,-0.522142,0.226577,0.907441,0.353856,0.535712,1.022665,2.793064,-11.22242603597584,24.87417107969287,-17.225887397241586,-0.126505,0.197619,-0.124723,0.964048,0.890782,-0.290477,-0.349471,0.190478,0.936881,-0.293209,0.276825,1.027133,2.826273,-9.345744404114592,3.1237636912475155,21.18203710242665,-0.075056,0.041671,0.185301,0.978925,0.927854,0.356536,-0.109402,-0.369046,0.920061,-0.131505,F,BuildTutorial
25.961,0.384953,1.411408,2.641431,24.66833531556764,32.431107413681914,-0.3009226740621937,-0.204398,-0.273344,0.062115,-0.937895,0.84285,-0.004774,-0.538127,0.228257,0.908727,0.34945,0.54912,1.026039,2.794083,-11.65133808679352,27.48012490489656,-17.314877651153704,-0.133042,0.218757,-0.12163,0.958985,0.874703,-0.291489,-0.387206,0.175074,0.935012,-0.308385,0.277301,1.028047,2.826299,-9.495139299638067,3.107043164012836,21.2705486794094,-0.076328,0.041823,0.186061,0.978676,0.927265,0.357801,-0.110266,-0.370571,0.919111,-0.133837,F,BuildTutorial
25.995,0.387538,1.411584,2.641006,24.5709166849227,33.46692821815447,-0.1416633308437427,-0.203424,-0.281578,0.062421,-0.935647,0.833635,-0.002248,-0.552312,0.231368,0.909445,0.345514,0.56185,1.02945,2.795245,-12.423041754953069,29.44782585625039,-16.482685540975403,-0.139784,0.23506,-0.110606,0.955497,0.865027,-0.277083,-0.418275,0.145653,0.936454,-0.319124,0.276815,1.028593,2.826324,-9.575613407554656,2.837574633056432,21.24218650429716,-0.077463,0.03963,0.185645,0.978757,0.927931,0.357264,-0.106338,-0.369543,0.919071,-0.136921,F,BuildTutorial
26.028,0.389699,1.411681,2.64046,24.57811449006916,34.26089548535428,0.0062301868694478,-0.203417,-0.287788,0.062642,-0.933743,0.826508,9.9e-05,-0.562925,0.234065,0.909395,0.343823,0.573935,1.03333,2.797173,-13.504113463523394,30.736205543823633,-16.157597588382576,-0.14923,0.244637,-0.10372,0.952431,0.85879,-0.270586,-0.435045,0.124557,0.933945,-0.335011,0.275529,1.028826,2.826419,-9.52590479497952,2.4204028828195097,21.275158322809748,-0.077703,0.03601,0.185641,0.978878,0.928482,0.357843,-0.099349,-0.369036,0.919,-0.138754,F,BuildTutorial
26.061,0.391402,1.41162,2.640023,24.56644427785632,34.78151253439578,0.1548959785121842,-0.203414,-0.29177,0.062326,-0.932528,0.821971,0.002459,-0.569524,0.234941,0.909477,0.343008,0.585381,1.036437,2.80032,-14.241473100574702,31.661235984203746,-15.279413930030044,-0.154187,0.252433,-0.093399,0.950674,0.855108,-0.255429,-0.451161,0.099741,0.935006,-0.340318,0.273479,1.029041,2.826223,-9.496842651839096,1.878765966284063,21.275912341473443,-0.078331,0.031337,0.185278,0.979058,0.92938,0.357887,-0.090387,-0.367706,0.919072,-0.14177,F,BuildTutorial
26.095,0.392844,1.411673,2.639624,24.556502563508616,35.06499824100831,0.2759598877621312,-0.203489,-0.293867,0.061819,-0.931887,0.819641,0.00438,-0.57286,0.234814,0.909541,0.342924,0.597737,1.039789,2.803378,-15.208386374548214,33.39180798893915,-14.4333437542429,-0.161519,0.266587,-0.081552,0.946674,0.844562,-0.240524,-0.478398,0.068289,0.934522,-0.349293,0.270666,1.028946,2.826035,-9.481120202535848,1.1919267937150544,21.23392504117326,-0.079315,0.025414,0.184447,0.979307,0.930667,0.357229,-0.079035,-0.365291,0.919377,-0.145973,F,BuildTutorial
26.133,0.393925,1.411725,2.639261,24.588768673978542,35.16426298687208,0.2637154251252453,-0.203666,-0.294677,0.062178,-0.931568,0.818599,0.004184,-0.574351,0.235878,0.909308,0.342813,0.609823,1.043264,2.807616,-16.438251726862276,35.0477350057043,-13.074638665534351,-0.169367,0.280552,-0.064686,0.942561,0.834213,-0.216974,-0.506963,0.026909,0.934261,-0.355573,0.267693,1.02835,2.825708,-9.337098349874136,0.495417364635667,21.21249868732522,-0.079207,0.019216,0.183792,0.97958,0.931703,0.357034,-0.066761,-0.363122,0.919894,-0.148116,F,BuildTutorial
26.162,0.394632,1.411734,2.638804,24.658517261550426,35.08489098506552,0.1651246567714089,-0.204023,-0.294167,0.063018,-0.931595,0.818989,0.002619,-0.573803,0.237449,0.908807,0.343058,0.621348,1.045171,2.813703,-17.09228094756235,35.986697443596405,-11.782632919589476,-0.171946,0.289356,-0.050875,0.940276,0.827369,-0.19518,-0.526655,-0.003835,0.935693,-0.352795,0.264854,1.027443,2.825044,-9.13170522898736,-0.12262008060063,21.10366668824191,-0.078454,0.013529,0.18246,0.979985,0.933051,0.355493,-0.055146,-0.359739,0.921107,-0.14883,F,BuildTutorial
26.195,0.395152,1.411824,2.638641,24.65289034513705,34.823533511872235,0.0531615862063817,-0.203835,-0.292244,0.063449,-0.932212,0.821135,0.000844,-0.570733,0.237434,0.908851,0.34295,0.633027,1.046462,2.820282,-17.450287654460116,37.242793053821536,-10.672520723754008,-0.172483,0.300881,-0.038884,0.937128,0.815917,-0.176672,-0.550515,-0.030915,0.937475,-0.346676,0.261991,1.026611,2.824349,-8.952369269811728,-0.7434176164157601,20.98409235518808,-0.077916,0.007852,0.181042,0.980353,0.934324,0.353746,-0.043609,-0.356194,0.922306,-0.149927,F,BuildTutorial
26.228,0.395488,1.412024,2.63854,24.628321219881336,34.444218981061155,-0.0596987951177785,-0.203559,-0.289371,0.063631,-0.933156,0.824431,-0.000948,-0.565961,0.236563,0.90903,0.343078,0.64377,1.045863,2.828418,-16.98813014707952,37.86912486403239,-10.160762886764156,-0.167585,0.307296,-0.035102,0.936084,0.808674,-0.168714,-0.563544,-0.037279,0.941366,-0.33532,0.259407,1.025746,2.823554,-8.703889708014513,-1.3516084266041184,20.955540126845182,-0.076751,0.002234,0.180437,0.980585,0.934875,0.353525,-0.032079,-0.354211,0.923104,-0.149715,F,BuildTutorial
26.262,0.395597,1.412188,2.638551,24.573171177344506,33.994439307638714,-0.2234163963249571,-0.202949,-0.286026,0.064029,-0.934292,0.828179,-0.003547,-0.560453,0.235742,0.909424,0.342598,0.65422,1.045258,2.837049,-16.674540742144224,38.32526673791521,-9.727713566576954,-0.16401,0.311999,-0.031819,0.935278,0.803289,-0.16186,-0.573174,-0.042823,0.944177,-0.326645,0.256972,1.025149,2.822876,-8.52655700738908,-1.89271612892102,20.941777442632972,-0.076085,-0.002688,0.180001,0.980716,0.935185,0.353469,-0.022118,-0.352651,0.923621,-0.150204,F,BuildTutorial
26.295,0.395523,1.41236,2.638625,24.50766285067938,33.483006190620905,-0.3772613314800153,-0.202319,-0.282159,0.064218,-0.93559,0.832524,-0.005992,-0.553956,0.234337,0.909886,0.342335,0.663811,1.044575,2.847406,-16.43936089427989,37.79066691554915,-8.376290140978796,-0.158311,0.309779,-0.022211,0.937273,0.807087,-0.139719,-0.573663,-0.056447,0.948888,-0.310523,0.254366,1.02521,2.821909,-8.504595126124762,-2.5277506694768137,20.85060203227593,-0.076887,-0.008219,0.178803,0.980842,0.935924,0.352019,-0.011373,-0.349491,0.924236,-0.153768,F,BuildTutorial
26.328,0.395348,1.412511,2.638743,24.49897051260803,32.9671594030652,-0.4667186971664628,-0.202318,-0.278107,0.064017,-0.936817,0.837116,-0.007413,-0.546975,0.232477,0.909939,0.343461,0.67335,1.044855,2.857,-16.152953542975858,37.91291425527009,-7.830497647717635,-0.154526,0.311804,-0.018404,0.937316,0.804879,-0.130864,-0.57883,-0.061863,0.951566,-0.301155,0.251891,1.025815,2.821184,-8.543509674306826,-3.1516882032649796,20.90845067883279,-0.078199,-0.013458,0.178863,0.980669,0.935654,0.352915,-0.001578,-0.348705,0.923786,-0.15819,F,BuildTutorial
26.361,0.395203,1.412778,2.639004,24.39900586337674,32.450052358818695,-0.4838359693703152,-0.201745,-0.273955,0.063006,-0.938231,0.841958,-0.00769,-0.539489,0.228766,0.910659,0.344045,0.681257,1.047072,2.867104,-16.90416511282796,37.4475677862084,-5.5002913056467,-0.154278,0.310475,0.00218,0.937976,0.807202,-0.091709,-0.583108,-0.099889,0.952387,-0.288065,0.249504,1.026592,2.82038,-8.683007300877918,-3.7215651299632366,20.92661657556724,-0.080283,-0.018099,0.178572,0.980479,0.935569,0.353078,0.006819,-0.347266,0.923333,-0.163896,F,BuildTutorial
26.394,0.395085,1.412923,2.639297,24.383490008606625,31.920853698675486,-0.4313457248673669,-0.20203,-0.269534,0.061607,-0.939542,0.847113,-0.006857,-0.531369,0.224673,0.910777,0.346422,0.688143,1.049182,2.878942,-16.76154036154596,36.06545263841877,-4.6787658796862015,-0.150977,0.300342,0.006682,0.941783,0.8195,-0.078105,-0.567732,-0.103275,0.954322,-0.280363,0.247215,1.027245,2.819548,-8.741987377871661,-4.358452293027506,20.90068881613789,-0.081773,-0.023472,0.177875,0.980369,0.935619,0.352605,0.016931,-0.344928,0.923347,-0.168686,F,BuildTutorial
26.428,0.395,1.41302,2.639364,24.41881825314114,31.473708137666343,-0.3960456214147489,-0.202641,-0.265787,0.06061,-0.940543,0.851368,-0.006294,-0.524532,0.221732,0.910526,0.348967,0.695397,1.051843,2.889692,-16.777960356901552,35.53911764806786,-3.733517325040085,-0.148694,0.297238,0.013812,0.943053,0.822917,-0.062344,-0.56473,-0.114447,0.955398,-0.272242,0.245038,1.027752,2.818673,-8.793633624135527,-4.974111325102509,20.985960138766785,-0.08319,-0.028594,0.178137,0.980066,0.934899,0.35393,0.02641,-0.344415,0.922693,-0.173251,F,BuildTutorial
26.461,0.395049,1.413234,2.639559,24.401524054681435,31.094859319052283,-0.3598625400558866,-0.202781,-0.26262,0.059603,-0.941466,0.854957,-0.00572,-0.518668,0.218737,0.910655,0.350517,0.70236,1.054385,2.901164,-16.691242830041357,34.900733751831055,-3.006071214878906,-0.146199,0.29297,0.018753,0.944692,0.827634,-0.050232,-0.559016,-0.121096,0.956549,-0.265237,0.243371,1.02824,2.817858,-8.854445849884886,-5.472339712469907,20.912363201094603,-0.084462,-0.032811,0.177112,0.980011,0.93511,0.352686,0.034391,-0.341601,0.922995,-0.17717,F,BuildTutorial
26.495,0.395039,1.413381,2.639647,24.36440824959914,30.71088414514678,-0.2773558919390884,-0.202861,-0.259335,0.058161,-0.942449,0.858726,-0.00441,-0.512417,0.214845,0.91093,0.352205,0.708841,1.055512,2.912652,-15.761705037719087,34.0113604561934,-2.747886708584637,-0.138027,0.286477,0.017377,0.947933,0.835258,-0.046138,-0.54792,-0.112028,0.961293,-0.251725,0.241784,1.028496,2.816946,-8.901757705012788,-5.992271544151381,20.925695470512345,-0.085673,-0.037171,0.176814,0.979804,0.93471,0.352856,0.042544,-0.340117,0.922794,-0.18103,F,BuildTutorial
26.527,0.395087,1.413537,2.639713,24.324383111952883,30.34392922836473,-0.2190620573313733,-0.202847,-0.256231,0.056942,-0.943375,0.862206,-0.003484,-0.506546,0.211387,0.911221,0.353541,0.713692,1.057085,2.923581,-15.826552477697993,32.95757970760145,-0.3755144757393913,-0.132939,0.280525,0.03594,0.949916,0.840028,-0.006306,-0.542507,-0.142865,0.962071,-0.232398,0.240467,1.028399,2.816089,-8.883393993021945,-6.4596326742300105,20.829291408662225,-0.086202,-0.041269,0.17565,0.979803,0.934888,0.35132,0.050588,-0.337091,0.923433,-0.183419,F,BuildTutorial
26.561,0.395257,1.413768,2.639786,24.24348992056541,29.995012308761417,-0.2113181274336127,-0.20237,-0.253381,0.056082,-0.944299,0.865306,-0.003363,-0.501232,0.208469,0.911803,0.353774,0.718557,1.057335,2.934033,-15.231210568120558,32.14023104995414,0.6164171598112305,-0.12587,0.275053,0.041808,0.952237,0.845196,0.01038,-0.534355,-0.148864,0.964818,-0.216717,0.23944,1.028283,2.815173,-8.812363426155999,-6.830140948891523,20.84669747845984,-0.08617,-0.044538,0.175564,0.979678,0.934387,0.351668,0.05701,-0.336317,0.923504,-0.184477,F,BuildTutorial
26.594,0.395415,1.413931,2.639797,24.196086167390167,29.61328022766159,-0.1918823403437265,-0.202207,-0.250221,0.055144,-0.945231,0.868697,-0.003056,-0.495335,0.205441,0.912143,0.354667,0.724265,1.056222,2.943175,-14.32993916322328,32.271568199715944,-0.3359475890995956,-0.120621,0.275392,0.031869,0.953202,0.846287,-0.00568,-0.532697,-0.127192,0.96887,-0.212399,0.238413,1.028388,2.814056,-8.81678471513597,-7.288565226675548,20.8529064545568,-0.086912,-0.048445,0.175268,0.97948,0.933869,0.351764,0.064435,-0.334922,0.923455,-0.187239,F,BuildTutorial
26.628,0.395505,1.414113,2.639825,24.18256499784679,29.276565658540452,-0.2301019961878708,-0.202174,-0.247516,0.054836,-0.945968,0.871458,-0.003663,-0.490457,0.203829,0.912238,0.355355,0.728761,1.055037,2.950676,-14.48221331559517,32.43633047683748,2.343436886179449,-0.115338,0.279485,0.054675,0.951628,0.837797,0.039589,-0.544544,-0.168531,0.967416,-0.188957,0.237567,1.028571,2.813001,-8.816350064136795,-7.644776979278405,20.87148902492642,-0.087461,-0.051476,0.175156,0.979296,0.933341,0.352064,0.070183,-0.334055,0.923342,-0.189333,F,BuildTutorial
26.661,0.39566,1.414333,2.640019,24.095177943084742,28.905519817491864,-0.2096179073381301,-0.201672,-0.244454,0.053826,-0.946929,0.87469,-0.003341,-0.484671,0.200538,0.912863,0.355621,0.731971,1.052232,2.957998,-13.857716840876003,31.64053049328101,3.924350527038825,-0.106733,0.274445,0.065571,0.953409,0.840761,0.066448,-0.537313,-0.183616,0.968617,-0.167528,0.236757,1.028635,2.812052,-8.769884935352431,-8.015409075295981,21.024860354575775,-0.087704,-0.054601,0.176216,0.978915,0.931934,0.354578,0.075989,-0.335423,0.922512,-0.190953,F,BuildTutorial
26.694,0.395844,1.414492,2.64022,24.03896651131909,28.527511334107817,-0.2396755051330968,-0.20132,-0.241406,0.053291,-0.947815,0.877766,-0.00382,-0.479074,0.19822,0.913261,0.355899,0.735098,1.048745,2.963882,-14.213650204468726,31.671268479960144,2.457204973156539,-0.113191,0.273272,0.054222,0.953714,0.844765,0.041562,-0.533521,-0.165289,0.968495,-0.186269,0.235887,1.02865,2.811269,-8.686125641419578,-8.493966599471273,21.09448501896251,-0.087761,-0.058772,0.176506,0.978616,0.930783,0.355779,0.084049,-0.335148,0.922287,-0.192515,F,BuildTutorial
26.728,0.395805,1.414421,2.640189,24.14294187301762,28.195922266012875,-0.2617914819258558,-0.202288,-0.238657,0.053107,-0.948315,0.880445,-0.004169,-0.474131,0.197279,0.912519,0.358316,0.736228,1.048777,2.967188,-16.584118361689928,31.163175154452937,3.793950250012642,-0.130044,0.270255,0.07027,0.951374,0.844048,0.063415,-0.532504,-0.203995,0.956302,-0.209459,0.235239,1.028629,2.810523,-8.618696305135389,-8.78494409121628,21.1274134333756,-0.087652,-0.061342,0.176616,0.978448,0.930088,0.356373,0.089079,-0.334866,0.922248,-0.193193,F,BuildTutorial
26.761,0.395716,1.414484,2.640322,24.178869558869565,27.79441329551955,-0.2698336817642718,-0.202754,-0.235332,0.052538,-0.949078,0.883717,-0.004296,-0.468001,0.195154,0.912261,0.360131,0.736348,1.045056,2.970533,-16.05954598036705,30.158835352199436,8.095236251819792,-0.116358,0.266485,0.103737,0.95115,0.836449,0.135324,-0.531075,-0.259354,0.951399,-0.166058,0.23458,1.028969,2.809701,-8.618454001387923,-9.003042767137838,21.102099129203488,-0.087972,-0.063224,0.176233,0.978369,0.92989,0.355965,0.092705,-0.333717,0.922406,-0.194423,F,BuildTutorial
26.794,0.39555,1.414781,2.641037,24.04959623992374,27.279816107137485,-0.3142852946202283,-0.201826,-0.231199,0.051736,-0.950335,0.887741,-0.00501,-0.460317,0.191658,0.913179,0.359682,0.735493,1.04573,2.971848,-16.35443470992627,30.349721274511968,7.092189922487662,-0.120987,0.267099,0.096249,0.951187,0.838788,0.11847,-0.531412,-0.247732,0.952197,-0.178746,0.233852,1.029701,2.808743,-8.760526930510402,-9.272454429847029,21.0213633231069,-0.08955,-0.065354,0.175221,0.978267,0.930053,0.354532,0.096485,-0.331122,0.922557,-0.19811,F,BuildTutorial
26.828,0.395175,1.414984,2.641936,23.94259508995786,26.635060357598647,-0.3452566409676162,-0.201164,-0.225945,0.050647,-0.951797,0.892768,-0.005508,-0.450484,0.187316,0.913936,0.360048,0.732055,1.051834,2.970119,-17.40802868466536,31.097667685093057,4.020163486508544,-0.136408,0.269923,0.073943,0.950298,0.843348,0.066897,-0.533188,-0.214176,0.951851,-0.219338,0.232728,1.030363,2.80792,-8.890504924595238,-9.515412491613242,20.970089403194983,-0.090998,-0.067256,0.174485,0.978136,0.930063,0.353581,0.099816,-0.329101,0.922548,-0.201488,F,BuildTutorial
26.861,0.394638,1.415087,2.6429,23.916401228493307,25.886260316304774,-0.277767707257637,-0.201402,-0.219612,0.04872,-0.953328,0.898794,-0.004433,-0.438349,0.181353,0.914128,0.362604,0.724492,1.060405,2.967948,-19.57116769051299,30.244899395958292,3.328589584698659,-0.15654,0.261744,0.071951,0.949636,0.852626,0.054708,-0.51965,-0.218602,0.940637,-0.259646,0.23116,1.030595,2.807188,-8.899774841014434,-9.948299733884408,20.90317388077389,-0.091694,-0.070989,0.173561,0.977972,0.929674,0.352494,0.107022,-0.326457,0.922938,-0.20399,F,BuildTutorial
26.894,0.394037,1.414985,2.64374,23.990261667529065,25.06800089991606,-0.1620523408320941,-0.202575,-0.212567,0.046453,-0.954788,0.905315,-0.002583,-0.424733,0.174826,0.913611,0.367083,0.71264,1.070721,2.964768,-21.939203113607466,28.573255173967382,2.9272825072173396,-0.178155,0.246895,0.071243,0.949857,0.867935,0.04737,-0.494414,-0.223313,0.92637,-0.303265,0.229347,1.030144,2.806797,-8.743376382250378,-10.51883407508481,20.787031788394053,-0.091149,-0.076205,0.172253,0.977862,0.929044,0.350771,0.117634,-0.322987,0.924042,-0.204516,F,BuildTutorial
26.928,0.393265,1.414766,2.644381,24.157605705331047,24.269254111368387,-0.0792609623341658,-0.204439,-0.205697,0.044649,-0.955981,0.91139,-0.001262,-0.411542,0.169473,0.912422,0.372512,0.699212,1.08167,2.96055,-24.336680967394017,26.71697097777581,2.666075303959763,-0.199772,0.230562,0.070813,0.949694,0.883654,0.042381,-0.466219,-0.22662,0.910154,-0.34679,0.227632,1.029571,2.806728,-8.529238723520091,-10.946446980767895,20.62556946577917,-0.089856,-0.080328,0.170734,0.977918,0.928795,0.348363,0.126425,-0.319491,0.925552,-0.203174,F,BuildTutorial
26.961,0.392239,1.414382,2.644822,24.399443228792254,23.407114032218924,-0.0530543919953866,-0.206835,-0.198363,0.043309,-0.957077,0.917553,-0.000843,-0.397613,0.164957,0.910688,0.378731,0.685223,1.09291,2.95547,-26.62997748994704,24.83392978271448,2.0866038811744763,-0.22107,0.213305,0.066817,0.949297,0.900073,0.032548,-0.434521,-0.221169,0.893327,-0.391217,0.226834,1.029504,2.806286,-8.464540431568404,-11.164858120629034,20.52587942519359,-0.089559,-0.082374,0.169773,0.977942,0.928783,0.346811,0.130705,-0.317301,0.926313,-0.203138,F,BuildTutorial
26.994,0.390906,1.414092,2.645159,24.601969160532413,22.463276428220063,-0.0727639018043269,-0.208846,-0.190437,0.042105,-0.958303,0.923922,-0.001154,-0.38258,0.160242,0.909221,0.384239,0.671926,1.103831,2.948768,-28.850730342916272,23.0682321779505,1.625293357640639,-0.241317,0.19709,0.063265,0.948114,0.914307,0.024843,-0.404261,-0.215087,0.875527,-0.432654,0.226591,1.030295,2.805694,-8.63847717000896,-11.263377352092206,20.423370261817436,-0.091111,-0.083017,0.168655,0.977938,0.929328,0.344995,0.131637,-0.31474,0.926509,-0.206204,F,BuildTutorial
27.028,0.389258,1.413968,2.645261,24.745879580664862,21.55757984763477,-0.2534245775825082,-0.210089,-0.183139,0.042195,-0.959449,0.929359,-0.004018,-0.369154,0.15792,0.908164,0.387685,0.65958,1.113692,2.941617,-30.68172378237142,21.54593153367522,1.087429102465489,-0.258176,0.182716,0.058439,0.946861,0.9264,0.01632,-0.376188,-0.205012,0.85986,-0.467559,0.226171,1.03185,2.805134,-8.903296699606306,-11.362573807581697,20.43785391183741,-0.093521,-0.083428,0.168444,0.977712,0.929333,0.344984,0.131632,-0.313775,0.925761,-0.210979,F,BuildTutorial
27.061,0.387288,1.414063,2.645489,24.76525859811584,20.517555224163836,-0.3924753246480368,-0.210414,-0.174673,0.041482,-0.960986,0.935537,-0.006219,-0.353173,0.153234,0.908011,0.389918,0.649461,1.123219,2.933981,-32.47107173330103,21.031853550363795,-0.2746916910881216,-0.27531,0.174571,0.048764,0.944114,0.934294,-0.004044,-0.35648,-0.1882,0.843653,-0.502822,0.225296,1.033725,2.804309,-9.418221827995328,-11.517707950852753,20.58074041718944,-0.098233,-0.083803,0.16903,0.977116,0.928812,0.346788,0.130562,-0.313859,0.923559,-0.2203,F,BuildTutorial
27.095,0.384856,1.414154,2.645776,24.75159628871443,19.2168815046104,-0.4249957822202542,-0.21071,-0.163818,0.039345,-0.962921,0.943232,-0.006735,-0.332068,0.144807,0.908107,0.392903,0.640596,1.131438,2.926504,-33.92846113401282,20.344511385504685,-1.7286942928276283,-0.289704,0.164572,0.037322,0.942123,0.943047,-0.02503,-0.331718,-0.165678,0.829358,-0.533589,0.223784,1.034924,2.803459,-9.754121945692363,-11.99715379855058,20.65540994090055,-0.10185,-0.08728,0.16891,0.976462,0.927703,0.347647,0.136044,-0.31209,0.922192,-0.228389,F,BuildTutorial
27.128,0.381831,1.41398,2.645875,24.925979003521643,17.709892031416498,-0.5090725585968378,-0.212567,-0.151252,0.037506,-0.964641,0.951432,-0.008058,-0.307753,0.136663,0.906817,0.398755,0.633125,1.139256,2.919442,-35.280521475425964,20.059927517544185,-3.207162711792521,-0.302936,0.157558,0.026497,0.939523,0.948947,-0.045672,-0.312112,-0.145248,0.815055,-0.560881,0.221843,1.035119,2.802666,-9.713750842216324,-12.663361871266387,20.879069281321232,-0.102669,-0.092821,0.170263,0.97563,0.92479,0.351287,0.146156,-0.313168,0.920939,-0.231942,F,BuildTutorial
27.161,0.378493,1.41402,2.645957,25.027056658038937,16.073856073441956,-0.6619049746793858,-0.21375,-0.137727,0.035876,-0.966465,0.959488,-0.010468,-0.281554,0.128225,0.906048,0.403282,0.626176,1.146546,2.912881,-36.65146766140207,19.872795142902543,-4.525205145820181,-0.315928,0.151449,0.017297,0.936458,0.953528,-0.063297,-0.29458,-0.12809,0.79978,-0.586468,0.220387,1.034691,2.801635,-9.584191754047682,-13.198591154952444,20.9478068231091,-0.102423,-0.097529,0.170511,0.975153,0.922828,0.352527,0.155284,-0.31257,0.920871,-0.233016,F,BuildTutorial
27.194,0.374907,1.414134,2.645941,25.03783782800687,14.358338103496791,-0.7552108775937308,-0.214254,-0.123416,0.033472,-0.968372,0.967297,-0.011941,-0.253367,0.11771,0.90595,0.406693,0.618789,1.152698,2.907818,-37.62147622548768,19.27790453285397,-5.474131198341354,-0.325097,0.143135,0.009364,0.934739,0.958849,-0.075559,-0.273676,-0.110572,0.788448,-0.605081,0.219109,1.034446,2.800284,-9.530737755226443,-13.589475142754956,20.89669504077353,-0.102506,-0.100989,0.169787,0.974919,0.921947,0.351761,0.162104,-0.310353,0.92133,-0.234164,F,BuildTutorial
27.227,0.371013,1.414212,2.645865,25.057579185453957,12.63484984800584,-0.8480422432505943,-0.214812,-0.109009,0.03105,-0.970056,0.974306,-0.013408,-0.224829,0.107074,0.905784,0.40999,0.611581,1.158419,2.903246,-38.7563912636248,18.735602177260308,-6.054851499875147,-0.33503,0.136046,0.004775,0.932322,0.962938,-0.082255,-0.256876,-0.100062,0.775465,-0.623411,0.217567,1.034475,2.799066,-9.498507792663238,-13.897088038556673,20.99702219149356,-0.102779,-0.103569,0.170402,0.974512,0.920473,0.353407,0.16683,-0.310829,0.920799,-0.235615,F,BuildTutorial
27.26,0.366892,1.414393,2.645775,25.04176563593527,10.806884300025017,-1.0690423711108228,-0.214965,-0.093938,0.029481,-0.971646,0.980613,-0.016904,-0.195224,0.097677,0.905842,0.412201,0.60431,1.163768,2.899246,-39.86928492885653,18.21490216209312,-6.883000590185195,-0.344975,0.128325,-0.001851,0.929796,0.967058,-0.091981,-0.237355,-0.085095,0.761977,-0.641989,0.216108,1.034497,2.79744,-9.536776418856665,-14.12307572745852,21.05799327543316,-0.103495,-0.105372,0.170672,0.974195,0.919536,0.354346,0.169979,-0.310724,0.92032,-0.237618,F,BuildTutorial
27.294,0.362547,1.414468,2.645664,25.01677826302638,8.968489790905231,-1.1978196210479348,-0.21511,-0.078582,0.027106,-0.973046,0.98618,-0.018943,-0.16459,0.086558,0.905986,0.414363,0.59679,1.168154,2.896622,-40.42261525716071,17.62601894672278,-8.227674563591235,-0.350839,0.118914,-0.013731,0.928753,0.971342,-0.108945,-0.211249,-0.057934,0.753447,-0.654951,0.214708,1.034213,2.795789,-9.621011977121322,-14.385654397087537,20.956798891400513,-0.104504,-0.107556,0.169473,0.974058,0.919421,0.352633,0.174111,-0.307673,0.920716,-0.240041,F,BuildTutorial
27.329,0.358172,1.414658,2.645518,24.92120726944399,7.154606337392586,-1.333917534953533,-0.214624,-0.063428,0.024806,-0.974319,0.990723,-0.021112,-0.134247,0.075564,0.906643,0.415077,0.587673,1.171953,2.894838,-41.20297175081958,16.238411450128467,-7.793509755571997,-0.356518,0.108223,-0.013395,0.927903,0.976217,-0.102025,-0.191289,-0.052308,0.745431,-0.664527,0.212831,1.033613,2.794203,-9.514846470047264,-14.77495240666786,20.913753473133507,-0.104139,-0.11108,0.168882,0.973805,0.91828,0.352052,0.181166,-0.305781,0.921268,-0.24034,F,BuildTutorial
27.361,0.35357,1.415058,2.645502,24.721718459576195,5.3023115926826545,-1.52427729518224,-0.213219,-0.048023,0.02288,-0.975555,0.994341,-0.024162,-0.103455,0.065119,0.908028,0.413817,0.577691,1.175704,2.893074,-42.111341180336034,14.978285173201051,-7.551758294136361,-0.363447,0.097914,-0.014207,0.926346,0.980422,-0.097495,-0.171077,-0.044851,0.735409,-0.676138,0.210733,1.03297,2.792413,-9.41862933377504,-15.237038428284857,21.001210579260608,-0.104093,-0.115086,0.169325,0.973267,0.916169,0.353556,0.188767,-0.305637,0.920987,-0.241595,F,BuildTutorial
27.394,0.348733,1.415286,2.645247,24.536674503649465,3.423607075435306,-1.7045336891716787,-0.211938,-0.032346,0.020875,-0.976525,0.997036,-0.027059,-0.072022,0.05448,0.909293,0.412575,0.566176,1.179247,2.891439,-42.85106562198393,13.437228564057609,-8.257832105096243,-0.369683,0.082505,-0.023939,0.925178,0.98524,-0.105297,-0.134965,-0.016706,0.725523,-0.687995,0.208141,1.032871,2.790416,-9.506405409665687,-15.80435620193259,21.02040860933996,-0.105692,-0.119739,0.168856,0.972615,0.914301,0.353774,0.197227,-0.303152,0.920634,-0.246032,F,BuildTutorial
27.427,0.343829,1.415361,2.644639,24.440363580151192,1.7220372292478765,-1.8021060760933425,-0.211388,-0.018013,0.018548,-0.97706,0.998663,-0.02863,-0.043041,0.043861,0.909942,0.412409,0.554758,1.182874,2.889224,-44.31035623651957,12.175885338641748,-7.87127903088221,-0.380847,0.072255,-0.023309,0.921516,0.988472,-0.097995,-0.115415,-0.012078,0.708825,-0.705281,0.204488,1.032636,2.788769,-9.500964599958644,-16.529050533172946,21.162678029190136,-0.106868,-0.125764,0.169398,0.971631,0.910976,0.356065,0.208185,-0.302305,0.919767,-0.25028,F,BuildTutorial
27.461,0.338947,1.415423,2.643727,24.411734443729458,0.1450677978596236,-1.8048250919936613,-0.211379,-0.004567,0.015661,-0.977268,0.999468,-0.028679,-0.015547,0.03254,0.910148,0.413004,0.540737,1.18539,2.888016,-44.82333728062321,8.597254516139637,-6.0849018832397075,-0.383328,0.049017,-0.020392,0.922085,0.994363,-0.075186,-0.074761,2.8e-05,0.705287,-0.708922,0.201525,1.032205,2.786695,-9.466697657083412,-17.230786080924336,21.216302119727818,-0.107676,-0.131719,0.169243,0.970779,0.908014,0.356962,0.219293,-0.30023,0.919525,-0.253645,F,BuildTutorial
27.494,0.334243,1.415623,2.64269,24.394820867768885,-1.283199019046993,-1.6624381436124964,-0.211404,0.007879,0.011813,-0.977296,0.999597,-0.026421,0.010405,0.019759,0.910338,0.413394,0.527107,1.187267,2.887489,-44.88644304656768,5.332498854358746,-5.514209848818,-0.382981,0.024601,-0.026672,0.923043,0.997367,-0.068083,-0.024985,0.030396,0.705229,-0.708328,0.197655,1.032669,2.784545,-9.60366042845623,-18.012620795811337,21.4000470457825,-0.110203,-0.137931,0.169858,0.969525,0.904247,0.359764,0.230017,-0.298963,0.918007,-0.260546,F,BuildTutorial
27.528,0.329664,1.416073,2.641556,24.22911040916795,-2.504655243196871,-1.478467142677575,-0.210075,0.01866,0.008025,-0.977474,0.999175,-0.023528,0.033109,0.007848,0.911608,0.410985,0.513324,1.188578,2.887241,-45.00693092438482,2.386264118626445,-4.825188042258344,-0.383127,0.003112,-0.030919,0.923173,0.998069,-0.059471,0.017945,0.054702,0.704516,-0.707577,0.193949,1.033173,2.781697,-9.740035652593669,-18.895645939396047,21.61802959343693,-0.112931,-0.14495,0.170636,0.96805,0.899746,0.363106,0.242097,-0.297629,0.91626,-0.268113,F,BuildTutorial
27.561,0.325167,1.416565,2.640199,23.99124378871952,-3.531363178551001,-1.346069450257204,-0.208078,0.027697,0.005081,-0.977707,0.998414,-0.021463,0.052045,-0.00159,0.913356,0.40716,0.498306,1.189334,2.887215,-45.13789376940747,-1.7274608495290176,-2.7047285673420163,-0.383316,-0.022973,-0.027575,0.92292,0.997424,-0.033287,0.063544,0.06851,0.704618,-0.706272,0.189025,1.03388,2.778476,-9.744009130166637,-19.891172126278175,21.997102115913194,-0.114949,-0.152968,0.172839,0.966185,0.893455,0.369156,0.255856,-0.298822,0.913827,-0.275003,F,BuildTutorial
27.594,0.320749,1.416963,2.638595,23.83494955043955,-4.447813936875338,-1.1093437005742708,-0.206705,0.035969,0.001452,-0.977741,0.997408,-0.017708,0.069736,-0.012031,0.914542,0.404312,0.483546,1.189812,2.887779,-45.0192503048959,-5.2003924840150475,-1.3800834686525758,-0.381912,-0.046513,-0.028481,0.922588,0.994051,-0.017025,0.107579,0.08808,0.706664,-0.702045,0.183697,1.034282,2.774873,-9.856179671695877,-20.890016080587777,22.27398922124416,-0.117779,-0.160902,0.173972,0.964351,0.887689,0.373441,0.269351,-0.297638,0.911724,-0.283145,F,BuildTutorial
27.628,0.316392,1.417285,2.636748,23.679376837925048,-5.274104076105353,-0.8470118047391222,-0.205284,0.043514,-0.002213,-0.977732,0.996203,-0.013538,0.085999,-0.022193,0.915708,0.401232,0.469412,1.19037,2.888762,-44.95161966541773,-7.98430828724939,-0.8738747572282963,-0.380864,-0.067238,-0.033644,0.921569,0.988694,-0.010794,0.149557,0.113229,0.707621,-0.697461,0.177859,1.034298,2.770862,-9.96670514688387,-21.95537504590527,22.333614267153205,-0.120402,-0.1696,0.173175,0.962678,0.882492,0.374265,0.284839,-0.292584,0.911027,-0.290559,F,BuildTutorial
27.661,0.311883,1.417678,2.634889,23.47574989223173,-6.1014132634853855,-0.6779817619286566,-0.203451,0.050904,-0.005042,-0.977748,0.994767,-0.010854,0.101595,-0.030572,0.917164,0.397335,0.45461,1.190658,2.890374,-45.1209585287387,-10.946145961252675,0.6060844041448291,-0.38237,-0.086058,-0.03173,0.919446,0.983175,0.007464,0.182516,0.12416,0.705572,-0.697676,0.171403,1.033558,2.766839,-9.855515762306704,-23.06542966604732,22.481459219833702,-0.121379,-0.178961,0.173446,0.960811,0.875779,0.376742,0.301789,-0.289854,0.910367,-0.295324,F,BuildTutorial
27.694,0.307257,1.418108,2.633043,23.22596041618666,-6.923730911071433,-0.5164096529083793,-0.201197,0.058242,-0.007749,-0.977787,0.993096,-0.008282,0.117015,-0.038591,0.918919,0.392553,0.43804,1.190206,2.892457,-44.69774307915802,-15.300774578127074,2.784311250469446,-0.379741,-0.113936,-0.028336,0.917613,0.972431,0.034528,0.230619,0.138536,0.709988,-0.690453,0.164386,1.032159,2.762455,-9.640472276204822,-24.279485029132527,22.510949116769034,-0.121472,-0.189488,0.172813,0.958892,0.86846,0.377453,0.321414,-0.285383,0.91076,-0.29845,F,BuildTutorial
27.728,0.302495,1.418604,2.631106,22.991306398745575,-7.698514756527659,-0.4238989908337398,-0.199086,0.065049,-0.009762,-0.977772,0.991347,-0.00681,0.131093,-0.044992,0.920539,0.388051,0.422317,1.190175,2.894475,-44.47570532816473,-18.874411477434364,4.324857785368958,-0.378791,-0.137576,-0.027556,0.914784,0.960627,0.053809,0.272581,0.154641,0.711516,-0.685443,0.157362,1.030524,2.757416,-9.417905654631648,-25.61467175437351,22.54502165648863,-0.121693,-0.201015,0.172122,0.956639,0.859935,0.378241,0.342705,-0.280393,0.91113,-0.302031,F,BuildTutorial
27.761,0.29739,1.419119,2.629079,22.7676082026692,-8.441394004577301,-0.3686002078796173,-0.197076,0.071517,-0.011382,-0.97771,0.989512,-0.005932,0.144332,-0.050445,0.922063,0.383738,0.406399,1.190113,2.896638,-43.95831357548179,-22.52644574547487,6.08787234033335,-0.376161,-0.161374,-0.024704,0.912059,0.946696,0.076343,0.312951,0.166468,0.715786,-0.678189,0.149809,1.02885,2.752548,-9.17144138393959,-26.882914333059215,22.623606960978737,-0.121699,-0.211954,0.171941,0.954307,0.851024,0.379757,0.362689,-0.276579,0.911252,-0.305163,F,BuildTutorial
27.794,0.291939,1.419671,2.627036,22.51378740787722,-9.100474262929826,-0.3577705725017404,-0.194835,0.077199,-0.012434,-0.977714,0.987771,-0.005768,0.155803,-0.054396,0.92377,0.379066,0.390002,1.19024,2.898155,-43.4866576918611,-26.615870425287287,8.35871133234226,-0.375125,-0.186966,-0.019169,0.907721,0.929353,0.105472,0.353807,0.17507,0.717828,-0.673849,0.141771,1.027466,2.747815,-8.929282383157378,-28.04696617676464,22.759832383240315,-0.121707,-0.221933,0.17236,0.951959,0.842075,0.382181,0.380587,-0.274138,0.910959,-0.308225,F,BuildTutorial
27.828,0.28627,1.42006,2.625015,22.275977819346796,-9.71146033317514,-0.2640132516926088,-0.19267,0.082609,-0.014099,-0.977678,0.985954,-0.004264,0.166962,-0.059401,0.925359,0.37441,0.374573,1.191119,2.899637,-43.34031722866192,-29.8599448335495,9.965794153992494,-0.376245,-0.207534,-0.016782,0.902822,0.913296,0.125864,0.387361,0.18647,0.716316,-0.672399,0.13352,1.026557,2.743181,-8.881282071308762,-29.170560287818155,22.7338133461951,-0.122944,-0.231372,0.171052,0.949786,0.834416,0.381818,0.397448,-0.268034,0.911252,-0.312695,F,BuildTutorial
27.861,0.280282,1.420252,2.622732,22.08842783921121,-10.282380387352497,-0.0863169145683789,-0.190862,0.087807,-0.01643,-0.977544,0.98404,-0.001396,0.177943,-0.065641,0.926603,0.370267,0.359723,1.191571,2.901577,-42.74578928240949,-32.604753232327674,10.985601435981106,-0.373199,-0.22672,-0.016276,0.899475,0.896667,0.139943,0.420006,0.198503,0.720916,-0.663986,0.124635,1.025918,2.738806,-8.858189030873808,-30.28813109375344,22.812887519082174,-0.124583,-0.24058,0.170553,0.947371,0.826066,0.383099,0.41334,-0.26321,0.910781,-0.318116,F,BuildTutorial
27.894,0.273932,1.420277,2.620353,21.974234073284094,-10.78608226387512,0.0926401826708333,-0.18967,0.092418,-0.018703,-0.97731,0.982218,0.001498,0.187737,-0.071614,0.927351,0.367276,0.345222,1.191934,2.903291,-42.1380474065322,-35.00493672304304,11.122213118142218,-0.368432,-0.246096,-0.021365,0.896236,0.877961,0.143042,0.456863,0.219636,0.727603,-0.649888,0.116658,1.024915,2.73368,-8.802676835501456,-31.459531633403113,22.96982834589515,-0.126209,-0.250181,0.1707,0.944639,0.816542,0.38565,0.429574,-0.259349,0.909865,-0.323856,F,BuildTutorial
27.927,0.267199,1.420144,2.618059,21.88863049628634,-11.272522859449497,0.3329523239523673,-0.188656,0.096975,-0.021485,-0.977007,0.980268,0.005392,0.197598,-0.078572,0.927895,0.364469,0.330576,1.192471,2.905258,-41.73610067523548,-37.16887908549151,11.88080781343229,-0.366649,-0.261253,-0.021255,0.892672,0.86259,0.153629,0.482012,0.229524,0.730234,-0.643489,0.107723,1.024257,2.728639,-8.821879519183707,-32.68565944045331,23.101683030827548,-0.128484,-0.260091,0.170375,0.94171,0.806651,0.387722,0.446079,-0.254052,0.908929,-0.330614,F,BuildTutorial
27.961,0.260129,1.419918,2.615558,21.831310973304188,-11.752807468626347,0.5668481869294374,-0.187869,0.101461,-0.024219,-0.976639,0.978238,0.009184,0.207282,-0.085429,0.928237,0.362046,0.315977,1.192066,2.90684,-40.87901459576164,-39.835322496754024,13.463387504946212,-0.363485,-0.278534,-0.014878,0.888863,0.844395,0.176037,0.505972,0.228934,0.735315,-0.637888,0.09989,1.023668,2.723779,-8.818147259373967,-33.75622870038509,23.33500805727522,-0.130587,-0.268619,0.171089,0.938893,0.797144,0.391426,0.459725,-0.251113,0.907351,-0.337131,F,BuildTutorial
27.994,0.252894,1.41968,2.613007,21.80076018878842,-12.197157477148222,0.7499842143321013,-0.187345,0.105551,-0.02648,-0.976248,0.976316,0.012154,0.21601,-0.091252,0.928401,0.360201,0.302197,1.191911,2.908863,-40.35452665650334,-41.47741237555452,13.745480590017005,-0.360032,-0.291386,-0.01622,0.88612,0.829662,0.181072,0.528085,0.238562,0.740227,-0.628611,0.090787,1.023257,2.718541,-8.804220661929719,-34.912636485568626,23.641235781141248,-0.132937,-0.277752,0.172301,0.935679,0.786333,0.396283,0.473963,-0.248589,0.905281,-0.344486,F,BuildTutorial
28.027,0.245392,1.419582,2.610558,21.7066685660901,-12.607646100717718,0.8783830258737505,-0.186325,0.109268,-0.028157,-0.975987,0.974535,0.014242,0.223781,-0.095679,0.928981,0.357548,0.289178,1.191592,2.911217,-39.82790981675527,-42.376050614367166,13.207112233483286,-0.354555,-0.301042,-0.021476,0.884988,0.817825,0.17546,0.548066,0.251484,0.747659,-0.614624,0.082594,1.022756,2.713459,-8.850689593807077,-35.869144198914206,23.857693246051628,-0.135284,-0.285209,0.17282,0.932999,0.777578,0.399651,0.48544,-0.245314,0.903663,-0.351019,F,BuildTutorial
28.06,0.237737,1.419519,2.608221,21.590612657181165,-13.014320315206136,0.9550920913477686,-0.18516,0.112869,-0.02936,-0.975764,0.972797,0.015499,0.231139,-0.099094,0.929708,0.354717,0.275594,1.190724,2.912923,-39.024829323991526,-43.877019537495386,13.141232276679489,-0.348085,-0.314389,-0.023925,0.88285,0.801175,0.176623,0.571772,0.261113,0.756529,-0.59957,0.074529,1.021835,2.708405,-8.803924758011656,-36.77695881332698,24.04135188655196,-0.136742,-0.292462,0.173366,0.930436,0.76882,0.402595,0.496822,-0.242628,0.902492,-0.355865,F,BuildTutorial
28.094,0.230201,1.419425,2.605789,21.527784093567504,-13.3599015666737,1.0317457049616925,-0.184458,0.115942,-0.030509,-0.975501,0.971253,0.01675,0.237459,-0.102297,0.930089,0.352804,0.262509,1.189674,2.914807,-38.43250759438912,-45.04738855549922,13.785179750787329,-0.345241,-0.322622,-0.020491,0.881081,0.79099,0.186656,0.582661,0.258874,0.760777,-0.595149,0.065836,1.020882,2.703831,-8.657855295672213,-37.58117445498748,24.20262422104288,-0.137206,-0.299073,0.174128,0.928121,0.760469,0.405293,0.50737,-0.241155,0.901708,-0.358841,F,BuildTutorial
28.127,0.222708,1.419226,2.60342,21.533950048107624,-13.655859065825728,0.963180217812115,-0.184502,0.11835,-0.030408,-0.975207,0.970137,0.015637,0.242052,-0.10298,0.930069,0.352656,0.249029,1.188062,2.916647,-37.51672490571397,-46.70758405402528,14.674237343737516,-0.34075,-0.334575,-0.015415,0.878471,0.775644,0.200929,0.598334,0.255096,0.767304,-0.588362,0.058172,1.019919,2.699063,-8.554965687131961,-38.14119114287788,24.057241373881148,-0.136847,-0.303978,0.172579,0.926869,0.755628,0.403113,0.516262,-0.236719,0.902979,-0.358599,F,BuildTutorial
28.161,0.215614,1.419164,2.601212,21.68558706598495,-13.884390687543974,0.94931724271206,-0.185746,0.120253,-0.030813,-0.974725,0.96918,0.015395,0.245873,-0.104741,0.929098,0.354692,0.235828,1.185517,2.918392,-36.517597767114054,-49.026698552995754,16.467633471803207,-0.338559,-0.349128,-0.00491,0.873764,0.756171,0.22782,0.613436,0.244982,0.770707,-0.588213,0.049987,1.019841,2.694597,-8.632328914625461,-38.5312222465074,23.991998770429053,-0.137877,-0.307061,0.171358,0.925927,0.7527,0.402002,0.52138,-0.232656,0.903253,-0.360562,F,BuildTutorial
28.194,0.208887,1.419331,2.59922,21.8287267047275,-14.061390532145008,0.9980031423078948,-0.186864,0.121819,-0.031662,-0.974289,0.968315,0.016169,0.249207,-0.107223,0.928159,0.356406,0.222899,1.181816,2.920201,-34.91047367370306,-51.73082052898251,18.781193832965197,-0.334198,-0.366553,0.010951,0.868235,0.731039,0.264018,0.629188,0.225986,0.776384,-0.588352,0.041983,1.020037,2.689961,-8.75474717804672,-38.82875815217147,23.693283589210484,-0.138492,-0.309591,0.168225,0.925567,0.751707,0.397159,0.526499,-0.225655,0.905041,-0.360529,F,BuildTutorial
28.227,0.202464,1.419724,2.597901,21.84436686205782,-14.238962325807316,0.9308399959325352,-0.18702,0.123217,-0.031397,-0.974092,0.967664,0.01508,0.251793,-0.107256,0.928075,0.356612,0.211915,1.178648,2.924037,-33.25209030759619,-52.83000519880837,18.42338174861832,-0.321185,-0.379752,0.011729,0.867462,0.711302,0.26429,0.651307,0.223593,0.793405,-0.56614,0.033937,1.019986,2.684903,-8.778061309787763,-39.04893479817004,23.342016510938972,-0.138046,-0.311749,0.165053,0.92548,0.75114,0.391577,0.531466,-0.219435,0.907402,-0.358427,F,BuildTutorial
28.26,0.196482,1.420193,2.597341,21.778786385200096,-14.38830517491795,0.8039952500516178,-0.186559,0.124289,-0.030493,-0.974073,0.967245,0.01303,0.25351,-0.105779,0.928532,0.355864,0.20175,1.174554,2.929487,-31.29199139298652,-53.72963222714772,18.039876792301143,-0.305832,-0.392043,0.014312,0.867504,0.692195,0.264631,0.671444,0.214967,0.812523,-0.541844,0.02457,1.020123,2.68056,-8.852750540244863,-39.14221443604518,22.713042479033177,-0.13706,-0.313119,0.159637,0.926114,0.752945,0.381517,0.536208,-0.209852,0.911461,-0.353838,F,BuildTutorial
28.294,0.191013,1.420678,2.597585,21.730448173598553,-14.499566401336718,0.6705397764201169,-0.186264,0.125025,-0.029488,-0.974066,0.966999,0.010872,0.25455,-0.104022,0.928873,0.355493,0.191951,1.170591,2.934345,-29.97002967344246,-55.213272394237485,20.54627035467887,-0.305288,-0.399601,0.034764,0.863661,0.678221,0.304035,0.669013,0.183938,0.811181,-0.555114,0.014852,1.019497,2.676057,-8.885938921630501,-39.419600297290934,21.895085178620924,-0.135457,-0.316274,0.152596,0.926465,0.75337,0.368433,0.544693,-0.197067,0.916732,-0.347517,F,BuildTutorial
28.327,0.185973,1.420958,2.598494,21.758100366806833,-14.585761895071256,0.6586639442010045,-0.18649,0.125734,-0.029557,-0.97393,0.966635,0.010676,0.255936,-0.104468,0.928696,0.355824,0.183829,1.167399,2.939763,-28.89431493600295,-55.467429053713815,21.791619952274264,-0.302028,-0.400782,0.048009,0.863625,0.674139,0.325018,0.66325,0.159171,0.812949,-0.56016,0.005049,1.017499,2.671176,-8.692927572819185,-39.97590309948751,20.863540476555503,-0.131759,-0.32231,0.144191,0.926264,0.750651,0.352052,0.559091,-0.182183,0.923697,-0.337036,F,BuildTutorial
28.36,0.181565,1.42099,2.599996,21.96357442774993,-14.616958981510614,0.73543219369014,-0.188144,0.126092,-0.030482,-0.973537,0.966343,0.011903,0.256981,-0.106797,0.927346,0.358642,0.177182,1.164816,2.946028,-27.813232697899338,-55.34638388387277,19.99255457734167,-0.287871,-0.407024,0.039296,0.865978,0.665575,0.302399,0.682323,0.166282,0.831172,-0.530569,-0.004985,1.014928,2.666401,-8.19979330293643,-40.791944198826855,20.017724038050233,-0.126409,-0.330677,0.13795,0.92501,0.743244,0.338812,0.576883,-0.17161,0.929981,-0.325093,F,BuildTutorial
28.393,0.177896,1.420862,2.601973,22.307273946466506,-14.54456739759257,0.9311564436880236,-0.190869,0.125749,-0.032394,-0.972989,0.966276,0.015035,0.257071,-0.111041,0.925039,0.36328,0.170806,1.161644,2.952917,-26.89148030480802,-55.37235519865483,19.57576860241489,-0.279727,-0.410312,0.039946,0.867065,0.660097,0.298822,0.689186,0.16028,0.840314,-0.517864,-0.014305,1.012511,2.661842,-7.793379903182063,-41.698579040364,19.196621940486317,-0.121826,-0.339528,0.131613,0.92334,0.734797,0.325774,0.594932,-0.160321,0.935673,-0.314346,F,BuildTutorial
28.426,0.174787,1.420833,2.604582,22.62771547680446,-14.442807219852506,1.0936561050519011,-0.193442,0.125113,-0.033944,-0.97251,0.966389,0.017617,0.25648,-0.114426,0.922856,0.367755,0.164531,1.157933,2.959731,-25.91641749511039,-55.50623820406433,20.39730530168975,-0.27566,-0.411497,0.049932,0.867288,0.656355,0.313478,0.686244,0.140255,0.843037,-0.519248,-0.023017,1.011224,2.657564,-7.645790250568629,-42.7907472178357,18.19853007392798,-0.11886,-0.349592,0.122903,0.921169,0.725361,0.309534,0.61485,-0.143325,0.941534,-0.304912,F,BuildTutorial
28.46,0.171992,1.420895,2.607893,22.748499828267217,-14.354480293355056,1.164242022390707,-0.194417,0.124467,-0.034521,-0.972378,0.966632,0.018739,0.255482,-0.115533,0.92202,0.369501,0.158044,1.153426,2.966568,-24.60721382582584,-56.4273189020851,20.956485285743337,-0.268646,-0.420051,0.057513,0.864916,0.6405,0.325178,0.695716,0.126202,0.849043,-0.513029,-0.030926,1.010968,2.654079,-7.586072873061854,-43.95592258946208,17.77510058751097,-0.118302,-0.359469,0.118494,0.918012,0.713482,0.30261,0.631958,-0.132506,0.943928,-0.302396,F,BuildTutorial
28.494,0.169473,1.420909,2.611738,22.785478891684384,-14.323751169174082,1.1957492026095382,-0.194706,0.124255,-0.034775,-0.972338,0.966703,0.019239,0.255178,-0.116012,0.921761,0.369998,0.152479,1.149603,2.974019,-23.95408711319438,-56.50472743373751,20.032635432136328,-0.26055,-0.4242,0.05314,0.865647,0.634461,0.313052,0.706723,0.129049,0.85858,-0.496173,-0.038042,1.011199,2.651426,-7.507245523963408,-45.088212625468266,17.652829999110327,-0.11845,-0.368764,0.11661,0.914541,0.70083,0.300649,0.646875,-0.125928,0.944744,-0.302658,F,BuildTutorial
28.527,0.167432,1.420661,2.615762,22.870432986624873,-14.350190579358198,1.233568028385266,-0.195378,0.124533,-0.03523,-0.972151,0.966501,0.019836,0.255896,-0.11716,0.921173,0.371099,0.146984,1.144248,2.982944,-22.622140370346575,-56.161971539287535,18.49305674545912,-0.244966,-0.427773,0.047889,0.86874,0.629434,0.292786,0.719784,0.126373,0.875397,-0.466595,-0.042819,1.011048,2.649281,-7.508560599776772,-46.27398783811899,17.53750748572642,-0.11928,-0.378326,0.114457,0.910792,0.687538,0.298747,0.661848,-0.11824,0.945344,-0.303883,F,BuildTutorial
28.561,0.165811,1.420045,2.61996,23.0587917138322,-14.453655105078292,1.311692426336962,-0.196859,0.125521,-0.036268,-0.971687,0.965858,0.021063,0.258213,-0.119903,0.919863,0.373465,0.140661,1.136729,2.991935,-21.147177242255704,-56.999470829888686,19.339260965873912,-0.237756,-0.435302,0.058793,0.86633,0.614111,0.308859,0.726274,0.105124,0.880031,-0.463135,-0.046381,1.010733,2.648426,-7.507262377820346,-47.44774435313552,17.536642841090323,-0.120433,-0.387638,0.113227,0.90687,0.673833,0.298733,0.675802,-0.111996,0.945351,-0.306216,F,BuildTutorial
28.593,0.164537,1.418998,2.624382,23.19115934366286,-14.625455398820412,1.3713328933597877,-0.197861,0.127064,-0.03721,-0.971247,0.96494,0.021997,0.261546,-0.122562,0.918933,0.374887,0.135633,1.129901,3.001923,-19.839035767354225,-56.59910001032812,18.056212447803603,-0.223077,-0.437408,0.055443,0.869389,0.611201,0.291555,0.735819,0.098748,0.894325,-0.436384,-0.048964,1.010511,2.648721,-7.410266966141364,-48.516793418056665,17.796625778755566,-0.121625,-0.395946,0.114498,0.902953,0.660233,0.303086,0.68719,-0.110459,0.944195,-0.310313,F,BuildTutorial
28.627,0.163589,1.417543,2.628989,23.30454057052875,-14.910081067299751,1.545725723496775,-0.198532,0.129764,-0.039302,-0.970671,0.963233,0.024774,0.267522,-0.127823,0.918081,0.375218,0.131326,1.121568,3.013038,-18.02720485938596,-55.889364770962146,15.535005677474595,-0.199685,-0.43988,0.045176,0.874409,0.608929,0.254679,0.751228,0.09667,0.916171,-0.388956,-0.048412,1.010031,2.650335,-7.51834513162116,-49.19240359968585,17.927655572217848,-0.123598,-0.400964,0.114413,0.900478,0.652275,0.305169,0.693837,-0.106936,0.943267,-0.314345,F,BuildTutorial
28.661,0.163164,1.416056,2.633608,23.503397704274484,-15.29523905171052,1.818728017219851,-0.199766,0.133478,-0.042501,-0.969779,0.960755,0.029104,0.275868,-0.135761,0.916575,0.376111,0.127339,1.112717,3.023903,-16.76334475064274,-55.84490703055256,15.87198366359708,-0.191526,-0.441055,0.053085,0.875197,0.605305,0.261867,0.751686,0.076028,0.920999,-0.382073,-0.046444,1.009348,2.65235,-7.676665329888263,-49.67210117391273,18.06743670480767,-0.125799,-0.404344,0.114406,0.898661,0.646834,0.307356,0.697952,-0.103892,0.942172,-0.318619,F,BuildTutorial
28.693,0.162833,1.415049,2.638377,23.806528664830193,-15.714505704733838,1.9707332749884956,-0.201993,0.13726,-0.044862,-0.968683,0.958295,0.031463,0.284046,-0.142365,0.914373,0.379018,0.123892,1.102638,3.034586,-14.761207299262816,-55.75653277074942,15.078467263377153,-0.173412,-0.444813,0.055469,0.876922,0.598129,0.251556,0.760895,0.056989,0.933703,-0.353485,-0.044025,1.008832,2.655573,-7.667499268759138,-50.17455995197204,18.45509558943049,-0.127609,-0.407865,0.116921,0.896489,0.639951,0.31373,0.701453,-0.105542,0.940091,-0.324175,F,BuildTutorial
28.726,0.162563,1.414609,2.643349,24.052292319816793,-16.210811150612226,2.0780758068229286,-0.203742,0.141618,-0.046931,-0.96759,0.955484,0.033113,0.29318,-0.148527,0.912573,0.380985,0.121833,1.094289,3.044717,-13.836991585871251,-55.36831938576545,14.417809385055564,-0.163701,-0.444183,0.054791,0.879148,0.599399,0.241766,0.763066,0.049087,0.9404,-0.336509,-0.040196,1.007853,2.658854,-7.476076179312763,-50.69864640497717,18.91705288715141,-0.128324,-0.411735,0.120662,0.894119,0.63183,0.321444,0.705311,-0.110102,0.937947,-0.328836,F,BuildTutorial
28.76,0.162201,1.414972,2.6484,24.18276915320562,-16.749757702690946,1.9848310311211903,-0.20474,0.145986,-0.04726,-0.966714,0.952909,0.031595,0.301606,-0.151152,0.911697,0.382051,0.121124,1.086419,3.055087,-12.423984444029257,-54.50062861611663,13.367903251315283,-0.148525,-0.4409,0.053658,0.883555,0.605456,0.225789,0.763179,0.03615,0.950122,-0.309775,-0.036636,1.00712,2.662345,-7.016134655116292,-51.23517544580044,19.564074043174188,-0.127693,-0.415904,0.126841,0.89142,0.62187,0.332354,0.709097,-0.119922,0.935212,-0.333164,F,BuildTutorial
28.793,0.161617,1.415196,2.653227,24.119034922899093,-17.247599741456703,1.4819524025402298,-0.204652,0.149296,-0.043829,-0.966389,0.951579,0.023604,0.306496,-0.145819,0.912393,0.38246,0.120235,1.079018,3.063512,-11.364771312719135,-54.42808844827455,12.767186772761749,-0.138104,-0.442457,0.053391,0.884482,0.602763,0.216656,0.767943,0.027764,0.956154,-0.291547,-0.03338,1.005775,2.665593,-6.233608887999759,-51.86825556597586,20.819852972656008,-0.126997,-0.420668,0.138866,0.887484,0.60751,0.353329,0.7114,-0.139635,0.929176,-0.342248,F,BuildTutorial
28.827,0.160953,1.41514,2.657921,23.97334801525509,-17.659008158315867,0.9864419593354552,-0.203923,0.151909,-0.040198,-0.966294,0.950616,0.01573,0.309972,-0.139641,0.913599,0.381886,0.120075,1.073153,3.070744,-10.762088688311657,-54.32229918228801,11.990191333566566,-0.130449,-0.443283,0.049941,0.885432,0.602013,0.20409,0.771964,0.027212,0.960978,-0.275282,-0.030342,1.003256,2.668312,-5.450439614553198,-52.42243104321871,21.9226529858447,-0.125768,-0.425022,0.149784,0.883801,0.593842,0.371667,0.713594,-0.157851,0.923494,-0.34963,F,BuildTutorial
28.86,0.16044,1.414876,2.662183,23.972331493183415,-17.94509461410938,0.7762729089782227,-0.204096,0.153947,-0.038934,-0.965986,0.949569,0.012379,0.313314,-0.138059,0.913658,0.38232,0.119658,1.068267,3.075584,-10.194429878997196,-55.102802997950654,11.583637992685103,-0.124861,-0.450414,0.048231,0.882729,0.589601,0.197629,0.783143,0.027328,0.964167,-0.263885,-0.027897,0.999727,2.670876,-4.726034222787337,-52.974568185450146,22.189573381203477,-0.121965,-0.43019,0.154042,0.881097,0.582416,0.376389,0.720502,-0.166516,0.922791,-0.347461,F,BuildTutorial
28.894,0.159915,1.414146,2.665939,24.12019373092374,-18.170011308192297,0.7245226555224454,-0.205336,0.155716,-0.039096,-0.965433,0.948448,0.01154,0.316722,-0.139437,0.912618,0.3843,0.119816,1.064916,3.080095,-9.858198026534309,-55.61201140974104,10.566230623274016,-0.118472,-0.455782,0.041233,0.881208,0.581125,0.180666,0.793507,0.035325,0.968528,-0.246384,-0.026555,0.996747,2.673508,-4.055985568410989,-53.37373370384445,22.31535724918861,-0.117874,-0.434231,0.157195,0.879113,0.573467,0.378753,0.726417,-0.174015,0.922791,-0.343766,F,BuildTutorial
28.927,0.159449,1.413079,2.669202,24.40574006010023,-18.392975369937396,0.8654735118389396,-0.207471,0.157781,-0.041068,-0.964559,0.946837,0.013755,0.321418,-0.144694,0.910539,0.387277,0.120367,1.062345,3.084488,-9.609767792476758,-55.826947409259,9.201695367456397,-0.111198,-0.459052,0.031546,0.880858,0.576552,0.157667,0.801704,0.046515,0.97328,-0.224862,-0.02507,0.99489,2.675413,-3.8587530026539127,-53.390663676964486,22.089585004433857,-0.115538,-0.434913,0.156214,0.879261,0.572896,0.375203,0.728706,-0.174208,0.924496,-0.339055,F,BuildTutorial
28.96,0.159139,1.412062,2.671976,24.79019303617569,-18.692387241180196,1.2609881008313557,-0.210044,0.160935,-0.045462,-0.963283,0.944066,0.01998,0.32915,-0.155193,0.907629,0.390031,0.120979,1.061664,3.08748,-10.128668950698728,-56.650136122449695,9.521149737493351,-0.116661,-0.464542,0.031031,0.877285,0.566476,0.162833,0.807831,0.053942,0.970855,-0.23352,-0.025307,0.995385,2.676493,-4.156240081192934,-53.52757348549717,21.662133962836787,-0.116365,-0.435916,0.151634,0.879456,0.573969,0.368161,0.731449,-0.16526,0.926933,-0.336875,F,BuildTutorial
28.993,0.159077,1.411535,2.674508,25.126197968499905,-19.019125331814916,1.5400665567105385,-0.212339,0.164125,-0.04887,-0.962074,0.941349,0.024333,0.336555,-0.163733,0.905048,0.392529,0.121758,1.061155,3.090135,-9.976294515692114,-57.03937985394364,9.270672155218731,-0.114588,-0.467923,0.029359,0.875818,0.560373,0.158662,0.812901,0.05581,0.972016,-0.228191,-0.026429,0.996192,2.676677,-4.426975541449591,-53.87295166161421,21.43953618797104,-0.11803,-0.43836,0.148511,0.878552,0.57157,0.364429,0.735187,-0.157471,0.928027,-0.337593,F,BuildTutorial
29.027,0.158976,1.411406,2.676728,25.273414541819648,-19.35393018001027,1.437644829767592,-0.213581,0.166714,-0.048838,-0.961356,0.939643,0.022688,0.341404,-0.165116,0.903996,0.39437,0.122886,1.062373,3.091715,-10.564746190580763,-57.37833982241301,9.07064625659494,-0.118308,-0.470136,0.025014,0.874271,0.556692,0.15498,0.816134,0.067504,0.970755,-0.230386,-0.028795,0.996927,2.676457,-4.541655926079094,-54.369509695732184,21.32153336108596,-0.119088,-0.442103,0.14664,0.876847,0.566084,0.362459,0.740387,-0.151863,0.92863,-0.338503,F,BuildTutorial
29.06,0.159077,1.411706,2.678639,25.28308099441024,-19.630821562710366,1.2363910524581387,-0.21384,0.168659,-0.04768,-0.961017,0.938562,0.01951,0.34456,-0.163774,0.903998,0.394924,0.124149,1.063939,3.092456,-10.630770149832909,-57.86902403184747,8.792946581888097,-0.117764,-0.474097,0.022113,0.872282,0.549487,0.15024,0.821883,0.073086,0.971286,-0.226413,-0.031476,0.997423,2.676475,-4.720344869951459,-54.839118542439905,20.80916721939451,-0.119049,-0.445945,0.141521,0.875747,0.562209,0.354052,0.747374,-0.141695,0.931598,-0.334735,F,BuildTutorial
29.094,0.159569,1.412023,2.680153,25.175617729123367,-19.80000655969235,1.050670305184744,-0.213143,0.169758,-0.046283,-0.961047,0.93808,0.016594,0.346021,-0.161325,0.904856,0.393966,0.125624,1.065469,3.092706,-10.690142086960805,-58.37280444101432,8.569212516915814,-0.117374,-0.478099,0.019642,0.870206,0.542071,0.146419,0.827479,0.078047,0.971675,-0.223061,-0.033897,0.997671,2.676691,-4.843037777649871,-55.140837081612254,20.389659248970293,-0.118709,-0.448495,0.13751,0.875129,0.559886,0.347159,0.752335,-0.134197,0.933998,-0.331117,F,BuildTutorial
29.127,0.160413,1.41207,2.681081,25.147763342069364,-19.862383392101194,0.8768741374765774,-0.213142,0.169965,-0.044901,-0.961076,0.938192,0.013852,0.345839,-0.158759,0.905109,0.394428,0.127314,1.066837,3.092811,-10.629943491499551,-58.73517263229051,8.293170025359316,-0.115824,-0.481187,0.017437,0.868758,0.536311,0.141762,0.83203,0.081169,0.972562,-0.218026,-0.036606,0.998417,2.677325,-4.997652691293443,-55.38661836282877,20.06144403292634,-0.118884,-0.450476,0.134125,0.874614,0.558164,0.341724,0.756094,-0.127507,0.935754,-0.328795,F,BuildTutorial
29.16,0.161439,1.411941,2.681397,25.18712963040368,-19.785648188877857,0.7368716592459845,-0.213709,0.16905,-0.043641,-0.961169,0.939035,0.011638,0.343625,-0.156149,0.904848,0.396066,0.129135,1.067724,3.092734,-10.681262679738884,-58.696332958341785,8.548410868937818,-0.117275,-0.480584,0.019191,0.86886,0.537341,0.14607,0.830619,0.079371,0.971757,-0.222237,-0.038347,0.999965,2.678077,-5.395478035292302,-55.4331047192258,19.9482357491799,-0.121504,-0.450344,0.1316,0.874705,0.559744,0.339659,0.755856,-0.120785,0.935836,-0.331091,F,BuildTutorial
29.193,0.162641,1.412075,2.681314,25.175619250647394,-19.658758766070104,0.691492615153884,-0.213727,0.167904,-0.043007,-0.961394,0.939917,0.010922,0.341228,-0.154465,0.904942,0.39651,0.131252,1.069906,3.092334,-11.074326945724351,-58.61095508271042,9.292597893467075,-0.12333,-0.478765,0.023234,0.868927,0.540489,0.15847,0.826293,0.077714,0.9685,-0.236576,-0.040068,1.002636,2.679458,-6.024431566407665,-55.328556799966464,19.774907114430462,-0.125465,-0.44877,0.127838,0.875512,0.564526,0.336457,0.753729,-0.111237,0.935832,-0.334432,F,BuildTutorial
29.226,0.163793,1.412429,2.681117,25.066854684988805,-19.5108875690208,0.7184834702487882,-0.21283,0.166743,-0.042802,-0.961805,0.94073,0.011358,0.338967,-0.153309,0.905743,0.395128,0.133387,1.07165,3.091904,-10.999381407079127,-58.412650120709365,9.524158279644295,-0.12369,-0.477088,0.025526,0.869733,0.54347,0.162424,0.823564,0.07362,0.968098,-0.239511,-0.0414,1.005086,2.68089,-6.549023834986165,-55.26178345152906,19.7223852368392,-0.129155,-0.447509,0.125383,0.875976,0.56803,0.335261,0.751627,-0.104069,0.935196,-0.338493,F,BuildTutorial
29.26,0.165056,1.412867,2.680398,24.89734609768668,-19.347530401754867,0.7106449980937408,-0.211478,0.165402,-0.042192,-0.962361,0.941724,0.01125,0.336199,-0.151166,0.906994,0.39308,0.136224,1.073753,3.090808,-11.506643681089862,-58.19226049307296,9.461819112608312,-0.127201,-0.474954,0.023124,0.870462,0.547768,0.161086,0.820976,0.080573,0.96657,-0.243413,-0.041892,1.006949,2.681694,-6.860310126230463,-55.2816024312387,19.89925746002312,-0.132221,-0.446973,0.125449,0.875783,0.568955,0.337931,0.749729,-0.101533,0.93356,-0.343739,F,BuildTutorial
29.293,0.16638,1.413425,2.679574,24.71205790968625,-19.17627997424542,0.682320149772469,-0.210024,0.16396,-0.041377,-0.962962,0.942811,0.010818,0.333154,-0.148559,0.908356,0.390921,0.139596,1.075843,3.089164,-11.97527341995688,-57.76026675415997,9.130158269322866,-0.129282,-0.47155,0.019091,0.872102,0.554552,0.155224,0.817544,0.088628,0.965843,-0.243499,-0.041647,1.008384,2.682505,-7.151747180677185,-55.2363845513614,20.01473892431766,-0.134824,-0.446032,0.125201,0.875901,0.570761,0.339599,0.7476,-0.099055,0.932294,-0.347873,F,BuildTutorial
29.327,0.167811,1.413937,2.678438,24.53849533366609,-18.98457403198962,0.5608497597181957,-0.208805,0.162172,-0.039762,-0.963597,0.944239,0.008905,0.329142,-0.144354,0.909639,0.389511,0.142878,1.077606,3.086418,-12.288340900148803,-57.53671739570992,9.39105912214506,-0.132676,-0.469219,0.020007,0.872829,0.558867,0.159434,0.813786,0.089582,0.963994,-0.250383,-0.041176,1.009526,2.683326,-7.314954033758025,-55.1494385785931,20.21753381404432,-0.13675,-0.444866,0.126192,0.876053,0.57234,0.342773,0.744939,-0.099431,0.93075,-0.351878,F,BuildTutorial
29.36,0.16932,1.414324,2.677168,24.380947180155715,-18.747927165816133,0.4533835348341266,-0.207711,0.160028,-0.038209,-0.964255,0.945863,0.007207,0.324487,-0.140165,0.910793,0.388344,0.146798,1.079095,3.081961,-12.68771454521803,-57.49030289752587,9.601651037810774,-0.136541,-0.468185,0.019977,0.872789,0.560808,0.162725,0.811797,0.09298,0.961915,-0.257049,-0.039929,1.009931,2.684162,-7.309606432726905,-54.98558044452834,20.49323151494664,-0.137596,-0.443292,0.128518,0.876381,0.573951,0.347252,0.741617,-0.103271,0.929101,-0.355115,F,BuildTutorial
29.394,0.171116,1.414654,2.675489,24.279653689746976,-18.430520409161968,0.3477035229916388,-0.207108,0.157192,-0.036606,-0.964913,0.947901,0.005532,0.318516,-0.135755,0.911532,0.388174,0.150971,1.080974,3.076447,-13.187128133790605,-57.30276795966881,9.285126626828552,-0.138987,-0.466589,0.015683,0.873345,0.564098,0.157092,0.810627,0.102307,0.960874,-0.257401,-0.037619,1.009802,2.684782,-7.265422785545286,-54.585446858838374,20.691116719233516,-0.137572,-0.440064,0.130691,0.877689,0.578528,0.350493,0.736519,-0.108332,0.927988,-0.356515,F,BuildTutorial
29.427,0.173091,1.414957,2.673664,24.203530175912395,-17.99148676350846,0.1797780015029281,-0.20683,0.153211,-0.034296,-0.965698,0.950701,0.002863,0.310097,-0.129617,0.91209,0.388962,0.156488,1.083084,3.06946,-13.98304880274167,-57.05236517005799,8.66540475165287,-0.14245,-0.464575,0.007919,0.873965,0.568214,0.146199,0.809789,0.118517,0.95929,-0.256351,-0.035184,1.009622,2.685399,-7.19358872948893,-54.16282519468645,20.97279013868358,-0.137618,-0.436605,0.133645,0.878964,0.583031,0.355107,0.730735,-0.114768,0.926401,-0.358623,F,BuildTutorial
29.46,0.175029,1.415208,2.671884,24.073184696319395,-17.514559002665116,0.04570551208878,-0.206046,0.148984,-0.032135,-0.966601,0.953543,0.000728,0.301258,-0.123518,0.913025,0.388752,0.162491,1.085467,3.061355,-15.015057125007,-56.84851220824352,8.410883710522107,-0.149203,-0.462219,0.001915,0.874121,0.572699,0.141276,0.8075,0.134582,0.95547,-0.262612,-0.032402,1.009307,2.685955,-7.104166852154185,-53.622961778450325,21.112878237298325,-0.136836,-0.43244,0.135722,0.880824,0.58915,0.357442,0.724664,-0.120747,0.925711,-0.358441,F,BuildTutorial
29.493,0.177107,1.415482,2.669845,23.97081948848548,-16.95337505212802,-0.1152302804722137,-0.205539,0.143987,-0.029638,-0.967545,0.956779,-0.001837,0.290811,-0.116543,0.91375,0.389202,0.169311,1.087899,3.051999,-16.00696628763392,-56.306397654394395,7.975926708111214,-0.154958,-0.457566,-0.004814,0.875556,0.58122,0.133378,0.802741,0.150236,0.95193,-0.266944,-0.029372,1.008739,2.686521,-6.95847456837555,-52.97919794273672,21.280023906172335,-0.135585,-0.42753,0.138346,0.883004,0.596157,0.360253,0.717506,-0.128388,0.924954,-0.357738,F,BuildTutorial
29.527,0.179495,1.415662,2.667721,23.897234114133575,-16.309128356903695,-0.2356483387081613,-0.205226,0.138349,-0.027375,-0.9685,0.96022,-0.003761,0.279219,-0.109811,0.914266,0.389949,0.176377,1.090309,3.041965,-17.15212478624289,-55.71438811832946,6.765789964284657,-0.158876,-0.45346,-0.017972,0.876818,0.588103,0.112571,0.800914,0.175604,0.948871,-0.262311,-0.027089,1.008407,2.687509,-6.808506273826323,-52.287745859249945,21.38945987325247,-0.134005,-0.422317,0.140586,0.885397,0.603769,0.362134,0.710157,-0.135763,0.924556,-0.356039,F,BuildTutorial
29.56,0.182018,1.415706,2.665452,23.836012025738192,-15.532894742432038,-0.3549446948317217,-0.205026,0.131588,-0.024904,-0.969551,0.964129,-0.005667,0.265375,-0.102249,0.914689,0.391011,0.184532,1.091957,3.031293,-18.275912909594837,-54.91040879196359,6.018486063764031,-0.164628,-0.447178,-0.027127,0.878746,0.598592,0.099561,0.794843,0.194912,0.944323,-0.265071,-0.024641,1.007929,2.688906,-6.644702602504329,-51.478088680100875,21.374348376420023,-0.131697,-0.416342,0.142035,0.888336,0.612971,0.362012,0.702292,-0.142688,0.924964,-0.352253,F,BuildTutorial
29.593,0.184973,1.41561,2.663212,23.85717337212689,-14.575226718275312,-0.4616427333829352,-0.205521,0.123284,-0.022309,-0.9706,0.968607,-0.007369,0.248489,-0.093981,0.914527,0.393457,0.193587,1.092107,3.020028,-18.951418675308062,-53.59393768544775,5.982361422107217,-0.169954,-0.436405,-0.028176,0.883104,0.617513,0.098573,0.780359,0.198102,0.940644,-0.275582,-0.021688,1.007471,2.690314,-6.4966279154874105,-50.50919666907544,21.450075825194155,-0.129621,-0.408978,0.144286,0.891693,0.623837,0.363341,0.691962,-0.151293,0.92476,-0.349183,F,BuildTutorial
29.627,0.188343,1.41531,2.660815,23.89797412225965,-13.509194674133164,-0.546367669269748,-0.20615,0.114087,-0.019719,-0.971647,0.973191,-0.008719,0.229834,-0.085357,0.914226,0.396112,0.201588,1.092758,3.008387,-19.697767282631418,-52.44333642263933,5.690299711548208,-0.174867,-0.42718,-0.031612,0.886532,0.633037,0.093349,0.768473,0.20545,0.936844,-0.283043,-0.018839,1.00752,2.692142,-6.471696103400271,-49.434544516021134,21.371042018591453,-0.127793,-0.400728,0.144969,0.895584,0.636802,0.362084,0.680719,-0.157244,0.925306,-0.345084,F,BuildTutorial
29.66,0.192061,1.41484,2.658396,23.99627892983232,-12.287145029547489,-0.7247513615931533,-0.207344,0.103373,-0.016096,-0.972658,0.97811,-0.011557,0.207768,-0.074179,0.913499,0.400022,0.210577,1.093494,2.995515,-20.489262558762167,-51.4986853937481,4.665117423511693,-0.177458,-0.420635,-0.041127,0.888754,0.64275,0.076187,0.762278,0.222394,0.933634,-0.280835,-0.015497,1.007584,2.694197,-6.542910415639484,-48.18254511378055,21.31696148876989,-0.126571,-0.39086,0.145677,0.899993,0.652014,0.361161,0.666664,-0.163274,0.925516,-0.341706,F,BuildTutorial
29.693,0.196346,1.414199,2.655904,24.109236965799916,-10.920230647698004,-0.8274557349087477,-0.208563,0.091551,-0.012842,-0.97363,0.982907,-0.013183,0.183631,-0.063194,0.912673,0.403775,0.22199,1.093648,2.981768,-21.58864903025015,-49.70131249491115,3.730074997841807,-0.183288,-0.407069,-0.049656,0.89344,0.663658,0.060492,0.745586,0.237951,0.92788,-0.287086,-0.011607,1.0076,2.696399,-6.589931955469889,-46.81690883442346,21.313166856711828,-0.125181,-0.380032,0.146981,0.9046,0.667944,0.361064,0.650756,-0.170772,0.925453,-0.338193,F,BuildTutorial
29.726,0.20142,1.413519,2.65308,24.27571227673372,-9.326760478387271,-0.9232109344994466,-0.210202,0.077793,-0.009244,-0.974514,0.987726,-0.014688,0.155508,-0.050721,0.91146,0.408251,0.245314,1.088959,2.962665,-22.372364990980937,-47.18135026848152,2.704412367358878,-0.187,-0.388292,-0.056401,0.900599,0.692097,0.043632,0.720485,0.246811,0.9237,-0.293025,-0.008352,1.007531,2.699369,-6.57344138917784,-45.47361008040494,21.12681556535405,-0.122719,-0.36963,0.147016,0.909231,0.68352,0.358064,0.636074,-0.176622,0.926653,-0.331842,F,BuildTutorial
29.76,0.207087,1.412664,2.650187,24.428396908030106,-7.465085028775902,-1.0718285336351552,-0.211704,0.061648,-0.00465,-0.975376,0.992356,-0.017031,0.122228,-0.035174,0.910319,0.412409,0.258186,1.087597,2.948971,-23.08761051008253,-44.97935565581284,1.7621404113253454,-0.190639,-0.371892,-0.062619,0.906329,0.71555,0.028288,0.697989,0.2553,0.919472,-0.298988,-0.00462,1.007559,2.702996,-6.562940218371511,-43.81389932268427,21.00862380680281,-0.120126,-0.356564,0.147869,0.91464,0.701994,0.356159,0.61673,-0.184829,0.927409,-0.325193,F,BuildTutorial
29.794,0.213487,1.411757,2.64691,24.53710803770235,-5.369401289503216,-1.3329137977435046,-0.212779,0.043298,0.001401,-0.97614,0.996247,-0.02116,0.083933,-0.015691,0.909447,0.415525,0.272413,1.086684,2.935415,-23.857384967090567,-42.50644961818052,0.3161037979882567,-0.193614,-0.35413,-0.072409,0.912065,0.738698,0.005045,0.674018,0.269213,0.914541,-0.301892,0.000337,1.007299,2.706893,-6.532011341660617,-41.99049887010237,20.90821641944349,-0.117212,-0.34212,0.149053,0.920326,0.721475,0.354556,0.594781,-0.194154,0.928089,-0.317734,F,BuildTutorial
29.826,0.220477,1.410812,2.643552,24.61195184314161,-3.080609881276796,-1.525498020053134,-0.213386,0.023424,0.007273,-0.97666,0.998797,-0.024202,0.042651,0.004209,0.908827,0.417152,0.286939,1.085509,2.923228,-24.35261202946575,-39.91875919005616,-0.5585316358450382,-0.196623,-0.334637,-0.076476,0.918428,0.76434,-0.008881,0.644753,0.27207,0.910982,-0.309984,0.005824,1.007128,2.711798,-6.64120222134872,-39.91095233760414,20.672276307314295,-0.114694,-0.325419,0.148919,0.926699,0.743851,0.350653,0.568971,-0.201359,0.929337,-0.309495,F,BuildTutorial
29.859,0.228008,1.409642,2.640186,24.67389748352956,-0.7017983750730097,-1.6762398862188774,-0.213721,0.002857,0.012981,-0.976804,0.999647,-0.026581,3.2e-05,0.024139,0.908309,0.417602,0.302321,1.084955,2.911929,-24.787611492421966,-37.40983752031003,-1.4747086758180057,-0.199246,-0.315811,-0.08073,0.924147,0.787492,-0.023365,0.615882,0.275061,0.907568,-0.317274,0.013406,1.005992,2.71661,-6.572348645136697,-37.61219508813147,20.37588706783035,-0.110333,-0.307164,0.148972,0.933426,0.766915,0.34589,0.540556,-0.210328,0.931268,-0.297494,F,BuildTutorial
29.893,0.235849,1.407993,2.636217,25.033744519482124,1.8543769027064927,-1.9593870116022805,-0.216397,-0.0195,0.020196,-0.975902,0.998424,-0.030979,-0.0468,0.047858,0.905529,0.421576,0.318578,1.084323,2.90116,-24.736220567863807,-35.488138121062775,-1.6849259006720727,-0.199603,-0.30066,-0.07895,0.929263,0.80674,-0.026706,0.590302,0.266757,0.907851,-0.323493,0.021438,1.004955,2.722581,-6.341320841938119,-35.06363579266091,20.14664701590797,-0.104536,-0.286913,0.150124,0.940328,0.790288,0.342316,0.508198,-0.222346,0.93307,-0.28274,F,BuildTutorial
29.926,0.243844,1.406198,2.631942,25.499949553015224,4.556962360357323,-2.2941241968814556,-0.219702,-0.043183,0.028282,-0.9742,0.994671,-0.036131,-0.096564,0.07408,0.901862,0.425625,0.335651,1.08442,2.891196,-24.592287262875573,-33.83442585066603,0.4343325391019354,-0.204825,-0.28354,-0.058427,0.935007,0.832383,0.006893,0.554158,0.225411,0.909266,-0.349893,0.031702,1.004202,2.728856,-6.205979403608851,-32.10125981257202,19.89780338843246,-0.098937,-0.262942,0.15105,0.947764,0.816091,0.338349,0.468524,-0.23429,0.934791,-0.266973,F,BuildTutorial
29.96,0.251798,1.404453,2.627625,25.914225380758555,7.376707728964081,-2.5073070543642637,-0.222332,-0.067572,0.035698,-0.971971,0.98832,-0.039348,-0.147229,0.099441,0.898588,0.427376,0.35364,1.085209,2.881584,-24.36680938024531,-31.803378208404624,2.351262033966228,-0.208418,-0.263596,-0.038523,0.941061,0.858066,0.037371,0.512178,0.182382,0.910156,-0.371959,0.04308,1.004399,2.735651,-6.353193406811217,-28.686680683749746,19.53236528977713,-0.094866,-0.23466,0.150559,0.95565,0.844534,0.332285,0.41994,-0.243241,0.936665,-0.251977,F,BuildTutorial
29.993,0.259889,1.402754,2.622904,26.326834977899058,10.32495969951426,-2.484175174530794,-0.224853,-0.092512,0.041508,-0.969103,0.979437,-0.038847,-0.197973,0.122053,0.895436,0.428132,0.373002,1.08715,2.872136,-24.201251845691075,-29.377805293143,2.910906205793653,-0.20901,-0.242706,-0.029115,0.946869,0.880492,0.04632,0.471793,0.156592,0.910934,-0.381677,0.056185,1.005414,2.741769,-6.902808460838977,-25.07513293693094,19.07814150751927,-0.093863,-0.203951,0.148587,0.963076,0.872652,0.324487,0.364947,-0.247913,0.938224,-0.241404,F,BuildTutorial
30.026,0.267754,1.40148,2.61807,26.599178983532827,13.310778128340836,-2.402263864304992,-0.226078,-0.117554,0.046918,-0.965851,0.96796,-0.037479,-0.248293,0.143784,0.893375,0.425685,0.39235,1.089804,2.862727,-24.59228452701657,-26.718402913170483,3.166341302166949,-0.21336,-0.219944,-0.022924,0.951618,0.902198,0.050224,0.428388,0.137485,0.907904,-0.395989,0.069685,1.006085,2.747179,-7.30154909353787,-21.66090625617906,18.719929424984382,-0.092206,-0.174854,0.14761,0.96909,0.895275,0.318339,0.311677,-0.253849,0.939419,-0.230332,F,BuildTutorial
30.059,0.275541,1.400897,2.61322,26.75471718762236,16.28193786040559,-2.138614872061108,-0.226421,-0.142017,0.05073,-0.962284,0.954515,-0.033323,-0.296294,0.161945,0.89232,0.421353,0.411813,1.092374,2.852819,-24.869277328874325,-24.117844485695677,3.775740069034077,-0.217181,-0.196969,-0.0135,0.955957,0.922042,0.059745,0.382451,0.111366,0.9053,-0.409913,0.082472,1.006475,2.752544,-7.387653493352088,-18.627641854855952,18.656334319807566,-0.088913,-0.149065,0.149331,0.973434,0.91096,0.317236,0.263654,-0.264221,0.939589,-0.217623,F,BuildTutorial
30.093,0.283281,1.400851,2.608373,26.796368859877997,19.131397111062,-1.8498523035405736,-0.225856,-0.165323,0.053986,-0.958511,0.939508,-0.028814,-0.341313,0.17817,0.892149,0.415121,0.430538,1.094727,2.84326,-25.04689957798865,-21.464221296426587,4.581973050121332,-0.220143,-0.173125,-0.002006,0.95998,0.940048,0.072373,0.333276,0.080075,0.903067,-0.42197,0.095403,1.006501,2.757119,-7.297343716821233,-16.160125485014134,18.802219879907625,-0.085073,-0.128096,0.152571,0.976256,0.920627,0.319692,0.224149,-0.276102,0.938969,-0.205194,F,BuildTutorial
30.126,0.290961,1.401413,2.603822,26.67527825459844,21.894396920818405,-1.5701201583702196,-0.223938,-0.187868,0.056894,-0.954631,0.922937,-0.024485,-0.384171,0.192768,0.893229,0.40618,0.449218,1.096214,2.834202,-25.110235931066473,-18.22913968072694,4.894155318864362,-0.22104,-0.145316,0.006746,0.964354,0.957676,0.077252,0.27729,0.05123,0.902192,-0.428282,0.108325,1.006571,2.761392,-7.172853728374701,-13.895662952819384,18.94827297703596,-0.08112,-0.108861,0.15561,0.978445,0.927869,0.322174,0.187783,-0.286851,0.93841,-0.192623,F,BuildTutorial
30.16,0.298451,1.402526,2.599451,26.528829893636303,24.4991629286498,-1.2765249415343023,-0.221907,-0.208995,0.059274,-0.95056,0.905616,-0.019933,-0.423631,0.205443,0.894488,0.397096,0.467186,1.09702,2.825722,-25.03430164977455,-15.201915722843529,4.8883697840325615,-0.220139,-0.11985,0.012625,0.967996,0.970953,0.077209,0.22647,0.028326,0.902759,-0.429214,0.12158,1.007182,2.765464,-7.066132405716037,-11.620148466043217,19.189042790742853,-0.077291,-0.089407,0.159352,0.980122,0.933227,0.326189,0.150627,-0.298548,0.937266,-0.180004,F,BuildTutorial
30.193,0.305746,1.404012,2.595191,26.243290350263447,26.796126251717,-0.9536324314829304,-0.218955,-0.227495,0.060486,-0.946914,0.889175,-0.014928,-0.457324,0.214173,0.8968,0.387143,0.484302,1.097504,2.817439,-25.08410840315186,-12.484626933488247,5.05238480229294,-0.220337,-0.096521,0.01918,0.970447,0.980632,0.07976,0.178886,0.005308,0.902167,-0.431353,0.134772,1.00855,2.769385,-7.077877176377464,-9.35914714243065,19.350421808226564,-0.074331,-0.06993,0.162219,0.981463,0.93759,0.32882,0.113152,-0.308028,0.93632,-0.168595,F,BuildTutorial
30.226,0.312813,1.40574,2.591813,25.79272062934698,28.61094094946809,-0.5500282723385824,-0.215109,-0.241894,0.059681,-0.944274,0.875851,-0.008642,-0.482504,0.216777,0.900333,0.377371,0.500976,1.097095,2.810712,-24.768269729419973,-9.61590749590412,4.828436740182899,-0.216969,-0.072791,0.023039,0.973188,0.988341,0.076429,0.131681,-0.013256,0.904787,-0.425658,0.148806,1.010651,2.772476,-7.382174043050367,-7.182700583271094,19.36538459354486,-0.073849,-0.050813,0.163538,0.982456,0.941347,0.328843,0.075689,-0.313833,0.935603,-0.161727,F,BuildTutorial
30.259,0.319865,1.407223,2.589119,25.279659733578583,29.994045728444533,-0.1711641280608223,-0.210991,-0.252813,0.058032,-0.942444,0.865436,-0.002702,-0.501013,0.216066,0.904231,0.368351,0.518248,1.095821,2.805372,-23.99976746318693,-6.596406640970871,4.892432043317023,-0.209778,-0.047365,0.029729,0.976148,0.993745,0.077912,0.079998,-0.038168,0.910218,-0.412366,0.163279,1.013308,2.775421,-7.754703112494244,-5.128154780035161,19.474434471651467,-0.074129,-0.032566,0.165592,0.982865,0.943038,0.330337,0.039466,-0.320681,0.934168,-0.156504,F,BuildTutorial
30.293,0.326823,1.408311,2.586727,24.928926161615284,30.981647158316186,0.0687845509168241,-0.20815,-0.260664,0.057081,-0.940994,0.857592,0.001089,-0.514329,0.21594,0.906831,0.361978,0.533432,1.09413,2.801459,-23.247775446547724,-4.2632070048368975,5.6338041590874655,-0.202894,-0.026493,0.040618,0.977999,0.995297,0.0902,0.035338,-0.068699,0.914369,-0.399012,0.175961,1.016044,2.778019,-8.092724122908846,-3.583596818489212,19.70551604952794,-0.074826,-0.018661,0.168433,0.982692,0.942565,0.333827,0.01147,-0.328242,0.932063,-0.153349,F,BuildTutorial
30.326,0.333669,1.409068,2.584644,24.70044203970455,31.611721953531394,0.1276638094944606,-0.206096,-0.265846,0.057211,-0.939988,0.852106,0.002024,-0.523366,0.217135,0.908503,0.357037,0.54744,1.092386,2.798665,-22.47768853269715,-2.334592616233482,6.954311706722108,-0.195712,-0.008126,0.055512,0.979055,0.993705,0.111879,-0.005818,-0.105518,0.91723,-0.384128,0.188378,1.018681,2.780156,-8.442049112213768,-2.2825796461096064,19.950874971088354,-0.075918,-0.006816,0.171278,0.98227,0.941235,0.337517,-0.012615,-0.335447,0.929801,-0.151479,F,BuildTutorial
30.359,0.340588,1.409688,2.582824,24.533644398331223,31.885635192135595,0.0216234899620101,-0.204343,-0.268368,0.058182,-0.939594,0.849187,0.000342,-0.528092,0.219014,0.909717,0.352771,0.561351,1.090962,2.797573,-21.821826254890667,-0.476235637930193,7.917161899771008,-0.189111,0.008996,0.067002,0.979626,0.99086,0.127872,-0.042967,-0.134677,0.919496,-0.36931,0.205836,1.019291,2.779315,-8.83894938788881,-1.239820169405906,20.201946147960765,-0.077751,0.002894,0.174031,0.981662,0.93941,0.341229,-0.032744,-0.342129,0.927336,-0.151643,F,BuildTutorial
30.393,0.347482,1.410339,2.580979,24.244956074953816,31.866541441931343,-0.1464807514683476,-0.201591,-0.268654,0.058851,-0.940065,0.848723,-0.002331,-0.528833,0.218964,0.911796,0.347396,0.575267,1.089973,2.797965,-21.377177151488397,1.5283710671381738,8.649835872176634,-0.183938,0.027054,0.076564,0.979578,0.986812,0.140047,-0.081169,-0.159952,0.92061,-0.356221,0.217906,1.021168,2.780326,-9.271754359785412,-0.3722648676916066,20.386216190977606,-0.08012,0.011116,0.176128,0.981038,0.937711,0.343796,-0.050034,-0.347358,0.925119,-0.153286,F,BuildTutorial
30.426,0.354116,1.4114,2.579132,23.681613672932468,31.710811780944834,-0.4119278525807716,-0.196424,-0.268105,0.059445,-0.941278,0.849172,-0.006584,-0.528075,0.217233,0.915768,0.337904,0.588577,1.088965,2.801906,-20.750943618726655,3.011548231509134,9.23396318962791,-0.177371,0.040256,0.083868,0.979737,0.982691,0.150057,-0.108632,-0.178617,0.923012,-0.340801,0.228913,1.022189,2.781118,-9.610461929018651,0.1750700019384227,20.74245003095734,-0.082126,0.016578,0.179518,0.98018,0.934997,0.349198,-0.061985,-0.354644,0.922057,-0.155045,F,BuildTutorial
30.461,0.360833,1.413322,2.57748,22.818963746088716,31.327020825766866,-0.5607780511700748,-0.189176,-0.265581,0.058027,-0.943564,0.8522,-0.009021,-0.523139,0.209986,0.921691,0.326177,0.600839,1.088276,2.808565,-20.070753956436796,4.057908801860531,8.681032682394127,-0.171009,0.047943,0.080631,0.980794,0.9824,0.141768,-0.121621,-0.174562,0.928509,-0.327718,0.239907,1.021716,2.782422,-9.850108749047871,0.46310693316967,21.03247578755522,-0.083675,0.019628,0.18218,0.979502,0.93285,0.353607,-0.068938,-0.360176,0.919618,-0.156768,F,BuildTutorial
30.493,0.367431,1.418511,2.576363,22.654909573456948,30.99540228046883,-0.779931686204453,-0.187487,-0.263277,0.058912,-0.944491,0.854429,-0.012561,-0.519416,0.210005,0.922756,0.323139,0.613055,1.087338,2.818207,-19.430375655610135,4.90557921557974,7.908221539171725,-0.165286,0.053708,0.075111,0.981914,0.982948,0.129751,-0.130302,-0.16526,0.934078,-0.316525,0.24996,1.020945,2.784222,-9.89642761628327,0.3026544123496846,21.088363014851662,-0.084317,0.018371,0.182535,0.979405,0.932687,0.354454,-0.066766,-0.36065,0.919143,-0.158454,F,BuildTutorial
30.526,0.373854,1.421993,2.574569,21.978106299636213,30.758400438617933,-0.3810339321101125,-0.182929,-0.260953,0.053701,-0.946339,0.85804,-0.006167,-0.513547,0.197111,0.927306,0.318199,0.624816,1.086345,2.829551,-18.7757200062554,6.602522950154859,7.904610505666418,-0.158543,0.067904,0.077261,0.98198,0.97884,0.130205,-0.157859,-0.173268,0.93779,-0.30088,0.259209,1.020049,2.78634,-8.608077430919375,-0.5401932653095862,20.925709611711685,-0.074654,0.009006,0.180736,0.980653,0.934507,0.353134,-0.044649,-0.355823,0.923522,-0.143165,F,BuildTutorial
30.559,0.38051,1.42562,2.575003,20.77250227573376,30.54132768210564,-0.8109837274709898,-0.17208,-0.260288,0.054197,-0.948526,0.858626,-0.013233,-0.512432,0.192395,0.934902,0.298232,0.634228,1.084475,2.842177,-17.770737156666964,7.305971296869633,9.676081543567664,-0.148286,0.075725,0.092964,0.981649,0.971247,0.160058,-0.176241,-0.204973,0.938738,-0.27705,0.267087,1.021348,2.787406,-7.428108103903552,-1.759364725471468,23.42888001133914,-0.066531,-0.001851,0.20161,0.977202,0.9187,0.394273,-0.023208,-0.39378,0.909854,-0.130775,F,BuildTutorial
30.592,0.387114,1.427305,2.575363,19.864819316571797,30.235231595213225,-0.9897278815207838,-0.164292,-0.258321,0.053196,-0.950499,0.860881,-0.016244,-0.508547,0.186005,0.940357,0.284836,0.640214,1.081281,2.854594,-16.37093504730184,6.94460702487696,10.28830259512666,-0.136169,0.07245,0.097174,0.983243,0.970617,0.17136,-0.168935,-0.210821,0.944031,-0.253694,0.27736,1.024677,2.787545,-7.96623342802362,-1.612080124832838,24.589185212097966,-0.070851,0.001078,0.211448,0.974817,0.910577,0.412093,-0.032064,-0.412399,0.90054,-0.137677,F,BuildTutorial
30.626,0.393128,1.427049,2.575039,19.942972937373128,30.03447827763414,-0.5739669169001483,-0.165964,-0.25603,0.049631,-0.951021,0.863971,-0.009418,-0.503453,0.179384,0.939986,0.290255,0.644096,1.076606,2.866476,-14.900121282368572,6.2103485694955,9.44152949097716,-0.124612,0.064185,0.088485,0.986166,0.976102,0.158525,-0.148646,-0.190518,0.953285,-0.234418,0.288198,1.02872,2.786494,-9.625401560224308,-1.0670964069494044,23.890399009830368,-0.083999,0.008286,0.205473,0.975016,0.915424,0.399287,-0.050676,-0.402071,0.90145,-0.160395,F,BuildTutorial
30.659,0.398513,1.425685,2.574839,20.503867749419157,29.78900007789478,-0.1525397815808356,-0.17166,-0.253165,0.047013,-0.95091,0.867394,-0.002494,-0.497615,0.176327,0.936645,0.302662,0.647235,1.071469,2.877148,-14.097785475340304,5.962367403432844,9.8768095665778,-0.117652,0.061973,0.091677,0.98687,0.975509,0.166365,-0.14389,-0.19553,0.955506,-0.220852,0.298155,1.031783,2.784911,-10.871055823979582,-0.6665842322668301,23.494808858265777,-0.093919,0.013616,0.202139,0.974748,0.917909,0.391512,-0.064514,-0.396628,0.900638,-0.17759,F,BuildTutorial
30.693,0.403787,1.424511,2.574964,21.063609547068303,29.33645658494659,0.3367431826953365,-0.177555,-0.248435,0.043489,-0.951243,0.872778,0.005483,-0.488087,0.170959,0.933166,0.316187,0.650106,1.064772,2.88692,-12.716058739608636,5.605972568330668,10.887357981573915,-0.105499,0.058875,0.099562,0.98767,0.973242,0.184246,-0.137306,-0.209091,0.957915,-0.196673,0.306973,1.033629,2.783242,-11.159282459050376,-0.3126980515479988,23.457034075538548,-0.095751,0.017105,0.202051,0.974533,0.917766,0.390535,-0.072031,-0.397086,0.900014,-0.179713,F,BuildTutorial
30.726,0.40868,1.423167,2.575156,21.549314541978763,28.75361278154007,0.9059254809119166,-0.183015,-0.242481,0.038894,-0.951943,0.879381,0.014706,-0.475893,0.162805,0.929986,0.329578,0.652888,1.058349,2.895519,-11.65475669182362,5.278115889700522,11.796397753228527,-0.09618,0.055986,0.106772,0.988036,0.970931,0.20022,-0.131172,-0.221759,0.958698,-0.178103,0.313174,1.035044,2.780833,-11.069769566557945,-0.7640829505468117,24.40796749091372,-0.095673,0.013902,0.209774,0.972959,0.911604,0.405542,-0.067192,-0.410862,0.893683,-0.18034,F,BuildTutorial
30.759,0.413229,1.421818,2.57547,21.88912879956632,28.08203282809225,1.1942609681138514,-0.186659,-0.236271,0.036134,-0.952905,0.88574,0.01934,-0.463778,0.157069,0.927705,0.338663,0.656643,1.054358,2.901942,-11.839204114173285,5.59780156922487,12.958544845690454,-0.096871,0.059884,0.117112,0.986567,0.965397,0.219476,-0.140848,-0.24268,0.953802,-0.177113,0.317453,1.036397,2.777457,-11.220804673619805,-1.6621758368749122,25.185299298701494,-0.098549,0.007224,0.215567,0.971477,0.906958,0.417412,-0.056523,-0.42026,0.887638,-0.188361,F,BuildTutorial
30.792,0.41724,1.420619,2.575851,22.043874523641527,27.296250795156137,1.2041826386843597,-0.18821,-0.229641,0.035086,-0.95426,0.892068,0.01948,-0.451481,0.153403,0.926692,0.343089,0.660334,1.049619,2.906947,-11.016334776171009,6.243103953065383,13.833734062895974,-0.08862,0.065351,0.124884,0.986042,0.960266,0.2347,-0.151012,-0.257865,0.953101,-0.158444,0.320682,1.036303,2.773403,-11.35442045445749,-2.6115169858521403,25.414513190080424,-0.101464,-0.000366,0.216635,0.970966,0.906139,0.420764,-0.04325,-0.420615,0.885549,-0.197195,F,BuildTutorial
30.825,0.420589,1.41965,2.575857,22.3170919105068,26.479770365249543,1.053252847003843,-0.190438,-0.222958,0.035543,-0.955385,0.898053,0.017005,-0.439558,0.152833,0.924941,0.348033,0.663496,1.046349,2.910213,-10.525510330016608,6.854969870677504,12.886713833079924,-0.0843,0.069432,0.116997,0.987109,0.962982,0.219271,-0.156799,-0.242684,0.95841,-0.150181,0.323123,1.033975,2.768975,-10.867290686216906,-3.5541356511100526,25.933106567564543,-0.099161,-0.008847,0.220405,0.970315,0.902687,0.429478,-0.026543,-0.425969,0.883178,-0.196334,F,BuildTutorial
30.859,0.423372,1.418995,2.576022,22.46133500743063,25.650797259284367,0.7646686685811055,-0.191349,-0.216458,0.03685,-0.956647,0.903576,0.012334,-0.428251,0.153342,0.924055,0.350154,0.665447,1.048733,2.909109,-12.746681371581928,7.421336371264058,10.468944417210258,-0.104444,0.074156,0.097632,0.986945,0.969938,0.177224,-0.16677,-0.208205,0.959119,-0.191681,0.324376,1.029204,2.76562,-9.089745990620564,-4.453775405625974,26.96019808247706,-0.086028,-0.01921,0.229205,0.969379,0.894192,0.447678,-0.002192,-0.441067,0.880129,-0.175594,F,BuildTutorial
30.892,0.42562,1.418438,2.576482,22.370138855517347,24.792376852841276,0.5362870033094738,-0.19044,-0.209704,0.037157,-0.95832,0.909288,0.008655,-0.416079,0.151089,0.924704,0.349421,0.662491,1.048968,2.908583,-13.346821398324495,5.996267849925326,9.999094145646598,-0.111082,0.061865,0.092494,0.987562,0.975235,0.168944,-0.14274,-0.196432,0.958211,-0.207956,0.324489,1.024895,2.762104,-7.566786789750265,-5.561970766563614,27.583415242447515,-0.075548,-0.031305,0.234484,0.968674,0.888074,0.459008,0.025219,-0.449548,0.878619,-0.161044,F,BuildTutorial
30.926,0.427289,1.41815,2.577217,22.271179323487345,23.896226630096915,0.622985018809453,-0.190049,-0.202098,0.034764,-0.96012,0.915896,0.010062,-0.40129,0.143572,0.925346,0.350887,0.658225,1.050002,2.906599,-13.804039294590122,5.090342694281761,9.88641184306899,-0.115808,0.054266,0.090776,0.987625,0.97763,0.166736,-0.128213,-0.191874,0.956697,-0.218897,0.324066,1.02155,2.75868,-6.857973422484662,-6.743480375952253,28.155909124839297,-0.072195,-0.042422,0.238974,0.967409,0.882183,0.468497,0.047574,-0.456246,0.875358,-0.159961,F,BuildTutorial
30.96,0.428307,1.418682,2.57854,22.198489947043715,22.980807623075503,0.8006236016015836,-0.190012,-0.194155,0.031629,-0.961873,0.922607,0.012937,-0.385524,0.13463,0.92579,0.353253,0.654497,1.0528,2.90419,-14.78545257467023,5.183100773969461,8.208978743057976,-0.124999,0.053925,0.076711,0.987716,0.982415,0.138057,-0.125702,-0.165019,0.956981,-0.238654,0.323944,1.018627,2.756059,-6.689147201853664,-7.586422472456593,27.862764745463448,-0.072401,-0.050085,0.236077,0.967738,0.883518,0.464175,0.062754,-0.44967,0.878051,-0.163779,F,BuildTutorial
30.992,0.428584,1.419425,2.580216,22.21360598766313,21.97846670396509,1.046163493439807,-0.190806,-0.18532,0.027926,-0.963572,0.929754,0.016903,-0.367794,0.124537,0.925627,0.35736,0.64905,1.056088,2.901181,-15.568646612740208,4.782561861460539,6.638421927442976,-0.132706,0.049105,0.062957,0.987934,0.98725,0.111361,-0.113735,-0.137427,0.956851,-0.256028,0.323549,1.015164,2.754493,-5.924407164758569,-8.456357539794103,27.501010558342692,-0.067561,-0.05927,0.23303,0.968308,0.884368,0.459299,0.083297,-0.443282,0.882265,-0.158463,F,BuildTutorial
31.025,0.428026,1.41938,2.581707,22.38151042105143,20.858426429364,1.462741285527538,-0.193121,-0.175128,0.022814,-0.96515,0.93762,0.023604,-0.346861,0.111679,0.924367,0.364791,0.64221,1.060109,2.897567,-16.463977046084285,4.479185449200867,6.598908469126006,-0.140609,0.046846,0.062504,0.986979,0.987797,0.110206,-0.11005,-0.136554,0.952645,-0.2717,0.322418,1.012131,2.752902,-4.602369771482618,-9.39651041828855,27.73364815985659,-0.058466,-0.069866,0.235475,0.967601,0.879341,0.463861,0.10767,-0.447522,0.882267,-0.146046,F,BuildTutorial
31.059,0.426259,1.418644,2.582757,22.842863036778308,19.527559291057187,1.7364193743962022,-0.197652,-0.163252,0.018941,-0.966397,0.94598,0.027925,-0.323019,0.101143,0.92115,0.375836,0.633661,1.065039,2.893857,-17.385752352642,4.332846913424914,4.916908968599374,-0.149288,0.043812,0.04808,0.986652,0.991538,0.081796,-0.10081,-0.107958,0.950803,-0.290378,0.320744,1.011295,2.750856,-3.651882041141086,-10.020728114063829,28.11842724611185,-0.051996,-0.076966,0.239174,0.966524,0.873744,0.470338,0.123908,-0.45433,0.880185,-0.137328,F,BuildTutorial
31.092,0.423445,1.417534,2.583527,23.40429998747285,17.88869087087925,1.9066199692427663,-0.202863,-0.148889,0.015436,-0.967699,0.955188,0.030534,-0.294422,0.090283,0.917216,0.388025,0.622028,1.069874,2.890074,-18.50246531291635,3.1896491786739145,3.766749736723162,-0.159712,0.032736,0.036897,0.985931,0.995134,0.062299,-0.076338,-0.083212,0.946262,-0.312514,0.318976,1.013769,2.748327,-4.3846754378024935,-10.03762032561364,28.084780485010484,-0.05818,-0.07556,0.238286,0.966502,0.875021,0.4694,0.118331,-0.451816,0.87967,-0.148473,F,BuildTutorial
31.126,0.41935,1.416551,2.584301,23.956229050735125,16.063103156047273,1.947081032145628,-0.207795,-0.133165,0.012535,-0.968985,0.96422,0.03105,-0.263278,0.079634,0.913328,0.399363,0.608431,1.074225,2.885858,-19.23705194855914,1.9526521468069156,3.0012471805690155,-0.166566,0.021169,0.028662,0.985386,0.997461,0.049434,-0.051268,-0.063538,0.942868,-0.327051,0.316846,1.016698,2.745992,-5.343936008370764,-9.956185093069216,27.46132552063139,-0.065689,-0.07318,0.232276,0.967666,0.881385,0.459145,0.111112,-0.439916,0.883466,-0.161126,F,BuildTutorial
31.159,0.414146,1.415983,2.585085,24.375733074734825,14.090012913120594,1.8599678239946045,-0.211442,-0.116468,0.010145,-0.970373,0.972665,0.029565,-0.230325,0.068941,0.910379,0.407993,0.593478,1.078166,2.881555,-19.936613618806692,0.8306987567684906,2.065849486829563,-0.172942,0.010259,0.019009,0.984695,0.999067,0.033888,-0.026779,-0.040984,0.93946,-0.3402,0.313034,1.018389,2.74391,-5.824178754361899,-10.06555376308791,27.23571578582111,-0.069813,-0.073234,0.229903,0.96794,0.883563,0.455289,0.109671,-0.434839,0.884542,-0.168823,F,BuildTutorial
31.192,0.408001,1.415903,2.586055,24.486777372620537,11.913368679448164,1.7593909020648706,-0.212452,-0.098166,0.007082,-0.972202,0.980626,0.02794,-0.193885,0.055482,0.909628,0.411701,0.576185,1.082499,2.878019,-20.759761474804527,-0.8607493706953342,1.389692143388282,-0.180245,-0.005203,0.010575,0.983551,0.999722,0.022678,0.006423,-0.018927,0.9348,-0.354671,0.306561,1.019225,2.742032,-5.977082844236459,-10.7821299453847,26.97897861590748,-0.07236,-0.079129,0.227156,0.967937,0.884277,0.451197,0.120311,-0.428294,0.886328,-0.176029,F,BuildTutorial
31.226,0.400913,1.415504,2.586622,24.55622354385013,9.658852385851612,1.673826521274426,-0.213081,-0.07916,0.00368,-0.973815,0.98744,0.026567,-0.155743,0.040903,0.909166,0.414421,0.558862,1.08674,2.874262,-21.48102400178676,-2.218370736157456,1.0570854077918523,-0.186494,-0.017299,0.005454,0.982289,0.999342,0.017166,0.03195,-0.004262,0.93038,-0.366571,0.298297,1.019762,2.73962,-5.986858748170468,-12.150786001748408,26.738834226703823,-0.07496,-0.090821,0.224239,0.967393,0.882937,0.447469,0.142101,-0.420238,0.888196,-0.185762,F,BuildTutorial
31.259,0.39283,1.414846,2.586392,24.812734376587347,7.395951248393883,1.536832083857231,-0.215222,-0.06011,0.000785,-0.974713,0.992772,0.024344,-0.117518,0.027404,0.907358,0.419464,0.540484,1.091692,2.870697,-22.385676425081435,-3.4317845743915325,-0.0803592254131931,-0.194004,-0.02951,-0.0065,0.980535,0.998174,-0.001296,0.060393,0.024196,0.92464,-0.380073,0.287948,1.019986,2.736573,-5.897070524748998,-13.836334586355184,26.63916426136978,-0.077404,-0.105292,0.222373,0.966164,0.878928,0.445998,0.169034,-0.413397,0.889118,-0.196399,F,BuildTutorial
31.293,0.383994,1.414214,2.585601,25.16551027442166,5.173647425673355,1.3880237705621017,-0.218145,-0.04141,-0.001978,-0.975035,0.996563,0.021923,-0.079889,0.01421,0.904818,0.425562,0.521043,1.096566,2.86701,-23.52017660267208,-5.04115132016527,-0.492633044962515,-0.20343,-0.04393,-0.013168,0.978015,0.995794,-0.007885,0.091285,0.043631,0.916886,-0.396757,0.276805,1.020246,2.732902,-5.908435340181095,-15.436054844109504,26.820652480631516,-0.080784,-0.118618,0.222784,0.964246,0.872594,0.448802,0.19276,-0.410472,0.887683,-0.208643,F,BuildTutorial
31.325,0.374539,1.413774,2.584182,25.484818713568675,2.991637817571608,1.1676806319830757,-0.220741,-0.023213,-0.004178,-0.975047,0.998887,0.018395,-0.043423,0.002101,0.902512,0.43066,0.500861,1.101387,2.863343,-24.46843871170047,-6.94453162576201,-0.087831009768801,-0.211474,-0.059352,-0.013582,0.975485,0.992586,-0.001396,0.121539,0.051601,0.910188,-0.410968,0.264923,1.020119,2.729199,-5.812618362461117,-17.015918584599667,26.67158937428373,-0.082874,-0.132206,0.220527,0.96282,0.867779,0.446568,0.218029,-0.402742,0.888999,-0.217896,F,BuildTutorial
31.359,0.364579,1.413634,2.582409,25.601903700740067,0.8988462373256744,0.8020374544011042,-0.221606,-0.006098,-0.005087,-0.975104,0.999874,0.012624,-0.009638,-0.007218,0.90173,0.432239,0.481025,1.106345,2.86001,-25.23706830331983,-8.49418995409958,-0.8841860800628387,-0.217295,-0.073948,-0.023687,0.973013,0.987941,-0.013958,0.154199,0.078233,0.904444,-0.419357,0.253219,1.019606,2.724984,-5.593359389565859,-18.38363236958095,26.54680761637725,-0.083511,-0.144229,0.218794,0.961433,0.862655,0.4448,0.24079,-0.396621,0.890311,-0.223694,F,BuildTutorial
31.392,0.354047,1.41397,2.580787,25.47430678729374,-1.1027976275207658,0.4731516559915787,-0.220428,0.010297,-0.006149,-0.97533,0.999712,0.007455,0.022797,-0.016534,0.902748,0.429852,0.459966,1.11125,2.856744,-26.291102025181505,-10.163490529980292,-1.2516586766861708,-0.225576,-0.088725,-0.030738,0.96969,0.982366,-0.019585,0.185938,0.099641,0.896342,-0.432023,0.239951,1.019462,2.720784,-5.437513221390733,-19.681825266849863,26.42436771749244,-0.084518,-0.15552,0.217049,0.959979,0.857407,0.443013,0.261904,-0.390436,0.891493,-0.229782,F,BuildTutorial
31.425,0.342973,1.414193,2.578739,25.323884651535423,-3.058523740080775,0.2142030673244452,-0.219071,0.026448,-0.007673,-0.97532,0.998483,0.00338,0.054953,-0.026556,0.903898,0.426924,0.439466,1.115122,2.854046,-26.874404362888203,-11.895934128239926,-1.2292262885305738,-0.230034,-0.103262,-0.034456,0.967075,0.9763,-0.019136,0.215576,0.114151,0.891794,-0.437805,0.227928,1.020061,2.716172,-5.62487164697181,-20.698101502817792,25.910013971586164,-0.087265,-0.16404,0.211683,0.959514,0.856563,0.434854,0.277851,-0.377595,0.895151,-0.236912,F,BuildTutorial
31.458,0.331603,1.414425,2.576287,25.26614391314798,-4.887522923232151,0.0154715998100228,-0.218502,0.041636,-0.009457,-0.974902,0.996354,0.000244,0.085316,-0.036634,0.904335,0.425248,0.41964,1.118526,2.851617,-27.204286263169895,-13.542591860425503,-2.032264002416026,-0.231469,-0.118723,-0.044841,0.964529,0.967788,-0.031538,0.249783,0.141462,0.888823,-0.43587,0.214987,1.021687,2.711562,-6.043874267525086,-21.613103831450537,25.53721502684032,-0.091884,-0.171158,0.207153,0.958828,0.855586,0.428701,0.290153,-0.365795,0.89729,-0.247113,F,BuildTutorial
31.492,0.320148,1.414699,2.573565,25.170866095844236,-6.500606340848043,-0.0794089489115634,-0.217583,0.055185,-0.011679,-0.974411,0.993636,-0.001255,0.112628,-0.046775,0.905043,0.422741,0.400691,1.121325,2.84955,-27.634297712525917,-14.442770989493852,-3.266825431856961,-0.233354,-0.12877,-0.057469,0.962113,0.960231,-0.050486,0.274603,0.170681,0.884487,-0.434225,0.201388,1.023958,2.706825,-6.711066729238805,-22.53216436224395,25.092427735664604,-0.098399,-0.177904,0.201514,0.958155,0.855485,0.421173,0.301262,-0.351151,0.89942,-0.260262,F,BuildTutorial
31.525,0.308668,1.415014,2.570838,25.022586565380557,-7.945815426979065,-0.1365225394446479,-0.216192,0.067382,-0.013849,-0.973925,0.990536,-0.00216,0.137238,-0.05611,0.906138,0.419244,0.381954,1.123425,2.847421,-28.057200477119352,-15.26997708549622,-3.772787989145508,-0.235884,-0.136738,-0.063842,0.959993,0.954454,-0.058067,0.292653,0.187084,0.880566,-0.435434,0.187361,1.026058,2.701647,-7.458820406545214,-23.596359327240332,24.547664436611413,-0.105589,-0.185833,0.194657,0.957301,0.855149,0.411934,0.31469,-0.333447,0.901919,-0.274508,F,BuildTutorial
31.558,0.297285,1.415251,2.567964,24.88830106322144,-9.20250357929492,-0.191492176191391,-0.214924,0.077977,-0.01566,-0.973387,0.987349,-0.003031,0.158535,-0.064005,0.907125,0.415967,0.363745,1.124551,2.845359,-28.025412993041716,-15.671513040708277,-5.244026714765986,-0.233574,-0.143112,-0.076948,0.958667,0.947196,-0.08068,0.310339,0.214389,0.879045,-0.425814,0.172842,1.027693,2.696304,-8.16850373380475,-24.80802229244024,24.28711275393015,-0.113076,-0.194831,0.189973,0.955597,0.851902,0.407136,0.329398,-0.319013,0.902249,-0.290135,F,BuildTutorial
31.592,0.286086,1.415513,2.565151,24.645064218465425,-10.149954612998636,-0.3675625207697043,-0.212854,0.085739,-0.015757,-0.973187,0.984801,-0.005831,0.173589,-0.067169,0.90889,0.411592,0.346318,1.124842,2.842907,-27.78485759514493,-15.36010141799044,-7.708061238095063,-0.228688,-0.145432,-0.096678,0.957708,0.939006,-0.118662,0.322782,0.251696,0.87671,-0.409912,0.159253,1.027797,2.691056,-8.814058526321842,-25.93650089839296,23.75110454817506,-0.119323,-0.203549,0.18307,0.954366,0.850106,0.398009,0.344832,-0.300856,0.904495,-0.302283,F,BuildTutorial
31.625,0.274893,1.415824,2.562542,24.37990111497935,-10.877317733408823,-0.551129819057182,-0.210646,0.091631,-0.015333,-0.973138,0.982737,-0.008761,0.1848,-0.068446,0.910786,0.407165,0.328265,1.124194,2.839241,-27.731141964226065,-16.28603381630547,-8.175595823032008,-0.226822,-0.154078,-0.102368,0.956207,0.931562,-0.125874,0.3411,0.265667,0.876145,-0.402233,0.145983,1.026561,2.686878,-9.176635921599615,-26.805334229837733,23.199034139734433,-0.122685,-0.210685,0.176803,0.953573,0.848705,0.388885,0.358426,-0.285494,0.907378,-0.308478,F,BuildTutorial
31.659,0.264079,1.415982,2.559624,24.342712713580557,-11.346743427998671,-0.6306499930382102,-0.210332,0.095479,-0.015489,-0.972833,0.981288,-0.010029,0.192285,-0.0703,0.911042,0.406277,0.311418,1.12342,2.836085,-27.73144125430497,-16.8662204610666,-8.61953086068246,-0.225686,-0.159793,-0.107216,0.955006,0.925942,-0.132657,0.353602,0.27691,0.875141,-0.396799,0.134559,1.024395,2.68197,-9.01308694550069,-27.499564899767996,23.674061312771094,-0.123303,-0.216253,0.180356,0.951579,0.841413,0.396576,0.367086,-0.289918,0.904536,-0.312671,F,BuildTutorial
31.692,0.253695,1.416525,2.557105,24.179799561397637,-11.608558702044077,-0.5891104597246318,-0.208878,0.097815,-0.01618,-0.972903,0.980341,-0.009381,0.197088,-0.072345,0.912216,0.403271,0.295235,1.121551,2.834633,-26.830713977092636,-17.65681589736315,-9.66456338806363,-0.215869,-0.16807,-0.116451,0.954773,0.916383,-0.149807,0.371214,0.294932,0.879679,-0.373069,0.123931,1.021929,2.677906,-8.318480426867383,-27.966729852877716,24.18822465857366,-0.119312,-0.220909,0.185637,0.950002,0.833477,0.405424,0.37543,-0.299996,0.902607,-0.308711,F,BuildTutorial
31.726,0.244008,1.417262,2.555097,23.988828198618368,-11.867410777193127,-0.383193857992086,-0.20704,0.100429,-0.01823,-0.972994,0.979163,-0.006111,0.202983,-0.07706,0.913604,0.399235,0.279511,1.119623,2.834586,-25.696277198200654,-18.355451287972137,-10.790005953443224,-0.203928,-0.175455,-0.125804,0.954884,0.906778,-0.168696,0.386387,0.311816,0.885173,-0.34531,0.113522,1.020686,2.674055,-7.982333716280698,-28.37585990322422,24.028365566944075,-0.116897,-0.225107,0.184629,0.949513,0.830478,0.403243,0.38432,-0.297986,0.904495,-0.305112,F,BuildTutorial
31.759,0.235349,1.417787,2.553621,23.721268351330192,-12.066748975778683,-0.2318302577184328,-0.204601,0.10245,-0.019634,-0.973271,0.978237,-0.003704,0.207457,-0.080141,0.915506,0.394241,0.264775,1.118939,2.835648,-25.38090816419203,-18.07509412323635,-10.21931377815455,-0.202446,-0.171958,-0.120179,0.956558,0.911975,-0.160292,0.377636,0.299542,0.889145,-0.345972,0.104685,1.020796,2.669921,-8.01449135865948,-28.46469471511579,23.712685307941225,-0.116682,-0.226104,0.181851,0.949838,0.831614,0.398223,0.387088,-0.292694,0.906631,-0.303892,F,BuildTutorial
31.792,0.227151,1.418551,2.553335,23.05999381271139,-12.086997798884877,-0.7096054740321567,-0.199405,0.101926,-0.01501,-0.974486,0.978772,-0.011396,0.204637,-0.069903,0.920025,0.385575,0.249333,1.118723,2.836909,-25.247434489895177,-17.723963296171426,-10.554738393855816,-0.201196,-0.169555,-0.122208,0.956994,0.912633,-0.165676,0.373701,0.302131,0.889171,-0.343645,0.096537,1.021085,2.665006,-7.697600650706546,-28.641826399088163,23.875757737268664,-0.114681,-0.228004,0.183727,0.949266,0.828517,0.401107,0.390733,-0.296517,0.906185,-0.301507,F,BuildTutorial
31.825,0.21939,1.419767,2.554005,22.525063829854417,-12.096590948371752,-1.1285216134823433,-0.195226,0.10142,-0.010973,-0.975439,0.979187,-0.018193,0.202143,-0.061006,0.923533,0.378636,0.233526,1.118142,2.838095,-25.231731198815424,-16.971446677725712,-13.012678857429316,-0.198314,-0.167551,-0.141389,0.955305,0.903872,-0.203683,0.376204,0.336594,0.881362,-0.331521,0.08873,1.021344,2.659653,-7.508892983295259,-29.089176052018463,24.33294989486039,-0.114772,-0.231608,0.187486,0.947647,0.822413,0.408506,0.395929,-0.302178,0.903353,-0.304373,F,BuildTutorial
31.859,0.212529,1.420618,2.555116,22.293137870713014,-12.077609536420493,-1.1060868400318196,-0.193234,0.101357,-0.010919,-0.975842,0.979215,-0.017862,0.202037,-0.060481,0.925083,0.374919,0.216022,1.116738,2.839075,-24.984761970967348,-16.865277229678483,-14.689005348892636,-0.193913,-0.169353,-0.15492,0.953791,0.894639,-0.229842,0.383137,0.361202,0.876795,-0.317434,0.081477,1.020588,2.654872,-7.314164954825014,-29.43367593287248,23.75945792468324,-0.112561,-0.235395,0.182842,0.947886,0.822316,0.399619,0.405094,-0.293633,0.907798,-0.299471,F,BuildTutorial
31.892,0.20631,1.421076,2.556493,22.28459871976099,-11.968607936245512,-1.056236142878315,-0.193128,0.100515,-0.011152,-0.975948,0.979545,-0.017058,0.200502,-0.060591,0.925155,0.374724,0.197491,1.115162,2.839104,-24.66588793811954,-17.84795119173965,-15.036063210528686,-0.189365,-0.177849,-0.15912,0.952466,0.886101,-0.235755,0.399054,0.370469,0.877644,-0.304128,0.074816,1.018437,2.649805,-6.544590365780182,-30.072728898112786,23.68597969589234,-0.10711,-0.242182,0.183387,0.946702,0.815434,0.399106,0.419263,-0.295346,0.909793,-0.291629,F,BuildTutorial
31.926,0.200706,1.421176,2.558101,22.472639105958173,-11.831670893680462,-0.886773917262463,-0.194595,0.099589,-0.012533,-0.975735,0.97985,-0.014302,0.199222,-0.063216,0.923951,0.37725,0.181495,1.114328,2.839322,-23.882264564568644,-18.32292270828754,-17.272732747160315,-0.17856,-0.184679,-0.177609,0.949982,0.868697,-0.271498,0.414312,0.403404,0.873142,-0.273657,0.068921,1.015088,2.644762,-5.25481898469694,-30.997628375108324,23.946741959736645,-0.098591,-0.251966,0.18772,0.944222,0.802549,0.404181,0.438808,-0.304815,0.910082,-0.280782,F,BuildTutorial
31.959,0.195674,1.421229,2.560199,22.622262706938994,-11.60099598821893,-0.8920152650578079,-0.195898,0.09758,-0.012228,-0.975681,0.980657,-0.01437,0.195205,-0.062093,0.922949,0.379881,0.168511,1.113756,2.840671,-22.961525992797572,-17.78074305015756,-21.414755672712396,-0.165085,-0.185351,-0.210113,0.945645,0.842995,-0.336188,0.419926,0.458582,0.857199,-0.234333,0.062939,1.01268,2.64005,-4.092156225999975,-31.847177507263172,24.084165758462248,-0.09078,-0.260984,0.190917,0.941912,0.790876,0.407038,0.456985,-0.312269,0.91062,-0.270666,F,BuildTutorial
31.992,0.190747,1.421362,2.562943,22.42163551046065,-11.29150542601518,-1.198279589073017,-0.194475,0.094472,-0.008918,-0.976307,0.981991,-0.019331,0.187936,-0.054159,0.9242,0.37805,0.156732,1.114065,2.842135,-23.287775985896506,-18.25457576384189,-20.827230623393028,-0.167908,-0.188824,-0.20628,0.945305,0.843588,-0.326584,0.426264,0.453405,0.858511,-0.239548,0.058104,1.011678,2.635846,-3.6960980771167233,-32.36469180098137,24.489136557576195,-0.089343,-0.265645,0.194793,0.93995,0.782977,0.413659,0.464579,-0.318725,0.908147,-0.271447,F,BuildTutorial
32.025,0.186019,1.42144,2.566433,21.99973581410077,-11.038032844645588,-1.3657282298331352,-0.191034,0.092139,-0.006705,-0.977227,0.982931,-0.022099,0.182642,-0.048308,0.926922,0.372131,0.147334,1.115996,2.844555,-24.441610680454087,-18.644489902776694,-19.996584977583115,-0.178225,-0.192178,-0.201212,0.943831,0.845163,-0.311318,0.434488,0.448321,0.8555,-0.259091,0.053836,1.01076,2.632496,-3.639767687802415,-32.70506565601412,24.689984682937272,-0.089932,-0.268383,0.196311,0.9388,0.778865,0.416867,0.468606,-0.320322,0.906748,-0.27423,F,BuildTutorial
32.059,0.181735,1.42106,2.570059,21.724321246942576,-10.782516515255269,-1.3660682231575794,-0.1887,0.09003,-0.006049,-0.977881,0.983716,-0.022148,0.17836,-0.045807,0.928711,0.367963,0.141478,1.117871,2.849668,-24.74385974526876,-18.059804602012505,-21.361762041059382,-0.179522,-0.189867,-0.211836,0.941726,0.838152,-0.330812,0.433664,0.467153,0.845795,-0.25768,0.049382,1.008842,2.63035,-3.3798637274558803,-33.100507049530776,24.573236279039925,-0.088213,-0.272195,0.195689,0.937995,0.775232,0.415133,0.47611,-0.319089,0.907848,-0.272017,F,BuildTutorial
32.092,0.177803,1.420344,2.573689,21.731221240916092,-10.57377871800226,-1.1308966621441447,-0.188588,0.088634,-0.007718,-0.978018,0.984169,-0.018334,0.176283,-0.048528,0.92875,0.367517,0.138253,1.119865,2.856641,-25.036031232446792,-16.919173883230044,-22.570310480960195,-0.182139,-0.182792,-0.220231,0.940697,0.836171,-0.347755,0.424129,0.480929,0.836647,-0.262162,0.045133,1.006116,2.628729,-2.880910717295367,-33.62706053205655,24.356233079877303,-0.084522,-0.277583,0.194762,0.936948,0.770031,0.411888,0.487238,-0.31804,0.909848,-0.26651,F,BuildTutorial
32.125,0.174449,1.419498,2.577307,21.85336261112248,-10.469681466347936,-0.8429962669651883,-0.189416,0.088193,-0.010101,-0.977876,0.98424,-0.013655,0.176311,-0.053166,0.928039,0.368669,0.137606,1.122249,2.865806,-25.24097500054459,-15.186865568316549,-24.14198407995008,-0.184821,-0.17139,-0.230515,0.939856,0.834976,-0.369949,0.407372,0.496655,0.825409,-0.268393,0.040142,1.003274,2.628414,-2.3202506433283574,-34.22922418192426,24.13297023716576,-0.080429,-0.283678,0.193922,0.935656,0.763842,0.40852,0.499657,-0.317256,0.911851,-0.260531,F,BuildTutorial
32.161,0.171825,1.41883,2.580863,22.13216060671844,-10.2743790970139,-0.7116370625519346,-0.191712,0.086687,-0.011116,-0.977552,0.984724,-0.011506,0.173745,-0.05497,0.926246,0.372889,0.139262,1.125053,2.876344,-25.286927074111812,-12.70757595091668,-27.23659211645806,-0.185998,-0.156168,-0.251874,0.93679,0.824342,-0.413812,0.386289,0.53,0.803928,-0.269814,0.03528,1.001654,2.628855,-2.023715234412869,-34.79962387958621,23.695235530193074,-0.077878,-0.289162,0.190716,0.934852,0.760026,0.401621,0.510942,-0.311543,0.915125,-0.255905,F,BuildTutorial
32.192,0.169579,1.418502,2.584986,22.288041049593655,-10.12275560811372,-0.712892603494187,-0.193057,0.08536,-0.010971,-0.977406,0.985187,-0.011513,0.171099,-0.054404,0.925217,0.375517,0.141873,1.127072,2.88891,-24.58076882332035,-9.96980538948587,-31.752005091430902,-0.180747,-0.139674,-0.284067,0.931197,0.799594,-0.478553,0.362817,0.579536,0.773273,-0.257269,0.029855,1.001766,2.630041,-1.919165211185906,-35.39239864085022,23.35571908167905,-0.077142,-0.294407,0.187819,0.933862,0.756097,0.396215,0.520894,-0.305371,0.917547,-0.25467,F,BuildTutorial
32.225,0.167726,1.418279,2.589703,22.31527884323632,-10.038325786109462,-0.8589053455220447,-0.193405,0.084388,-0.009604,-0.977436,0.985573,-0.013867,0.168683,-0.051417,0.925005,0.376461,0.144335,1.127682,2.902798,-23.499107587547435,-7.285983173363808,-35.50789647756445,-0.174575,-0.121214,-0.31026,0.92659,0.778092,-0.532646,0.332959,0.617289,0.746525,-0.248302,0.024706,1.004111,2.631203,-2.3639551517810267,-36.078461166084786,23.348360677257983,-0.081855,-0.299229,0.186103,0.93227,0.751655,0.395984,0.527458,-0.29801,0.917331,-0.263998,F,BuildTutorial
32.258,0.16636,1.417822,2.594661,22.40231784487226,-9.932755724613177,-1.0171173968597278,-0.194271,0.083201,-0.008142,-0.977379,0.986023,-0.016412,0.165801,-0.048243,0.924385,0.378398,0.148577,1.126952,2.917994,-21.813683318653528,-3.9952674934637833,-39.964399736262635,-0.166017,-0.096788,-0.34155,0.920008,0.747951,-0.596321,0.291498,0.660595,0.711564,-0.239357,0.019938,1.007411,2.63243,-3.0566899224346593,-36.7094779286255,23.37749756801679,-0.088564,-0.303131,0.183995,0.930814,0.748515,0.396222,0.531727,-0.288836,0.916605,-0.276423,F,BuildTutorial
32.292,0.165462,1.417069,2.599607,22.639417477306058,-9.940574451558332,-1.18855527778223,-0.196416,0.082921,-0.006873,-0.976984,0.986154,-0.019144,0.164725,-0.046004,0.922747,0.382651,0.152717,1.124145,2.934032,-19.14838557329771,-0.9889436495463328,-46.178973187664035,-0.149658,-0.073053,-0.388012,0.906484,0.68822,-0.681587,0.24858,0.725319,0.654099,-0.214634,0.014868,1.010187,2.634019,-3.700319231747708,-37.50496825801876,23.29675873816348,-0.094817,-0.308523,0.180922,0.929027,0.744161,0.39467,0.538943,-0.277657,0.916553,-0.287813,F,BuildTutorial
32.325,0.165074,1.416163,2.60458,22.984874422381804,-9.988148054505542,-1.3259837119371796,-0.199456,0.083005,-0.006047,-0.976366,0.986147,-0.021303,0.164499,-0.044921,0.920362,0.38848,0.15637,1.120104,2.949733,-16.876957034075353,2.2855751946430263,-48.83409371637956,-0.141751,-0.042686,-0.406154,0.901734,0.666435,-0.720383,0.192128,0.744586,0.629892,-0.220969,0.010396,1.01201,2.635451,-4.1702988823427525,-38.44680861937126,23.042066638324577,-0.099381,-0.315543,0.176728,0.926997,0.7384,0.390371,0.549888,-0.264935,0.917781,-0.295782,F,BuildTutorial
32.358,0.165177,1.415095,2.609865,23.336855522980393,-10.06847097265071,-1.4751331838431103,-0.202557,0.083337,-0.005188,-0.975704,0.986056,-0.023637,0.164726,-0.043884,0.917887,0.394407,0.158103,1.116803,2.964053,-15.817586663712497,4.919179439443883,-48.977146154723265,-0.142723,-0.0183,-0.404817,0.903005,0.671577,-0.72588,0.148603,0.736327,0.631507,-0.242943,0.00599,1.013393,2.636941,-4.331351095703765,-39.36423990082738,22.851794363844306,-0.101549,-0.322842,0.173918,0.924777,0.73105,0.38724,0.561792,-0.256103,0.918881,-0.300117,F,BuildTutorial
32.392,0.165767,1.413905,2.61535,23.68253396197013,-10.1835225382493,-1.620202833067254,-0.205599,0.083964,-0.004427,-0.975018,0.985861,-0.025893,0.165554,-0.043159,0.915419,0.400182,0.159092,1.112528,2.978798,-13.954683081640669,7.133277190114722,-51.366161368839066,-0.136025,0.003103,-0.42254,0.896074,0.642902,-0.758097,0.109392,0.756409,0.605915,-0.2464,0.001372,1.014856,2.638829,-4.51434593743575,-40.325239410306146,22.70296225654258,-0.104039,-0.330404,0.171312,0.922313,0.72297,0.384757,0.573826,-0.247257,0.919656,-0.305118,F,BuildTutorial
32.425,0.166696,1.412813,2.620888,23.922164790759677,-10.358627353355612,-1.796234240089523,-0.20776,0.085067,-0.003435,-0.974468,0.985504,-0.028652,0.167218,-0.042042,0.913648,0.404326,0.15936,1.10718,2.9917,-11.402219732739455,8.871365524510464,-54.11875520231453,-0.123209,0.023478,-0.444466,0.886972,0.603798,-0.794242,0.067875,0.782671,0.57454,-0.239437,-0.0016,1.016023,2.640338,-4.882459441817993,-41.0710255634253,22.26651868555447,-0.10681,-0.336172,0.165997,0.920883,0.718867,0.37754,0.58369,-0.233915,0.922074,-0.308325,F,BuildTutorial
32.458,0.167904,1.41188,2.626632,24.143266112940733,-10.604603615368436,-1.9273829320197304,-0.20973,0.086852,-0.002947,-0.97389,0.984896,-0.030692,0.170405,-0.04217,0.912009,0.407996,0.156368,1.102338,3.004503,-9.5669790885067,9.052280678482408,-53.734118427108115,-0.109696,0.032582,-0.443073,0.889152,0.605249,-0.795067,0.039265,0.780771,0.583306,-0.223945,-0.004238,1.017027,2.641938,-5.259543129756711,-41.85009236985532,21.80718208159066,-0.109568,-0.342223,0.160405,0.91932,0.714308,0.36992,0.594074,-0.219933,0.92453,-0.311245,F,BuildTutorial
32.492,0.169435,1.411273,2.632407,24.325599728846463,-10.914667525578713,-2.051591215286892,-0.211366,0.0892,-0.002613,-0.973325,0.984073,-0.032622,0.174745,-0.042794,0.910635,0.41099,0.154265,1.098012,3.016474,-7.819937124801126,9.881956233679665,-55.13280109068327,-0.099989,0.044735,-0.454777,0.883843,0.582354,-0.812849,0.011867,0.794957,0.566361,-0.217438,-0.006589,1.017826,2.643392,-5.557929194175868,-42.70418075265288,21.419534802443412,-0.111951,-0.348944,0.15553,0.917342,0.708097,0.363478,0.605378,-0.207219,0.926555,-0.313938,F,BuildTutorial
32.525,0.170988,1.411395,2.638436,24.50443466929602,-11.22350646368776,-2.188553865768988,-0.212985,0.091509,-0.002175,-0.972759,0.983243,-0.034748,0.178958,-0.043211,0.909266,0.413967,0.150763,1.095513,3.028053,-7.336894355303107,10.046007013397103,-56.298918576247395,-0.09742,0.046972,-0.464059,0.879177,0.564887,-0.825131,0.007824,0.806827,0.550318,-0.214894,-0.008711,1.018681,2.64477,-5.890224978784315,-43.68175233161186,20.97711438811834,-0.114529,-0.356649,0.149954,0.914985,0.700631,0.356105,0.618309,-0.192718,0.928794,-0.316547,F,BuildTutorial
32.558,0.172502,1.411946,2.644549,24.601770998540665,-11.592016074381494,-2.3850411848795505,-0.213964,0.094236,-0.00128,-0.972285,0.982236,-0.037838,0.183796,-0.042814,0.908436,0.415826,0.146498,1.093139,3.038566,-6.5022035173752055,9.688140075916412,-56.22698790479316,-0.08957,0.047733,-0.464557,0.879708,0.563817,-0.825899,-0.000762,0.808798,0.552329,-0.20194,-0.011284,1.019637,2.646776,-6.0773045300857635,-44.68383934687109,20.63701032892701,-0.116231,-0.364677,0.145616,0.912303,0.691614,0.350466,0.631541,-0.180919,0.930572,-0.318282,F,BuildTutorial
32.592,0.17378,1.412363,2.650676,24.572020823750822,-11.941798760150336,-2.7222651510044753,-0.213992,0.096585,0.000955,-0.972048,0.981341,-0.043193,0.187361,-0.039481,0.908413,0.416205,0.145431,1.089048,3.048182,-4.464396918832343,10.834334974258647,-56.253494302611806,-0.078668,0.064915,-0.465719,0.879035,0.557784,-0.828981,-0.04085,0.808554,0.553834,-0.198769,-0.013044,1.019325,2.648669,-5.734268854102776,-45.86973427360878,20.724561929667505,-0.11532,-0.374563,0.146271,0.9083,0.676614,0.352105,0.646696,-0.179327,0.930612,-0.319065,F,BuildTutorial
32.625,0.175055,1.412199,2.656378,24.600739083551712,-12.312141154898804,-3.185867755532341,-0.214639,0.098847,0.004167,-0.97167,0.980424,-0.05053,0.190304,-0.034336,0.907826,0.41794,0.144282,1.085684,3.057092,-2.905661405813145,11.111547352378793,-56.76173063280733,-0.068206,0.073156,-0.470786,0.87656,0.546018,-0.835323,-0.06403,0.815365,0.547417,-0.188455,-0.014823,1.01882,2.651552,-5.142473158566343,-46.87687987090796,20.918263245212035,-0.112611,-0.383289,0.14884,0.904575,0.661872,0.355599,0.659905,-0.182948,0.930331,-0.317827,F,BuildTutorial
32.658,0.176285,1.411463,2.661458,24.8066567059052,-12.568259753048526,-3.6651434951893433,-0.216811,0.100022,0.007546,-0.971047,0.979877,-0.058027,0.190981,-0.028717,0.905872,0.422576,0.144568,1.083761,3.064332,-1.9785160039019696,11.623507444076152,-56.9988058624466,-0.063404,0.080781,-0.47309,0.875009,0.53932,-0.83816,-0.081377,0.817673,0.544331,-0.187391,-0.014693,1.018247,2.654429,-4.855959649290624,-47.42083207944375,21.26155282613085,-0.112237,-0.387702,0.152013,0.902209,0.653158,0.361325,0.665454,-0.187266,0.92859,-0.320395,F,BuildTutorial
32.691,0.177493,1.410724,2.666254,25.064803836266247,-12.786472781023026,-3.941728610740209,-0.219253,0.101218,0.009215,-0.97036,0.97934,-0.062268,0.192396,-0.026502,0.903686,0.427374,0.146392,1.082269,3.069203,-1.0120986567937158,12.542771073114338,-56.46636125747338,-0.059409,0.092085,-0.469362,0.87618,0.54244,-0.833431,-0.105598,0.811549,0.552341,-0.190548,-0.013208,1.018042,2.65802,-4.8664728363117105,-47.397829562937,21.011814649623823,-0.111444,-0.387748,0.150032,0.90262,0.654284,0.357268,0.666537,-0.184419,0.930141,-0.317533,F,BuildTutorial
32.724,0.178458,1.40975,2.670585,25.458229862284696,-12.947501002410071,-4.1405721503148145,-0.222767,0.101996,0.010186,-0.969468,0.978986,-0.065193,0.193225,-0.025692,0.900542,0.434009,0.148783,1.080249,3.071356,0.2805073456534109,13.363870442682549,-56.27620945352798,-0.05273,0.103752,-0.468645,0.875687,0.539216,-0.831714,-0.132285,0.80983,0.555184,-0.189595,-0.011414,1.018142,2.661508,-4.884504655915715,-47.29822105236643,21.099305092020213,-0.11175,-0.386849,0.150755,0.902847,0.655241,0.358677,0.664838,-0.185756,0.92957,-0.318425,F,BuildTutorial
32.758,0.179468,1.40873,2.674143,25.909404428575066,-12.973849925805409,-4.212034840959085,-0.226641,0.101841,0.010274,-0.968585,0.979046,-0.066065,0.192626,-0.026261,0.897057,0.441134,0.149672,1.07875,3.072576,1.0181796628925432,13.491784165506406,-56.4454966499144,-0.047773,0.10767,-0.470528,0.874488,0.534022,-0.833229,-0.143355,0.812654,0.552643,-0.184877,-0.009897,1.018719,2.665,-4.936757047161213,-47.208610413548925,21.067243323185245,-0.111933,-0.38609,0.150407,0.903207,0.656625,0.35813,0.663767,-0.185265,0.929697,-0.318339,F,BuildTutorial
32.791,0.180477,1.40777,2.677043,26.32689640701274,-13.021888780708204,-4.031841883103888,-0.230005,0.102386,0.008225,-0.967754,0.978899,-0.063017,0.194386,-0.03118,0.89406,0.446861,0.149272,1.07764,3.072383,1.295014517418806,13.513026286692552,-55.700775017783016,-0.045036,0.109259,-0.465066,0.877353,0.543553,-0.825895,-0.149829,0.806212,0.563371,-0.180651,-0.008788,1.01992,2.668133,-5.104738103942876,-47.292508398856114,21.19316539804768,-0.113782,-0.386356,0.150729,0.902809,0.656019,0.36008,0.663311,-0.184239,0.928669,-0.321917,F,BuildTutorial
32.825,0.181377,1.406992,2.679301,26.6116897192467,-13.128708167964051,-3.8431714472725345,-0.232242,0.103521,0.006122,-0.967114,0.978492,-0.059924,0.19739,-0.036243,0.892052,0.450477,0.150035,1.075779,3.07073,2.1145120302741605,14.281869347142464,-54.82085609536361,-0.040965,0.118764,-0.458749,0.87964,0.550888,-0.816799,-0.171354,0.797338,0.575742,-0.181035,-0.007445,1.02105,2.670643,-5.302623717756415,-47.330302389875115,21.32995029808541,-0.11584,-0.386194,0.151075,0.902558,0.656061,0.362181,0.662125,-0.183235,0.927515,-0.325793,F,BuildTutorial
32.858,0.182312,1.406407,2.681118,26.745264885398782,-13.294199647594292,-3.797839922543495,-0.233334,0.104941,0.005264,-0.966703,0.97792,-0.059149,0.200436,-0.038795,0.891055,0.452234,0.149784,1.075328,3.069272,1.989634336299378,14.308679352746385,-54.18392436068868,-0.041374,0.118706,-0.453731,0.882227,0.560074,-0.810411,-0.171905,0.790766,0.584832,-0.180723,-0.006669,1.022221,2.673026,-5.5165866614808206,-47.36203240506903,21.363233284042213,-0.117666,-0.386059,0.150554,0.902467,0.656585,0.362592,0.66138,-0.180888,0.926976,-0.328625,F,BuildTutorial
32.892,0.18336,1.406044,2.682284,26.85362095330282,-13.492955474043844,-3.752649642418701,-0.234213,0.106654,0.004363,-0.966308,0.977212,-0.058391,0.204078,-0.041528,0.890251,0.453573,0.147964,1.074578,3.068365,2.3715914681288197,13.58900756017897,-54.73187818693615,-0.036122,0.114492,-0.45852,0.880537,0.553301,-0.81576,-0.168504,0.799217,0.576909,-0.168607,-0.005577,1.023013,2.674313,-5.701956456392015,-47.44943330473465,21.365782183073595,-0.119237,-0.386439,0.149832,0.902218,0.656431,0.362518,0.661574,-0.178207,0.926666,-0.330957,F,BuildTutorial
32.925,0.184391,1.405893,2.682895,26.96648920369594,-13.718011904012222,-3.855486322285888,-0.235268,0.108282,0.004648,-0.965869,0.976507,-0.059929,0.206985,-0.041972,0.889254,0.455483,0.145251,1.074638,3.067141,2.107742935945629,12.382622239735504,-55.1802034750692,-0.033735,0.104037,-0.462122,0.880047,0.55124,-0.820397,-0.151935,0.806358,0.570611,-0.155531,-0.004905,1.023611,2.675415,-5.804282872101929,-47.5824418867193,21.387836289738473,-0.120284,-0.387294,0.149506,0.901767,0.655303,0.362809,0.662531,-0.176468,0.926359,-0.332742,F,BuildTutorial
32.958,0.185341,1.406074,2.683453,26.966049979632142,-13.909070028347278,-4.122455055786864,-0.235527,0.109344,0.006506,-0.965675,0.976003,-0.064072,0.208117,-0.038942,0.888969,0.456308,0.143487,1.075686,3.065904,1.4485915594408922,12.189012918324304,-53.65150857956405,-0.036691,0.100408,-0.44989,0.886663,0.575034,-0.80517,-0.145043,0.790434,0.592505,-0.15541,-0.004456,1.023868,2.675828,-5.81565628956946,-47.70834527105218,21.456041997972193,-0.120768,-0.388194,0.14987,0.901255,0.653689,0.363904,0.663524,-0.176379,0.925909,-0.334042,F,BuildTutorial
32.991,0.186178,1.406201,2.683676,26.949486544244746,-14.009309951078045,-4.443432064201798,-0.235701,0.109538,0.009023,-0.96559,0.97584,-0.069061,0.207285,-0.034212,0.888727,0.457158,0.141645,1.078481,3.065202,0.030556065997383,11.484573252041256,-53.868814932093585,-0.045085,0.089321,-0.450721,0.88704,0.577744,-0.80767,-0.117822,0.791561,0.589635,-0.160502,-0.004063,1.023903,2.675979,-5.75356581014361,-47.754225144708776,21.47289614614279,-0.120401,-0.38864,0.150174,0.901061,0.652813,0.364217,0.664215,-0.177047,0.925903,-0.333704,F,BuildTutorial
33.025,0.186875,1.406189,2.683712,26.955386801518483,-14.155413817267688,-4.559414046655043,-0.235874,0.110527,0.009693,-0.965429,0.97538,-0.070857,0.20884,-0.033426,0.888539,0.457583,0.140212,1.081121,3.064024,-0.7346038966158198,11.04288963024743,-53.42307507945096,-0.048949,0.08308,-0.446853,0.889395,0.58684,-0.802992,-0.104036,0.786725,0.595852,-0.161319,-0.003514,1.023729,2.67584,-5.786226652063819,-47.71041400845904,21.307553093622435,-0.120038,-0.388415,0.148804,0.901434,0.653983,0.361522,0.664536,-0.175024,0.926897,-0.332008,F,BuildTutorial
33.058,0.187261,1.406241,2.683572,26.949009010911265,-14.2926333956162,-4.6282914805602635,-0.235899,0.111545,0.009998,-0.965303,0.974916,-0.071928,0.210632,-0.033325,0.888504,0.457658,0.140155,1.083368,3.062536,-0.9481616458768652,10.97643270738438,-53.5235749541728,-0.050418,0.081685,-0.447496,0.889119,0.58615,-0.803991,-0.100133,0.787518,0.594411,-0.162763,-0.003266,1.02352,2.675705,-5.793417936091257,-47.51972390092163,21.084503167020525,-0.119093,-0.387135,0.147222,0.902369,0.656905,0.357908,0.66361,-0.173488,0.928285,-0.328921,F,BuildTutorial
33.091,0.18757,1.406311,2.683069,26.937565310832245,-14.41659927674218,-4.624860532322362,-0.23581,0.112603,0.009727,-0.965204,0.974452,-0.071883,0.212783,-0.034329,0.888598,0.457401,0.139479,1.086157,3.061604,-1.3629387214488249,10.32703521774354,-53.87927590497153,-0.051331,0.07486,-0.450227,0.888289,0.583383,-0.807549,-0.086773,0.792178,0.589321,-0.158602,-0.002987,1.022894,2.675151,-5.746340601578679,-47.35697699820699,20.8817925798979,-0.117833,-0.386139,0.145959,0.903166,0.659186,0.354649,0.663097,-0.17265,0.929623,-0.325565,F,BuildTutorial
33.125,0.187744,1.406363,2.682628,26.92874369197903,-14.47254571471789,-4.6280637398107,-0.235744,0.113073,0.009649,-0.965167,0.974243,-0.071937,0.213719,-0.034688,0.888664,0.457245,0.140633,1.089342,3.059277,-2.10118847830713,10.673515884643678,-52.89413859080349,-0.057762,0.075131,-0.441839,0.892075,0.598267,-0.796986,-0.083003,0.779627,0.602884,-0.169448,-0.003017,1.02208,2.674401,-5.6453996539242235,-47.360021021303474,20.685585771605087,-0.116386,-0.386526,0.144764,0.90338,0.659282,0.351526,0.664663,-0.171581,0.930996,-0.322191,F,BuildTutorial
33.158,0.187837,1.406361,2.682227,26.916717513634826,-14.471525741706133,-4.624393778830856,-0.235639,0.113079,0.009634,-0.965191,0.974241,-0.071889,0.213745,-0.034695,0.888763,0.457053,0.141997,1.09239,3.055288,-2.909968125670545,10.964548013059067,-51.84394067634797,-0.064483,0.074849,-0.432825,0.896048,0.614121,-0.785316,-0.078316,0.766011,0.61701,-0.180353,-0.003655,1.021369,2.673745,-5.485202446767936,-47.36522092740648,20.60724126814615,-0.114875,-0.386902,0.144704,0.903422,0.658735,0.350349,0.665826,-0.172567,0.931729,-0.319534,F,BuildTutorial
33.191,0.187886,1.406283,2.681861,26.92010513270497,-14.407181071546086,-4.630276969616943,-0.235668,0.112523,0.009812,-0.965248,0.974485,-0.071978,0.2126,-0.034094,0.888728,0.457165,0.142035,1.095433,3.049307,-3.8157729275720342,10.371311702931704,-50.45782418276462,-0.068497,0.067584,-0.421534,0.901693,0.635482,-0.769447,-0.064132,0.75093,0.635234,-0.180505,-0.003825,1.020276,2.673019,-5.341714553869306,-47.29971813132784,20.63234781858833,-0.113754,-0.386589,0.145471,0.903575,0.658774,0.35084,0.665529,-0.174936,0.931797,-0.318045,F,BuildTutorial
33.224,0.187918,1.406148,2.681475,26.938618040944053,-14.224313643230047,-4.63489180959515,-0.235812,0.110962,0.010206,-0.965389,0.975167,-0.072038,0.20943,-0.032627,0.888577,0.457566,0.139852,1.098825,3.041429,-5.511090562672817,8.541504513091864,-48.26027786005749,-0.074161,0.048285,-0.403937,0.910497,0.669008,-0.742728,-0.028014,0.728404,0.662671,-0.174056,-0.004213,1.019087,2.672952,-5.1612796654187205,-47.194637862667264,20.5389786563996,-0.111893,-0.386138,0.14547,0.904,0.659473,0.349422,0.665583,-0.176598,0.932637,-0.314645,F,BuildTutorial
33.258,0.18796,1.405949,2.681233,26.99809478013673,-13.956312114579374,-4.50584247493299,-0.236165,0.108935,0.009604,-0.96554,0.976082,-0.07,0.205826,-0.032907,0.888268,0.458146,0.13677,1.102931,3.030445,-7.824631852880077,6.267550758531919,-45.23930783545676,-0.083864,0.024142,-0.379699,0.920985,0.710492,-0.703443,0.019218,0.695344,0.697591,-0.172809,-0.004893,1.017864,2.673544,-4.904121080518233,-47.00094809777098,20.495573491883345,-0.109485,-0.385056,0.146212,0.904636,0.660708,0.348852,0.664656,-0.180221,0.93327,-0.310688,F,BuildTutorial
33.292,0.187999,1.405747,2.681193,27.05862354414247,-13.621620293425211,-4.393824339652796,-0.236541,0.106311,0.009284,-0.965743,0.977224,-0.068226,0.200946,-0.032361,0.887924,0.45885,0.132984,1.106034,3.016244,-10.392305947891735,3.5852635412294016,-41.58619372134414,-0.095685,-0.00301,-0.350714,0.931577,0.753982,-0.652857,0.072724,0.654009,0.735689,-0.176165,-0.004826,1.016474,2.674892,-4.6255397364217625,-46.5094446924335,20.434944039471347,-0.106466,-0.381665,0.147161,0.906278,0.66535,0.348006,0.660455,-0.185469,0.934018,-0.305307,F,BuildTutorial
33.325,0.188129,1.405384,2.681106,27.19734621079017,-13.192701822262556,-4.254964684347661,-0.237547,0.102906,0.008853,-0.965869,0.978664,-0.065992,0.194581,-0.031788,0.886986,0.460702,0.127684,1.107509,2.999556,-12.975162271196789,-0.0287767085291377,-35.91414839790395,-0.107407,-0.035072,-0.306357,0.945187,0.809831,-0.571596,0.132108,0.586664,0.789218,-0.181551,-0.004564,1.015197,2.676531,-4.395591198553228,-45.96884466720897,20.47152831331043,-0.10408,-0.37771,0.148735,0.907954,0.670427,0.348713,0.654925,-0.191466,0.934091,-0.301357,F,BuildTutorial
33.358,0.188074,1.404704,2.681169,27.416032356494032,-12.6971551668523,-4.103622538848552,-0.239216,0.098926,0.008383,-0.965877,0.980287,-0.063524,0.187091,-0.031135,0.885411,0.463765,0.122555,1.107894,2.981065,-15.389063272658476,-4.9015566965881545,-29.731587293389634,-0.11842,-0.075277,-0.259547,0.955482,0.853937,-0.478157,0.205324,0.513814,0.837224,-0.187221,-0.004128,1.014045,2.679017,-4.195684709108319,-45.30217375937955,20.413046793441236,-0.101444,-0.372784,0.149545,0.910153,0.677337,0.34785,0.64824,-0.196584,0.934691,-0.296154,F,BuildTutorial
33.391,0.188102,1.403625,2.680995,27.750660621208983,-12.163568446665009,-4.050015047429435,-0.241946,0.094366,0.00872,-0.965651,0.982038,-0.062504,0.178029,-0.028822,0.882773,0.468916,0.11991,1.106966,2.963533,-17.466294574481452,-9.416592025394133,-26.31307655657645,-0.128882,-0.113444,-0.23635,0.956378,0.862538,-0.422839,0.277913,0.481322,0.855056,-0.192895,-0.003675,1.013454,2.68229,-4.1113328539872,-44.462362518820605,20.390244836034977,-0.099604,-0.366254,0.150381,0.912865,0.686488,0.347515,0.638723,-0.201594,0.93493,-0.292005,F,BuildTutorial
33.424,0.18815,1.40226,2.680822,28.25399125106612,-11.649554163619747,-3.897241735130324,-0.246018,0.090104,0.008049,-0.965035,0.983633,-0.059869,0.169947,-0.0288,0.878821,0.476282,0.12142,1.102939,2.948631,-18.19551994808164,-11.598205413055902,-22.29341094801961,-0.135055,-0.128299,-0.205588,0.960746,0.882546,-0.360382,0.302056,0.429691,0.878987,-0.206753,-0.002216,1.013189,2.685765,-4.211273502382607,-43.43894156048538,20.375235903469072,-0.099005,-0.357945,0.150822,0.916148,0.698256,0.347227,0.625997,-0.205473,0.934902,-0.289378,F,BuildTutorial
33.458,0.188279,1.400456,2.680675,28.92646287259705,-11.17882974393158,-3.682446084102367,-0.251473,0.086277,0.00665,-0.963988,0.985024,-0.056214,0.162995,-0.030572,0.873434,0.485982,0.125452,1.098016,2.936083,-18.184686695827057,-13.097371257812798,-17.831407387042933,-0.137645,-0.135585,-0.16984,0.966346,0.905543,-0.290923,0.308799,0.365573,0.904417,-0.21997,-0.000744,1.012967,2.689908,-4.197593444779802,-42.41366268230446,20.41477282627757,-0.097663,-0.349721,0.152062,0.919257,0.709144,0.347879,0.613266,-0.211259,0.934678,-0.285914,F,BuildTutorial
33.492,0.188266,1.398366,2.680633,29.722067447110636,-10.64736592689606,-3.552084690407055,-0.258026,0.081721,0.006042,-0.962657,0.98657,-0.053805,0.154221,-0.03054,0.866772,0.497768,0.131466,1.092835,2.925068,-17.887813030892623,-14.090064745919952,-15.364074798434183,-0.136713,-0.140696,-0.14995,0.969035,0.915439,-0.252144,0.313679,0.329084,0.917649,-0.222764,0.000773,1.013136,2.694372,-4.295927824225467,-41.359639195915875,20.547870495531782,-0.097444,-0.340985,0.153722,0.922282,0.720198,0.350004,0.59901,-0.217096,0.933749,-0.284575,F,BuildTutorial
33.525,0.188252,1.396367,2.680615,30.39389761262957,-10.149702365195129,-3.475694611092804,-0.263579,0.077406,0.005974,-0.961509,0.987945,-0.052293,0.145704,-0.029317,0.860981,0.507792,0.138913,1.086559,2.915908,-17.227545795885653,-14.790654787938005,-11.953123231751944,-0.134469,-0.142036,-0.121264,0.973159,0.930242,-0.19782,0.30906,0.274217,0.934426,-0.227272,0.002309,1.013851,2.699163,-4.621800661366319,-40.20579890020082,20.50110987506446,-0.098375,-0.331208,0.153338,0.925803,0.733578,0.349086,0.583098,-0.218756,0.93362,-0.283724,F,BuildTutorial
33.558,0.188152,1.394391,2.680807,31.072186487421728,-9.641720820477252,-3.335062068948764,-0.269141,0.073169,0.005437,-0.960302,0.989234,-0.049829,0.137602,-0.028943,0.855067,0.517709,0.147857,1.080092,2.908006,-16.31990048751391,-14.62859601017998,-9.636652113674153,-0.129699,-0.137403,-0.100476,0.976833,0.94205,-0.160654,0.294502,0.231938,0.946166,-0.225778,0.004057,1.014559,2.703769,-4.911005941448643,-39.13717004305357,20.511219025458864,-0.099301,-0.322094,0.153482,0.928891,0.745398,0.349104,0.567898,-0.221167,0.933165,-0.283351,F,BuildTutorial
33.591,0.188195,1.39259,2.681044,31.671901802517965,-9.072738968172176,-3.169026437659512,-0.274029,0.068539,0.004944,-0.959263,0.990556,-0.047048,0.128785,-0.028079,0.849767,0.52641,0.157214,1.0739,2.901042,-15.197638766248083,-14.383635538985043,-7.831673706264942,-0.122415,-0.132762,-0.083675,0.979994,0.950746,-0.131499,0.280697,0.196507,0.956026,-0.217714,0.005563,1.015365,2.708562,-5.116276065116152,-38.14154146056448,20.497158771136284,-0.099585,-0.313697,0.153636,0.931704,0.755981,0.348766,0.553946,-0.223807,0.932958,-0.281958,F,BuildTutorial
33.625,0.188287,1.39096,2.681185,32.28903536918785,-8.553803443441206,-2.9682071400041017,-0.279049,0.06443,0.004079,-0.958104,0.991664,-0.043775,0.121184,-0.028141,0.84423,0.535242,0.165814,1.067403,2.895135,-13.494974757816983,-14.52928746694306,-6.877092703450119,-0.108809,-0.132341,-0.073915,0.982437,0.954045,-0.116433,0.276119,0.174033,0.965394,-0.194233,0.007175,1.016044,2.712817,-5.321791427538514,-37.21972351387848,20.64512372324923,-0.100407,-0.305735,0.155062,0.934024,0.764964,0.35106,0.539989,-0.228267,0.931748,-0.282382,F,BuildTutorial
33.658,0.188567,1.389531,2.6812,32.79637690931498,-8.07807680698899,-2.7759163673935188,-0.283164,0.06073,0.0033,-0.957141,0.992602,-0.040711,0.114385,-0.028076,0.839614,0.542457,0.175069,1.061738,2.889773,-12.381362424742834,-14.00224357387427,-5.513991401988515,-0.101081,-0.126186,-0.060592,0.984981,0.960811,-0.093855,0.260831,0.144875,0.972222,-0.183834,0.009696,1.016491,2.716602,-5.549938632566597,-36.282499620274514,20.596453315441796,-0.100863,-0.297761,0.154855,0.936582,0.774717,0.350135,0.526516,-0.230003,0.931693,-0.281153,F,BuildTutorial
33.691,0.188897,1.388324,2.681218,33.24225506801726,-7.571294029201731,-2.6214231498727676,-0.28679,0.05672,0.00299,-0.956308,0.993548,-0.038253,0.106768,-0.026814,0.835485,0.548859,0.182853,1.058351,2.885648,-12.30120189544436,-13.525044402748945,-3.695033017094944,-0.102567,-0.120446,-0.044441,0.986407,0.967035,-0.062966,0.246734,0.112381,0.97501,-0.191639,0.011886,1.016986,2.720499,-5.619033625575323,-35.40985290915307,20.755603139844407,-0.100647,-0.290369,0.156737,0.93861,0.782238,0.35268,0.513537,-0.235781,0.930607,-0.27996,F,BuildTutorial
33.725,0.189369,1.387199,2.68109,33.683292738877796,-7.064098374213824,-2.4159728718504976,-0.290356,0.052855,0.002294,-0.955455,0.994402,-0.035078,0.099669,-0.02631,0.831376,0.555087,0.190044,1.055145,2.882654,-11.582665875607804,-12.734016517206538,-3.994834494234952,-0.096377,-0.113759,-0.045646,0.987769,0.969951,-0.068247,0.233534,0.112102,0.977256,-0.180012,0.014134,1.017524,2.723646,-5.7842644055530235,-34.56577455628149,20.840746221623963,-0.101049,-0.283104,0.15774,0.940617,0.78994,0.35396,0.500706,-0.239531,0.929815,-0.27941,F,BuildTutorial
33.758,0.18986,1.386557,2.680907,33.95249275547851,-6.666010549220108,-2.2618196492778258,-0.292522,0.049842,0.001873,-0.954957,0.995025,-0.032737,0.094099,-0.025583,0.828855,0.558879,0.197617,1.051647,2.880376,-10.917334574352669,-11.68511462768296,-4.257675346752749,-0.090804,-0.104779,-0.046463,0.989251,0.973725,-0.072898,0.215743,0.110956,0.979192,-0.169919,0.016499,1.017981,2.726336,-5.981400508695128,-33.75424385397243,20.8529384539148,-0.101571,-0.276102,0.158046,0.942588,0.797579,0.354033,0.488395,-0.241857,0.929409,-0.278754,F,BuildTutorial
33.791,0.190311,1.386181,2.680656,34.10311084488262,-6.3334947668007295,-2.1774624715001907,-0.293735,0.047241,0.001942,-0.954717,0.995529,-0.03146,0.089063,-0.024045,0.827432,0.561051,0.201961,1.049052,2.879259,-10.849817702020085,-11.413844762380618,-3.476980240492086,-0.091026,-0.101803,-0.039449,0.989846,0.97616,-0.059564,0.20872,0.09663,0.980316,-0.172171,0.018082,1.01838,2.728612,-6.031262310067871,-33.17480451788665,20.978020708851737,-0.101475,-0.27114,0.159462,0.9438,0.80211,0.356028,0.479442,-0.245972,0.928549,-0.278017,F,BuildTutorial
33.824,0.190757,1.385988,2.680336,34.17851172564775,-6.014485976238366,-2.1536889906236487,-0.294347,0.044622,0.002525,-0.954653,0.996005,-0.031089,0.08371,-0.021448,0.826707,0.562224,0.20449,1.046396,2.879369,-10.598992750910652,-11.083150426006783,-3.5646938277045552,-0.088895,-0.098968,-0.03974,0.990315,0.977252,-0.061114,0.203085,0.096305,0.981037,-0.168203,0.019581,1.01832,2.730276,-5.971324729271804,-32.73431826616641,21.070160227127317,-0.100585,-0.267528,0.16076,0.944705,0.805171,0.35756,0.473129,-0.249924,0.928078,-0.276061,F,BuildTutorial
33.857,0.191328,1.386091,2.67991,34.1782783644511,-5.728963635019722,-2.0860557831477973,-0.294313,0.042417,0.002695,-0.954764,0.996387,-0.030115,0.07941,-0.019821,0.826745,0.562228,0.206878,1.043661,2.880793,-10.094719130253692,-10.396817099975005,-4.573902612354349,-0.083946,-0.093678,-0.047551,0.990917,0.977927,-0.078511,0.193638,0.109967,0.981384,-0.157458,0.021224,1.017999,2.731426,-5.920064959500729,-32.26559039494223,21.117979538315108,-0.099616,-0.263705,0.161691,0.945724,0.808632,0.358367,0.466569,-0.253291,0.927866,-0.273695,F,BuildTutorial
33.891,0.19178,1.386269,2.679477,34.13184190624416,-5.513969030735056,-2.0561801300167075,-0.29391,0.040715,0.003019,-0.954961,0.996666,-0.029699,0.075988,-0.018167,0.827216,0.56159,0.208362,1.040945,2.882195,-9.748458813191512,-9.892640024959489,-6.408522785869759,-0.079718,-0.090508,-0.062801,0.990712,0.975729,-0.110006,0.189347,0.138866,0.979402,-0.146588,0.022011,1.017802,2.732338,-5.842497156769928,-31.949496826867804,21.161680012628437,-0.098632,-0.261186,0.162515,0.946384,0.810742,0.359125,0.462306,-0.256079,0.927721,-0.271581,F,BuildTutorial
33.924,0.192182,1.386422,2.678787,34.10479169667682,-5.312009504602079,-2.045299811307935,-0.293675,0.039067,0.003458,-0.9551,0.996924,-0.029551,0.072595,-0.016342,0.827486,0.561249,0.207985,1.040762,2.883842,-11.137249637440172,-10.094573680865553,-5.301022316471785,-0.092509,-0.091939,-0.054375,0.989966,0.977181,-0.090649,0.192093,0.12467,0.976971,-0.173164,0.022927,1.017287,2.732327,-5.764659459344343,-31.77298721378169,21.139256824419487,-0.097691,-0.259876,0.16267,0.946815,0.812005,0.358813,0.460327,-0.257263,0.92799,-0.269539,F,BuildTutorial
33.958,0.192389,1.386612,2.678196,34.06550526778263,-5.18146636459378,-2.000895141589928,-0.293329,0.038103,0.003439,-0.955246,0.997073,-0.028923,0.070777,-0.015784,0.827892,0.560665,0.206668,1.040677,2.885536,-11.619686504709088,-10.60169620323025,-4.571942607954552,-0.097048,-0.095858,-0.048857,0.989447,0.976848,-0.078078,0.199177,0.115289,0.976389,-0.182681,0.023699,1.016645,2.731773,-5.648035324779615,-31.66593092369607,21.19663424870915,-0.09671,-0.259136,0.163517,0.946973,0.812222,0.359814,0.459162,-0.25957,0.927819,-0.26791,F,BuildTutorial
33.991,0.192396,1.386874,2.677619,33.99984937585381,-5.189592650258295,-1.940574836754052,-0.292762,0.038342,0.002943,-0.955412,0.997042,-0.028074,0.071542,-0.016827,0.828564,0.559642,0.206526,1.040446,2.888093,-10.5250187063763,-10.217018904477104,-7.039334847444029,-0.085739,-0.094108,-0.069041,0.989457,0.972754,-0.12049,0.19807,0.152764,0.975764,-0.156675,0.023987,1.016155,2.730575,-5.571061405672517,-31.703156094171916,21.152757978201898,-0.096031,-0.259608,0.163309,0.946949,0.811869,0.359151,0.460305,-0.259429,0.928217,-0.266666,F,BuildTutorial
34.024,0.192147,1.387051,2.676972,33.99114146850991,-5.280000613463023,-1.8771569811440336,-0.29267,0.03926,0.002187,-0.955405,0.996908,-0.02716,0.073738,-0.018801,0.828679,0.559408,0.20573,1.042547,2.890073,-10.98726097328329,-10.386732359976277,-6.781684227492998,-0.089846,-0.095583,-0.067284,0.989073,0.972674,-0.115921,0.201167,0.150272,0.974801,-0.164866,0.022755,1.015872,2.729407,-5.45601665957319,-31.969649336401073,21.17973918397583,-0.095527,-0.261977,0.163588,0.946299,0.809214,0.359659,0.464563,-0.259555,0.928227,-0.266507,F,BuildTutorial
34.059,0.191662,1.387281,2.676397,33.95784006022946,-5.444076773916129,-1.8228820694938832,-0.292376,0.040775,0.00133,-0.955433,0.996671,-0.026385,0.077139,-0.021302,0.829029,0.558799,0.204778,1.046641,2.891688,-12.24183180697358,-10.538454506590035,-5.926550492039454,-0.101314,-0.096679,-0.060963,0.988267,0.973873,-0.100905,0.203443,0.140085,0.972038,-0.188463,0.021806,1.015082,2.72764,-5.366693231100362,-32.2890440037935,21.137639056781936,-0.095152,-0.264796,0.163193,0.94562,0.806503,0.359029,0.469737,-0.258245,0.928628,-0.266381,F,BuildTutorial
34.091,0.190861,1.387512,2.675911,33.91516818936911,-5.654808086353824,-1.7600830348968577,-0.291999,0.042703,0.000288,-0.955465,0.996353,-0.02549,0.081434,-0.024388,0.829473,0.558014,0.20398,1.050611,2.893773,-12.796953092297082,-10.685626283118436,-6.302217703345248,-0.105704,-0.098494,-0.064751,0.987387,0.972212,-0.107047,0.208193,0.148692,0.969268,-0.195987,0.020183,1.014183,2.72596,-5.236908510142134,-32.71625591116788,21.0735270063772,-0.094545,-0.268586,0.162631,0.944708,0.802825,0.358065,0.476719,-0.256491,0.929225,-0.265996,F,BuildTutorial
34.124,0.189966,1.387846,2.675319,33.822851441229176,-5.959859223979559,-1.7063193195253883,-0.291208,0.045407,-0.000894,-0.955581,0.995875,-0.024737,0.0873,-0.028154,0.830395,0.556464,0.203272,1.054641,2.896455,-13.354373546186237,-10.77684203721078,-6.55924223398467,-0.110236,-0.09974,-0.067471,0.986584,0.970999,-0.111142,0.21168,0.155122,0.966591,-0.204055,0.0179,1.013226,2.724208,-4.9901357934093085,-33.35105992940728,21.12557171073623,-0.093548,-0.274177,0.163157,0.94311,0.796414,0.359047,0.486632,-0.256451,0.929257,-0.26592,F,BuildTutorial
34.158,0.18886,1.388146,2.674867,33.67021259356465,-6.328229369876024,-1.6042966332147912,-0.289888,0.048777,-0.002605,-0.955813,0.995228,-0.023299,0.094754,-0.03326,0.831916,0.553904,0.201915,1.058986,2.899938,-13.985982882765189,-10.94542164409702,-6.379438190052894,-0.115738,-0.101259,-0.06657,0.98586,0.97063,-0.107817,0.215064,0.154696,0.964346,-0.214722,0.016081,1.012089,2.72196,-4.815895411163593,-33.98816037247059,21.119465759475947,-0.093014,-0.279706,0.163032,0.941559,0.790371,0.359041,0.49639,-0.254975,0.929538,-0.266358,F,BuildTutorial
34.191,0.187754,1.388453,2.674318,33.565744488899206,-6.730937246886108,-1.5291115047137778,-0.288972,0.052353,-0.004196,-0.955896,0.994483,-0.022235,0.102514,-0.03828,0.832955,0.552015,0.20037,1.064532,2.903471,-15.120923749334969,-11.339764326417509,-6.257591573872421,-0.125388,-0.104938,-0.066821,0.984277,0.969046,-0.105225,0.223333,0.157857,0.959626,-0.232808,0.013742,1.011356,2.720033,-4.699775408899452,-34.58950654299833,21.132639092155763,-0.092953,-0.284822,0.162953,0.940044,0.784646,0.359315,0.505196,-0.253415,0.929613,-0.267585,F,BuildTutorial
34.224,0.186551,1.388756,2.673726,33.46192179121182,-7.094615582261164,-1.4722860023343145,-0.288064,0.055557,-0.00553,-0.955982,0.993766,-0.021435,0.10941,-0.042582,0.833977,0.550154,0.198546,1.070632,2.90805,-16.16449615662157,-11.52902920090872,-6.20541559303529,-0.134296,-0.106868,-0.067418,0.982852,0.968068,-0.10382,0.228179,0.161228,0.954839,-0.249578,0.01169,1.010852,2.71797,-4.614408373818524,-35.18420565223774,21.094431489341503,-0.093005,-0.289867,0.162382,0.938595,0.779219,0.358739,0.51393,-0.250903,0.929965,-0.268725,F,BuildTutorial
34.257,0.185401,1.389144,2.67336,33.316645641487504,-7.525014035200872,-1.420218595666097,-0.286803,0.059317,-0.006962,-0.956126,0.992866,-0.020711,0.117423,-0.047338,0.835391,0.547613,0.196018,1.076479,2.912898,-17.17670956799796,-11.99536187322779,-6.043549741222523,-0.142864,-0.111002,-0.067421,0.981184,0.966266,-0.100588,0.237091,0.164021,0.950089,-0.265384,0.009911,1.010549,2.716109,-4.599110397710703,-35.73250487830575,21.159699710943325,-0.093824,-0.294326,0.16251,0.937102,0.773925,0.359807,0.521133,-0.249348,0.929575,-0.271507,F,BuildTutorial
34.291,0.184256,1.389513,2.672961,33.217450845326944,-7.921958062241239,-1.356111795553983,-0.285915,0.062816,-0.00843,-0.956157,0.991966,-0.0198,0.124944,-0.05204,0.836364,0.545699,0.193964,1.082588,2.918406,-18.321954598660337,-12.203469505359308,-5.776609413603268,-0.152818,-0.112782,-0.066366,0.979552,0.965751,-0.095548,0.241236,0.164488,0.944485,-0.284416,0.00861,1.010207,2.714361,-4.578272363363532,-36.20977335733202,21.135638568126133,-0.094268,-0.29828,0.161978,0.935898,0.769584,0.359427,0.527781,-0.246954,0.929753,-0.273081,F,BuildTutorial
34.324,0.18306,1.389997,2.672766,33.05951900124554,-8.267524602705622,-1.2949213056038906,-0.284536,0.065895,-0.009703,-0.956349,0.991127,-0.018941,0.131559,-0.056057,0.83789,0.542952,0.191898,1.08849,2.924407,-19.442420758537303,-12.139978877680091,-5.322786569742697,-0.162887,-0.111909,-0.063346,0.978229,0.966927,-0.087476,0.239582,0.160391,0.93891,-0.304504,0.007106,1.009897,2.712985,-4.562633895272875,-36.70461062850244,21.19981475578372,-0.095009,-0.302291,0.162136,0.934508,0.764664,0.360476,0.534178,-0.245594,0.92937,-0.275598,F,BuildTutorial
34.358,0.181876,1.390494,2.672582,32.84235077436934,-8.606193963138885,-1.2259853591775485,-0.282653,0.068952,-0.010977,-0.956678,0.99025,-0.017977,0.138135,-0.059981,0.839974,0.539302,0.189015,1.093749,2.930774,-20.591488897291747,-12.5387728960832,-4.921756391821388,-0.172883,-0.114974,-0.061493,0.976274,0.965999,-0.080314,0.245755,0.159823,0.93266,-0.323423,0.006307,1.009385,2.711456,-4.5243545224187285,-37.16534385942166,21.16279095645538,-0.095251,-0.306139,0.161558,0.93333,0.760356,0.359894,0.540681,-0.243254,0.929653,-0.276719,F,BuildTutorial
34.391,0.180748,1.390875,2.672283,32.752202707746754,-8.89354499336445,-1.1341014155455127,-0.281815,0.071602,-0.012392,-0.956713,0.989439,-0.016647,0.14399,-0.064067,0.840854,0.537457,0.186089,1.097739,2.937471,-21.6615605610746,-12.718414639105328,-3.9337841319341886,-0.182909,-0.115134,-0.054304,0.974854,0.967591,-0.063759,0.244343,0.147995,0.927191,-0.344114,0.006327,1.008563,2.709749,-4.431318580052222,-37.53633648612577,21.2953210527515,-0.095378,-0.3092,0.162589,0.932128,0.755921,0.362089,0.545413,-0.244125,0.928936,-0.278354,F,BuildTutorial
34.424,0.179688,1.391239,2.672057,32.615519345923616,-9.191187329734031,-0.9948138617880464,-0.280551,0.074466,-0.014192,-0.956841,0.988507,-0.014624,0.150468,-0.068942,0.842179,0.534772,0.182915,1.100833,2.944631,-22.351094803948065,-12.97121367690768,-3.295846547934886,-0.189309,-0.116304,-0.049915,0.973727,0.967964,-0.053173,0.245396,0.141242,0.923341,-0.35706,0.005672,1.008069,2.708896,-4.363658222775815,-37.86374082068566,21.24278610559308,-0.095152,-0.312016,0.162081,0.931301,0.752752,0.361269,0.550318,-0.242514,0.929352,-0.278373,F,BuildTutorial
34.458,0.178516,1.391593,2.671825,32.529898696753165,-9.468545140979073,-0.8158945377313148,-0.279681,0.077242,-0.016304,-0.956842,0.987536,-0.012006,0.156937,-0.074407,0.843026,0.532702,0.180618,1.103542,2.951998,-23.135903107456254,-12.672096488265844,-2.550008724528065,-0.19685,-0.112526,-0.043791,0.97297,0.970841,-0.040914,0.236208,0.129516,0.918665,-0.373203,0.006186,1.007497,2.70789,-4.316977966719549,-38.04868095051969,21.286935685902336,-0.095157,-0.313558,0.162419,0.930724,0.750603,0.362008,0.552761,-0.242659,0.929131,-0.278985,F,BuildTutorial
34.491,0.177134,1.391902,2.671208,32.51818021954556,-9.777411627272627,-0.4968106073018551,-0.279315,0.080602,-0.019713,-0.956608,0.986229,-0.007312,0.165222,-0.082742,0.84319,0.531211,0.176548,1.106122,2.958597,-24.289928996242253,-13.61309190694771,-0.1521203525554659,-0.208749,-0.116142,-0.026223,0.970694,0.971647,-0.00242,0.236424,0.099397,0.911472,-0.399172,0.006195,1.007416,2.707383,-4.357594159389985,-38.163092399910845,21.242389041383955,-0.095525,-0.314458,0.161846,0.930482,0.749844,0.361267,0.554275,-0.241113,0.929362,-0.279556,F,BuildTutorial
34.524,0.175465,1.392089,2.670564,32.537050719358724,-10.258075488734589,0.0638545801608766,-0.27897,0.085975,-0.025577,-0.956102,0.983908,0.00094,0.178671,-0.096878,0.843043,0.529049,0.173324,1.107284,2.966168,-24.247106156014286,-13.905781702582274,-0.4102486108648256,-0.208051,-0.119099,-0.028898,0.97041,0.969961,-0.006528,0.243174,0.105643,0.911759,-0.396907,0.007066,1.006983,2.706832,-4.38059647284553,-38.23208535432385,21.123700380023045,-0.095482,-0.31508,0.160759,0.930465,0.749763,0.35933,0.555642,-0.238992,0.93008,-0.278989,F,BuildTutorial
34.558,0.173661,1.392335,2.669944,32.48952626947893,-10.873620500380738,0.6688526033827733,-0.277947,0.092589,-0.032083,-0.955585,0.980796,0.009846,0.194787,-0.112785,0.843432,0.525264,0.170727,1.106726,2.97468,-23.67425248201788,-13.67521762707881,-0.5205365383804993,-0.20314,-0.117448,-0.028836,0.971653,0.970749,-0.00832,0.239952,0.103753,0.915805,-0.38799,0.007856,1.006767,2.7063,-4.337923406927497,-38.35346589319239,21.090512448308363,-0.095216,-0.316162,0.160511,0.930168,0.748556,0.358811,0.557601,-0.238396,0.93034,-0.278629,F,BuildTutorial
34.591,0.171901,1.392612,2.66923,32.37561340750506,-11.539700784366442,1.051079562781826,-0.276477,0.099087,-0.03679,-0.95519,0.977656,0.015493,0.209638,-0.125074,0.844414,0.520885,0.166759,1.105493,2.982567,-23.45390929387061,-14.639689542901449,0.6082828166817672,-0.202251,-0.123677,-0.02074,0.971272,0.968548,0.00974,0.248638,0.090316,0.917329,-0.387752,0.00847,1.006918,2.706033,-4.419232881651433,-38.43735333602904,21.00511044822303,-0.095754,-0.316783,0.159514,0.930073,0.748408,0.357386,0.558714,-0.236053,0.930773,-0.27918,F,BuildTutorial
34.624,0.170155,1.393041,2.668535,32.213831814614494,-12.212885794913015,1.2841259622120853,-0.274694,0.105285,-0.040215,-0.954904,0.974595,0.018961,0.223169,-0.134646,0.845852,0.516145,0.163419,1.102712,2.99082,-22.036524947771987,-15.1098555693837,-0.3232726472064458,-0.189098,-0.129587,-0.027873,0.972971,0.96486,-0.005229,0.262711,0.103248,0.92693,-0.360751,0.009536,1.007064,2.705645,-4.479363239446101,-38.45969216720597,21.03307546392442,-0.096348,-0.316844,0.159549,0.929985,0.748309,0.35781,0.558575,-0.235701,0.930523,-0.280308,F,BuildTutorial
34.657,0.168549,1.393565,2.667906,32.02780461298165,-12.90469448103289,1.349623821201131,-0.272832,0.111237,-0.042248,-0.954675,0.971683,0.019967,0.235444,-0.141364,0.847556,0.511533,0.16132,1.0996,2.998564,-21.20337829236996,-14.843422173041173,0.937861488407664,-0.183472,-0.125469,-0.015787,0.974857,0.968016,0.01526,0.250422,0.07682,0.932178,-0.353756,0.010787,1.006961,2.704901,-4.530797118481101,-38.63572412390821,21.15120813146479,-0.097336,-0.318089,0.16021,0.929343,0.746304,0.359702,0.560039,-0.235856,0.929717,-0.282839,F,BuildTutorial
34.691,0.167118,1.394177,2.667351,31.803229541784415,-13.514248866923973,1.3018145885686083,-0.27078,0.116242,-0.043085,-0.954625,0.969263,0.019308,0.245268,-0.145212,0.849644,0.506971,0.157864,1.097648,3.004299,-21.379094916130914,-16.022544694984145,3.836130610030369,-0.188158,-0.130725,0.006732,0.973377,0.965732,0.062299,0.251955,0.036089,0.929102,-0.368058,0.011239,1.006959,2.704364,-4.573131020377467,-38.86826490853645,21.252169925354092,-0.098284,-0.319819,0.160707,0.928563,0.743778,0.361319,0.562355,-0.235586,0.929027,-0.28532,F,BuildTutorial
34.724,0.165988,1.394797,2.666874,31.555533245277346,-14.002867411462615,1.2907200916548516,-0.268541,0.120334,-0.0439,-0.954714,0.967185,0.019194,0.253348,-0.148453,0.851917,0.502194,0.155995,1.095307,3.009875,-20.812829736250237,-16.203756331306888,3.639463317827376,-0.183138,-0.132867,0.005477,0.974052,0.964633,0.059335,0.256833,0.037996,0.932861,-0.358227,0.011693,1.006577,2.703544,-4.567501883809291,-39.195122470398616,21.458800825585605,-0.099278,-0.322297,0.162115,0.927355,0.739686,0.36467,0.56558,-0.236682,0.927726,-0.288629,F,BuildTutorial
34.757,0.165061,1.395293,2.666438,31.377669574707888,-14.371733498662811,1.3506089058660222,-0.266851,0.123582,-0.045081,-0.954718,0.96539,0.020124,0.260033,-0.152036,0.853516,0.498393,0.154319,1.092973,3.015027,-20.43365735524098,-16.280542172191165,4.940785551388958,-0.18143,-0.131654,0.0169,0.974405,0.964763,0.080707,0.250436,0.014837,0.933596,-0.358021,0.011608,1.006158,2.702763,-4.5091571547454095,-39.59393285181597,21.51913519509289,-0.099544,-0.325566,0.162429,0.926129,0.735247,0.365678,0.570695,-0.236045,0.927415,-0.290145,F,BuildTutorial
34.79,0.164364,1.395727,2.66609,31.236390782811135,-14.688614714023908,1.3699495439335694,-0.265526,0.126295,-0.045832,-0.954696,0.963898,0.020443,0.265486,-0.154581,0.85479,0.495417,0.152819,1.091131,3.019107,-19.88752593542969,-16.534849091835333,4.822188184397904,-0.176694,-0.134319,0.016198,0.974923,0.963392,0.07905,0.256178,0.015884,0.937034,-0.348878,0.011626,1.005479,2.701814,-4.403958058408172,-40.00361578911177,21.71124470583599,-0.099831,-0.328881,0.163937,0.92466,0.729924,0.368837,0.575475,-0.237506,0.926317,-0.292451,F,BuildTutorial
34.824,0.163874,1.39621,2.666046,31.05926666706468,-14.879775696883287,1.426588891238043,-0.263909,0.128054,-0.046559,-0.954875,0.962869,0.021327,0.269125,-0.156505,0.856369,0.492075,0.152569,1.090288,3.022197,-19.75634488028468,-16.106706942481505,4.701430440315345,-0.17538,-0.130935,0.015996,0.975624,0.9652,0.077139,0.249876,0.014715,0.937972,-0.346399,0.011622,1.004872,2.700975,-4.32957697245135,-40.28414339703044,21.713127740893142,-0.099641,-0.331265,0.163931,0.92383,0.72678,0.368903,0.579397,-0.236874,0.926397,-0.292711,F,BuildTutorial
34.857,0.163553,1.396652,2.666097,30.904367987023495,-15.0304511971829,1.49005122319561,-0.262484,0.129486,-0.047269,-0.95504,0.961998,0.022312,0.272143,-0.158264,0.857736,0.489124,0.150872,1.089435,3.024905,-19.46140540146846,-16.419736945468856,5.070166114483117,-0.173347,-0.133208,0.019036,0.975625,0.963787,0.083327,0.253322,0.009038,0.939177,-0.343316,0.010346,1.005,2.701021,-4.28208242607072,-40.48805346421466,21.72690708701388,-0.099592,-0.332975,0.164008,0.923207,0.724459,0.369149,0.582142,-0.236502,0.926366,-0.293109,F,BuildTutorial
34.891,0.163347,1.39685,2.66626,30.804745258202825,-15.156096258436715,1.5365711379837943,-0.261548,0.130659,-0.047837,-0.955109,0.96128,0.023033,0.27461,-0.159727,0.858609,0.487112,0.149752,1.088089,3.027242,-18.789502909963733,-16.52457518392772,4.254801443730437,-0.166693,-0.135683,0.012802,0.976545,0.962853,0.070238,0.260733,0.020232,0.944099,-0.32904,0.009274,1.004972,2.701023,-4.231786590801955,-40.72426357405956,21.736462144368236,-0.099555,-0.334952,0.164032,0.922491,0.721801,0.369329,0.58532,-0.235944,0.926365,-0.293563,F,BuildTutorial
34.923,0.163274,1.396872,2.666356,30.786581930467054,-15.227982852336677,1.5516463984736049,-0.261349,0.131296,-0.048107,-0.955062,0.960894,0.023262,0.275938,-0.160518,0.858765,0.486577,0.149733,1.087426,3.028755,-18.681936195788843,-16.162241952346566,4.92051736939828,-0.166504,-0.131685,0.019141,0.977021,0.964585,0.081254,0.250945,0.006451,0.94382,-0.330397,0.008464,1.00501,2.701,-4.239297763690565,-40.85254388069136,21.651636025042027,-0.09955,-0.336046,0.163215,0.922239,0.720868,0.367953,0.587333,-0.23414,0.926901,-0.293314,F,BuildTutorial
34.957,0.163218,1.39688,2.666561,30.759801017385875,-15.297109647242277,1.574743002065305,-0.26107,0.13193,-0.048428,-0.955035,0.960499,0.023616,0.277282,-0.161387,0.858994,0.485884,0.149033,1.087343,3.028928,-18.6399661711879,-16.333936464943978,5.0648836470027705,-0.166343,-0.132963,0.020176,0.976854,0.963828,0.083653,0.253058,0.004817,0.943846,-0.330351,0.0076,1.005236,2.701284,-4.2902230185087715,-40.86578151322147,21.57543896179849,-0.099753,-0.336135,0.162435,0.922322,0.721256,0.366695,0.587643,-0.232573,0.927329,-0.293209,F,BuildTutorial
34.99,0.163229,1.396837,2.666771,30.779926968182632,-15.335582648904143,1.5805482992387798,-0.261215,0.13226,-0.048586,-0.954942,0.960294,0.023696,0.277983,-0.161889,0.858813,0.486038,0.148594,1.087809,3.028765,-18.75944850161372,-16.464325262457873,4.54306025342394,-0.16677,-0.134766,0.015385,0.976621,0.963203,0.075,0.258099,0.0149,0.943902,-0.329889,0.006687,1.005497,2.70132,-4.340289217937772,-41.00138981670063,21.542523947028737,-0.100249,-0.337173,0.161899,0.921984,0.720207,0.366138,0.589275,-0.230933,0.927478,-0.294031,F,BuildTutorial
35.024,0.163315,1.396811,2.666977,30.81083032824878,-15.367528855987116,1.549398334694086,-0.261495,0.132449,-0.048433,-0.954846,0.960223,0.023222,0.278268,-0.161762,0.858549,0.486546,0.148116,1.088288,3.028439,-18.99054613665828,-16.584476310140477,4.771214254933888,-0.169021,-0.135328,0.016854,0.976132,0.962805,0.078649,0.258498,0.012844,0.942296,-0.334535,0.00614,1.005705,2.701236,-4.342319153138193,-41.11611671331569,21.49500108769747,-0.100287,-0.338134,0.16141,0.921713,0.719225,0.365368,0.59095,-0.229726,0.927779,-0.294028,F,BuildTutorial
35.057,0.163447,1.396837,2.667289,30.79946519586033,-15.389127676939632,1.449326808161406,-0.261507,0.132403,-0.047636,-0.95489,0.9604,0.021725,0.277775,-0.160223,0.85869,0.486807,0.147865,1.088618,3.02839,-18.887244360782315,-16.654506733111038,4.265121722551834,-0.167551,-0.136724,0.012574,0.976256,0.962297,0.070367,0.262741,0.021266,0.943537,-0.330583,0.005569,1.00578,2.701632,-4.342648923657987,-41.12433062631207,21.501364224700932,-0.10032,-0.338194,0.161453,0.92168,0.719116,0.365471,0.591019,-0.229761,0.927738,-0.294131,F,BuildTutorial
35.09,0.163802,1.39694,2.667518,30.78383042047841,-15.334944073379132,1.3390258568480011,-0.261526,0.131703,-0.046576,-0.955034,0.96097,0.020075,0.275923,-0.15785,0.85887,0.487264,0.147874,1.089266,3.028384,-19.022344241897997,-16.565888015059695,4.4498917607236965,-0.168909,-0.135626,0.014103,0.976154,0.962813,0.073351,0.26002,0.018283,0.942542,-0.333589,0.005503,1.005983,2.701669,-4.417014475200865,-41.157649859150666,21.484510578639213,-0.100912,-0.338355,0.16106,0.921625,0.719151,0.365161,0.591167,-0.228585,0.927753,-0.294997,F,BuildTutorial
35.124,0.164137,1.397092,2.667934,30.728438170244893,-15.203601892894149,1.284682148736488,-0.261179,0.130496,-0.045763,-0.955334,0.961753,0.019273,0.273238,-0.155603,0.859383,0.487082,0.147829,1.089761,3.029019,-18.9584462964649,-16.541927490203253,4.323371719069252,-0.168213,-0.135642,0.013143,0.976285,0.962857,0.071297,0.260429,0.01997,0.943063,-0.332013,0.005463,1.006086,2.702158,-4.479667097121744,-41.09240415543138,21.455513534638083,-0.101236,-0.337753,0.160692,0.921874,0.720202,0.364662,0.590196,-0.227891,0.927859,-0.295202,F,BuildTutorial
35.157,0.164417,1.397301,2.668353,30.647217165922225,-15.03225230934938,1.2678889884113018,-0.260588,0.129046,-0.045145,-0.955721,0.962618,0.019037,0.270192,-0.153548,0.860111,0.486448,0.148028,1.090781,3.029001,-19.307035503267603,-16.526918798623125,4.203201082150821,-0.171033,-0.135509,0.011692,0.975832,0.963001,0.069172,0.260469,0.023534,0.941222,-0.336967,0.005544,1.006082,2.702623,-4.46070330594839,-41.01242877230658,21.448342373359058,-0.100951,-0.337147,0.160763,0.922115,0.720975,0.364554,0.589318,-0.228413,0.927929,-0.294578,F,BuildTutorial
35.19,0.164697,1.397554,2.668794,30.556086815108205,-14.880956587843452,1.220801525058218,-0.259939,0.127696,-0.044311,-0.956118,0.963461,0.018347,0.26722,-0.151119,0.860936,0.485749,0.147863,1.092082,3.028955,-19.70485023893322,-16.585853603706234,4.3660017703747425,-0.174612,-0.135554,0.012475,0.975182,0.962939,0.07167,0.260022,0.023008,0.93871,-0.34394,0.005415,1.006387,2.703355,-4.5035001783684425,-40.95862392326687,21.44491627032878,-0.101208,-0.336647,0.160652,0.922289,0.721721,0.364477,0.588453,-0.228192,0.927896,-0.294851,F,BuildTutorial
35.224,0.16489,1.397871,2.669282,30.46028219951287,-14.763456141417256,1.1539343674189115,-0.259258,0.126584,-0.043385,-0.956493,0.964189,0.017359,0.264648,-0.14863,0.861806,0.484974,0.147565,1.093335,3.028903,-19.74567440526409,-17.134135409506733,4.6531889213049125,-0.175367,-0.139757,0.014027,0.974432,0.960543,0.076354,0.267447,0.021681,0.938099,-0.345688,0.005834,1.0066,2.703957,-4.520353343454902,-40.80098173892699,21.42035823671487,-0.10105,-0.335372,0.160542,0.92279,0.723504,0.364071,0.586511,-0.228514,0.928031,-0.294178,F,BuildTutorial
35.257,0.165068,1.397985,2.669552,30.412493147426115,-14.684706082498128,1.1664478633766318,-0.258875,0.125965,-0.043261,-0.956685,0.964523,0.017557,0.263416,-0.147993,0.862225,0.484424,0.148221,1.09515,3.028777,-19.841904072266093,-16.862662678072915,4.213889920058976,-0.175622,-0.138068,0.010579,0.97467,0.961651,0.069117,0.265426,0.027874,0.93809,-0.345268,0.006427,1.006958,2.704388,-4.60245187234132,-40.65504364039011,21.47345124573825,-0.101658,-0.334015,0.160849,0.923162,0.725123,0.36489,0.583997,-0.229068,0.927587,-0.295146,F,BuildTutorial
35.291,0.165183,1.397951,2.669877,30.444711914628513,-14.606640036376389,1.1467620986884646,-0.259195,0.125262,-0.042954,-0.956704,0.964929,0.017254,0.261945,-0.147124,0.861946,0.485185,0.149284,1.097507,3.028144,-20.223965609875425,-16.289863402947432,4.2277883654084905,-0.178828,-0.132971,0.011089,0.97479,0.964391,0.069177,0.255272,0.025939,0.935795,-0.351589,0.006083,1.007712,2.705415,-4.763863521929523,-40.52111772440279,21.349669857136533,-0.102404,-0.332781,0.159481,0.923762,0.727646,0.362801,0.582157,-0.22649,0.928158,-0.295338,F,BuildTutorial
35.324,0.165281,1.397953,2.670291,30.47065744810101,-14.603140410414712,1.1249291040215477,-0.259437,0.125178,-0.042791,-0.956657,0.964999,0.016921,0.261708,-0.146824,0.861723,0.48567,0.149465,1.100385,3.025348,-20.96059816523057,-16.6070073262162,4.553523684309142,-0.18549,-0.134745,0.012406,0.973285,0.96338,0.074136,0.257689,0.025839,0.93088,-0.364412,0.005842,1.008119,2.706392,-4.786543497654943,-40.376257291684645,21.343744295884303,-0.102367,-0.331581,0.159494,0.924195,0.729231,0.362693,0.580238,-0.226921,0.928165,-0.294985,F,BuildTutorial
35.358,0.165381,1.397922,2.670632,30.495068314783826,-14.618902653357472,1.057213364747953,-0.259709,0.125151,-0.042287,-0.956609,0.965098,0.015899,0.261405,-0.14591,0.861527,0.486294,0.150265,1.103174,3.020226,-21.582985924420857,-16.70322501997665,4.232327475017188,-0.190392,-0.135741,0.008711,0.972239,0.962997,0.068626,0.260629,0.03475,0.92735,-0.372578,0.005706,1.008175,2.706895,-4.739793562269467,-40.36634936548526,21.387496982390996,-0.102105,-0.331539,0.159997,0.924153,0.728966,0.363426,0.580112,-0.22802,0.927952,-0.294811,F,BuildTutorial
35.39,0.165487,1.397884,2.670917,30.59705976329893,-14.585524125864238,0.948883184563316,-0.260691,0.124604,-0.041414,-0.956451,0.965517,0.014255,0.259948,-0.144188,0.86065,0.488356,0.151872,1.10575,3.01281,-22.4271272982718,-16.721343032444203,3.727658126274689,-0.196937,-0.136295,0.003303,0.970891,0.962826,0.060096,0.263354,0.04727,0.92241,-0.383309,0.005593,1.008148,2.707352,-4.717363357385321,-40.342652296811806,21.32492858408279,-0.101711,-0.33144,0.159581,0.924303,0.729362,0.362425,0.58024,-0.22758,0.928377,-0.293807,F,BuildTutorial
35.425,0.16565,1.397865,2.671253,30.60779271601115,-14.575184645802926,0.8073026346866269,-0.260938,0.124193,-0.04022,-0.956488,0.965917,0.012126,0.258568,-0.141753,0.860588,0.489178,0.15332,1.106564,3.003466,-22.968421824147605,-17.209474652519138,3.3276873228621224,-0.201031,-0.140844,-0.001642,0.969405,0.960321,0.053444,0.273729,0.059812,0.919168,-0.389299,0.005894,1.007647,2.7076,-4.664338215006902,-40.22244407993019,21.23754408335565,-0.100866,-0.330634,0.159142,0.92476,0.73071,0.361036,0.579411,-0.227637,0.929,-0.291788,F,BuildTutorial
35.457,0.165786,1.397861,2.671719,30.572143736845906,-14.540054454097278,0.667080434798659,-0.260804,0.123589,-0.038932,-0.956656,0.96642,0.010024,0.256771,-0.138954,0.860931,0.489377,0.155899,1.105515,2.992853,-23.00779379824828,-17.389283301586975,2.1023287179915178,-0.199827,-0.14449,-0.012373,0.96904,0.957939,0.033767,0.284978,0.081725,0.919832,-0.383705,0.006025,1.006986,2.70771,-4.522813096561629,-40.236684378022474,21.30331597677311,-0.09994,-0.330922,0.160086,0.924595,0.729727,0.362174,0.579939,-0.229885,0.928769,-0.29076,F,BuildTutorial
35.49,0.166018,1.397882,2.671978,30.603198625005284,-14.442198975844155,0.5751247135170335,-0.261195,0.122555,-0.037974,-0.956721,0.967077,0.00864,0.254339,-0.136683,0.86067,0.490474,0.160203,1.102908,2.982188,-22.402692278070138,-16.951237639163327,0.3169056615605456,-0.192535,-0.144049,-0.025948,0.970313,0.957153,0.005114,0.289536,0.105823,0.924514,-0.366162,0.006765,1.006354,2.707484,-4.416784044197864,-40.12994499171059,21.254875646905493,-0.0988,-0.330275,0.160106,0.924945,0.730569,0.361441,0.579336,-0.230917,0.929209,-0.288527,F,BuildTutorial
35.523,0.166261,1.397935,2.672351,30.562429678654155,-14.357784112361989,0.5425332693368333,-0.260917,0.121786,-0.037467,-0.956915,0.967529,0.008154,0.25263,-0.135258,0.861037,0.490224,0.164913,1.098771,2.971182,-21.85126386694203,-16.347167573452065,-0.5999862770953844,-0.186876,-0.140576,-0.032035,0.971746,0.958425,-0.009718,0.285181,0.114799,0.928102,-0.354185,0.007276,1.005893,2.707637,-4.386229561649642,-39.94942740363051,21.211947444858577,-0.098179,-0.328904,0.160006,0.925517,0.73244,0.360759,0.577395,-0.231593,0.929518,-0.286986,F,BuildTutorial
35.557,0.166592,1.39791,2.672846,30.53381421359824,-14.263498141553224,0.5395717022252795,-0.260712,0.120999,-0.037198,-0.957082,0.967951,0.008112,0.251008,-0.134295,0.861291,0.490043,0.169461,1.093771,2.95961,-21.10717036972617,-16.18259473530076,-1.4421570289873793,-0.179576,-0.140641,-0.038026,0.972896,0.957548,-0.02348,0.287316,0.124503,0.932613,-0.338721,0.007196,1.005701,2.708449,-4.267959533458175,-39.76601346235628,21.078765740286663,-0.096591,-0.327726,0.159438,0.926199,0.73435,0.358654,0.576279,-0.232032,0.930499,-0.28343,F,BuildTutorial
35.59,0.167116,1.397787,2.673173,30.589478516996113,-14.134071906146367,0.4380956406611369,-0.261325,0.119673,-0.036113,-0.957123,0.968748,0.006583,0.247958,-0.131677,0.860811,0.491596,0.17351,1.088532,2.948649,-20.43196440179705,-16.160063879377756,-2.1665907598155973,-0.172952,-0.141623,-0.043346,0.973731,0.956128,-0.035427,0.290799,0.133403,0.936418,-0.32454,0.007968,1.005401,2.709204,-4.176488589622537,-39.457385194656304,20.99886579184517,-0.095198,-0.325444,0.159321,0.927168,0.737406,0.357398,0.573148,-0.233471,0.931108,-0.280229,F,BuildTutorial
35.623,0.167868,1.397476,2.673565,30.66735771965605,-14.017800671353667,0.3522338625108372,-0.262101,0.118486,-0.03521,-0.957092,0.969443,0.005289,0.24526,-0.129509,0.860127,0.493365,0.178306,1.083354,2.938275,-19.530252562901065,-15.559295759010295,-2.660734831337273,-0.164906,-0.137268,-0.045623,0.975644,0.958152,-0.043751,0.282897,0.134296,0.941449,-0.309254,0.008873,1.005575,2.710314,-4.20376022498403,-39.05041387833828,20.92080025364354,-0.094632,-0.32217,0.158946,0.928433,0.741886,0.356116,0.568143,-0.234166,0.931562,-0.278134,F,BuildTutorial
35.657,0.168894,1.397108,2.673815,30.84089014738558,-13.860370774983256,0.2079476727967887,-0.263746,0.116795,-0.03382,-0.956898,0.97043,0.003117,0.241362,-0.126334,0.858588,0.496856,0.183179,1.078225,2.928184,-18.655869166931843,-14.860355609076166,-3.2826022988822285,-0.157003,-0.132159,-0.048978,0.977489,0.96027,-0.054253,0.273748,0.13725,0.945902,-0.293992,0.009818,1.006077,2.711822,-4.340513834137821,-38.51504841436818,20.74806391206392,-0.094514,-0.317753,0.15759,0.930197,0.748397,0.353244,0.561356,-0.233115,0.932465,-0.275983,F,BuildTutorial
35.69,0.170241,1.396619,2.673965,31.04982061437396,-13.63198944024904,-0.0293326597531727,-0.265795,0.114283,-0.031521,-0.956713,0.971892,-0.000438,0.235428,-0.121065,0.856719,0.501374,0.187043,1.073181,2.918343,-17.553494816236793,-14.856531374832118,-3.5879931679747528,-0.14723,-0.132445,-0.050397,0.978898,0.959837,-0.059667,0.27414,0.137667,0.951567,-0.274896,0.010952,1.006535,2.713661,-4.42039362336515,-37.93279044235531,20.674284423266027,-0.094157,-0.312956,0.157241,0.931917,0.754668,0.352004,0.553687,-0.234137,0.93282,-0.273911,F,BuildTutorial
35.724,0.171799,1.396208,2.674076,31.25362806018094,-13.310147266576315,-0.2599358376024407,-0.267808,0.111001,-0.029048,-0.956616,0.97367,-0.003878,0.227929,-0.11503,0.85487,0.50593,0.191584,1.068565,2.909784,-16.476761215570285,-14.455025702011284,-4.395442467338185,-0.137274,-0.129871,-0.055665,0.980403,0.96007,-0.073493,0.269934,0.144804,0.956114,-0.25471,0.012657,1.006895,2.715482,-4.521817402613143,-37.31530893180181,20.5076477370201,-0.093683,-0.307905,0.156104,0.933836,0.761652,0.349241,0.545818,-0.233859,0.93371,-0.271099,F,BuildTutorial
35.757,0.173494,1.395922,2.674213,31.369424160010112,-12.920795752814264,-0.4883394409986564,-0.269086,0.107181,-0.026341,-0.956771,0.975637,-0.007277,0.21927,-0.108085,0.853798,0.50926,0.195417,1.064147,2.902719,-15.746225687951164,-14.239343055919043,-4.185925626043231,-0.131349,-0.127656,-0.052864,0.98166,0.961819,-0.070254,0.264518,0.137324,0.959906,-0.244383,0.014827,1.0071,2.717192,-4.603373691769356,-36.691600607578664,20.466914646526913,-0.093387,-0.302722,0.156054,0.935567,0.768014,0.348539,0.537286,-0.235457,0.933852,-0.269222,F,BuildTutorial
35.79,0.175468,1.39552,2.674166,31.49446107197227,-12.483170423272698,-0.6306809167111271,-0.270357,0.103154,-0.02424,-0.956911,0.977544,-0.009386,0.210525,-0.102167,0.85264,0.512414,0.199597,1.059557,2.896812,-14.643613320620144,-13.556734930918298,-4.726056388894934,-0.121617,-0.122185,-0.055638,0.983456,0.963951,-0.079716,0.253859,0.139154,0.964228,-0.225613,0.016648,1.007851,2.719165,-4.7411554310494415,-36.121978539324566,20.332102960327912,-0.093381,-0.29796,0.155039,0.937264,0.774366,0.346272,0.529579,-0.234977,0.934486,-0.267436,F,BuildTutorial
35.823,0.177727,1.395069,2.673841,31.64774317978352,-11.968781248324028,-0.7502216352592221,-0.271846,0.098529,-0.022164,-0.957027,0.979602,-0.011147,0.200639,-0.095992,0.851217,0.51596,0.203485,1.055323,2.892402,-13.765871459153365,-12.855669774677372,-5.242635003842147,-0.11388,-0.116475,-0.058522,0.984906,0.966018,-0.088749,0.242762,0.141805,0.967213,-0.21069,0.019548,1.008226,2.720524,-4.834842201229983,-35.51197897936236,20.502278228318193,-0.093753,-0.29268,0.156677,0.938617,0.779581,0.348999,0.520051,-0.239241,0.933325,-0.267709,F,BuildTutorial
35.857,0.180164,1.394782,2.673392,31.77468515433228,-11.346185748792353,-0.8664579216572502,-0.273117,0.093014,-0.019823,-0.957268,0.981911,-0.012856,0.188907,-0.088759,0.850028,0.519205,0.206487,1.051802,2.888782,-13.3773291052811,-12.509671724359425,-4.780719596726117,-0.111167,-0.112944,-0.053856,0.985893,0.968686,-0.081082,0.234676,0.131304,0.969483,-0.207031,0.022392,1.008763,2.722217,-4.946038173756889,-34.78837147975004,20.48550677888585,-0.093628,-0.286584,0.156836,0.940482,0.786544,0.348667,0.509686,-0.241338,0.933273,-0.266004,F,BuildTutorial
35.89,0.182782,1.394693,2.672807,31.83878912800959,-10.700854962174953,-0.9109655870943326,-0.273794,0.087497,-0.017964,-0.957632,0.984043,-0.013506,0.177417,-0.082319,0.849429,0.521244,0.20931,1.048411,2.885961,-12.98373845129009,-12.07515219103574,-4.363620447586627,-0.108375,-0.108711,-0.0495,0.986908,0.971463,-0.074141,0.225305,0.121267,0.971609,-0.203149,0.024455,1.009573,2.724352,-5.075319276948953,-34.05207204529117,20.37422878033794,-0.093404,-0.28042,0.156186,0.942468,0.793942,0.346784,0.499397,-0.242015,0.933764,-0.263655,F,BuildTutorial
35.924,0.185154,1.394814,2.672268,31.82927899925769,-10.06828515528338,-0.964921555053848,-0.273848,0.082083,-0.015994,-0.95813,0.986013,-0.014309,0.166051,-0.075604,0.849503,0.522139,0.211746,1.044779,2.883742,-12.06466798078208,-11.701850991742509,-4.806917685029271,-0.100199,-0.105671,-0.05219,0.987963,0.97222,-0.081948,0.219256,0.124301,0.974473,-0.186955,0.027298,1.010006,2.725922,-5.114274452448818,-33.296345600492515,20.391177582224117,-0.092732,-0.274123,0.15684,0.944277,0.800515,0.34704,0.488608,-0.24536,0.933604,-0.261116,F,BuildTutorial
35.957,0.187406,1.394996,2.671603,31.755573865126355,-9.509195562265957,-1.01906379297958,-0.273343,0.077298,-0.014152,-0.958701,0.987649,-0.015122,0.155948,-0.069393,0.850167,0.521921,0.213824,1.042525,2.881506,-11.76735895159306,-11.24638905327351,-4.940573723557628,-0.09772,-0.101776,-0.052703,0.988592,0.973728,-0.084313,0.21153,0.124095,0.975347,-0.182482,0.029983,1.010589,2.727245,-5.193629420515352,-32.555827301343044,20.372547155613372,-0.092325,-0.267904,0.157086,0.946059,0.807103,0.346694,0.4779,-0.247757,0.9336,-0.258858,F,BuildTutorial
35.99,0.189522,1.395116,2.67082,31.658171829430835,-9.01502832522147,-1.0760203970941062,-0.272623,0.073053,-0.01243,-0.959263,0.989018,-0.015984,0.146932,-0.063679,0.851045,0.521218,0.215424,1.041595,2.879235,-12.110037971910558,-10.893081361201338,-4.388865483278408,-0.101316,-0.098339,-0.04791,0.988822,0.976068,-0.074821,0.204188,0.114675,0.974879,-0.190945,0.032932,1.01084,2.727614,-5.2414821527862765,-32.062923431261936,20.33903034626576,-0.091965,-0.263783,0.157088,0.947251,0.811484,0.346121,0.470844,-0.249086,0.933732,-0.257102,F,BuildTutorial
36.023,0.19147,1.395108,2.669879,31.655368435238262,-8.604848355412287,-1.1330155398102992,-0.272677,0.069484,-0.010975,-0.959531,0.990103,-0.016831,0.13933,-0.058956,0.851054,0.521759,0.216173,1.04107,2.877322,-12.047462535363769,-10.811369248138242,-4.64880255321601,-0.100588,-0.097847,-0.050032,0.98884,0.975846,-0.079262,0.203574,0.118631,0.974758,-0.18914,0.034843,1.010939,2.728323,-5.208979843450204,-31.61445182161225,20.39597019988351,-0.091211,-0.26008,0.157996,0.948196,0.814791,0.347068,0.464391,-0.252179,0.933435,-0.255155,F,BuildTutorial
36.056,0.193344,1.395019,2.668754,31.683290770799687,-8.247651815520983,-1.2012543183417672,-0.272983,0.066323,-0.009571,-0.959682,0.991019,-0.01784,0.132524,-0.054581,0.850777,0.522685,0.216717,1.040616,2.875534,-11.915228370922796,-10.556921905454242,-4.980965539175136,-0.099279,-0.095904,-0.052575,0.989031,0.976077,-0.084953,0.200143,0.123038,0.974759,-0.186295,0.036559,1.010976,2.728637,-5.171252288895517,-31.2113049908583,20.40821392068479,-0.090371,-0.256793,0.158507,0.949087,0.817865,0.347288,0.458789,-0.254461,0.933417,-0.252947,F,BuildTutorial
36.089,0.195267,1.394943,2.667515,31.698409071347537,-7.916827958798375,-1.2878097383693154,-0.273184,0.063342,-0.008067,-0.95984,0.991846,-0.019121,0.126004,-0.050095,0.850611,0.523404,0.217469,1.041175,2.873432,-12.265909564238209,-10.329314422051372,-4.865735297054238,-0.102507,-0.093939,-0.051643,0.988939,0.977017,-0.082884,0.196388,0.121402,0.973651,-0.193043,0.038574,1.010765,2.728404,-5.156463946637249,-30.856159618534267,20.331364504775333,-0.089587,-0.253934,0.158184,0.949984,0.820991,0.346043,0.454124,-0.255046,0.933904,-0.250549,F,BuildTutorial
36.125,0.197078,1.39484,2.666218,31.73362906740553,-7.593672413671544,-1.3452399370490624,-0.273531,0.060489,-0.006836,-0.959935,0.992589,-0.019967,0.119872,-0.046216,0.850269,0.524316,0.217525,1.042107,2.87166,-12.681820229769231,-10.435795729810277,-4.60277294294568,-0.106268,-0.094731,-0.049781,0.988562,0.977096,-0.078289,0.197875,0.118557,0.972458,-0.200673,0.040271,1.010673,2.728161,-5.124676785966361,-30.52297854065656,20.380577790198497,-0.088972,-0.251183,0.158926,0.950649,0.823299,0.346863,0.449294,-0.25747,0.933653,-0.249002,F,BuildTutorial
36.157,0.1988,1.394904,2.664764,31.738753196947595,-7.2747666291423885,-1.3950845154774243,-0.273617,0.057697,-0.00566,-0.96009,0.993278,-0.020706,0.113885,-0.042441,0.850203,0.524741,0.217986,1.043824,2.869954,-13.108038429616656,-10.12983657820424,-5.104217256824279,-0.109676,-0.092683,-0.054131,0.988155,0.97696,-0.086649,0.195043,0.127309,0.970082,-0.206719,0.04152,1.01072,2.727941,-5.128861423282974,-30.18067020365619,20.3139145821878,-0.088387,-0.248387,0.158628,0.951488,0.826282,0.345773,0.444634,-0.257956,0.93405,-0.247001,F,BuildTutorial
36.19,0.200392,1.395038,2.663262,31.66572877103922,-6.968780266379123,-1.4547403366361678,-0.273048,0.055009,-0.00439,-0.960416,0.993909,-0.021607,0.108061,-0.038474,0.850851,0.523997,0.21859,1.045099,2.867628,-13.431585172476824,-9.931260257524976,-4.861362873484023,-0.112755,-0.090828,-0.052075,0.988092,0.978077,-0.082426,0.191236,0.123392,0.969149,-0.213366,0.04243,1.010908,2.727553,-5.1078617528116865,-29.90625356484124,20.32966363255851,-0.087867,-0.246129,0.159018,0.952058,0.828268,0.346042,0.440712,-0.259536,0.933985,-0.245586,F,BuildTutorial
36.225,0.201861,1.395278,2.661729,31.572484687516127,-6.718738115451017,-1.483426491334931,-0.272289,0.052868,-0.003505,-0.960756,0.994386,-0.022056,0.103494,-0.035525,0.851692,0.522836,0.218541,1.045963,2.865051,-13.732679829133984,-10.222497217136604,-4.4665804231280415,-0.115541,-0.093024,-0.049178,0.987714,0.977856,-0.075652,0.195127,0.118644,0.968464,-0.219094,0.04396,1.010631,2.726634,-5.123887344520647,-29.607664267270447,20.278411804443543,-0.087476,-0.243661,0.158784,0.952767,0.830834,0.345198,0.436524,-0.259939,0.934271,-0.244068,F,BuildTutorial
36.257,0.203191,1.395482,2.660136,31.498819518802424,-6.474541294501777,-1.509723968496362,-0.27169,0.050776,-0.002667,-0.961041,0.994829,-0.022465,0.099045,-0.032716,0.852355,0.521939,0.218208,1.046074,2.861992,-13.808749483945766,-10.803258345757008,-4.518254449576757,-0.115902,-0.098099,-0.050267,0.987126,0.9757,-0.0765,0.205323,0.121979,0.96808,-0.218957,0.045268,1.010412,2.725871,-5.107989837752251,-29.336651908089024,20.18512722972748,-0.086772,-0.241503,0.15825,0.95347,0.833267,0.343684,0.433068,-0.259861,0.934855,-0.241905,F,BuildTutorial
36.29,0.204426,1.395583,2.658473,31.42518608375912,-6.261615345287496,-1.497814501139509,-0.271072,0.049036,-0.002226,-0.961307,0.995181,-0.022304,0.095484,-0.030865,0.85303,0.520948,0.217658,1.046023,2.859021,-13.84266702791002,-11.514913231394884,-5.0312013085878355,-0.115412,-0.104753,-0.055429,0.986222,0.971909,-0.085152,0.219414,0.133511,0.967215,-0.216032,0.046655,1.010029,2.724873,-5.051676777454534,-29.16064121136988,20.175583077170856,-0.086042,-0.240134,0.158429,0.953852,0.834472,0.343558,0.430842,-0.260912,0.934994,-0.240231,F,BuildTutorial
36.323,0.20547,1.39549,2.656722,31.365009244267075,-6.065244840908737,-1.556553355268124,-0.270595,0.047264,-0.00124,-0.961532,0.995529,-0.023194,0.091562,-0.027964,0.853554,0.520254,0.218632,1.046015,2.855115,-14.306718611276848,-11.53392644780922,-4.586227022283896,-0.119807,-0.104578,-0.052002,0.985904,0.972719,-0.07748,0.218668,0.127597,0.965884,-0.225359,0.047952,1.010011,2.724292,-4.958907036841409,-28.89952714751039,20.14133317029269,-0.08484,-0.238131,0.158544,0.954442,0.836315,0.343048,0.427663,-0.262235,0.935332,-0.237459,F,BuildTutorial
36.356,0.206381,1.395163,2.654782,31.32850712600303,-5.889686523682165,-1.5211059960045912,-0.270276,0.045883,-0.001106,-0.961688,0.995787,-0.022675,0.088849,-0.02693,0.853899,0.519741,0.219345,1.045428,2.850889,-14.733797731391412,-11.83719879022626,-4.184138677301335,-0.123721,-0.106852,-0.049224,0.985319,0.972319,-0.070562,0.222747,0.123441,0.96454,-0.23329,0.04978,1.010305,2.723797,-5.11484477920322,-28.65095245999981,20.330791774441693,-0.08618,-0.235673,0.159965,0.954695,0.837738,0.346057,0.422421,-0.264816,0.933968,-0.23995,F,BuildTutorial
36.39,0.20727,1.394622,2.652525,31.392281522048936,-5.701248602379958,-1.4707211533190314,-0.270793,0.044406,-0.001113,-0.961612,0.996054,-0.021909,0.086006,-0.02619,0.85334,0.520696,0.22055,1.044534,2.846395,-14.93487309185528,-11.92161111195168,-4.576285942217266,-0.125046,-0.108046,-0.052858,0.984833,0.971064,-0.077091,0.226033,0.131133,0.963139,-0.234877,0.051464,1.011262,2.723665,-5.577572620696837,-28.403113624984233,20.106641010629385,-0.089219,-0.233047,0.157276,0.955507,0.841907,0.342141,0.417292,-0.258972,0.934608,-0.243805,F,BuildTutorial
36.423,0.208273,1.394003,2.649858,31.54483513518971,-5.483617673601475,-1.3679262846822478,-0.272036,0.04279,-0.001527,-0.961334,0.996333,-0.020344,0.083101,-0.026217,0.851989,0.522904,0.222087,1.043084,2.841475,-15.070187242197347,-11.975094106226155,-4.45731714695848,-0.126298,-0.108405,-0.05201,0.984679,0.971087,-0.075043,0.226626,0.129808,0.962688,-0.23745,0.053677,1.012121,2.72338,-5.965511794873357,-28.10164856934676,19.89224634476928,-0.091597,-0.230091,0.154884,0.956389,0.846138,0.338409,0.41174,-0.254107,0.935242,-0.246479,F,BuildTutorial
36.456,0.209399,1.393638,2.646963,31.675504599254744,-5.253838030081523,-1.2860753202035615,-0.273105,0.04103,-0.001722,-0.961107,0.996627,-0.019101,0.07981,-0.025722,0.850822,0.524825,0.223508,1.041652,2.835735,-15.42802041391814,-12.315974796033007,-3.5224008024912337,-0.130124,-0.110351,-0.044672,0.984325,0.971654,-0.059226,0.228868,0.116663,0.962144,-0.246309,0.056743,1.012913,2.722755,-6.232416753357917,-27.74653558274228,20.10133650020927,-0.093749,-0.226536,0.156343,0.956791,0.848477,0.341651,0.404181,-0.256701,0.933536,-0.250232,F,BuildTutorial
36.49,0.210648,1.393838,2.64408,31.60286420590755,-4.941964866780566,-1.3022236862914196,-0.272505,0.03839,-0.000815,-0.961388,0.997051,-0.019355,0.074259,-0.02249,0.851481,0.523903,0.225434,1.040338,2.829024,-15.813574501367263,-12.674728792988384,-2.772753087185206,-0.134036,-0.112609,-0.038998,0.983785,0.971597,-0.046544,0.23202,0.106919,0.961027,-0.254942,0.059941,1.01381,2.722403,-6.571680487342209,-27.196330987820453,19.97787466791937,-0.095581,-0.221503,0.155047,0.957999,0.853794,0.339412,0.39476,-0.254726,0.93365,-0.251819,F,BuildTutorial
36.523,0.21195,1.394478,2.641568,31.30865762840297,-4.585492432359775,-1.3688595472986882,-0.270058,0.035298,0.000699,-0.962197,0.997507,-0.02041,0.067549,-0.01772,0.854137,0.519747,0.227443,1.038239,2.821555,-15.638349408395351,-13.14214560570966,-2.4162366993753857,-0.132733,-0.116196,-0.036316,0.983647,0.970359,-0.040599,0.238233,0.102291,0.962126,-0.252684,0.063771,1.014299,2.722222,-6.989939222911565,-26.32388768351689,19.57715374684864,-0.097136,-0.21388,0.15156,0.96013,0.86257,0.332586,0.38126,-0.249484,0.935188,-0.251358,F,BuildTutorial
36.556,0.213467,1.395367,2.63916,30.876631244959043,-4.0749321965468415,-1.4840736372566563,-0.266454,0.030822,0.003012,-0.96335,0.998082,-0.022228,0.057779,-0.010622,0.857987,0.513562,0.229518,1.035026,2.814455,-14.716084785018335,-13.59315530617102,-2.772228313641425,-0.124293,-0.120412,-0.038974,0.984141,0.967964,-0.04678,0.246693,0.106645,0.966065,-0.235258,0.068334,1.01367,2.721879,-7.170920294219919,-25.31318612412833,19.1348178876302,-0.096515,-0.205495,0.14834,0.962524,0.871535,0.325228,0.366952,-0.245895,0.93736,-0.246763,F,BuildTutorial
36.59,0.215194,1.396267,2.637274,30.27907241773573,-3.404016394980205,-1.6117217292503887,-0.261433,0.024996,0.005814,-0.964881,0.998683,-0.024289,0.045196,-0.00185,0.863238,0.504794,0.232291,1.031301,2.807185,-13.856208632279891,-13.801315274879345,-2.697901708101209,-0.116909,-0.122057,-0.037689,0.984893,0.967364,-0.0457,0.249238,0.102778,0.969824,-0.221086,0.072504,1.011805,2.72243,-7.058885946814056,-24.18414557267176,18.68953067834721,-0.093347,-0.196537,0.145746,0.9651,0.880263,0.318012,0.352145,-0.244627,0.940089,-0.237468,F,BuildTutorial
36.623,0.217334,1.396667,2.635539,29.588936841061003,-2.560486603908183,-1.7642838961847975,-0.255591,0.017669,0.009177,-0.96658,0.999207,-0.026772,0.029466,0.008708,0.869178,0.494422,0.235266,1.027165,2.800018,-12.851468616527656,-14.051606779931856,-2.1453512910360657,-0.10878,-0.123606,-0.03215,0.985827,0.967376,-0.036497,0.250702,0.09028,0.974267,-0.206528,0.077899,1.008655,2.723125,-6.897935512039285,-22.87149442561306,17.926711956762286,-0.08908,-0.186306,0.140651,0.968283,0.891015,0.305572,0.335736,-0.239187,0.944564,-0.224918,F,BuildTutorial
36.656,0.220167,1.396248,2.633755,29.069976246557545,-1.489754083843903,-1.738309295866086,-0.251112,0.008776,0.01142,-0.967851,0.999585,-0.026513,0.011252,0.017698,0.873625,0.486278,0.239188,1.0229,2.792917,-11.566078832515462,-14.082103129170733,-2.086355238416167,-0.097765,-0.123757,-0.030326,0.987019,0.967529,-0.035666,0.25023,0.084063,0.979045,-0.185487,0.083934,1.004592,2.724323,-6.646304421517077,-21.552808178645268,16.904346225801962,-0.083763,-0.176265,0.133428,0.971654,0.902255,0.288822,0.320185,-0.229764,0.950361,-0.209815,F,BuildTutorial
36.69,0.223374,1.395433,2.631776,28.72945413241738,-0.4779221137265317,-1.671105493371424,-0.248124,0.000422,0.013092,-0.96864,0.999657,-0.025573,-0.005679,0.025154,0.876527,0.480696,0.24551,1.019814,2.786391,-10.774342222514516,-13.047369277466572,-2.3902336012082,-0.090898,-0.115033,-0.031295,0.988699,0.971576,-0.040969,0.233155,0.082794,0.981516,-0.172542,0.089759,0.999165,2.726498,-5.719624238750044,-20.4927320206282,16.530918602087404,-0.074127,-0.168756,0.132508,0.973893,0.907926,0.283116,0.309056,-0.233078,0.953894,-0.189107,F,BuildTutorial
36.723,0.226899,1.394656,2.629583,28.450186546012244,0.5215431442501266,-1.851337655478434,-0.245626,-0.008381,0.016778,-0.969183,0.999297,-0.028405,-0.024487,0.036639,0.878773,0.475832,0.252284,1.017071,2.77999,-10.448831996697844,-12.193971977256355,-1.8559445434661923,-0.088817,-0.107223,-0.025707,0.989926,0.975685,-0.03185,0.216852,0.069943,0.982901,-0.170332,0.095509,0.993642,2.729066,-4.5613064262064595,-19.738713306796267,16.46276530076996,-0.063322,-0.163889,0.13419,0.975256,0.910267,0.282495,0.302673,-0.240984,0.955967,-0.167494,F,BuildTutorial
36.756,0.230989,1.39478,2.627134,28.27364311727112,1.7009549831250772,-1.674260858948661,-0.243975,-0.01796,0.017791,-0.969452,0.998722,-0.025731,-0.043504,0.043259,0.880319,0.472406,0.259313,1.014079,2.774147,-10.161649597901697,-11.77940101823874,-0.8576624812013729,-0.087326,-0.102867,-0.016503,0.990717,0.978292,-0.014735,0.206706,0.050666,0.984204,-0.169636,0.102169,0.989275,2.731749,-3.598331236308606,-19.082206231494197,16.26777419736801,-0.054091,-0.159626,0.134309,0.976501,0.912961,0.279575,0.297221,-0.245038,0.958071,-0.148517,F,BuildTutorial
36.789,0.235504,1.396076,2.624815,27.957024057424512,2.7912613140937728,-1.312028547794921,-0.2412,-0.026398,0.01699,-0.969968,0.998029,-0.020224,-0.059407,0.045693,0.883068,0.467016,0.267496,1.011155,2.769221,-9.832963595257675,-10.825820769710312,-0.4568550710255978,-0.084946,-0.094325,-0.012039,0.991838,0.981916,-0.007857,0.189156,0.039907,0.985279,-0.166234,0.109838,0.986854,2.735118,-2.933191758401933,-17.85489035346212,15.746387798243427,-0.046296,-0.150207,0.131343,0.978797,0.920374,0.271023,0.281883,-0.243208,0.961212,-0.130085,F,BuildTutorial
36.823,0.240362,1.398265,2.62295,27.213164979998847,3.737596957707641,-1.037910908590549,-0.234832,-0.033824,0.01647,-0.971308,0.997169,-0.016109,-0.073442,0.047881,0.889166,0.455074,0.277142,1.008196,2.765572,-8.97037855020999,-9.369454198698026,-0.766159986465852,-0.077394,-0.081942,-0.01303,0.993542,0.986232,-0.013207,0.164842,0.038574,0.987681,-0.151652,0.118329,0.987011,2.738716,-2.667525979280544,-16.227065426385177,15.378435465449018,-0.041715,-0.136745,0.129169,0.981263,0.929233,0.264905,0.25759,-0.242088,0.963151,-0.117193,F,BuildTutorial
36.856,0.245508,1.401049,2.621612,26.31046518268157,4.5885302864423405,-0.926711982100316,-0.227085,-0.040819,0.016979,-0.972871,0.996091,-0.014498,-0.087135,0.051576,0.896288,0.440463,0.286553,1.005217,2.763149,-8.026271248631476,-8.191848408035659,-0.6134163800237569,-0.069424,-0.071624,-0.010325,0.994959,0.989527,-0.010601,0.143959,0.03049,0.990147,-0.13667,0.126538,0.989656,2.741826,-3.0567463463882016,-14.765984652018682,15.524450640383291,-0.043558,-0.123706,0.130499,0.982736,0.935334,0.26727,0.231772,-0.245716,0.962145,-0.1179,F,BuildTutorial
36.89,0.250799,1.404023,2.620432,25.438077020007928,5.257738309315498,-0.9084439095208012,-0.219577,-0.046483,0.017823,-0.974324,0.995043,-0.014318,-0.098406,0.055144,0.902937,0.426221,0.295539,1.003244,2.761652,-7.616459427098753,-7.3919332654903,-0.1336835990737733,-0.066204,-0.064397,-0.005443,0.995711,0.991647,-0.002312,0.128963,0.019365,0.991175,-0.131139,0.134946,0.994039,2.744336,-3.9151059947540543,-13.286420623924355,15.574911310796704,-0.049283,-0.109955,0.130595,0.984086,0.94171,0.267872,0.203538,-0.246197,0.961032,-0.125716,F,BuildTutorial
36.923,0.256143,1.40671,2.619395,24.66409733151757,5.61430525748377,-1.0020718189807032,-0.212894,-0.049708,0.018992,-0.975625,0.994337,-0.015892,-0.10508,0.058222,0.908631,0.413522,0.304302,1.003118,2.761137,-7.7238693002352115,-6.522712349363281,0.3208100110208906,-0.067402,-0.056573,-0.001043,0.99612,0.993597,0.005548,0.112847,0.009704,0.990912,-0.134164,0.143571,0.998326,2.746417,-4.596951728593768,-11.985268060829531,15.538691846534082,-0.053622,-0.097967,0.13019,0.985179,0.946906,0.267028,0.179069,-0.246015,0.96035,-0.131164,F,BuildTutorial
36.956,0.2612,1.409215,2.618633,24.026926460303347,5.753968707487737,-1.172552325613324,-0.207366,-0.051217,0.020442,-0.976708,0.993918,-0.01869,-0.108526,0.061173,0.913163,0.402978,0.31282,1.00379,2.761391,-7.774861366678017,-5.667124063748449,0.343321129933499,-0.067861,-0.049118,-0.000366,0.996485,0.995175,0.005937,0.097941,0.007396,0.99079,-0.135209,0.151176,1.002154,2.748666,-5.147700359200523,-10.974289053233226,15.836811882363836,-0.057435,-0.088457,0.13274,0.985524,0.949111,0.271797,0.159106,-0.251475,0.958163,-0.136691,F,BuildTutorial
36.989,0.26621,1.412027,2.618203,23.169846254262993,5.603639659557599,-1.2655900803838782,-0.200039,-0.050098,0.020622,-0.978289,0.99413,-0.020306,-0.106272,0.060392,0.919118,0.389325,0.320723,1.005146,2.762726,-8.02994064961687,-4.9401606006448375,0.0932000907371878,-0.069987,-0.042935,-0.002207,0.996621,0.996303,0.00161,0.085889,0.01041,0.990194,-0.139311,0.158953,1.004725,2.750727,-5.5115067768417045,-10.049266393265832,15.945839147201037,-0.059565,-0.079994,0.133842,0.985971,0.951375,0.273458,0.141799,-0.254398,0.957077,-0.138871,F,BuildTutorial
37.023,0.27128,1.41676,2.618817,21.21673605813326,5.3034536223797595,-1.3578816669887888,-0.183346,-0.04765,0.020151,-0.981686,0.994647,-0.022091,-0.100945,0.057037,0.931957,0.358055,0.327919,1.006933,2.764765,-8.495806459663685,-4.172838578219789,-0.1257085830555998,-0.073983,-0.036388,-0.00379,0.996588,0.997323,-0.00217,0.073089,0.012939,0.989024,-0.147185,0.16614,1.005919,2.753532,-5.679938483504513,-9.209950013040334,15.709942157103905,-0.059882,-0.072685,0.132117,0.98675,0.954524,0.269437,0.127622,-0.252027,0.957919,-0.137384,F,BuildTutorial
37.056,0.276074,1.42635,2.620916,17.467676833087857,4.891510053288558,-1.3159031782317734,-0.151212,-0.043918,0.017819,-0.987365,0.995507,-0.021905,-0.092115,0.048469,0.953635,0.297038,0.335043,1.008657,2.767669,-8.963772661383222,-3.378644930162627,-0.2292186340904757,-0.078051,-0.029546,-0.004297,0.996502,0.998217,-0.003951,0.059557,0.013176,0.987779,-0.155303,0.17335,1.006067,2.756794,-5.6055814276995335,-8.560594307425992,15.38026662790153,-0.058299,-0.067351,0.129666,0.987549,0.957301,0.263955,0.117906,-0.248249,0.959576,-0.132612,F,BuildTutorial
37.09,0.280552,1.436579,2.622156,13.353496221837624,4.372698515969951,-1.2261498287884187,-0.115771,-0.039132,0.015055,-0.992391,0.996484,-0.020819,-0.081154,0.038941,0.972741,0.228602,0.340938,1.009432,2.771315,-8.953056840271582,-2.7416307887308657,-0.4790808222852162,-0.077928,-0.024176,-0.006034,0.996648,0.998758,-0.008259,0.049131,0.015795,0.987782,-0.155042,0.179229,1.00536,2.760102,-4.9700274763961785,-8.392569248037384,15.102929541081323,-0.052474,-0.066788,0.127796,0.988157,0.958415,0.259575,0.118582,-0.245556,0.961829,-0.120777,F,BuildTutorial
37.123,0.284452,1.447274,2.622955,9.83552829908028,3.811943173476908,-1.030419400095932,-0.085377,-0.033906,0.011805,-0.995702,0.997422,-0.017719,-0.069537,0.029299,0.985143,0.16922,0.345654,1.009476,2.775582,-8.34046344258257,-2.232387898436044,-0.9365267109375548,-0.072545,-0.020022,-0.009566,0.997118,0.999015,-0.016172,0.041317,0.021982,0.989291,-0.14429,0.184383,1.004851,2.763174,-4.152111592284824,-8.494717689421748,15.131456773274367,-0.045557,-0.068613,0.128556,0.988276,0.957531,0.260349,0.123904,-0.247846,0.962796,-0.107687,F,BuildTutorial
37.156,0.288004,1.454832,2.622818,6.58734869288658,3.186454384861954,-0.9926383713143276,-0.057189,-0.028254,0.010242,-0.997911,0.998194,-0.01721,-0.057562,0.023674,0.993249,0.11356,0.349442,1.010145,2.779536,-7.776478795390676,-2.2356508570371134,-0.7027279585562193,-0.067677,-0.019879,-0.00744,0.997482,0.999099,-0.012152,0.040666,0.017534,0.990729,-0.134717,0.188789,1.005977,2.76599,-3.503236035901384,-8.639892221839446,14.91157731577341,-0.039992,-0.070699,0.127049,0.988565,0.95772,0.256848,0.129619,-0.245538,0.964518,-0.097035,F,BuildTutorial
37.189,0.291284,1.460358,2.622176,3.73560336078481,2.681370824868316,-1.098164823167143,-0.032359,-0.023696,0.010338,-0.999142,0.998663,-0.019125,-0.048021,0.022192,0.997692,0.064173,0.351986,1.012493,2.78281,-8.102174804699011,-2.788008287417158,-0.5346187944219738,-0.070511,-0.024596,-0.006371,0.997187,0.998709,-0.009238,0.049953,0.016175,0.989975,-0.140311,0.193582,1.008358,2.767704,-3.7789610761591783,-8.553628393096695,15.437962334188615,-0.042593,-0.069443,0.131431,0.987972,0.955807,0.265616,0.12602,-0.253784,0.961824,-0.102416,F,BuildTutorial
37.223,0.294135,1.463542,2.620914,1.654871088933141,2.115579376183764,-0.9499395278627984,-0.014285,-0.018578,0.008554,-0.999689,0.999163,-0.016573,-0.037389,0.017634,0.999446,0.028243,0.353787,1.015165,2.78552,-8.850799037481934,-3.863559524319328,-0.7216258187643071,-0.076904,-0.034094,-0.008876,0.996416,0.997518,-0.012444,0.069309,0.022932,0.988014,-0.152651,0.198938,1.011048,2.768804,-4.805295470479152,-7.92568903245753,15.326915044055434,-0.050656,-0.062855,0.130047,0.988216,0.958274,0.263398,0.111053,-0.250662,0.961043,-0.116467,F,BuildTutorial
37.256,0.296653,1.464378,2.618781,0.2299769103689758,1.6219745165230164,-0.7665407414842254,-0.001912,-0.014167,0.006717,-0.999875,0.999508,-0.013378,-0.028356,0.013486,0.999903,0.003633,0.354827,1.0166,2.787615,-9.544599781628726,-5.258836792285139,-0.5676570482398178,-0.082881,-0.046128,-0.008748,0.995453,0.995591,-0.009771,0.093287,0.025063,0.986108,-0.164201,0.203071,1.012883,2.769617,-5.912017417669703,-7.490408489482616,15.094077306348057,-0.059581,-0.057909,0.127546,0.988347,0.960757,0.259019,0.09927,-0.245218,0.960364,-0.132546,F,BuildTutorial
37.289,0.298993,1.465804,2.61654,-0.8979447795760968,1.3096629556565904,-0.5880919636232598,0.007894,-0.011388,0.005042,-0.999891,0.99969,-0.010262,-0.022694,0.009902,0.999825,-0.015902,0.356097,1.016715,2.789523,-10.117014407079454,-6.334665181825574,-0.0546408637110552,-0.088012,-0.055079,-0.005346,0.994581,0.993876,-0.000939,0.110502,0.020329,0.984451,-0.174482,0.207126,1.013361,2.76924,-6.71184024273015,-7.51841916949294,15.068563796293196,-0.06649,-0.057227,0.126808,0.98804,0.96129,0.258192,0.096222,-0.242972,0.958998,-0.145904,F,BuildTutorial
37.323,0.300613,1.466765,2.61377,-1.2196174180156965,1.1497736309189204,-0.7399771488114519,0.010707,-0.009964,0.00635,-0.999873,0.999721,-0.012911,-0.01979,0.012484,0.99969,-0.021538,0.357602,1.01612,2.791487,-10.377751204593649,-7.094957793642158,0.9318277116724688,-0.090764,-0.060886,0.002487,0.994006,0.992573,0.015996,0.120591,0.006109,0.983512,-0.180742,0.209299,1.01249,2.768714,-6.639395918689868,-8.023396573604845,15.233379245374898,-0.066513,-0.06157,0.127983,0.987626,0.959659,0.26099,0.104591,-0.244609,0.958393,-0.14714,F,BuildTutorial
37.356,0.301685,1.467673,2.610438,-1.2757657102870887,1.2022949802547782,-1.0062221072381627,0.011224,-0.010393,0.008663,-0.999845,0.999634,-0.017557,-0.020588,0.017091,0.999598,-0.022625,0.360255,1.015917,2.79266,-10.085391109239144,-6.987337047117213,1.8630734776866549,-0.08871,-0.059268,0.010809,0.994234,0.992741,0.032008,0.115934,-0.010977,0.984027,-0.177678,0.210347,1.011186,2.767636,-5.829953794623559,-8.776301095513817,15.887752735661428,-0.060779,-0.068673,0.133766,0.986761,0.954781,0.272338,0.119268,-0.255642,0.956825,-0.138321,F,BuildTutorial
37.389,0.3023,1.469564,2.607075,-1.440703542521136,1.3688922361523297,-1.067386829881935,0.012682,-0.011827,0.009163,-0.999808,0.999552,-0.018622,-0.023417,0.018022,0.99951,-0.025577,0.364289,1.017628,2.793106,-9.844281962641048,-5.676844414449479,1.5543771479262427,-0.086358,-0.04817,0.009249,0.995056,0.995188,0.026727,0.094267,-0.010087,0.984914,-0.172753,0.21143,1.010687,2.76573,-5.115577452032534,-9.279753846069386,16.864182711361522,-0.05585,-0.073416,0.14244,0.985496,0.948642,0.288948,0.128791,-0.272547,0.953183,-0.130995,F,BuildTutorial
37.422,0.302676,1.471278,2.603592,-1.733440717446939,1.5701915360836325,-1.0075119892521398,0.015245,-0.013567,0.008583,-0.999755,0.999485,-0.017576,-0.026867,0.016749,0.999388,-0.030715,0.368418,1.021088,2.792351,-10.207363948512684,-4.444416711491927,0.3830927752744437,-0.08902,-0.038324,-0.000122,0.995292,0.997063,0.00658,0.076308,0.007066,0.984151,-0.177193,0.213382,1.01163,2.76394,-4.748047029937706,-9.07161860478449,17.341649492565203,-0.052733,-0.071886,0.146918,0.985123,0.946495,0.297047,0.126138,-0.281884,0.951268,-0.125021,F,BuildTutorial
37.456,0.30279,1.472969,2.600043,-2.427720028171604,1.875203719086747,-0.905222044646344,0.02131,-0.016192,0.00755,-0.999613,0.999362,-0.015785,-0.032049,0.014405,0.998978,-0.042849,0.370735,1.024201,2.79105,-10.780800099373463,-3.8606753903307167,-0.0690579110646877,-0.093868,-0.033592,-0.003764,0.995011,0.997715,-0.001185,0.067555,0.013798,0.982349,-0.186547,0.215781,1.014083,2.762985,-4.922687598572885,-8.32252112804871,17.760387871528202,-0.05351,-0.065016,0.150741,0.984981,0.9461,0.303911,0.111946,-0.289995,0.948828,-0.125014,F,BuildTutorial
37.489,0.302603,1.474353,2.596264,-3.3564806208352356,2.1407167593589578,-0.8362357084117092,0.029417,-0.018458,0.006746,-0.999374,0.999228,-0.01457,-0.036496,0.012398,0.998178,-0.059047,0.37222,1.026188,2.789382,-11.393439194404396,-3.362494680912682,-0.4446817261955487,-0.099106,-0.029579,-0.006772,0.994614,0.998159,-0.007609,0.060181,0.019335,0.980264,-0.196744,0.216669,1.017342,2.76334,-5.326160310066545,-7.701325382848548,18.170371094401386,-0.056369,-0.058922,0.154295,0.984654,0.945443,0.310496,0.098642,-0.297211,0.946032,-0.129191,F,BuildTutorial
37.522,0.302487,1.474836,2.59162,-3.9651862244565073,2.4981001586865403,-0.9229118002372804,0.034762,-0.021506,0.007293,-0.999138,0.998969,-0.016069,-0.042467,0.013078,0.997477,-0.069778,0.373018,1.026849,2.788128,-11.691642085340112,-2.8809686061806437,-0.6331329608919368,-0.10168,-0.02557,-0.008055,0.994456,0.998563,-0.01082,0.052495,0.02122,0.979192,-0.201821,0.217603,1.021007,2.764658,-6.050787066139647,-6.920843037855642,18.401210563753107,-0.061642,-0.051076,0.156233,0.984471,0.945965,0.31391,0.081305,-0.301317,0.943583,-0.137329,F,BuildTutorial
37.556,0.302067,1.476685,2.587143,-4.3316989493070075,3.059187736222309,-1.230534429512994,0.038063,-0.026267,0.009718,-0.998883,0.998431,-0.021415,-0.051736,0.017415,0.996913,-0.076552,0.373308,1.026401,2.787317,-11.976988311990103,-2.4134602625388535,-0.656315433846955,-0.104184,-0.021542,-0.007892,0.994294,0.998947,-0.011206,0.044482,0.020183,0.978167,-0.206838,0.218627,1.024872,2.767134,-7.1460016589375375,-5.684715443423787,17.95764797989217,-0.069205,-0.039171,0.152522,0.985096,0.950405,0.30592,0.056063,-0.295076,0.943895,-0.148297,F,BuildTutorial
37.59,0.301508,1.478387,2.582743,-4.855337191111643,3.6547932462957657,-1.819089914402855,0.042837,-0.031184,0.014501,-0.99849,0.997635,-0.03163,-0.061032,0.026287,0.99591,-0.086449,0.373438,1.025598,2.7867,-11.987040242765511,-1.830263937228148,-0.3336479008193445,-0.104356,-0.016188,-0.004563,0.994398,0.999434,-0.005695,0.033146,0.012453,0.978178,-0.207395,0.219875,1.028533,2.769624,-7.9030555212622495,-4.605808538694063,17.18402189192138,-0.074073,-0.02935,0.146184,0.986044,0.955538,0.292636,0.036225,-0.28394,0.946287,-0.15466,F,BuildTutorial
37.623,0.301131,1.478589,2.578228,-5.426862865215681,4.284886374023125,-2.304937853516494,0.048049,-0.036383,0.018307,-0.998014,0.996682,-0.040037,-0.070862,0.033044,0.994712,-0.09724,0.374373,1.025841,2.785811,-11.62308301405541,-0.2647049114968651,-0.6415891488709509,-0.101242,-0.002865,-0.005804,0.994841,0.999916,-0.010969,0.006877,0.012129,0.979433,-0.201407,0.219224,1.033327,2.772329,-8.481033737706397,-3.8551295851435463,17.041302737954815,-0.078056,-0.022224,0.145217,0.986066,0.956837,0.289856,0.021158,-0.282917,0.945639,-0.160392,F,BuildTutorial
37.656,0.300694,1.479381,2.574312,-6.19966376871396,4.955249677946135,-2.704561571008065,0.055029,-0.041879,0.021206,-0.997381,0.995593,-0.046909,-0.081204,0.037691,0.993044,-0.111547,0.375259,1.027064,2.784662,-11.693200052505317,1.3491110424294326,-2.136143820085415,-0.102059,0.009811,-0.017343,0.994579,0.999206,-0.0365,-0.015976,0.032494,0.978566,-0.203352,0.218869,1.039722,2.774354,-10.083995998032492,-2.609490414167683,17.162364991919006,-0.090264,-0.009318,0.146616,0.985023,0.956834,0.290522,-0.008111,-0.287158,0.940713,-0.180556,F,BuildTutorial
37.689,0.300087,1.48062,2.571032,-7.019805731647688,5.474968326235871,-2.9251424242806237,0.062348,-0.046094,0.022524,-0.996735,0.994736,-0.050649,-0.089079,0.039154,0.991211,-0.126366,0.373462,1.028081,2.783742,-12.144234928145645,1.592057057195465,-2.811459119371944,-0.106077,0.011216,-0.022923,0.99403,0.998698,-0.047951,-0.017435,0.043192,0.976445,-0.211401,0.218824,1.045355,2.776133,-12.115187953208013,-1.330302978761675,16.29482876472467,-0.106092,0.003527,0.139707,0.984487,0.960939,0.274331,-0.036589,-0.275828,0.938453,-0.207906,F,BuildTutorial
37.723,0.299455,1.482042,2.567975,-7.691819737091559,5.832606448551253,-3.017848083903241,0.0683,-0.048981,0.022828,-0.9962,0.99416,-0.052173,-0.094471,0.038791,0.989628,-0.138317,0.370226,1.028568,2.783152,-12.422752928656305,1.451158361668495,-2.545397996966177,-0.108441,0.010183,-0.020709,0.993835,0.998935,-0.043372,-0.015749,0.038954,0.975623,-0.215968,0.217044,1.05014,2.777634,-13.83110561550945,-0.7743954949749903,15.493184573083417,-0.120209,0.009582,0.133002,0.983752,0.964437,0.259378,-0.050829,-0.263985,0.935721,-0.233962,F,BuildTutorial
37.755,0.298447,1.482978,2.565247,-8.12470401460263,6.088557509870341,-3.2481726390563077,0.072215,-0.050948,0.02447,-0.995786,0.993611,-0.056093,-0.097933,0.041376,0.988372,-0.146315,0.367299,1.029054,2.782915,-12.385637432036551,1.4741671815190904,-2.5868896834962865,-0.108127,0.010351,-0.021052,0.99386,0.998899,-0.044084,-0.016022,0.039607,0.975731,-0.215363,0.212924,1.053049,2.779011,-14.00652645532696,-1.4114894013152026,15.569365289452142,-0.122449,0.004401,0.132942,0.983521,0.964614,0.260424,-0.041215,-0.26258,0.934666,-0.239691,F,BuildTutorial
37.789,0.297116,1.483205,2.56259,-8.140925600911364,6.2633248121247975,-3.569407040726904,0.07254,-0.052259,0.027143,-0.995626,0.993065,-0.06163,-0.100124,0.046466,0.988003,-0.147282,0.364199,1.03069,2.782206,-12.484883638486792,1.1353516930493248,-2.7899520595688494,-0.108938,0.007199,-0.023122,0.993754,0.998827,-0.047524,-0.00927,0.044387,0.975196,-0.216848,0.20909,1.054888,2.778662,-13.518255899660508,-2.504462342874038,16.60343574931023,-0.119568,-0.004485,0.140803,0.982781,0.960309,0.277829,-0.024855,-0.275684,0.931756,-0.236282,F,BuildTutorial
37.822,0.295768,1.482963,2.559671,-7.845801147886806,6.338560316873338,-3.80084657294309,0.070101,-0.052861,0.029254,-0.995709,0.9927,-0.065668,-0.101168,0.050845,0.98846,-0.142694,0.361575,1.033688,2.78104,-13.166757704101803,0.8758613739311131,-2.8494621152124835,-0.114799,0.00474,-0.023823,0.993092,0.99882,-0.048406,-0.003945,0.046229,0.972507,-0.228238,0.206137,1.056756,2.776643,-13.655695762207593,-3.2108369617664025,17.231023402548,-0.121666,-0.009701,0.145389,0.981817,0.957536,0.287851,-0.016329,-0.28313,0.928119,-0.241729,F,BuildTutorial
37.856,0.294123,1.482562,2.556976,-7.462749001505737,6.3822779662971225,-3.995858231596811,0.066875,-0.05325,0.031115,-0.995854,0.992392,-0.069095,-0.101898,0.054851,0.989119,-0.136509,0.359334,1.037377,2.779718,-14.011074638507791,0.7680919180577866,-2.7793316371031698,-0.122088,0.003693,-0.023253,0.99224,0.998891,-0.047047,-0.00165,0.045244,0.969108,-0.242453,0.203932,1.058632,2.773707,-14.288396162782949,-3.09363965590489,17.156325709708607,-0.126926,-0.007941,0.144627,0.98128,0.95804,0.285856,-0.021129,-0.281824,0.925945,-0.251397,F,BuildTutorial
37.89,0.292285,1.48229,2.554389,-7.178141513920108,6.33245396099001,-4.099014192427903,0.064436,-0.052854,0.032183,-0.996001,0.992341,-0.070921,-0.101137,0.057298,0.989624,-0.131759,0.357898,1.040505,2.778488,-14.466795806285816,0.9235756208083242,-3.1580379977834734,-0.12608,0.004523,-0.026321,0.991661,0.998574,-0.053343,-0.002334,0.051061,0.966822,-0.250296,0.202986,1.058956,2.770207,-14.523955099049957,-2.737817508686965,17.146303575116384,-0.128491,-0.004595,0.144848,0.981065,0.957996,0.285391,-0.028207,-0.283029,0.925018,-0.253448,F,BuildTutorial
37.922,0.290287,1.482274,2.551942,-7.066275776256566,6.21180761668387,-4.152190259620847,0.063454,-0.051814,0.032768,-0.9961,0.992483,-0.071856,-0.099065,0.058705,0.9898,-0.129808,0.356904,1.04284,2.77728,-14.688564641985431,1.303046285375293,-3.473976908666635,-0.128106,0.007398,-0.028608,0.99132,0.998254,-0.058615,-0.007338,0.054824,0.965541,-0.254412,0.201046,1.058082,2.767597,-14.250767098965538,-2.4334771223976452,17.07813665082892,-0.125767,-0.002423,0.144699,0.981447,0.958112,0.284639,-0.031641,-0.28342,0.92649,-0.247568,F,BuildTutorial
37.956,0.288209,1.482757,2.54979,-7.277282900836628,6.110910164381103,-4.240457683576584,0.065298,-0.050814,0.033489,-0.996008,0.992593,-0.073346,-0.096848,0.060074,0.989229,-0.133478,0.355824,1.044232,2.776152,-14.917194888425852,1.5419406627804255,-3.5498881248227274,-0.130149,0.009315,-0.028963,0.991028,0.998149,-0.05983,-0.010924,0.054981,0.964445,-0.258503,0.199325,1.055996,2.764771,-13.79881962801942,-2.418194568611004,17.075565685144202,-0.121879,-0.002886,0.144847,0.981915,0.958022,0.285159,-0.02964,-0.283752,0.92833,-0.240186,F,BuildTutorial
37.989,0.28617,1.483425,2.54781,-7.612713644654682,6.004764315027979,-4.1791759520452185,0.068155,-0.04981,0.032857,-0.995889,0.992879,-0.072234,-0.094731,0.058655,0.988551,-0.139022,0.354247,1.044769,2.774813,-15.062843029841783,1.3222428309227303,-3.2663559047658195,-0.131334,0.007699,-0.026741,0.990948,0.998451,-0.05502,-0.008235,0.050975,0.964073,-0.260701,0.197599,1.053496,2.761801,-13.358498324290425,-2.563865297538457,16.97539749224351,-0.118288,-0.004814,0.143985,0.982473,0.958491,0.284061,-0.024605,-0.281783,0.930553,-0.233815,F,BuildTutorial
38.022,0.284409,1.484086,2.545655,-7.932810292487683,5.867844157814559,-4.064104620244112,0.070848,-0.04858,0.031789,-0.995796,0.993259,-0.070195,-0.092247,0.056428,0.98794,-0.144189,0.352673,1.044647,2.773518,-15.035952816166276,0.9697638616261656,-3.0387186646374498,-0.131009,0.004918,-0.025179,0.991049,0.998684,-0.051195,-0.00315,0.048618,0.964406,-0.25992,0.201446,1.048762,2.755277,-12.820095645364148,-2.9439547703915863,17.17623031196372,-0.114167,-0.008575,0.145512,0.98271,0.957506,0.28795,-0.016371,-0.284034,0.931584,-0.226882,F,BuildTutorial
38.056,0.282638,1.484805,2.54354,-8.185990153151222,5.768506425834485,-4.049823578871501,0.073014,-0.04764,0.03161,-0.995691,0.993463,-0.069904,-0.090253,0.055991,0.98734,-0.14841,0.351261,1.044042,2.772297,-14.894212946342472,0.721093102912743,-2.761244690422089,-0.129721,0.003115,-0.023075,0.991277,0.998916,-0.046556,-0.000188,0.04494,0.96528,-0.257323,0.199081,1.045806,2.752724,-11.98184611355284,-3.3255218147765517,17.629683453757135,-0.107517,-0.01253,0.149348,0.982842,0.955076,0.296266,-0.007485,-0.290877,0.932271,-0.215087,F,BuildTutorial
38.089,0.280769,1.485596,2.541705,-8.429383900136427,5.649932796957022,-3.996906913905097,0.075074,-0.046562,0.031116,-0.995604,0.993728,-0.06895,-0.088042,0.054967,0.986792,-0.152385,0.350466,1.043487,2.770717,-14.70586294174303,0.6445481716429757,-2.5789959743215585,-0.128072,0.002697,-0.021599,0.991526,0.999052,-0.043523,0.000185,0.042142,0.966262,-0.25409,0.197208,1.04346,2.750259,-11.356967547810644,-3.5388740852923255,17.923512882099892,-0.102478,-0.014945,0.151919,0.982953,0.953395,0.301721,-0.001756,-0.295595,0.932838,-0.206002,F,BuildTutorial
38.122,0.279105,1.486418,2.539927,-8.743295980145191,5.549984260761463,-3.9608575662158425,0.077759,-0.045613,0.030729,-0.995454,0.99395,-0.068273,-0.086031,0.054086,0.986019,-0.157614,0.349733,1.043077,2.76924,-14.443472703197454,0.6758117450941277,-2.725038672861662,-0.125811,0.00286,-0.022848,0.991787,0.99894,-0.04604,7.6e-05,0.044601,0.967299,-0.249686,0.195569,1.041989,2.747957,-11.04212028870232,-3.66961685462255,17.917435987686712,-0.099952,-0.016506,0.151878,0.983194,0.953322,0.30195,0.002096,-0.295351,0.933886,-0.201559,F,BuildTutorial
38.156,0.277639,1.487337,2.538329,-9.101256777554656,5.463223417222632,-3.9115616674203935,0.080825,-0.044775,0.030203,-0.995264,0.994166,-0.067358,-0.084244,0.052882,0.98511,-0.163589,0.348914,1.04253,2.76801,-14.191523075011842,0.6858124235388225,-2.8353979913593057,-0.123635,0.002881,-0.023812,0.992038,0.998849,-0.047957,0.000172,0.046532,0.968295,-0.245439,0.194484,1.041199,2.745634,-10.917690193029664,-3.6728176002434063,17.982292177087672,-0.098899,-0.016649,0.152482,0.983204,0.952944,0.303136,0.002578,-0.296549,0.933936,-0.199553,F,BuildTutorial
38.189,0.276135,1.488135,2.53702,-9.48079722329694,5.35338653489177,-3.8924175600288136,0.084084,-0.04371,0.029951,-0.995049,0.994385,-0.066956,-0.08195,0.052255,0.984066,-0.169953,0.347952,1.041895,2.766839,-14.018753488395287,0.6416701063915146,-2.746174292337563,-0.122128,0.002632,-0.0231,0.992242,0.998919,-0.046485,0.000419,0.045199,0.969102,-0.242483,0.193433,1.040738,2.743853,-10.74134547549713,-3.6830435457401807,18.104242993209613,-0.097419,-0.016877,0.153591,0.983176,0.95225,0.305302,0.003261,-0.298726,0.933839,-0.196745,F,BuildTutorial
38.222,0.274842,1.488687,2.536004,-9.805035184435988,5.2313940617013825,-3.858342035194006,0.086854,-0.04257,0.029608,-0.994871,0.994622,-0.066307,-0.07956,0.051518,0.98316,-0.175338,0.34676,1.041027,2.766072,-13.82991197213226,0.6159150446970925,-2.721693023562644,-0.120487,0.002475,-0.022929,0.992447,0.998936,-0.046108,0.000613,0.044915,0.969914,-0.239268,0.192157,1.040504,2.742232,-10.660326842822872,-3.7913034665749583,18.24817029321194,-0.096892,-0.017797,0.154767,0.983027,0.951461,0.307729,0.004999,-0.300832,0.933318,-0.196004,F,BuildTutorial
38.256,0.273615,1.489002,2.535135,-10.07097039142915,5.098138355588969,-3.8317955792131686,0.089118,-0.041347,0.029369,-0.994729,0.994856,-0.065798,-0.077024,0.051059,0.982391,-0.179726,0.34547,1.040281,2.765599,-13.70849782569212,0.5681239954635777,-2.678230477160857,-0.119425,0.002132,-0.022611,0.992583,0.998968,-0.045397,0.001169,0.044378,0.970453,-0.237176,0.190935,1.040596,2.741175,-10.741319396903355,-3.907760577110616,18.18518361601798,-0.097733,-0.018736,0.154094,0.983032,0.951808,0.306622,0.006716,-0.299297,0.933406,-0.197924,F,BuildTutorial
38.289,0.272514,1.489344,2.534297,-10.23986351732193,4.962056518043947,-3.8495438631118457,0.090555,-0.040097,0.029561,-0.994645,0.995037,-0.066068,-0.07441,0.051544,0.981852,-0.182511,0.343945,1.039668,2.765356,-13.616256484967096,0.5028559482356466,-2.668329575771137,-0.118613,0.001596,-0.022599,0.992682,0.998974,-0.045246,0.002192,0.044488,0.970841,-0.235562,0.189559,1.0406,2.740531,-10.832334969710404,-4.000789004068122,18.17309941122831,-0.098636,-0.019417,0.153872,0.982964,0.951893,0.306332,0.007818,-0.298671,0.933189,-0.199886,F,BuildTutorial
38.322,0.271586,1.489471,2.533562,-10.31294785288358,4.878745736161926,-3.8622314829017665,0.091172,-0.03934,0.029708,-0.994614,0.99514,-0.06627,-0.07284,0.051923,0.98161,-0.183699,0.342091,1.03932,2.765069,-13.565290633576414,0.3488185346548613,-2.667407092450402,-0.118141,0.000273,-0.022753,0.992736,0.998964,-0.04524,0.004834,0.045111,0.97105,-0.234577,0.187977,1.040559,2.740236,-10.83609217880406,-4.1909468176830105,18.12198732010347,-0.098914,-0.021087,0.153268,0.982996,0.952129,0.305495,0.011136,-0.297151,0.93345,-0.200929,F,BuildTutorial
38.356,0.27079,1.489635,2.533138,-10.287211051958252,4.813762945466566,-3.880343565743576,0.090938,-0.03877,0.029927,-0.994652,0.995203,-0.066584,-0.071682,0.052482,0.981669,-0.183224,0.340381,1.03933,2.764922,-13.493753111680286,0.293731433352098,-2.79747823314219,-0.11751,-0.000323,-0.02394,0.992783,0.998854,-0.047458,0.006268,0.04761,0.971236,-0.233309,0.186235,1.040754,2.740185,-10.827198141739718,-4.446594777766554,18.070454244937235,-0.099169,-0.023337,0.152609,0.983022,0.952332,0.304664,0.015614,-0.295406,0.933752,-0.202094,F,BuildTutorial
38.389,0.270038,1.489587,2.532941,-10.180633550291924,4.760423444740042,-3.880048000314976,0.089999,-0.038342,0.030008,-0.994751,0.995259,-0.066602,-0.070881,0.052799,0.981999,-0.181355,0.338616,1.03977,2.764792,-13.47314227508434,0.207505338828202,-3.029337682999017,-0.117311,-0.001303,-0.026038,0.992753,0.998641,-0.051393,0.008697,0.052004,0.97112,-0.232854,0.184422,1.041173,2.740043,-10.953947690349166,-4.650034303609433,18.044442739448137,-0.10052,-0.024928,0.152149,0.982917,0.952459,0.304111,0.018417,-0.294088,0.933493,-0.205192,F,BuildTutorial
38.423,0.269303,1.489538,2.532892,-10.007156343763535,4.711364675016154,-3.8393917136090945,0.088467,-0.038004,0.02976,-0.994909,0.99534,-0.065941,-0.070355,0.052493,0.982576,-0.178296,0.336611,1.040536,2.764716,-13.576648041622503,-0.0825263243219159,-3.1852262126845945,-0.118136,-0.004,-0.027683,0.992603,0.998435,-0.054012,0.014483,0.055902,0.970555,-0.234303,0.182664,1.041747,2.740013,-11.104253492781472,-4.859033793980419,17.993727899322625,-0.102073,-0.026556,0.151456,0.982821,0.952712,0.30313,0.02128,-0.292287,0.933284,-0.208683,F,BuildTutorial
38.456,0.268787,1.489377,2.533103,-9.711234579427524,4.648767909223641,-3.7761706235102808,0.085861,-0.037603,0.029371,-0.995164,0.995447,-0.064915,-0.069799,0.052001,0.983531,-0.1731,0.334817,1.041469,2.764463,-13.745851362721528,-0.3323590011156786,-3.348860090774312,-0.119532,-0.006375,-0.029357,0.992376,0.998195,-0.056743,0.01967,0.05979,0.9697,-0.236868,0.180667,1.042033,2.740185,-11.129462148016223,-5.228940460715144,18.09325791426742,-0.102803,-0.029604,0.151966,0.982579,0.95206,0.304724,0.026932,-0.29255,0.932676,-0.211022,F,BuildTutorial
38.489,0.26845,1.488995,2.533794,-9.36891886419491,4.646458474169565,-3.819050171080893,0.082902,-0.03766,0.029874,-0.995398,0.995379,-0.065717,-0.070021,0.053228,0.98447,-0.167291,0.333617,1.041892,2.764571,-13.78909399965893,-0.5176116729640821,-3.488411744062582,-0.119849,-0.008136,-0.030759,0.992282,0.997975,-0.059093,0.023519,0.062993,0.96938,-0.237348,0.179025,1.04177,2.7407,-11.01445572541419,-5.582715502103016,18.155866289496288,-0.102305,-0.032743,0.152248,0.982488,0.951497,0.305862,0.033187,-0.292463,0.932709,-0.210997,F,BuildTutorial
38.522,0.268193,1.48833,2.534949,-8.93021539837917,4.68398631544095,-3.7821213974802887,0.079089,-0.038151,0.029692,-0.995695,0.995326,-0.065163,-0.071277,0.053094,0.985727,-0.159763,0.333002,1.042026,2.764817,-13.73465706474097,-0.5046009524661591,-3.432515216361499,-0.119385,-0.007951,-0.030261,0.992355,0.998042,-0.058161,0.023007,0.061958,0.969663,-0.236464,0.178083,1.041307,2.741401,-10.969751093131716,-5.826730338605092,18.119000022467784,-0.102235,-0.034931,0.151739,0.982498,0.95151,0.305309,0.037613,-0.291024,0.933047,-0.211492,F,BuildTutorial
38.556,0.268049,1.487265,2.53652,-8.327612069084232,4.766074508547698,-3.7224963827774857,0.073854,-0.039092,0.029348,-0.99607,0.995221,-0.06424,-0.073543,0.052691,0.987369,-0.149421,0.332901,1.042162,2.765218,-13.763787355525858,-0.4655433972296808,-3.4265765121370366,-0.119648,-0.007614,-0.030169,0.992329,0.998064,-0.058053,0.022332,0.061698,0.969548,-0.237001,0.177448,1.040927,2.741812,-11.01449531821633,-5.957637713029778,18.006761997609892,-0.102756,-0.036091,0.150634,0.982572,0.952014,0.303434,0.039968,-0.2886,0.933502,-0.212803,F,BuildTutorial
38.589,0.268148,1.48573,2.538553,-7.487009516797387,4.931673877614345,-3.763163987707092,0.066604,-0.040767,0.029926,-0.996497,0.994885,-0.065074,-0.077261,0.054213,0.989337,-0.135181,0.333107,1.042049,2.765586,-13.810141899243636,-0.4921503383286147,-3.285106579475785,-0.120052,-0.007708,-0.028972,0.992315,0.998202,-0.055648,0.022253,0.059349,0.969497,-0.237811,0.177233,1.040364,2.74234,-11.017038620697658,-5.972569812601037,18.01175709279129,-0.102799,-0.036211,0.150662,0.982559,0.951979,0.303514,0.040183,-0.288624,0.933467,-0.212923,F,BuildTutorial
38.622,0.268542,1.483847,2.541045,-6.489769597950635,5.117316308220491,-3.7332772417834543,0.057969,-0.042705,0.029963,-0.996954,0.994557,-0.064694,-0.081676,0.054792,0.991484,-0.118144,0.333503,1.041893,2.765882,-13.860386629460704,-0.5535191445258402,-3.1817613819012407,-0.120479,-0.008143,-0.028142,0.992284,0.998283,-0.053888,0.022942,0.057813,0.969386,-0.23864,0.177517,1.03965,2.742828,-11.05941875177752,-5.899479266662239,17.98386040501212,-0.103057,-0.03555,0.150464,0.982586,0.952194,0.303015,0.038849,-0.28836,0.93348,-0.213223,F,BuildTutorial
38.656,0.269114,1.481625,2.544011,-5.273485387941979,5.320746948270086,-3.771822071531945,0.047455,-0.044829,0.030705,-0.997394,0.994095,-0.065504,-0.086509,0.056995,0.993611,-0.097415,0.334321,1.041296,2.766233,-13.791886614526582,-0.4037796254001853,-3.1386388700490713,-0.119925,-0.006785,-0.027611,0.992376,0.998383,-0.053173,0.020088,0.056428,0.969711,-0.237646,0.178059,1.03867,2.743434,-10.93754074598419,-5.822559201344303,17.871194805233433,-0.101878,-0.035161,0.149636,0.98285,0.952745,0.301304,0.038626,-0.286976,0.93446,-0.210784,F,BuildTutorial
38.688,0.269962,1.478747,2.547577,-3.80178450377495,5.602316206607413,-3.861769906913806,0.034758,-0.047699,0.032015,-0.997743,0.9934,-0.067202,-0.092958,0.06057,0.995534,-0.072413,0.335455,1.040528,2.766768,-13.60139996842168,-0.2702939821736173,-3.1219212715422957,-0.118308,-0.005567,-0.027328,0.992585,0.998444,-0.052934,0.017518,0.055569,0.970513,-0.234558,0.178892,1.03793,2.743914,-10.827957863743697,-5.648158663292012,17.767888150554935,-0.100681,-0.033908,0.148965,0.983119,0.953319,0.299729,0.036675,-0.286073,0.935346,-0.208064,F,BuildTutorial
38.722,0.27115,1.475186,2.551588,-1.9766751629350572,5.980579646439199,-4.048397322636332,0.019057,-0.051518,0.034369,-0.997899,0.992329,-0.070558,-0.101509,0.066631,0.996911,-0.041574,0.336619,1.039701,2.767262,-13.498565043330055,-0.1229041367724657,-3.019332070211448,-0.117456,-0.004161,-0.026289,0.992721,0.998583,-0.051217,0.014437,0.053172,0.971026,-0.232983,0.180027,1.037868,2.744131,-10.871379091663083,-5.371675131101599,17.78496539605057,-0.100698,-0.031461,0.149331,0.983143,0.953421,0.299963,0.031786,-0.287291,0.935121,-0.207397,F,BuildTutorial
38.757,0.272714,1.470811,2.555599,0.2668642183392142,6.503350761670296,-4.228297215037506,-0.000231,-0.056769,0.036963,-0.997703,0.990822,-0.073731,-0.113294,0.073783,0.997267,-0.003737,0.337776,1.038949,2.767684,-13.488551086324144,-0.0211086601081688,-2.788140673531417,-0.117399,-0.00304,-0.024182,0.992786,0.998812,-0.047301,0.011713,0.048728,0.971266,-0.232957,0.18102,1.038221,2.744744,-11.052755466955835,-5.045064043780287,17.764501121118933,-0.101821,-0.028427,0.14935,0.983117,0.953773,0.299446,0.025481,-0.287868,0.934654,-0.208695,F,BuildTutorial
38.788,0.274663,1.465803,2.559861,2.939882079353465,7.2014700046341655,-4.295481438872431,-0.023231,-0.063698,0.039,-0.996936,0.988843,-0.074801,-0.128819,0.08072,0.995879,0.041352,0.339037,1.038552,2.767732,-13.46315870356542,0.269552669070843,-2.77506525968616,-0.11724,-0.000503,-0.023772,0.992819,0.998869,-0.047084,0.006573,0.04732,0.971379,-0.232773,0.181828,1.038005,2.745192,-11.0729761083288,-4.760871423223748,17.61669819827535,-0.10159,-0.026092,0.148324,0.983361,0.954639,0.297013,0.02118,-0.28641,0.935359,-0.20754,F,BuildTutorial
38.822,0.276989,1.459916,2.564123,5.940155369250848,8.070283475825262,-4.278121616798164,-0.049027,-0.072154,0.040826,-0.995351,0.986254,-0.074198,-0.147641,0.088348,0.991859,0.091706,0.340475,1.038249,2.767441,-13.32285931859692,0.6288559972375249,-2.760478314989612,-0.116098,0.002655,-0.023288,0.992961,0.998901,-0.046864,0.000135,0.045632,0.971958,-0.230685,0.182794,1.036707,2.745496,-10.829094235728672,-4.594644266069258,17.584047477923942,-0.099277,-0.025026,0.148306,0.983628,0.954758,0.296725,0.019786,-0.286787,0.936299,-0.202727,F,BuildTutorial
38.855,0.279709,1.453301,2.567961,9.21750452210314,9.151094873524931,-4.193834650456651,-0.077132,-0.082393,0.042761,-0.99269,0.982766,-0.072186,-0.170178,0.097607,0.984444,0.146091,0.341869,1.038381,2.76668,-13.326092254213735,0.8704830121083703,-2.93510545770598,-0.116182,0.004571,-0.024556,0.992914,0.998752,-0.049826,-0.003371,0.047702,0.971797,-0.230943,0.183458,1.035478,2.745853,-10.608321530491803,-4.367830833894954,17.515340096604817,-0.097076,-0.023437,0.148012,0.983931,0.955086,0.295818,0.017384,-0.286717,0.937337,-0.197971,F,BuildTutorial
38.888,0.282682,1.44693,2.572163,12.169133802425678,10.22848797015556,-4.187889354872951,-0.102265,-0.092438,0.04563,-0.989401,0.978747,-0.071386,-0.192248,0.109198,0.97492,0.193927,0.343385,1.038656,2.765405,-13.496174293438203,1.1116328852296289,-3.0062443122472584,-0.117711,0.006548,-0.024909,0.992714,0.998673,-0.050997,-0.007136,0.047914,0.971047,-0.234033,0.185073,1.034024,2.746042,-10.410335404356578,-4.055578643224063,17.494948910326762,-0.09497,-0.02104,0.148185,0.984164,0.955197,0.295673,0.013268,-0.287681,0.938044,-0.193167,F,BuildTutorial
38.922,0.285613,1.44064,2.576522,14.73202327689915,11.153735080321171,-4.405236749130316,-0.123802,-0.101212,0.050386,-0.985845,0.974435,-0.074286,-0.212034,0.124407,0.964269,0.233899,0.344846,1.038334,2.763833,-13.490149609132992,1.1900201689514232,-2.9298076463860423,-0.117671,0.007307,-0.024167,0.992732,0.998725,-0.049701,-0.00882,0.046262,0.971139,-0.233984,0.187434,1.032305,2.746156,-10.185108008073415,-3.639412103090379,17.499579450109803,-0.092499,-0.017765,0.148657,0.984393,0.955171,0.295959,0.007475,-0.289386,0.93869,-0.187393,F,BuildTutorial
38.955,0.288312,1.43497,2.580597,17.096021890231132,11.836201079186848,-4.768738303562832,-0.143476,-0.108024,0.056234,-0.982132,0.970337,-0.079461,-0.228325,0.141457,0.952504,0.269676,0.34674,1.037306,2.762083,-13.424457220721113,1.3185728341842486,-2.9992663049030814,-0.117134,0.008365,-0.024645,0.992775,0.998645,-0.050893,-0.010836,0.046974,0.971345,-0.232988,0.190246,1.030633,2.746092,-10.061085769281425,-3.055827069438569,17.464184224190703,-0.090672,-0.012946,0.148865,0.984607,0.955343,0.295495,-0.001503,-0.2908,0.939236,-0.182407,F,BuildTutorial
38.989,0.290735,1.429653,2.584777,19.25668598311849,12.28186898473892,-5.014251267833552,-0.161524,-0.112641,0.060755,-0.978535,0.967242,-0.082513,-0.240074,0.15529,0.940438,0.302426,0.348991,1.035249,2.760695,-13.226811358848222,1.6476639767722392,-3.0496550580004116,-0.115497,0.011213,-0.024775,0.992936,0.998521,-0.05179,-0.016544,0.04661,0.972093,-0.229918,0.193396,1.028524,2.746261,-9.720951115020766,-2.5825462722592167,17.462676576152777,-0.087135,-0.009335,0.14933,0.984897,0.955227,0.295775,-0.007636,-0.292521,0.940216,-0.174427,F,BuildTutorial
39.022,0.29268,1.424721,2.588492,21.27786258369895,12.497411655301288,-5.299259043289255,-0.178381,-0.115343,0.065237,-0.974998,0.964881,-0.086062,-0.248192,0.168362,0.927849,0.332793,0.351597,1.031668,2.759699,-12.532176433478574,2.1507127632750773,-2.728361896086283,-0.10954,0.016052,-0.021613,0.993618,0.998551,-0.046466,-0.027164,0.039433,0.975068,-0.218375,0.195587,1.026446,2.746683,-8.913474275459816,-2.481679110381905,18.522929119587097,-0.08015,-0.008805,0.158755,0.98402,0.949438,0.313848,-0.00812,-0.311026,0.936745,-0.160534,F,BuildTutorial
39.055,0.294315,1.421221,2.59179,22.77625327655428,12.545301802629922,-5.493289675326429,-0.190914,-0.116391,0.068244,-0.97229,0.963592,-0.088265,-0.25239,0.177148,0.917789,0.355362,0.354504,1.027662,2.758842,-11.799841787164294,2.71428018618812,-2.8256877701547936,-0.103312,0.021018,-0.022085,0.994182,0.998141,-0.048256,-0.037228,0.03957,0.977678,-0.206351,0.197655,1.024939,2.746823,-8.432982548361844,-2.2609599557138527,19.528249400753793,-0.075783,-0.006924,0.167671,0.982902,0.943677,0.330657,-0.011802,-0.328558,0.932287,-0.151296,F,BuildTutorial
39.088,0.295557,1.418493,2.595354,23.791587425115967,12.334305041642365,-5.741881556541403,-0.199417,-0.115255,0.070844,-0.970531,0.963395,-0.091544,-0.251972,0.18348,0.910428,0.370751,0.356973,1.023456,2.75828,-11.056698743005622,3.11663527060089,-2.8176876642687585,-0.096939,0.024692,-0.021844,0.994744,0.997826,-0.048245,-0.044889,0.038671,0.980252,-0.193937,0.200078,1.023955,2.746943,-8.390944973854234,-1.8474956326464411,19.4592707600778,-0.074815,-0.003485,0.167362,0.983047,0.943956,0.329571,-0.018191,-0.328528,0.932785,-0.14826,F,BuildTutorial
39.122,0.296372,1.416421,2.598625,24.461927719957625,11.95829787115604,-5.968264091806981,-0.205115,-0.112633,0.072639,-0.969518,0.964075,-0.094644,-0.248197,0.187055,0.905303,0.381363,0.358882,1.019692,2.758251,-10.280392893319208,3.483973493032156,-2.61014983011405,-0.090218,0.028229,-0.019951,0.995322,0.99761,-0.04481,-0.052595,0.034622,0.982925,-0.180719,0.201973,1.023207,2.747375,-8.233785290116918,-1.5225199452165918,19.70663807118513,-0.072994,-0.000772,0.16973,0.982783,0.942382,0.333729,-0.023261,-0.333503,0.931727,-0.143737,F,BuildTutorial
39.155,0.296707,1.415045,2.601745,24.858800561337137,11.409660688246722,-6.209962933157236,-0.208598,-0.108532,0.073998,-0.96914,0.96549,-0.098151,-0.241237,0.188709,0.902022,0.388259,0.360358,1.017051,2.758722,-9.85091437389859,3.8544861986421983,-2.832626196397133,-0.086613,0.031375,-0.021725,0.995511,0.997087,-0.048691,-0.058705,0.037821,0.984052,-0.173812,0.203105,1.022588,2.748267,-8.023104135080873,-1.3185468945759442,20.046016706043822,-0.070883,0.000872,0.172813,0.9824,0.94027,0.33942,-0.026212,-0.339667,0.930223,-0.138969,F,BuildTutorial
39.189,0.296471,1.414062,2.604411,25.176206110782076,10.676366402198775,-6.449700074968386,-0.211544,-0.102861,0.074908,-0.96905,0.967617,-0.10166,-0.231048,0.188699,0.899276,0.394582,0.361549,1.0152,2.759558,-9.539900051801736,3.9650457318165855,-3.055365425073307,-0.083995,0.032247,-0.023676,0.995663,0.996799,-0.052564,-0.060238,0.041729,0.984769,-0.168789,0.203791,1.022436,2.749305,-8.006985190141368,-1.2428672023671885,19.86709819919348,-0.070633,0.001386,0.171329,0.982678,0.941289,0.336526,-0.026928,-0.336918,0.931315,-0.138345,F,BuildTutorial
39.222,0.295762,1.413611,2.606635,25.32116747241912,9.762541871858534,-6.618005820281357,-0.213224,-0.095489,0.074732,-0.96945,0.970594,-0.104176,-0.217012,0.185618,0.897902,0.399148,0.361834,1.014568,2.761106,-9.551827464732346,3.951709033633707,-2.8318679260356583,-0.084033,0.032292,-0.02174,0.995702,0.996969,-0.04872,-0.060653,0.037866,0.984932,-0.168748,0.203297,1.022979,2.750941,-8.088694375086714,-1.3806917428179974,19.619824202322995,-0.07154,0.000173,0.169106,0.982998,0.942807,0.332436,-0.024535,-0.332486,0.932571,-0.140588,F,BuildTutorial
39.255,0.294624,1.413419,2.608622,25.35212500113592,8.75659413620253,-6.833934152630332,-0.21397,-0.087389,0.074702,-0.970051,0.973566,-0.107533,-0.201511,0.182328,0.897273,0.402067,0.361836,1.014921,2.7631,-9.624956495116212,4.023124836737074,-3.0698895473800047,-0.08475,0.032719,-0.023732,0.995582,0.996733,-0.052799,-0.061126,0.041708,0.984509,-0.170304,0.201747,1.024099,2.752828,-8.219283796401413,-1.8867826527564755,19.565829317235707,-0.073404,-0.004008,0.168293,0.982992,0.943323,0.33145,-0.016827,-0.330273,0.932579,-0.14566,F,BuildTutorial
39.289,0.293006,1.413415,2.610153,25.32043393273955,7.718039637031653,-7.012022883202761,-0.214247,-0.078915,0.074254,-0.970751,0.976517,-0.11035,-0.185031,0.17798,0.897169,0.404241,0.360751,1.016523,2.76573,-9.798879379740898,3.816309041959756,-3.8800797099517697,-0.086434,0.030267,-0.030869,0.995319,0.996262,-0.066681,-0.054913,0.056217,0.983152,-0.173928,0.199271,1.02612,2.754549,-8.595648419031253,-2.537363160350328,19.45807058017518,-0.077576,-0.0091,0.166837,0.982886,0.944166,0.329375,-0.007997,-0.326551,0.932295,-0.155534,F,BuildTutorial
39.321,0.29114,1.41372,2.611305,25.19267847654158,6.662832752646633,-7.150625259220719,-0.213752,-0.070179,0.073405,-0.971595,0.979373,-0.112637,-0.167752,0.172641,0.897844,0.405057,0.358425,1.01967,2.769085,-10.492421572078408,3.2043054986434525,-4.252273727962065,-0.09237,0.024432,-0.034375,0.994831,0.996443,-0.072908,-0.042262,0.063881,0.980572,-0.185465,0.196183,1.028903,2.756087,-9.111950821065784,-3.2617943533624385,19.424774524684043,-0.083049,-0.014569,0.165873,0.982536,0.944548,0.328373,0.001078,-0.323533,0.931178,-0.168031,F,BuildTutorial
39.355,0.289025,1.414034,2.612137,25.015271890085423,5.616504243580973,-7.245914956813321,-0.212855,-0.061404,0.072206,-0.972476,0.982032,-0.114297,-0.150166,0.166578,0.898958,0.405125,0.354861,1.023967,2.773334,-11.454709645905258,2.388810388868435,-4.038864865163605,-0.100442,0.017212,-0.032976,0.994247,0.997233,-0.06903,-0.027602,0.062114,0.977648,-0.200863,0.192044,1.03245,2.757513,-9.815891220526964,-4.255208052747462,19.249355210857217,-0.090477,-0.022174,0.163334,0.982163,0.945661,0.324854,0.014001,-0.316829,0.930272,-0.184971,F,BuildTutorial
39.388,0.28667,1.414381,2.612615,24.863179987175354,4.63686182698322,-7.2470362777641935,-0.212171,-0.05302,0.070359,-0.973254,0.984477,-0.114455,-0.13306,0.159452,0.900067,0.405531,0.350922,1.028866,2.778321,-12.250045724268077,1.6953917662521918,-4.866921470039639,-0.107215,0.010167,-0.040635,0.993353,0.996491,-0.082909,-0.011486,0.078549,0.973707,-0.213831,0.18734,1.035829,2.758188,-10.51381530624321,-5.211389116856303,19.227246196981785,-0.097802,-0.02935,0.162022,0.98149,0.945775,0.323787,0.025921,-0.312305,0.928367,-0.201494,F,BuildTutorial
39.422,0.284126,1.414807,2.612749,24.69045518655435,3.6881145791845262,-7.185382203370692,-0.211301,-0.044764,0.068049,-0.974021,0.986731,-0.113646,-0.115959,0.15148,0.901442,0.405532,0.345969,1.034816,2.784677,-13.094664928689175,0.6403233553765346,-5.8196496042156465,-0.114157,-0.000244,-0.049796,0.992214,0.995041,-0.09876,0.011854,0.098872,0.968977,-0.226512,0.182068,1.038928,2.758392,-11.22528896137743,-6.219384849572314,19.016274731386066,-0.105235,-0.037114,0.158921,0.980965,0.946733,0.319603,0.039367,-0.303981,0.927339,-0.21826,F,BuildTutorial
39.455,0.281397,1.415236,2.612781,24.487935874361675,2.742946981302696,-7.046055046627968,-0.210176,-0.036374,0.065101,-0.974815,0.988878,-0.111634,-0.098282,0.142214,0.903176,0.405029,0.340042,1.041837,2.793028,-14.518089071547774,-0.659656971757467,-5.616429059826161,-0.125922,-0.011894,-0.049326,0.990742,0.994851,-0.094744,0.035991,0.100735,0.963421,-0.248339,0.176383,1.041449,2.758068,-11.836369984325602,-7.373379642336587,18.834326189080265,-0.111973,-0.04626,0.155872,0.980319,0.947128,0.315968,0.055792,-0.295248,0.926332,-0.233961,F,BuildTutorial
39.488,0.278496,1.415809,2.612635,24.225216840836673,1.7946867088979763,-6.859743741362063,-0.208516,-0.027837,0.061768,-0.975669,0.99082,-0.108922,-0.08008,0.13214,0.905411,0.403447,0.333989,1.049554,2.802989,-15.911185293638647,-1.742017474331352,-5.206370583426342,-0.137563,-0.021325,-0.047078,0.989144,0.994658,-0.087266,0.055139,0.099,0.957721,-0.27013,0.1705,1.043022,2.757345,-12.18158999091277,-8.544631182718787,18.696904461260043,-0.116437,-0.055905,0.153273,0.979706,0.946764,0.313344,0.073848,-0.287307,0.9259,-0.245285,F,BuildTutorial
39.522,0.275398,1.416327,2.612216,24.00136023061374,0.8547859322102849,-6.76386505978382,-0.207125,-0.019549,0.059249,-0.976323,0.992215,-0.107595,-0.062716,0.123791,0.907178,0.402125,0.326915,1.058663,2.814442,-17.293203838339913,-3.0966784509474725,-4.685410882736234,-0.149067,-0.032834,-0.044456,0.987281,0.993891,-0.077991,0.078087,0.097569,0.951605,-0.291423,0.164375,1.043654,2.755958,-12.281406307847146,-9.73473447277848,18.57903264155796,-0.118805,-0.066051,0.150961,0.97915,0.945697,0.31132,0.093477,-0.279931,0.926193,-0.252598,F,BuildTutorial
39.555,0.272296,1.416845,2.611721,23.75439653557696,-0.1042902467473917,-6.6287791097230055,-0.205522,-0.01101,0.05639,-0.976965,0.993398,-0.105657,-0.044692,0.114708,0.909162,0.400333,0.31889,1.069646,2.827756,-19.393914998319268,-4.746064908966687,-3.9771382703482754,-0.166775,-0.046629,-0.041145,0.984032,0.992266,-0.065422,0.105493,0.096529,0.940986,-0.324387,0.158303,1.043702,2.75378,-12.332148431114268,-10.919861068660502,18.412585532023904,-0.120681,-0.076274,0.148254,0.978591,0.944406,0.308569,0.113499,-0.27175,0.926914,-0.25881,F,BuildTutorial
39.588,0.269049,1.417393,2.611165,23.500391036296524,-1.0834335372430592,-6.4628384263028025,-0.203834,-0.002237,0.053263,-0.977553,0.994316,-0.103223,-0.026088,0.105048,0.911229,0.398279,0.309325,1.081005,2.842374,-21.553311170991044,-6.6025369437713755,-2.7471879655554803,-0.185261,-0.061029,-0.034274,0.980193,0.990202,-0.044578,0.13234,0.089803,0.929007,-0.359,0.152414,1.042832,2.75096,-12.325121051309209,-12.03878170356808,17.967866931752454,-0.121729,-0.086309,0.14328,0.978368,0.944043,0.301373,0.134001,-0.259348,0.929306,-0.262925,F,BuildTutorial
39.622,0.265791,1.417818,2.610322,23.28640832670201,-2.045895492858323,-6.311322306757375,-0.202441,0.006351,0.05031,-0.977981,0.994857,-0.100977,-0.007947,0.095834,0.912973,0.396606,0.29823,1.09133,2.858047,-23.429991037156636,-8.981646901445579,-1.4485176528070816,-0.201435,-0.079221,-0.028236,0.975885,0.985854,-0.023194,0.165996,0.087025,0.917253,-0.388682,0.14678,1.041484,2.747478,-12.214567850862393,-13.056248421188563,17.41936477863295,-0.1216,-0.095736,0.137636,0.978317,0.943782,0.292586,0.153848,-0.24602,0.93254,-0.264281,F,BuildTutorial
39.655,0.262643,1.418293,2.609308,23.103038659868435,-2.9835846248734934,-6.1251612868352465,-0.201258,0.014775,0.047121,-0.978293,0.995123,-0.098144,0.009941,0.08625,0.91455,0.395171,0.284883,1.099714,2.875285,-25.107579830003697,-11.412599214340707,1.3301782347243003,-0.217391,-0.094535,-0.010336,0.971441,0.981913,0.02102,0.188165,0.061185,0.905268,-0.420411,0.141233,1.039428,2.743669,-11.89990577167193,-14.13151152027242,17.19043961850866,-0.120002,-0.105597,0.134911,0.977879,0.941297,0.289197,0.174144,-0.23851,0.934797,-0.263186,F,BuildTutorial
39.688,0.259532,1.418803,2.608281,22.91349800522288,-3.895482208840268,-6.001544517325292,-0.199985,0.022873,0.044535,-0.978519,0.994987,-0.096305,0.026951,0.078008,0.916046,0.393415,0.27025,1.1054,2.893731,-25.42068154113697,-14.114401215352371,2.7885234998469777,-0.221207,-0.114501,-0.003468,0.968476,0.973755,0.04394,0.223318,0.057374,0.902111,-0.427673,0.135585,1.037021,2.73945,-11.464594787655397,-15.406477503658971,17.291826154932167,-0.117904,-0.116977,0.13499,0.976828,0.936188,0.291308,0.196701,-0.23614,0.935753,-0.261925,F,BuildTutorial
39.721,0.256498,1.419371,2.60719,22.713296714244905,-4.710660750444907,-5.921969646201246,-0.198568,0.030075,0.04252,-0.978703,0.994575,-0.095172,0.041983,0.071284,0.917526,0.391235,0.256958,1.108752,2.914047,-24.954860504757903,-14.81780017539991,1.2890493491143455,-0.215654,-0.123486,-0.016967,0.968482,0.968927,0.020395,0.246506,0.086126,0.906411,-0.413523,0.130187,1.03422,2.734998,-10.838077141579864,-16.67424580687659,17.53171701535607,-0.114348,-0.128423,0.136579,0.975591,0.929708,0.29586,0.219342,-0.23712,0.936542,-0.258193,F,BuildTutorial
39.755,0.253607,1.420048,2.606203,22.454476639857305,-5.491006848099789,-5.833642540768281,-0.196616,0.037026,0.040541,-0.978942,0.993971,-0.093934,0.056551,0.064814,0.919397,0.387954,0.243603,1.10719,2.935623,-23.21302532116307,-15.094089183577056,1.549562048745541,-0.201168,-0.125946,-0.013291,0.971336,0.967922,0.024852,0.250019,0.076493,0.91871,-0.387455,0.125039,1.031335,2.730431,-10.147920059015712,-17.882093343796377,17.826621432375916,-0.110298,-0.139403,0.138878,0.974225,0.92256,0.301348,0.240984,-0.239844,0.937095,-0.25363,F,BuildTutorial
39.788,0.250867,1.420803,2.605254,22.15532777681696,-6.221926448400504,-5.731532534569312,-0.194279,0.0436,0.038578,-0.979217,0.993222,-0.092494,0.070398,0.058611,0.921535,0.383847,0.228109,1.103417,2.956515,-21.488863867493333,-17.315893734493546,3.660711717183849,-0.188934,-0.141934,0.002973,0.971674,0.959692,0.059409,0.274704,0.047855,0.92859,-0.368008,0.120404,1.028834,2.725825,-9.58130444434717,-19.029068374439532,17.9875649254638,-0.107104,-0.149819,0.140003,0.972873,0.915907,0.304502,0.26152,-0.240317,0.937856,-0.250348,F,BuildTutorial
39.822,0.248169,1.421487,2.604349,21.88519085966972,-6.877651128038525,-5.705937126846949,-0.19218,0.049388,0.037408,-0.979402,0.992323,-0.092258,0.082363,0.054293,0.923335,0.380137,0.215147,1.098304,2.976331,-20.188213062833917,-17.968028170158792,4.169132423450288,-0.178593,-0.147343,0.008021,0.972795,0.956452,0.068235,0.283803,0.037022,0.93608,-0.349833,0.115967,1.026692,2.721465,-9.09652661888786,-20.084427258149848,18.122383723921715,-0.104485,-0.159358,0.140933,0.971507,0.909486,0.307136,0.280184,-0.240534,0.938442,-0.247934,F,BuildTutorial
39.855,0.245545,1.422113,2.603442,21.60957512889188,-7.492714638346776,-5.663165098825178,-0.190005,0.054862,0.036187,-0.979581,0.991361,-0.091744,0.093733,0.050047,0.925178,0.376221,0.20477,1.089264,2.99576,-17.311518127431277,-17.565497832277718,4.498937174474738,-0.154543,-0.144995,0.015387,0.977167,0.957479,0.074887,0.278614,0.014745,0.951759,-0.306491,0.111927,1.025282,2.717114,-8.840275653041822,-20.96941755742235,18.260499079986374,-0.103612,-0.167108,0.141719,0.970183,0.903981,0.309616,0.294882,-0.240359,0.93836,-0.248411,F,BuildTutorial
39.888,0.242778,1.422833,2.602813,21.3542687573054,-8.105081620490209,-5.605371524503058,-0.187986,0.060328,0.034852,-0.979698,0.990292,-0.09097,0.105104,0.045606,0.926893,0.372544,0.196435,1.080925,3.011926,-15.341442663558654,-17.103909977898386,6.1480914593811375,-0.139709,-0.140085,0.032735,0.979687,0.95861,0.103282,0.265331,-0.024997,0.95882,-0.282914,0.107922,1.024327,2.713065,-8.656546604849725,-21.847857895399393,18.245268905001524,-0.103126,-0.174826,0.14111,0.968963,0.899048,0.309519,0.309696,-0.237403,0.938906,-0.249189,F,BuildTutorial
39.922,0.239912,1.42337,2.602443,21.104122390442196,-8.780630752877608,-5.5849266352720806,-0.186041,0.066271,0.033752,-0.979723,0.988938,-0.090794,0.117297,0.041477,0.9285,0.36901,0.190737,1.073,3.026289,-12.645032735021683,-15.778924101073638,3.222926068354558,-0.112876,-0.133306,0.012576,0.984546,0.964143,0.054857,0.259653,0.005332,0.974202,-0.225615,0.103124,1.023814,2.708996,-8.536519873408105,-22.88479887763492,18.296821958821777,-0.103473,-0.183718,0.140823,0.967321,0.892833,0.310461,0.326286,-0.234421,0.938925,-0.251926,F,BuildTutorial
39.956,0.236979,1.423766,2.602121,20.905207860570457,-9.47919756417114,-5.526732592228076,-0.184509,0.072445,0.032276,-0.979626,0.98742,-0.089971,0.130027,0.036504,0.929829,0.366176,0.187431,1.065173,3.037286,-9.57730058427068,-14.342011229410312,-0.1919357272339769,-0.082619,-0.124534,-0.012077,0.988696,0.968691,-0.003303,0.248248,0.044459,0.986057,-0.160362,0.098507,1.023492,2.705138,-8.503179191446714,-23.959930683607183,18.31451645822648,-0.10454,-0.192819,0.140058,0.965545,0.886409,0.310779,0.343068,-0.23015,0.938911,-0.255887,F,BuildTutorial
39.988,0.234019,1.424109,2.601986,20.731140345207724,-10.20564271326727,-5.492266365356823,-0.183201,0.078805,0.030957,-0.979423,0.985663,-0.089515,0.143024,0.031766,0.930958,0.363741,0.183686,1.058782,3.044526,-8.104459677720559,-14.174097050503942,0.7986955945230203,-0.070982,-0.122577,-0.001819,0.989916,0.969943,0.013801,0.242939,0.021002,0.989916,-0.140087,0.093462,1.023012,2.701725,-8.405039694231261,-25.07434832226346,18.359164231461143,-0.105155,-0.202305,0.139603,0.963601,0.879168,0.311589,0.360522,-0.226496,0.938907,-0.259139,F,BuildTutorial
40.021,0.231167,1.424154,2.601787,20.640579744307747,-10.94591835033583,-5.440218865526345,-0.182586,0.085264,0.029409,-0.979044,0.98373,-0.088722,0.156216,0.02645,0.931595,0.362535,0.179433,1.054053,3.049556,-8.214053668509637,-14.76475611998147,2.9359329413588404,-0.074286,-0.126299,0.016141,0.989075,0.967576,0.050695,0.247441,-0.013166,0.988442,-0.151026,0.088543,1.022081,2.698646,-8.216142131407617,-26.111034434667236,18.27085834569988,-0.104674,-0.211377,0.13829,0.961894,0.872392,0.310291,0.377693,-0.221788,0.939839,-0.259832,F,BuildTutorial
40.055,0.22857,1.423948,2.601585,20.690719875435963,-11.651062805860208,-5.384989811690814,-0.183147,0.091347,0.027766,-0.978439,0.98177,-0.087794,0.168584,0.020875,0.931373,0.363469,0.176577,1.049365,3.053918,-7.8072331635662815,-14.890443700216611,3.525436587140399,-0.071449,-0.12714,0.021613,0.989072,0.966737,0.060922,0.248413,-0.024586,0.988856,-0.146832,0.08403,1.02116,2.696199,-8.031110237146594,-27.06403669214911,18.161019684386833,-0.104068,-0.219744,0.136884,0.960284,0.865951,0.308631,0.393542,-0.217159,0.940866,-0.260028,F,BuildTutorial
40.088,0.22604,1.423739,2.60146,20.759944350944007,-12.340372915018296,-5.376562177182839,-0.183893,0.097205,0.026523,-0.977768,0.979695,-0.087618,0.180333,0.016116,0.93096,0.364766,0.177282,1.045028,3.056984,-6.920316488344674,-13.88654937806042,1.9764188925234043,-0.061984,-0.119615,0.009794,0.990835,0.971193,0.034237,0.235823,-0.00458,0.992124,-0.125175,0.079862,1.020677,2.6941,-7.897669080058402,-27.80762144861305,18.087788363789343,-0.103699,-0.226234,0.135881,0.958958,0.860709,0.307529,0.405716,-0.213689,0.941566,-0.260367,F,BuildTutorial
40.122,0.223876,1.423616,2.601303,20.795845163673135,-12.961816343366488,-5.350063393321786,-0.184316,0.102528,0.025262,-0.977178,0.9777,-0.087166,0.191064,0.011576,0.930779,0.365399,0.177253,1.04151,3.059927,-6.189892938895355,-13.73142843417012,2.558355009849397,-0.056255,-0.118142,0.015679,0.991278,0.971594,0.044377,0.232458,-0.017793,0.993179,-0.115234,0.076813,1.020532,2.692461,-7.940509616580656,-28.221846338865216,17.931781275441267,-0.104233,-0.229778,0.134107,0.958307,0.858435,0.304932,0.41244,-0.20913,0.942302,-0.261404,F,BuildTutorial
40.154,0.221906,1.423464,2.601146,20.819283309015077,-13.436144273811458,-5.313031529326511,-0.184584,0.106618,0.024158,-0.976718,0.976098,-0.08655,0.199353,0.007831,0.93069,0.365724,0.178357,1.042585,3.061728,-7.173222654342822,-13.148450032164646,3.0317728742236585,-0.065147,-0.112582,0.019069,0.991321,0.973923,0.052475,0.220726,-0.023138,0.990784,-0.133458,0.07409,1.020539,2.690907,-8.018835568428933,-28.64612724431576,17.777233585174304,-0.105065,-0.233352,0.132255,0.95761,0.856111,0.302332,0.41913,-0.204263,0.94294,-0.262947,F,BuildTutorial
40.188,0.220365,1.423407,2.600834,20.803981108412135,-13.774226012479454,-5.231097671868963,-0.184446,0.10964,0.022932,-0.976439,0.974907,-0.085228,0.205653,0.004338,0.930908,0.365229,0.179814,1.047559,3.062471,-8.794648068076434,-12.994299805858065,1.9471590957162264,-0.078086,-0.11151,0.008158,0.990657,0.974998,0.033578,0.219662,0.001252,0.987672,-0.156532,0.071631,1.020691,2.689837,-8.106210982667182,-29.072362690046152,17.819555999408042,-0.106369,-0.236746,0.13202,0.956665,0.853044,0.302962,0.424888,-0.202232,0.942513,-0.26603,F,BuildTutorial
40.221,0.21919,1.423503,2.600276,20.77438039559707,-13.941393657236471,-5.121261783555228,-0.184121,0.111258,0.02176,-0.976344,0.974297,-0.083459,0.209239,0.00152,0.931252,0.364373,0.182748,1.055723,3.062834,-10.575108620744402,-12.567138846368293,0.3889136534150352,-0.09197,-0.108672,-0.006727,0.989791,0.97629,0.006672,0.216362,0.033306,0.982993,-0.1806,0.06947,1.020987,2.68943,-8.127782738606358,-29.344923104639506,17.714732183380548,-0.106643,-0.239087,0.130843,0.956214,0.851435,0.301223,0.429329,-0.199235,0.943014,-0.266514,F,BuildTutorial
40.254,0.218563,1.423778,2.599544,20.671657290930757,-13.931651963823215,-4.990931412947406,-0.183119,0.111442,0.020779,-0.976533,0.974298,-0.081396,0.210043,-0.000232,0.932072,0.362274,0.187104,1.067948,3.062733,-13.475978242072284,-11.914289083198092,-0.6479735200845158,-0.116111,-0.103726,-0.017762,0.987646,0.977851,-0.010998,0.209015,0.059173,0.972406,-0.225668,0.068357,1.021119,2.689298,-8.177309559674875,-29.48087067607513,17.76203639949427,-0.107308,-0.240105,0.130998,0.955863,0.850378,0.301963,0.430902,-0.198902,0.942649,-0.26805,F,BuildTutorial
40.288,0.218465,1.424342,2.598625,20.487033126717215,-13.745037169829104,-4.818150288086545,-0.181348,0.110228,0.019806,-0.977021,0.974915,-0.07868,0.208208,-0.001278,0.933442,0.358727,0.191638,1.083607,3.061986,-16.921950436343494,-11.638981162083804,-1.030131615315156,-0.14547,-0.101603,-0.023764,0.983845,0.978224,-0.0172,0.206837,0.07632,0.956548,-0.28141,0.068112,1.021271,2.689579,-8.247321595031313,-29.406825020669626,17.747648671608882,-0.107774,-0.239399,0.130788,0.956017,0.851165,0.301672,0.429548,-0.198469,0.942559,-0.268688,F,BuildTutorial
40.321,0.219048,1.425098,2.597391,20.21008581722403,-13.34266601053236,-4.6801470219187395,-0.17879,0.107161,0.019559,-0.977839,0.976268,-0.076571,0.202578,-6.7e-05,0.935303,0.353847,0.196279,1.101826,3.060533,-20.37745316552414,-11.814003559941996,-1.5861997823526937,-0.174533,-0.103717,-0.031754,0.978659,0.976469,-0.025948,0.214091,0.098356,0.93706,-0.335029,0.068839,1.021337,2.690555,-8.30143889445409,-29.09995051836327,17.756146842041627,-0.10789,-0.236751,0.131025,0.95663,0.853564,0.30177,0.424693,-0.199598,0.942385,-0.268463,F,BuildTutorial
40.355,0.219995,1.426152,2.595978,19.82320224562036,-12.769591591688211,-4.547158357871133,-0.175272,0.102673,0.01971,-0.978953,0.97814,-0.074582,0.194114,0.002599,0.937783,0.347213,0.20106,1.121314,3.05926,-23.33528305682851,-11.91856501069762,-1.6528378755677424,-0.199654,-0.104567,-0.035043,0.973641,0.975675,-0.026483,0.217615,0.109993,0.91782,-0.381454,0.07012,1.021333,2.692012,-8.262012019077526,-28.67686558313299,17.99203966419832,-0.107558,-0.233054,0.133481,0.957236,0.855737,0.30568,0.417462,-0.205413,0.941228,-0.268132,F,BuildTutorial
40.388,0.221324,1.427577,2.594321,19.26451636909008,-12.04725552023348,-4.443846093182665,-0.170286,0.09693,0.020467,-0.980402,0.980371,-0.073143,0.183091,0.00712,0.941168,0.337865,0.206861,1.142977,3.058344,-26.45511327672932,-11.495476067950843,-1.1901280027437773,-0.226644,-0.099851,-0.032974,0.968285,0.977885,-0.018595,0.208314,0.109117,0.89509,-0.432327,0.072217,1.021744,2.693907,-8.307770596796828,-28.04254668654715,18.13651692398759,-0.107485,-0.227549,0.135183,0.958329,0.859894,0.308016,0.407072,-0.210184,0.940345,-0.267534,F,BuildTutorial
40.421,0.222926,1.429446,2.592396,18.51540866590472,-11.216994225330527,-4.369476594005631,-0.163666,0.090284,0.021734,-0.982136,0.982753,-0.072244,0.170227,0.013139,0.945482,0.325408,0.212954,1.167243,3.057065,-29.62692832385343,-10.940556051074523,-1.9933349607478463,-0.252867,-0.096574,-0.041109,0.961791,0.977967,-0.030235,0.206558,0.127917,0.868736,-0.478471,0.074858,1.022652,2.696701,-8.612478231387797,-27.15047968932361,18.09654412210026,-0.108891,-0.219668,0.135036,0.960028,0.867022,0.307117,0.392367,-0.211437,0.939816,-0.268402,F,BuildTutorial
40.454,0.224678,1.431636,2.590108,17.617626382550437,-10.420102233297207,-4.29827049228594,-0.155763,0.083954,0.023009,-0.983951,0.984844,-0.071434,0.158046,0.019126,0.950417,0.31039,0.217582,1.193998,3.055344,-32.843216629852435,-10.833857008949895,-2.4304517874041207,-0.279457,-0.0965,-0.046934,0.954143,0.97697,-0.035629,0.210382,0.143499,0.839402,-0.524226,0.078199,1.023535,2.699384,-8.808524850299554,-26.240046028772337,18.123158042709775,-0.1095,-0.211718,0.135718,0.961648,0.873512,0.307392,0.377474,-0.21466,0.939181,-0.268068,F,BuildTutorial
40.488,0.226352,1.434019,2.587678,16.661622899497754,-9.665327425152409,-4.33112154006502,-0.14742,0.077842,0.025058,-0.985688,0.986626,-0.072349,0.146068,0.026447,0.955279,0.294521,0.219927,1.224681,3.053298,-36.290138687640635,-11.840600085928507,-0.7589233197885412,-0.309107,-0.100065,-0.038381,0.944969,0.977028,-0.010676,0.212844,0.1344,0.80596,-0.576512,0.082093,1.024739,2.702619,-8.928564353244528,-25.23535107896264,18.41759069201713,-0.109831,-0.202819,0.13891,0.963071,0.879137,0.312112,0.360144,-0.22301,0.937282,-0.267896,F,BuildTutorial
40.521,0.227917,1.436674,2.585414,15.478599712501763,-9.01673462311464,-4.300335084429746,-0.137077,0.072797,0.026484,-0.987527,0.987999,-0.072264,0.136516,0.032349,0.961017,0.274591,0.220574,1.257884,3.053059,-39.26177023770348,-12.4983821362945,0.183839227352064,-0.334127,-0.10199,-0.035068,0.936337,0.976737,0.002484,0.214428,0.133826,0.774259,-0.618557,0.085937,1.026407,2.705942,-9.270450638075406,-24.127466781276578,18.48175292839144,-0.111454,-0.192922,0.139855,0.96478,0.886443,0.312862,0.34108,-0.226854,0.936037,-0.26902,F,BuildTutorial
40.555,0.229565,1.439699,2.583416,14.126128801059624,-8.62960490463991,-4.177345745575151,-0.125253,0.070147,0.026822,-0.989278,0.98872,-0.070642,0.132071,0.035497,0.967185,0.251583,0.218969,1.296093,3.054241,-42.14742272080976,-13.16658258243998,1.574444116081284,-0.358634,-0.102062,-0.028484,0.927445,0.977544,0.020371,0.209744,0.12604,0.741141,-0.659412,0.090092,1.027843,2.709167,-9.429670172207535,-23.07485737074932,18.42985854963147,-0.111417,-0.183862,0.140144,0.96651,0.893109,0.311871,0.32418,-0.22993,0.935892,-0.266905,F,BuildTutorial
40.588,0.231073,1.442767,2.581533,12.842194409820657,-8.364616316166037,-4.141681557270128,-0.114083,0.068395,0.027662,-0.990728,0.989114,-0.070416,0.129211,0.039205,0.97244,0.229833,0.21578,1.341172,3.054446,-45.69067193376339,-13.956533780950416,4.0727771522280625,-0.389104,-0.098198,-0.014635,0.915828,0.980286,0.049613,0.191254,0.103224,0.696768,-0.709831,0.094703,1.029269,2.712076,-9.496171639555852,-21.97173532145352,18.451080433367657,-0.110654,-0.174429,0.141273,0.96818,0.899233,0.312157,0.306492,-0.234952,0.935596,-0.26355,F,BuildTutorial
40.621,0.232241,1.446546,2.580599,11.207765415824683,-8.28303711976673,-4.223933128182329,-0.099978,0.068237,0.029533,-0.992208,0.988943,-0.07225,0.129506,0.044962,0.978265,0.202428,0.210721,1.395574,3.047764,-51.78848343766807,-15.762791981081204,8.138184583825263,-0.440249,-0.092349,0.0035,0.893107,0.982919,0.087565,0.161874,0.075062,0.612337,-0.787026,0.099548,1.03106,2.714887,-9.812121151926997,-20.720514628155076,18.215706529600315,-0.11143,-0.163602,0.139956,0.97017,0.907293,0.308023,0.286254,-0.235102,0.935991,-0.262006,F,BuildTutorial
40.654,0.232932,1.450608,2.580289,9.271669534174292,-8.353138498885707,-4.3934669481783075,-0.083331,0.069449,0.032222,-0.993577,0.988277,-0.075605,0.132636,0.052456,0.984036,0.170066,0.205449,1.45532,3.032282,-59.09604888799757,-20.04341714146006,13.67247194686457,-0.500196,-0.092507,0.016762,0.860794,0.982323,0.121401,0.142491,0.063687,0.499046,-0.864232,0.103391,1.032969,2.717842,-10.101091530035452,-19.536365534634797,17.892403831381266,-0.111984,-0.153456,0.137903,0.972056,0.914868,0.302468,0.26745,-0.233729,0.936885,-0.260034,F,BuildTutorial
40.688,0.233309,1.455304,2.580141,7.144473184383794,-8.435922416052675,-4.596624368357369,-0.065032,0.070857,0.035337,-0.994737,0.987461,-0.079517,0.136373,0.061085,0.989044,0.134387,0.205391,1.517617,3.002746,-68.69676476338735,-23.56033218283707,15.69288014536001,-0.57018,-0.091574,-0.003773,0.816392,0.9832,0.098267,0.153824,0.110589,0.349762,-0.930289,0.107753,1.034164,2.719859,-10.426718658170705,-18.44568545739264,17.781791333408894,-0.113281,-0.143832,0.137536,0.973429,0.920793,0.30035,0.24886,-0.235176,0.936502,-0.260107,F,BuildTutorial
40.722,0.233287,1.460959,2.580224,4.397633756269148,-8.64425319989549,-4.653624343700199,-0.041284,0.073693,0.037565,-0.995718,0.986316,-0.080894,0.143653,0.068725,0.993769,0.087751,0.208215,1.572738,2.96752,-77.96873937194371,-30.14513917580865,20.715500383538608,-0.633909,-0.089623,-0.02598,0.767758,0.982585,0.073733,0.170556,0.153519,0.19497,-0.96872,0.110324,1.034883,2.722084,-10.726784905033703,-17.76504366530229,17.649830731567555,-0.114843,-0.137745,0.13665,0.974251,0.924706,0.297901,0.23701,-0.234624,0.936276,-0.261417,F,BuildTutorial
40.755,0.232747,1.467179,2.579878,1.1856097496417577,-9.007902290344388,-4.604035535559628,-0.01346,0.078046,0.039229,-0.996087,0.98474,-0.080251,0.154424,0.076049,0.99656,0.032937,0.214425,1.616158,2.932198,-85.00147056902813,-41.90259643403027,29.835475334883512,-0.677534,-0.092321,-0.056187,0.727508,0.97664,0.043347,0.210465,0.206854,0.075581,-0.975448,0.111937,1.034824,2.724076,-10.801552939866726,-17.54434787825348,17.571794781417783,-0.11512,-0.135839,0.1361,0.974562,0.926049,0.296552,0.233431,-0.234001,0.936448,-0.261359,F,BuildTutorial
40.788,0.232104,1.473424,2.5784,-2.2802970044510738,-9.475063869083732,-4.549370216045257,0.016537,0.083297,0.041189,-0.995536,0.98273,-0.079255,0.167212,0.084765,0.99606,-0.026065,0.219627,1.647198,2.901943,-87.8315910569688,-123.24324948962628,109.95771133006193,-0.708225,-0.093746,-0.069819,0.696243,0.972674,0.035565,0.229435,0.230008,-0.012915,-0.973103,0.112909,1.03349,2.725304,-10.534144114096271,-17.97367597976454,17.968618498880737,-0.11385,-0.13948,0.139432,0.973726,0.922208,0.303297,0.239883,-0.239777,0.935194,-0.260614,F,BuildTutorial
40.821,0.231231,1.480021,2.575805,-5.896433675997236,-10.214740908871786,-4.63152880140915,0.047595,0.090902,0.044768,-0.993714,0.979465,-0.08032,0.184923,0.097626,0.991461,-0.086452,0.224207,1.668185,2.880858,-86.14659026584437,-167.5113835600387,154.6157481599226,-0.724724,-0.087077,-0.071647,0.67975,0.974569,0.02881,0.22223,0.223618,-0.060715,-0.972784,0.112518,1.031715,2.726269,-9.84705070733376,-18.851307877197677,18.42180161049008,-0.109693,-0.147507,0.143451,0.972436,0.915327,0.311354,0.255411,-0.246632,0.934779,-0.255659,F,BuildTutorial
40.855,0.230112,1.486455,2.571868,-9.583853730062112,-11.124397276239344,-4.887719904318196,0.07895,0.100045,0.050381,-0.990566,0.974906,-0.084014,0.206157,0.115608,0.982458,-0.146329,0.227028,1.681661,2.86446,-84.86215163876396,-170.3487246301985,157.73540296050203,-0.732593,-0.086311,-0.068884,0.671649,0.975611,0.03393,0.216869,0.218993,-0.082876,-0.9722,0.11145,1.03072,2.727192,-9.222928912000606,-19.585776160506857,18.84470776365818,-0.105913,-0.154279,0.147313,0.971226,0.908994,0.318829,0.268475,-0.253468,0.934163,-0.251186,F,BuildTutorial
40.888,0.229314,1.492346,2.566519,-12.927559517593318,-12.134574780821929,-5.144861887671764,0.107118,0.109943,0.056234,-0.986548,0.969501,-0.087402,0.228975,0.134509,0.970727,-0.198989,0.228326,1.688134,2.851924,-84.16083713136987,-164.29798255046646,152.66402923550328,-0.736058,-0.084784,-0.058362,0.669047,0.978811,0.046718,0.199364,0.202905,-0.090375,-0.975019,0.110797,1.030581,2.72733,-8.76131591395736,-20.054043574226505,19.41888034402302,-0.103417,-0.158432,0.152482,0.970028,0.903297,0.328593,0.275828,-0.263055,0.932108,-0.248952,F,BuildTutorial
40.921,0.229028,1.497313,2.560395,-15.919773110082009,-12.91113357910261,-5.4852674546394296,0.132116,0.117806,0.06264,-0.982213,0.964396,-0.091924,0.247972,0.154181,0.957243,-0.244774,0.228236,1.686134,2.840971,-82.19384906791232,-163.04566449020078,151.77980237360353,-0.7465,-0.087732,-0.050758,0.65762,0.979454,0.064224,0.19117,0.197742,-0.119678,-0.972921,0.111844,1.031319,2.72655,-8.86121414091431,-19.84354327328156,19.87373086277707,-0.104599,-0.15608,0.156363,0.969664,0.902379,0.335892,0.26998,-0.270588,0.929219,-0.251662,F,BuildTutorial
40.955,0.228972,1.5023,2.55379,-19.15269257243365,-13.69894073904864,-5.558463900584963,0.159278,0.12547,0.067288,-0.976914,0.95946,-0.0915,0.266581,0.171438,0.940206,-0.294316,0.225777,1.680104,2.832914,-80.5034907435631,-157.12918634612132,146.26128016314362,-0.753048,-0.094486,-0.038978,0.649979,0.979106,0.091635,0.181533,0.192975,-0.137201,-0.971564,0.112265,1.032805,2.726584,-9.364430496468124,-19.19132814625487,19.5764562535594,-0.10756,-0.150036,0.15366,0.970726,0.907756,0.330599,0.258232,-0.266048,0.929639,-0.254931,F,BuildTutorial
40.988,0.229412,1.507227,2.546867,-22.426854287341904,-14.499784442081554,-5.53995179405397,0.186702,0.132966,0.071537,-0.970745,0.954405,-0.089239,0.284864,0.188539,0.920049,-0.343457,0.220984,1.670302,2.828812,-79.4590791750021,-147.45840432023013,137.7488948829952,-0.753193,-0.099037,-0.020142,0.649989,0.979572,0.123004,0.159088,0.175372,-0.135411,-0.975145,0.112378,1.033417,2.726277,-9.461840920864708,-18.759626648836196,19.4878090315915,-0.107689,-0.146308,0.153165,0.971359,0.910269,0.329068,0.251247,-0.266045,0.929887,-0.254028,F,BuildTutorial
41.021,0.230481,1.511529,2.540085,-25.50802487269711,-15.009924838712308,-5.508079275493438,0.212501,0.137759,0.075263,-0.96447,0.950716,-0.086631,0.297715,0.203726,0.898358,-0.389164,0.215415,1.657342,2.827264,-78.59982578659826,-140.24262689783112,130.82691095172348,-0.751359,-0.106944,-0.008554,0.651115,0.97698,0.149567,0.15212,0.171846,-0.129226,-0.976611,0.111687,1.033327,2.725936,-9.419641703617234,-18.55934113604673,19.354038593077743,-0.106896,-0.144801,0.152282,0.971811,0.911686,0.326935,0.248881,-0.265021,0.930767,-0.251867,F,BuildTutorial
41.054,0.232073,1.515143,2.533379,-28.393864354901687,-15.3091065331951,-5.280108123403051,0.236864,0.140191,0.07689,-0.958295,0.948869,-0.080955,0.305113,0.213779,0.875967,-0.432413,0.208435,1.640439,2.82885,-78.18791632579497,-130.07566934253833,119.57361813691004,-0.741952,-0.124099,-0.004642,0.658851,0.969156,0.178034,0.170414,0.190268,-0.101029,-0.97652,0.110204,1.032725,2.725646,-9.428638279086352,-18.616467330557455,18.99408310306464,-0.106591,-0.145607,0.149162,0.972208,0.913098,0.321074,0.251322,-0.258992,0.932778,-0.250696,F,BuildTutorial
41.088,0.233407,1.517775,2.527277,-30.488037283269904,-15.490527868639484,-5.073083379988518,0.254522,0.14143,0.07771,-0.953508,0.947917,-0.076201,0.309268,0.220189,0.85836,-0.463395,0.201287,1.62244,2.832042,-77.79737459733954,-118.7536476910462,106.9610316929271,-0.728575,-0.141483,-0.002974,0.670188,0.959947,0.202176,0.193975,0.210149,-0.061661,-0.975723,0.107976,1.032046,2.726032,-9.250556092065615,-18.83883480174995,18.76193572162872,-0.105077,-0.147979,0.147256,0.972305,0.912836,0.317453,0.256816,-0.255256,0.934549,-0.247915,F,BuildTutorial
41.121,0.234595,1.519694,2.521935,-32.4410747442477,-15.553841506537578,-4.9096016162407645,0.270947,0.141665,0.078512,-0.94887,0.947534,-0.072228,0.311388,0.225763,0.840847,-0.491942,0.196437,1.602791,2.831727,-77.53996476166704,-114.26145166322485,100.68801771508556,-0.721048,-0.156262,-0.009874,0.674963,0.950969,0.212016,0.225182,0.238674,-0.040015,-0.970275,0.105979,1.031385,2.726639,-8.946976695298863,-19.006435368476165,18.67010685126158,-0.102608,-0.149942,0.146787,0.972339,0.911942,0.316223,0.261465,-0.254683,0.935851,-0.243557,F,BuildTutorial
41.154,0.235348,1.520984,2.517225,-33.81442341047072,-15.461703449538575,-4.928509936775545,0.282379,0.140977,0.079849,-0.945522,0.9475,-0.07138,0.311688,0.230616,0.827772,-0.511478,0.192547,1.58136,2.828939,-76.44429325078511,-114.99126291418769,99.68025269723032,-0.720773,-0.173202,-0.013878,0.67104,0.939617,0.231054,0.252456,0.268304,-0.039412,-0.962528,0.104045,1.031715,2.727357,-8.956015853741874,-19.139069349738183,18.885587526680617,-0.103138,-0.15086,0.148482,0.971883,0.910389,0.319732,0.262608,-0.257495,0.934632,-0.245276,F,BuildTutorial
41.188,0.236084,1.520628,2.513458,-34.396079998858184,-15.378947469620444,-4.704069086650951,0.287524,0.139739,0.078381,-0.944277,0.948659,-0.06767,0.308977,0.228383,0.822373,-0.521099,0.187017,1.560371,2.828951,-74.87041554085155,-106.9195228982887,90.96298196111736,-0.708636,-0.189248,-0.005333,0.6797,0.928313,0.260966,0.264823,0.275466,-0.004387,-0.961301,0.102954,1.032632,2.727977,-9.346312462481263,-19.150211128236087,18.856224836173396,-0.106409,-0.150388,0.147622,0.971735,0.911182,0.318904,0.260858,-0.254894,0.93377,-0.251204,F,BuildTutorial
41.221,0.236556,1.519967,2.510572,-34.224969614213734,-15.210585416868248,-4.7482482092785165,0.28617,0.138462,0.078152,-0.944895,0.949441,-0.068444,0.306393,0.226939,0.823998,-0.51916,0.186769,1.5391,2.829489,-75.59181412277036,-97.47627288595494,78.26921826641741,-0.688402,-0.205648,-0.028422,0.694985,0.913802,0.243632,0.324977,0.322643,0.050591,-0.945168,0.101563,1.033656,2.728752,-9.64694094400855,-19.526359695888285,19.034605335888035,-0.109667,-0.152948,0.148311,0.970868,0.909222,0.321527,0.264455,-0.254434,0.931954,-0.258311,F,BuildTutorial
41.255,0.236841,1.518367,2.508756,-33.546186753772105,-15.24071721079213,-4.636959574431408,0.280663,0.138434,0.076628,-0.946674,0.949928,-0.067377,0.305117,0.22279,0.830713,-0.510177,0.188476,1.519788,2.830817,-77.18194898940612,-84.24662834004755,62.12926397175934,-0.66681,-0.210343,-0.059228,0.712469,0.904495,0.196122,0.378714,0.364915,0.103712,-0.925246,0.100544,1.033978,2.730291,-9.743187076136651,-19.78081594135436,19.42770755271937,-0.111338,-0.154574,0.151242,0.969967,0.906466,0.327819,0.266185,-0.258979,0.92946,-0.262745,F,BuildTutorial
41.287,0.236955,1.515803,2.50901,-31.689083500779976,-15.177561513070616,-4.454671673863051,0.265495,0.137467,0.07309,-0.951459,0.951521,-0.06609,0.300398,0.212078,0.848341,-0.485119,0.187945,1.500054,2.83158,-75.88578327443496,-76.09693288628083,52.37164152077107,-0.648999,-0.222493,-0.066019,0.724526,0.892277,0.19313,0.408097,0.384461,0.148883,-0.911056,0.100112,1.033987,2.731373,-9.4546437787259,-20.21702400151864,19.673806731951807,-0.109825,-0.158483,0.153368,0.969175,0.902723,0.332092,0.273508,-0.26247,0.928833,-0.261492,F,BuildTutorial
41.32,0.236311,1.511751,2.510898,-28.543145727700644,-15.185775309427903,-4.5339836254008095,0.2391,0.137621,0.070547,-0.9586,0.952167,-0.069442,0.297583,0.201063,0.875708,-0.438986,0.187973,1.483412,2.834342,-75.57837026956537,-65.15539121482271,40.81135079712469,-0.632308,-0.218781,-0.077044,0.739179,0.892399,0.162775,0.420867,0.390572,0.188502,-0.901067,0.099832,1.035067,2.733048,-9.299713651138743,-20.55309045841936,20.402856939949665,-0.109997,-0.160874,0.159461,0.967777,0.897383,0.344037,0.2763,-0.273254,0.924946,-0.264212,F,BuildTutorial
41.354,0.236006,1.506042,2.514627,-24.40924914183489,-15.370055534430028,-4.313149972536037,0.204438,0.138496,0.0647,-0.96687,0.953265,-0.068485,0.29427,0.181741,0.908038,-0.377409,0.18543,1.470151,2.838207,-74.02792451033092,-57.90283273618478,33.907275354158685,-0.616593,-0.216118,-0.075009,0.753313,0.895334,0.153504,0.418108,0.379523,0.228373,-0.896553,0.101336,1.037665,2.734261,-9.45949753540481,-20.286125584663697,20.570839167641083,-0.1112,-0.158194,0.160875,0.967847,0.898188,0.346588,0.270437,-0.276223,0.923507,-0.266149,F,BuildTutorial
41.387,0.235232,1.499829,2.519779,-19.42486220914955,-15.28121647743107,-4.411902616667386,0.162037,0.137392,0.060017,-0.975328,0.955043,-0.072547,0.287454,0.161598,0.940284,-0.299587,0.180741,1.459419,2.840592,-71.89895832440703,-61.49961439778194,37.320982691771846,-0.610445,-0.230718,-0.061782,0.755188,0.885904,0.188368,0.423901,0.374995,0.247081,-0.893493,0.103859,1.041431,2.734419,-9.982296345158982,-19.791881654537068,21.067298462881705,-0.115562,-0.152654,0.16471,0.967581,0.899135,0.354023,0.257342,-0.283459,0.919032,-0.273919,F,BuildTutorial
41.421,0.233684,1.491873,2.525821,-13.639770172214298,-15.367083795260196,-4.537356185788948,0.112335,0.13731,0.054817,-0.98261,0.956282,-0.076878,0.28216,0.138577,0.968752,-0.205708,0.178309,1.451719,2.844094,-70.35557787178557,-60.62607632274152,36.35483842210929,-0.601227,-0.236804,-0.056143,0.761116,0.881544,0.199282,0.42798,0.370209,0.270748,-0.888617,0.107042,1.046066,2.734116,-10.860339803575885,-18.999925791281,21.28393087548748,-0.122072,-0.144244,0.165971,0.967856,0.903294,0.356488,0.238695,-0.286056,0.915104,-0.284177,F,BuildTutorial
41.454,0.231935,1.482044,2.532285,-7.326202921648957,-15.479435618626622,-4.350317454882743,0.058161,0.136704,0.04613,-0.987827,0.958368,-0.075235,0.275446,0.107038,0.988979,-0.102294,0.178865,1.447135,2.848919,-69.71498794255162,-55.229661108849456,32.46497497072628,-0.592565,-0.22363,-0.051111,0.772169,0.894755,0.186097,0.405933,0.343963,0.292509,-0.89226,0.110538,1.050346,2.733204,-11.605210861750432,-18.138655739678597,21.414960167397584,-0.127236,-0.135542,0.166873,0.968294,0.907563,0.357656,0.220024,-0.288673,0.911928,-0.291641,F,BuildTutorial
41.487,0.229678,1.470728,2.539303,-0.5073539942907662,-15.579978024359091,-4.170382292968631,-0.000548,0.135611,0.036649,-0.990084,0.960533,-0.072719,0.268493,0.072422,0.997313,0.011024,0.179856,1.443359,2.850916,-69.43462396605061,-53.569857545025855,32.00792230309926,-0.59084,-0.215886,-0.044401,0.776099,0.902843,0.186189,0.387566,0.324028,0.297874,-0.897929,0.113875,1.054093,2.731512,-12.437111435365678,-17.599012024978343,21.840681608031097,-0.133918,-0.129044,0.169842,0.967764,0.909003,0.363297,0.204279,-0.294172,0.906439,-0.303036,F,BuildTutorial
41.52,0.227285,1.457199,2.546005,6.485275941218299,-15.728955506817115,-4.268340824346127,-0.061081,0.13443,0.029096,-0.988611,0.962164,-0.073952,0.262244,0.041107,0.990845,0.128594,0.180897,1.439052,2.851844,-68.45083531618107,-52.79747277000582,31.96810813911894,-0.585553,-0.214678,-0.036464,0.78084,0.905167,0.194466,0.377962,0.308355,0.311597,-0.898791,0.115633,1.057084,2.730364,-12.627227418640755,-17.429442415172165,22.3732651159716,-0.135852,-0.126646,0.174257,0.967026,0.907191,0.371431,0.197593,-0.302611,0.902358,-0.306883,F,BuildTutorial
41.554,0.225058,1.441646,2.551673,13.984761986977,-15.844132788639431,-4.444128189704098,-0.125789,0.132023,0.021351,-0.983001,0.964228,-0.07519,0.254186,0.008762,0.967443,0.252938,0.183268,1.434921,2.851456,-67.84689031276164,-51.00671689368224,30.605575840751083,-0.580138,-0.21167,-0.034114,0.785794,0.908064,0.191982,0.372239,0.299209,0.324553,-0.897296,0.118119,1.058954,2.728537,-12.743425597777367,-17.35888326422095,23.191688442004427,-0.137614,-0.124861,0.181072,0.965756,0.903245,0.384108,0.191335,-0.315377,0.896551,-0.311022,F,BuildTutorial
41.587,0.223202,1.425921,2.555655,21.355546822028,-15.83240762473886,-4.701899480320386,-0.188917,0.127698,0.014429,-0.973548,0.96697,-0.076343,0.243188,-0.020154,0.928204,0.371525,0.186157,1.430281,2.849873,-67.54290206720042,-49.85897822466883,29.791110813955356,-0.577217,-0.209025,-0.032659,0.78871,0.910484,0.189788,0.367423,0.292822,0.331508,-0.89686,0.119928,1.060428,2.726585,-13.090007762880228,-17.269760463742827,23.87854755583892,-0.141111,-0.122619,0.186454,0.964514,0.900399,0.39428,0.183915,-0.325069,0.890646,-0.317932,F,BuildTutorial
41.62,0.221695,1.411136,2.559548,27.747300156008208,-15.816199360679116,-4.916590635917,-0.243012,0.123261,0.008285,-0.962125,0.969476,-0.07585,0.233158,-0.043965,0.881754,0.469657,0.188558,1.424248,2.84824,-66.63775868820727,-49.736709477248446,29.49575588566935,-0.571404,-0.212966,-0.030391,0.791972,0.907444,0.195242,0.372057,0.291517,0.345147,-0.892128,0.12129,1.060982,2.724302,-13.219193412007712,-17.35578277635607,24.319771130122824,-0.142803,-0.122546,0.189868,0.963608,0.897865,0.400917,0.181946,-0.330917,0.887115,-0.321747,F,BuildTutorial
41.654,0.220027,1.39762,2.56333,33.2688930344715,-15.899203935847437,-5.3191213314892,-0.289357,0.119216,0.004484,-0.949758,0.971535,-0.077508,0.223857,-0.060475,0.832505,0.550708,0.191545,1.417922,2.847332,-65.94139189147165,-48.66590222210307,28.593541926967426,-0.565872,-0.212522,-0.028521,0.796121,0.908042,0.195109,0.370666,0.285934,0.35795,-0.888884,0.120989,1.060025,2.72204,-12.679476271828944,-17.803587600699807,24.75489225296272,-0.139524,-0.126836,0.193784,0.962753,0.892721,0.408526,0.190148,-0.337739,0.885962,-0.317811,F,BuildTutorial
41.687,0.218672,1.387472,2.566083,37.67411772153768,-15.909558611799296,-5.656011207105973,-0.325844,0.115043,0.001617,-0.938397,0.973525,-0.078007,0.214858,-0.071938,0.787646,0.611914,0.19483,1.410105,2.847082,-65.32061963224832,-46.67972114575529,27.282260017608102,-0.560183,-0.207275,-0.02547,0.801613,0.912777,0.19139,0.360844,0.273057,0.371092,-0.887542,0.119436,1.059092,2.718882,-12.81103429229698,-18.105653494250607,25.21063519773644,-0.141643,-0.12855,0.197039,0.961555,0.889301,0.415344,0.191397,-0.342511,0.882226,-0.323054,F,BuildTutorial
41.721,0.217054,1.380326,2.570897,40.09313910033647,-15.785082012857156,-5.714738130985071,-0.345545,0.11191,-0.000625,-0.931705,0.974952,-0.076175,0.208966,-0.078505,0.761196,0.643753,0.197156,1.400459,2.847095,-64.2609442912559,-46.66784323595349,27.313074852257927,-0.553738,-0.210641,-0.021117,0.805332,0.910369,0.199267,0.362658,0.267292,0.385857,-0.882989,0.117024,1.056175,2.715688,-12.501445486934523,-18.587958947536706,25.063251403102942,-0.139724,-0.133401,0.195692,0.96145,0.887818,0.413574,0.201832,-0.339017,0.884364,-0.320886,F,BuildTutorial
41.754,0.215496,1.373462,2.575892,42.050855470590626,-15.631680734627649,-5.621349770656386,-0.361246,0.109353,-0.003386,-0.92603,0.976061,-0.072736,0.204975,-0.085278,0.738979,0.66831,0.199116,1.38886,2.848478,-62.679079598767935,-46.72105898909976,27.421601945187113,-0.544139,-0.215842,-0.014509,0.810626,0.906404,0.211373,0.365723,0.258418,0.407405,-0.875923,0.112327,1.051353,2.712829,-11.35996777568023,-19.490912053622097,24.530927879333287,-0.131101,-0.143873,0.191977,0.961903,0.884891,0.40705,0.226446,-0.331603,0.891915,-0.307453,F,BuildTutorial
41.787,0.214574,1.366364,2.579998,44.379523056647315,-15.390071999527638,-5.440755764985359,-0.379737,0.10608,-0.006963,-0.918966,0.977397,-0.067767,0.200256,-0.093363,0.711503,0.696453,0.201971,1.376073,2.851313,-61.0887986171561,-44.54202667197662,26.009512429311357,-0.531682,-0.212195,-0.008316,0.819889,0.909808,0.212004,0.356797,0.239278,0.434491,-0.868311,0.107344,1.045683,2.709358,-10.113010887561416,-20.226117388017553,24.4867381019567,-0.121887,-0.152529,0.192833,0.96161,0.879101,0.408042,0.246339,-0.333678,0.895918,-0.29324,F,BuildTutorial
41.821,0.214282,1.359058,2.582961,46.82529423892233,-15.159292328127265,-5.452409842363394,-0.39919,0.102173,-0.009087,-0.911112,0.978956,-0.065013,0.193437,-0.098132,0.68113,0.725556,0.204934,1.362808,2.853775,-59.566400049896416,-42.86457897731917,24.81112178376576,-0.519706,-0.2104,-0.003704,0.828024,0.911436,0.212559,0.352282,0.224826,0.459783,-0.8591,0.101777,1.040728,2.705661,-9.16898514108748,-20.924853242217853,23.782888156291776,-0.114212,-0.160929,0.187781,0.962183,0.87768,0.39812,0.266793,-0.3246,0.903388,-0.280225,F,BuildTutorial
41.854,0.214306,1.35188,2.585836,49.124524709694235,-14.73998598508528,-5.526710140206311,-0.417393,0.096658,-0.009774,-0.903518,0.981124,-0.063026,0.182823,-0.098351,0.651375,0.752355,0.207981,1.348549,2.856228,-57.644508832085585,-42.23273889573731,24.059602950400937,-0.50563,-0.214971,0.000473,0.835539,0.907575,0.218181,0.358755,0.216601,0.488676,-0.845151,0.095247,1.03628,2.701717,-8.414652662086205,-21.90363853127316,22.957127740623815,-0.108294,-0.171348,0.181191,0.962332,0.875619,0.385844,0.290544,-0.31162,0.910885,-0.270523,F,BuildTutorial
41.887,0.214842,1.345179,2.588962,51.10888078509367,-14.003929575385632,-5.2955635627134425,-0.432775,0.090082,-0.011163,-0.896921,0.983521,-0.057947,0.171255,-0.097995,0.625163,0.774318,0.212207,1.334874,2.858987,-55.69343582112083,-40.48334266739535,22.66260063132524,-0.489824,-0.213843,0.00454,0.845176,0.908501,0.217166,0.357022,0.201816,0.520103,-0.829918,0.088424,1.032402,2.697231,-7.791290518767868,-22.939582427158864,22.525467316224336,-0.104048,-0.181567,0.177716,0.961574,0.870901,0.379557,0.312199,-0.30399,0.915182,-0.264635,F,BuildTutorial
41.921,0.215969,1.338176,2.592348,53.03555278675097,-13.236853653111424,-4.922630536531348,-0.44752,0.08399,-0.013241,-0.890223,0.985541,-0.0516,0.161391,-0.098749,0.599101,0.79456,0.217497,1.321685,2.86139,-54.29227354959497,-38.368868213800454,21.466407052124648,-0.477842,-0.207043,0.009209,0.853648,0.914097,0.213591,0.344683,0.182145,0.543165,-0.819631,0.081727,1.028237,2.692699,-7.001178449124421,-23.909717578987724,21.936819006930257,-0.097982,-0.191612,0.173377,0.961054,0.866451,0.370798,0.334323,-0.2957,0.92068,-0.254775,F,BuildTutorial
41.954,0.217054,1.330702,2.595456,55.04254169224404,-12.447352457836828,-4.697845317107425,-0.462909,0.077235,-0.013919,-0.882925,0.987682,-0.046927,0.149271,-0.096083,0.571044,0.815277,0.223242,1.309338,2.862505,-53.05940243589645,-36.94286878889236,20.82923682745487,-0.467914,-0.202217,0.014218,0.860211,0.917812,0.213702,0.334593,0.164779,0.561709,-0.81076,0.074673,1.024222,2.687893,-6.289720664346975,-25.02996308124289,21.346664338950287,-0.092704,-0.202706,0.168854,0.960107,0.860797,0.361819,0.357931,-0.286653,0.925789,-0.246466,F,BuildTutorial
41.987,0.218187,1.324749,2.597275,57.21657619960602,-11.694669907678144,-4.440670951253659,-0.479435,0.070919,-0.014909,-0.87458,0.989497,-0.041925,0.138344,-0.09408,0.53984,0.836494,0.229321,1.297428,2.862836,-51.67366079702906,-35.627412084645734,19.846131463544005,-0.456157,-0.199723,0.016334,0.867044,0.919688,0.210534,0.331436,0.153886,0.583308,-0.79754,0.067555,1.020178,2.683463,-5.659522257987777,-26.121541966531336,20.557755712826772,-0.087595,-0.213505,0.162634,0.959319,0.855932,0.34944,0.381146,-0.274632,0.931754,-0.23751,F,BuildTutorial
42.022,0.21922,1.319963,2.599782,58.70116943700992,-11.015586057138515,-4.13144031372558,-0.490588,0.06602,-0.015741,-0.868745,0.990787,-0.037427,0.130154,-0.092127,0.518152,0.850313,0.235536,1.285554,2.86248,-50.33014301447317,-34.11516357632491,18.921385689234583,-0.444632,-0.19506,0.019189,0.874006,0.923167,0.207002,0.323902,0.139917,0.603868,-0.784708,0.061237,1.015501,2.679408,-4.815641211697156,-27.05364554966995,19.7177737174118,-0.080257,-0.223249,0.156644,0.958739,0.851245,0.336196,0.402932,-0.264526,0.938043,-0.223833,F,BuildTutorial
42.054,0.219586,1.315524,2.603594,59.45514697267882,-10.57411173953372,-3.987227249034412,-0.496252,0.062793,-0.015584,-0.865765,0.991628,-0.035338,0.124195,-0.089306,0.506983,0.857317,0.241434,1.273675,2.862053,-49.06744267362918,-32.37150070869219,17.639802595666026,-0.432937,-0.189444,0.01958,0.881075,0.927455,0.198538,0.316875,0.129531,0.624364,-0.770319,0.055809,1.010392,2.675656,-3.918357964958296,-27.85812223371219,19.01030545333664,-0.072455,-0.231797,0.15207,0.958068,0.84629,0.324976,0.422119,-0.257797,0.94325,-0.209333,F,BuildTutorial
42.087,0.220044,1.310686,2.607563,60.2257180951246,-10.44305755447929,-3.9312569196467906,-0.502029,0.061541,-0.016084,-0.862508,0.991908,-0.034046,0.122309,-0.089536,0.495416,0.864029,0.246338,1.261134,2.860533,-47.58996709758816,-31.8169640295384,17.25986626338729,-0.421253,-0.18974,0.0227,0.886583,0.926967,0.200107,0.317315,0.119607,0.644062,-0.755565,0.052195,1.005059,2.672106,-2.9431793226383247,-28.49701251183225,18.140917181071007,-0.063369,-0.239046,0.146507,0.957798,0.842786,0.310943,0.439348,-0.250351,0.949041,-0.191433,F,BuildTutorial
42.121,0.221069,1.305275,2.610511,61.46423782413177,-10.306413806283851,-4.122151559722592,-0.511407,0.058851,-0.015081,-0.857189,0.992618,-0.034339,0.116317,-0.086047,0.476471,0.874969,0.250744,1.247895,2.857968,-45.95273481895715,-32.09498737691648,17.786877013468676,-0.409976,-0.193448,0.030177,0.890835,0.923334,0.212384,0.319917,0.104853,0.662018,-0.742118,0.050111,1.000073,2.669184,-1.9174152468913612,-28.90710314457431,17.470135695428798,-0.053914,-0.244205,0.142911,0.957619,0.839881,0.30004,0.452301,-0.247376,0.95334,-0.173056,F,BuildTutorial
42.154,0.222581,1.299752,2.613233,62.885828001953065,-10.028154967834052,-4.515953014951712,-0.522187,0.054035,-0.012072,-0.851032,0.993869,-0.035886,0.104579,-0.07698,0.45435,0.887491,0.255984,1.234682,2.855323,-44.396458047218694,-31.53911571515876,17.502485755189298,-0.397643,-0.193378,0.034084,0.896283,0.922887,0.214889,0.319536,0.092692,0.681437,-0.725984,0.048967,0.996024,2.667253,-1.1538305835306006,-29.00983360276589,16.905172947165543,-0.046456,-0.246297,0.139804,0.957932,0.839585,0.290729,0.458883,-0.244961,0.956594,-0.15787,F,BuildTutorial
42.187,0.224544,1.294994,2.615453,64.3393902992006,-9.687423020386255,-5.057470180320059,-0.533164,0.047998,-0.0077,-0.844614,0.995274,-0.038174,0.08929,-0.064189,0.431353,0.899897,0.26228,1.220464,2.852916,-42.704941188218726,-30.316105580291364,16.40033500262498,-0.382579,-0.190918,0.033986,0.903343,0.92479,0.207485,0.318925,0.08468,0.704957,-0.704176,0.049841,0.992057,2.666084,-0.4915243095600699,-28.655496834058685,16.316400639533146,-0.039231,-0.244372,0.136441,0.959233,0.843333,0.280931,0.458113,-0.242584,0.95969,-0.141947,F,BuildTutorial
42.221,0.22683,1.291276,2.617634,65.3562644164278,-9.058182130380946,-5.504753741575487,-0.540804,0.040544,-0.002293,-0.840168,0.996702,-0.04,0.070608,-0.047706,0.415052,0.908546,0.268706,1.207203,2.851508,-40.75041043542964,-29.107323553249664,15.35884984030428,-0.365451,-0.188419,0.034545,0.910907,0.92661,0.200651,0.318015,0.074781,0.730505,-0.678801,0.051298,0.988616,2.666751,0.3702925996245664,-28.035288789945017,16.009646722254786,-0.030626,-0.240296,0.135884,0.960654,0.847587,0.275793,0.453359,-0.246356,0.961195,-0.124147,F,BuildTutorial
42.254,0.229425,1.288326,2.620458,65.86007796061286,-8.044730673441727,-5.595278402305703,-0.544503,0.032338,0.002779,-0.838131,0.997893,-0.039875,0.05118,-0.030557,0.407019,0.912909,0.275388,1.194734,2.850318,-39.087558983219445,-27.888796578885582,15.321142068683791,-0.352044,-0.18179,0.042027,0.917198,0.930373,0.205091,0.303883,0.050901,0.748598,-0.661068,0.054254,0.985664,2.667742,1.0753888336981674,-27.21823023319245,15.941608341428507,-0.023594,-0.234278,0.136956,0.962185,0.852714,0.274608,0.444375,-0.252498,0.961373,-0.109576,F,BuildTutorial
42.287,0.232413,1.285774,2.62329,66.18155485637307,-6.787296373517248,-5.3427876709812665,-0.546729,0.024139,0.006696,-0.836935,0.998745,-0.037604,0.033083,-0.015186,0.402084,0.915477,0.282255,1.183778,2.849741,-37.64737399575411,-26.560578484808502,14.99723792547704,-0.339718,-0.174588,0.046734,0.922999,0.93467,0.204892,0.290537,0.032351,0.764815,-0.643437,0.058001,0.983462,2.669691,1.4595245984590963,-26.211866016641967,15.798794680756512,-0.018874,-0.226287,0.136704,0.964235,0.860212,0.272172,0.431227,-0.255089,0.961911,-0.098266,F,BuildTutorial
42.32,0.235922,1.283582,2.62558,66.44806424636981,-5.372860201043149,-5.051296194252429,-0.548508,0.015052,0.011167,-0.835935,0.999298,-0.035182,0.012915,0.002157,0.398029,0.91737,0.289945,1.174709,2.849899,-36.39757617953649,-24.69492565502943,13.894588970842904,-0.327422,-0.164749,0.045953,0.929269,0.941492,0.193291,0.276101,0.022479,0.781367,-0.623668,0.062502,0.981445,2.671968,1.812033243783626,-25.159500330008346,15.637351948617775,-0.014336,-0.217846,0.136168,0.966331,0.868003,0.269413,0.417117,-0.256921,0.962506,-0.087035,F,BuildTutorial
42.354,0.239636,1.282696,2.626943,66.74755499616516,-3.713128668297158,-4.647773956243321,-0.550455,0.004739,0.016037,-0.834698,0.999441,-0.031989,-0.009743,0.021554,0.393485,0.919078,0.298095,1.167878,2.849902,-35.54691121720659,-22.485144359475917,12.779616294864212,-0.318199,-0.151184,0.044803,0.934819,0.950272,0.179979,0.254147,0.012448,0.793485,-0.608463,0.06686,0.979818,2.675414,2.176952621036774,-23.924556224429104,15.492774829956732,-0.009518,-0.207844,0.135739,0.968651,0.876752,0.266924,0.400073,-0.259011,0.962969,-0.074865,F,BuildTutorial
42.387,0.243359,1.282701,2.628098,66.669174528057,-1.9417178862906217,-4.077791112273981,-0.549604,-0.005401,0.020415,-0.835158,0.999108,-0.028162,-0.031462,0.040036,0.395037,0.917792,0.305461,1.162396,2.849564,-34.742719260211345,-20.945687203071433,12.26073913737122,-0.310437,-0.141134,0.046263,0.938919,0.955882,0.1745,0.236303,0.000752,0.802977,-0.59601,0.071953,0.978668,2.67908,2.5102915283995713,-22.610524358914123,15.423330962580614,-0.005014,-0.197099,0.135808,0.970919,0.885416,0.265694,0.381372,-0.261741,0.963062,-0.063271,F,BuildTutorial
42.42,0.24683,1.284519,2.630078,65.78895330043225,-0.5696216830123806,-3.677261675219454,-0.542941,-0.013253,0.024242,-0.839316,0.998473,-0.026302,-0.048571,0.055085,0.409255,0.910756,0.311987,1.159228,2.848816,-34.25437992453498,-19.753916762361843,11.960725403192328,-0.305629,-0.132806,0.047851,0.941628,0.960146,0.171294,0.220858,-0.008937,0.808603,-0.588287,0.076856,0.978905,2.683582,2.540388602811943,-21.189544249602115,15.49411899746999,-0.003188,-0.185076,0.136508,0.973192,0.894225,0.266876,0.359358,-0.264516,0.962711,-0.056733,F,BuildTutorial
42.454,0.249577,1.287956,2.632832,63.98343480901149,0.1520191153536136,-3.7192696931593066,-0.529481,-0.018317,0.028225,-0.847655,0.997736,-0.028453,-0.060941,0.067246,0.437707,0.896599,0.318293,1.158546,2.847483,-34.39495119839542,-18.70142627319122,11.634719564130489,-0.305967,-0.124844,0.047748,0.942613,0.964268,0.166413,0.20614,-0.01362,0.808209,-0.588739,0.08205,0.980003,2.687937,2.2555461208467613,-19.806487285920326,15.51515878205705,-0.003999,-0.172995,0.136299,0.975438,0.90299,0.267286,0.336402,-0.264519,0.962813,-0.054959,F,BuildTutorial
42.487,0.25166,1.293339,2.636581,61.15662542056584,0.2965477073228095,-4.119372314182223,-0.508305,-0.02051,0.032258,-0.860328,0.997078,-0.034653,-0.068085,0.076355,0.48117,0.873296,0.324793,1.158754,2.846056,-34.618291041195896,-17.370593691948365,11.099083568025398,-0.306679,-0.11505,0.04655,0.943687,0.969193,0.158423,0.18859,-0.01729,0.807563,-0.589528,0.086813,0.982029,2.692732,1.741413578257838,-18.540802986718077,15.458513330531312,-0.006802,-0.161629,0.135146,0.97753,0.911223,0.266417,0.314156,-0.262019,0.963379,-0.056985,F,BuildTutorial
42.52,0.253242,1.300649,2.640275,57.826893603619304,0.1216894203634844,-4.547801333255877,-0.48307,-0.020112,0.035244,-0.874641,0.996707,-0.042222,-0.069232,0.081083,0.530802,0.843608,0.330823,1.158947,2.844497,-34.6964509434156,-16.084251488255322,10.587335386393114,-0.306307,-0.105728,0.04566,0.944941,0.973474,0.151062,0.171841,-0.021521,0.808183,-0.588538,0.090708,0.984454,2.697563,1.2054745658951973,-17.531123504389356,15.583230776471249,-0.010358,-0.152386,0.135568,0.978924,0.9168,0.268578,0.295541,-0.262265,0.963028,-0.061597,F,BuildTutorial
42.554,0.254042,1.308691,2.64272,54.4943545315165,-0.2780039657593987,-5.1789915198917775,-0.457459,-0.01853,0.039057,-0.88818,0.996262,-0.052426,-0.06865,0.086332,0.578412,0.811163,0.336735,1.158682,2.842583,-34.80252669823217,-14.6889288876439,9.83992749238321,-0.305977,-0.096096,0.043078,0.946196,0.97782,0.140327,0.15549,-0.022714,0.809044,-0.587309,0.093859,0.987065,2.702364,0.7152745627140731,-16.736677366643594,15.701262575886812,-0.013761,-0.145013,0.136034,0.979937,0.920932,0.270601,0.280464,-0.262619,0.962611,-0.066423,F,BuildTutorial
42.587,0.254335,1.317292,2.643943,51.525229216334345,-0.8105270767199638,-5.815716395640953,-0.434396,-0.015687,0.042616,-0.899576,0.995876,-0.063044,-0.065247,0.090301,0.618967,0.780208,0.342335,1.157694,2.840482,-34.810918194618615,-13.09373589759872,8.862919863572422,-0.304699,-0.085508,0.039244,0.947791,0.982297,0.126498,0.138173,-0.022281,0.811237,-0.584292,0.096973,0.990125,2.706625,0.0703287866454265,-16.106704488528475,15.689907594270023,-0.01852,-0.138867,0.135232,0.98086,0.924857,0.270431,0.267409,-0.260144,0.962739,-0.07389,F,BuildTutorial
42.62,0.254126,1.325736,2.643991,48.832592467200186,-1.345398942543883,-6.308751767534292,-0.413297,-0.01207,0.045256,-0.909391,0.995612,-0.072334,-0.059361,0.092288,0.654274,0.750605,0.34749,1.155411,2.838439,-34.3996330391618,-11.32060328486609,7.182265823011298,-0.299587,-0.075603,0.030435,0.950582,0.986716,0.103161,0.125498,-0.012562,0.818643,-0.574165,0.099597,0.993313,2.710581,-0.6276777561402856,-15.60716812201845,15.91921556808963,-0.024176,-0.133716,0.136454,0.981283,0.927001,0.274265,0.255828,-0.261334,0.961592,-0.08394,F,BuildTutorial
42.653,0.253627,1.334899,2.644006,45.85892062900184,-1.826046712821948,-6.756485518115927,-0.389736,-0.008305,0.048067,-0.919634,0.995241,-0.081934,-0.052742,0.094881,0.691592,0.71603,0.351714,1.151039,2.836069,-33.56795278251137,-9.802461839498203,5.602195786647726,-0.291362,-0.067641,0.021974,0.953966,0.989884,0.081342,0.11625,-0.002509,0.829251,-0.55887,0.101549,0.996462,2.714324,-1.3106480167015504,-15.221786697858526,16.137285044077785,-0.029813,-0.129534,0.137614,0.981527,0.928567,0.277866,0.246076,-0.262419,0.960347,-0.094176,F,BuildTutorial
42.687,0.252963,1.34387,2.643691,43.062323320682445,-2.122485238842303,-7.056509392090569,-0.367309,-0.005386,0.050452,-0.928714,0.994851,-0.089755,-0.047067,0.097668,0.725078,0.681706,0.354517,1.146272,2.834579,-32.81447463373214,-8.585006831568409,4.4341321255924715,-0.284237,-0.06085,0.01588,0.956689,0.99209,0.064976,0.107403,0.004208,0.837914,-0.545786,0.102853,0.99952,2.717789,-1.963277093957884,-15.061772264137884,16.423513574678406,-0.035527,-0.127272,0.139357,0.981387,0.928763,0.282569,0.239903,-0.264482,0.958635,-0.105205,F,BuildTutorial
42.72,0.252155,1.351727,2.642013,40.81489405395077,-2.492080415728652,-7.156763533942219,-0.349204,-0.001417,0.050915,-0.935662,0.994811,-0.094289,-0.03821,0.096268,0.750929,0.653328,0.354843,1.140417,2.834951,-31.697853388800173,-8.112956041295933,3.504435881001054,-0.274371,-0.059689,0.010031,0.959717,0.992673,0.052007,0.109065,0.013501,0.849241,-0.527834,0.103537,1.002195,2.720839,-2.5145974861397993,-15.08123493962782,16.49254935803966,-0.040345,-0.126721,0.139304,0.981279,0.929073,0.283617,0.237457,-0.263166,0.957934,-0.114485,F,BuildTutorial
42.753,0.251173,1.358789,2.63962,39.0440976698724,-2.7957235895271206,-7.101673445769894,-0.334853,0.002258,0.05022,-0.940929,0.994946,-0.096019,-0.029383,0.092994,0.770703,0.630373,0.352447,1.133164,2.83796,-29.853684697233295,-8.365201346882216,3.6747654999315658,-0.259027,-0.062201,0.012121,0.963789,0.991968,0.055587,0.113619,0.00886,0.865517,-0.500802,0.103358,1.004877,2.723927,-2.9061038528749057,-15.175376284453556,16.96323662234747,-0.04433,-0.12685,0.142842,0.980582,0.927011,0.291383,0.236109,-0.268889,0.955262,-0.123178,F,BuildTutorial
42.787,0.250258,1.364964,2.636823,37.596407427601726,-3.039905217496273,-6.981998907491978,-0.323054,0.005449,0.049092,-0.945091,0.995121,-0.096314,-0.02142,0.089273,0.786452,0.611165,0.348259,1.128483,2.841825,-29.053319765848983,-8.756296445918636,4.280785313968615,-0.252684,-0.064506,0.016914,0.965248,0.991106,0.065251,0.115981,-5.3e-05,0.87173,-0.489987,0.103626,1.006928,2.726081,-3.2552005168552274,-15.243476662634947,17.23978936515477,-0.047705,-0.126862,0.14477,0.980139,0.925895,0.295894,0.234872,-0.271686,0.953532,-0.130248,F,BuildTutorial
42.82,0.249405,1.370357,2.633864,36.27715855007863,-3.097533199241244,-6.764822324500463,-0.312176,0.007279,0.047648,-0.948801,0.995353,-0.094961,-0.015935,0.085871,0.800552,0.593079,0.34137,1.126643,2.848197,-28.65472260148834,-9.623456230228015,4.298467988927199,-0.249464,-0.071968,0.015465,0.965582,0.989163,0.065772,0.131267,0.006042,0.875057,-0.483982,0.103692,1.00911,2.72788,-3.808723989478061,-15.2385217235344,17.32234393115423,-0.052518,-0.126045,0.144823,0.97999,0.926278,0.297089,0.231833,-0.270611,0.952536,-0.139442,F,BuildTutorial
42.853,0.248524,1.375517,2.630915,34.974510007462406,-3.167337178235598,-6.447812781922886,-0.301386,0.009425,0.045327,-0.952378,0.995713,-0.092018,-0.00937,0.080656,0.814224,0.574921,0.332365,1.125741,2.857554,-28.115066593059257,-10.67182294956671,4.204696753253821,-0.24499,-0.081277,0.012859,0.966027,0.986458,0.064669,0.15073,0.014979,0.879629,-0.475425,0.103598,1.011385,2.729078,-4.277142550013815,-15.2732803152473,17.51579642343467,-0.056774,-0.125618,0.145903,0.979648,0.925865,0.300131,0.229556,-0.271603,0.950978,-0.147894,F,BuildTutorial
42.887,0.247595,1.380213,2.627973,33.75110022830664,-3.2475456023605833,-6.209062459351255,-0.29122,0.011361,0.043591,-0.955595,0.995942,-0.089927,-0.003675,0.076693,0.826582,0.557567,0.321972,1.125489,2.869942,-27.631535753728343,-11.144104277602544,4.153287837720567,-0.240933,-0.085614,0.01185,0.966686,0.98506,0.064164,0.159815,0.018345,0.883622,-0.467841,0.103638,1.013212,2.729375,-4.638756766278008,-15.499629539774306,17.923244405052113,-0.060599,-0.126846,0.148833,0.978819,0.923517,0.306735,0.230281,-0.275988,0.948353,-0.156389,F,BuildTutorial
42.92,0.246744,1.384383,2.624692,32.64354132232358,-3.312464302925488,-5.922360883312508,-0.281972,0.013189,0.041445,-0.958437,0.996217,-0.086882,0.00191,0.072006,0.837549,0.541597,0.309814,1.124747,2.885347,-26.97646241451905,-11.884003381938223,3.7918556981237703,-0.235196,-0.092936,0.007866,0.967463,0.982602,0.058936,0.176124,0.028497,0.889242,-0.456548,0.103192,1.015076,2.72908,-5.091026023735818,-15.888742128397809,18.079721390040515,-0.065135,-0.129449,0.149398,0.978101,0.921846,0.309117,0.233767,-0.27539,0.946875,-0.166096,F,BuildTutorial
42.953,0.245983,1.388435,2.621292,31.612966723022712,-3.2849201302407764,-5.605449514550189,-0.2733,0.014232,0.039231,-0.961023,0.996517,-0.083182,0.005912,0.067624,0.847536,0.526412,0.294592,1.122628,2.902584,-26.223314819787443,-13.991551469966687,5.497288646351139,-0.23059,-0.107687,0.018759,0.966892,0.976103,0.085939,0.199592,0.013387,0.892953,-0.449951,0.102064,1.016904,2.728649,-5.399825488187654,-16.34326375130966,18.394857615202657,-0.068721,-0.132703,0.151429,0.977106,0.918919,0.314163,0.238517,-0.277685,0.944694,-0.174485,F,BuildTutorial
42.986,0.245387,1.392117,2.617663,30.653941589644266,-3.2476874006623513,-5.307491127482589,-0.265203,0.015067,0.037153,-0.963359,0.996785,-0.079575,0.009324,0.063592,0.856575,0.51209,0.278542,1.118427,2.92337,-24.28624428439197,-16.629310631447897,5.950778681495517,-0.215201,-0.130379,0.019834,0.967624,0.965216,0.0945,0.243779,0.017731,0.90659,-0.42164,0.101198,1.01847,2.727636,-5.688271892516387,-16.70967761107283,18.72291729394381,-0.072045,-0.135206,0.153624,0.976181,0.916238,0.319411,0.241836,-0.280447,0.942418,-0.182201,F,BuildTutorial
43.02,0.24479,1.395654,2.614133,29.676097302202233,-3.293406212559071,-5.068662661792915,-0.25696,0.016432,0.035374,-0.965635,0.996957,-0.076761,0.013556,0.059871,0.865441,0.497421,0.2655,1.116141,2.944586,-24.594927991011858,-17.76801834627465,8.111501586949199,-0.220577,-0.13563,0.035465,0.965242,0.960694,0.128298,0.246186,-0.00863,0.900176,-0.43544,0.10009,1.02009,2.726357,-6.006441029531584,-17.096833340935728,18.9622925660965,-0.075554,-0.137879,0.154988,0.975326,0.913936,0.323162,0.245534,-0.281493,0.940541,-0.190119,F,BuildTutorial
43.054,0.24398,1.399315,2.610816,28.6157699069992,-3.4323774037669383,-4.985295682171619,-0.24805,0.018249,0.034729,-0.967953,0.996922,-0.076285,0.0181,0.058178,0.87453,0.481469,0.2553,1.114013,2.966438,-26.027027208214474,-17.474748711914994,14.947506141091829,-0.239928,-0.117797,0.091345,0.959278,0.95556,0.231776,0.182167,-0.118725,0.868181,-0.481836,0.098958,1.021565,2.724395,-6.354834300344872,-17.518923588802895,19.222054836975097,-0.079399,-0.140772,0.156435,0.974375,0.911423,0.327208,0.249488,-0.282499,0.938448,-0.198773,F,BuildTutorial
43.086,0.242934,1.402854,2.6078,27.604569258381915,-3.698330037405777,-4.919106635163565,-0.239573,0.021075,0.033962,-0.970055,0.996805,-0.075987,0.024615,0.055791,0.882903,0.46623,0.248274,1.108818,2.989362,-24.234442392061975,-16.125753992903384,15.196088258727787,-0.224145,-0.10845,0.098815,0.963449,0.956948,0.239024,0.164674,-0.14179,0.879989,-0.453337,0.098075,1.022492,2.721929,-6.562541657223174,-17.94421580860838,19.34549244608208,-0.081894,-0.143985,0.156893,0.973625,0.909306,0.329094,0.254678,-0.281927,0.937356,-0.20465,F,BuildTutorial
43.12,0.241685,1.406368,2.605118,26.569567595358127,-4.024431023728229,-4.883996620210123,-0.230897,0.024357,0.033381,-0.9721,0.996585,-0.076146,0.031939,0.053651,0.891145,0.450537,0.24437,1.103462,3.01035,-22.287169422799725,-14.219615151198798,12.740556369315518,-0.204072,-0.099409,0.084251,0.970244,0.966039,0.204062,0.158516,-0.122915,0.902513,-0.41275,0.096597,1.023066,2.719297,-6.649387566071992,-18.49356897449502,19.5699503836295,-0.083671,-0.148355,0.158277,0.972594,0.905879,0.332704,0.262092,-0.283051,0.935895,-0.209719,F,BuildTutorial
43.154,0.240337,1.409671,2.602692,25.50399848147588,-4.406019676790805,-4.889750659986704,-0.221967,0.028049,0.033098,-0.974089,0.996236,-0.076932,0.039951,0.052028,0.899271,0.434287,0.242692,1.099409,3.025999,-21.809261951956604,-13.160592546113296,13.853947475754314,-0.200128,-0.08904,0.096126,0.970969,0.965663,0.22231,0.134436,-0.151032,0.901417,-0.405754,0.094797,1.023414,2.716437,-6.766408047253062,-19.17139720293107,19.728819499246843,-0.085808,-0.153806,0.158949,0.971451,0.902158,0.335217,0.271551,-0.282426,0.934745,-0.215612,F,BuildTutorial
43.187,0.238781,1.412804,2.600598,24.495793429870982,-4.8313446242657125,-4.841749942948943,-0.213504,0.0322,0.032308,-0.975877,0.995839,-0.076807,0.049051,0.049308,0.906744,0.418788,0.243436,1.095478,3.038857,-20.888022477747736,-11.511073389204867,12.695472124591904,-0.190159,-0.078077,0.090115,0.974486,0.971567,0.205326,0.117897,-0.145938,0.911438,-0.384686,0.092938,1.023295,2.713548,-6.833963324037612,-19.83496523567154,19.78990098960301,-0.087382,-0.159277,0.158861,0.970443,0.898788,0.336167,0.281375,-0.280495,0.934255,-0.220203,F,BuildTutorial
43.219,0.237249,1.415695,2.598855,23.499110639449967,-5.266632339110428,-4.748843233526746,-0.205108,0.036515,0.031171,-0.977561,0.99539,-0.075921,0.058604,0.045963,0.913918,0.403287,0.246063,1.089418,3.050308,-18.29161211232304,-9.547872456601889,8.851161867308093,-0.164264,-0.069699,0.06273,0.981949,0.982414,0.146094,0.116274,-0.100298,0.938165,-0.331342,0.090504,1.022485,2.711079,-6.706796336275459,-20.496670086924475,19.857988208702515,-0.087324,-0.165025,0.159135,0.969442,0.894886,0.337366,0.292171,-0.279724,0.934101,-0.221833,F,BuildTutorial
43.254,0.235908,1.418078,2.597015,22.65939356304626,-5.648185437121114,-4.607082501177183,-0.197999,0.040384,0.029691,-0.97892,0.994975,-0.074121,0.067308,0.042137,0.91983,0.390049,0.248458,1.081473,3.059394,-16.214529464382668,-8.647838606024234,7.756655649972173,-0.145352,-0.064959,0.056163,0.985647,0.985252,0.129598,0.111726,-0.091831,0.951437,-0.293827,0.087499,1.021106,2.708696,-6.39309052124878,-21.36252274278212,19.944611194479116,-0.086014,-0.172772,0.159728,0.968111,0.889274,0.338991,0.307047,-0.279547,0.934177,-0.221736,F,BuildTutorial
43.287,0.234852,1.420133,2.595245,22.01856496431512,-5.968823112341199,-4.483033465773464,-0.192562,0.043608,0.028405,-0.979904,0.994583,-0.072463,0.074524,0.038874,0.924226,0.379862,0.250946,1.074732,3.065433,-15.19473543315233,-8.160192656786347,8.880428673500386,-0.13694,-0.060105,0.067166,0.98647,0.983752,0.148976,0.100189,-0.116053,0.953472,-0.278248,0.084952,1.019277,2.706292,-6.08813273771926,-22.025835091633592,19.856221168081245,-0.084235,-0.178917,0.159006,0.96727,0.885412,0.337745,0.319334,-0.277461,0.935244,-0.219853,F,BuildTutorial
43.32,0.233977,1.421937,2.593743,21.38653190289429,-6.164021689106326,-4.4043493022381135,-0.187176,0.045673,0.027735,-0.980872,0.994289,-0.071507,0.079216,0.037312,0.928392,0.369725,0.255576,1.067555,3.071015,-13.535756920372371,-7.082474054513885,8.179120585882165,-0.121697,-0.052792,0.063423,0.989131,0.986381,0.138318,0.088999,-0.112619,0.962335,-0.247445,0.083171,1.017252,2.703882,-5.746588038542934,-22.531611314399868,19.807802644387134,-0.081988,-0.183752,0.158823,0.966586,0.882021,0.337163,0.329182,-0.276901,0.936107,-0.216864,F,BuildTutorial
43.353,0.233444,1.423502,2.592552,20.85533906879071,-6.260690571101109,-4.281157783378514,-0.182604,0.046918,0.026803,-0.981701,0.994161,-0.069761,0.08233,0.035491,0.931875,0.361041,0.262814,1.060098,3.075526,-11.318084631148333,-4.977251303057444,4.53826032680036,-0.100149,-0.039275,0.035085,0.993578,0.994453,0.077586,0.071018,-0.061852,0.977479,-0.201767,0.081557,1.015854,2.702113,-5.517104296104755,-22.956552859170877,19.83846174325266,-0.080699,-0.18767,0.159185,0.965882,0.87888,0.337798,0.336843,-0.277219,0.936295,-0.21564,F,BuildTutorial
43.387,0.233299,1.424654,2.591472,20.449370636233276,-6.270422282808924,-4.063643385634958,-0.17904,0.047506,0.025137,-0.982373,0.994223,-0.066398,0.084336,0.032376,0.934625,0.354157,0.270933,1.051828,3.079196,-8.996166155720916,-2.968203947244363,2.8197623285672284,-0.079011,-0.023883,0.02249,0.996334,0.997848,0.048589,0.044037,-0.041041,0.986503,-0.158516,0.080409,1.014756,2.700717,-5.4520674145640795,-23.23756147982816,19.638999716592917,-0.080212,-0.190279,0.157423,0.965701,0.878024,0.334572,0.342251,-0.273522,0.937568,-0.21483,F,BuildTutorial
43.42,0.233374,1.425476,2.590634,20.2048060672598,-6.1986553972457035,-3.947982761527376,-0.176881,0.047164,0.024384,-0.982799,0.994362,-0.064615,0.08408,0.031245,0.936237,0.349978,0.279859,1.046166,3.081213,-8.615484308360086,-1.106115589354309,3.3616751138745165,-0.07536,-0.007418,0.028523,0.996721,0.998263,0.057978,0.010489,-0.055742,0.987015,-0.15065,0.079652,1.013734,2.699703,-5.283675798563343,-23.43195294352146,19.570417270608345,-0.07895,-0.192223,0.157014,0.965486,0.876794,0.333542,0.346384,-0.272838,0.938227,-0.212814,F,BuildTutorial
