Timestamp,Head_position_x,Head_position_y,Head_position_z,Head_euler_x,Head_euler_y,Head_euler_z,Head_quat_x,Head_quat_y,Head_quat_z,Head_quat_w,Head_sixD_a,Head_sixD_b,Head_sixD_c,Head_sixD_d,Head_sixD_e,Head_sixD_f,LeftHand_position_x,LeftHand_position_y,LeftHand_position_z,LeftHand_euler_x,LeftHand_euler_y,LeftHand_euler_z,LeftHand_quat_x,LeftHand_quat_y,LeftHand_quat_z,LeftHand_quat_w,LeftHand_sixD_a,LeftHand_sixD_b,LeftHand_sixD_c,LeftHand_sixD_d,LeftHand_sixD_e,LeftHand_sixD_f,RightHand_position_x,RightHand_position_y,RightHand_position_z,RightHand_euler_x,RightHand_euler_y,RightHand_euler_z,RightHand_quat_x,RightHand_quat_y,RightHand_quat_z,RightHand_quat_w,RightHand_sixD_a,RightHand_sixD_b,RightHand_sixD_c,RightHand_sixD_d,RightHand_sixD_e,RightHand_sixD_f,Gender,Build Type
0.0,-0.125929,1.546242,2.684037,35.461686499657084,8.911084059253776,9.309725678215464,-0.308629,-0.049111,-0.053484,-0.948407,0.989455,0.131764,-0.060142,-0.071135,0.803776,0.590665,-0.108916,1.353391,2.950827,-35.97303218574247,2.184608320141454,-7.593125590396379,-0.30926,-0.002351,-0.057093,0.949259,0.99347,-0.106937,0.039777,0.109846,0.802197,-0.586868,0.001158,1.354319,2.941594,-41.49895389229571,10.491037767265006,10.431656343677284,-0.343566,0.117212,0.116911,0.924422,0.945186,0.135611,-0.29704,-0.29669,0.736588,-0.607793,F,BuildTutorial
0.103,-0.124636,1.546353,2.68611,35.43635034259702,9.687297358805964,9.712916125255012,-0.308969,-0.05447,-0.054751,-0.947931,0.988071,0.13746,-0.069436,-0.070141,0.803081,0.591727,-0.106712,1.351919,2.950977,-36.25294636251874,3.4594250890477984,-9.341434980675308,-0.312277,0.003269,-0.067993,0.947549,0.990733,-0.130895,0.036271,0.126812,0.795721,-0.59224,0.00202,1.354071,2.943249,-41.272899791721095,10.679889578871542,9.964324056389346,-0.342018,0.117239,0.113596,0.925405,0.946702,0.130048,-0.294691,-0.29044,0.740239,-0.606375,F,BuildTutorial
0.124,-0.1242,1.546422,2.686596,35.41649454238405,9.874990186713962,9.823839268385676,-0.308949,-0.055742,-0.055181,-0.947839,0.987696,0.139049,-0.071572,-0.070163,0.803011,0.59182,-0.106746,1.352079,2.950824,-36.589982557657805,3.3179465612282493,-9.80427062057857,-0.314979,0.000573,-0.072046,0.94636,0.989618,-0.136724,0.044302,0.136002,0.791195,-0.59625,0.002335,1.354101,2.943665,-41.28348025723717,10.818885458104589,9.912798378866288,-0.342019,0.118212,0.1136,0.92528,0.946242,0.129362,-0.296465,-0.291085,0.740236,-0.60607,F,BuildTutorial
0.157,-0.123897,1.546386,2.686973,35.4606136337997,10.008182109270756,9.862417147841963,-0.309395,-0.056698,-0.055099,-0.947641,0.987499,0.139513,-0.073364,-0.069345,0.802477,0.592639,-0.106819,1.352211,2.950669,-36.958363836089646,3.177037588987221,-10.199562835955794,-0.317921,-0.001976,-0.075523,0.945102,0.988585,-0.141497,0.051755,0.14401,0.786445,-0.600638,0.003076,1.354135,2.944108,-41.205577107038415,11.162835571986406,9.147515850066194,-0.341844,0.118677,0.108404,0.925909,0.948329,0.119606,-0.293882,-0.281881,0.742783,-0.607303,F,BuildTutorial
0.19,-0.123653,1.546328,2.687233,35.48506523801654,10.11347503166108,9.89890773289295,-0.309665,-0.057447,-0.055093,-0.947508,0.987329,0.139981,-0.074743,-0.068824,0.802144,0.593151,-0.106762,1.352157,2.950504,-37.12378084750287,3.1077697101080854,-10.283090934408902,-0.319235,-0.002914,-0.076326,0.944592,0.988332,-0.142334,0.054238,0.146056,0.784526,-0.60265,0.003995,1.354021,2.944375,-41.034801304613715,11.603736037201983,8.349584713233277,-0.340879,0.11981,0.103169,0.926717,0.950003,0.109535,-0.292397,-0.272898,0.746316,-0.607074,F,BuildTutorial
0.223,-0.12342,1.54628,2.68757,35.47528478293143,10.1859394264861,9.929796406722565,-0.309635,-0.057972,-0.055162,-0.947482,0.987193,0.14043,-0.075695,-0.068629,0.802167,0.593143,-0.10663,1.351944,2.950765,-37.09073424843152,3.164072931531926,-10.39701056703589,-0.318998,-0.00274,-0.077124,0.944608,0.988089,-0.143955,0.054382,0.147452,0.784585,-0.602233,0.004452,1.353917,2.944483,-40.92487356062467,11.794351200124536,7.967862633321298,-0.340215,0.120188,0.10058,0.927196,0.950877,0.104736,-0.291314,-0.268295,0.748275,-0.606715,F,BuildTutorial
0.257,-0.123172,1.546191,2.687753,35.52248198374151,10.211721776747265,9.887008497881965,-0.310014,-0.058256,-0.054693,-0.947368,0.98723,0.139748,-0.076469,-0.067508,0.801801,0.593766,-0.106492,1.351852,2.951231,-36.92391291950727,3.0967834865088895,-10.181882099433086,-0.317585,-0.002561,-0.075616,0.945207,0.988551,-0.141318,0.052869,0.144571,0.786845,-0.599979,0.005029,1.353929,2.944501,-40.870236167535985,11.91206967221061,7.519877692501116,-0.340138,0.119798,0.097269,0.927628,0.952374,0.098964,-0.288426,-0.261955,0.74969,-0.607737,F,BuildTutorial
0.29,-0.122959,1.546221,2.68777,35.541878357538494,10.174289868465944,9.779163524818392,-0.310101,-0.05822,-0.053884,-0.947388,0.987414,0.138207,-0.076895,-0.06599,0.801868,0.593846,-0.106019,1.351819,2.951139,-37.1004242656278,3.279468709081547,-10.912326084607072,-0.319144,-0.003232,-0.081045,0.944229,0.986842,-0.150988,0.057834,0.155114,0.783158,-0.602166,0.006016,1.35389,2.944719,-40.59966261989518,12.534736366618883,6.515184593370069,-0.338484,0.121819,0.09079,0.928626,0.953835,0.086153,-0.28771,-0.251088,0.754372,-0.60653,F,BuildTutorial
0.324,-0.122834,1.546503,2.687895,35.473789963019904,10.161712203615377,9.75178904466746,-0.309521,-0.058254,-0.053757,-0.947583,0.987433,0.13794,-0.077124,-0.065817,0.802614,0.592857,-0.10577,1.352207,2.950937,-37.515666666601554,3.53561531350692,-11.510171100182992,-0.322725,-0.003167,-0.085035,0.94266,0.985518,-0.158275,0.060856,0.162363,0.777235,-0.607902,0.007154,1.353725,2.944823,-40.318957300906725,13.18700440814328,5.699988117242195,-0.336572,0.124679,0.08589,0.929407,0.954156,0.075727,-0.289571,-0.243581,0.758684,-0.604208,F,BuildTutorial
0.357,-0.122636,1.54683,2.687895,35.36527414834003,10.1522189341915,9.698045893282025,-0.308596,-0.058422,-0.053442,-0.947892,0.987462,0.137373,-0.077772,-0.065257,0.803825,0.591275,-0.105565,1.352425,2.950623,-37.71793573556547,3.8012952781702705,-11.663153827982612,-0.324579,-0.001601,-0.085432,0.941991,0.985398,-0.159912,0.058475,0.161991,0.774699,-0.611228,0.007903,1.353526,2.944909,-40.23362062755357,13.434180345110038,5.4986872027331435,-0.335913,0.126089,0.084914,0.929545,0.953782,0.073152,-0.291459,-0.242572,0.759904,-0.603079,F,BuildTutorial
0.39,-0.122492,1.547528,2.688004,35.10192383931693,10.125801107563603,9.629998123546692,-0.30638,-0.058631,-0.053201,-0.948611,0.987464,0.13686,-0.078636,-0.065007,0.806602,0.587509,-0.106,1.352695,2.950258,-37.72282586320158,3.6705487368949057,-11.17681220372338,-0.32453,-0.001303,-0.081801,0.942331,0.986614,-0.153322,0.05555,0.155013,0.775978,-0.611416,0.008254,1.353427,2.944817,-40.39327504431631,13.351587086162082,5.650407649547097,-0.337108,0.125872,0.086031,0.929039,0.95351,0.074988,-0.291883,-0.244717,0.757914,-0.604715,F,BuildTutorial
0.424,-0.122441,1.549078,2.688424,34.48162614243909,10.100095899793857,9.535310973541856,-0.301204,-0.059241,-0.053073,-0.950237,0.987347,0.136551,-0.080615,-0.065176,0.812919,0.578718,-0.107297,1.352893,2.950097,-37.66219336398031,3.0485309341311986,-10.02003416329674,-0.323631,-0.003098,-0.074073,0.943274,0.989007,-0.137738,0.053789,0.141748,0.779553,-0.610086,0.008432,1.35339,2.944837,-40.4847868128348,13.146989570524786,6.149448534084041,-0.337462,0.125689,0.089546,0.928603,0.952368,0.081475,-0.293866,-0.251136,0.756202,-0.604226,F,BuildTutorial
0.457,-0.122263,1.551332,2.688984,33.426967716584926,10.029037013253468,9.42034671072603,-0.292392,-0.059908,-0.053293,-0.952931,0.987142,0.136603,-0.083012,-0.066536,0.823334,0.563644,-0.10892,1.352826,2.950262,-37.50669774733808,2.435658243545079,-9.478892392477878,-0.321986,-0.006501,-0.071411,0.944025,0.989716,-0.130642,0.058261,0.139015,0.782451,-0.606997,0.008642,1.353196,2.944924,-40.52919029341909,12.987231549022024,6.776559393886923,-0.337262,0.126246,0.09419,0.92814,0.95038,0.089688,-0.297881,-0.26,0.754765,-0.602271,F,BuildTutorial
0.49,-0.122095,1.55444,2.689527,32.05563378880227,9.957769746887871,9.307115654451463,-0.280923,-0.060824,-0.053799,-0.956289,0.986812,0.137068,-0.086104,-0.068721,0.836376,0.543832,-0.110333,1.352375,2.95044,-37.40372149839687,2.12168037071223,-9.421070921080888,-0.320946,-0.00885,-0.071856,0.944326,0.989517,-0.130031,0.062838,0.141392,0.783661,-0.604884,0.008693,1.352893,2.94473,-40.62443298501397,12.684503381268064,7.55538358947622,-0.337436,0.126104,0.099674,0.927524,0.948326,0.099796,-0.301195,-0.270003,0.752404,-0.600822,F,BuildTutorial
0.524,-0.121887,1.557388,2.689762,30.768427816330945,9.945971668019904,9.215613391245904,-0.270152,-0.062078,-0.054242,-0.959282,0.986408,0.137608,-0.089793,-0.070526,0.848151,0.525039,-0.111716,1.351653,2.950866,-37.2655739294091,1.9429625884156696,-9.262117514734674,-0.31971,-0.009779,-0.071097,0.944794,0.989699,-0.12809,0.06394,0.140597,0.785461,-0.60273,0.009009,1.352654,2.944336,-40.65334063550208,12.597701115578948,7.543091803101718,-0.33776,0.125371,0.099339,0.927541,0.948828,0.099591,-0.299679,-0.268973,0.7521,-0.601664,F,BuildTutorial
0.557,-0.121826,1.559831,2.68967,29.716887432975746,10.00386052509002,9.217638599219184,-0.261401,-0.063475,-0.055084,-0.961565,0.985873,0.139119,-0.093272,-0.07275,0.857271,0.509701,-0.113123,1.351094,2.951261,-37.14213568420538,1.601295627564065,-8.912496516863104,-0.318516,-0.011537,-0.069208,0.945317,0.990154,-0.123497,0.065899,0.138196,0.787516,-0.6006,0.009331,1.352352,2.944066,-40.63353430552501,12.535795504746469,7.4294818906720685,-0.337776,0.124531,0.098223,0.927767,0.949689,0.098129,-0.297426,-0.266384,0.752519,-0.602292,F,BuildTutorial
0.59,-0.121823,1.561743,2.689435,28.896728922880175,9.992663192182356,9.206150709274768,-0.254526,-0.064118,-0.055759,-0.963326,0.98556,0.140067,-0.095148,-0.074789,0.864215,0.497534,-0.11474,1.350604,2.951536,-37.10685589307529,1.0387360889661237,-8.465868481911567,-0.317942,-0.014915,-0.067096,0.945615,0.990551,-0.11741,0.070872,0.136378,0.788822,-0.599301,0.009776,1.351914,2.943756,-40.47617449786543,12.583956290095475,7.385191754177165,-0.336502,0.12476,0.097896,0.928234,0.949703,0.097776,-0.297496,-0.265704,0.754366,-0.600279,F,BuildTutorial
0.624,-0.1219,1.563085,2.689081,28.354091894517097,9.978604051769016,9.206201827098846,-0.249971,-0.064468,-0.056282,-0.964464,0.985353,0.140794,-0.096216,-0.076333,0.868693,0.489433,-0.115701,1.35005,2.95167,-37.151960720518545,0.8569270990390788,-8.766314792059477,-0.318163,-0.017278,-0.070067,0.945285,0.989584,-0.121472,0.07725,0.143461,0.787726,-0.599088,0.010632,1.351678,2.943104,-40.31943254361679,12.811991127271328,7.090041420210309,-0.335355,0.125714,0.096061,0.928712,0.949937,0.094108,-0.297933,-0.262744,0.756619,-0.598743,F,BuildTutorial
0.656,-0.122031,1.563731,2.688542,28.11424102253495,9.968122307146364,9.26362531659836,-0.247986,-0.064462,-0.057005,-0.964934,0.98519,0.141983,-0.09613,-0.07804,0.870507,0.48593,-0.116218,1.349546,2.951569,-37.23963907241367,1.020749646580868,-8.982524280857865,-0.318955,-0.016586,-0.07137,0.944933,0.989262,-0.1243,0.076873,0.145461,0.786348,-0.600415,0.011671,1.351925,2.942091,-40.4031369626076,13.15928328519907,6.600237915896229,-0.33629,0.127105,0.093172,0.928478,0.950327,0.087529,-0.298694,-0.258505,0.756455,-0.600792,F,BuildTutorial
0.69,-0.122313,1.564236,2.688161,27.892032398212407,9.87487458306746,9.322028468731917,-0.246107,-0.063743,-0.057898,-0.96541,0.985169,0.143165,-0.094578,-0.080415,0.872158,0.482569,-0.116056,1.349077,2.951009,-37.36808404185203,1.5953004257061183,-9.154166992131747,-0.320349,-0.012416,-0.071142,0.944543,0.989569,-0.126438,0.069036,0.142348,0.78463,-0.603401,0.012695,1.352031,2.941144,-40.52961588691204,13.30149101078776,6.446222828846045,-0.337376,0.127819,0.09244,0.92806,0.950235,0.085333,-0.29962,-0.257825,0.755265,-0.602578,F,BuildTutorial
0.723,-0.122585,1.564512,2.687662,27.79329413730928,9.761503730182042,9.326757558204983,-0.245223,-0.062863,-0.058269,-0.96567,0.985306,0.143368,-0.092833,-0.081706,0.872941,0.480936,-0.115448,1.348618,2.950368,-37.459104360429095,2.438303522697632,-9.424771610396514,-0.321599,-0.006292,-0.070977,0.944191,0.989845,-0.129985,0.057535,0.138079,0.783072,-0.606409,0.014005,1.351817,2.94043,-40.48842981708409,13.405148134079472,6.499592937061103,-0.336897,0.128811,0.093145,0.928026,0.949464,0.086089,-0.301841,-0.259673,0.755649,-0.601303,F,BuildTutorial
0.759,-0.122857,1.564743,2.687079,27.80721493827445,9.690279660451507,9.270138137196884,-0.245273,-0.062372,-0.057932,-0.96571,0.985507,0.142488,-0.092047,-0.081296,0.87297,0.480952,-0.115137,1.348329,2.949273,-37.5551455934868,3.2021339061360856,-9.293478414101791,-0.322855,0.000299,-0.067706,0.944024,0.990832,-0.128025,0.043154,0.127639,0.782361,-0.609607,0.016238,1.351389,2.939793,-40.25491451189598,13.936817575274404,6.061866917558248,-0.335067,0.131814,0.090969,0.928483,0.948699,0.080592,-0.305736,-0.257259,0.758909,-0.598226,F,BuildTutorial
0.795,-0.123013,1.564943,2.686639,27.74911147565483,9.653354240122658,9.266213433549572,-0.244764,-0.062119,-0.058029,-0.965849,0.985548,0.142504,-0.091587,-0.081687,0.873446,0.48002,-0.115725,1.348462,2.948062,-37.86802048175923,3.328965726571864,-8.429566421917718,-0.325484,0.003563,-0.06009,0.943629,0.992753,-0.115726,0.032392,0.111087,0.780899,-0.614701,0.018904,1.35097,2.939165,-39.89549310395011,14.581561021115515,5.184665011184935,-0.332663,0.134475,0.085423,0.929492,0.949239,0.06933,-0.30682,-0.248269,0.764076,-0.595441,F,BuildTutorial
0.828,-0.12314,1.564788,2.686342,27.781698631475848,9.630502019514012,9.306646863996178,-0.245048,-0.061812,-0.05839,-0.965775,0.98554,0.143077,-0.090775,-0.082489,0.873084,0.480542,-0.115697,1.348601,2.946547,-38.50038905652648,4.224194092197779,-8.406180504686061,-0.331134,0.010553,-0.057029,0.9418,0.993273,-0.114409,0.017892,0.100431,0.774195,-0.624928,0.022518,1.35066,2.938517,-39.54213261260407,15.492438335562449,3.7853571238036463,-0.330804,0.137841,0.076365,0.93045,0.950336,0.050911,-0.307033,-0.233305,0.769474,-0.59454,F,BuildTutorial
0.862,-0.123352,1.563948,2.686169,28.038800360219827,9.656854193063218,9.37464329846202,-0.247257,-0.061666,-0.05868,-0.965204,0.985508,0.143772,-0.090022,-0.082782,0.870841,0.484545,-0.115525,1.348974,2.945615,-38.83114931720929,5.183493585291756,-8.182774326533272,-0.334274,0.018846,-0.052228,0.940839,0.993834,-0.110875,-0.000546,0.085676,0.771067,-0.630964,0.026349,1.349802,2.938212,-39.03361178553128,16.422093738298372,2.853788954893407,-0.327204,0.142806,0.070929,0.931404,0.949151,0.038673,-0.312437,-0.22558,0.775813,-0.58926,F,BuildTutorial
0.895,-0.123869,1.562252,2.68584,28.75382537373337,9.49294274463192,9.488893849095936,-0.25323,-0.059414,-0.059371,-0.963753,0.98589,0.144528,-0.084452,-0.084346,0.864699,0.495158,-0.11604,1.349342,2.945165,-38.95861732721403,5.744214710099489,-7.863539387293405,-0.335503,0.024291,-0.047893,0.940508,0.994233,-0.106386,-0.013556,0.073787,0.770289,-0.633412,0.030337,1.348577,2.938169,-38.36381267693445,17.289961169575246,1.8394005792714347,-0.322515,0.147162,0.064369,0.932837,0.9484,0.025168,-0.316077,-0.215016,0.783682,-0.582762,F,BuildTutorial
0.929,-0.124844,1.559745,2.685349,29.989352262403624,9.001995732825524,9.490051236651633,-0.263318,-0.054208,-0.059424,-0.96135,0.98706,0.142803,-0.072932,-0.085707,0.854265,0.512724,-0.118836,1.349463,2.945885,-38.91374539291819,5.0621157700796955,-6.002395182911658,-0.334496,0.024159,-0.034629,0.941451,0.996434,-0.081366,-0.022322,0.049041,0.773826,-0.631497,0.034415,1.346834,2.938454,-37.50713309870003,18.006060109550784,0.9600666727903756,-0.316285,0.150834,0.058144,0.93479,0.947737,0.013292,-0.318777,-0.204118,0.793166,-0.57378,F,BuildTutorial
0.961,-0.126172,1.556708,2.684737,31.54919383400712,8.396135630399852,9.38098001286169,-0.275977,-0.048041,-0.058648,-0.95817,0.988505,0.138906,-0.059693,-0.085872,0.840794,0.534501,-0.121385,1.348017,2.946836,-38.34316713776414,4.0511421388963935,-5.619903546162757,-0.329435,0.017256,-0.034682,0.943383,0.996999,-0.076807,-0.009707,0.054068,0.780539,-0.622765,0.039266,1.344959,2.938508,-36.56856436154749,18.903588930479952,-0.3376918941087929,-0.309931,0.155014,0.04876,0.936769,0.947186,-0.004734,-0.320649,-0.187441,0.803131,-0.56555,F,BuildTutorial
0.995,-0.127631,1.554359,2.684732,32.66702872109425,7.718771770159132,9.176059402709267,-0.284858,-0.04194,-0.05772,-0.955911,0.989819,0.134245,-0.047299,-0.086456,0.831048,0.54944,-0.123795,1.345914,2.948074,-37.71249009750017,3.4293387576648326,-5.25787693208029,-0.324009,0.013469,-0.033726,0.945357,0.997362,-0.072495,-0.00361,0.055039,0.787762,-0.613516,0.043977,1.34321,2.937976,-35.94038589588627,19.98674282821485,-1.033774642474791,-0.305318,0.162321,0.045086,0.93723,0.943238,-0.014607,-0.331796,-0.183632,0.809497,-0.557669,F,BuildTutorial
1.028,-0.129303,1.552513,2.685092,33.575617264582476,6.866006567603583,8.97293115836253,-0.291911,-0.034601,-0.057513,-0.954088,0.99099,0.129946,-0.032448,-0.089544,0.82296,0.560998,-0.125725,1.342528,2.949351,-36.985004860392486,3.113304055893003,-5.01551594997607,-0.317887,0.011865,-0.032872,0.947484,0.997557,-0.069835,-0.001585,0.054748,0.795735,-0.603166,0.048647,1.341532,2.937346,-35.614686557885875,21.069521063086455,-1.0687278563514444,-0.302273,0.171261,0.047181,0.936523,0.936887,-0.015163,-0.349304,-0.191908,0.81281,-0.55001,F,BuildTutorial
1.061,-0.131062,1.55098,2.685367,34.39054947006856,6.016350902675008,8.859144169737892,-0.298212,-0.027182,-0.058212,-0.952335,0.991745,0.127086,-0.017054,-0.094662,0.815362,0.57116,-0.127905,1.337702,2.951236,-36.127433041076415,2.325687347891173,-4.010646326764139,-0.310496,0.008434,-0.026972,0.950155,0.998403,-0.056492,0.000721,0.046017,0.80573,-0.590493,0.052712,1.339861,2.936502,-35.518533507904756,21.78798214943049,-0.950406426661354,-0.301004,0.177496,0.049888,0.93563,0.932013,-0.013501,-0.362175,-0.200208,0.813815,-0.545547,F,BuildTutorial
1.095,-0.132821,1.550001,2.686049,34.82717387818228,5.1580957664816784,8.681228780195957,-0.301356,-0.020185,-0.058716,-0.951488,0.99229,0.123902,-0.003023,-0.09957,0.811474,0.575843,-0.129033,1.331923,2.952487,-35.07613251903294,1.961200053269814,-4.847897660977644,-0.301716,0.003561,-0.035169,0.952743,0.997501,-0.069163,0.014437,0.064866,0.815462,-0.575165,0.056332,1.338032,2.93562,-35.29812792188377,22.29133855165591,-0.9642186375309028,-0.299007,0.181696,0.050738,0.935418,0.928825,-0.013734,-0.370265,-0.203579,0.816041,-0.540955,F,BuildTutorial
1.128,-0.134615,1.549142,2.686774,35.23248122392999,4.3332049093213545,8.556568380214035,-0.304269,-0.013371,-0.059642,-0.950623,0.992528,0.12153,0.010872,-0.105256,0.807726,0.580086,-0.129891,1.326166,2.953439,-34.35943507512993,1.5689192654300166,-5.3434397634892346,-0.295631,-0.000701,-0.04049,0.954444,0.99672,-0.076877,0.025279,0.077706,0.821926,-0.564269,0.059436,1.335655,2.935312,-34.78238802579496,22.49095799814621,-0.5546840575134767,-0.294053,0.184677,0.053757,0.936236,0.926009,-0.007952,-0.377417,-0.209268,0.821286,-0.530751,F,BuildTutorial
1.162,-0.136313,1.548191,2.687429,35.68889772482659,3.6652667223674618,8.562228825267818,-0.307695,-0.007493,-0.06125,-0.949482,0.992385,0.120923,0.023464,-0.111701,0.803144,0.58522,-0.131199,1.32071,2.954457,-33.89464858101254,1.0375715780869827,-4.256765503796129,-0.291601,-0.00217,-0.032887,0.955972,0.997828,-0.061613,0.023329,0.064144,0.827775,-0.557381,0.062152,1.333133,2.935067,-34.24751087429357,22.812744770874648,-0.5005575486132573,-0.289444,0.187737,0.054137,0.937041,0.923648,-0.007221,-0.383175,-0.210137,0.826582,-0.522115,F,BuildTutorial
1.195,-0.137842,1.547332,2.68811,36.124067732408,3.135064630286788,8.637494312341856,-0.311009,-0.002594,-0.06311,-0.948306,0.992021,0.121309,0.034336,-0.118082,0.798581,0.590191,-0.131392,1.314534,2.955564,-32.96333777036902,1.1000388832919428,-5.032977513117521,-0.283826,-0.00326,-0.03938,0.958061,0.996877,-0.073606,0.0286,0.077306,0.835784,-0.543589,0.064749,1.330576,2.934748,-33.74221440109544,23.14379923760663,-0.8333434272139391,-0.285709,0.189891,0.051398,0.937907,0.922599,-0.012094,-0.38557,-0.20492,0.831458,-0.516417,F,BuildTutorial
1.229,-0.13931,1.546573,2.688858,36.530427707366584,2.604396358930908,8.6118462102971,-0.314071,0.002006,-0.064178,-0.947226,0.991754,0.120322,0.044114,-0.122843,0.794481,0.594735,-0.13212,1.308698,2.957051,-31.981397592553556,0.855160676328173,-4.888139769159175,-0.275529,-0.00458,-0.038939,0.960493,0.996926,-0.072277,0.030257,0.077326,0.845136,-0.52893,0.066479,1.327783,2.93457,-33.22221675314986,23.13640199732748,-0.6135729265899178,-0.281092,0.190663,0.0523,0.939095,0.921825,-0.008958,-0.387504,-0.205418,0.836504,-0.508001,F,BuildTutorial
1.262,-0.140625,1.545793,2.689562,36.97357212532189,2.2013263373711465,8.63904249770775,-0.317499,0.005712,-0.065345,-0.945987,0.991395,0.120004,0.052301,-0.127259,0.789849,0.599953,-0.13401,1.302888,2.958987,-30.90773766205432,-0.1573099008205672,-3.728980884579071,-0.266278,-0.009992,-0.031725,0.963322,0.997787,-0.055801,0.036146,0.066443,0.85618,-0.512388,0.067521,1.324918,2.934454,-32.850519670898024,22.77479034539828,0.0393073350063526,-0.277133,0.189479,0.056152,0.940288,0.921889,0.000576,-0.387453,-0.210619,0.840089,-0.499891,F,BuildTutorial
1.295,-0.141786,1.545178,2.690322,37.387236966462915,1.863830878807452,8.588509110200274,-0.320719,0.008633,-0.065721,-0.944852,0.991212,0.118656,0.05847,-0.129731,0.78564,0.60493,-0.135802,1.296419,2.961203,-29.699581276445308,-1.2170366722922386,-3.528172306465961,-0.255834,-0.01815,-0.032475,0.966005,0.997232,-0.053455,0.051682,0.072028,0.866989,-0.493094,0.06846,1.321901,2.934298,-32.34279202116432,22.436412089188035,0.6427885313596333,-0.272138,0.188378,0.059467,0.941764,0.921955,0.009478,-0.387181,-0.214537,0.84481,-0.490174,F,BuildTutorial
1.328,-0.142915,1.544761,2.691235,37.67724111085709,1.4786366461654437,8.449779898576212,-0.322899,0.011608,-0.065564,-0.944088,0.991133,0.116301,0.064259,-0.131294,0.782875,0.608169,-0.137448,1.288887,2.964463,-28.45318399044814,-1.898887955827518,-3.4240245183266813,-0.245134,-0.023396,-0.033026,0.968644,0.996724,-0.05251,0.061516,0.07545,0.877638,-0.473349,0.069648,1.31878,2.934099,-31.62122563286685,22.372544805263782,0.9145358130997476,-0.265784,0.188787,0.060388,0.943436,0.921425,0.013591,-0.388318,-0.214298,0.851425,-0.478699,F,BuildTutorial
1.361,-0.143932,1.544122,2.692065,37.96930341463234,1.1640930586212412,8.334393960585052,-0.325136,0.014058,-0.065415,-0.943297,0.991047,0.11427,0.06906,-0.132554,0.780015,0.611561,-0.139593,1.279451,2.968791,-26.8346055202052,-2.5859313202090672,-2.237049487376981,-0.23151,-0.026473,-0.024218,0.972171,0.997425,-0.03483,0.062686,0.059346,0.891634,-0.448851,0.070976,1.316046,2.933701,-31.005041428450756,22.310405350324565,1.0778173025092177,-0.260466,0.188887,0.0606,0.944885,0.921299,0.016123,-0.38852,-0.212917,0.85697,-0.469328,F,BuildTutorial
1.395,-0.144978,1.543074,2.69279,38.40239517237294,0.866889702868093,8.15883554411006,-0.328552,0.01627,-0.064698,-0.942127,0.991099,0.111216,0.07317,-0.132598,0.775735,0.616971,-0.142329,1.268843,2.973148,-24.79416446170928,-3.482367581634259,-2.708790814190859,-0.213825,-0.03474,-0.029596,0.975805,0.995834,-0.042904,0.080456,0.072617,0.906806,-0.415248,0.072112,1.313632,2.93305,-30.70402340074077,22.09990195433392,1.6318255566327595,-0.257182,0.188507,0.064215,0.945621,0.920683,0.024484,-0.389543,-0.218407,0.859468,-0.462183,F,BuildTutorial
1.428,-0.146193,1.541746,2.693514,38.98175304863908,0.5054937225844518,7.939059880583314,-0.333141,0.018949,-0.06379,-0.940526,0.991144,0.107367,0.078145,-0.132617,0.769896,0.624238,-0.145319,1.259332,2.97649,-22.91640353074243,-4.537241809823927,-3.86017367562108,-0.197078,-0.045459,-0.040842,0.978481,0.992531,-0.062009,0.105059,0.097844,0.918984,-0.381962,0.073418,1.311557,2.932079,-30.552072865319005,22.047720313856857,2.3433234109613528,-0.254782,0.189711,0.069731,0.945639,0.918295,0.035211,-0.394328,-0.22855,0.860448,-0.455406,F,BuildTutorial
1.462,-0.147352,1.540329,2.694285,39.66232384498949,0.246468491296631,7.831304943901292,-0.338595,0.021148,-0.06351,-0.938548,0.991039,0.104893,0.082705,-0.133535,0.76264,0.632889,-0.149472,1.252483,2.977993,-21.28010845686697,-6.019115328806935,-3.0220741013575414,-0.182959,-0.056444,-0.035571,0.980854,0.991098,-0.049125,0.123743,0.090433,0.930522,-0.354897,0.075251,1.309504,2.930893,-30.303846217101444,22.354527312693087,2.7274577752934013,-0.251896,0.193156,0.073189,0.945454,0.914668,0.041084,-0.402112,-0.235704,0.862384,-0.448038,F,BuildTutorial
1.495,-0.148748,1.539131,2.695477,40.22286208669816,-0.0424800699345016,7.717772710372433,-0.343044,0.023488,-0.063323,-0.936888,0.990877,0.102538,0.087456,-0.134767,0.756622,0.639813,-0.151598,1.250874,2.976901,-21.717057259646847,-6.523985937389735,-4.773521612531089,-0.185589,-0.063667,-0.051543,0.979207,0.98658,-0.07731,0.143819,0.124574,0.9258,-0.356897,0.077404,1.307585,2.929279,-29.920452663976555,22.80931517256654,2.8118459008059355,-0.248288,0.197186,0.074266,0.945492,0.911205,0.042519,-0.409754,-0.238354,0.865675,-0.440221,F,BuildTutorial
1.529,-0.150345,1.538035,2.696939,40.73066466293297,-0.4016375294601291,7.516085679561441,-0.347039,0.026088,-0.062663,-0.935391,0.990785,0.099122,0.092299,-0.135337,0.751275,0.645965,-0.152037,1.253442,2.973561,-24.14810319204043,-6.6309085869956546,-5.956803646621698,-0.205605,-0.067328,-0.062806,0.974294,0.983045,-0.094698,0.157022,0.15007,0.907564,-0.392181,0.079434,1.305698,2.927485,-29.695769858019354,23.08845776934467,3.05963042250335,-0.245816,0.200076,0.076548,0.945349,0.90822,0.046366,-0.415917,-0.243093,0.86743,-0.434132,F,BuildTutorial
1.562,-0.152044,1.536806,2.698235,41.246232262481094,-0.7363149778331255,7.419491706853387,-0.351085,0.02879,-0.062813,-0.933791,0.990452,0.097092,0.097872,-0.137523,0.745588,0.652063,-0.150876,1.257524,2.969833,-26.546180544854614,-5.869222698456696,-6.605596217820996,-0.22604,-0.062956,-0.067735,0.969719,0.982897,-0.102907,0.152721,0.159829,0.888636,-0.429862,0.081274,1.303431,2.925653,-29.459119668226613,23.31969190066445,3.5209646521055293,-0.242888,0.203017,0.08046,0.945154,0.904621,0.053474,-0.42285,-0.250715,0.869063,-0.426463,F,BuildTutorial
1.594,-0.153994,1.535459,2.699469,41.80593582952696,-1.099237260792526,7.403964293639136,-0.355447,0.031978,-0.06373,-0.931973,0.989832,0.096057,0.10491,-0.141522,0.739192,0.658458,-0.148663,1.260386,2.966448,-27.70334154906805,-4.684503916121315,-6.79956636326037,-0.236435,-0.053796,-0.067297,0.96782,0.985154,-0.104825,0.135953,0.155702,0.879139,-0.450412,0.083358,1.300654,2.923852,-29.084999386237115,23.636459265953395,3.6952365652015913,-0.239256,0.206067,0.081947,0.945293,0.901643,0.056322,-0.428799,-0.253533,0.872083,-0.41856,F,BuildTutorial
1.628,-0.156161,1.533913,2.700504,42.39705009093669,-1.5075962653668251,7.378351892514448,-0.360031,0.035505,-0.064732,-0.930015,0.989098,0.094839,0.112651,-0.14597,0.732375,0.665071,-0.14536,1.261132,2.964128,-28.07414636893647,-3.441361830546323,-6.973426381852975,-0.24022,-0.043821,-0.066244,0.967464,0.987383,-0.107123,0.116617,0.14923,0.875812,-0.459003,0.085161,1.297182,2.922605,-28.550689896737655,23.92678184888269,4.110955973980482,-0.233866,0.209409,0.085085,0.94563,0.897817,0.06297,-0.435844,-0.258865,0.876135,-0.406666,F,BuildTutorial
1.661,-0.158523,1.532321,2.701299,43.017953143899454,-2.069577514919035,7.196584483302677,-0.36481,0.039776,-0.064989,-0.927959,0.988389,0.091593,0.121239,-0.149636,0.725381,0.671887,-0.141055,1.259465,2.962336,-27.933864201023987,-2.118229330347503,-7.444895393066096,-0.239647,-0.033567,-0.067445,0.967933,0.988649,-0.114476,0.097307,0.146653,0.876041,-0.459396,0.087118,1.293592,2.921643,-27.893338843117096,24.10194564612655,4.723983533561373,-0.227156,0.212169,0.089394,0.946252,0.893986,0.072788,-0.442143,-0.26557,0.880817,-0.391961,F,BuildTutorial
1.694,-0.16113,1.530836,2.702031,43.612582549670165,-2.651027647121536,7.001601083590643,-0.369366,0.044114,-0.065255,-0.92594,0.987592,0.088255,0.1299,-0.153433,0.718622,0.678264,-0.136047,1.257112,2.959784,-27.7127413720137,-1.1059535237993698,-7.664532966210926,-0.238316,-0.025355,-0.067194,0.968529,0.989684,-0.118074,0.081141,0.142244,0.877381,-0.458224,0.08951,1.290413,2.920655,-27.36860140014167,24.495846723873917,4.906319234426047,-0.222153,0.215827,0.090782,0.946481,0.890355,0.075954,-0.448887,-0.267741,0.884813,-0.38134,F,BuildTutorial
1.728,-0.163567,1.529713,2.702954,44.04850726713968,-3.138385944418675,6.875135046615741,-0.372662,0.047817,-0.065815,-0.924395,0.986764,0.086039,0.137456,-0.157317,0.713584,0.682679,-0.130225,1.254613,2.956855,-28.103323175758437,0.2568508307030671,-8.475944454313145,-0.242293,-0.015774,-0.071145,0.967463,0.989379,-0.130016,0.064998,0.145304,0.872465,-0.466574,0.091708,1.287522,2.919687,-26.87364119930982,24.99184475990476,5.2189003566616545,-0.217052,0.220558,0.093459,0.946313,0.885239,0.081138,-0.458005,-0.272628,0.888308,-0.369572,F,BuildTutorial
1.762,-0.165997,1.528772,2.703877,44.342147924669874,-3.602604300373845,6.7814460042055105,-0.374805,0.051367,-0.066586,-0.923282,0.985855,0.08445,0.144767,-0.161461,0.710175,0.68526,-0.123196,1.251527,2.954055,-28.304446338286485,2.3813569462512034,-9.082205582440324,-0.245274,0.000732,-0.07169,0.966799,0.98972,-0.138979,0.033751,0.138261,0.869402,-0.474366,0.093794,1.285096,2.918583,-26.373108744705327,25.430832024070885,5.6603057150426235,-0.211675,0.225031,0.097045,0.946117,0.879887,0.088365,-0.466895,-0.278899,0.891552,-0.356862,F,BuildTutorial
1.795,-0.168311,1.527828,2.704832,44.661766969153824,-3.961738142958717,6.7582122284643225,-0.377183,0.0543,-0.0676,-0.922071,0.984963,0.083702,0.151133,-0.165627,0.706327,0.688237,-0.117342,1.24838,2.952205,-27.725522992140327,3.972000365002854,-8.368846678923578,-0.24127,0.016084,-0.062518,0.968309,0.991666,-0.128836,-0.000981,0.113313,0.875761,-0.469258,0.095539,1.283723,2.9174,-26.148350308380163,25.75215537591702,5.887284248113545,-0.209086,0.228105,0.099108,0.945743,0.876291,0.092073,-0.472902,-0.282848,0.892922,-0.350268,F,BuildTutorial
1.828,-0.170346,1.527092,2.705808,44.91032588679449,-4.198776378721534,6.785990295551702,-0.379031,0.056387,-0.068628,-0.921111,0.984221,0.083683,0.155902,-0.169173,0.703251,0.69052,-0.112768,1.244985,2.951307,-26.778747526590873,5.216272923802,-6.737118520580193,-0.233529,0.030599,-0.046583,0.970751,0.993788,-0.104732,-0.03765,0.07615,0.886588,-0.456248,0.097131,1.282841,2.916049,-26.104077850531727,26.01405893453908,6.054179101673917,-0.208156,0.23057,0.100882,0.945162,0.873321,0.094711,-0.47785,-0.286689,0.892988,-0.346961,F,BuildTutorial
1.861,-0.172225,1.526276,2.706769,45.115600995652514,-4.380839503745402,6.732361826316234,-0.380601,0.057744,-0.068822,-0.920365,0.983858,0.082728,0.158679,-0.170638,0.700812,0.692636,-0.110014,1.2418,2.951772,-26.000083631021116,5.913276894373796,-5.468122553590293,-0.226794,0.039485,-0.034826,0.972519,0.994456,-0.085648,-0.061002,0.049828,0.894703,-0.443873,0.098727,1.282353,2.914621,-26.107385921949593,26.232555825110857,6.452866155442126,-0.207181,0.233094,0.104571,0.944356,0.869464,0.10092,-0.483578,-0.29409,0.892282,-0.342555,F,BuildTutorial
1.894,-0.173719,1.525448,2.707402,45.40171324332928,-4.387212103755826,6.7842298955029205,-0.382872,0.058067,-0.069291,-0.919367,0.983654,0.082944,0.15983,-0.171873,0.697215,0.695953,-0.108962,1.239702,2.952199,-25.934034255108436,5.915171841589468,-6.165977815424277,-0.226471,0.038156,-0.04078,0.972415,0.993762,-0.096594,-0.055736,0.062029,0.894095,-0.44356,0.100406,1.281927,2.913232,-26.00218845197944,26.54406619070272,6.90005232048616,-0.205103,0.236461,0.108623,0.943515,0.864574,0.107977,-0.490767,-0.301972,0.892268,-0.335666,F,BuildTutorial
1.928,-0.174947,1.524735,2.708097,45.64753470865209,-4.280665448636089,7.011949140605217,-0.384797,0.058063,-0.070785,-0.91845,0.983236,0.08534,0.161132,-0.17471,0.693841,0.698613,-0.109863,1.239138,2.952612,-26.285237324493117,5.248595082036988,-5.391598105567419,-0.228983,0.033855,-0.035354,0.972199,0.995208,-0.084247,-0.049637,0.053238,0.892633,-0.447629,0.102326,1.281695,2.91205,-25.97863093160264,26.872885440204847,7.01366003318301,-0.204358,0.239369,0.110102,0.942771,0.86116,0.109767,-0.496342,-0.305436,0.892231,-0.332616,F,BuildTutorial
1.962,-0.175825,1.524155,2.708877,45.79659567272095,-4.117332135034529,7.240824965161667,-0.38598,0.05758,-0.072082,-0.917883,0.982977,0.087877,0.161348,-0.176775,0.691648,0.700267,-0.111723,1.239195,2.953401,-26.542177176872947,4.573827223512311,-3.2931335378672077,-0.230397,0.032231,-0.018788,0.972381,0.997216,-0.05139,-0.054025,0.021686,0.893129,-0.449278,0.104156,1.281238,2.910882,-25.9684909739424,27.180713023756468,7.281818119946987,-0.203411,0.242377,0.112836,0.941884,0.857043,0.113953,-0.502486,-0.311161,0.891784,-0.328481,F,BuildTutorial
1.995,-0.176557,1.52371,2.709662,45.88312536112057,-3.837663988120389,7.442069652919387,-0.386751,0.056053,-0.072756,-0.917599,0.983129,0.090164,0.159145,-0.176879,0.69026,0.701609,-0.113037,1.238456,2.955195,-26.41679135247265,4.3842604421549325,-2.949015310896806,-0.229209,0.031351,-0.016296,0.972736,0.997503,-0.046076,-0.053523,0.017332,0.894395,-0.446942,0.106031,1.280818,2.909886,-25.90017995974787,27.542751217772935,7.61370599140584,-0.201777,0.245933,0.116074,0.94092,0.852087,0.119186,-0.509649,-0.31768,0.891626,-0.322619,F,BuildTutorial
2.028,-0.177191,1.5234,2.710397,45.934955696842934,-3.6982915558376135,7.500578164998309,-0.387227,0.055156,-0.072756,-0.917453,0.983329,0.090784,0.157553,-0.176216,0.689524,0.702499,-0.11533,1.236151,2.958017,-26.076002099332168,3.974204865389973,-2.59991553241427,-0.22617,0.028657,-0.014268,0.973562,0.99795,-0.040744,-0.049346,0.014818,0.897287,-0.441198,0.107782,1.280307,2.909045,-25.819606110055936,27.918061054249844,7.73589821869321,-0.200464,0.249221,0.117582,0.940148,0.848126,0.12117,-0.515752,-0.321009,0.891977,-0.318323,F,BuildTutorial
2.061,-0.177733,1.523083,2.710953,46.06144051795046,-3.5530080964253026,7.543406684198095,-0.388313,0.054191,-0.072611,-0.917063,0.983582,0.091092,0.155785,-0.175265,0.687881,0.704345,-0.118876,1.233138,2.961283,-25.56684506448192,3.2637209875222615,-1.3800502595785942,-0.221495,0.025106,-0.005439,0.974823,0.99868,-0.021725,-0.046538,-0.000518,0.901821,-0.43211,0.109274,1.279833,2.908281,-25.758237364934544,28.200866424217516,7.859775244472784,-0.199394,0.251751,0.118973,0.939526,0.844934,0.123161,-0.520498,-0.323952,0.892175,-0.314769,F,BuildTutorial
2.095,-0.178147,1.522944,2.711642,46.03699977913835,-3.335343625297945,7.580757295573122,-0.388237,0.052565,-0.072172,-0.917224,0.984056,0.091581,0.152467,-0.173211,0.688126,0.704613,-0.123357,1.228856,2.965825,-24.775222428618036,2.1497779388935254,0.1204755886270184,-0.214467,0.018548,0.005051,0.976542,0.999261,0.001909,-0.038393,-0.017821,0.907957,-0.418685,0.110755,1.279299,2.907626,-25.71404476242299,28.54174295879968,7.921070624186284,-0.198538,0.254647,0.119981,0.938798,0.841519,0.124162,-0.525765,-0.32639,0.892375,-0.311669,F,BuildTutorial
2.128,-0.178563,1.522761,2.712148,46.05517407518392,-3.2671380184690806,7.456574263596367,-0.388482,0.051606,-0.070947,-0.917271,0.984607,0.09006,0.149797,-0.170252,0.688097,0.705363,-0.128024,1.222158,2.971676,-23.62541701589536,0.9316535428726832,0.9551903543926846,-0.204633,0.009664,0.009823,0.978742,0.99962,0.015273,-0.022936,-0.023183,0.916057,-0.400377,0.111514,1.278835,2.907303,-25.60932359829431,28.78280470336027,8.244333418136248,-0.196696,0.257168,0.122838,0.938129,0.837551,0.129308,-0.530836,-0.331643,0.892444,-0.305872,F,BuildTutorial
2.161,-0.178754,1.522463,2.712379,46.15707098563089,-3.1101183934332077,7.4163260868011776,-0.389413,0.050256,-0.070092,-0.917016,0.985123,0.08941,0.14676,-0.167691,0.686889,0.707152,-0.13283,1.210857,2.979656,-21.14990654288579,-0.3636191484160951,2.0998425918486503,-0.183547,0.000244,0.01743,0.982856,0.999392,0.034173,-0.006878,-0.034352,0.932013,-0.360792,0.111977,1.278499,2.906981,-25.581108800898136,28.950616214488445,8.37021116907809,-0.195999,0.258754,0.1241,0.937673,0.835291,0.131299,-0.5339,-0.334161,0.892367,-0.303344,F,BuildTutorial
2.195,-0.178853,1.522258,2.712597,46.17723662071989,-2.889696604629747,7.484619930633315,-0.38968,0.048733,-0.069889,-0.917001,0.985481,0.090196,0.143844,-0.166156,0.686531,0.707861,-0.137005,1.194132,2.988842,-17.06372434749541,-0.8911374484805266,1.6852187109102077,-0.148452,-0.005508,0.013389,0.988814,0.999581,0.028114,0.006918,-0.024843,0.955565,-0.293731,0.112229,1.278476,2.906496,-25.663404409079515,28.99229045435618,8.382093854103202,-0.196606,0.259125,0.124432,0.937399,0.834742,0.131393,-0.534735,-0.335175,0.891726,-0.304109,F,BuildTutorial
2.228,-0.178833,1.522258,2.712888,46.15481316574563,-2.6920231913381696,7.553403130396466,-0.389592,0.047375,-0.069768,-0.917119,0.985776,0.091056,0.141259,-0.164884,0.686702,0.707993,-0.141595,1.177948,2.9969,-13.474292919332536,-1.7684963179906985,0.4969728376949043,-0.117366,-0.014817,0.002496,0.992975,0.999548,0.008434,0.028841,-0.001478,0.972438,-0.233156,0.112257,1.278235,2.906373,-25.596484714847488,29.031838857594845,8.471731057525748,-0.195808,0.259594,0.1251,0.937348,0.833922,0.132864,-0.53565,-0.336186,0.892018,-0.30213,F,BuildTutorial
2.261,-0.178837,1.522165,2.713183,46.11718222565713,-2.354999298583122,7.713407832413997,-0.389431,0.045204,-0.069905,-0.917286,0.98614,0.093037,0.137376,-0.163453,0.686913,0.70812,-0.14725,1.160561,3.00484,-10.357514310571988,-3.059336434158829,2.7257467097583503,-0.090838,-0.024432,0.02127,0.995339,0.997901,0.046781,0.044771,-0.037904,0.982592,-0.181868,0.11214,1.277951,2.906036,-25.50441727898313,29.096439890532867,8.511249881327572,-0.194888,0.260178,0.12535,0.937344,0.833189,0.133582,-0.536612,-0.336404,0.892612,-0.300126,F,BuildTutorial
2.294,-0.178772,1.522068,2.713547,46.0883026779143,-2.0889677906313757,7.829795227565736,-0.389317,0.043456,-0.069935,-0.917417,0.986441,0.094482,0.134188,-0.162155,0.687084,0.708253,-0.149832,1.141207,3.011896,-7.352946386819476,-2.9610900023123965,0.684461659247488,-0.064254,-0.025401,0.004302,0.997601,0.998673,0.011848,0.050128,-0.005319,0.991706,-0.128418,0.111891,1.277731,2.90579,-25.55526963212122,29.092317788702747,8.489692753390127,-0.195361,0.260114,0.125268,0.937274,0.833298,0.133188,-0.53654,-0.336452,0.892284,-0.301046,F,BuildTutorial
2.327,-0.17888,1.52186,2.713951,46.11977666918691,-1.9866262507961976,7.831256144828162,-0.389631,0.042657,-0.069596,-0.917347,0.986674,0.094446,0.132496,-0.160928,0.686689,0.708915,-0.153004,1.124692,3.017631,-6.139855730770362,-3.3133153747890263,-0.6332345917650923,-0.053372,-0.029164,-0.007064,0.998124,0.998199,-0.010989,0.058973,0.017215,0.994203,-0.106131,0.111412,1.277338,2.905927,-25.467099292894275,28.947186855120844,8.706776463259281,-0.194301,0.259284,0.126622,0.937543,0.833478,0.136669,-0.535384,-0.338184,0.892428,-0.298669,F,BuildTutorial
2.361,-0.178847,1.521676,2.714299,46.18696399141279,-1.8194298171628365,7.91181529122476,-0.390241,0.041626,-0.069665,-0.917129,0.986828,0.095296,0.130726,-0.160273,0.685717,0.710003,-0.15768,1.108571,3.022327,-3.5628008049293567,-4.492272118401988,1.563571428567154,-0.031594,-0.038746,0.012409,0.998672,0.99669,0.027233,0.076605,-0.022336,0.997696,-0.064066,0.111045,1.276892,2.906034,-25.334266552335713,28.85274569682508,8.70426498960637,-0.193314,0.258487,0.126179,0.938026,0.834527,0.13678,-0.533719,-0.336656,0.893418,-0.297435,F,BuildTutorial
2.395,-0.178841,1.52167,2.714977,46.15944047639478,-1.7067913392685758,7.948341189653568,-0.390076,0.040835,-0.069577,-0.917242,0.986983,0.095781,0.129192,-0.159496,0.686,0.709905,-0.15971,1.09305,3.026129,-1.145329065172398,-4.314186036137608,0.8666550511112546,-0.010272,-0.037561,0.007181,0.999216,0.997075,0.015123,0.074916,-0.01358,0.999686,-0.021067,0.110674,1.276506,2.906158,-25.269511795286164,28.806018270477416,8.759641099014257,-0.192706,0.258188,0.126426,0.938201,0.834711,0.137717,-0.53319,-0.336734,0.893762,-0.29631,F,BuildTutorial
2.427,-0.178778,1.521468,2.715483,46.226697208164445,-1.553723569486401,7.916952795695877,-0.390718,0.039537,-0.068796,-0.917084,0.987408,0.095287,0.126278,-0.15708,0.685213,0.711203,-0.163341,1.081243,3.028423,0.2925178682472673,-5.121129302250689,2.338451240120071,0.001638,-0.044718,0.020499,0.998788,0.99516,0.040802,0.089396,-0.041095,0.999154,0.001438,0.110292,1.276128,2.906229,-25.222407204415937,28.739225200276845,8.939406951399475,-0.191986,0.257935,0.127693,0.938246,0.834328,0.140574,-0.533044,-0.338654,0.893672,-0.294387,F,BuildTutorial
2.461,-0.178506,1.521199,2.715833,46.35210885461561,-1.2585579248553205,8.04286780732663,-0.391857,0.03767,-0.068778,-0.916678,0.987701,0.096571,0.122965,-0.155617,0.683435,0.713232,-0.167008,1.070576,3.029761,1.9909992163204364,-6.079724576992111,3.153253699305786,0.015884,-0.05348,0.028392,0.998039,0.992668,0.054973,0.107652,-0.058371,0.997883,0.028669,0.110081,1.275802,2.906261,-25.089199564439216,28.70892384800887,8.999002835561807,-0.190785,0.257763,0.127869,0.938514,0.834415,0.14166,-0.53262,-0.338369,0.894501,-0.292188,F,BuildTutorial
2.494,-0.178331,1.521169,2.71653,46.34756606420752,-1.0283719262982658,8.189306264480681,-0.391912,0.036327,-0.069163,-0.91668,0.987794,0.098327,0.120812,-0.155275,0.683243,0.713491,-0.168038,1.062627,3.03033,2.991382396067171,-6.092177894739101,1.6956807046591955,0.025276,-0.053501,0.016158,0.998117,0.993753,0.029551,0.107617,-0.03496,0.9982,0.048728,0.110147,1.275774,2.906076,-24.98526078594297,28.78343376591103,8.786392533653068,-0.190322,0.258002,0.126047,0.938789,0.835095,0.138455,-0.532397,-0.334869,0.895779,-0.292304,F,BuildTutorial
2.527,-0.178218,1.521021,2.717048,46.37917539374311,-0.8296298346738382,8.252285680251537,-0.392265,0.03497,-0.068981,-0.916595,0.988037,0.099021,0.118224,-0.153891,0.68274,0.714272,-0.169966,1.056776,3.030437,3.988381800811041,-6.422816727997792,3.8505168464542665,0.032843,-0.057122,0.035471,0.997196,0.990958,0.066992,0.116254,-0.074496,0.995326,0.06145,0.110026,1.275723,2.906039,-25.05609596600412,28.73302363298981,8.92108432176284,-0.19066,0.257825,0.127206,0.938613,0.83469,0.14048,-0.532502,-0.337108,0.894935,-0.292319,F,BuildTutorial
2.561,-0.178079,1.520889,2.717465,46.481224133270246,-0.5905083426714475,8.394702454363715,-0.393183,0.033603,-0.06928,-0.91623,0.988142,0.100529,0.116057,-0.153378,0.681214,0.715837,-0.170059,1.052786,3.029957,4.0283191107028165,-6.232099025902419,2.94900024009448,0.033685,-0.05521,0.027588,0.997525,0.992381,0.051321,0.112006,-0.05876,0.996208,0.064157,0.109815,1.275428,2.90621,-25.076237274613337,28.66703834296255,9.253717860777904,-0.190152,0.257841,0.12986,0.938348,0.833308,0.14565,-0.533276,-0.341767,0.893957,-0.289891,F,BuildTutorial
2.594,-0.177935,1.520752,2.717919,46.51185853249042,-0.4813924711017783,8.45437425260828,-0.393477,0.032953,-0.069376,-0.916121,0.988202,0.101182,0.114975,-0.153047,0.680726,0.716372,-0.169767,1.050224,3.029506,4.081665273940049,-6.110224728307757,1.7746439459787156,0.034732,-0.053807,0.017352,0.997796,0.993608,0.03089,0.108581,-0.038365,0.996985,0.067444,0.109955,1.274814,2.906525,-24.906853401801243,28.71527677419142,9.305812342629004,-0.18858,0.258288,0.130035,0.938518,0.832757,0.146665,-0.53386,-0.341497,0.895057,-0.286799,F,BuildTutorial
2.627,-0.177776,1.520678,2.71833,46.55775086644784,-0.4151916519798346,8.42956123931644,-0.393891,0.032365,-0.06894,-0.915997,0.9884,0.100801,0.113601,-0.151794,0.680195,0.717143,-0.170691,1.048482,3.02842,4.49563304688178,-6.497507511008677,2.91442027048092,0.037706,-0.057605,0.027592,0.997246,0.991841,0.050689,0.116973,-0.059377,0.995634,0.072024,0.11026,1.274282,2.906828,-24.81800151869555,28.775532047514645,9.206224634490669,-0.188002,0.2586,0.129144,0.938671,0.832896,0.145212,-0.534039,-0.339681,0.895954,-0.286151,F,BuildTutorial
2.661,-0.177636,1.520515,2.718621,46.65119738282392,-0.3161930928599482,8.426434291433544,-0.394698,0.031617,-0.068553,-0.915704,0.988602,0.10059,0.112019,-0.150506,0.679028,0.718519,-0.170474,1.047067,3.027569,4.972238373315688,-6.023211359862326,3.3045778450910586,0.041786,-0.053716,0.031045,0.997199,0.992302,0.057426,0.109726,-0.066405,0.99458,0.080003,0.110251,1.273681,2.907076,-24.69723292608553,28.810397829932125,9.44653849178542,-0.186421,0.259253,0.130932,0.938558,0.831289,0.149115,-0.535466,-0.342436,0.896208,-0.282045,F,BuildTutorial
2.694,-0.177531,1.520381,2.718974,46.674828409622066,-0.2886094342979006,8.43563357638744,-0.394901,0.031442,-0.068526,-0.915625,0.988631,0.100656,0.1117,-0.150321,0.678715,0.718853,-0.170397,1.04576,3.026813,5.726885827336695,-6.058867976820357,4.0386667588999625,0.047995,-0.054508,0.037782,0.996643,0.991203,0.070078,0.112277,-0.080542,0.992538,0.091549,0.110189,1.273232,2.907308,-24.61003043811282,28.78745482765386,9.486509142281516,-0.185636,0.259111,0.131051,0.938737,0.831374,0.149845,-0.53513,-0.342246,0.89673,-0.280612,F,BuildTutorial
2.728,-0.177394,1.520286,2.719198,46.7127049245677,-0.2434405267049945,8.459376750370463,-0.395224,0.031185,-0.068551,-0.915492,0.988657,0.100867,0.111285,-0.150166,0.678197,0.719374,-0.170518,1.045202,3.025656,5.7980164684142315,-6.215810294988836,3.849833638268441,0.048654,-0.055813,0.036238,0.996597,0.991144,0.066798,0.114773,-0.07766,0.992639,0.092932,0.109864,1.272787,2.907493,-24.540278180887743,28.72257874864121,9.46182861656673,-0.185189,0.258524,0.130607,0.939049,0.832215,0.149541,-0.533906,-0.341043,0.897294,-0.280272,F,BuildTutorial
2.761,-0.17719,1.520084,2.71927,46.78095728356132,-0.1584908512465545,8.527316922997887,-0.395802,0.030781,-0.068784,-0.915239,0.988643,0.101541,0.110794,-0.150274,0.677219,0.720272,-0.170049,1.045493,3.025056,5.855622075140982,-6.078370922913653,3.691359331241289,0.049274,-0.054565,0.034827,0.996685,0.99162,0.064045,0.112201,-0.0748,0.992718,0.094422,0.109709,1.272443,2.907675,-24.47934333384289,28.714667083182903,9.540305928998228,-0.184517,0.258572,0.131118,0.939097,0.831898,0.150843,-0.534034,-0.341686,0.897524,-0.278751,F,BuildTutorial
2.795,-0.177006,1.520102,2.719409,46.78779842935253,-0.1900822588050238,8.485815439249052,-0.395849,0.030894,-0.06856,-0.915232,0.98869,0.101037,0.11083,-0.149955,0.677207,0.72035,-0.17041,1.04627,3.023933,6.150416260628355,-6.291983090020977,4.225881378768166,0.051509,-0.056739,0.039703,0.996269,0.990409,0.073265,0.117145,-0.084955,0.991541,0.098127,0.109443,1.272281,2.907716,-24.46553226784892,28.567949597236776,9.68819852053795,-0.184238,0.257604,0.132067,0.939284,0.832397,0.153176,-0.532591,-0.343018,0.897229,-0.278062,F,BuildTutorial
2.828,-0.176838,1.520162,2.719467,46.782510941363824,-0.2723060332841405,8.362587403413581,-0.395791,0.031122,-0.067861,-0.915301,0.988853,0.099592,0.110689,-0.148863,0.677489,0.720311,-0.170603,1.048165,3.022716,5.85342845985271,-6.408095466568158,4.977170621410567,0.048507,-0.05798,0.046147,0.99607,0.989018,0.086306,0.119981,-0.097556,0.991035,0.091282,0.109428,1.27228,2.907761,-24.506761617695364,28.603540018634344,9.480604207594803,-0.185005,0.257571,0.130503,0.939361,0.833252,0.149874,-0.532192,-0.340483,0.897484,-0.280346,F,BuildTutorial
2.861,-0.176674,1.520114,2.719466,46.79554825906027,-0.2985662257408462,8.287259939704112,-0.3959,0.031079,-0.067347,-0.915293,0.988997,0.098677,0.110218,-0.147893,0.677455,0.720544,-0.169824,1.050275,3.021491,5.720388302207764,-6.155359782801227,5.013718725479224,0.047434,-0.055751,0.046298,0.996242,0.989497,0.086958,0.115475,-0.097536,0.991213,0.089349,0.10925,1.272028,2.907916,-24.433550022725775,28.59824775417063,9.64043997994589,-0.184046,0.257768,0.131662,0.939334,0.832442,0.152468,-0.532724,-0.342232,0.897584,-0.277884,F,BuildTutorial
2.894,-0.176398,1.520127,2.719379,46.81140585969413,-0.310393243627774,8.25354870810478,-0.396029,0.031066,-0.067115,-0.915255,0.989061,0.098249,0.110026,-0.147461,0.677314,0.720764,-0.169774,1.052334,3.020323,6.01803949963359,-6.0789062742025965,4.779178783590585,0.050166,-0.05509,0.044359,0.996233,0.989995,0.082857,0.114216,-0.093912,0.991031,0.095066,0.109177,1.27196,2.908111,-24.420521769858865,28.57037329062521,9.58849037522168,-0.184087,0.257453,0.131166,0.939482,0.833027,0.151669,-0.532036,-0.341244,0.897815,-0.278354,F,BuildTutorial
2.927,-0.176133,1.520187,2.719165,46.81652951516147,-0.299135018770892,8.214496834105214,-0.396087,0.030844,-0.066763,-0.915263,0.989183,0.097777,0.109349,-0.146645,0.677315,0.72093,-0.169844,1.05439,3.019359,6.10164722642393,-6.091204987002959,5.7264695469110976,0.05043,-0.055644,0.052635,0.995786,0.988267,0.099214,0.116128,-0.110439,0.989373,0.094577,0.109128,1.271997,2.908137,-24.516265208261515,28.56483846981546,9.546355556667992,-0.18498,0.257362,0.130998,0.939354,0.833208,0.150894,-0.531973,-0.341322,0.897244,-0.280095,F,BuildTutorial
2.961,-0.17588,1.520202,2.718909,46.81445319353343,-0.2867103679975309,8.199276040583864,-0.396082,0.030691,-0.066599,-0.915283,0.989245,0.097602,0.108939,-0.146226,0.677368,0.720965,-0.171051,1.05682,3.018507,5.782314115407316,-6.4846557768022555,5.861599301524904,0.047404,-0.058988,0.053832,0.995678,0.987245,0.101607,0.12257,-0.112792,0.98971,0.088048,0.10916,1.2719,2.908097,-24.475791231577563,28.603594354212017,9.613865217303344,-0.184449,0.257779,0.131535,0.939269,0.832497,0.151999,-0.532771,-0.342188,0.897354,-0.278681,F,BuildTutorial
2.994,-0.175587,1.520376,2.718752,46.766034934704265,-0.2479315103186722,8.204525144715495,-0.395716,0.030372,-0.066518,-0.915457,0.989306,0.097751,0.108253,-0.145825,0.677968,0.720482,-0.170441,1.058492,3.017884,5.4482382379496075,-6.709115888643726,4.95803115979248,0.044873,-0.060446,0.045909,0.996105,0.988477,0.086036,0.124541,-0.096885,0.991758,0.083847,0.109313,1.271829,2.908055,-24.447275694643633,28.63999916417237,9.50029391547526,-0.184427,0.257888,0.130607,0.939373,0.832872,0.150255,-0.53268,-0.340501,0.897857,-0.279128,F,BuildTutorial
3.028,-0.175369,1.520491,2.718529,46.70730319843574,-0.2152766683820238,8.133835371416806,-0.395284,0.029834,-0.065854,-0.915709,0.989546,0.09702,0.1067,-0.144192,0.678827,0.720002,-0.169806,1.059794,3.017368,5.245575779854033,-6.635148680360693,5.521785227776766,0.042846,-0.059943,0.050682,0.995993,0.987676,0.095821,0.12375,-0.106094,0.991191,0.079272,0.109354,1.271773,2.908169,-24.478935653017917,28.60286054970208,9.550675164019184,-0.184618,0.257672,0.131022,0.939337,0.832877,0.151006,-0.53246,-0.341289,0.897499,-0.279315,F,BuildTutorial
3.061,-0.175132,1.520568,2.718211,46.66388998697973,-0.115926778982486,8.185311292225046,-0.394981,0.029193,-0.065933,-0.915855,0.989601,0.097708,0.105558,-0.143831,0.679286,0.719641,-0.169669,1.060416,3.016887,5.487325781349792,-6.5599769355956,6.74216939000056,0.044346,-0.059861,0.061373,0.995331,0.9853,0.116864,0.124606,-0.127483,0.988534,0.08093,0.109247,1.271872,2.908063,-24.53001893494403,28.632112253614476,9.555204348684354,-0.184997,0.257931,0.131206,0.939166,0.832513,0.151015,-0.533026,-0.34188,0.897123,-0.279801,F,BuildTutorial
3.094,-0.174933,1.520711,2.717936,46.606693238526006,-0.0821909577932831,8.217898600515982,-0.394535,0.029003,-0.066091,-0.916042,0.989582,0.098199,0.105286,-0.143969,0.679949,0.718987,-0.170448,1.061194,3.016748,5.601865596167244,-6.798950062568981,6.336813949015087,0.045432,-0.061832,0.058001,0.995364,0.985625,0.109846,0.128361,-0.121083,0.989144,0.08327,0.109105,1.271989,2.90795,-24.535861234064992,28.55028460589037,9.544932414736008,-0.185162,0.257245,0.131001,0.93935,0.833327,0.150847,-0.5318,-0.341376,0.897108,-0.280465,F,BuildTutorial
3.127,-0.174809,1.520796,2.717572,46.561369673208056,-0.0761747758697061,8.195225417630567,-0.394182,0.028851,-0.0659,-0.916213,0.98965,0.098012,0.104821,-0.143502,0.680556,0.718506,-0.170708,1.061958,3.016799,5.489938892774102,-6.826710085741607,6.261800982235562,0.044486,-0.061993,0.057305,0.995437,0.985746,0.108571,0.128518,-0.119603,0.989474,0.08146,0.109056,1.27215,2.907814,-24.557617009687313,28.491172717039724,9.488975702881405,-0.185535,0.256675,0.130489,0.939504,0.834181,0.149946,-0.530715,-0.340435,0.897098,-0.281635,F,BuildTutorial
3.161,-0.174635,1.520897,2.717187,46.52684923994739,-0.0414498897992566,8.201740324586606,-0.393924,0.028576,-0.065841,-0.916336,0.989697,0.098151,0.104244,-0.143179,0.680978,0.718171,-0.170515,1.062177,3.016863,5.422791661867232,-6.602457492152043,6.644123863878631,0.043814,-0.060161,0.060507,0.995389,0.985439,0.115184,0.125069,-0.125728,0.988839,0.079943,0.109153,1.272251,2.907633,-24.58083242084119,28.520581358362087,9.503519921880956,-0.185661,0.256945,0.130701,0.939376,0.833793,0.150145,-0.531268,-0.340964,0.896895,-0.281645,F,BuildTutorial
3.194,-0.174476,1.521053,2.716876,46.46152524002701,0.0111537233764295,8.24983478115222,-0.39342,0.028283,-0.066061,-0.916546,0.989672,0.098842,0.103825,-0.14335,0.681714,0.717438,-0.170739,1.06154,3.016819,5.673719901580158,-6.655773936971154,6.802562147796535,0.045882,-0.060808,0.062024,0.995163,0.984911,0.117869,0.126719,-0.129028,0.988096,0.083776,0.109273,1.272206,2.907398,-24.584033899894568,28.56413041148121,9.567969989023592,-0.185493,0.257407,0.131306,0.939198,0.833001,0.151149,-0.532225,-0.342139,0.896702,-0.280832,F,BuildTutorial
3.227,-0.174377,1.521292,2.716668,46.37321493378134,-0.0367949133142837,8.17669182779688,-0.392704,0.028365,-0.065662,-0.916879,0.989768,0.098131,0.103587,-0.142687,0.682944,0.716399,-0.171314,1.060527,3.016607,6.012156937338582,-6.9231830345293055,6.296075407545133,0.048956,-0.06308,0.057902,0.995124,0.985337,0.109062,0.131214,-0.121415,0.988501,0.09013,0.109465,1.27232,2.907084,-24.612953248609017,28.5675210734039,9.504054960393956,-0.185872,0.257338,0.130844,0.939207,0.833315,0.150115,-0.532027,-0.341442,0.896663,-0.281802,F,BuildTutorial
3.26,-0.174259,1.521462,2.716427,46.30662266676336,-0.0250466783158559,8.156828819982596,-0.392183,0.028165,-0.065479,-0.917122,0.989839,0.098012,0.103021,-0.142196,0.68381,0.715671,-0.172272,1.060025,3.016255,5.950019672547941,-7.409555902170005,6.412081277635218,0.048102,-0.067324,0.059083,0.994818,0.983954,0.111076,0.139634,-0.12403,0.988391,0.087751,0.109833,1.272295,2.906828,-24.628214602104286,28.63681410874426,9.413377971886543,-0.186123,0.257762,0.130243,0.939124,0.833191,0.148678,-0.532624,-0.34058,0.89679,-0.282442,F,BuildTutorial
3.294,-0.174113,1.521609,2.716085,46.253240010868424,0.0279456287183243,8.209082838268754,-0.391773,0.027889,-0.065729,-0.917287,0.989804,0.098733,0.102666,-0.142437,0.684387,0.715071,-0.172711,1.058988,3.015876,6.253037862981089,-7.615319034277159,6.345885395158304,0.050667,-0.069219,0.058762,0.99458,0.983511,0.109873,0.143643,-0.123902,0.98796,0.092649,0.110079,1.272211,2.906601,-24.607182070116473,28.695441665020255,9.573246369510263,-0.185522,0.258497,0.131607,0.938851,0.831717,0.151205,-0.534213,-0.343032,0.896523,-0.280315,F,BuildTutorial
3.328,-0.174009,1.521783,2.715758,46.210677519075155,0.0569040085122264,8.217373834428308,-0.391447,0.027661,-0.065707,-0.917435,0.989835,0.098908,0.102197,-0.14222,0.684904,0.714619,-0.172918,1.057855,3.015189,6.7818880165911555,-7.748166969022409,6.498142350216373,0.055096,-0.070682,0.060438,0.994141,0.982703,0.112379,0.147196,-0.127956,0.986623,0.101003,0.110233,1.272181,2.906368,-24.602305125675283,28.68839888234696,9.56823861593356,-0.185501,0.25843,0.131545,0.938882,0.83182,0.151131,-0.534074,-0.342888,0.896571,-0.280337,F,BuildTutorial
3.361,-0.17387,1.521923,2.715475,46.142161213268736,0.0906425378303856,8.21113743669539,-0.390919,0.02733,-0.065559,-0.91768,0.98991,0.098957,0.101418,-0.141693,0.685768,0.713894,-0.172499,1.057244,3.014696,7.018555112034664,-7.495796341025118,7.298025185145216,0.056803,-0.068999,0.067382,0.993716,0.981398,0.126078,0.144786,-0.141755,0.984466,0.103593,0.110607,1.272234,2.906013,-24.67993140342336,28.758320008147265,9.432578398683978,-0.186369,0.2588,0.130699,0.938726,0.831881,0.148917,-0.534601,-0.341845,0.896369,-0.282249,F,BuildTutorial
3.394,-0.173713,1.522065,2.715163,46.09187488171664,0.1562118441988995,8.244947081716429,-0.390546,0.026891,-0.065619,-0.917848,0.989942,0.099452,0.100618,-0.141461,0.686335,0.713395,-0.172319,1.056623,3.014289,7.258312394424452,-7.483744164777256,7.86661733583903,0.058547,-0.06931,0.072433,0.993238,0.979899,0.135771,0.146164,-0.152002,0.982652,0.106261,0.110916,1.271924,2.905857,-24.6446546159732,28.781822691857325,9.744893609963476,-0.185344,0.259491,0.133226,0.938383,0.829831,0.153844,-0.536389,-0.346224,0.895797,-0.278705,F,BuildTutorial
3.428,-0.173491,1.5222,2.714879,46.04032215638443,0.1922753718288024,8.221429600641518,-0.390159,0.026492,-0.065321,-0.918045,0.990063,0.099262,0.099614,-0.140607,0.687018,0.712907,-0.171974,1.055775,3.013966,7.609289090618937,-7.295932693943502,8.088472950107162,0.061578,-0.067998,0.07444,0.992997,0.97967,0.139463,0.144212,-0.156212,0.981334,0.112171,0.111321,1.271783,2.905555,-24.60289245933737,28.812470633088555,9.660671907870372,-0.185154,0.259596,0.132504,0.938494,0.830105,0.152578,-0.536326,-0.344839,0.896321,-0.278737,F,BuildTutorial
3.461,-0.173191,1.522359,2.714537,45.97763444023167,0.2682175688453158,8.226428260519866,-0.389699,0.025864,-0.065119,-0.918273,0.990181,0.099436,0.098254,-0.139753,0.687788,0.712332,-0.171087,1.055621,3.013794,7.694159965872347,-6.884771669913336,7.785479143108565,0.062751,-0.064318,0.071633,0.993375,0.981464,0.134246,0.136773,-0.15039,0.981862,0.115456,0.11166,1.271776,2.905264,-24.588777183764925,28.875372830060797,9.612453496495316,-0.185074,0.26003,0.132183,0.938435,0.829825,0.151841,-0.536969,-0.344339,0.896551,-0.278616,F,BuildTutorial
3.494,-0.172843,1.522448,2.714235,45.93080010532796,0.3430611737743336,8.277701296018792,-0.389355,0.025411,-0.065288,-0.91842,0.990184,0.100136,0.097516,-0.139711,0.68828,0.711865,-0.170776,1.055898,3.013421,7.639118779624771,-6.837515479584295,7.782154840697933,0.062305,-0.063876,0.071552,0.993438,0.9816,0.134205,0.13583,-0.150124,0.981997,0.114652,0.111805,1.271732,2.905066,-24.589573846210605,28.89935334797026,9.827992598801387,-0.184563,0.260574,0.133988,0.938128,0.828297,0.155211,-0.538362,-0.347581,0.895967,-0.276461,F,BuildTutorial
3.527,-0.172567,1.522548,2.713987,45.878581356638605,0.4179961338232772,8.323521214939591,-0.388969,0.024935,-0.065415,-0.918587,0.990198,0.100782,0.096698,-0.139577,0.688848,0.711341,-0.171237,1.056092,3.013402,7.59983347046635,-7.145713851367787,8.504562964747794,0.061351,-0.066914,0.07796,0.992815,0.97889,0.146589,0.142432,-0.16301,0.980317,0.111387,0.111795,1.271692,2.905015,-24.577517499126508,28.83329386460665,9.891739549449012,-0.184396,0.260133,0.13438,0.938228,0.828546,0.156224,-0.537686,-0.348094,0.89588,-0.276097,F,BuildTutorial
3.561,-0.172246,1.522725,2.713687,45.82209165259573,0.416569766517897,8.252498625544472,-0.388531,0.024672,-0.064866,-0.918819,0.990367,0.100028,0.095743,-0.138372,0.689672,0.710778,-0.172334,1.05584,3.013211,7.827400393472076,-7.79241789021078,8.775702718629367,0.06271,-0.072802,0.080777,0.99209,0.97635,0.151146,0.154584,-0.169407,0.979085,0.112667,0.111988,1.271795,2.904618,-24.602540798858215,28.87236666254612,9.677761933766762,-0.185043,0.260114,0.13274,0.938339,0.829441,0.152846,-0.537276,-0.345375,0.896278,-0.27821,F,BuildTutorial
3.594,-0.171925,1.522861,2.713379,45.79920903025141,0.4230366539332065,8.247597910903822,-0.388352,0.02459,-0.064811,-0.9189,0.99039,0.10001,0.095531,-0.138209,0.689965,0.710526,-0.173419,1.055744,3.013193,7.919087734988917,-8.231864610448346,8.350459348873871,0.063478,-0.076428,0.077389,0.992039,0.97634,0.143842,0.161464,-0.163248,0.979963,0.114115,0.112153,1.271765,2.904586,-24.607786011761903,28.8782047488191,9.742765273242345,-0.184932,0.260268,0.133292,0.93824,0.828988,0.153856,-0.537687,-0.346383,0.896067,-0.277638,F,BuildTutorial
3.627,-0.171496,1.523059,2.713131,45.741937900876266,0.3960717942720701,8.193994938255454,-0.387889,0.024591,-0.064488,-0.919118,0.990473,0.099467,0.095231,-0.13762,0.690766,0.709861,-0.174006,1.056312,3.013116,7.752137162184298,-8.338535151574415,8.511387090400762,0.061851,-0.07734,0.078743,0.991964,0.975636,0.146653,0.163177,-0.165787,0.979948,0.110529,0.112241,1.271748,2.904496,-24.592690823935985,28.813988085663947,9.856009974077988,-0.184625,0.259921,0.134086,0.938283,0.828924,0.155645,-0.537271,-0.347597,0.895869,-0.276758,F,BuildTutorial
3.66,-0.171226,1.523209,2.712888,45.69199980424447,0.3679030316782286,8.067505386421454,-0.3875,0.02436,-0.063582,-0.919352,0.990728,0.098029,0.094066,-0.135786,0.691602,0.709401,-0.174402,1.056599,3.013253,7.663008244806421,-8.399477650022032,9.275162843993709,0.060517,-0.078219,0.085333,0.991432,0.9732,0.159736,0.165425,-0.17867,0.978112,0.106649,0.112414,1.271829,2.90458,-24.60624841408544,28.815242652266097,9.723553791750362,-0.185036,0.259721,0.13303,0.938408,0.829696,0.153558,-0.536679,-0.345788,0.89613,-0.278177,F,BuildTutorial
3.694,-0.17079,1.523342,2.712613,45.65387355201456,0.3761602556542917,8.052776035660626,-0.387202,0.024222,-0.063446,-0.919491,0.990776,0.097918,0.093676,-0.135433,0.692099,0.708984,-0.174612,1.056568,3.013381,7.707175277750567,-8.313697071016255,9.032998989418056,0.061127,-0.077377,0.083218,0.991641,0.974175,0.155585,0.163634,-0.174504,0.978677,0.108353,0.112583,1.271794,2.904635,-24.545340232877056,28.8800315990896,9.781335542026282,-0.184326,0.26033,0.133488,0.938314,0.828819,0.154535,-0.537753,-0.346478,0.89641,-0.27641,F,BuildTutorial
3.727,-0.170406,1.523436,2.712402,45.59645444966704,0.4274913783401355,8.103750316186241,-0.386759,0.023949,-0.063697,-0.919667,0.990738,0.098635,0.09332,-0.135684,0.69272,0.708328,-0.175456,1.057222,3.012901,7.434360114659706,-8.784228292233228,9.450610004581598,0.058126,-0.081486,0.086912,0.991175,0.971613,0.162817,0.171638,-0.181762,0.978136,0.101061,0.112704,1.271905,2.904608,-24.602150766440015,28.83102069761967,9.7010222666003,-0.185035,0.259813,0.132863,0.938407,0.82969,0.15321,-0.536789,-0.345508,0.896219,-0.278237,F,BuildTutorial
3.763,-0.170141,1.52343,2.712168,45.596005666029875,0.4270409985062112,8.060686218379198,-0.386764,0.023807,-0.063353,-0.919692,0.990839,0.098114,0.092796,-0.134945,0.692801,0.708391,-0.176944,1.057892,3.0123,7.080690464258962,-9.35406378907338,10.333134909973154,0.053967,-0.086595,0.094595,0.990273,0.967106,0.178003,0.181715,-0.196696,0.976279,0.090501,0.11264,1.271997,2.904828,-24.648216339735335,28.69755735040001,9.79329343006826,-0.185362,0.25888,0.133493,0.93851,0.830322,0.154595,-0.535412,-0.346541,0.895641,-0.278811,F,BuildTutorial
3.794,-0.169842,1.523525,2.711894,45.59636823409086,0.4092943379616003,8.007759908675647,-0.386768,0.023771,-0.062988,-0.919716,0.990935,0.097475,0.092448,-0.13425,0.692886,0.70844,-0.17699,1.058101,3.012009,6.906327070433888,-9.252679245512237,10.313514465054055,0.052557,-0.085581,0.094264,0.990469,0.967581,0.177735,0.179438,-0.195727,0.976704,0.087978,0.112809,1.272046,2.904848,-24.62429572464662,28.756925420330003,9.77567325408169,-0.185135,0.259332,0.133398,0.938444,0.829904,0.15435,-0.53613,-0.346395,0.89586,-0.278289,F,BuildTutorial
3.827,-0.169514,1.523574,2.711718,45.55335527755439,0.437385481748734,8.024120108717787,-0.386435,0.023576,-0.063036,-0.919858,0.990941,0.097748,0.092091,-0.134189,0.693389,0.707958,-0.176685,1.058149,3.011899,7.030444646662803,-9.05446993937796,10.47698498670652,0.053674,-0.084036,0.095665,0.990407,0.967572,0.180474,0.176729,-0.198516,0.975935,0.090239,0.113028,1.272211,2.904717,-24.627947687174203,28.826691489724396,9.687025551429295,-0.185285,0.259761,0.132792,0.938382,0.829781,0.152961,-0.536719,-0.345479,0.896072,-0.278747,F,BuildTutorial
3.861,-0.169239,1.523677,2.71152,45.5172165504672,0.4457547454210304,8.011363279088565,-0.386152,0.023445,-0.062915,-0.919988,0.990984,0.097656,0.091728,-0.133869,0.693857,0.707561,-0.177559,1.058677,3.011653,6.849689817960433,-9.348196898398344,11.23271319223859,0.051294,-0.086779,0.102212,0.989642,0.964044,0.193405,0.182245,-0.211209,0.973843,0.083785,0.113083,1.272469,2.904598,-24.717239508039462,28.77390856938999,9.690265417464088,-0.186077,0.259355,0.132908,0.938321,0.830141,0.152901,-0.536178,-0.345941,0.895421,-0.28026,F,BuildTutorial
3.894,-0.168969,1.523787,2.711288,45.4968377777829,0.4567831299839001,8.039345526009333,-0.385989,0.023439,-0.063108,-0.920044,0.990936,0.098031,0.091848,-0.134219,0.69406,0.707295,-0.178152,1.05885,3.011353,6.793665054057342,-9.620398676890067,11.030447072047274,0.050724,-0.088995,0.100549,0.989645,0.96394,0.189986,0.186347,-0.208043,0.974634,0.082501,0.112949,1.272341,2.90466,-24.751616474850444,28.646091313314884,9.84872031170778,-0.186152,0.258574,0.134065,0.938357,0.830332,0.155334,-0.535183,-0.347871,0.894748,-0.280022,F,BuildTutorial
3.928,-0.168798,1.523854,2.711095,45.454614638561615,0.4784236581212847,8.062575061659135,-0.385657,0.023319,-0.063233,-0.920177,0.990916,0.098384,0.091687,-0.134357,0.69454,0.706797,-0.178587,1.05946,3.011562,6.5375996249086255,-9.636354825146976,10.646489707608332,0.048794,-0.088767,0.097065,0.99011,0.965398,0.183549,0.18525,-0.200874,0.976395,0.07939,0.112943,1.272146,2.904691,-24.66615993759829,28.627623227597883,9.8176162613642,-0.185537,0.258351,0.133614,0.938604,0.830804,0.154953,-0.53456,-0.346689,0.895447,-0.279254,F,BuildTutorial
3.961,-0.168598,1.524002,2.71093,45.42116334445824,0.466787902695604,8.049471956478008,-0.385385,0.023349,-0.063176,-0.920295,0.990927,0.098285,0.09167,-0.134278,0.694974,0.706386,-0.178955,1.05986,3.011772,6.4967705766233985,-9.649478900504786,10.572691382409712,0.048487,-0.088818,0.096405,0.990185,0.965635,0.182305,0.185242,-0.199531,0.97671,0.078897,0.11305,1.272065,2.904705,-24.61052609830881,28.564369965057026,9.813882117386072,-0.185159,0.257813,0.133373,0.938861,0.831489,0.154965,-0.533491,-0.34591,0.895856,-0.278907,F,BuildTutorial
3.993,-0.168461,1.524119,2.710765,45.37201374414254,0.4659024763949564,8.04272898089162,-0.384991,0.023305,-0.063138,-0.920463,0.990941,0.098288,0.091519,-0.134177,0.695591,0.705798,-0.179411,1.060079,3.011875,6.512473136625202,-9.80344579768384,10.579294893414518,0.048488,-0.090163,0.096538,0.99005,0.965102,0.182412,0.187895,-0.199899,0.976659,0.078603,0.113167,1.272074,2.904717,-24.671547623909618,28.53036085288413,9.825184859840832,-0.185678,0.257568,0.133529,0.938804,0.831658,0.155066,-0.533197,-0.346364,0.895388,-0.279844,F,BuildTutorial
4.027,-0.168295,1.524204,2.71051,45.31899120270653,0.4757689551963745,8.060883829101765,-0.384567,0.023256,-0.063265,-0.920633,0.990913,0.098601,0.091479,-0.134375,0.696212,0.705148,-0.179992,1.060561,3.012019,6.499829178838138,-9.95190336307716,10.370625155579717,0.04842,-0.091348,0.094789,0.990114,0.965341,0.178857,0.190069,-0.19655,0.977341,0.078566,0.113503,1.272009,2.904658,-24.665643746439063,28.633346298824137,9.878867534375074,-0.185388,0.258497,0.134124,0.938521,0.83038,0.155912,-0.534939,-0.347601,0.895284,-0.27864,F,BuildTutorial
4.06,-0.168055,1.524261,2.710167,45.29166344920512,0.5027514159574774,8.062271757869139,-0.384362,0.023028,-0.063193,-0.920729,0.990953,0.098665,0.090983,-0.134069,0.696545,0.704876,-0.180671,1.061265,3.011971,6.357030926578144,-10.173175335947873,10.544164834904077,0.046861,-0.093225,0.096278,0.989871,0.964079,0.181869,0.193584,-0.199343,0.977069,0.074823,0.113844,1.27216,2.904592,-24.65291217413838,28.670021271993587,9.856588454448042,-0.18529,0.258758,0.133976,0.938489,0.83019,0.15558,-0.535332,-0.347361,0.895436,-0.278451,F,BuildTutorial
4.093,-0.167875,1.524415,2.710007,45.25210938894828,0.5181434888593244,8.055907103117127,-0.384054,0.02286,-0.063101,-0.920868,0.990991,0.098657,0.09057,-0.133774,0.697042,0.704441,-0.181414,1.062174,3.011942,6.103237772456548,-10.466424151434348,10.373208662656538,0.044563,-0.0955,0.094731,0.989909,0.963812,0.179039,0.197515,-0.196062,0.97808,0.070133,0.113824,1.272243,2.904614,-24.6732822936738,28.57723234390956,9.878750540764496,-0.185517,0.258039,0.134047,0.938632,0.830894,0.155901,-0.534144,-0.347384,0.895229,-0.279086,F,BuildTutorial
4.127,-0.167644,1.524573,2.7098,45.17468888030227,0.5594461050850824,8.07981012477328,-0.38345,0.022563,-0.063176,-0.921122,0.990999,0.099082,0.090017,-0.13369,0.697949,0.703558,-0.182105,1.063259,3.011843,5.8666687765093695,-10.678071461370648,10.120420042540166,0.042557,-0.097059,0.092448,0.990062,0.964066,0.174798,0.200057,-0.19132,0.979285,0.066321,0.114078,1.27248,2.904512,-24.72045372104439,28.615145268647016,9.838318334332312,-0.185954,0.258296,0.133869,0.938501,0.830725,0.155211,-0.534609,-0.347335,0.895,-0.27988,F,BuildTutorial
4.16,-0.167373,1.524751,2.709534,45.13353718924072,0.6157121546907587,8.097568414117744,-0.383147,0.022146,-0.063142,-0.921261,0.991045,0.099371,0.08919,-0.133311,0.698423,0.70316,-0.182521,1.064769,3.011731,5.674674004261166,-10.751861499148548,9.937390028146396,0.040993,-0.097492,0.090745,0.990242,0.964521,0.171727,0.200522,-0.187713,0.98017,0.063492,0.114432,1.272845,2.904361,-24.773449806076087,28.65999372353834,9.846150457660846,-0.186322,0.258689,0.134109,0.938285,0.83019,0.155265,-0.535424,-0.348063,0.894598,-0.280261,F,BuildTutorial
4.193,-0.167126,1.524886,2.709265,45.066070360936195,0.6860970370445768,8.152554528158761,-0.382633,0.021724,-0.063368,-0.921469,0.991025,0.100159,0.08853,-0.133409,0.699153,0.702415,-0.182878,1.066781,3.011574,5.231759189141202,-10.772623027575282,9.968940430345764,0.037119,-0.097366,0.09068,0.990414,0.964594,0.172392,0.199597,-0.186849,0.980799,0.055869,0.114696,1.273126,2.904169,-24.826577624046784,28.68010907037413,9.880568016136262,-0.18666,0.258923,0.134527,0.938094,0.829723,0.155736,-0.536009,-0.349058,0.894122,-0.280545,F,BuildTutorial
4.227,-0.166852,1.525033,2.709083,45.00883779879141,0.7554964803986692,8.153191994637536,-0.382211,0.021134,-0.063158,-0.921672,0.991129,0.100267,0.087237,-0.132578,0.699852,0.701876,-0.18237,1.069894,3.011481,3.936608395927272,-10.510464415198056,8.877734408897235,0.027015,-0.093911,0.080161,0.99198,0.96951,0.153962,0.190647,-0.16411,0.985689,0.03854,0.11483,1.273299,2.904105,-24.895570691405496,28.622782820193205,9.897234981399937,-0.18726,0.258498,0.134704,0.938066,0.830067,0.15591,-0.535426,-0.349535,0.893577,-0.281683,F,BuildTutorial
4.261,-0.166486,1.52515,2.708779,44.956821002505365,0.8363043267757755,8.154700428456247,-0.381837,0.020458,-0.062916,-0.921859,0.991246,0.100377,0.085766,-0.131623,0.700484,0.701425,-0.181808,1.073161,3.011297,2.44382558912516,-10.247199558606903,7.580586989871701,0.015291,-0.090493,0.067726,0.993474,0.974448,0.131801,0.181876,-0.137337,0.990359,0.018126,0.115058,1.273396,2.903994,-24.88730565059191,28.635287292171093,9.87325392958266,-0.187231,0.258559,0.134512,0.938082,0.830108,0.155546,-0.535469,-0.349188,0.893702,-0.281718,F,BuildTutorial
4.294,-0.166293,1.525273,2.708681,44.89481910460496,0.9146699676502088,8.18433937886908,-0.381376,0.019889,-0.062912,-0.922062,0.991293,0.100847,0.084665,-0.131188,0.701189,0.700803,-0.181456,1.075763,3.011381,1.497081494213612,-9.968399692346242,7.058853992635182,0.007642,-0.08751,0.062456,0.994174,0.976882,0.122847,0.174956,-0.125522,0.992082,0.004264,0.115337,1.273468,2.904014,-24.89786366845373,28.760803707490464,9.820636106324883,-0.18729,0.259503,0.134307,0.937839,0.82924,0.154713,-0.537053,-0.349122,0.893768,-0.28159,F,BuildTutorial
4.326,-0.166065,1.525378,2.708472,44.85946756967731,0.962003500003473,8.117950963560379,-0.381129,0.019266,-0.062231,-0.922224,0.991512,0.100096,0.082972,-0.129468,0.701736,0.700575,-0.181476,1.077666,3.011529,0.8292982235662109,-9.818648770677394,6.863315440215201,0.002075,-0.085855,0.060255,0.994482,0.977997,0.119489,0.171013,-0.120202,0.99273,-0.006219,0.115311,1.273299,2.904202,-24.88848688457595,28.731122600626456,9.988623346820669,-0.186867,0.259532,0.135615,0.937727,0.828503,0.157345,-0.537425,-0.351336,0.893379,-0.280067,F,BuildTutorial
4.36,-0.165688,1.525582,2.708261,44.81319390126838,1.090869350673033,8.101703013114161,-0.380829,0.018147,-0.061686,-0.922407,0.991731,0.099977,0.080461,-0.127621,0.702328,0.70032,-0.180761,1.080544,3.011472,-0.4447325712568377,-9.40859688883934,5.346767606071495,-0.007689,-0.081743,0.046167,0.995554,0.982373,0.09318,0.16205,-0.090666,0.995619,-0.022858,0.115285,1.273225,2.904176,-24.81091062521795,28.724689238044224,9.911965940328768,-0.186407,0.259335,0.134826,0.937987,0.829134,0.156246,-0.536771,-0.349613,0.894149,-0.279764,F,BuildTutorial
4.393,-0.165231,1.525772,2.70829,44.72765940662715,1.275454527811839,8.15346615412934,-0.380232,0.016781,-0.061517,-0.92269,0.991868,0.100761,0.077748,-0.126283,0.703278,0.699609,-0.179878,1.083688,3.011492,-1.6183495779253214,-8.958086596346684,4.757468598222832,-0.017308,-0.077435,0.040272,0.996033,0.984764,0.082905,0.152862,-0.077544,0.996157,-0.040716,0.115253,1.273359,2.904146,-24.834373318233514,28.708317501313083,9.699767258257149,-0.1871,0.258861,0.133108,0.938226,0.830547,0.152905,-0.535549,-0.346636,0.894552,-0.28217,F,BuildTutorial
4.427,-0.164793,1.526055,2.708119,44.611644594335075,1.5602914434868609,8.181048378493713,-0.379447,0.014507,-0.060834,-0.923098,0.992178,0.101301,0.07295,-0.12332,0.704639,0.698768,-0.179503,1.086857,3.011429,-2.3973662554190445,-8.615998617153943,4.4016457323940745,-0.023729,-0.074245,0.036715,0.996281,0.986279,0.076681,0.146196,-0.069634,0.996178,-0.052733,0.114813,1.27356,2.903956,-24.951655062499444,28.589839270833636,9.862313508810107,-0.187841,0.258185,0.134473,0.938069,0.830515,0.155294,-0.53491,-0.349285,0.893266,-0.282977,F,BuildTutorial
4.46,-0.164059,1.526335,2.708051,44.517410033454794,1.9508110910149885,8.245619412097652,-0.378887,0.011515,-0.060096,-0.923418,0.992512,0.102262,0.066806,-0.119714,0.705666,0.698358,-0.179086,1.090638,3.011343,-3.0624425829908515,-8.142916339643877,4.5391059998489425,-0.029444,-0.069864,0.037591,0.996413,0.987412,0.079027,0.137014,-0.070798,0.99544,-0.063929,0.114717,1.273769,2.903785,-25.051736258103222,28.587481506369453,9.82943687950521,-0.188745,0.258136,0.134394,0.937912,0.830608,0.154655,-0.534951,-0.349543,0.892627,-0.284669,F,BuildTutorial
4.493,-0.163179,1.526705,2.708171,44.37696633494933,2.4657181546840263,8.390791602862828,-0.378013,0.007753,-0.059621,-0.923846,0.99277,0.104301,0.0594,-0.116023,0.707103,0.697528,-0.177976,1.096274,3.010904,-4.621570202265191,-7.485273936115157,4.02949780091796,-0.042502,-0.063767,0.032423,0.996532,0.989765,0.070042,0.124337,-0.0592,0.994285,-0.088845,0.115127,1.273881,2.903539,-25.023748391234836,28.701138136895047,9.793308507847728,-0.188462,0.259,0.134231,0.937754,0.829802,0.154129,-0.536352,-0.349376,0.892928,-0.283931,F,BuildTutorial
4.527,-0.162113,1.527138,2.708272,44.17817396542463,3.126210763308326,8.556053864479564,-0.376746,0.002836,-0.058866,-0.92444,0.993053,0.1067,0.049599,-0.110974,0.709194,0.696225,-0.176092,1.10313,3.010314,-6.537621398676037,-6.496256576401422,3.50016524790856,-0.05863,-0.054803,0.027212,0.996403,0.992512,0.060654,0.10602,-0.047802,0.991644,-0.119821,0.115868,1.27407,2.903123,-25.025638741027866,28.89406064012689,9.663741113005887,-0.188546,0.260366,0.133492,0.937465,0.828779,0.152106,-0.538507,-0.34847,0.893261,-0.283997,F,BuildTutorial
4.56,-0.160724,1.527605,2.708316,43.94961017582411,3.893551894131942,8.736982158916177,-0.375296,-0.002925,-0.057921,-0.925089,0.993273,0.10936,0.038062,-0.104968,0.711597,0.694702,-0.17493,1.110547,3.009499,-8.162470373149185,-5.747957928286684,3.4750332303501885,-0.072565,-0.047834,0.026639,0.99586,0.994005,0.06,0.091406,-0.046115,0.988049,-0.147077,0.116745,1.274293,2.902643,-25.139927594346112,29.109033966710665,9.682393719991095,-0.189196,0.26218,0.134224,0.936723,0.826491,0.152254,-0.54197,-0.350668,0.892378,-0.284067,F,BuildTutorial
4.594,-0.159225,1.528141,2.708375,43.73201467851074,4.726671928706576,8.865310541022263,-0.373965,-0.009395,-0.056354,-0.925681,0.993472,0.111358,0.024756,-0.097305,0.713949,0.693404,-0.173616,1.11856,3.008147,-9.554949225248937,-5.197237348954423,3.217225339651926,-0.084436,-0.042828,0.024171,0.995215,0.995163,0.055343,0.081165,-0.040878,0.984573,-0.170135,0.117821,1.274416,2.902277,-25.178792565399284,29.29900634301557,9.84301907634296,-0.188924,0.264006,0.135927,0.936019,0.823649,0.154706,-0.54559,-0.354214,0.891663,-0.281902,F,BuildTutorial
4.627,-0.157429,1.528658,2.708331,43.501193509000174,5.749154721485433,9.035383286759508,-0.37262,-0.017283,-0.054541,-0.926219,0.993453,0.113915,0.008631,-0.088155,0.716359,0.692141,-0.171054,1.127531,3.006568,-11.169890561346836,-4.033653023867763,3.2170338990551204,-0.098206,-0.032282,0.024496,0.994341,0.996716,0.055055,0.059387,-0.042374,0.979511,-0.196881,0.119484,1.274519,2.901635,-25.146758013671494,29.612231237583934,9.709552153886566,-0.188598,0.266337,0.135289,0.935517,0.821523,0.152669,-0.549356,-0.353591,0.892256,-0.280808,F,BuildTutorial
4.66,-0.155323,1.529256,2.708242,43.28569446114407,6.915686067213891,9.267663999859556,-0.371474,-0.026137,-0.052783,-0.926573,0.993062,0.117232,-0.009221,-0.078395,0.718442,0.691155,-0.167454,1.137189,3.005085,-12.733809302268831,-2.528381094721397,3.5261572480189978,-0.11149,-0.018505,0.028124,0.993195,0.997733,0.059991,0.030487,-0.051739,0.973558,-0.222504,0.121558,1.274964,2.900769,-25.19287425890155,30.026974052527613,9.616115789102594,-0.188707,0.269577,0.135303,0.934565,0.818043,0.151156,-0.55494,-0.354641,0.892166,-0.279769,F,BuildTutorial
4.693,-0.153119,1.529936,2.708264,42.993216059556715,8.163765574992281,9.5583701618091,-0.369764,-0.035547,-0.05133,-0.927026,0.992203,0.121456,-0.027947,-0.068879,0.72128,0.68921,-0.160046,1.145756,3.000782,-14.17520576549462,-1.4608978641694033,3.544774806695695,-0.123709,-0.008829,0.029118,0.991852,0.998148,0.059946,0.010309,-0.055577,0.967696,-0.245917,0.124059,1.275697,2.899566,-25.359705913794368,30.603953674558817,9.671125801972284,-0.189264,0.274401,0.137047,0.932792,0.811844,0.151805,-0.563794,-0.359542,0.890794,-0.277876,F,BuildTutorial
4.727,-0.150924,1.530675,2.708166,42.671962167344645,9.39811021013493,9.823107952326868,-0.367815,-0.044981,-0.049785,-0.927475,0.990996,0.125438,-0.046815,-0.059258,0.724467,0.686757,-0.156684,1.155923,2.998601,-15.479947962544683,-0.6108902879315842,3.4916441695595446,-0.134774,-0.001177,0.02947,0.990437,0.99826,0.058694,-0.005612,-0.058059,0.961935,-0.26704,0.126701,1.276663,2.898073,-25.5560702847734,31.2145519890092,9.69401802460668,-0.190088,0.27944,0.138657,0.930889,0.805375,0.151911,-0.572969,-0.364384,0.889282,-0.276409,F,BuildTutorial
4.76,-0.148724,1.531468,2.707951,42.34594087638643,10.645686892982598,10.050262336279363,-0.365822,-0.054672,-0.04795,-0.927839,0.989424,0.12898,-0.066371,-0.04898,0.72775,0.684091,-0.152325,1.165754,2.996417,-16.840228707677902,0.6595647095372376,3.675791847370445,-0.14617,0.010387,0.032568,0.988669,0.997663,0.061361,-0.03006,-0.067434,0.955147,-0.288351,0.129523,1.277463,2.896363,-25.751192243770184,31.772237759099987,9.641900727876566,-0.19114,0.283912,0.13958,0.929181,0.799822,0.150857,-0.58097,-0.367925,0.887965,-0.275951,F,BuildTutorial
4.793,-0.146571,1.532163,2.707524,42.055670171429256,11.907301465988676,10.321519322788689,-0.364148,-0.064322,-0.04644,-0.927956,0.987412,0.133034,-0.085554,-0.039343,0.73048,0.6818,-0.147749,1.175595,2.994354,-18.38641810384694,2.0674048796897164,3.754504164819182,-0.159069,0.023032,0.035213,0.98637,0.996459,0.062138,-0.056638,-0.076793,0.946914,-0.312181,0.132437,1.278218,2.894686,-25.88173576347917,32.34638946434264,9.653804818801405,-0.191477,0.288603,0.14092,0.927463,0.7937,0.150874,-0.589302,-0.371917,0.886957,-0.273836,F,BuildTutorial
4.827,-0.144453,1.532928,2.707039,41.71864520135108,13.118142702540082,10.610398686925892,-0.362098,-0.073576,-0.045336,-0.928125,0.985062,0.137438,-0.103744,-0.03087,0.733659,0.678816,-0.142322,1.184589,2.992073,-19.69506121719804,3.719997465448616,3.4922889840670943,-0.169883,0.037173,0.035555,0.984121,0.994708,0.05735,-0.085246,-0.08261,0.939751,-0.331728,0.135427,1.278902,2.892739,-25.988976676625157,33.004261527314554,9.627681108062273,-0.191608,0.293893,0.142047,0.9256,0.786899,0.150333,-0.59849,-0.375582,0.886218,-0.271212,F,BuildTutorial
4.86,-0.142362,1.533759,2.706451,41.37265105018739,14.300924212604778,10.837613334162702,-0.359935,-0.08283,-0.043885,-0.928257,0.982427,0.1411,-0.122183,-0.021846,0.737042,0.675494,-0.136248,1.192453,2.990165,-20.59700134915451,5.784836320188279,2.9342464274474627,-0.177219,0.054203,0.034177,0.982083,0.991788,0.047917,-0.118578,-0.08634,0.934851,-0.344383,0.138591,1.279381,2.890782,-26.039213655672217,33.66213429557336,9.572603016274972,-0.191343,0.299116,0.142816,0.923862,0.780266,0.149417,-0.607338,-0.378353,0.885983,-0.268112,F,BuildTutorial
4.893,-0.140296,1.534624,2.70583,41.02215602726307,15.449179701355808,11.01548482800602,-0.357689,-0.091984,-0.042201,-0.928341,0.979516,0.144157,-0.140594,-0.012551,0.740555,0.671878,-0.129418,1.199938,2.988418,-21.701944645738056,8.362541879729594,2.3016433020881686,-0.186278,0.075365,0.033396,0.979033,0.98641,0.037313,-0.160012,-0.093469,0.928371,-0.35971,0.141754,1.279767,2.888577,-26.10320871492296,34.318915256007465,9.527958603977394,-0.191161,0.304338,0.143701,0.922055,0.773458,0.148645,-0.616172,-0.381355,0.885615,-0.265055,F,BuildTutorial
4.927,-0.138211,1.535634,2.704954,40.64470370829041,16.53937153988859,11.162439154171198,-0.355179,-0.100814,-0.040538,-0.928462,0.976387,0.146889,-0.158408,-0.003661,0.74441,0.667713,-0.121931,1.206827,2.986403,-23.008852390537367,11.251222792102782,0.6889860230138732,-0.197902,0.09725,0.025414,0.975055,0.979793,0.011068,-0.199707,-0.088052,0.920378,-0.380987,0.145248,1.280339,2.885855,-26.22695837637097,35.11250195352706,9.375175308988666,-0.191581,0.310471,0.144092,0.91986,0.765691,0.146128,-0.62639,-0.384049,0.885069,-0.262982,F,BuildTutorial
4.96,-0.136276,1.536743,2.703994,40.23796238544119,17.52339814467349,11.276031920954432,-0.352364,-0.10894,-0.03903,-0.928681,0.973218,0.149265,-0.174836,0.004281,0.748632,0.662972,-0.113164,1.213047,2.984134,-24.21247064253206,15.097312445513392,-1.7776489665806825,-0.209875,0.125206,0.012512,0.969598,0.968334,-0.028292,-0.248051,-0.076819,0.911592,-0.403855,0.148667,1.280925,2.88304,-26.3708505972404,35.83842323598998,9.40058783275494,-0.191761,0.316342,0.145859,0.917541,0.757306,0.146339,-0.636453,-0.388988,0.883906,-0.259615,F,BuildTutorial
4.993,-0.134438,1.537914,2.703012,39.8447090529108,18.433721273580836,11.2533957483533,-0.349491,-0.116883,-0.036674,-0.928897,0.969987,0.149832,-0.19151,0.013566,0.753022,0.657856,-0.105232,1.219242,2.982423,-25.530748361984877,18.79661232605013,-3.0839451997523946,-0.2222,0.153337,0.010177,0.962815,0.952768,-0.048546,-0.299793,-0.087739,0.901048,-0.424753,0.152005,1.281572,2.880272,-26.46008864445676,36.644815354083825,9.258786876301915,-0.191851,0.322557,0.146296,0.915286,0.749109,0.144039,-0.646597,-0.39157,0.883582,-0.256819,F,BuildTutorial
5.027,-0.132703,1.539111,2.701927,39.416546057731466,19.28981073265434,11.156517349454855,-0.346222,-0.124663,-0.033985,-0.929212,0.966609,0.14948,-0.208144,0.023164,0.757951,0.6519,-0.097408,1.224157,2.981306,-26.553987321628213,22.52881967225219,-4.601805944049106,-0.232686,0.18092,0.006503,0.955554,0.934451,-0.071767,-0.348784,-0.096623,0.89163,-0.442334,0.155295,1.282066,2.877315,-26.521529330868873,37.48636438022342,9.128649415978682,-0.191641,0.329053,0.146822,0.91293,0.740335,0.141957,-0.657079,-0.394197,0.883434,-0.253285,F,BuildTutorial
5.059,-0.131023,1.540304,2.700792,38.98903098652427,20.093134224513623,11.066513930703405,-0.342925,-0.131997,-0.031557,-0.929507,0.963162,0.149195,-0.223741,0.031865,0.762813,0.645833,-0.088319,1.227536,2.979847,-27.29783722898799,27.192256323173677,-9.04247026024477,-0.246653,0.209647,-0.019157,0.945962,0.911363,-0.139663,-0.387185,-0.067177,0.87759,-0.474682,0.158435,1.28257,2.874123,-26.671816627775655,38.28551136229038,8.994416290243455,-0.192215,0.335184,0.147483,0.910469,0.731801,0.139702,-0.667047,-0.397412,0.882605,-0.251143,F,BuildTutorial
5.093,-0.129334,1.541375,2.699555,38.57755826894911,20.891225859676865,10.97170446622494,-0.339727,-0.139285,-0.029123,-0.929698,0.959503,0.14879,-0.239198,0.040486,0.767475,0.639799,-0.079971,1.230667,2.978928,-27.665757682077405,31.632915417929812,-12.83740816781393,-0.258183,0.237276,-0.039684,0.935664,0.884251,-0.196783,-0.42353,-0.04826,0.863534,-0.501977,0.161442,1.282812,2.871105,-26.785935214054735,38.93301720804272,9.014391622426723,-0.192236,0.340352,0.14903,0.908293,0.723902,0.139869,-0.675576,-0.401581,0.881671,-0.247768,F,BuildTutorial
5.126,-0.127834,1.542371,2.698252,38.220446540189755,21.685610667729335,10.902243100346702,-0.336973,-0.146399,-0.026851,-0.929675,0.955693,0.14859,-0.25411,0.048739,0.771456,0.634413,-0.071511,1.233432,2.97771,-27.29354779658497,36.356517593461334,-14.182302423835244,-0.259871,0.273176,-0.040933,0.925293,0.847399,-0.217731,-0.48426,-0.066231,0.861583,-0.503278,0.164476,1.282977,2.867506,-26.819572109822797,39.82001028698409,8.907173270740428,-0.191671,0.347191,0.149758,0.9057,0.714062,0.138178,-0.68631,-0.404364,0.88167,-0.243205,F,BuildTutorial
5.16,-0.126397,1.543392,2.696976,37.88403723020986,22.4411607608507,10.7852079276793,-0.334294,-0.153311,-0.024306,-0.929598,0.95181,0.147692,-0.268785,0.057312,0.775314,0.62897,-0.064164,1.235708,2.977307,-26.92052156338154,40.31245651499679,-14.509539613435642,-0.259085,0.304839,-0.035725,0.915791,0.811594,-0.223391,-0.539825,-0.092526,0.863198,-0.496316,0.167437,1.283217,2.863987,-26.852735265999375,40.65534097300221,8.853510344715948,-0.191005,0.353692,0.150821,0.903146,0.704309,0.137313,-0.696487,-0.407541,0.88154,-0.238321,F,BuildTutorial
5.193,-0.125032,1.544445,2.695769,37.534582088689085,23.126596233304333,10.622779378855762,-0.331411,-0.159801,-0.021655,-0.929603,0.94799,0.146181,-0.282749,0.065658,0.779396,0.623082,-0.056465,1.236293,2.977735,-26.401998550552616,43.871122636842365,-17.836319452381638,-0.265655,0.326456,-0.055722,0.9054,0.780643,-0.27435,-0.561541,-0.072548,0.852646,-0.517429,0.169836,1.283218,2.860403,-26.94884888259147,41.22192429209688,8.721449704356266,-0.191436,0.357923,0.150997,0.901356,0.698182,0.135166,-0.703045,-0.409243,0.881104,-0.237013,F,BuildTutorial
5.227,-0.123795,1.54551,2.694689,37.18998043423309,23.72627701554478,10.405128482328458,-0.328448,-0.165743,-0.018825,-0.929676,0.94435,0.143878,-0.295808,0.073873,0.783536,0.61694,-0.049093,1.237491,2.977335,-26.558101163856655,47.508319446915955,-22.529352780203013,-0.282767,0.343423,-0.083271,0.891723,0.750253,-0.342727,-0.565384,-0.045707,0.826218,-0.561494,0.172295,1.282892,2.856825,-26.91435027025685,41.8851406923285,8.746797705685188,-0.190204,0.36318,0.152202,0.899309,0.68987,0.135597,-0.711121,-0.41191,0.881314,-0.231552,F,BuildTutorial
5.26,-0.122671,1.546492,2.693562,36.88696759633829,24.30159098738691,10.210634573555875,-0.325823,-0.17136,-0.016198,-0.929631,0.940747,0.141783,-0.308048,0.081549,0.787155,0.611341,-0.042358,1.239098,2.977472,-26.426704279206295,50.69404376178077,-25.16493356284774,-0.292402,0.361756,-0.096157,0.879993,0.719774,-0.380791,-0.580452,-0.042322,0.81051,-0.584194,0.174738,1.282412,2.852873,-26.847056639997582,42.68170252780791,8.644474218221232,-0.188937,0.369263,0.152522,0.897042,0.680764,0.134103,-0.720123,-0.413172,0.88208,-0.226327,F,BuildTutorial
5.293,-0.12161,1.547343,2.692482,36.57306368293062,24.81781371968122,9.988947447301378,-0.323039,-0.176582,-0.013563,-0.929667,0.93727,0.139303,-0.319562,0.088868,0.790924,0.605427,-0.035806,1.240957,2.979084,-26.555943583267563,53.63975257406372,-25.187069164747573,-0.295782,0.383871,-0.088244,0.87027,0.689713,-0.380677,-0.61594,-0.073492,0.809452,-0.582569,0.176735,1.281731,2.849278,-26.83262899639918,43.30120400454404,8.699115644682704,-0.187817,0.374199,0.153925,0.89499,0.672564,0.134961,-0.727629,-0.416084,0.882064,-0.220991,F,BuildTutorial
5.327,-0.120818,1.548109,2.691541,36.29700287204437,25.303499695609673,9.699639343779696,-0.320426,-0.181689,-0.01041,-0.929628,0.933762,0.13579,-0.331135,0.097081,0.794438,0.599536,-0.028008,1.240609,2.981707,-26.45847790561182,56.377885228965496,-27.52862742189492,-0.305323,0.398648,-0.099145,0.859086,0.6625,-0.41378,-0.624403,-0.073085,0.793897,-0.603645,0.17882,1.280816,2.845824,-26.72017215751791,43.870126609286,8.64795044071233,-0.18633,0.378572,0.154117,0.893427,0.665863,0.134306,-0.733886,-0.416463,0.883058,-0.216256,F,BuildTutorial
5.36,-0.120208,1.548727,2.69055,36.08923169410632,25.784626899627114,9.419364484190623,-0.318348,-0.186637,-0.007221,-0.929392,0.930229,0.132253,-0.34232,0.105409,0.797205,0.594436,-0.018766,1.237807,2.985934,-24.98356612794985,58.88403786288531,-31.02587453585229,-0.309857,0.412044,-0.124954,0.8477,0.629212,-0.467196,-0.621144,-0.043504,0.77675,-0.628305,0.180925,1.279841,2.842198,-26.56439755660886,44.65307501897339,8.582588484596355,-0.184263,0.384589,0.154399,0.891235,0.656506,0.13348,-0.742418,-0.416942,0.884416,-0.209684,F,BuildTutorial
5.393,-0.119688,1.549328,2.689611,35.93822906013243,26.25259637447823,9.219528181383042,-0.316833,-0.191176,-0.004617,-0.929003,0.926861,0.129721,-0.35228,0.112563,0.799191,0.590443,-0.009806,1.235671,2.990536,-23.121951044010192,60.78312478789824,-31.450728726983765,-0.300734,0.430239,-0.131447,0.840937,0.595232,-0.479852,-0.644548,-0.037698,0.784562,-0.618903,0.182626,1.278779,2.838953,-26.379723960818087,45.32259983453336,8.887679346797498,-0.180865,0.390306,0.157263,0.888942,0.645859,0.13841,-0.750806,-0.420781,0.885113,-0.198795,F,BuildTutorial
5.426,-0.119247,1.549998,2.68878,35.78023337820827,26.694867924144667,9.088951620838314,-0.315362,-0.19532,-0.002671,-0.92865,0.923686,0.128154,-0.361084,0.118233,0.80108,0.586764,-0.000874,1.233723,2.995248,-21.19451431207084,62.562251765364785,-31.080911750593845,-0.288165,0.449614,-0.133067,0.834926,0.560281,-0.481329,-0.674098,-0.036923,0.798508,-0.600851,0.184001,1.278044,2.835637,-26.237627039146155,45.77281823201857,8.814963614219806,-0.179378,0.393705,0.156961,0.887797,0.64072,0.137456,-0.75537,-0.419943,0.886374,-0.19491,F,BuildTutorial
5.46,-0.118882,1.550784,2.688245,35.578755958310374,27.099711744605912,8.968463616298326,-0.313548,-0.199184,-0.001013,-0.928446,0.920649,0.126789,-0.369228,0.123026,0.803373,0.582629,0.008528,1.232144,2.999433,-20.08604533738339,64.54711541180832,-32.858994996612864,-0.290135,0.462609,-0.146161,0.824895,0.529259,-0.509574,-0.678395,-0.027303,0.788917,-0.613893,0.185171,1.277647,2.832139,-26.171701810297495,46.24071207396853,8.586422092810965,-0.17901,0.396982,0.155714,0.886631,0.636317,0.133994,-0.759702,-0.418249,0.887417,-0.193801,F,BuildTutorial
5.493,-0.118683,1.551427,2.687917,35.35357890159562,27.488515464997935,8.846760061200612,-0.311533,-0.202948,0.000548,-0.92831,0.917623,0.125432,-0.377139,0.127468,0.805894,0.578175,0.017728,1.23011,3.003357,-18.654424287321945,66.5583638279422,-34.84561603472133,-0.291403,0.476053,-0.162156,0.813734,0.494158,-0.54135,-0.680256,-0.013544,0.777579,-0.628639,0.186146,1.277156,2.828864,-26.151692281300303,46.9272580787976,8.653064215529483,-0.177683,0.402394,0.157233,0.884186,0.626714,0.13505,-0.767458,-0.421044,0.887413,-0.187671,F,BuildTutorial
5.527,-0.118492,1.5521,2.68767,35.160085365498205,27.871465239439395,8.74926918516426,-0.309806,-0.206556,0.001954,-0.92809,0.914662,0.124358,-0.384616,0.131611,0.808032,0.574249,0.02701,1.227495,3.007115,-16.548634753668406,68.41528396411339,-35.80311253732834,-0.284264,0.492823,-0.174571,0.803644,0.4533,-0.56077,-0.692861,0.000403,0.777438,-0.628959,0.18691,1.276667,2.82556,-26.128652777293357,47.49169193433918,8.653461664498225,-0.176725,0.40675,0.158034,0.882241,0.61916,0.135083,-0.773559,-0.422614,0.887587,-0.183267,F,BuildTutorial
5.56,-0.118356,1.55269,2.687538,34.969147719284116,28.272164427910432,8.665565088338802,-0.308117,-0.210265,0.003291,-0.927816,0.911556,0.123465,-0.392203,0.13568,0.810107,0.570367,0.035599,1.227229,3.011261,-16.348935857948966,69.94049753172868,-37.23444620924579,-0.291535,0.500444,-0.181716,0.794697,0.433071,-0.580612,-0.689449,-0.002975,0.763973,-0.645241,0.187615,1.276035,2.82253,-26.00894731380021,47.86109730961331,8.64443715506774,-0.175312,0.409603,0.158138,0.881183,0.614436,0.135081,-0.777317,-0.422313,0.888517,-0.179416,F,BuildTutorial
5.593,-0.118414,1.553188,2.687547,34.802533562690364,28.65533759082422,8.588727343176359,-0.306629,-0.213781,0.004569,-0.9275,0.908553,0.122628,-0.399366,0.139578,0.811916,0.566842,0.044248,1.225797,3.016067,-15.387244763095996,71.03619855302053,-38.65051498775106,-0.293353,0.507231,-0.193536,0.786896,0.410522,-0.60218,-0.684727,0.00699,0.752976,-0.658011,0.188282,1.275209,2.81964,-25.90632911724595,48.32047545337884,8.51116175446145,-0.174357,0.412952,0.157474,0.879928,0.609346,0.133129,-0.781649,-0.421134,0.889603,-0.176785,F,BuildTutorial
5.626,-0.118377,1.553655,2.687699,34.643870426904016,29.047415302304504,8.545675843503789,-0.305262,-0.217267,0.005606,-0.927135,0.905527,0.122251,-0.406295,0.143043,0.813567,0.563602,0.053432,1.222431,3.020229,-13.540372654843685,73.38599557031968,-40.15116014263008,-0.292461,0.524861,-0.207162,0.772057,0.36321,-0.626885,-0.689271,0.01288,0.743101,-0.669056,0.188917,1.274192,2.816989,-25.7847197945497,48.863076306586386,8.708852996638766,-0.171943,0.417439,0.159402,0.877936,0.600672,0.136339,-0.787785,-0.423442,0.890053,-0.168828,F,BuildTutorial
5.66,-0.118504,1.554166,2.688041,34.54266802430705,29.4453228151539,8.470156367282504,-0.304287,-0.220813,0.007044,-0.926608,0.902384,0.121326,-0.413501,0.147436,0.81472,0.560798,0.062132,1.219574,3.024548,-12.153480972306689,75.83406934330677,-41.12009273382626,-0.292794,0.542816,-0.214587,0.757348,0.318608,-0.6429,-0.696541,0.007167,0.736448,-0.676456,0.189761,1.273136,2.81452,-25.582679335786903,49.27964802240054,8.993900485371244,-0.168745,0.421093,0.161519,0.876423,0.593184,0.141003,-0.792623,-0.425233,0.890873,-0.159755,F,BuildTutorial
5.693,-0.118629,1.554732,2.688591,34.413378460850744,29.80720438526396,8.404664516433819,-0.303103,-0.224074,0.008234,-0.926203,0.899446,0.120583,-0.420068,0.151088,0.816121,0.55778,0.070814,1.216937,3.029442,-10.783396415855282,77.51298432435024,-41.0788141621792,-0.287282,0.557915,-0.217305,0.747649,0.283019,-0.645493,-0.709393,0.004378,0.740495,-0.672047,0.190402,1.272282,2.811869,-25.390304128688935,49.627354942046466,8.907442626784182,-0.16708,0.423663,0.160711,0.875652,0.589363,0.139882,-0.795666,-0.423024,0.892513,-0.156433,F,BuildTutorial
5.726,-0.11872,1.555337,2.689495,34.19702053324486,30.164385580217363,8.369291602249131,-0.301279,-0.227325,0.008957,-0.925999,0.896486,0.120387,-0.426404,0.153566,0.818302,0.553895,0.079414,1.214213,3.03388,-9.528221006124534,79.49513053812993,-39.77020937540292,-0.276783,0.577485,-0.210677,0.738591,0.244252,-0.630885,-0.736428,-0.008468,0.758013,-0.652185,0.191032,1.271548,2.809059,-25.283063604983845,50.18994529320512,8.90578201653452,-0.165464,0.427977,0.161145,0.873779,0.581736,0.13998,-0.801242,-0.423239,0.893308,-0.151225,F,BuildTutorial
5.76,-0.118752,1.556021,2.690668,34.02622714348639,30.5472285197973,8.363394874925962,-0.299873,-0.230648,0.009606,-0.925627,0.893418,0.120548,-0.43275,0.156113,0.819968,0.550709,0.087698,1.210558,3.038313,-7.958094577933219,82.07727936891582,-38.75308834536077,-0.266683,0.600521,-0.206664,0.724945,0.193331,-0.619937,-0.760461,-0.020658,0.772341,-0.634873,0.191306,1.270688,2.806814,-25.23589028909731,50.583659623310126,9.305239276434758,-0.163041,0.431558,0.164588,0.87183,0.573338,0.146262,-0.806158,-0.427708,0.892657,-0.142229,F,BuildTutorial
5.792,-0.118726,1.556803,2.692111,33.89307277888213,30.896882220596197,8.274946512479987,-0.2986,-0.23387,0.010916,-0.925215,0.890371,0.119467,-0.43928,0.159868,0.821438,0.547433,0.096136,1.206582,3.043396,-6.360695178282264,83.36964247540487,-37.631456388255984,-0.253378,0.615161,-0.205572,0.717716,0.158634,-0.606822,-0.778847,-0.016652,0.787079,-0.616628,0.19142,1.269858,2.804636,-25.05715300769382,50.9195230353977,9.314222533245893,-0.161142,0.434158,0.164506,0.870907,0.56889,0.146617,-0.809239,-0.426461,0.893942,-0.137836,F,BuildTutorial
5.826,-0.118369,1.557645,2.694184,33.720704910997675,31.239719562197617,8.156802285625593,-0.296948,-0.237161,0.012346,-0.924892,0.887205,0.118011,-0.446028,0.163686,0.823339,0.543433,0.104088,1.202188,3.04817,-4.921780212024416,84.35037525100296,-36.808364968731645,-0.241971,0.626426,-0.206408,0.711644,0.129973,-0.596931,-0.791695,-0.009377,0.797692,-0.602992,0.191691,1.268993,2.802056,-24.793118426234987,51.41837114626798,9.123506036432556,-0.159115,0.437731,0.162822,0.869806,0.563761,0.143948,-0.813297,-0.422547,0.896343,-0.134254,F,BuildTutorial
5.859,-0.117747,1.558392,2.696759,33.56038169662619,31.59295297440836,8.057264114725765,-0.295422,-0.240469,0.013673,-0.924507,0.883975,0.116798,-0.45271,0.167362,0.825078,0.539664,0.111394,1.197614,3.051481,-3.582965663055336,85.94331497646903,-36.355461521049165,-0.234276,0.640166,-0.207905,0.701483,0.093926,-0.591634,-0.800717,-0.008268,0.803781,-0.594868,0.19202,1.26834,2.799032,-24.61834652162436,52.00355073133921,9.159857544198337,-0.156795,0.442253,0.16328,0.867852,0.555505,0.14472,-0.818823,-0.422092,0.89751,-0.127728,F,BuildTutorial
5.892,-0.116917,1.55888,2.699651,33.43617530069254,32.04595368522221,8.037773776452333,-0.294335,-0.244328,0.014691,-0.923826,0.880176,0.116685,-0.460081,0.170972,0.826302,0.53665,0.118182,1.193315,3.053882,-2.3171371574384727,87.07115364766868,-35.09154664025062,-0.221586,0.652206,-0.205224,0.695277,0.065021,-0.574415,-0.815978,-0.003664,0.817565,-0.575825,0.192372,1.26765,2.795527,-24.490574510016213,52.586584173071046,9.138084869121982,-0.155065,0.44666,0.163447,0.865872,0.54756,0.144525,-0.824191,-0.421571,0.89848,-0.122523,F,BuildTutorial
5.926,-0.115738,1.559345,2.702907,33.3590596727878,32.52676267977154,8.075862132348101,-0.29374,-0.248202,0.015426,-0.922971,0.876316,0.117338,-0.467228,0.174289,0.826958,0.534569,0.124859,1.188663,3.057912,-1.0485366411487804,87.1053651922572,-32.8723625788139,-0.201309,0.658961,-0.199008,0.69688,0.052332,-0.542678,-0.838309,0.01206,0.839742,-0.542852,0.193089,1.266212,2.792003,-24.227832857007655,53.29944655294868,9.141422405738028,-0.152018,0.452099,0.163466,0.863583,0.537771,0.144878,-0.83055,-0.419786,0.900339,-0.114755,F,BuildTutorial
5.959,-0.114411,1.559492,2.706314,33.31046624448239,33.008454847028254,8.172090015045928,-0.293498,-0.251895,0.015763,-0.922041,0.872601,0.118793,-0.473768,0.17693,0.827221,0.533293,0.131056,1.184304,3.062255,-0.8215194223009351,87.02269827774134,-31.75022858963414,-0.193329,0.6608,-0.19363,0.69891,0.051701,-0.526163,-0.848811,0.015156,0.850263,-0.52614,0.194043,1.264613,2.787899,-23.87771002154844,54.01118941927599,9.256025246619377,-0.147865,0.457678,0.163961,0.861268,0.527294,0.147081,-0.836856,-0.417779,0.902505,-0.104619,F,BuildTutorial
5.993,-0.112858,1.559507,2.709765,33.398550426787466,33.58013590288263,8.323980612960879,-0.294454,-0.255988,0.016234,-0.9206,0.868413,0.120864,-0.480885,0.180642,0.826067,0.533837,0.136508,1.179094,3.067332,-0.3433828986656546,86.49003309096652,-30.084973041689917,-0.17992,0.661074,-0.18707,0.704,0.055973,-0.501274,-0.863476,0.025513,0.865268,-0.500661,0.195474,1.262431,2.783619,-23.48074241282466,54.614434192882214,9.430176952386708,-0.143268,0.462506,0.164544,0.859353,0.518028,0.150278,-0.842059,-0.415327,0.904799,-0.094031,F,BuildTutorial
6.026,-0.111176,1.559454,2.713451,33.51830855358018,34.11235080852712,8.467608541449986,-0.295649,-0.259733,0.016763,-0.919157,0.864516,0.122764,-0.487383,0.184395,0.824622,0.534787,0.141329,1.173126,3.072226,0.1679606491879795,85.78376920529696,-28.279337744730913,-0.165224,0.660258,-0.179941,0.710198,0.06336,-0.47377,-0.878367,0.037406,0.880644,-0.4723,0.197638,1.260019,2.778914,-23.030086856987737,55.449505442721254,9.667827857118564,-0.137664,0.46913,0.165632,0.856465,0.504966,0.154551,-0.84919,-0.41288,0.907229,-0.080403,F,BuildTutorial
6.059,-0.109447,1.559185,2.717306,33.66194181392421,34.57007234358979,8.51878667307645,-0.296832,-0.263078,0.017915,-0.917802,0.860939,0.123295,-0.493541,0.189064,0.823139,0.53544,0.145522,1.167522,3.076383,0.4030282985183783,85.34211412802652,-26.78184820655445,-0.154455,0.659956,-0.172599,0.714711,0.069335,-0.450584,-0.890038,0.042851,0.892706,-0.448597,0.200333,1.257179,2.773932,-22.489878618127687,56.47850281941488,10.151978522262777,-0.130061,0.477451,0.168355,0.852515,0.487394,0.162855,-0.857861,-0.411245,0.909482,-0.060995,F,BuildTutorial
6.092,-0.107637,1.558767,2.721141,33.854343337835644,35.06027540890183,8.623436983454882,-0.298513,-0.266469,0.018865,-0.916258,0.857276,0.124519,-0.499572,0.19366,0.821068,0.536976,0.149026,1.161112,3.078454,1.3226169057361186,85.59744317442308,-24.99057507699693,-0.138722,0.66512,-0.166398,0.714621,0.059854,-0.422357,-0.904452,0.053289,0.906136,-0.419617,0.202947,1.254032,2.768992,-21.914738831345208,57.46048942589537,10.527517381327048,-0.122681,0.485224,0.169963,0.848893,0.471341,0.169506,-0.865509,-0.407617,0.912124,-0.043345,F,BuildTutorial
6.126,-0.10592,1.5582,2.724951,34.07203015689061,35.481440553680656,8.705832777645874,-0.300348,-0.26932,0.019896,-0.914801,0.854141,0.125378,-0.504701,0.198182,0.81879,0.538801,0.152687,1.154252,3.079453,2.249093660875983,86.05270059412751,-23.937382413095403,-0.127438,0.670348,-0.164672,0.712233,0.047033,-0.405425,-0.912918,0.063714,0.913286,-0.402306,0.205354,1.251003,2.764267,-21.433441473702484,58.32400388653341,10.852623037145726,-0.116379,0.491992,0.171344,0.845601,0.457171,0.175262,-0.871939,-0.404292,0.914195,-0.028221,F,BuildTutorial
6.159,-0.104368,1.557462,2.728665,34.42167043233787,35.813451774981324,8.721892931851855,-0.303073,-0.271441,0.021597,-0.913236,0.851707,0.125087,-0.50887,0.203978,0.815361,0.54183,0.15599,1.14674,3.080245,3.5211304501717655,86.21391680078142,-23.823902633093432,-0.119038,0.672961,-0.171166,0.709687,0.035651,-0.403165,-0.914433,0.082732,0.913064,-0.399336,0.207707,1.248274,2.759749,-20.993104188941576,59.285078033605544,11.253523095729394,-0.10989,0.499492,0.173458,0.841632,0.44084,0.182197,-0.878899,-0.401754,0.915673,-0.011693,F,BuildTutorial
6.193,-0.10271,1.556643,2.732097,34.81844320137443,36.211637509476795,8.833265868110463,-0.306371,-0.273757,0.022863,-0.911412,0.849069,0.126068,-0.51302,0.209418,0.811228,0.545942,0.158754,1.139518,3.079448,4.7571272223701575,87.19613357043092,-23.85550532182841,-0.112995,0.680337,-0.177548,0.702034,0.011238,-0.403038,-0.915115,0.09554,0.911418,-0.400236,0.210187,1.245633,2.75553,-20.524946362778188,60.26535426611661,11.513560486248968,-0.103757,0.506937,0.174348,0.837766,0.425236,0.186929,-0.885568,-0.397323,0.917674,0.002918,F,BuildTutorial
6.226,-0.101078,1.555907,2.735722,35.138032728556006,36.47747433831199,8.899502996184454,-0.308975,-0.275236,0.023939,-0.910059,0.847344,0.12651,-0.515755,0.213654,0.807923,0.549192,0.16129,1.132939,3.077833,5.678874537915372,88.69747847886714,-23.640192299634258,-0.108339,0.690618,-0.180194,0.691983,-0.018845,-0.399023,-0.916747,0.099741,0.911586,-0.398827,0.212485,1.243447,2.751662,-20.11566160216638,61.20699367307087,11.695949559020589,-0.09846,0.513977,0.174796,0.834014,0.410549,0.190352,-0.891749,-0.392777,0.919504,0.015448,F,BuildTutorial
6.259,-0.099368,1.555256,2.739429,35.428162130176716,36.72915020043851,8.87679608766228,-0.311131,-0.276877,0.025612,-0.90878,0.845367,0.125738,-0.519178,0.218842,0.805083,0.551316,0.164116,1.127023,3.079002,6.32657608959415,88.70274527149672,-22.888923716296457,-0.09982,0.691943,-0.179474,0.692127,-0.021992,-0.386577,-0.921995,0.110297,0.91565,-0.386548,0.214402,1.241658,2.748553,-19.80905565982022,61.93926315705159,12.02618933258898,-0.093572,0.519575,0.176508,0.830741,0.397774,0.19603,-0.896297,-0.390501,0.920178,0.02795,F,BuildTutorial
6.292,-0.097511,1.554549,2.743285,35.64936610043022,37.04873149113716,8.959897348156291,-0.312984,-0.278862,0.026447,-0.907512,0.843073,0.126556,-0.522696,0.222561,0.802683,0.553323,0.166869,1.121938,3.081585,6.845912144264083,88.33257639888971,-21.95073970011753,-0.090369,0.690933,-0.177164,0.695024,-0.017552,-0.371144,-0.928409,0.121388,0.920893,-0.370434,0.215946,1.24035,2.746347,-19.59660337608108,62.53988066456592,12.31322967255482,-0.089763,0.524149,0.178156,0.827932,0.387056,0.200904,-0.899903,-0.389101,0.920406,0.038125,F,BuildTutorial
6.325,-0.095794,1.553722,2.746972,35.97891834838083,37.384677448686205,9.109562414330952,-0.315834,-0.280624,0.027121,-0.90596,0.84103,0.128121,-0.525599,0.226402,0.799026,0.557045,0.169093,1.116964,3.083539,7.215433344686918,88.51563779288495,-21.169592733475504,-0.083641,0.692932,-0.174467,0.694558,-0.021187,-0.35827,-0.933378,0.12644,0.925131,-0.357974,0.21692,1.239269,2.744805,-19.430698703006996,62.903532305895546,12.610379625380869,-0.086607,0.526997,0.179865,0.826089,0.379847,0.205885,-0.901847,-0.388452,0.920296,0.046485,F,BuildTutorial
6.359,-0.09406,1.553029,2.751263,36.26363179752817,37.65569592466943,9.187936736960037,-0.318171,-0.282123,0.028067,-0.904647,0.839238,0.128745,-0.528304,0.230308,0.795959,0.559828,0.171337,1.11209,3.085931,7.435125490573544,88.6123357211238,-20.30723216271095,-0.077204,0.694286,-0.170469,0.694944,-0.022185,-0.344135,-0.938658,0.12973,0.92996,-0.344013,0.217675,1.238679,2.743807,-19.147769080234365,63.17497854680264,12.953013858718675,-0.082514,0.529189,0.181308,0.82479,0.374174,0.21175,-0.90286,-0.386413,0.920638,0.055778,F,BuildTutorial
6.393,-0.092132,1.55225,2.756234,36.361226558887566,37.91783430840777,9.3705066115872,-0.319314,-0.283536,0.027637,-0.903815,0.837687,0.131116,-0.530178,0.231032,0.794549,0.56153,0.173612,1.10766,3.088702,7.640956593330069,88.63870036937932,-19.332095009924956,-0.070053,0.695212,-0.165753,0.695916,-0.021587,-0.328103,-0.944395,0.133297,0.935237,-0.327968,0.218227,1.23821,2.743378,-19.00002059821069,63.37941294787204,13.052063983146228,-0.080644,0.530719,0.181524,0.823944,0.370774,0.213532,-0.903842,-0.38473,0.921091,0.059784,F,BuildTutorial
6.426,-0.090026,1.551234,2.761282,36.56089292086005,38.11311265631678,9.619864857287023,-0.32143,-0.284072,0.026797,-0.902922,0.837171,0.134226,-0.530216,0.23101,0.79193,0.565227,0.17612,1.103446,3.091393,7.782700402049186,88.5986341463259,-17.75115241453824,-0.059519,0.695947,-0.157,0.698188,-0.017982,-0.302075,-0.953115,0.136387,0.943617,-0.301638,0.218364,1.237522,2.743472,-18.908482904866048,63.28611499657032,13.561349756587855,-0.077761,0.530391,0.184723,0.823721,0.369126,0.221834,-0.902516,-0.386808,0.919661,0.067845,F,BuildTutorial
6.459,-0.087979,1.549793,2.766512,36.85096670458688,38.266570167406115,9.756870498046869,-0.323974,-0.284443,0.026997,-0.901889,0.836727,0.135608,-0.530565,0.233,0.788625,0.569019,0.178754,1.09892,3.093919,7.829403303942497,88.71106442824872,-17.225254996962512,-0.056185,0.696923,-0.154017,0.698156,-0.018844,-0.293369,-0.955814,0.136742,0.946244,-0.293128,0.218663,1.236351,2.743768,-18.64159473716153,63.15783341314368,14.163559069023275,-0.073217,0.529827,0.187811,0.823802,0.368022,0.231852,-0.900447,-0.387022,0.918733,0.078381,F,BuildTutorial
6.492,-0.085866,1.548406,2.771782,37.19301444950712,38.411188974385794,9.930487349277636,-0.327008,-0.284548,0.027045,-0.900759,0.836603,0.137376,-0.530306,0.234821,0.784669,0.573719,0.181036,1.09376,3.095889,8.30826057008722,88.94025561693681,-17.62393801055584,-0.055951,0.698369,-0.159181,0.695566,-0.026116,-0.29959,-0.953711,0.143292,0.943062,-0.300169,0.219434,1.234938,2.744203,-18.312710974348764,63.121119515859014,14.379084615505214,-0.069856,0.529637,0.187915,0.824192,0.368344,0.23576,-0.8993,-0.383753,0.919616,0.083905,F,BuildTutorial
6.526,-0.083648,1.546697,2.776885,37.516022850010415,38.46651742147158,10.103036772830237,-0.329909,-0.283972,0.026798,-0.89989,0.837284,0.13914,-0.528769,0.2356,0.780884,0.578544,0.183284,1.088874,3.096967,8.690733295525709,89.32670582488655,-17.514825177606593,-0.053454,0.700953,-0.160617,0.692828,-0.034265,-0.297497,-0.954108,0.147622,0.94269,-0.299238,0.22067,1.233114,2.744523,-17.935729786070564,63.25400970773856,14.696029856542925,-0.065392,0.530699,0.18864,0.82371,0.365547,0.241363,-0.898955,-0.380176,0.920278,0.092495,F,BuildTutorial
6.559,-0.081505,1.544832,2.781273,37.96965537911526,38.61029913880299,10.282350059434034,-0.333804,-0.283846,0.027146,-0.898482,0.83739,0.140718,-0.528183,0.238277,0.775676,0.584423,0.185056,1.084833,3.098835,8.874225862776038,89.35885008010251,-16.59312947178007,-0.046722,0.701633,-0.156124,0.693652,-0.033327,-0.282155,-0.95879,0.151027,0.946885,-0.283901,0.22224,1.231023,2.745184,-17.47027941625623,63.38849894772677,15.216448543108138,-0.059327,0.531829,0.190433,0.823027,0.361787,0.250359,-0.898015,-0.376566,0.920432,0.104901,F,BuildTutorial
6.593,-0.079403,1.542972,2.784939,38.498596759803185,38.84440192926373,10.445304768390656,-0.338204,-0.284331,0.028125,-0.896651,0.83673,0.141887,-0.528915,0.24276,0.769654,0.590508,0.186481,1.080987,3.100475,8.99616688204162,89.43552596106628,-15.913836641685805,-0.041909,0.702409,-0.152712,0.693934,-0.033399,-0.270818,-0.962051,0.15307,0.949845,-0.272696,0.223848,1.229151,2.745995,-17.025758050158778,63.56725975428226,15.437833902754162,-0.054728,0.533091,0.190178,0.822588,0.359292,0.254526,-0.897845,-0.371227,0.921674,0.112727,F,BuildTutorial
6.626,-0.077374,1.541296,2.788091,39.02966297554877,39.0166409714868,10.57516294820819,-0.342541,-0.284404,0.029205,-0.894946,0.836523,0.142566,-0.529061,0.247114,0.763626,0.596498,0.187688,1.077453,3.10177,9.04428929894224,89.24403956160937,-15.137567790786296,-0.036604,0.701531,-0.148358,0.696064,-0.028311,-0.257891,-0.965759,0.155175,0.9533,-0.259113,0.225333,1.227801,2.746836,-16.735078543303757,63.62601420523963,15.66922667460032,-0.051414,0.533526,0.190599,0.822423,0.358045,0.258644,-0.897166,-0.368368,0.922057,0.11881,F,BuildTutorial
6.659,-0.075458,1.539781,2.790768,39.54591217185206,39.229921815794334,10.754558770785088,-0.346865,-0.284652,0.029994,-0.893174,0.836148,0.143891,-0.529294,0.251051,0.757571,0.602545,0.18831,1.074431,3.102437,9.228485970918106,89.43461512518995,-14.780140784887154,-0.033518,0.702856,-0.147235,0.69512,-0.031369,-0.251808,-0.967269,0.157576,0.954397,-0.253567,0.226475,1.227113,2.74803,-16.622636879814564,63.55783748094317,15.96836898091873,-0.049308,0.533129,0.192226,0.822431,0.357646,0.26361,-0.895879,-0.36876,0.921236,0.123858,F,BuildTutorial
6.693,-0.073611,1.538362,2.792826,39.998550781395366,39.53846230875864,11.01299472979739,-0.350865,-0.285485,0.030287,-0.891333,0.835162,0.146341,-0.530178,0.254325,0.751953,0.608182,0.188618,1.071761,3.103447,9.204773309101563,89.34852959291348,-14.684149940038523,-0.032966,0.702354,-0.146535,0.695801,-0.029548,-0.250226,-0.967737,0.157612,0.954881,-0.251715,0.227435,1.227047,2.749096,-16.59923566971851,63.60344215106226,16.021260771101858,-0.048813,0.53347,0.192523,0.822169,0.35669,0.264492,-0.896,-0.368653,0.921105,0.125145,F,BuildTutorial
6.726,-0.072008,1.537128,2.794292,40.455435506943616,39.80172868392305,11.123814103694798,-0.354531,-0.286387,0.031625,-0.889545,0.833965,0.146802,-0.531933,0.259331,0.746615,0.612628,0.188589,1.069655,3.104355,9.287563532145947,89.19871446868638,-14.330074065163153,-0.030093,0.701565,-0.144921,0.697064,-0.026391,-0.244263,-0.96935,0.159814,0.956185,-0.245296,0.228157,1.227225,2.750236,-16.607314303853084,63.563500906626516,16.04115886324418,-0.048847,0.533195,0.192684,0.822308,0.357151,0.264802,-0.895725,-0.368981,0.920974,0.125143,F,BuildTutorial
6.758,-0.07071,1.536449,2.795305,40.818844574559634,40.038222195091045,11.17261719372154,-0.357332,-0.287424,0.033092,-0.888035,0.832585,0.146638,-0.534134,0.264185,0.742437,0.615624,0.188174,1.068519,3.104208,9.47272622763292,89.56493106522899,-13.90871421659866,-0.026822,0.703943,-0.143383,0.695116,-0.032189,-0.237097,-0.970953,0.161573,0.957444,-0.239155,0.228814,1.227508,2.751449,-16.619966659876184,63.52563859803901,16.095090559253798,-0.048753,0.532951,0.19311,0.822372,0.357344,0.26565,-0.895397,-0.369581,0.920664,0.12565,F,BuildTutorial
6.792,-0.069515,1.536116,2.795995,41.05088737676954,40.2534316853881,11.315056976799715,-0.359377,-0.288229,0.033375,-0.886938,0.83162,0.147962,-0.535271,0.26637,0.739469,0.61825,0.187886,1.068134,3.104052,9.522874219547363,90.09266203200212,-14.124721538794171,-0.028506,0.707096,-0.144865,0.691532,-0.041942,-0.24067,-0.969701,0.160044,0.956403,-0.244292,0.229368,1.227821,2.752748,-16.674314584219985,63.43816477536438,16.045519589907848,-0.049531,0.532322,0.192953,0.82277,0.358806,0.26478,-0.89507,-0.370245,0.920632,0.123922,F,BuildTutorial
6.826,-0.068464,1.53602,2.796534,41.13852005377034,40.27717196360565,11.324700103831288,-0.360054,-0.288224,0.033645,-0.886654,0.83159,0.14789,-0.535338,0.267215,0.738458,0.619093,0.188044,1.068218,3.105748,9.435426547575265,89.77315107783664,-14.768463988048213,-0.032603,0.704971,-0.148311,0.692789,-0.037961,-0.251464,-0.967122,0.159527,0.953882,-0.254283,0.229705,1.227757,2.754457,-16.684565592379915,63.18926535702198,16.063996191000424,-0.04994,0.530545,0.193022,0.823875,0.362529,0.265061,-0.893485,-0.371042,0.920497,0.122525,F,BuildTutorial
6.859,-0.067718,1.535896,2.797085,41.20927489345856,40.19101570120917,11.176080268336795,-0.360239,-0.287897,0.034742,-0.886643,0.831817,0.145817,-0.535555,0.26903,0.738042,0.618803,0.187654,1.069223,3.107918,9.300482568386297,89.40053070495848,-14.916614283443964,-0.033865,0.702631,-0.148505,0.69506,-0.031489,-0.254029,-0.966684,0.15885,0.953599,-0.255765,0.230087,1.227763,2.755966,-16.670527407589308,63.02848917549912,16.059925566172588,-0.050126,0.529382,0.192862,0.82465,0.365119,0.265015,-0.892443,-0.371159,0.920583,0.121522,F,BuildTutorial
6.892,-0.067042,1.535735,2.797481,41.27773938271344,40.085900982246095,11.080390170160426,-0.360547,-0.287262,0.035362,-0.8867,0.83246,0.144432,-0.53493,0.269854,0.737512,0.619077,0.187339,1.069605,3.109595,9.247784463209303,88.98213083583026,-14.212020711422532,-0.029345,0.700266,-0.14402,0.698588,-0.022229,-0.242318,-0.969942,0.160123,0.956795,-0.242703,0.230713,1.227183,2.757509,-16.63641464852692,62.85726582868337,16.13088995099198,-0.049835,0.528167,0.193151,0.825378,0.367464,0.266203,-0.891127,-0.371488,0.920418,0.121767,F,BuildTutorial
6.926,-0.066544,1.535572,2.797936,41.38887463592725,39.94069145664152,11.05320052251639,-0.361361,-0.286025,0.035455,-0.886764,0.833865,0.143836,-0.532898,0.269597,0.736323,0.620601,0.187031,1.06936,3.110624,9.30966535383595,89.02302022343851,-14.07809753028877,-0.028193,0.700566,-0.143564,0.698429,-0.022805,-0.240039,-0.970495,0.161036,0.957189,-0.240532,0.231341,1.226564,2.759325,-16.52472406670747,62.71438772417422,16.214164327540256,-0.048867,0.52713,0.193209,0.826085,0.369608,0.267696,-0.889792,-0.370732,0.920565,0.122957,F,BuildTutorial
6.959,-0.066209,1.535581,2.798432,41.502834420011354,39.7694004258272,10.944610614359672,-0.362003,-0.284839,0.036102,-0.886858,0.835127,0.142191,-0.531361,0.270259,0.735301,0.621524,0.187089,1.068763,3.111562,9.472360037009306,89.00376214552026,-15.05484742017632,-0.033127,0.700234,-0.15049,0.697085,-0.025951,-0.256202,-0.966275,0.163416,0.952511,-0.256941,0.232047,1.226084,2.760663,-16.46505891315695,62.58418010409206,16.14579662534383,-0.048959,0.526138,0.192404,0.826899,0.372319,0.266679,-0.888966,-0.369716,0.921168,0.121493,F,BuildTutorial
6.992,-0.065812,1.53566,2.799126,41.48694687231712,39.6139070752889,10.828840507193444,-0.361645,-0.284029,0.036459,-0.887249,0.835997,0.140738,-0.530379,0.270132,0.735768,0.621027,0.187043,1.068053,3.112654,9.628996469621784,88.59081738750444,-15.338728090739638,-0.033336,0.697686,-0.153273,0.699021,-0.020516,-0.260798,-0.965176,0.167766,0.950792,-0.260477,0.232617,1.22573,2.762046,-16.3572290035324,62.51021736260089,16.211013183610664,-0.047986,0.525589,0.192381,0.827311,0.373493,0.267876,-0.888114,-0.368758,0.921374,0.122828,F,BuildTutorial
7.026,-0.065566,1.53559,2.799768,41.47448283516061,39.4888905935241,10.81681132140734,-0.361561,-0.283121,0.03612,-0.887588,0.837076,0.140611,-0.528709,0.268851,0.735939,0.621381,0.186806,1.067223,3.112216,9.909926471568394,89.0681801277303,-14.316444205637175,-0.025977,0.700939,-0.148598,0.697086,-0.026794,-0.243587,-0.969509,0.170754,0.954488,-0.244532,0.232972,1.225848,2.76328,-16.35030326702169,62.5174378628359,16.02539435539919,-0.048774,0.52556,0.191014,0.8276,0.374602,0.264899,-0.888539,-0.367433,0.92227,0.120048,F,BuildTutorial
7.058,-0.065221,1.535588,2.800448,41.49955313474547,39.41070551836808,10.857967333096529,-0.361876,-0.282341,0.03563,-0.887727,0.838028,0.141086,-0.527071,0.267604,0.735553,0.622375,0.186995,1.066236,3.111324,9.748205590662392,89.68765416890001,-15.007546482770122,-0.032029,0.704477,-0.151662,0.692593,-0.038579,-0.255207,-0.966117,0.164952,0.951946,-0.258051,0.233067,1.226308,2.764788,-16.49745198727504,62.30552399337664,16.091299187797233,-0.049916,0.524115,0.192029,0.828213,0.376856,0.265758,-0.887329,-0.370405,0.921267,0.118609,F,BuildTutorial
7.092,-0.064904,1.535416,2.800941,41.54695501149822,39.45758133627569,10.981156512490506,-0.362523,-0.282231,0.034967,-0.887525,0.838246,0.142562,-0.526327,0.266699,0.734708,0.623759,0.1873,1.06518,3.11244,9.91772686657208,89.05596191488212,-15.698577223310712,-0.034364,0.700503,-0.157045,0.695307,-0.030735,-0.266533,-0.963336,0.170245,0.948312,-0.267807,0.232951,1.226764,2.76616,-16.63037508594096,61.998445878417925,16.241391518005415,-0.050733,0.522013,0.193546,0.829137,0.380084,0.267986,-0.88528,-0.37392,0.919932,0.117938,F,BuildTutorial
7.125,-0.06461,1.535208,2.801404,41.61646436006128,39.46949756078487,11.025930485835543,-0.363154,-0.282058,0.034868,-0.887326,0.838455,0.142982,-0.525879,0.26674,0.733806,0.624803,0.18758,1.064354,3.112945,9.840804986020611,89.01452007595601,-15.807372930932925,-0.03545,0.700193,-0.157259,0.695516,-0.030001,-0.268395,-0.962842,0.169109,0.948026,-0.269535,0.232834,1.227051,2.767366,-16.62641309419963,61.84632149389994,16.10047502500812,-0.051601,0.520847,0.192441,0.830073,0.383369,0.265729,-0.884543,-0.373234,0.920607,0.1148,F,BuildTutorial
7.159,-0.064354,1.535068,2.801942,41.64064212279203,39.46608633876549,11.004652666963768,-0.363285,-0.282056,0.035095,-0.887264,0.838425,0.142656,-0.526015,0.26721,0.733585,0.624861,0.18793,1.063872,3.114103,9.667507718046718,88.65238586922386,-15.961566382927693,-0.036972,0.697883,-0.157279,0.69775,-0.023556,-0.271087,-0.962267,0.167879,0.947793,-0.271119,0.232787,1.227078,2.768397,-16.6141996232876,61.77904300654241,16.036450702582048,-0.051914,0.520326,0.191895,0.830507,0.384875,0.264716,-0.884193,-0.372765,0.920963,0.113466,F,BuildTutorial
7.192,-0.064035,1.53487,2.802386,41.68128195314067,39.52953459383457,11.065125882602532,-0.363721,-0.282283,0.034951,-0.887019,0.83819,0.143339,-0.526205,0.267349,0.732972,0.625522,0.188411,1.063316,3.115156,9.519245326673344,88.42231201388002,-16.70398202918681,-0.042093,0.696169,-0.161001,0.698323,-0.021145,-0.28347,-0.958748,0.166254,0.944614,-0.282957,0.232684,1.227078,2.769343,-16.59652001734526,61.534752424998615,16.29773410053844,-0.051009,0.518665,0.193605,0.831205,0.387009,0.268937,-0.881985,-0.374764,0.919831,0.116033,F,BuildTutorial
7.225,-0.063534,1.534754,2.80297,41.664507237319725,39.56656088130175,11.20138441915402,-0.363919,-0.282167,0.033963,-0.887013,0.838457,0.14512,-0.52529,0.265624,0.732818,0.626435,0.188842,1.062746,3.116095,9.474925537081903,88.1792569012789,-17.61600708523277,-0.047556,0.694312,-0.166393,0.698558,-0.019511,-0.298506,-0.954208,0.166433,0.940104,-0.297497,0.232732,1.227123,2.769787,-16.62265588389739,61.43562226582904,16.167401729408216,-0.05196,0.517898,0.192725,0.831829,0.389277,0.266808,-0.881633,-0.374449,0.920314,0.11318,F,BuildTutorial
7.259,-0.063065,1.534599,2.803427,41.7164215570469,39.60760226308669,11.30461637204352,-0.364552,-0.282063,0.033452,-0.886805,0.838643,0.146323,-0.52466,0.264984,0.731966,0.627702,0.188751,1.06233,3.116194,9.792387699180102,88.11728573286258,-17.16174595099476,-0.042729,0.694253,-0.16552,0.699136,-0.018767,-0.290772,-0.956609,0.172114,0.941555,-0.289572,0.233016,1.226857,2.769853,-16.630849710953708,61.51525211392163,16.068379052516395,-0.052335,0.518434,0.192077,0.831621,0.388665,0.265207,-0.882386,-0.373735,0.920735,0.112113,F,BuildTutorial
7.292,-0.062689,1.534388,2.803625,41.84863877896573,39.684426153117315,11.3396073398825,-0.365611,-0.282307,0.033828,-0.886277,0.838317,0.146468,-0.52514,0.26639,0.730368,0.628966,0.188639,1.061718,3.114297,9.782690889891835,88.99548582167732,-16.969876603599477,-0.042885,0.699659,-0.163968,0.694084,-0.032816,-0.287625,-0.957181,0.167606,0.942551,-0.288975,0.23332,1.225993,2.769873,-16.507176145447765,61.62776067900299,16.27362822777596,-0.050297,0.519292,0.193094,0.830976,0.3861,0.268676,-0.882462,-0.373151,0.92037,0.116954,F,BuildTutorial
7.325,-0.062337,1.534182,2.803802,41.92752272580335,39.63682281454869,11.273001158976257,-0.366055,-0.282009,0.034431,-0.886166,0.838571,0.145439,-0.52502,0.267484,0.729636,0.629351,0.189097,1.060794,3.113891,9.850505349635968,89.26867483183811,-18.08004441806126,-0.049648,0.70089,-0.170969,0.690693,-0.040955,-0.30577,-0.951224,0.166578,0.936609,-0.308244,0.233754,1.225102,2.769888,-16.308922287197323,61.69424202567267,16.200135787980216,-0.049045,0.51966,0.191751,0.831132,0.386371,0.267767,-0.88262,-0.369714,0.921652,0.117764,F,BuildTutorial
7.358,-0.062008,1.534052,2.803986,41.983586558610554,39.58221654424958,11.187091507391232,-0.366282,-0.28176,0.035091,-0.886125,0.83876,0.144216,-0.525055,0.268598,0.729213,0.629368,0.189253,1.059792,3.114534,10.069746609470176,89.07125045464284,-18.96956131464352,-0.053424,0.699404,-0.177719,0.690214,-0.041501,-0.320059,-0.946488,0.170598,0.931124,-0.322343,0.234209,1.22424,2.769894,-16.127244337229666,61.755117870537475,16.142018401881113,-0.047857,0.520001,0.190585,0.831256,0.386553,0.267078,-0.882749,-0.366621,0.922774,0.118646,F,BuildTutorial
7.392,-0.061569,1.534071,2.804023,42.00124659932894,39.63999391441789,11.177687201710125,-0.366374,-0.282205,0.035402,-0.885933,0.838214,0.144057,-0.52597,0.269513,0.729034,0.629184,0.189432,1.0596,3.115095,10.049639991376218,88.78576268531361,-18.566866689930382,-0.050654,0.697855,-0.1753,0.692606,-0.035463,-0.313526,-0.948917,0.17213,0.933408,-0.314834,0.234433,1.224002,2.769994,-16.0800809517993,61.710884401816344,16.267928494989313,-0.047009,0.519712,0.19128,0.831325,0.386623,0.269169,-0.882083,-0.366895,0.922404,0.120661,F,BuildTutorial
7.425,-0.061247,1.53412,2.803972,42.010006471591765,39.66939006608837,11.183455552587676,-0.366445,-0.282398,0.035478,-0.885839,0.837985,0.144111,-0.52632,0.269823,0.728918,0.629185,0.189611,1.059733,3.11526,9.84970593908428,88.63893345471043,-18.166234677565058,-0.049237,0.697047,-0.171757,0.694407,-0.03075,-0.307179,-0.951155,0.169898,0.936151,-0.307826,0.234336,1.224231,2.770147,-16.176700128248225,61.652505705564465,16.23675139412071,-0.047966,0.519317,0.191439,0.831481,0.387321,0.268536,-0.88197,-0.368174,0.922101,0.119069,F,BuildTutorial
7.459,-0.061071,1.534261,2.803961,42.01603386129064,39.71409998720588,11.18491658965666,-0.36648,-0.282728,0.035628,-0.885713,0.837591,0.144116,-0.526946,0.270341,0.728846,0.629046,0.189659,1.059741,3.115075,9.835521676689076,88.80585908791036,-18.306870798891957,-0.050432,0.69799,-0.172452,0.693201,-0.033859,-0.30949,-0.9503,0.168685,0.935434,-0.310658,0.234426,1.224616,2.770202,-16.251022371216063,61.6751008386197,16.17469469405894,-0.048762,0.519486,0.191313,0.831358,0.387068,0.267436,-0.882415,-0.368762,0.922043,0.117691,F,BuildTutorial
7.492,-0.060865,1.534399,2.804005,41.95780838423324,39.75878488483779,11.163788893821724,-0.365976,-0.283246,0.035757,-0.885751,0.836986,0.143979,-0.527943,0.270666,0.729567,0.628071,0.189934,1.059862,3.115589,9.739655739481892,88.59082559552535,-18.878880309663792,-0.054182,0.69638,-0.175445,0.693785,-0.031452,-0.318905,-0.947265,0.16798,0.932567,-0.319535,0.234759,1.225158,2.770292,-16.36494094872952,61.8133060767833,16.0880379836544,-0.049771,0.520498,0.191227,0.830685,0.385029,0.265888,-0.883774,-0.369511,0.92191,0.116378,F,BuildTutorial
7.525,-0.060851,1.534468,2.803941,41.93340529390474,39.7468007000531,11.162944337800026,-0.365794,-0.2832,0.035651,-0.885845,0.837053,0.144022,-0.527825,0.270349,0.729848,0.62788,0.189963,1.060788,3.116013,9.491298602713409,88.42836659870221,-19.3448915090133,-0.058308,0.695036,-0.176883,0.694434,-0.028724,-0.326719,-0.944685,0.164615,0.930625,-0.326861,0.234994,1.225353,2.770643,-16.422600359121784,61.82182933513563,16.253998992297472,-0.049431,0.520655,0.192678,0.830271,0.383587,0.268476,-0.883619,-0.371423,0.920864,0.118554,F,BuildTutorial
7.559,-0.060869,1.534604,2.803835,41.92354889848346,39.7579889500468,11.12513651346638,-0.365623,-0.283425,0.035949,-0.885832,0.836755,0.143564,-0.528422,0.270943,0.730056,0.627383,0.189687,1.061666,3.115734,9.645423964183273,88.74711561997381,-18.144456285069538,-0.050537,0.697616,-0.170369,0.694084,-0.031387,-0.307012,-0.951188,0.165989,0.936841,-0.307859,0.235306,1.225655,2.771255,-16.46911771216992,61.67812880956135,16.226721690585787,-0.050142,0.519621,0.192615,0.830891,0.385788,0.267974,-0.882812,-0.372193,0.920771,0.116849,F,BuildTutorial
7.592,-0.06098,1.534745,2.803741,41.91846972136328,39.810356209013634,11.160535592208843,-0.365656,-0.283726,0.035827,-0.885727,0.836432,0.144025,-0.528808,0.270958,0.730025,0.627411,0.189771,1.062236,3.114709,9.451667081589724,89.34385971034405,-18.69282734830843,-0.055977,0.70087,-0.172253,0.689911,-0.04178,-0.316144,-0.947791,0.159212,0.934391,-0.318692,0.235482,1.225923,2.771708,-16.485391338044234,61.64030232718163,16.20808206141978,-0.050411,0.519345,0.192532,0.831066,0.386425,0.267652,-0.882632,-0.372374,0.920781,0.116191,F,BuildTutorial
7.626,-0.061196,1.534962,2.803635,41.87060867016717,39.78003814545462,11.258646156855034,-0.365548,-0.283265,0.034826,-0.885959,0.837097,0.145386,-0.527382,0.268801,0.730324,0.627991,0.189777,1.062176,3.115063,9.573240649341209,89.23419608699588,-19.82722835657915,-0.061989,0.699691,-0.179855,0.688652,-0.043831,-0.334463,-0.941389,0.160969,0.927619,-0.337065,0.235634,1.226249,2.772032,-16.477852875661675,61.65099113041762,16.175431486115812,-0.050485,0.519405,0.192268,0.831085,0.386502,0.267138,-0.882753,-0.372027,0.920969,0.115816,F,BuildTutorial
7.658,-0.061317,1.535257,2.80371,41.77345582346881,39.67937213465678,11.22780793984884,-0.364771,-0.28276,0.034448,-0.886455,0.83772,0.145212,-0.52644,0.267359,0.73151,0.627226,0.18927,1.061902,3.115264,9.994558975274584,89.36078016060644,-20.027115216560947,-0.060806,0.700578,-0.183484,0.686897,-0.048951,-0.337267,-0.940136,0.166871,0.925273,-0.340624,0.235417,1.226645,2.772646,-16.60972285554825,61.52289424851845,16.079222531136136,-0.052116,0.518486,0.19207,0.831604,0.388563,0.26541,-0.88237,-0.373496,0.920786,0.112491,F,BuildTutorial
7.692,-0.06149,1.535394,2.803737,41.71553780622704,39.59695669009702,11.181401042622724,-0.364245,-0.282374,0.034369,-0.886797,0.838167,0.14475,-0.525855,0.266664,0.732289,0.626612,0.189078,1.06153,3.114886,9.984288765698617,89.70406521384794,-20.12454323242365,-0.062016,0.702574,-0.183822,0.684655,-0.054802,-0.338851,-0.939243,0.164569,0.924727,-0.343216,0.235099,1.226973,2.773221,-16.71938766995618,61.38074282362682,16.16832438067214,-0.052768,0.517539,0.193114,0.831911,0.389721,0.266688,-0.881473,-0.375926,0.919845,0.112091,F,BuildTutorial
7.725,-0.061729,1.535465,2.803738,41.71236272454402,39.48734015424902,11.160725277369822,-0.364203,-0.281597,0.034171,-0.887069,0.839071,0.144493,-0.524482,0.265741,0.732377,0.626901,0.188644,1.061095,3.115323,10.14375957982537,89.49085792883476,-20.31629347603042,-0.061863,0.701284,-0.18603,0.685395,-0.052812,-0.341775,-0.938297,0.16824,0.923132,-0.345721,0.235018,1.227116,2.773496,-16.704572168546694,61.382411094166606,16.12048078890536,-0.052871,0.517523,0.192705,0.832009,0.390069,0.265941,-0.881545,-0.375389,0.920139,0.11148,F,BuildTutorial
7.758,-0.061878,1.535458,2.803608,41.740001122653155,39.408606455013995,11.126142166909002,-0.36435,-0.281048,0.034272,-0.887179,0.839675,0.143989,-0.523654,0.265611,0.732149,0.627223,0.18807,1.060177,3.115624,10.315976479816316,89.5461422995921,-20.57153986479447,-0.062453,0.701572,-0.188546,0.684359,-0.055505,-0.345698,-0.936703,0.170436,0.9211,-0.350039,0.2348,1.227221,2.77367,-16.687563239219198,61.358384786578405,16.058195380055402,-0.053066,0.517313,0.19217,0.832251,0.390915,0.264964,-0.881464,-0.37477,0.92051,0.110496,F,BuildTutorial
7.792,-0.061919,1.535525,2.803552,41.68806716868089,39.40020886379875,11.088625234242082,-0.363869,-0.281195,0.034379,-0.887326,0.839495,0.143626,-0.524042,0.265647,0.732835,0.626406,0.187955,1.059202,3.11675,10.294917571356152,89.13844131133209,-21.484655860628667,-0.067481,0.698605,-0.19411,0.68536,-0.051455,-0.360355,-0.931395,0.171786,0.915535,-0.36371,0.234434,1.227286,2.7739,-16.756213642666733,61.2372895213712,16.041632081994724,-0.053855,0.516453,0.192282,0.832709,0.392608,0.264601,-0.880821,-0.375857,0.920255,0.108917,F,BuildTutorial
7.826,-0.061969,1.535581,2.803615,41.657235645031385,39.43706938460776,11.102300360356242,-0.363659,-0.281492,0.034297,-0.887321,0.839172,0.143869,-0.524493,0.2656,0.733151,0.626056,0.187642,1.058874,3.118171,10.266071082245949,88.42570597245083,-21.91981827673658,-0.069088,0.694053,-0.196975,0.688997,-0.041019,-0.367333,-0.929185,0.175529,0.912855,-0.368626,0.234265,1.227126,2.773976,-16.726529288502167,61.21254275521865,16.168009625404512,-0.053106,0.51632,0.193064,0.832658,0.39228,0.266672,-0.880342,-0.376352,0.919812,0.110926,F,BuildTutorial
7.859,-0.062091,1.535599,2.803548,41.63491809408171,39.50286609228852,11.1401760123919,-0.363564,-0.281921,0.034145,-0.887229,0.83871,0.144404,-0.525085,0.265581,0.733311,0.625877,0.187198,1.058911,3.118078,10.053562030188743,88.54081391305269,-21.059756796780572,-0.065391,0.695117,-0.190488,0.69011,-0.038945,-0.353823,-0.934501,0.172007,0.918877,-0.355076,0.234158,1.226841,2.773862,-16.651770165485097,61.29901058102005,16.149999682317453,-0.052485,0.51691,0.192659,0.832426,0.391374,0.26649,-0.880801,-0.375009,0.920256,0.111796,F,BuildTutorial
7.892,-0.062203,1.535686,2.80347,41.62074515949983,39.57698711541648,11.220033325175423,-0.363632,-0.282267,0.033719,-0.887108,0.838377,0.145458,-0.525325,0.265107,0.73327,0.626126,0.186884,1.058837,3.117825,9.98949857225606,88.65057505330878,-20.941446538714533,-0.065253,0.695806,-0.189337,0.689745,-0.039988,-0.351996,-0.935147,0.170381,0.919787,-0.3535,0.234034,1.226574,2.77378,-16.572131196340276,61.25858989906243,16.16216742074437,-0.051905,0.516589,0.192394,0.832722,0.39224,0.266795,-0.880323,-0.374048,0.920581,0.112333,F,BuildTutorial
7.927,-0.062452,1.535697,2.803411,41.623675141886665,39.623272272699936,11.298163430826358,-0.363833,-0.282372,0.03327,-0.887009,0.838318,0.146451,-0.525143,0.264495,0.733037,0.626657,0.187029,1.058251,3.118099,10.039652814833298,88.45229949267998,-21.95869015974389,-0.070777,0.694041,-0.195869,0.689154,-0.040115,-0.368212,-0.928876,0.171724,0.913252,-0.369435,0.233838,1.226412,2.773834,-16.513105851963115,61.2115527410653,16.204853264188994,-0.051352,0.516242,0.192435,0.832962,0.392926,0.267562,-0.879784,-0.373602,0.920664,0.113138,F,BuildTutorial
7.958,-0.062733,1.535683,2.803527,41.63508795434408,39.619377866084,11.302983628278628,-0.363932,-0.282306,0.033255,-0.88699,0.838395,0.146486,-0.525011,0.264475,0.732895,0.626831,0.187216,1.058581,3.119164,9.753780917270916,87.6823104091384,-22.906083871786617,-0.076943,0.688587,-0.200413,0.692649,-0.028636,-0.383595,-0.923057,0.171667,0.907829,-0.382592,0.233863,1.22652,2.773514,-16.56377463122236,61.28282921428895,16.189019810508892,-0.051681,0.516774,0.192565,0.832582,0.391728,0.267237,-0.880417,-0.374068,0.920496,0.112967,F,BuildTutorial
7.992,-0.063119,1.535608,2.803651,41.66615332277417,39.53130681099346,11.233553050468474,-0.364021,-0.281789,0.033607,-0.887105,0.838931,0.145528,-0.52442,0.26478,0.732719,0.626909,0.187261,1.059424,3.119364,9.471529740956177,87.60803793890182,-22.732932710143903,-0.077538,0.688044,-0.197779,0.693878,-0.025042,-0.381168,-0.924167,0.167769,0.909743,-0.379765,0.233894,1.226371,2.773655,-16.54144197636987,61.36333412104231,16.271070884524153,-0.051009,0.517386,0.193103,0.832118,0.390045,0.268587,-0.880753,-0.374153,0.920218,0.114926,F,BuildTutorial
8.025,-0.063555,1.535618,2.803588,41.73061216814405,39.44812204123591,11.194894154661297,-0.364436,-0.281152,0.033837,-0.887127,0.839618,0.144889,-0.523497,0.264959,0.732082,0.627577,0.187344,1.060525,3.119125,9.141306935468805,87.59270040899453,-22.09545446329889,-0.075749,0.688133,-0.192007,0.695606,-0.020789,-0.371373,-0.928251,0.162872,0.914791,-0.369636,0.233608,1.226495,2.773842,-16.56406109582195,61.306169402169175,16.221138521371685,-0.051499,0.516958,0.19281,0.832422,0.391157,0.267754,-0.880514,-0.374245,0.920344,0.113612,F,BuildTutorial
8.059,-0.063891,1.535652,2.803535,41.73753655889486,39.37545986137347,11.143986409701627,-0.364385,-0.280739,0.034021,-0.887272,0.840056,0.144223,-0.522977,0.264966,0.732132,0.627516,0.18752,1.061677,3.118778,8.776730673251683,87.56866196730454,-22.05343797630959,-0.077737,0.687746,-0.189648,0.696417,-0.017921,-0.371074,-0.92843,0.157222,0.915981,-0.369133,0.233235,1.226822,2.774142,-16.653328091768504,61.182867628186074,16.19525241810488,-0.052488,0.516087,0.192941,0.83287,0.392855,0.267214,-0.879921,-0.375567,0.920037,0.111718,F,BuildTutorial
8.092,-0.064212,1.535728,2.803525,41.72358391879784,39.29876421395342,11.058387964515935,-0.364093,-0.280442,0.034398,-0.887471,0.840339,0.143159,-0.522816,0.265269,0.732506,0.626951,0.187542,1.062153,3.118484,8.751354408535978,87.70620370025716,-22.026457869758875,-0.077961,0.688581,-0.189243,0.695677,-0.019913,-0.370669,-0.928552,0.15594,0.916218,-0.36909,0.233042,1.227179,2.77428,-16.743834649008246,61.207182393819245,16.20417454051809,-0.053081,0.516305,0.193397,0.832592,0.392053,0.26723,-0.880274,-0.376854,0.91956,0.111315,F,BuildTutorial
8.125,-0.064538,1.535762,2.803286,41.73008499845993,39.31629892462268,11.073924299780426,-0.364175,-0.280517,0.034353,-0.887416,0.84026,0.143344,-0.522892,0.265286,0.732393,0.627076,0.187476,1.062076,3.118386,8.793955011588329,87.79310507868509,-22.31226187366388,-0.079557,0.688943,-0.191165,0.69461,-0.022374,-0.375191,-0.926678,0.155951,0.914253,-0.373926,0.232653,1.227396,2.7744,-16.76539268726755,61.24100393880192,16.14260744262018,-0.053462,0.516531,0.193056,0.832507,0.391851,0.266212,-0.880673,-0.37667,0.919742,0.110424,F,BuildTutorial
8.159,-0.064874,1.535936,2.803133,41.664171882433656,39.37351796434681,11.134869011676155,-0.36381,-0.280884,0.033864,-0.887468,0.839915,0.144271,-0.52319,0.264482,0.732991,0.626717,0.187244,1.061969,3.118474,8.819386562739192,87.69428811250171,-22.79559179744233,-0.082136,0.688023,-0.194312,0.694349,-0.022266,-0.382865,-0.923536,0.156818,0.910993,-0.381445,0.232174,1.227674,2.77458,-16.79846082397931,61.14790943214399,16.07999911979144,-0.054147,0.515838,0.192696,0.832975,0.393558,0.26516,-0.880228,-0.376884,0.919873,0.108594,F,BuildTutorial
8.192,-0.065097,1.536209,2.803121,41.55164313300288,39.39220413277386,11.130035706408451,-0.362944,-0.281245,0.033621,-0.887718,0.839542,0.144462,-0.523737,0.263844,0.734282,0.625473,0.186737,1.061391,3.118678,9.137717213877911,87.64592561118748,-22.503888759887374,-0.078314,0.688179,-0.194428,0.694604,-0.022785,-0.377888,-0.925571,0.162313,0.91213,-0.376396,0.231672,1.227904,2.774692,-16.809103692001948,61.052936047766146,16.0909058592109,-0.054337,0.515157,0.192775,0.833366,0.394902,0.265319,-0.879578,-0.377288,0.919771,0.108053,F,BuildTutorial
8.225,-0.065341,1.536324,2.802964,41.510870108591966,39.443737522702314,11.203609246735638,-0.362802,-0.281484,0.033091,-0.88772,0.839343,0.145495,-0.52377,0.262998,0.734559,0.625504,0.1865,1.060982,3.118583,9.05260017089368,87.79832140126611,-22.682557708349627,-0.080178,0.688914,-0.19491,0.693527,-0.025184,-0.380822,-0.924306,0.159879,0.911163,-0.379763,0.231554,1.22813,2.77448,-16.83568723342353,61.103287277289816,16.043421485737614,-0.054664,0.515511,0.192565,0.833174,0.394335,0.264521,-0.880073,-0.37724,0.919861,0.10745,F,BuildTutorial
8.259,-0.065652,1.536409,2.802825,41.48096041380678,39.44176188901755,11.258629004359788,-0.362712,-0.281348,0.032568,-0.887819,0.839566,0.146267,-0.523198,0.261926,0.734759,0.625719,0.18609,1.060513,3.119234,9.164100051313726,87.5260555758256,-22.874580007444223,-0.080169,0.687216,-0.196911,0.694646,-0.022079,-0.383754,-0.923171,0.163379,0.909598,-0.382019,0.231296,1.228007,2.774358,-16.868094921231545,61.090441762935775,16.076344495429815,-0.054779,0.515446,0.192934,0.833121,0.394184,0.265005,-0.879996,-0.377946,0.919551,0.10762,F,BuildTutorial
8.292,-0.065851,1.536509,2.802797,41.45460535585848,39.37682746318412,11.192281879513065,-0.362369,-0.281102,0.032797,-0.888029,0.839813,0.145475,-0.523022,0.261974,0.735227,0.625149,0.185777,1.059778,3.119585,9.401596366710692,87.39258459893125,-22.844083412104485,-0.07827,0.68661,-0.198194,0.695097,-0.021429,-0.38301,-0.923496,0.168045,0.909186,-0.380975,0.231138,1.227836,2.774219,-16.861014710998287,61.06736378985598,16.176432846207128,-0.054315,0.515323,0.193621,0.833068,0.393906,0.26662,-0.879632,-0.378578,0.919122,0.109059,F,BuildTutorial
8.325,-0.066023,1.536452,2.802707,41.4502308049683,39.36864622571469,11.201561001608628,-0.362361,-0.281017,0.032686,-0.888063,0.839922,0.145604,-0.52281,0.261715,0.735252,0.625228,0.18552,1.059343,3.119375,9.359272280427875,87.53357367951924,-23.29534612113878,-0.081485,0.687117,-0.200585,0.693539,-0.024727,-0.390206,-0.920395,0.166247,0.906252,-0.388676,0.231152,1.227756,2.773882,-16.81389091860896,61.19906086429443,16.09885245258358,-0.054091,0.516225,0.192922,0.832687,0.392585,0.265441,-0.880578,-0.377133,0.919711,0.109101,F,BuildTutorial
8.358,-0.066104,1.536495,2.802596,41.47341036143293,39.37848405758804,11.249583942571393,-0.362651,-0.2809,0.032415,-0.887992,0.840089,0.146169,-0.522384,0.261305,0.734868,0.625851,0.185337,1.059131,3.119075,9.3454571675725,87.47174146917287,-23.52395060433337,-0.082833,0.686568,-0.201933,0.693532,-0.024304,-0.393834,-0.91886,0.166353,0.904724,-0.392175,0.231217,1.227686,2.77345,-16.75956522854248,61.27933804279371,16.13374384360538,-0.053394,0.516803,0.192985,0.832359,0.391343,0.266078,-0.880939,-0.376454,0.919812,0.110585,F,BuildTutorial
8.391,-0.066047,1.536602,2.802628,41.41986313257736,39.41215955986796,11.24501987574203,-0.362226,-0.281271,0.032395,-0.888048,0.839674,0.14623,-0.523034,0.261305,0.735486,0.625124,0.185515,1.059072,3.118471,9.213835913731463,87.54250277382553,-23.70411865868642,-0.08486,0.686758,-0.20221,0.693018,-0.02505,-0.396826,-0.917552,0.163714,0.90382,-0.395357,0.23118,1.227794,2.773268,-16.834719206592045,61.22369765365702,16.13271634293904,-0.054052,0.516428,0.193267,0.832483,0.3919,0.265954,-0.880729,-0.377611,0.919453,0.109621,F,BuildTutorial
8.425,-0.065971,1.536677,2.802597,41.36864031939887,39.43140448956379,11.243715540253822,-0.361831,-0.281516,0.032311,-0.888135,0.839409,0.146329,-0.523431,0.261116,0.736069,0.624517,0.18568,1.058621,3.117936,9.095006163047843,87.59066644815921,-24.67532900288841,-0.091506,0.686201,-0.207352,0.691202,-0.027732,-0.412228,-0.910659,0.161061,0.897264,-0.411069,0.23122,1.227746,2.773096,-16.86034426407159,61.25248929877522,16.16338352785391,-0.054056,0.516662,0.193611,0.832258,0.391151,0.266412,-0.880923,-0.378126,0.919185,0.110087,F,BuildTutorial
8.459,-0.065975,1.536725,2.802774,41.319745468553094,39.419681083188784,11.196897803293572,-0.36135,-0.28166,0.032489,-0.888278,0.839224,0.145837,-0.523865,0.261274,0.736742,0.623656,0.185485,1.057586,3.116969,9.350641761261013,87.81482564579896,-25.221526309997017,-0.093597,0.687334,-0.211935,0.6884,-0.03469,-0.420458,-0.906649,0.163127,0.892646,-0.420206,0.231474,1.227616,2.772635,-16.816853007785067,61.45000779573046,16.138758099235048,-0.05351,0.518067,0.193342,0.831482,0.388451,0.266078,-0.882218,-0.376964,0.919511,0.111344,F,BuildTutorial
8.492,-0.066068,1.536642,2.802805,41.36269020834969,39.459816211658406,11.23477246794588,-0.361756,-0.281775,0.032452,-0.888078,0.839099,0.146228,-0.523956,0.261508,0.736159,0.624247,0.185421,1.056295,3.115499,9.507402849029509,88.37228002959604,-26.18722077017433,-0.099474,0.689998,-0.21815,0.682948,-0.047375,-0.435244,-0.899065,0.160696,0.885031,-0.436918,0.231499,1.227432,2.772603,-16.779061967574837,61.462930481992,16.186327817496075,-0.052992,0.518168,0.193534,0.831408,0.388094,0.266894,-0.882129,-0.37673,0.919473,0.11245,F,BuildTutorial
8.524,-0.06611,1.536608,2.802794,41.40405322804576,39.45045898993733,11.282084376144056,-0.362187,-0.281479,0.032181,-0.888006,0.839468,0.146742,-0.523222,0.26105,0.735571,0.625131,0.185933,1.055238,3.114983,9.65737444658617,88.29042366972902,-27.373096641743107,-0.105521,0.688593,-0.226146,0.680855,-0.050603,-0.453268,-0.889937,0.162623,0.875447,-0.455134,0.231449,1.227381,2.772875,-16.742400356720353,61.32881229083587,16.229886609667894,-0.052749,0.5172,0.193634,0.832003,0.390022,0.267644,-0.881051,-0.376771,0.919447,0.112519,F,BuildTutorial
8.558,-0.06615,1.536605,2.802937,41.398004101220224,39.43572890744145,11.323781988224876,-0.362248,-0.281244,0.031793,-0.88807,0.839782,0.147292,-0.522563,0.260229,0.735531,0.62552,0.186226,1.054706,3.114872,9.741236126923477,88.04519458488558,-27.52882714522254,-0.105451,0.687074,-0.22778,0.681855,-0.047908,-0.455531,-0.88893,0.165721,0.873993,-0.456807,0.231385,1.227432,2.773144,-16.7456755447278,61.2935111294002,16.163604032350452,-0.053132,0.516914,0.19315,0.832268,0.390987,0.266577,-0.880946,-0.376435,0.91974,0.111245,F,BuildTutorial
8.591,-0.066197,1.536503,2.803065,41.40717228217042,39.39812096917261,11.333310123187047,-0.362351,-0.280906,0.031628,-0.888141,0.840184,0.147393,-0.521888,0.259753,0.735403,0.625868,0.186491,1.054461,3.114208,9.71104728072185,88.23901381088284,-26.862941589318865,-0.102022,0.688801,-0.223468,0.682061,-0.048769,-0.445383,-0.894011,0.164291,0.879307,-0.44702,0.231235,1.227579,2.773438,-16.72898961017938,61.310362094550115,16.20579479321814,-0.052789,0.517049,0.193394,0.832149,0.390519,0.267276,-0.880942,-0.376455,0.919624,0.112131,F,BuildTutorial
8.625,-0.066189,1.536464,2.803051,41.44753124294507,39.37279205146686,11.34503928853568,-0.362691,-0.2806,0.031579,-0.8881,0.840532,0.147452,-0.521309,0.259633,0.734917,0.626489,0.186782,1.054111,3.113803,9.86544026845634,88.38119969108581,-26.808732689770167,-0.101018,0.68984,-0.22391,0.681014,-0.05203,-0.444344,-0.894344,0.165599,0.879319,-0.446514,0.231181,1.227889,2.773687,-16.766214040158413,61.24378592025103,16.127385722941906,-0.053532,0.516544,0.19295,0.832518,0.391905,0.265966,-0.880723,-0.376572,0.919809,0.110202,F,BuildTutorial
8.661,-0.06621,1.536408,2.80314,41.44044298492935,39.39797703189212,11.383915606523878,-0.362726,-0.280685,0.031336,-0.888068,0.840468,0.147966,-0.521267,0.259281,0.734896,0.626659,0.18691,1.053412,3.11358,10.009005338383409,88.39856381444314,-27.61119784597551,-0.104994,0.689359,-0.229484,0.679042,-0.055757,-0.456415,-0.888018,0.166901,0.872627,-0.458984,0.231174,1.228317,2.773806,-16.865050846572057,61.21319167766518,16.05118429181464,-0.054663,0.516325,0.192797,0.832616,0.392475,0.264603,-0.880879,-0.377499,0.919683,0.108065,F,BuildTutorial
8.692,-0.066299,1.536345,2.803165,41.44946064627204,39.411187160830096,11.382636406017648,-0.362787,-0.280775,0.031415,-0.888011,0.840357,0.147929,-0.521457,0.259518,0.734797,0.626677,0.186378,1.053212,3.113955,10.014545607279077,88.21248196098159,-27.8619997039435,-0.106093,0.68803,-0.231174,0.679645,-0.053653,-0.460222,-0.886181,0.168243,0.870606,-0.46232,0.231221,1.228693,2.773884,-16.912996189966155,61.28138490107762,16.098684360154287,-0.054691,0.516862,0.193376,0.832147,0.390919,0.265298,-0.881362,-0.37837,0.91923,0.108874,F,BuildTutorial
8.724,-0.06638,1.536368,2.803065,41.4461837798952,39.39212013840769,11.354601490982231,-0.362699,-0.280722,0.031562,-0.888059,0.840398,0.147577,-0.52149,0.259693,0.734906,0.626476,0.185962,1.052965,3.113822,10.18384777599486,88.29219437238586,-27.366131391553015,-0.102226,0.689118,-0.229133,0.679827,-0.054772,-0.452433,-0.890115,0.17065,0.874096,-0.454791,0.231367,1.228792,2.774085,-16.950571372352886,61.23862721220325,16.142151744620058,-0.054847,0.516587,0.193829,0.832202,0.391137,0.265943,-0.881071,-0.379277,0.918844,0.108971,F,BuildTutorial
8.758,-0.06642,1.536525,2.802839,41.42762705223562,39.39499568992864,11.323500528887166,-0.362482,-0.280876,0.031756,-0.888092,0.8402,0.14722,-0.52191,0.26003,0.735197,0.625995,0.18582,1.052813,3.113839,10.155378622191034,88.23197303822076,-27.51592422190348,-0.103182,0.688599,-0.229912,0.679945,-0.054055,-0.454758,-0.888973,0.170553,0.872988,-0.456951,0.231519,1.228959,2.77409,-16.969004711990642,61.177334972676675,16.148359263334473,-0.05506,0.516152,0.193922,0.832436,0.391963,0.266016,-0.880682,-0.379693,0.918726,0.108519,F,BuildTutorial
8.791,-0.066541,1.536696,2.80274,41.4206502422973,39.36011052833173,11.279322645187834,-0.362331,-0.280758,0.031967,-0.888184,0.840306,0.146669,-0.521894,0.260239,0.73539,0.625682,0.185772,1.052326,3.114489,10.22912350118559,87.98129964712443,-28.43740272880534,-0.107744,0.686337,-0.236031,0.679428,-0.053537,-0.46863,-0.881771,0.172836,0.865361,-0.470402,0.23171,1.228959,2.77429,-16.943421491773936,61.236687844364255,16.189637147715473,-0.054583,0.516593,0.194143,0.832143,0.390881,0.266715,-0.880951,-0.379504,0.918658,0.109744,F,BuildTutorial
8.824,-0.066621,1.536849,2.802592,41.35102095092426,39.33527843076822,11.317269325600709,-0.361905,-0.28057,0.031384,-0.888437,0.840591,0.147315,-0.521254,0.258845,0.73608,0.625449,0.18525,1.051543,3.115599,10.49631392430149,87.60347713576309,-29.045512870008267,-0.108935,0.683795,-0.241517,0.679873,-0.051811,-0.47738,-0.877168,0.179424,0.859606,-0.47842,0.231907,1.229183,2.774284,-16.947917092650076,61.32125768175458,16.083978292624536,-0.05495,0.517158,0.193435,0.831932,0.390262,0.265014,-0.881739,-0.378686,0.919127,0.108644,F,BuildTutorial
8.858,-0.066795,1.537006,2.802447,41.314660029274414,39.323538578551435,11.36319376885941,-0.361746,-0.280399,0.030881,-0.888573,0.840845,0.147986,-0.520653,0.257747,0.736373,0.625557,0.184928,1.051224,3.116077,10.416844282022993,87.4261000995949,-29.463068971097197,-0.111542,0.682257,-0.243715,0.680211,-0.049743,-0.483755,-0.873789,0.179355,0.856323,-0.484296,0.23194,1.229272,2.774485,-17.00491390166104,61.24020858403606,16.123295918561283,-0.055334,0.516611,0.193921,0.832134,0.391016,0.265564,-0.881239,-0.379909,0.918666,0.108273,F,BuildTutorial
8.891,-0.066991,1.537081,2.802299,41.32799281760812,39.253136456999535,11.341142913505372,-0.361812,-0.279899,0.03087,-0.888705,0.841407,0.147674,-0.519833,0.25741,0.736279,0.625807,0.184677,1.051642,3.116499,10.179318077537996,87.23206588441357,-29.333771715470135,-0.111839,0.680975,-0.241791,0.682131,-0.044379,-0.482186,-0.874944,0.177547,0.858058,-0.481885,0.231945,1.229411,2.774809,-17.01139896356216,61.099123697677975,16.21909185372075,-0.05519,0.515635,0.194576,0.832596,0.392522,0.26709,-0.880107,-0.380922,0.918188,0.108758,F,BuildTutorial
8.925,-0.06707,1.537161,2.802215,41.286903356156394,39.20457209567991,11.37941165567704,-0.361608,-0.279475,0.030296,-0.888941,0.841951,0.148258,-0.518785,0.255984,0.736644,0.625962,0.184244,1.052119,3.116876,10.15150690484565,87.07247430284691,-28.684364728420015,-0.10782,0.680616,-0.237914,0.684495,-0.039683,-0.47247,-0.880453,0.178934,0.863544,-0.47146,0.231833,1.229723,2.775108,-17.031840105571842,61.04644782033859,16.087149163065455,-0.056025,0.515196,0.193677,0.833021,0.394124,0.264946,-0.88004,-0.380402,0.918701,0.106223,F,BuildTutorial
8.958,-0.067242,1.537229,2.802184,41.25369524149925,39.13703194828497,11.3966728291761,-0.361417,-0.278956,0.029849,-0.889197,0.842585,0.148555,-0.517669,0.254722,0.736974,0.626088,0.18411,1.052941,3.117121,9.858926688167315,87.12974195202179,-28.849468821042496,-0.110743,0.680491,-0.237188,0.684404,-0.038653,-0.475385,-0.878929,0.173946,0.862955,-0.474395,0.231786,1.229923,2.775363,-17.06786594675766,60.933479559806635,16.113789224712075,-0.056365,0.514402,0.193966,0.833422,0.395537,0.265323,-0.879292,-0.381299,0.9184,0.105602,F,BuildTutorial
8.991,-0.067332,1.537281,2.802036,41.24718802431909,39.05980062705153,11.352331647610791,-0.36128,-0.278508,0.02993,-0.88939,0.843076,0.148,-0.51703,0.254477,0.737162,0.625967,0.184086,1.054339,3.117856,9.45548477227939,86.76868036450993,-28.975901283059905,-0.113263,0.677769,-0.236014,0.687094,-0.030146,-0.477859,-0.877919,0.170796,0.862938,-0.47557,0.231751,1.229987,2.775879,-17.102238558906024,60.862352682161834,16.170377205958626,-0.056488,0.513926,0.194486,0.833586,0.396111,0.26618,-0.878775,-0.382302,0.917969,0.105727,F,BuildTutorial
9.024,-0.06743,1.537379,2.801973,41.23886746396515,39.01611530998841,11.338585079875315,-0.361195,-0.278227,0.029874,-0.889514,0.843395,0.147842,-0.516554,0.254135,0.737291,0.625953,0.183729,1.056289,3.118367,9.069849732924029,86.49948173169871,-27.92930373588015,-0.108944,0.676745,-0.227797,0.69156,-0.019751,-0.462526,-0.886386,0.167616,0.872479,-0.459004,0.231974,1.229993,2.77616,-17.072332221006864,60.893977222373856,16.195169895205616,-0.0561,0.514156,0.194557,0.833453,0.395582,0.266621,-0.878879,-0.381997,0.918001,0.106553,F,BuildTutorial
9.057,-0.067498,1.537492,2.801854,41.24264293652803,38.95354576685104,11.34606756738246,-0.361258,-0.277711,0.02963,-0.889658,0.843997,0.14793,-0.515544,0.253373,0.737229,0.626335,0.183606,1.05886,3.117805,8.182491652877767,86.86444214444761,-28.463901008338876,-0.118369,0.677435,-0.225621,0.690048,-0.019646,-0.471753,-0.881512,0.151003,0.870168,-0.469047,0.232147,1.230137,2.776514,-17.03219331518837,60.928679559137,16.08416792689774,-0.05624,0.514338,0.193599,0.833554,0.395952,0.264897,-0.879234,-0.380603,0.918713,0.105392,F,BuildTutorial
9.091,-0.067615,1.537648,2.801611,41.19921393977216,38.865198975882485,11.32271291223618,-0.360896,-0.277176,0.029403,-0.88998,0.844618,0.147727,-0.514584,0.252399,0.73778,0.62608,0.18422,1.063106,3.118054,6.763272276042171,86.45828749531925,-29.471467566115056,-0.132348,0.672169,-0.224082,0.693152,-0.004049,-0.488566,-0.872518,0.132725,0.864543,-0.484716,0.232198,1.230368,2.776967,-17.097679782691582,60.85454195741816,16.00874122115914,-0.057192,0.513787,0.193287,0.833902,0.397326,0.263596,-0.879005,-0.381134,0.918738,0.103232,F,BuildTutorial
9.124,-0.067757,1.537902,2.801289,41.15488124549877,38.79161671142979,11.284211581403788,-0.360486,-0.276804,0.029338,-0.890263,0.845038,0.147331,-0.514009,0.251805,0.738378,0.625614,0.184518,1.069284,3.119468,4.996758499173108,85.29618181972616,-29.59868831999364,-0.141892,0.662586,-0.216254,0.702909,0.028428,-0.492045,-0.870105,0.115982,0.866202,-0.486048,0.232113,1.230616,2.777627,-17.158301251977665,60.74138208929365,16.09638268833277,-0.057443,0.513031,0.194121,0.834157,0.398234,0.264914,-0.878198,-0.382794,0.918035,0.103346,F,BuildTutorial
9.158,-0.067914,1.538193,2.800975,41.11978420235312,38.712781141778606,11.244634681861502,-0.360145,-0.276378,0.029293,-0.890535,0.845515,0.146898,-0.513348,0.251246,0.738875,0.625252,0.184776,1.078183,3.120756,2.1156764389178533,84.18730271839826,-29.516040515915687,-0.157485,0.651609,-0.200963,0.714295,0.070039,-0.492331,-0.867586,0.081857,0.869625,-0.48688,0.231939,1.230744,2.778373,-17.16150721036019,60.67531854620256,15.95548528783905,-0.058209,0.51248,0.193075,0.834685,0.400173,0.262652,-0.877995,-0.381976,0.918667,0.100721,F,BuildTutorial
9.191,-0.067945,1.538733,2.800806,40.96464652988303,38.57840971383487,11.137269069712016,-0.358745,-0.275943,0.029245,-0.891236,0.846,0.145859,-0.512844,0.250115,0.740893,0.623314,0.184661,1.089764,3.12325,-1.654503772535568,82.2918166319186,-29.191118504740793,-0.176311,0.633939,-0.180548,0.731053,0.131047,-0.48752,-0.863221,0.04044,0.872634,-0.486697,0.231841,1.231101,2.779001,-17.224964338117665,60.61763389861009,15.866219483543672,-0.059179,0.512038,0.192659,0.834984,0.4014,0.261131,-0.877889,-0.382338,0.918761,0.098471,F,BuildTutorial
9.225,-0.068148,1.539229,2.800442,40.87744279169621,38.41938993320665,11.041454660065932,-0.357894,-0.275158,0.029235,-0.891822,0.846867,0.14481,-0.51171,0.249099,0.742115,0.622266,0.182928,1.10292,3.126034,-5.502772564529839,79.81350813083553,-29.038818557862868,-0.1963,0.611104,-0.162282,0.749456,0.200434,-0.483165,-0.852278,0.003327,0.870262,-0.492578,0.231721,1.231223,2.779911,-17.2720803138279,60.46969039783365,15.946903396293475,-0.05942,0.511019,0.193366,0.835427,0.402938,0.262357,-0.876818,-0.383815,0.918158,0.098345,F,BuildTutorial
9.258,-0.068276,1.539822,2.799877,40.78318935205122,38.24412189683881,10.93015049892429,-0.356956,-0.274304,0.029277,-0.892459,0.847801,0.143572,-0.51051,0.248085,0.743451,0.621075,0.180162,1.117845,3.129211,-9.651068477016866,76.79112638942667,-27.707782017535056,-0.212202,0.585095,-0.136272,0.770755,0.278187,-0.458382,-0.844096,-0.038252,0.8728,-0.486577,0.231979,1.231594,2.780753,-17.3481714614144,60.382435304364826,15.75652659614592,-0.060984,0.510311,0.192247,0.836005,0.405247,0.259197,-0.876694,-0.383681,0.918644,0.094245,F,BuildTutorial
9.292,-0.068511,1.540342,2.799633,40.61227352990076,38.0580605899625,10.81146964103143,-0.35542,-0.273517,0.029122,-0.893318,0.848681,0.142397,-0.509376,0.246456,0.745658,0.619075,0.175141,1.13446,3.132308,-14.347801585286238,73.56697532864298,-25.839179160816737,-0.230318,0.556703,-0.104782,0.791237,0.358205,-0.422253,-0.832701,-0.090623,0.871948,-0.481138,0.232423,1.231853,2.781746,-17.388489579417325,60.39358009834536,15.70730773100924,-0.061486,0.510381,0.192061,0.835969,0.405248,0.258351,-0.876943,-0.383876,0.918664,0.093247,F,BuildTutorial
9.325,-0.068697,1.540946,2.799129,40.43659306821798,37.89676339434301,10.729634630633203,-0.353928,-0.272812,0.028748,-0.894138,0.849494,0.141704,-0.508213,0.24452,0.747817,0.617235,0.168344,1.150813,3.134679,-18.612010114541757,70.35687702067601,-25.278285051047305,-0.253373,0.525844,-0.085587,0.807443,0.432326,-0.404683,-0.805808,-0.128256,0.856954,-0.49918,0.232969,1.232404,2.782659,-17.470749031462457,60.442159938068606,15.608453012742524,-0.06246,0.510711,0.191707,0.835776,0.404846,0.25665,-0.877628,-0.384247,0.918694,0.091408,F,BuildTutorial
9.359,-0.068778,1.541661,2.798491,40.28125023456969,37.74012019755072,10.655758700084226,-0.352607,-0.27208,0.02839,-0.894894,0.850333,0.141062,-0.506986,0.242687,0.749725,0.615643,0.158999,1.168242,3.136112,-23.09819884992085,66.82830276404223,-25.86365752577199,-0.283621,0.488454,-0.075564,0.821743,0.511406,-0.40126,-0.759904,-0.152882,0.827699,-0.539946,0.233453,1.233187,2.783658,-17.648245267258655,60.31397690646724,15.526609968158326,-0.064366,0.509792,0.191774,0.836177,0.406669,0.255087,-0.877241,-0.386341,0.918159,0.087887,F,BuildTutorial
9.391,-0.069058,1.542448,2.797885,40.04800130359663,37.55967793924174,10.516403966401905,-0.35054,-0.271489,0.02825,-0.895889,0.850991,0.139718,-0.506254,0.240954,0.752647,0.612751,0.14757,1.186334,3.137098,-27.609324551418705,62.62778157882375,-24.340689994109965,-0.305676,0.450394,-0.053681,0.837153,0.588527,-0.365227,-0.72128,-0.185471,0.807362,-0.56015,0.233897,1.23415,2.78481,-17.818268177386273,60.20111636149674,15.46245409563205,-0.066112,0.508989,0.191944,0.836491,0.408176,0.253819,-0.876909,-0.38842,0.917573,0.08479,F,BuildTutorial
9.425,-0.069463,1.543273,2.796942,39.85902450743244,37.37290699879229,10.494327782646616,-0.349088,-0.27041,0.027308,-0.896811,0.852265,0.139814,-0.504079,0.237773,0.754784,0.611363,0.132995,1.204669,3.135989,-31.527757853838576,58.43703602469936,-21.97946848512061,-0.322315,0.415967,-0.029937,0.849817,0.65215,-0.319026,-0.687694,-0.217264,0.790434,-0.572722,0.234439,1.235104,2.786,-17.93092241734792,60.20458331087436,15.212329303496952,-0.06806,0.508904,0.190585,0.836697,0.409389,0.249652,-0.877539,-0.388197,0.91809,0.080087,F,BuildTutorial
9.457,-0.069882,1.544721,2.795951,39.47499088545708,37.08848181997408,10.358169372531377,-0.345892,-0.269228,0.026412,-0.898431,0.853637,0.138788,-0.502037,0.233707,0.759323,0.607298,0.11629,1.222573,3.133712,-35.09608493926743,54.57659096516577,-18.49775437402124,-0.334725,0.388384,0.000244,0.858555,0.698315,-0.259584,-0.667062,-0.260423,0.775919,-0.57457,0.234981,1.236417,2.787414,-18.13882459280373,60.10199704311131,15.029848379359862,-0.070596,0.508107,0.190048,0.837093,0.411418,0.246434,-0.8775,-0.389916,0.917796,0.074938,F,BuildTutorial
9.491,-0.070383,1.546543,2.794903,38.85958645728892,36.69496815775094,10.025997265316107,-0.340473,-0.268127,0.026095,-0.900836,0.854854,0.135565,-0.500845,0.229594,0.766795,0.599427,0.097879,1.240152,3.128874,-38.967881386043445,51.07201442222478,-16.60017230474398,-0.356474,0.35869,0.01948,0.86249,0.741925,-0.222124,-0.632621,-0.28933,0.745094,-0.600935,0.235287,1.23761,2.78876,-18.468801502890138,59.914041303796544,14.9352239824315,-0.073798,0.506768,0.190596,0.837504,0.413718,0.244453,-0.876972,-0.394048,0.916454,0.069563,F,BuildTutorial
9.524,-0.071013,1.548877,2.793705,38.0982619933237,36.24922947528063,9.743715979648792,-0.334037,-0.266644,0.024871,-0.903716,0.856565,0.133186,-0.498556,0.22309,0.775602,0.590485,0.076925,1.256933,3.12352,-42.57992161136573,46.05891092354858,-12.58229354300384,-0.372082,0.325695,0.047221,0.867899,0.783386,-0.160405,-0.600481,-0.324336,0.718651,-0.6151,0.235972,1.238783,2.790337,-18.68866429963987,59.836313851635694,14.802035132058874,-0.076163,0.506172,0.190474,0.837681,0.41502,0.24201,-0.877035,-0.396216,0.915838,0.065225,F,BuildTutorial
9.557,-0.071673,1.551412,2.79231,37.14236265084986,35.822995453865886,9.56296372739474,-0.326293,-0.265258,0.022422,-0.907011,0.858271,0.13243,-0.495815,0.213777,0.78606,0.580008,0.055831,1.270532,3.118408,-45.14880581348164,40.76793824447383,-7.735947222966568,-0.38072,0.296616,0.075017,0.872607,0.812783,-0.094934,-0.57478,-0.356777,0.698849,-0.619936,0.236941,1.239703,2.791847,-18.86648495740319,59.88307336413265,14.347453567979908,-0.079426,0.506248,0.187912,0.83791,0.416804,0.234488,-0.878231,-0.395326,0.916761,0.057156,F,BuildTutorial
9.591,-0.072652,1.554122,2.790707,36.19683505012235,35.32337263683971,9.22373699831342,-0.318237,-0.263651,0.02112,-0.910367,0.860085,0.129354,-0.49348,0.20626,0.796558,0.568288,0.036734,1.280962,3.112069,-46.77797982468532,36.935096257718136,-6.38840464249908,-0.392144,0.269307,0.077044,0.87622,0.843077,-0.076199,-0.532368,-0.346229,0.680574,-0.645712,0.238343,1.240614,2.793458,-18.96833279414472,60.00802039441672,14.166566378512892,-0.080784,0.507057,0.187096,0.837474,0.415776,0.231452,-0.879523,-0.395301,0.916938,0.054428,F,BuildTutorial
9.624,-0.073988,1.556835,2.788465,35.28029837131129,34.717167896297,8.88129664444238,-0.310382,-0.261074,0.019715,-0.913846,0.862903,0.126033,-0.489401,0.198098,0.806548,0.556989,0.017838,1.289887,3.104558,-48.22415790478455,33.698903810937445,-5.347896287742981,-0.402902,0.246039,0.077531,0.878137,0.866908,-0.062094,-0.494586,-0.334424,0.663318,-0.669454,0.239533,1.241757,2.795413,-19.14681869161558,60.00334688518899,13.764788408891135,-0.083905,0.506768,0.184891,0.837832,0.418004,0.224774,-0.880199,-0.394855,0.917551,0.046797,F,BuildTutorial
9.658,-0.075447,1.559683,2.7859,34.28694838296817,34.09111008141169,8.68578841562446,-0.302219,-0.257963,0.016975,-0.917513,0.866334,0.124773,-0.483629,0.187072,0.816751,0.545822,-0.001845,1.297492,3.096735,-49.66519311063419,30.38684629779286,-1.6623917728691262,-0.408697,0.231942,0.097348,0.877322,0.873453,-0.018777,-0.486547,-0.360399,0.646981,-0.671959,0.24056,1.243486,2.797639,-19.353240755865567,60.00656649703672,13.035183741354732,-0.08867,0.506272,0.180408,0.838618,0.422284,0.212804,-0.88113,-0.392369,0.919181,0.03395,F,BuildTutorial
9.691,-0.076893,1.562437,2.783103,33.27197720157757,33.483983250144114,8.490919269821823,-0.293835,-0.254952,0.014319,-0.921116,0.869589,0.123449,-0.478096,0.176207,0.826911,0.534012,-0.020747,1.303388,3.089117,-50.38474226523632,27.161860141795636,1.427128834553273,-0.411079,0.21762,0.110899,0.87827,0.880686,0.015881,-0.473434,-0.373716,0.637431,-0.673808,0.241833,1.245804,2.799733,-19.57653502622279,60.1827437072232,11.747552130210549,-0.09576,0.506541,0.172047,0.839432,0.427633,0.191832,-0.883364,-0.385856,0.92246,0.01353,F,BuildTutorial
9.724,-0.078523,1.565009,2.78002,32.33462006437557,32.79787454001257,8.196597692836871,-0.285812,-0.251375,0.012561,-0.924643,0.873306,0.120463,-0.472045,0.166922,0.836307,0.522233,-0.03828,1.308231,3.081416,-50.89818074964062,24.406763202380876,1.8277839040008088,-0.416901,0.197546,0.104898,0.881002,0.899944,0.020117,-0.435542,-0.349546,0.630379,-0.693138,0.243187,1.248624,2.801589,-19.92440256033559,60.49483061885336,10.12513991968198,-0.105082,0.507392,0.161886,0.839824,0.432693,0.165275,-0.886263,-0.378547,0.925502,-0.012222,F,BuildTutorial
9.758,-0.080252,1.567504,2.776881,31.456271036880302,32.06250458872034,7.99038515398211,-0.278419,-0.247024,0.010222,-0.928094,0.87775,0.118578,-0.464215,0.156527,0.844756,0.511748,-0.056595,1.313015,3.074028,-51.492358624514914,20.910846321841127,4.025056925100274,-0.421169,0.178356,0.109886,0.882457,0.912229,0.043703,-0.407344,-0.344175,0.621083,-0.70413,0.243927,1.251725,2.803881,-20.52178654851506,60.378723436390395,9.282892793751383,-0.113425,0.505654,0.158107,0.840507,0.438633,0.151072,-0.885877,-0.380488,0.924274,-0.030775,F,BuildTutorial
9.791,-0.081989,1.569737,2.773387,30.63653584604563,31.367599533752117,7.868479761820742,-0.271634,-0.242659,0.007537,-0.931276,0.882119,0.11779,-0.45606,0.145868,0.852317,0.502274,-0.074924,1.317838,3.067003,-52.10865772652554,17.300570518267882,6.254440997081127,-0.426209,0.158606,0.114414,0.883232,0.923507,0.066909,-0.377701,-0.337307,0.610511,-0.71659,0.244217,1.255218,2.806652,-21.23101943416215,60.009349380113704,8.756875863658902,-0.12154,0.502257,0.156834,0.841647,0.446283,0.141908,-0.883569,-0.386086,0.921262,-0.047047,F,BuildTutorial
9.825,-0.083636,1.571885,2.769669,29.818847742470417,30.752836504880424,7.76485893626932,-0.264862,-0.238847,0.004979,-0.934225,0.885855,0.11722,-0.44891,0.135825,0.859647,0.492502,-0.092828,1.323186,3.060622,-52.01561289185095,12.580906635625428,8.276492601050737,-0.427611,0.129669,0.112385,0.887527,0.941112,0.088593,-0.326283,-0.310384,0.609038,-0.729887,0.244459,1.258581,2.809389,-21.916912045394568,59.637779666182304,7.702731721938448,-0.131765,0.498168,0.151527,0.843508,0.457736,0.124347,-0.88035,-0.38691,0.919355,-0.071317,F,BuildTutorial
9.857,-0.085439,1.573977,2.765894,29.024975090849548,30.159938528164403,7.705817593212788,-0.258339,-0.235038,0.002237,-0.937024,0.889505,0.117247,-0.441628,0.125631,0.866512,0.483089,-0.111679,1.328161,3.055595,-51.197980455893706,6.866594968498316,13.515491020451435,-0.421943,0.104384,0.131626,0.890923,0.943557,0.14645,-0.297073,-0.322626,0.609278,-0.724357,0.244484,1.261744,2.812637,-22.48192061095156,59.24520355377044,7.585682254368625,-0.137017,0.49495,0.152543,0.844382,0.46351,0.121977,-0.877656,-0.393242,0.915914,-0.080386,F,BuildTutorial
9.891,-0.08731,1.575764,2.761631,28.33858846201982,29.56594775866165,7.729122553719804,-0.252821,-0.230881,-0.000867,-0.939561,0.893386,0.118373,-0.433416,0.115114,0.872162,0.475482,-0.127764,1.333864,3.048327,-52.26752177859031,2.6748138745491463,13.28259858680888,-0.43497,0.071741,0.114013,0.890312,0.963709,0.140603,-0.226929,-0.265424,0.595604,-0.75816,0.244399,1.265097,2.815347,-23.07744383826452,58.85191550368403,6.504693068168502,-0.146634,0.490478,0.146532,0.846438,0.475919,0.10422,-0.873292,-0.391902,0.914054,-0.104491,F,BuildTutorial
9.924,-0.089193,1.577502,2.757427,27.64598408348196,28.94532272103562,7.822414498551947,-0.247356,-0.226335,-0.004561,-0.942108,0.897504,0.120564,-0.424207,0.103377,0.877589,0.468136,-0.1416,1.340389,3.039235,-54.68606334774327,-0.4412623741447791,11.89157224841721,-0.457197,0.044177,0.090254,0.883671,0.979805,0.119114,-0.160603,-0.199904,0.56565,-0.800049,0.243801,1.268445,2.818778,-23.630167502470396,58.10644074996906,5.756110739548377,-0.154897,0.483721,0.14227,0.849577,0.491547,0.091885,-0.86599,-0.391592,0.911532,-0.125556,F,BuildTutorial
9.958,-0.091063,1.579125,2.753202,26.908847422001415,28.287851447666988,7.876091758533038,-0.241407,-0.221596,-0.008047,-0.94475,0.901661,0.122194,-0.414821,0.091785,0.883316,0.459705,-0.155237,1.346937,3.031525,-55.96323433782612,-3.694084447788137,13.899652365973484,-0.468943,0.028488,0.091788,0.877984,0.981527,0.134458,-0.136111,-0.187895,0.543336,-0.818219,0.242971,1.271849,2.82195,-24.190226802028857,57.45948045655071,4.896636949798708,-0.163495,0.477428,0.137255,0.852345,0.506447,0.077863,-0.858749,-0.390091,0.908861,-0.14765,F,BuildTutorial
9.99,-0.092929,1.580496,2.749022,26.21896227204184,27.61369604110205,7.93653311285722,-0.235816,-0.21663,-0.011454,-0.947276,0.905881,0.123869,-0.405015,0.08047,0.88852,0.451727,-0.168049,1.353044,3.024497,-56.49128810917705,-7.123144622864287,16.89920378969177,-0.475253,0.015275,0.100113,0.874002,0.979488,0.160478,-0.121859,-0.189517,0.528225,-0.827685,0.241666,1.27519,2.825022,-24.794780842301975,56.79497957187686,4.153612903898407,-0.1719,0.471035,0.133172,0.854893,0.520783,0.065753,-0.851153,-0.389636,0.905432,-0.168455,F,BuildTutorial
10.026,-0.094578,1.581515,2.744837,25.64333013993412,26.95699611206044,8.042817806825633,-0.231212,-0.211575,-0.0149,-0.949503,0.910028,0.126133,-0.394893,0.069542,0.892638,0.445378,-0.179313,1.358715,3.017932,-57.096620977096165,-10.253363726187072,18.28675714202481,-0.482413,-0.001859,0.096865,0.87057,0.981228,0.170449,-0.09022,-0.166861,0.515789,-0.840309,0.239571,1.278659,2.828219,-25.55407292117514,55.80713506008542,3.4467474315183835,-0.181631,0.462068,0.129371,0.858351,0.539512,0.054239,-0.840229,-0.389943,0.900547,-0.19225,F,BuildTutorial
10.057,-0.096128,1.58222,2.741203,25.15621623091281,26.34062455521652,7.988891419826224,-0.227018,-0.207067,-0.016702,-0.951476,0.913689,0.1258,-0.386455,0.062232,0.896367,0.438922,-0.19051,1.364427,3.011005,-57.73026080600447,-13.68127253121923,20.416700209350292,-0.490212,-0.017711,0.097515,0.86595,0.980354,0.18625,-0.064932,-0.151521,0.500367,-0.852452,0.2372,1.281939,2.83115,-26.32746604004668,54.776531877951086,3.097615464409978,-0.190027,0.453232,0.128092,0.861431,0.556346,0.048433,-0.829538,-0.392938,0.894965,-0.211278,F,BuildTutorial
10.09,-0.097272,1.582307,2.737499,24.9951950471886,25.851459998988677,7.820520742185328,-0.225317,-0.203496,-0.016598,-0.952652,0.916628,0.123327,-0.380241,0.060077,0.897914,0.436053,-0.200511,1.370153,3.003764,-58.44353766335486,-16.53027860784048,21.91826733737735,-0.498161,-0.031326,0.095292,0.861263,0.979876,0.195354,-0.040981,-0.132931,0.48551,-0.864066,0.235261,1.285038,2.833114,-27.059479033945003,54.15368512701014,2.625459981609828,-0.198115,0.447209,0.126295,0.86302,0.568107,0.040792,-0.821943,-0.395187,0.8896,-0.228994,F,BuildTutorial
10.124,-0.098032,1.581753,2.733739,25.211443178603528,25.51582461278848,7.74021643022314,-0.226913,-0.200651,-0.016157,-0.952884,0.918956,0.121853,-0.375062,0.060268,0.896499,0.438927,-0.209134,1.375669,2.995004,-60.13678147658073,-19.583982466293293,22.825438401085417,-0.513096,-0.046577,0.085225,0.852819,0.981135,0.193159,-0.008014,-0.097566,0.458938,-0.883095,0.233617,1.287536,2.834702,-27.640189537431652,53.8130470161291,1.8099131114970304,-0.206048,0.442745,0.121762,0.864115,0.578302,0.02798,-0.815343,-0.392887,0.885436,-0.248279,F,BuildTutorial
10.157,-0.098482,1.580685,2.730003,25.686388987571817,25.360202157000355,7.665539440054193,-0.230683,-0.199041,-0.014899,-0.952337,0.920322,0.120209,-0.372234,0.063452,0.893127,0.445307,-0.217468,1.38028,2.986159,-61.28986806909571,-23.051973210254356,25.18692115592402,-0.524903,-0.058878,0.084402,0.844918,0.97882,0.204436,0.010888,-0.080816,0.434706,-0.896939,0.232364,1.289511,2.836156,-28.033630669251135,53.4988799802485,1.3392888681503408,-0.211168,0.439186,0.119133,0.865061,0.585846,0.020631,-0.81016,-0.391599,0.882431,-0.260703,F,BuildTutorial
10.19,-0.098649,1.579096,2.726685,26.35173706091804,25.43182224534985,7.587082760783718,-0.236043,-0.199142,-0.012776,-0.951033,0.920359,0.118312,-0.372749,0.069712,0.888241,0.454058,-0.225642,1.383863,2.978731,-61.4964583631198,-26.174944397255608,27.61150568525677,-0.530039,-0.070149,0.087332,0.840542,0.974904,0.221176,0.025347,-0.07245,0.422865,-0.903292,0.230955,1.290806,2.837442,-28.326497878649207,53.17080807060576,1.5025457955869903,-0.213106,0.436759,0.120864,0.865574,0.589266,0.023082,-0.807609,-0.395385,0.879956,-0.263341,F,BuildTutorial
10.224,-0.098502,1.576737,2.723639,27.2090528552708,25.667008783985107,7.631795569761571,-0.243202,-0.200145,-0.010937,-0.949039,0.919645,0.118111,-0.374571,0.076591,0.881467,0.465994,-0.232222,1.385895,2.972342,-61.20307168857797,-28.43111518334859,28.958401720964577,-0.530651,-0.081273,0.087576,0.839127,0.97145,0.23323,0.043451,-0.06072,0.42148,-0.904802,0.229857,1.291514,2.838849,-28.522863061715704,52.780589826823054,1.4478018953728615,-0.215214,0.433539,0.120457,0.866728,0.595068,0.022199,-0.803369,-0.395415,0.878346,-0.268619,F,BuildTutorial
10.257,-0.098149,1.574399,2.720824,28.137500525625583,26.062884092464945,7.719667911682549,-0.251012,-0.202284,-0.008927,-0.94657,0.918003,0.118451,-0.378471,0.084652,0.873826,0.478813,-0.237194,1.387222,2.966783,-61.13206998726707,-29.46417498810411,29.238936680349266,-0.531156,-0.087741,0.085049,0.838416,0.970136,0.235822,0.056778,-0.049405,0.421279,-0.905584,0.229081,1.291754,2.840096,-28.597902569033995,52.596185167375296,0.7695012086164319,-0.218531,0.430793,0.115254,0.867973,0.602268,0.01179,-0.798207,-0.388358,0.877921,-0.280058,F,BuildTutorial
10.291,-0.097644,1.572132,2.718621,28.93243727461657,26.510596083397445,7.829968457520574,-0.257745,-0.204901,-0.007205,-0.944209,0.915927,0.119231,-0.383225,0.092018,0.867031,0.489684,-0.241446,1.387911,2.961815,-61.42091247184291,-30.01263333813261,29.358840658889605,-0.533595,-0.090344,0.082525,0.836842,0.970055,0.234534,0.063138,-0.041706,0.416933,-0.90798,0.228369,1.291618,2.841302,-28.652266513691707,52.345737443285,0.6779396879152242,-0.219538,0.428671,0.114284,0.868898,0.606361,0.010383,-0.795121,-0.386821,0.877485,-0.283531,F,BuildTutorial
10.324,-0.097044,1.569806,2.716887,29.69656065293355,26.97404745525976,8.080675954418817,-0.264458,-0.207319,-0.00661,-0.941826,0.91395,0.122106,-0.38702,0.097203,0.860036,0.500889,-0.245274,1.38757,2.95746,-61.58953094425153,-30.68255984182143,29.462291218304557,-0.535283,-0.09425,0.079651,0.835611,0.969545,0.234015,0.072241,-0.032213,0.414256,-0.90959,0.227083,1.290851,2.842985,-28.703629510423095,51.85320719123968,1.169066119332093,-0.218595,0.425827,0.117259,0.870137,0.609844,0.017895,-0.79232,-0.390229,0.876933,-0.280552,F,BuildTutorial
10.357,-0.09634,1.567492,2.715555,30.47055050837991,27.473662016943347,8.436918634613033,-0.271429,-0.209719,-0.006712,-0.939308,0.911946,0.126456,-0.390338,0.101239,0.852563,0.512726,-0.247887,1.386676,2.954397,-61.4806357352055,-30.37513311129793,28.12193404195981,-0.533221,-0.098575,0.071626,0.837155,0.970306,0.225048,0.08866,-0.014799,0.421091,-0.906898,0.225972,1.29013,2.844736,-28.71418215040405,51.38777302351777,0.7781848215974698,-0.220589,0.42153,0.113434,0.87223,0.618891,0.011911,-0.785387,-0.383851,0.876946,-0.289178,F,BuildTutorial
10.391,-0.095653,1.565177,2.714364,31.23514823225287,28.00506157766845,8.810469928097646,-0.278343,-0.212279,-0.006828,-0.936705,0.909782,0.130965,-0.393885,0.10538,0.844957,0.524349,-0.250983,1.385516,2.951124,-61.2306154287504,-30.79605458734603,28.155044424262673,-0.531827,-0.102222,0.070653,0.837687,0.969118,0.227098,0.096109,-0.009642,0.424337,-0.905453,0.224616,1.289451,2.84742,-28.688179125277458,50.6658924638724,0.3310913900384078,-0.222722,0.415184,0.108534,0.87535,0.631685,0.005069,-0.775209,-0.374952,0.877231,-0.299797,F,BuildTutorial
10.424,-0.09492,1.563484,2.713519,31.903033705150328,28.51132447650414,9.17728599150018,-0.284449,-0.214699,-0.007094,-0.934314,0.907708,0.135398,-0.397157,0.108886,0.838077,0.534576,-0.254162,1.383882,2.948284,-60.83605080034013,-31.519566552761543,28.829472913502062,-0.530239,-0.105545,0.073418,0.838043,0.96694,0.234983,0.099045,-0.011126,0.426912,-0.904225,0.223252,1.288551,2.850073,-28.797451008318767,50.07544645718354,0.3876135276964118,-0.223913,0.410681,0.108208,0.877209,0.639264,0.005928,-0.768964,-0.373755,0.876308,-0.303959,F,BuildTutorial
10.458,-0.09418,1.562335,2.713289,32.333582148606546,28.899298382084723,9.438832840394616,-0.288431,-0.216665,-0.007281,-0.932636,0.906006,0.138566,-0.39994,0.111406,0.833509,0.541157,-0.256254,1.381965,2.946898,-60.45308285685495,-31.14182241614772,27.90910984699299,-0.526564,-0.108145,0.069573,0.840354,0.966928,0.230823,0.108491,-0.003041,0.43578,-0.900048,0.221674,1.287593,2.853533,-28.61342758827424,49.43288768872401,1.097099059813982,-0.220585,0.407291,0.111747,0.879187,0.643253,0.016809,-0.765469,-0.376177,0.87771,-0.296843,F,BuildTutorial
10.491,-0.093526,1.561627,2.713385,32.72906295903775,29.23335691013216,9.695679434823704,-0.292116,-0.218222,-0.007617,-0.931123,0.904642,0.141676,-0.401933,0.113309,0.82922,0.547316,-0.257983,1.379816,2.945799,-60.222372093772265,-30.72825504000894,26.618630212850935,-0.523521,-0.111679,0.062674,0.842334,0.967199,0.222518,0.122519,0.011347,0.443996,-0.895957,0.220315,1.287194,2.856791,-28.590286272769383,48.95689853840902,0.7476188913470274,-0.222099,0.402979,0.108062,0.881251,0.651861,0.011457,-0.758252,-0.369462,0.877989,-0.304356,F,BuildTutorial
10.523,-0.092937,1.561143,2.714059,32.937177989072175,29.446636739430904,9.870825208302596,-0.294133,-0.219233,-0.008012,-0.930247,0.903745,0.143874,-0.403168,0.11406,0.826843,0.550745,-0.260109,1.377894,2.944472,-59.86070114619319,-30.752541022597228,26.209327172122883,-0.52066,-0.114732,0.060605,0.843847,0.966327,0.221755,0.130523,0.01719,0.450481,-0.892621,0.218263,1.2869,2.861362,-28.84588881019276,48.04531830657091,0.6317023080690912,-0.225327,0.395516,0.106274,0.884026,0.664546,0.009656,-0.747185,-0.366138,0.875868,-0.314323,F,BuildTutorial
10.558,-0.092602,1.560363,2.714674,33.24333104819414,29.595970486611723,9.94669950537278,-0.296739,-0.219842,-0.007529,-0.929279,0.903226,0.144464,-0.40412,0.116479,0.823779,0.554817,-0.261977,1.37597,2.943456,-59.55262451149343,-30.441839380057697,25.558539220569873,-0.51773,-0.116238,0.058104,0.845617,0.966226,0.218626,0.136421,0.022093,0.457159,-0.889111,0.215367,1.286088,2.867662,-29.000797760353695,46.52456410897092,1.6903505031631816,-0.224367,0.385712,0.111997,0.887887,0.677366,0.0258,-0.735193,-0.371964,0.874232,-0.312028,F,BuildTutorial
10.59,-0.092398,1.559472,2.715385,33.593667051661384,29.736162741999053,10.105980055073635,-0.299854,-0.220092,-0.007634,-0.928218,0.903003,0.146163,-0.404008,0.117818,0.820059,0.560021,-0.263543,1.373924,2.942134,-59.42673258121771,-30.08723592388341,24.86353604294101,-0.51598,-0.117094,0.054929,0.84678,0.966544,0.213862,0.141621,0.02781,0.461496,-0.886707,0.212846,1.285442,2.873985,-29.1880644626906,45.46921823472672,1.8129760455443735,-0.226446,0.377624,0.111485,0.890895,0.689942,0.027621,-0.723337,-0.369666,0.872587,-0.31928,F,BuildTutorial
10.623,-0.092386,1.558566,2.71637,33.84005816158038,29.768478271324536,10.255107576183168,-0.302109,-0.219626,-0.008177,-0.927592,0.903395,0.147872,-0.402506,0.117532,0.817326,0.56406,-0.265208,1.372074,2.941264,-59.22995827276036,-29.780925395190845,23.96327419365041,-0.513548,-0.119392,0.050197,0.84823,0.966452,0.207784,0.150987,0.03747,0.467497,-0.8832,0.210423,1.284776,2.882204,-29.663598404981126,43.8204967480987,1.952561395437491,-0.231312,0.364715,0.110788,0.8951,0.709418,0.029607,-0.704167,-0.367058,0.868442,-0.333282,F,BuildTutorial
10.657,-0.092558,1.557646,2.717197,34.210863608102294,29.786331162955136,10.357609025975034,-0.305263,-0.218988,-0.008085,-0.926711,0.903958,0.148682,-0.400941,0.118713,0.813498,0.569322,-0.267734,1.370505,2.941008,-58.92717143040809,-29.814983895035503,23.332435330930547,-0.510789,-0.123247,0.046208,0.849571,0.96535,0.20442,0.162209,0.047393,0.47392,-0.879292,0.207784,1.28296,2.892947,-29.854683485346403,41.125777846444,3.2721405463266557,-0.231394,0.34613,0.116269,0.901739,0.733351,0.049505,-0.678046,-0.369874,0.865877,-0.336824,F,BuildTutorial
10.69,-0.092809,1.55687,2.718205,34.526514241985474,29.74705843739614,10.485571647743932,-0.308018,-0.217889,-0.00848,-0.926055,0.904905,0.149933,-0.39833,0.118522,0.810106,0.574178,-0.270312,1.368732,2.940624,-58.455999812988246,-30.044063921831096,23.30387941170235,-0.507564,-0.126283,0.046278,0.851052,0.963822,0.206963,0.167969,0.049423,0.480475,-0.875615,0.206399,1.280112,2.90508,-29.3730022098666,38.66488767854325,3.9388338559785248,-0.228088,0.328265,0.11525,0.90936,0.757919,0.05986,-0.649597,-0.359354,0.869386,-0.339164,F,BuildTutorial
10.724,-0.093158,1.556169,2.719215,34.75764890714125,29.617599335377772,10.664705206025548,-0.310186,-0.216035,-0.009732,-0.925753,0.906468,0.152041,-0.393953,0.116003,0.807381,0.578515,-0.273035,1.366904,2.940137,-58.0546899429399,-30.66825760550804,23.41420537431689,-0.505137,-0.131468,0.045457,0.851755,0.9613,0.210255,0.178033,0.055383,0.48554,-0.872459,0.205707,1.276621,2.918159,-28.75810405877393,36.368315037779105,3.658746485898353,-0.226163,0.309674,0.106838,0.917354,0.785376,0.055944,-0.616487,-0.336091,0.874872,-0.348773,F,BuildTutorial
10.767,-0.093638,1.555641,2.720219,34.98570985671847,29.438365526360094,10.742307736808092,-0.31213,-0.214054,-0.01031,-0.925554,0.908149,0.152711,-0.389801,0.11454,0.804937,0.5822,-0.275653,1.365499,2.939986,-57.54303651462309,-30.934537200242087,22.914298493052662,-0.501076,-0.136962,0.042003,0.853463,0.958955,0.208952,0.191691,0.065561,0.494317,-0.866806,0.205388,1.270509,2.933913,-27.46242733366488,33.4799837650609,3.877987192927659,-0.217711,0.287328,0.099805,0.927407,0.814963,0.06001,-0.576397,-0.310229,0.885282,-0.346461,F,BuildTutorial
10.791,-0.094143,1.555074,2.7212,35.11717518703486,29.222462817093483,10.815840447133168,-0.313292,-0.211923,-0.011186,-0.925642,0.909927,0.153496,-0.38532,0.112079,0.803447,0.584732,-0.278406,1.364316,2.939583,-57.177724746399434,-31.388893795047466,22.91416669872782,-0.498682,-0.141286,0.041049,0.854207,0.956706,0.211043,0.200434,0.070785,0.499262,-0.863555,0.205371,1.261929,2.951867,-24.82627579052755,30.177435250833845,3.4083718228066897,-0.199896,0.260289,0.083975,0.940872,0.850396,0.053958,-0.52337,-0.262081,0.905979,-0.332438,F,BuildTutorial
10.824,-0.094645,1.554519,2.722153,35.263765950104755,28.94647718245989,10.933327079737024,-0.314645,-0.209163,-0.012551,-0.925793,0.912187,0.154863,-0.379385,0.108385,0.801683,0.587842,-0.281755,1.363328,2.938771,-56.93724370223433,-32.3594057388443,23.682933767665435,-0.498321,-0.145801,0.043246,0.85355,0.953744,0.219136,0.205796,0.071487,0.499612,-0.863295,0.206914,1.251284,2.970645,-21.32045118830216,27.739131683131067,1.263372254785789,-0.176983,0.237541,0.054859,0.953542,0.88113,0.020539,-0.472428,-0.188701,0.931335,-0.311459,F,BuildTutorial
10.858,-0.095101,1.554058,2.723023,35.424157647249,28.67891221853171,11.02607238039428,-0.316058,-0.206517,-0.013667,-0.925889,0.914328,0.155851,-0.373784,0.105234,0.799841,0.590915,-0.284763,1.362606,2.938345,-56.67569719822189,-32.88193002901062,23.600914143953293,-0.496584,-0.150743,0.041132,0.853809,0.951169,0.219952,0.216561,0.079475,0.503425,-0.860376,0.206617,1.238934,2.989745,-17.622772783713284,24.257309481687628,0.2944269714077147,-0.149229,0.208012,0.034667,0.966054,0.911059,0.004897,-0.412248,-0.129063,0.953058,-0.273904,F,BuildTutorial
10.89,-0.095498,1.553598,2.724019,35.527347970057676,28.397335756376805,11.054823379532117,-0.316896,-0.204015,-0.014441,-0.926146,0.916339,0.156051,-0.368742,0.102554,0.798737,0.592876,-0.287394,1.361983,2.938042,-56.591559183042754,-33.00893090393033,22.95530817431125,-0.495179,-0.154705,0.036018,0.854147,0.949538,0.214742,0.228611,0.091685,0.507,-0.857056,0.206198,1.226954,3.007556,-14.343530277242756,21.05686070917215,-0.6608593473720369,-0.123786,0.180583,0.017186,0.975588,0.934189,-0.011174,-0.356604,-0.078241,0.968763,-0.235321,F,BuildTutorial
10.923,-0.095823,1.553195,2.725168,35.68162784547616,28.084547602635393,11.163945598214877,-0.318275,-0.200964,-0.01584,-0.926317,0.918725,0.15727,-0.36223,0.098577,0.796901,0.596014,-0.290003,1.361545,2.937372,-56.483229798075435,-33.26888955574042,22.829137346186233,-0.49433,-0.157471,0.034273,0.854205,0.948056,0.214238,0.235141,0.097133,0.508927,-0.855312,0.20608,1.21682,3.022783,-12.137282413592002,19.19983393815027,-0.2597605061479444,-0.104615,0.165596,0.015408,0.980508,0.944681,-0.004432,-0.32796,-0.064863,0.977637,-0.200048,F,BuildTutorial
10.957,-0.09602,1.553043,2.726569,35.65718026171091,27.745378349818317,11.28650315927976,-0.318244,-0.197916,-0.017828,-0.926948,0.921023,0.159023,-0.355569,0.09292,0.796806,0.597048,-0.292978,1.361069,2.936597,-56.2470103510712,-33.8961272462485,23.0758415992599,-0.493212,-0.161705,0.034109,0.854067,0.945376,0.217772,0.242567,0.101246,0.511158,-0.853503,0.205236,1.20864,3.035567,-10.911838679183024,17.96411415484638,0.9524112286664582,-0.092619,0.156193,0.023016,0.983105,0.950148,0.016322,-0.311371,-0.074188,0.981784,-0.174919,F,BuildTutorial
10.99,-0.096104,1.552866,2.72799,35.65790471055146,27.42992949063376,11.415936816226653,-0.31842,-0.195003,-0.01975,-0.927466,0.923168,0.16082,-0.349139,0.08755,0.796437,0.59835,-0.295367,1.360493,2.935997,-56.11682922817227,-34.026569807355266,22.61403950182909,-0.491682,-0.165005,0.030494,0.854455,0.943687,0.214371,0.251992,0.110148,0.514638,-0.850303,0.202265,1.199571,3.048016,-9.04258973586311,15.129272632203955,0.3633640582717121,-0.077727,0.131482,0.013511,0.988174,0.96506,0.006264,-0.261954,-0.047142,0.987552,-0.150063,F,BuildTutorial
11.024,-0.096189,1.5524,2.729135,35.84403245794076,27.165315213528817,11.557679588879726,-0.320095,-0.192199,-0.021223,-0.927442,0.925218,0.16241,-0.342921,0.083679,0.794177,0.601897,-0.297226,1.359408,2.935634,-56.04289212113947,-33.982587507436264,21.982969918817695,-0.490238,-0.167573,0.026195,0.854927,0.942466,0.209091,0.260842,0.119512,0.517961,-0.847014,0.199261,1.188203,3.05962,-6.8163069706082124,12.468848620464632,-1.0662909962544742,-0.060103,0.10785,-0.002778,0.992345,0.976721,-0.018478,-0.213716,-0.00745,0.99276,-0.119886,F,BuildTutorial
11.057,-0.096361,1.55195,2.73048,36.023864199089836,26.962114361419523,11.674089866999765,-0.321683,-0.189969,-0.022339,-0.927326,0.926826,0.163651,-0.337954,0.080789,0.792042,0.605098,-0.299211,1.358089,2.935323,-55.83758671863806,-34.239022722162126,21.766023412641385,-0.488535,-0.170942,0.024089,0.855296,0.940397,0.208229,0.268875,0.125816,0.521506,-0.843921,0.199841,1.177484,3.068431,-5.388658480380211,12.965598688504825,-0.5247905999244781,-0.047223,0.112565,0.000762,0.992521,0.974657,-0.009118,-0.223517,-0.012145,0.995539,-0.093569,F,BuildTutorial
11.091,-0.096315,1.551749,2.732122,36.00804527648191,26.667689870753957,11.734879887067883,-0.321598,-0.187438,-0.023692,-0.927837,0.928612,0.164524,-0.332585,0.076595,0.792027,0.605662,-0.301151,1.356556,2.935004,-55.442945582844935,-34.61760373129604,21.692065641021475,-0.485734,-0.175099,0.023102,0.856078,0.937614,0.209657,0.277353,0.130548,0.527057,-0.839743,0.19858,1.165137,3.076206,-3.4797686077694956,12.742430350630706,3.2263896807537074,-0.02704,0.111724,0.031333,0.992877,0.973072,0.056177,-0.223552,-0.068261,0.996574,-0.046693,F,BuildTutorial
11.123,-0.096261,1.551498,2.733692,36.06811714966826,26.39529094112948,11.801915498696616,-0.322128,-0.184957,-0.02487,-0.92812,0.930345,0.165325,-0.327302,0.072995,0.79123,0.607146,-0.302739,1.355129,2.934825,-55.12042547358414,-34.8943859104264,21.34093669394159,-0.482978,-0.179479,0.020272,0.856801,0.934752,0.208107,0.287974,0.138631,0.532642,-0.83491,0.193865,1.152783,3.082202,-0.9029192166989614,10.640639533398843,4.770174060938305,-0.00398,0.092967,0.042165,0.994768,0.979159,0.083148,-0.185297,-0.084628,0.996413,-7.8e-05,F,BuildTutorial
11.156,-0.096201,1.551183,2.734941,36.218383938143795,26.211366333796523,11.857716610511773,-0.323375,-0.183093,-0.025517,-0.928038,0.931651,0.165777,-0.323332,0.071054,0.789555,0.609552,-0.30376,1.353513,2.934479,-54.92211557335428,-34.93925854758813,20.952713525121204,-0.480978,-0.181952,0.017772,0.85746,0.933155,0.205508,0.294938,0.144552,0.536688,-0.831307,0.189206,1.142328,3.086951,0.8617210018589792,9.032420292981184,3.5838396009625058,0.009955,0.078466,0.03058,0.996398,0.985816,0.062502,-0.155758,-0.059377,0.997932,0.024638,F,BuildTutorial
11.19,-0.096102,1.550868,2.736135,36.35811363622831,26.070651223875643,11.96207904535351,-0.324623,-0.181456,-0.026461,-0.927898,0.932747,0.166916,-0.319565,0.068703,0.78784,0.612036,-0.304547,1.352076,2.934542,-54.63839448964233,-34.83612221929779,20.677430070963688,-0.478523,-0.183047,0.016987,0.858616,0.932411,0.204354,0.298076,0.146014,0.541455,-0.827953,0.186258,1.133327,3.090428,2.173621611703764,8.534130047128249,2.626961156491953,0.020615,0.073939,0.021444,0.996819,0.988146,0.0458,-0.146524,-0.039703,0.99823,0.044269,F,BuildTutorial
11.223,-0.095777,1.550889,2.737496,36.27882608982138,25.915174223290833,12.019610100283932,-0.324045,-0.180149,-0.027536,-0.928323,0.933577,0.167878,-0.316626,0.065628,0.788473,0.611559,-0.305142,1.350744,2.934509,-54.37799179556155,-34.77228533527353,20.275562188203345,-0.476027,-0.184891,0.015011,0.859644,0.93118,0.201835,0.30359,0.150218,0.546347,-0.823978,0.183457,1.124716,3.092573,3.66543933042025,7.943335890521542,3.043646210431304,0.033732,0.068356,0.024266,0.996795,0.989477,0.052988,-0.134637,-0.043765,0.996547,0.070565,F,BuildTutorial
11.257,-0.095041,1.551108,2.738714,36.1218533713184,25.936050892939424,11.989753573108608,-0.322751,-0.18063,-0.027569,-0.928679,0.933226,0.167802,-0.317698,0.065392,0.790143,0.609424,-0.305689,1.349718,2.93441,-54.276035807394834,-34.86398559110539,20.052374025080788,-0.474954,-0.186757,0.013257,0.859863,0.929892,0.200201,0.308578,0.154603,0.548487,-0.821742,0.180374,1.118554,3.093754,4.120706621590449,7.208030470373025,4.627551342235144,0.038388,0.06132,0.038008,0.996655,0.989591,0.080469,-0.119312,-0.071053,0.994164,0.08118,F,BuildTutorial
11.291,-0.09419,1.551102,2.739668,36.04813992597788,26.141180291261648,12.018626784549106,-0.322258,-0.182318,-0.027383,-0.928526,0.932021,0.168359,-0.320924,0.066654,0.7908,0.608435,-0.306052,1.348815,2.934574,-54.28760702103001,-34.699286078489145,19.721354928637673,-0.474479,-0.186864,0.011421,0.860129,0.929903,0.196972,0.310616,0.15768,0.549479,-0.820494,0.17674,1.114287,3.094604,4.568236819163695,6.412914060959829,6.006517353339032,0.042666,0.053728,0.050043,0.996388,0.989218,0.10431,-0.102798,-0.09514,0.991351,0.090401,F,BuildTutorial
11.324,-0.092891,1.551384,2.740525,35.873516466988825,26.569161946319177,12.044255580247846,-0.321008,-0.185968,-0.026766,-0.928253,0.929399,0.169085,-0.328067,0.069704,0.792475,0.605908,-0.30606,1.347973,2.935088,-54.16083192586734,-34.36790275169169,18.971602490063383,-0.472324,-0.187778,0.007528,0.861158,0.929366,0.19035,0.316301,0.164418,0.553707,-0.816318,0.175081,1.111209,3.095029,4.9741278224961265,6.370364688870801,6.5255788738954665,0.046416,0.052955,0.054367,0.996035,0.98848,0.113218,-0.100444,-0.103386,0.98978,0.098222,F,BuildTutorial
11.357,-0.091164,1.551723,2.741089,35.67807754724405,27.444179139681346,12.102916132383784,-0.319747,-0.193176,-0.025225,-0.927259,0.924094,0.170316,-0.342117,0.076754,0.794251,0.602722,-0.305783,1.347114,2.935902,-53.93226135747229,-34.09757913682591,18.595447841602237,-0.470059,-0.187832,0.006468,0.862393,0.929355,0.18774,0.317889,0.165428,0.558006,-0.813181,0.175788,1.111296,3.095116,4.224853192522049,7.043697907490318,6.829594938677218,0.040382,0.059087,0.057151,0.995797,0.986485,0.118593,-0.113062,-0.109049,0.990206,0.087179,F,BuildTutorial
11.39,-0.088685,1.552726,2.741474,35.20907305493492,28.772679431056886,12.128541233373012,-0.316341,-0.204548,-0.022814,-0.92605,0.915279,0.171667,-0.364409,0.08716,0.798816,0.595227,-0.305382,1.346234,2.936718,-53.72307577986503,-33.80334624740548,18.600531058514655,-0.468551,-0.186085,0.008308,0.863576,0.930607,0.18873,0.313612,0.160032,0.560783,-0.81235,0.177602,1.112502,3.094812,3.359072562135193,7.512646878323892,6.898187671395114,0.033133,0.063607,0.05809,0.995732,0.985159,0.1199,-0.122821,-0.11147,0.991055,0.073374,F,BuildTutorial
11.423,-0.084865,1.554378,2.741619,34.362958742021235,30.974898556689823,12.37023964875201,-0.310502,-0.222955,-0.020775,-0.923823,0.899719,0.176841,-0.39904,0.100071,0.806314,0.582962,-0.304621,1.345142,2.937968,-53.624183409983615,-33.37825687842886,18.336038717714967,-0.467383,-0.184189,0.008329,0.864614,0.93201,0.186577,0.310719,0.157771,0.562967,-0.811281,0.181452,1.114477,3.093349,2.7990576100851983,8.017850811291668,6.896786475516513,0.028524,0.068299,0.05828,0.995553,0.983877,0.119939,-0.132667,-0.112146,0.99158,0.064756,F,BuildTutorial
11.456,-0.080699,1.556008,2.741137,33.53225328371151,33.735293919957705,12.832701538715542,-0.305374,-0.245237,-0.019221,-0.919911,0.878978,0.185142,-0.439453,0.114414,0.812755,0.571261,-0.303319,1.343934,2.939558,-53.4594815097077,-32.748661807900724,17.708323274146952,-0.465152,-0.182363,0.006608,0.866218,0.9334,0.181101,0.309785,0.158206,0.567179,-0.808257,0.189062,1.117196,3.090634,2.2699785391521985,9.783593188073798,7.090316904446741,0.02497,0.083874,0.059912,0.99436,0.978751,0.123336,-0.163811,-0.114959,0.991574,0.059708,F,BuildTutorial
11.49,-0.076829,1.557522,2.740541,32.766989223677164,36.49353749609237,13.150138308020647,-0.300517,-0.267747,-0.016595,-0.915274,0.856072,0.191303,-0.48015,0.130548,0.818828,0.558997,-0.301867,1.342492,2.941981,-53.192736331497215,-31.941514783091428,17.44449630582153,-0.462754,-0.177915,0.008605,0.868408,0.936545,0.179606,0.301041,0.149716,0.57157,-0.806779,0.198115,1.120777,3.087091,1.5029668155225335,11.430881608758977,7.249801708701429,0.01932,0.098555,0.061601,0.993035,0.972984,0.126153,-0.193358,-0.118537,0.991664,0.050512,F,BuildTutorial
11.523,-0.073248,1.558732,2.739452,32.184360064346436,39.2506945054108,13.553695218865242,-0.297338,-0.289645,-0.014346,-0.909665,0.8318,0.198345,-0.518429,0.146145,0.822769,0.549266,-0.30004,1.340935,2.94486,-52.966554334490425,-31.072749554299673,17.350190595216937,-0.460888,-0.172197,0.011993,0.87051,0.940409,0.179607,0.288744,0.137847,0.574878,-0.806544,0.207882,1.124666,3.082709,1.0335214519628413,12.054344110647865,7.733159444582485,0.016029,0.104152,0.066113,0.992232,0.969563,0.134537,-0.204566,-0.12786,0.990744,0.04558,F,BuildTutorial
11.557,-0.070028,1.559905,2.73807,31.611268313229136,41.85044854448697,13.892682730927032,-0.294104,-0.310355,-0.012128,-0.9039,0.807065,0.204478,-0.553926,0.160628,0.826712,0.539209,-0.297982,1.339053,2.948286,-52.60644721765474,-30.171820200406614,16.64830935671513,-0.457121,-0.16892,0.011196,0.873144,0.942681,0.173985,0.284748,0.134883,0.58183,-0.802048,0.220297,1.129084,3.077124,0.5769271332445305,13.426023775996676,8.046231647182989,0.013189,0.116256,0.06909,0.990726,0.963422,0.139965,-0.228533,-0.133832,0.990105,0.042198,F,BuildTutorial
11.59,-0.067477,1.561021,2.736904,31.026567154341546,44.21737358662758,13.978799308020236,-0.290084,-0.329805,-0.008716,-0.898334,0.782306,0.207003,-0.587493,0.175682,0.831551,0.526934,-0.295998,1.337412,2.952096,-52.228164463928415,-29.187452148391053,16.169606080496276,-0.453544,-0.164088,0.012406,0.875911,0.945842,0.170575,0.2762,0.12711,0.588289,-0.798599,0.235468,1.134217,3.070272,0.0140793982011292,15.595709496183014,8.616609197981377,0.010314,0.135286,0.074412,0.987955,0.952321,0.149823,-0.265777,-0.144241,0.988713,0.040513,F,BuildTutorial
11.623,-0.065333,1.562122,2.735638,30.50068822861301,46.29503707811688,13.896171984705736,-0.285964,-0.347214,-0.004674,-0.89311,0.758841,0.20693,-0.617528,0.190233,0.836405,0.514041,-0.293706,1.336012,2.955636,-51.94806670071672,-28.178146728104743,16.17849277755622,-0.451357,-0.15689,0.017144,0.878276,0.950183,0.171742,0.26011,0.111512,0.591966,-0.798211,0.251966,1.139717,3.061986,-0.5982411823063586,17.90464026003645,9.179093597507883,0.007311,0.155524,0.079851,0.984572,0.938872,0.159511,-0.305082,-0.154963,0.987141,0.039234,F,BuildTutorial
11.657,-0.063391,1.563253,2.734542,29.953507722019697,48.25466372668707,13.76088985385325,-0.281458,-0.363782,-0.000743,-0.887943,0.735325,0.206099,-0.645617,0.203459,0.841561,0.500379,-0.291319,1.334856,2.959504,-51.68804445186185,-27.21103668216872,15.899903819526845,-0.448899,-0.151074,0.019423,0.880505,0.953599,0.169839,0.248604,0.101429,0.596225,-0.796384,0.268579,1.145661,3.052369,-1.434802276735221,20.09015229040269,9.961374801042496,0.00286,0.174821,0.087658,0.980686,0.923507,0.17293,-0.342388,-0.17093,0.984616,0.036259,F,BuildTutorial
11.69,-0.061881,1.564154,2.733484,29.530601736244776,50.10104267588582,13.713856727518442,-0.278118,-0.378941,0.002552,-0.882637,0.712794,0.206276,-0.670354,0.215286,0.845288,0.489021,-0.288685,1.33388,2.963416,-51.52384441579344,-26.335667803392532,15.636279257262752,-0.447179,-0.145687,0.021197,0.882245,0.956652,0.167698,0.238106,0.092895,0.599163,-0.79522,0.285929,1.151833,3.041045,-2.4313249692321017,22.804408445889443,10.316863787713125,-0.002942,0.19872,0.092293,0.975697,0.903985,0.17893,-0.388323,-0.181269,0.982947,0.030939,F,BuildTutorial
11.724,-0.06091,1.564821,2.732755,29.1822221070449,51.6419855172832,13.550840861344344,-0.274913,-0.391816,0.006186,-0.877989,0.692884,0.204568,-0.691421,0.226293,0.848769,0.477894,-0.285681,1.332812,2.967337,-51.270305153545586,-25.29685862347355,15.59640371270152,-0.445022,-0.138311,0.025502,0.884407,0.960439,0.168212,0.221948,0.077994,0.60261,-0.794216,0.302853,1.15716,3.028204,-3.1941415918191223,25.733548229536108,10.37149089492488,-0.00694,0.224143,0.094262,0.969962,0.881749,0.17975,-0.436128,-0.185972,0.982133,0.028794,F,BuildTutorial
11.757,-0.06011,1.565502,2.73229,28.849286515779497,52.9699965165349,13.290812619965516,-0.271447,-0.403201,0.010032,-0.873868,0.674656,0.201363,-0.710135,0.236428,0.852432,0.466328,-0.282238,1.331658,2.971246,-51.11363665521849,-24.05906913540007,15.460610760288564,-0.443389,-0.129561,0.02959,0.886422,0.964677,0.16735,0.203451,0.062433,0.605061,-0.793727,0.319032,1.16141,3.014317,-3.5518536067588764,28.55166298773455,10.214301158356374,-0.007974,0.248167,0.09384,0.964129,0.859215,0.176989,-0.480026,-0.184905,0.982261,0.0312,F,BuildTutorial
11.79,-0.059848,1.565637,2.731925,28.696731495963174,54.1086625269604,12.996186251652498,-0.26915,-0.41284,0.014349,-0.870009,0.658714,0.197265,-0.726073,0.247199,0.854705,0.456479,-0.278267,1.330441,2.975271,-51.10618664527898,-22.549892255165787,14.67595872306394,-0.442087,-0.120919,0.02936,0.888299,0.969034,0.159073,0.188865,0.054753,0.607394,-0.792512,0.334008,1.164831,2.999403,-4.0849474441052465,31.576622625861635,9.811972647032867,-0.010916,0.273848,0.091904,0.95731,0.833121,0.169983,-0.526322,-0.181941,0.982869,0.029435,F,BuildTutorial
11.823,-0.059758,1.565533,2.73157,28.654888887223883,55.11450365453159,12.716612169510164,-0.26768,-0.421192,0.018653,-0.86637,0.644499,0.193169,-0.739802,0.25781,0.855999,0.448107,-0.274122,1.329201,2.979138,-51.11220651708332,-21.129506299401868,14.056135120806328,-0.441134,-0.112277,0.030013,0.889884,0.972986,0.152475,0.173346,0.045641,0.609,-0.791856,0.347685,1.167282,2.983747,-4.4875986956058895,34.53049399501842,9.521050564185906,-0.012646,0.298648,0.090771,0.949953,0.80514,0.164904,-0.569698,-0.180011,0.983201,0.030191,F,BuildTutorial
11.856,-0.059542,1.565428,2.731398,28.603712595897093,56.02365214250322,12.33864165754522,-0.265736,-0.429025,0.02341,-0.863003,0.63078,0.187609,-0.752941,0.26842,0.857672,0.438576,-0.270144,1.327662,2.982915,-50.8233552404379,-20.084507426278623,14.358597470733471,-0.438916,-0.103461,0.036913,0.891788,0.975866,0.156659,0.152127,0.024984,0.61198,-0.790479,0.359404,1.168263,2.968109,-4.4912908674016485,37.13677346608221,10.13295766313383,-0.008899,0.320229,0.096079,0.942414,0.776445,0.175393,-0.605286,-0.186791,0.981379,0.044762,F,BuildTutorial
11.89,-0.059297,1.565365,2.731355,28.538057529950745,56.88761342333801,11.899159635333184,-0.263401,-0.436652,0.028434,-0.859736,0.617053,0.181137,-0.765791,0.278922,0.859622,0.42808,-0.265801,1.325927,2.986852,-50.39748968713808,-18.676811142823116,14.079241239512026,-0.434944,-0.094229,0.040858,0.894581,0.978903,0.155071,0.133049,0.008867,0.618308,-0.785886,0.370149,1.168624,2.952121,-4.516531748541671,39.804268380926665,10.2527537111055,-0.006509,0.3421,0.097311,0.934588,0.746996,0.177439,-0.640713,-0.186346,0.980976,0.054415,F,BuildTutorial
11.923,-0.059054,1.565054,2.731268,28.56841007488858,57.757750794040874,11.551960599490648,-0.262054,-0.443909,0.033157,-0.856255,0.60369,0.175875,-0.777577,0.289438,0.860457,0.419333,-0.261252,1.324281,2.990231,-50.35965503223797,-17.221842799610595,13.489310953276572,-0.433667,-0.085154,0.041826,0.896065,0.981999,0.148815,0.11633,-0.001101,0.620368,-0.78431,0.379689,1.169118,2.937235,-4.558410500722695,41.82457105286281,10.069192640699846,-0.005707,0.35854,0.096052,0.928542,0.724446,0.174284,-0.666936,-0.182469,0.981483,0.058278,F,BuildTutorial
11.956,-0.0586,1.564445,2.731057,28.702914328781382,58.52510636088681,11.331477051878608,-0.261934,-0.449897,0.037131,-0.852998,0.592429,0.172342,-0.786973,0.299032,0.860023,0.413449,-0.257107,1.322821,2.993046,-50.328585931571965,-16.308616927504705,13.25617455693406,-0.432921,-0.078936,0.043504,0.896915,0.983753,0.146384,0.10393,-0.009693,0.621374,-0.783454,0.387623,1.168985,2.923552,-4.18169485982366,42.758467260963045,10.534852568338046,-0.000386,0.365877,0.098674,0.925417,0.712795,0.182347,-0.677254,-0.182912,0.980527,0.071491,F,BuildTutorial
11.99,-0.0576,1.564135,2.730746,28.800709647771782,59.16812238448569,11.284244813764865,-0.262239,-0.454609,0.039375,-0.8503,0.58356,0.171471,-0.79376,0.305394,0.85936,0.410164,-0.253049,1.321223,2.995653,-49.910606951600435,-15.426594127246704,13.23588862209383,-0.429332,-0.07269,0.047293,0.898974,0.984959,0.147446,0.090084,-0.022614,0.626876,-0.778791,0.396401,1.169293,2.910224,-3.895628477360103,44.42726588436946,10.5288184980484,0.003334,0.379136,0.097689,0.920164,0.693426,0.182308,-0.697083,-0.177252,0.980892,0.080211,F,BuildTutorial
12.023,-0.056079,1.56398,2.73062,28.852899866548892,59.678554318625814,11.313671311904017,-0.262554,-0.458231,0.040553,-0.848201,0.57676,0.171826,-0.798639,0.309415,0.858842,0.408231,-0.248569,1.319833,2.997776,-49.54873977936987,-14.324699889281655,12.930408021377174,-0.425879,-0.06567,0.049524,0.901034,0.98647,0.145181,0.076158,-0.033312,0.632348,-0.773968,0.40611,1.170827,2.89812,-4.130174220933667,46.74633547432337,10.592820411236566,0.00366,0.397821,0.098913,0.912108,0.663909,0.183351,-0.724988,-0.177527,0.980406,0.085376,F,BuildTutorial
12.067,-0.053966,1.564118,2.7305,28.93510963537435,60.08559479138308,11.298748614998638,-0.262938,-0.461127,0.041957,-0.846443,0.571203,0.171468,-0.8027,0.313525,0.858206,0.406429,-0.244335,1.319115,2.998425,-49.519403567945226,-13.68912608931841,12.59068025228112,-0.425188,-0.061971,0.049252,0.901637,0.987468,0.141514,0.069868,-0.036116,0.633579,-0.772835,0.415749,1.172731,2.887453,-4.435105977629241,48.59137063988236,10.894420776010172,0.003921,0.412629,0.102305,0.905128,0.638542,0.188434,-0.746161,-0.181962,0.979037,0.091527,F,BuildTutorial
12.089,-0.051162,1.564461,2.7302,29.039348499629636,60.39502695162352,11.192168346183392,-0.263139,-0.463467,0.043913,-0.845002,0.56654,0.169699,-0.806371,0.318126,0.857659,0.404002,-0.240822,1.318774,2.998307,-49.446246792966186,-13.50605799139405,12.64974879187744,-0.424571,-0.060406,0.050493,0.901965,0.987603,0.142378,0.066092,-0.039792,0.63438,-0.771996,0.424874,1.174586,2.879521,-4.217290614613187,49.53163911954464,10.855364532534155,0.006337,0.41991,0.101176,0.901886,0.626878,0.187821,-0.75614,-0.177177,0.979446,0.096401,F,BuildTutorial
12.123,-0.047629,1.564834,2.730157,29.150406078268,60.57203288593215,10.91952585158503,-0.262759,-0.465197,0.046819,-0.844013,0.5628,0.165437,-0.809869,0.323501,0.857532,0.399983,-0.237187,1.318297,2.997952,-49.14204549000849,-13.089519786370593,12.757400593486588,-0.42207,-0.05712,0.053279,0.903192,0.987797,0.14446,0.058205,-0.048026,0.638037,-0.768507,0.435299,1.177494,2.873199,-4.197062879686584,50.54886536766771,10.576062539583864,0.006351,0.427904,0.098852,0.89838,0.614254,0.183048,-0.767584,-0.172178,0.980376,0.09601,F,BuildTutorial
12.156,-0.043317,1.565213,2.73006,29.171431328352273,60.69263648425689,10.565543690750156,-0.261419,-0.466857,0.049794,-0.843342,0.55913,0.160105,-0.813474,0.328077,0.858362,0.394438,-0.233664,1.317974,2.997306,-49.05228525661669,-12.639838435750018,12.497126662125044,-0.421035,-0.054646,0.052996,0.903845,0.988411,0.141816,0.054158,-0.049783,0.639843,-0.766892,0.447109,1.181116,2.86859,-4.062621999211261,51.42386308476114,9.954672981763306,0.005802,0.43471,0.093442,0.895691,0.604592,0.172435,-0.777647,-0.162346,0.98247,0.091634,F,BuildTutorial
12.19,-0.038113,1.565568,2.73008,29.10932848509935,60.73036850797562,10.169822350243177,-0.259343,-0.468143,0.052517,-0.843104,0.556168,0.154265,-0.816627,0.331373,0.859967,0.388136,-0.230914,1.317958,2.996491,-49.18783329144392,-12.511908536774763,11.903443301072326,-0.42175,-0.055653,0.048615,0.903696,0.989079,0.13481,0.059579,-0.040924,0.639527,-0.767678,0.460539,1.185047,2.865372,-3.9454716047234175,51.85696524362615,9.275862134450316,0.004477,0.438062,0.087679,0.894647,0.600828,0.160806,-0.783038,-0.152961,0.984585,0.084828,F,BuildTutorial
12.223,-0.032223,1.565684,2.730294,29.08080031034945,60.72597861322536,9.782035489241554,-0.257555,-0.469035,0.055234,-0.842983,0.55391,0.148482,-0.819229,0.334728,0.861229,0.382416,-0.228115,1.317547,2.996089,-49.07682446797173,-12.210310905722736,11.284391427282747,-0.420459,-0.05568,0.044974,0.904484,0.989754,0.128178,0.062904,-0.034534,0.642384,-0.765605,0.475948,1.190583,2.863121,-4.581610462138297,53.08424658312269,9.211719640391587,0.000211,0.447928,0.089584,0.88957,0.582671,0.159571,-0.796889,-0.159192,0.98395,0.08063,F,BuildTutorial
12.257,-0.025054,1.565904,2.730695,28.98394441762291,60.63487717134296,9.467931847843625,-0.255619,-0.469234,0.056914,-0.84335,0.55316,0.143893,-0.820554,0.335888,0.862839,0.377741,-0.225427,1.31678,2.995725,-48.75823506333175,-12.042102922507972,10.969506921894723,-0.417748,-0.055868,0.043479,0.905801,0.989977,0.125445,0.064883,-0.03209,0.647193,-0.761651,0.493805,1.195598,2.862111,-4.906575307030387,54.79703057173845,9.805608462448555,0.001429,0.461321,0.095435,0.882085,0.556151,0.169681,-0.813575,-0.167045,0.98178,0.090573,F,BuildTutorial
12.289,-0.016948,1.565885,2.731148,28.894247982049293,60.468930160741415,9.174489766149623,-0.253857,-0.468816,0.058311,-0.844019,0.553624,0.139593,-0.820984,0.336455,0.864313,0.373846,-0.22271,1.316149,2.9953,-48.61254268537347,-12.05649342198844,10.327731104211772,-0.416291,-0.058479,0.038521,0.906531,0.990193,0.118531,0.073954,-0.021153,0.650435,-0.759267,0.51207,1.199595,2.862747,-4.541244595871798,56.257091902825074,9.514241208950564,0.004248,0.472356,0.091694,0.876615,0.536944,0.164775,-0.82737,-0.156748,0.983148,0.094073,F,BuildTutorial
12.322,-0.007841,1.565733,2.731537,28.96536423004053,60.30741029209843,8.931567615150106,-0.253459,-0.468045,0.060055,-0.844444,0.554654,0.135834,-0.820919,0.338687,0.864304,0.371847,-0.219908,1.315516,2.994336,-48.49271867140363,-12.357167230877703,9.413049123050882,-0.414951,-0.064303,0.03033,0.907062,0.989891,0.108388,0.091482,-0.001658,0.653792,-0.756673,0.530659,1.203053,2.864671,-4.010195720530746,57.28420488738633,8.495773577326052,0.004861,0.480002,0.081693,0.873442,0.52585,0.147375,-0.837713,-0.138041,0.986605,0.086918,F,BuildTutorial
12.356,0.002366,1.565423,2.731906,28.975579308779853,60.114641909302954,8.684819565539712,-0.252628,-0.467152,0.061493,-0.845084,0.555976,0.132097,-0.820635,0.339965,0.864796,0.36953,-0.216738,1.315025,2.992853,-48.32437641620261,-12.802172074922536,8.803216508492545,-0.413376,-0.070202,0.024087,0.90753,0.988983,0.101759,0.107508,0.014321,0.65708,-0.753685,0.548909,1.206977,2.868988,-3.701032627877023,57.55814250965325,9.214239561448052,0.010438,0.481901,0.085861,0.871946,0.520798,0.159793,-0.838591,-0.139672,0.985038,0.100956,F,BuildTutorial
12.39,0.013804,1.565272,2.732852,28.80405805315486,59.79685619933685,8.350096307980884,-0.250199,-0.46582,0.06252,-0.846465,0.558205,0.127254,-0.819886,0.338938,0.866983,0.365324,-0.213419,1.314738,2.990878,-48.391573808033286,-13.552328266901409,8.589386165812561,-0.41391,-0.076845,0.019607,0.906857,0.987421,0.099175,0.123143,0.028052,0.656588,-0.753727,0.56715,1.210575,2.8748,-3.4402000424632972,57.54285259286281,10.081736458192625,0.016063,0.481551,0.091376,0.871494,0.519518,0.174738,-0.836402,-0.143798,0.982785,0.116002,F,BuildTutorial
12.423,0.026647,1.565,2.734151,28.6188039550362,59.372600280741125,8.076222384538582,-0.247979,-0.463574,0.062822,-0.848327,0.562304,0.123325,-0.817682,0.336501,0.86912,0.362488,-0.209781,1.314276,2.9888,-48.568227730740254,-14.541866641061354,7.87170937498716,-0.414911,-0.087089,0.010136,0.905628,0.984626,0.090626,0.149329,0.05391,0.655493,-0.753275,0.584542,1.213813,2.882788,-3.313491687908951,56.923623863310056,10.20834118312166,0.017065,0.476746,0.091905,0.874057,0.528534,0.176932,-0.830269,-0.144388,0.982525,0.117463,F,BuildTutorial
12.456,0.04096,1.565255,2.736039,28.57453751420853,58.98634387700387,8.021094656088698,-0.247646,-0.460901,0.062205,-0.849925,0.567402,0.122542,-0.814272,0.334019,0.869604,0.36362,-0.205667,1.313857,2.986893,-48.520424067841674,-15.706903317016392,7.098874905027436,-0.413959,-0.099135,-0.000122,0.904881,0.980345,0.081854,0.179511,0.082296,0.657276,-0.749144,0.602002,1.216642,2.89251,-2.9877525164106555,55.973802403807376,9.401642460097564,0.015501,0.469419,0.084537,0.878783,0.544999,0.163132,-0.822413,-0.134026,0.985227,0.10661,F,BuildTutorial
12.49,0.056588,1.566558,2.738738,28.659673847377885,58.618103767036075,8.095753982940659,-0.248763,-0.457872,0.061217,-0.851307,0.573212,0.123574,-0.810036,0.332032,0.868739,0.367488,-0.201272,1.313407,2.985537,-48.09636614165257,-17.229757267116028,6.870891211986017,-0.41038,-0.112401,-0.006826,0.904935,0.974639,0.0799,0.209035,0.104609,0.663084,-0.741199,0.619857,1.220135,2.902212,-3.481034629109255,55.74057388890148,8.770739087833563,0.008957,0.467941,0.081721,0.879928,0.548706,0.1522,-0.822044,-0.135435,0.986483,0.092245,F,BuildTutorial
12.523,0.073054,1.567534,2.742147,28.733931318740908,58.21225358727891,8.011380105494721,-0.249185,-0.454921,0.061278,-0.85276,0.578584,0.122208,-0.806415,0.33123,0.868304,0.369236,-0.196609,1.313014,2.984545,-47.04110474122908,-19.09250523078266,6.871052865833109,-0.401957,-0.128208,-0.01188,0.906561,0.966843,0.081528,0.242008,0.124609,0.676578,-0.725751,0.637661,1.221938,2.912557,-3.6109299891822513,55.59527284221487,9.60116553259344,0.011236,0.466816,0.088635,0.87983,0.548454,0.166457,-0.819445,-0.145476,0.984035,0.102524,F,BuildTutorial
12.557,0.090549,1.568008,2.746294,28.714042321899715,57.72007803805636,7.880596993654272,-0.248785,-0.451569,0.061099,-0.854668,0.584705,0.120248,-0.802285,0.329127,0.868745,0.370077,-0.190865,1.312812,2.983541,-45.9938477582252,-20.66299777730312,6.8696288010093065,-0.393548,-0.141766,-0.015683,0.908172,0.959313,0.083098,0.269839,0.140068,0.689748,-0.710372,0.655774,1.222128,2.924572,-2.9330549842117923,54.80715870195199,10.7936679906751,0.020654,0.460202,0.095199,0.882454,0.558302,0.187028,-0.808282,-0.149007,0.981021,0.124075,F,BuildTutorial
12.589,0.109088,1.567929,2.75148,28.63887240274381,57.16467961649339,7.89468896245318,-0.248582,-0.447507,0.059474,-0.856976,0.5924,0.120549,-0.796574,0.32442,0.86934,0.372827,-0.184136,1.312481,2.983061,-45.22790736958417,-21.38455277938404,6.193690911640464,-0.386545,-0.150607,-0.022233,0.909619,0.953646,0.075987,0.291178,0.156879,0.700177,-0.69652,0.673481,1.221169,2.936977,-1.990771508598096,54.16920065298212,11.08244389573794,0.028564,0.454603,0.093832,0.885277,0.569063,0.192106,-0.799539,-0.140165,0.980759,0.135888,F,BuildTutorial
12.622,0.12846,1.567095,2.757435,28.604120898299183,56.63998982607144,8.019743323247036,-0.24908,-0.44336,0.057254,-0.859135,0.600308,0.122486,-0.790334,0.319242,0.869362,0.377219,-0.176117,1.312028,2.983502,-44.596331834814634,-21.352501208616133,4.606738268457773,-0.379446,-0.156282,-0.033694,0.911296,0.948881,0.057192,0.310408,0.180011,0.709771,-0.681045,0.691658,1.22087,2.949601,-2.292280860715797,54.17705682717613,11.142879063881905,0.026477,0.454854,0.095485,0.885037,0.567981,0.193102,-0.800068,-0.14493,0.980363,0.133729,F,BuildTutorial
12.655,0.148334,1.565802,2.763938,28.80567752941289,56.19181001680559,8.289885915123158,-0.251823,-0.439094,0.055078,-0.860667,0.608326,0.126341,-0.783567,0.315956,0.867103,0.385103,-0.167369,1.31178,2.98471,-43.89981059711008,-20.748684027549444,2.63769943129011,-0.371432,-0.158518,-0.046296,0.913656,0.945458,0.03316,0.324053,0.202354,0.71979,-0.664045,0.710043,1.218509,2.961849,-1.508813013235582,54.7077708654034,10.329148409055936,0.029711,0.458633,0.08597,0.883959,0.564531,0.179241,-0.805716,-0.124735,0.983453,0.131384,F,BuildTutorial
12.691,0.168419,1.56396,2.771215,28.94857232401925,55.724954189114754,8.567820053432435,-0.254155,-0.434747,0.052543,-0.862346,0.616469,0.130366,-0.776512,0.311606,0.865289,0.392653,-0.158485,1.312195,2.986557,-42.97852688066506,-20.277219198557393,0.8345712083435968,-0.36179,-0.161163,-0.057812,0.916402,0.941369,0.010656,0.337212,0.222573,0.731532,-0.644455,0.727625,1.213484,2.974603,-0.3111958039422279,54.74981993431579,9.492332941299535,0.035642,0.458432,0.07472,0.884865,0.568514,0.164914,-0.805975,-0.099556,0.986293,0.131586,F,BuildTutorial
12.722,0.188158,1.561535,2.778626,29.323583605910887,55.351301954229754,8.827145296671143,-0.258069,-0.430759,0.051282,-0.86326,0.623633,0.133792,-0.770183,0.31087,0.861541,0.401381,-0.15013,1.313177,2.988242,-42.19332172015391,-20.670488929257314,-0.0228056490547895,-0.354069,-0.167453,-0.064759,0.917824,0.935532,-0.000294,0.353242,0.237453,0.740884,-0.628258,0.742426,1.206305,2.987844,0.3318541095651038,54.01327322155201,9.746567896101007,0.041147,0.452231,0.074378,0.887841,0.57991,0.169287,-0.796898,-0.094855,0.98555,0.140335,F,BuildTutorial
12.756,0.207087,1.558872,2.786245,29.802594891211655,55.12141495777623,9.163793387073632,-0.262963,-0.427488,0.050165,-0.863475,0.629476,0.138194,-0.764633,0.311459,0.856668,0.411233,-0.14205,1.31458,2.989971,-41.54643918804877,-21.44800615013089,-0.5641173780891319,-0.347615,-0.175695,-0.070518,0.918326,0.928317,-0.007369,0.371718,0.251667,0.748382,-0.613668,0.755626,1.197227,3.001479,1.6079388620063246,52.761732905034194,10.578176128615908,0.053472,0.441242,0.076365,0.892533,0.598948,0.183504,-0.779479,-0.089128,0.982619,0.162841,F,BuildTutorial
12.789,0.22472,1.555345,2.793618,30.214371557496666,55.050681702015495,9.418903269391366,-0.266976,-0.425687,0.049746,-0.863157,0.632632,0.141418,-0.761431,0.313174,0.852499,0.418531,-0.133349,1.316255,2.992025,-41.084341890936415,-21.902006953824873,-1.3910762625123252,-0.342322,-0.182059,-0.077815,0.918485,0.921599,-0.018299,0.387713,0.26759,0.753522,-0.600501,0.767377,1.186502,3.012919,3.145542201455342,52.017955109292686,11.05755152461929,0.066785,0.433931,0.074576,0.895367,0.612285,0.191507,-0.767094,-0.075586,0.979956,0.184317,F,BuildTutorial
12.823,0.240398,1.551432,2.800372,30.80440371994056,55.030290205259426,9.577890290539411,-0.271913,-0.424171,0.050888,-0.862295,0.634979,0.142915,-0.759195,0.318435,0.846948,0.425768,-0.124131,1.318196,2.993985,-40.94601006303917,-21.591342439536824,-2.3858195399243822,-0.339848,-0.182591,-0.084658,0.918693,0.918987,-0.031443,0.393031,0.279656,0.754673,-0.593516,0.777936,1.174824,3.022838,4.732477251455578,51.65902940512583,11.783902632320308,0.081653,0.429209,0.074425,0.896423,0.620481,0.203525,-0.757351,-0.063341,0.975588,0.210278,F,BuildTutorial
12.856,0.254231,1.54714,2.80668,31.363599326537233,54.99590268623354,9.89171731631562,-0.277191,-0.422205,0.050707,-0.86159,0.638344,0.146685,-0.755646,0.32144,0.841188,0.434832,-0.114326,1.320374,2.995376,-41.17232104357696,-20.49562275480149,-4.053379764725839,-0.3399,-0.178678,-0.095094,0.918422,0.918062,-0.053207,0.392849,0.296138,0.750851,-0.59036,0.786768,1.163249,3.031893,5.947075574798949,51.45092557385443,12.090704229336,0.092125,0.426143,0.072358,0.89704,0.626334,0.208333,-0.751202,-0.0513,0.972555,0.226949,F,BuildTutorial
12.889,0.266015,1.543103,2.812376,31.99950472844851,54.82985276052688,10.21561852913784,-0.283111,-0.419054,0.050436,-0.861219,0.6437,0.150405,-0.750353,0.324151,0.834609,0.44537,-0.104817,1.322766,2.996056,-41.66214227212165,-18.96316384290277,-5.95755423314814,-0.342281,-0.171982,-0.106407,0.917575,0.918199,-0.07754,0.388455,0.313005,0.743042,-0.591537,0.793674,1.15257,3.039857,7.003487112904571,50.96796013750161,12.284137268740276,0.100769,0.421091,0.070275,0.89866,0.635488,0.211172,-0.742672,-0.04144,0.969814,0.240298,F,BuildTutorial
12.923,0.275823,1.539417,2.817327,32.699128736113465,54.583554894034506,10.550492055537465,-0.289554,-0.415117,0.050124,-0.861002,0.650331,0.154084,-0.743861,0.326711,0.827293,0.456998,-0.096024,1.325194,2.996069,-42.10855283960442,-17.270096286232988,-7.884068363022143,-0.344707,-0.164203,-0.117241,0.916771,0.918584,-0.101764,0.3819,0.328171,0.734863,-0.593532,0.79956,1.14242,3.046098,7.907474627059018,50.93681184706521,12.489801380175082,0.108546,0.419673,0.0685,0.898555,0.638365,0.21421,-0.739327,-0.031995,0.967051,0.252565,F,BuildTutorial
12.956,0.283986,1.536262,2.821378,33.28822472818966,54.18636391194139,10.771316845847302,-0.294826,-0.410497,0.049815,-0.861445,0.658021,0.156226,-0.736615,0.327876,0.821192,0.467056,-0.088539,1.327408,2.995592,-42.58312841735475,-15.543296012028904,-9.85037687844934,-0.347633,-0.156419,-0.128181,0.915562,0.918205,-0.125962,0.375543,0.343468,0.725442,-0.596459,0.804857,1.133568,3.051155,8.579982384760484,51.068650424070825,11.8440312973636,0.111487,0.420586,0.060764,0.898324,0.63883,0.202952,-0.742096,-0.015393,0.967757,0.251416,F,BuildTutorial
12.99,0.29068,1.534065,2.824628,33.75763032747752,53.692989712121566,10.72900682457662,-0.298322,-0.406035,0.050726,-0.862303,0.665125,0.154776,-0.730516,0.329741,0.816862,0.473295,-0.08276,1.329325,2.99438,-43.28167085920405,-14.264242698534632,-11.667799302426276,-0.352308,-0.152004,-0.1393,0.912891,0.914981,-0.147226,0.37568,0.361436,0.71295,-0.600889,0.808781,1.12598,3.05507,9.418678071049712,50.89829345559018,11.510706193387826,0.116707,0.418666,0.055143,0.89892,0.643356,0.196861,-0.739824,-0.001416,0.966678,0.255993,F,BuildTutorial
13.022,0.296104,1.532442,2.827491,34.050316728389944,53.160668721871865,10.389211663165854,-0.299507,-0.402379,0.053051,-0.863466,0.670554,0.149416,-0.726659,0.332645,0.814963,0.474534,-0.078192,1.330537,2.993916,-43.45544899026665,-13.19485486337423,-12.802325438755927,-0.353553,-0.147064,-0.14515,0.912307,0.914608,-0.160853,0.370971,0.368832,0.707863,-0.602406,0.812722,1.118874,3.05839,10.119263145584426,50.5422124069027,10.881345852144774,0.119712,0.415761,0.047927,0.900286,0.649693,0.185838,-0.737132,0.013248,0.966744,0.255402,F,BuildTutorial
13.056,0.300921,1.531025,2.829738,34.1926385695143,52.60511720637316,10.03748512952345,-0.299583,-0.398852,0.054807,-0.864964,0.675827,0.144166,-0.722824,0.333791,0.814492,0.474537,-0.075348,1.330783,2.994219,-43.276398491289065,-12.639325689332106,-13.304663111290774,-0.352183,-0.144087,-0.147343,0.91296,0.915058,-0.167547,0.366874,0.370527,0.708514,-0.600598,0.816252,1.112484,3.060524,10.684861570714451,50.48636568886409,11.318841533669204,0.125679,0.414234,0.049297,0.900103,0.65196,0.192866,-0.733315,0.015376,0.963549,0.267089,F,BuildTutorial
13.089,0.305439,1.529713,2.831846,34.25982615611267,52.17816581285131,9.8052630417933,-0.299478,-0.396115,0.055705,-0.866201,0.67998,0.140751,-0.719594,0.333758,0.81442,0.474684,-0.073584,1.330092,2.995233,-42.9363585028701,-12.791163138530962,-13.859899993816612,-0.348542,-0.14679,-0.152056,0.913154,0.910664,-0.175376,0.374079,0.380025,0.710795,-0.591905,0.819974,1.106884,3.062568,11.404330361207949,50.5273562448235,12.486134981985884,0.135503,0.412383,0.055706,0.899153,0.653674,0.211935,-0.726494,0.011581,0.957072,0.28962,F,BuildTutorial
13.123,0.309786,1.528167,2.833719,34.324468660105964,51.895051913366736,9.721425999497978,-0.299803,-0.394079,0.055847,-0.867007,0.683166,0.139452,-0.716825,0.333132,0.813999,0.475846,-0.072506,1.329232,2.996588,-42.69314238270971,-12.960038719767663,-14.406540396240276,-0.345648,-0.149636,-0.156798,0.91299,0.906047,-0.182866,0.381627,0.389752,0.711885,-0.584221,0.823965,1.102574,3.064291,11.68984373798703,50.528932547392245,13.333850643578089,0.140765,0.411015,0.061277,0.898608,0.654623,0.225842,-0.721432,0.005584,0.952861,0.303357,F,BuildTutorial
13.156,0.314062,1.526398,2.836205,34.188886571101754,51.543572704348165,9.629820307932132,-0.298658,-0.391894,0.055105,-0.868439,0.686766,0.138374,-0.713587,0.329795,0.815534,0.475542,-0.071573,1.328119,2.998271,-42.19841596725136,-13.04835246008148,-14.983787297271808,-0.340778,-0.151733,-0.16141,0.913671,0.901848,-0.191537,0.387277,0.398366,0.715634,-0.573736,0.828372,1.099917,3.065837,11.481842099611924,50.57427115957638,13.149737093648843,0.138515,0.411861,0.060563,0.898619,0.653405,0.222944,-0.723435,0.005252,0.954292,0.298831,F,BuildTutorial
13.189,0.318314,1.524392,2.838419,34.41796392329483,51.17511550992359,9.73542609419117,-0.300887,-0.388424,0.05421,-0.869284,0.692377,0.139496,-0.707924,0.327991,0.813057,0.481,-0.070993,1.32749,3.000035,-41.68847005528348,-13.636331379672685,-14.872715567825194,-0.335981,-0.155743,-0.161987,0.91467,0.899009,-0.191676,0.393755,0.400982,0.721754,-0.564167,0.832938,1.097524,3.067366,11.22655575029466,51.1392188612061,12.692837645094558,0.135174,0.417152,0.057277,0.896901,0.645408,0.21552,-0.732803,0.010032,0.956895,0.290261,F,BuildTutorial
13.223,0.322333,1.522505,2.840491,34.85062254744286,50.89194146287946,10.01320657877418,-0.305156,-0.384779,0.052988,-0.869493,0.698275,0.142689,-0.701464,0.326981,0.808144,0.489884,-0.070189,1.327303,3.001297,-41.28024029042025,-14.449165745689283,-14.370782802446556,-0.332232,-0.160503,-0.160104,0.915548,0.897211,-0.186518,0.400279,0.399815,0.727977,-0.556955,0.83697,1.095305,3.067987,10.709220705747402,51.99672213645035,12.616617688274726,0.131323,0.424574,0.05767,0.893961,0.632823,0.214623,-0.743957,0.008402,0.958857,0.283765,F,BuildTutorial
13.256,0.326233,1.520593,2.84249,35.20458925563003,50.73245621842654,10.057188599935344,-0.307993,-0.382821,0.05356,-0.869321,0.701159,0.14269,-0.698581,0.328935,0.804543,0.494482,-0.068617,1.32706,3.003067,-40.7124218124045,-14.753761209896624,-14.34509659687608,-0.327247,-0.162508,-0.160405,0.916936,0.895723,-0.187801,0.403002,0.400522,0.73436,-0.547995,0.839809,1.09164,3.069359,11.005122034516754,52.21138377166958,12.799796381383546,0.134394,0.425673,0.057703,0.892979,0.630947,0.217471,-0.744724,0.01136,0.957218,0.289147,F,BuildTutorial
13.289,0.330153,1.518773,2.844569,35.36883439937918,50.61731531146256,9.86257629468547,-0.308612,-0.382179,0.055343,-0.869273,0.701753,0.139675,-0.698594,0.332106,0.803392,0.494235,-0.065691,1.327005,3.004433,-40.47823454484859,-14.347525385250185,-14.612182611060438,-0.325544,-0.159866,-0.161234,0.917861,0.896894,-0.191893,0.398446,0.400066,0.73605,-0.546057,0.841629,1.087807,3.071032,11.5247292576695,51.713201564581645,12.40311151899749,0.136697,0.421617,0.053189,0.894832,0.63882,0.210459,-0.740011,0.020077,0.956969,0.289494,F,BuildTutorial
13.322,0.33374,1.517002,2.84656,35.5857411922783,50.47967772112119,9.826853879007402,-0.310163,-0.380846,0.056054,-0.86926,0.703629,0.138797,-0.696881,0.3337,0.801314,0.496528,-0.062848,1.327298,3.005917,-40.354884725199,-13.846980819830184,-14.813792008399664,-0.32497,-0.156344,-0.161353,0.918649,0.899043,-0.19484,0.39212,0.398068,0.736719,-0.546614,0.843604,1.084721,3.072582,11.500606764930769,51.3208609660426,12.20432156676627,0.135601,0.418816,0.052194,0.896371,0.643738,0.207154,-0.736674,0.020014,0.957776,0.286817,F,BuildTutorial
13.356,0.336624,1.515046,2.848203,35.86668078709206,50.44327654918505,9.953004822905076,-0.312675,-0.379726,0.056048,-0.868851,0.705334,0.140067,-0.6949,0.334856,0.798186,0.50077,-0.060281,1.327434,3.007651,-40.22899982462088,-13.393197655816174,-15.220625510243428,-0.324041,-0.153768,-0.163258,0.919075,0.899405,-0.200439,0.388453,0.399748,0.736688,-0.545429,0.846136,1.082481,3.072758,11.45337288887528,51.95088875617997,12.039091043128588,0.13491,0.42399,0.050341,0.894146,0.635396,0.204425,-0.744636,0.024378,0.95853,0.283947,F,BuildTutorial
13.389,0.338788,1.513016,2.849333,36.318498747901145,50.441658970406685,10.097554798567415,-0.316487,-0.378502,0.056636,-0.867966,0.707058,0.141266,-0.692902,0.337898,0.793257,0.506527,-0.057584,1.327577,3.008784,-40.35382154596259,-12.92192661444897,-15.655960799336816,-0.32515,-0.151316,-0.16548,0.918693,0.899439,-0.20565,0.385638,0.402452,0.733787,-0.547347,0.847786,1.081626,3.073142,10.692076446777566,52.02632159690104,11.327200111908937,0.126417,0.426275,0.047641,0.894449,0.632041,0.193001,-0.750517,0.022551,0.963498,0.266763,F,BuildTutorial
13.422,0.340519,1.511568,2.850619,36.564268696351654,50.320069672720464,10.06788920084555,-0.318261,-0.377217,0.057441,-0.867824,0.708816,0.14041,-0.691278,0.339804,0.790821,0.509054,-0.055197,1.327527,3.009752,-40.43583807335787,-12.536843899690048,-15.71735850493943,-0.32629,-0.148467,-0.164918,0.918855,0.90152,-0.206185,0.380461,0.399958,0.732674,-0.550657,0.847496,1.080754,3.07396,10.441088623272108,51.24181954371736,10.714796358602095,0.121891,0.42108,0.044665,0.897686,0.641393,0.182842,-0.745106,0.02246,0.966295,0.256454,F,BuildTutorial
13.455,0.341698,1.510331,2.851583,36.83766532229963,50.25886927332263,10.093861118276822,-0.320391,-0.376183,0.058092,-0.867445,0.710223,0.140268,-0.689861,0.341836,0.787949,0.512137,-0.052896,1.327026,3.010822,-40.29699522540904,-12.22272910677965,-15.933465233783451,-0.325339,-0.146451,-0.165694,0.919376,0.902195,-0.209379,0.3771,0.399963,0.733401,-0.549685,0.848276,1.079761,3.074434,10.41091448964328,51.46010516361891,10.871050612691182,0.122318,0.422655,0.045771,0.896831,0.638535,0.185495,-0.746903,0.021299,0.965887,0.258089,F,BuildTutorial
13.489,0.342362,1.509402,2.851928,37.102956837232846,50.14141756915269,10.172722553142354,-0.322662,-0.374587,0.058152,-0.86729,0.712606,0.140861,-0.687278,0.342599,0.785015,0.516117,-0.051257,1.326318,3.011958,-39.9953129216705,-11.934629586052376,-15.888726000124976,-0.323362,-0.143765,-0.164386,0.920731,0.904617,-0.209735,0.371051,0.395688,0.736828,-0.548194,0.848783,1.080292,3.074999,9.760071174310214,51.40779550882393,11.740944206188535,0.12045,0.422042,0.055122,0.896847,0.637685,0.200541,-0.743734,0.002798,0.964907,0.262577,F,BuildTutorial
13.522,0.342466,1.508801,2.851686,37.26055712021363,50.07800823725279,10.295644818347812,-0.324255,-0.37347,0.057628,-0.867213,0.714398,0.142248,-0.685129,0.342151,0.783075,0.519352,-0.050342,1.325414,3.012667,-39.5686390174576,-12.148745605220968,-14.862901405588206,-0.320874,-0.14227,-0.156539,0.923198,0.91051,-0.197732,0.363145,0.380334,0.745071,-0.547919,0.849223,1.081492,3.074915,9.228897198834895,51.49761706460605,11.393467761865022,0.115087,0.423687,0.05434,0.896823,0.635074,0.194989,-0.747436,5.5e-05,0.967604,0.252472,F,BuildTutorial
13.556,0.342315,1.508867,2.851364,37.30160356802424,49.93644890526082,10.220274728001502,-0.324383,-0.372536,0.05795,-0.867545,0.715717,0.141141,-0.68398,0.342237,0.782835,0.519657,-0.05014,1.324144,3.013393,-39.09407219921473,-12.528196748816423,-13.960566127423446,-0.317622,-0.142479,-0.150076,0.925361,0.914354,-0.18724,0.359023,0.368258,0.753187,-0.545065,0.85059,1.083721,3.074194,8.597401620664117,52.17255763674724,10.588271358900077,0.107492,0.430405,0.049817,0.894827,0.624539,0.181686,-0.759567,0.003374,0.971928,0.235256,F,BuildTutorial
13.59,0.341699,1.509469,2.850714,37.163737808979526,49.88260762559877,10.160298208843296,-0.3232,-0.372551,0.057742,-0.867994,0.715744,0.140577,-0.684068,0.341055,0.784416,0.518047,-0.0501,1.322948,3.013624,-38.87881333491859,-12.748521893265776,-13.790629002395953,-0.315791,-0.143645,-0.149194,0.92595,0.914215,-0.185569,0.360243,0.367016,0.756034,-0.541952,0.851903,1.08758,3.073334,7.653898998227151,52.83254165284803,10.644697511861958,0.100692,0.436439,0.053323,0.89249,0.613356,0.183071,-0.768296,-0.007288,0.974036,0.226277,F,BuildTutorial
13.622,0.340526,1.51034,2.849673,37.100815526238215,49.82042126839257,10.219572439922352,-0.32296,-0.372028,0.056885,-0.868364,0.716719,0.141506,-0.682854,0.339095,0.784922,0.518568,-0.050136,1.32204,3.013525,-38.92135881968225,-12.802237133739611,-13.928041208956348,-0.315895,-0.144486,-0.150476,0.925576,0.912961,-0.187269,0.362535,0.369839,0.755134,-0.541287,0.852892,1.093725,3.072753,6.0563466172149525,53.42364433653911,10.41506338950963,0.087736,0.44274,0.057316,0.890505,0.601392,0.179769,-0.778467,-0.024391,0.978035,0.207011,F,BuildTutorial
13.655,0.338866,1.511619,2.84878,36.98381255182502,49.704723818267446,10.208288511536878,-0.322118,-0.371397,0.056213,-0.868991,0.717809,0.14157,-0.681695,0.336964,0.786161,0.51808,-0.05023,1.321359,3.013182,-38.93155032104801,-12.655776193445533,-14.077499583106809,-0.315983,-0.143722,-0.151285,0.925533,0.912914,-0.189211,0.361646,0.370865,0.754536,-0.541419,0.853698,1.100522,3.071334,4.939862778557726,54.00895937998404,8.750782389384293,0.072893,0.449387,0.048399,0.889042,0.591418,0.151572,-0.791992,-0.020543,0.984688,0.17311,F,BuildTutorial
13.689,0.336682,1.51288,2.84766,36.84922558172695,49.64335366933248,10.176871585682983,-0.321053,-0.371265,0.055783,-0.869469,0.718101,0.141389,-0.681426,0.335394,0.787627,0.51687,-0.051186,1.321056,3.01295,-38.683895677990506,-12.78279726707333,-13.548551063593557,-0.314459,-0.143129,-0.147221,0.926799,0.915681,-0.182871,0.357892,0.362904,0.758883,-0.540737,0.853895,1.108134,3.0698,3.7341887089415087,54.31060527734279,7.622070414711111,0.059245,0.453226,0.044271,0.888322,0.585252,0.132357,-0.799976,-0.024951,0.98906,0.145388,F,BuildTutorial
13.722,0.333932,1.514222,2.846335,36.7273534949655,49.458292889863216,10.2019997369267,-0.320323,-0.370011,0.054626,-0.870345,0.720215,0.141959,-0.679071,0.332134,0.788818,0.517159,-0.052436,1.320927,3.012638,-38.45160368288947,-13.017087785501916,-12.926709445961109,-0.313042,-0.143178,-0.142693,0.927978,0.918278,-0.17519,0.355069,0.354473,0.763287,-0.540131,0.853361,1.116174,3.068877,2.5459669171942982,54.384310575638985,7.4554892572674065,0.049422,0.454612,0.047685,0.888038,0.582109,0.129627,-0.802712,-0.039756,0.990567,0.131133,F,BuildTutorial
13.755,0.330719,1.515649,2.844947,36.55492735489968,49.2686245784118,10.245723538279115,-0.319278,-0.36876,0.053132,-0.871352,0.722387,0.142881,-0.676567,0.328067,0.790477,0.517222,-0.0544,1.321524,3.012014,-38.72401966775775,-13.302409657311648,-12.54976809973911,-0.315388,-0.144612,-0.140593,0.927282,0.918643,-0.16952,0.356874,0.351955,0.761529,-0.544244,0.851492,1.124361,3.068574,1.6026132138003495,54.00203477657441,7.559946357813191,0.042361,0.452153,0.052398,0.889392,0.585623,0.131512,-0.799844,-0.054898,0.99092,0.122735,F,BuildTutorial
13.789,0.326974,1.517063,2.843459,36.39998104954251,48.99725359262101,10.299561227977543,-0.318427,-0.366825,0.051401,-0.872583,0.725595,0.143911,-0.672906,0.323318,0.791924,0.517998,-0.056291,1.321998,3.011155,-39.02431235399935,-13.501075655939122,-12.254892996835531,-0.31797,-0.145568,-0.13895,0.926498,0.919006,-0.164901,0.358101,0.350046,0.759176,-0.548744,0.849394,1.133639,3.067874,0.4166762493794921,53.74337772613835,6.89965331180784,0.030436,0.450977,0.052036,0.890498,0.587824,0.120127,-0.80002,-0.065224,0.992732,0.10114,F,BuildTutorial
13.822,0.322961,1.518777,2.841784,36.1077086105084,48.82227211746617,10.335120045538428,-0.31645,-0.365919,0.049581,-0.873788,0.72729,0.144943,-0.670851,0.318237,0.794803,0.516734,-0.05825,1.321944,3.010565,-39.12788173611517,-13.71883595996212,-12.018039134573549,-0.318854,-0.146724,-0.137709,0.926197,0.919017,-0.161525,0.359609,0.348658,0.758737,-0.550232,0.846985,1.143754,3.067182,-1.0502291343686905,53.677829883522705,6.481881885305969,0.017359,0.451205,0.054574,0.890581,0.586872,0.112871,-0.801774,-0.081541,0.993441,0.080168,F,BuildTutorial
13.856,0.318554,1.5204,2.839779,35.91734492694751,48.68303675169587,10.479460728024856,-0.315555,-0.3648,0.047404,-0.874699,0.729348,0.147301,-0.668097,0.313157,0.796355,0.517447,-0.060893,1.321679,3.010353,-39.05912720480785,-14.09665895163016,-11.402027885098194,-0.318638,-0.148032,-0.133732,0.926646,0.920405,-0.153506,0.359571,0.342181,0.761171,-0.550936,0.843972,1.153361,3.066276,-2.1958960225709303,53.68109733103541,6.368118563394439,0.008003,0.451679,0.058189,0.890245,0.585201,0.110834,-0.803278,-0.096375,0.9931,0.066814,F,BuildTutorial
13.889,0.3137,1.522094,2.837635,35.736503465620004,48.37048536163925,10.58554973075105,-0.314673,-0.362445,0.045079,-0.876118,0.733203,0.149114,-0.66346,0.307092,0.797898,0.518703,-0.063451,1.321049,3.009777,-38.91089989696489,-14.574771795614046,-10.488025807523782,-0.318069,-0.149299,-0.127555,0.927508,0.922879,-0.141643,0.358095,0.331592,0.765123,-0.551936,0.840491,1.16234,3.064993,-2.9356684624907823,53.75610127353921,5.81925009007188,0.000122,0.452522,0.056828,0.889941,0.583988,0.101258,-0.805422,-0.101037,0.993541,0.051649,F,BuildTutorial
13.922,0.308244,1.523587,2.835366,35.6770274362651,48.09280041695784,10.72683228123196,-0.314782,-0.360039,0.043021,-0.877173,0.737042,0.151194,-0.658719,0.302142,0.798122,0.521259,-0.065487,1.320181,3.009133,-38.78144732648224,-14.759997150314652,-10.023837100707304,-0.317414,-0.149465,-0.124208,0.92816,0.924466,-0.135685,0.356305,0.325453,0.767642,-0.552092,0.835767,1.171379,3.064234,-3.834433022540668,53.469513975056216,5.144470061752506,-0.009671,0.450497,0.055094,0.891024,0.588034,0.089466,-0.803873,-0.106894,0.993742,0.032404,F,BuildTutorial
13.956,0.302374,1.525107,2.833228,35.55171077890041,47.61829768524104,10.71889292856382,-0.313997,-0.356649,0.041331,-0.878919,0.742186,0.15132,-0.652887,0.296628,0.799395,0.522475,-0.067757,1.319532,3.00817,-38.82241198021837,-14.952976789845144,-9.485399064321214,-0.318245,-0.149548,-0.120415,0.928362,0.926271,-0.128391,0.354313,0.318763,0.768441,-0.554877,0.830206,1.180291,3.063653,-5.0502986654736635,52.862395648621224,5.281800682332714,-0.018921,0.446036,0.06081,0.892746,0.594708,0.091696,-0.798696,-0.125454,0.991888,0.020463,F,BuildTutorial
13.989,0.295931,1.526791,2.831184,35.34205855150588,47.171074081408854,10.761478789081224,-0.312718,-0.353471,0.039036,-0.880762,0.747068,0.152311,-0.647063,0.289837,0.801367,0.523264,-0.069956,1.31889,3.006742,-38.89012012511468,-15.17654730378344,-8.826660389975967,-0.319427,-0.149545,-0.115757,0.928549,0.928473,-0.119435,0.351672,0.31051,0.769133,-0.558586,0.823911,1.188147,3.06256,-5.769947055036513,52.330795543229314,5.2922276078291395,-0.024793,0.442021,0.063554,0.894407,0.601156,0.091768,-0.793845,-0.135604,0.990692,0.011835,F,BuildTutorial
14.023,0.288707,1.528337,2.828966,35.26230987161253,46.54311518646587,10.898372681915436,-0.312745,-0.348406,0.035988,-0.882898,0.754637,0.154377,-0.637724,0.281471,0.801791,0.527167,-0.072354,1.318382,3.005459,-38.901107030855776,-15.3288389896607,-8.288499818123896,-0.320067,-0.14928,-0.11183,0.928852,0.930419,-0.112188,0.348905,0.303307,0.770102,-0.561202,0.817359,1.196076,3.060648,-6.680579221237505,52.22954619130728,5.127164952160406,-0.032611,0.441323,0.065715,0.894344,0.601831,0.08876,-0.793676,-0.146328,0.989236,-0.000328,F,BuildTutorial
14.056,0.280879,1.529972,2.826735,35.17922882644604,45.795931640688615,10.867199344639593,-0.312254,-0.342872,0.033902,-0.885317,0.762579,0.154098,-0.628273,0.274155,0.802696,0.529639,-0.075254,1.318037,3.004091,-38.97066346162582,-15.490010705655305,-7.690255923111388,-0.321259,-0.148925,-0.107494,0.92901,0.932533,-0.104039,0.345772,0.295413,0.770476,-0.564888,0.809735,1.204648,3.058439,-7.914742291188968,51.96572054615231,5.084085153175408,-0.042593,0.439379,0.06998,0.894558,0.604097,0.087774,-0.792062,-0.162632,0.986577,-0.014709,F,BuildTutorial
14.089,0.272332,1.531686,2.824453,35.23468538567452,45.13056997000788,10.969935192196113,-0.313167,-0.337349,0.031482,-0.887204,0.770409,0.155432,-0.618313,0.267155,0.801871,0.534446,-0.078397,1.317854,3.002841,-39.15307437939256,-15.494360781451777,-7.327511074304834,-0.323213,-0.147966,-0.104733,0.928801,0.934274,-0.098903,0.342564,0.290201,0.769129,-0.569407,0.800616,1.21281,3.055586,-8.912237137860298,51.85604413797536,5.190463952398293,-0.050065,0.438637,0.074536,0.894168,0.604084,0.089375,-0.791893,-0.177216,0.983876,-0.024144,F,BuildTutorial
14.122,0.263188,1.533442,2.822422,35.1979712657076,44.1895261231721,11.05996494361496,-0.313396,-0.329869,0.028087,-0.890045,0.780795,0.156762,-0.604802,0.256757,0.801989,0.539342,-0.081985,1.318013,3.001664,-39.33269732413005,-15.403173481789002,-7.228418531940519,-0.324888,-0.146969,-0.103837,0.928475,0.935236,-0.097323,0.340384,0.288317,0.767332,-0.572779,0.791242,1.220288,3.052279,-9.424185693433534,52.07434725784922,4.244653432845808,-0.05756,0.439904,0.069197,0.893523,0.603393,0.073016,-0.794094,-0.1743,0.983797,-0.041983,F,BuildTutorial
14.155,0.253527,1.534976,2.820294,35.20100992268702,43.25259967466183,11.046703461313266,-0.313601,-0.322612,0.025637,-0.892703,0.790529,0.15657,-0.592072,0.248115,0.801995,0.543363,-0.086155,1.318344,3.000208,-39.466759031160905,-15.63993376555102,-6.59352005544294,-0.326585,-0.147095,-0.099491,0.928335,0.936929,-0.088644,0.338092,0.280801,0.766887,-0.577092,0.779699,1.228389,3.048372,-10.71940980450404,52.24055523862612,3.5731765547220578,-0.070162,0.440734,0.068974,0.89223,0.601992,0.061236,-0.79615,-0.184927,0.98064,-0.064402,F,BuildTutorial
14.189,0.24311,1.536018,2.817961,35.4915546261507,42.304228794083784,11.120160643397554,-0.31622,-0.314517,0.023404,-0.894727,0.801062,0.157033,-0.577616,0.240795,0.798914,0.551139,-0.09098,1.318747,2.998683,-39.64628063096016,-15.977822032584967,-5.596172339635703,-0.329044,-0.146984,-0.092553,0.928203,0.939659,-0.075088,0.333769,0.268545,0.766329,-0.58363,0.765783,1.236206,3.044385,-11.955535088609995,51.958447719152694,3.3873352945726016,-0.080702,0.43824,0.072024,0.892326,0.605516,0.057805,-0.793731,-0.199272,0.9766,-0.080896,F,BuildTutorial
14.222,0.232123,1.536834,2.815589,35.785539223040196,41.28917597035807,11.017337866600014,-0.318388,-0.306368,0.022335,-0.89681,0.811279,0.155029,-0.563731,0.235148,0.79626,0.557383,-0.096184,1.318824,2.997273,-39.79411310407145,-16.221208596407724,-5.031612901676786,-0.330779,-0.147324,-0.088831,0.927895,0.940809,-0.067388,0.332169,0.262315,0.765388,-0.587683,0.750268,1.242853,3.040484,-12.513001225426324,51.62826442657462,2.2405630448959912,-0.089623,0.434695,0.064942,0.893751,0.613645,0.038166,-0.788659,-0.194001,0.975501,-0.103741,F,BuildTutorial
14.255,0.220776,1.537145,2.813092,36.2636136832452,40.38311846695763,10.892072204344185,-0.321892,-0.298819,0.022278,-0.898107,0.820422,0.152359,-0.551085,0.23239,0.791779,0.564872,-0.102051,1.318685,2.996217,-39.876188513753206,-16.558367095885284,-4.363416062761865,-0.332053,-0.148114,-0.084482,0.927721,0.94185,-0.058389,0.330921,0.255115,0.765207,-0.591079,0.732792,1.248554,3.036479,-13.141313749145596,51.210714887294166,0.8868118935559831,-0.099865,0.430117,0.056384,0.895459,0.623641,0.015071,-0.781566,-0.186886,0.973696,-0.130347,F,BuildTutorial
14.289,0.208936,1.537352,2.810409,36.741256960625584,39.353932403251505,10.835603033312069,-0.325605,-0.29011,0.021273,-0.899647,0.830768,0.150647,-0.535846,0.227198,0.787058,0.573517,-0.108131,1.318104,2.9949,-39.85372102588374,-17.125380756637263,-3.123704648785751,-0.333081,-0.149111,-0.076065,0.927921,0.94396,-0.041833,0.327398,0.240496,0.766543,-0.595461,0.712586,1.253826,3.031979,-14.123494907014068,50.10583475734806,1.113160170726453,-0.107285,0.421305,0.06079,0.898497,0.637614,0.018839,-0.770126,-0.199638,0.969589,-0.141568,F,BuildTutorial
14.322,0.196523,1.537363,2.807642,37.29488216339946,38.36193256047822,10.611815825037414,-0.329487,-0.282045,0.021848,-0.900784,0.839947,0.146499,-0.52252,0.225222,0.781922,0.581269,-0.113966,1.316916,2.993927,-39.6515504951826,-17.442974228171128,-2.097120057964108,-0.332573,-0.148755,-0.068435,0.928754,0.946377,-0.028176,0.321832,0.226062,0.769424,-0.597396,0.690868,1.258051,3.028285,-14.623652597773557,48.39913331949573,1.6343134192726578,-0.110275,0.408197,0.065067,0.90387,0.658283,0.027595,-0.752265,-0.207652,0.967211,-0.146229,F,BuildTutorial
14.356,0.183653,1.537145,2.804855,37.831194884636275,37.389939149184045,10.20794878060135,-0.332829,-0.2747,0.023777,-0.901776,0.847949,0.139972,-0.511263,0.22574,0.777319,0.587211,-0.120103,1.315608,2.993328,-39.493073722007885,-17.422034336383692,-1.5289006712623252,-0.332031,-0.146988,-0.063577,0.929574,0.948705,-0.020591,0.315491,0.215809,0.771427,-0.598604,0.668722,1.261833,3.023533,-15.394087864256411,46.90486260860384,1.6978181504441077,-0.117014,0.396179,0.066768,0.908236,0.677169,0.028565,-0.735273,-0.213999,0.9637,-0.159649,F,BuildTutorial
14.389,0.170534,1.536947,2.802055,38.1879096330967,36.52927167225009,9.917564276050804,-0.335075,-0.268204,0.024569,-0.902877,0.854926,0.135371,-0.500776,0.224103,0.774242,0.591884,-0.126248,1.314347,2.992299,-39.45029244339662,-17.500726089701132,-0.906350078200101,-0.332437,-0.145837,-0.058702,0.929931,0.950571,-0.012215,0.310266,0.206141,0.772079,-0.601165,0.645935,1.265077,3.018468,-16.43621804714474,44.975292645392074,2.319402152545243,-0.124384,0.381152,0.07317,0.91318,0.698738,0.038816,-0.714324,-0.228454,0.958349,-0.171393,F,BuildTutorial
14.422,0.157234,1.536564,2.799021,38.75323502754801,35.81164122045805,9.834781226360482,-0.339406,-0.261909,0.024683,-0.903105,0.861589,0.133203,-0.489818,0.22237,0.768389,0.600109,-0.13288,1.313178,2.991474,-39.41278197346461,-17.514487160593788,0.02120871675157,-0.333296,-0.14327,-0.051166,0.930468,0.953712,0.000286,0.300722,0.190718,0.772592,-0.60558,0.624196,1.26656,3.012947,-16.720241279965606,43.242476015132155,2.5085992884117227,-0.127152,0.367425,0.073694,0.918368,0.719136,0.041918,-0.693604,-0.228794,0.956803,-0.179392,F,BuildTutorial
14.455,0.143741,1.536468,2.796404,39.21854365745782,34.940225211415964,9.437442482439446,-0.342303,-0.255504,0.026491,-0.903795,0.868032,0.127034,-0.479982,0.222805,0.764253,0.605206,-0.139724,1.311972,2.990563,-39.302377642388166,-17.53703852858356,0.9994202417593266,-0.333602,-0.14066,-0.043146,0.931162,0.956707,0.013498,0.290741,0.1742,0.773697,-0.609137,0.604377,1.266641,3.006016,-16.575390063972357,43.00617329494038,2.516698208945483,-0.126113,0.365581,0.073042,0.919299,0.722032,0.042086,-0.690579,-0.226504,0.957521,-0.178466,F,BuildTutorial
14.488,0.130459,1.536361,2.793763,39.677040408907224,34.25058633090459,8.919523524589547,-0.34488,-0.250929,0.029728,-0.903996,0.872302,0.119332,-0.474183,0.226829,0.760348,0.608621,-0.146515,1.310713,2.98929,-39.2741447106441,-17.571047456591852,1.4864180805127067,-0.333956,-0.139533,-0.039251,0.931377,0.95798,0.02008,0.286133,0.166312,0.773866,-0.611124,0.585468,1.265596,2.999396,-16.052079812928437,42.23515705297084,2.877792911015023,-0.121247,0.359912,0.073483,0.922151,0.730127,0.048248,-0.681606,-0.222802,0.959799,-0.170722,F,BuildTutorial
14.522,0.117487,1.536435,2.791113,40.07659826364682,33.772390153164444,8.71799324786767,-0.347667,-0.247178,0.030916,-0.903922,0.875894,0.115981,-0.468356,0.227762,0.756344,0.613244,-0.153509,1.309624,2.987943,-39.33834857959979,-17.652971614461958,1.9596078823195555,-0.335025,-0.138781,-0.035728,0.931248,0.958927,0.026446,0.282418,0.159534,0.772964,-0.614065,0.56653,1.265947,2.992892,-16.552888934930596,40.890481018639534,2.9476870963909585,-0.125946,0.349029,0.074116,0.925648,0.745372,0.049294,-0.664824,-0.225128,0.957289,-0.181425,F,BuildTutorial
14.555,0.105015,1.536797,2.78888,40.27582842384894,33.278669847001325,8.582738804235172,-0.349057,-0.243404,0.030995,-0.904408,0.879588,0.113859,-0.461911,0.225988,0.754397,0.616291,-0.161027,1.308673,2.986472,-39.34324819521337,-17.908021222803104,2.712988226639325,-0.335903,-0.138645,-0.030359,0.931142,0.959712,0.036606,0.278592,0.14968,0.772495,-0.617129,0.549133,1.265636,2.98549,-16.77909337891854,40.58458048607976,2.5877634881586644,-0.129065,0.346101,0.07154,0.92652,0.750192,0.043228,-0.659805,-0.221906,0.956449,-0.189641,F,BuildTutorial
14.588,0.093039,1.53707,2.786771,40.42120976681858,33.0284658983099,8.535321473847663,-0.350153,-0.241364,0.030976,-0.904531,0.881568,0.11299,-0.458335,0.225067,0.752866,0.618496,-0.168299,1.307385,2.98498,-39.256245763829824,-18.02506119518377,3.279487172312466,-0.335853,-0.137994,-0.02598,0.931389,0.960566,0.044296,0.274503,0.141086,0.773055,-0.61845,0.533688,1.263317,2.978575,-15.885423529155062,41.02335762150192,2.4580188049494724,-0.121949,0.349733,0.068304,0.926364,0.746044,0.04125,-0.664618,-0.211848,0.960926,-0.178162,F,BuildTutorial
14.622,0.081497,1.537222,2.784428,40.59322985494863,32.978739678422095,8.740219113882118,-0.351932,-0.240095,0.029643,-0.904223,0.882951,0.115386,-0.455064,0.222603,0.75053,0.622216,-0.175116,1.305883,2.983481,-39.23983648452557,-17.842814548167972,3.1838635274346467,-0.335647,-0.136804,-0.026201,0.931633,0.961196,0.043016,0.272491,0.140655,0.773309,-0.618231,0.517798,1.261162,2.972531,-15.863831443382123,40.81372296069607,3.4605706077939393,-0.118849,0.349096,0.076124,0.926397,0.744674,0.058063,-0.664898,-0.224021,0.96016,-0.167053,F,BuildTutorial
14.655,0.070132,1.537335,2.782033,40.67878116436954,32.91165019577194,8.866028565685722,-0.352876,-0.239054,0.028661,-0.904163,0.884063,0.116885,-0.452515,0.220541,0.749314,0.624412,-0.181506,1.304186,2.982076,-39.393467267497435,-17.61018174652571,3.163701874029881,-0.336921,-0.134868,-0.025889,0.931464,0.962281,0.042651,0.268695,0.139109,0.771628,-0.620676,0.500532,1.258855,2.967582,-16.393881033160465,39.66211346717276,5.790597568047187,-0.116989,0.342128,0.095337,0.927455,0.747718,0.09679,-0.656924,-0.256892,0.954449,-0.15177,F,BuildTutorial
14.689,0.059443,1.53741,2.779436,40.76610098783246,33.049996138517294,9.103570280819683,-0.354015,-0.239284,0.027436,-0.903695,0.883981,0.119833,-0.451905,0.219008,0.747842,0.626713,-0.187974,1.302187,2.981168,-39.23382544625772,-17.536114620807247,3.662427494246273,-0.336225,-0.132911,-0.021402,0.93211,0.963754,0.049477,0.262167,0.129274,0.77299,-0.621108,0.484516,1.255608,2.962719,-16.214072603590786,38.99782921035527,7.258029120700662,-0.111752,0.338205,0.106047,0.928377,0.748743,0.121314,-0.651664,-0.272494,0.952531,-0.135765,F,BuildTutorial
14.722,0.04925,1.537629,2.776908,40.76680692346693,33.27877544237346,9.50922168373948,-0.354816,-0.239832,0.024947,-0.903307,0.883717,0.125123,-0.450986,0.215261,0.746966,0.62905,-0.193989,1.299821,2.980594,-38.874087542973136,-17.423016173527635,4.01814019782661,-0.333737,-0.131208,-0.017692,0.933323,0.964943,0.054553,0.256728,0.120603,0.776614,-0.618325,0.468967,1.252289,2.95974,-16.383180652978503,37.51365445418106,8.876762596428183,-0.109882,0.327758,0.118208,0.930875,0.757203,0.148044,-0.636182,-0.292103,0.947906,-0.127085,F,BuildTutorial
14.756,0.039464,1.537927,2.774743,40.546952967825746,33.350209525159144,9.775332784949285,-0.353657,-0.239908,0.022502,-0.903806,0.883876,0.129016,-0.449576,0.210365,0.74884,0.628478,-0.199803,1.297938,2.980099,-38.80169510530203,-17.291632730387242,4.105837978890671,-0.333269,-0.129935,-0.016498,0.93369,0.965689,0.055798,0.253635,0.117416,0.777319,-0.618052,0.453619,1.249039,2.958506,-17.354307009625018,34.50892489829806,12.969643001472193,-0.110039,0.307617,0.151086,0.932972,0.76509,0.214218,-0.607246,-0.349617,0.930129,-0.112373,F,BuildTutorial
14.788,0.030377,1.538255,2.772319,40.48141098129593,33.37052538123607,9.922132804897224,-0.353453,-0.239716,0.021237,-0.903967,0.884171,0.131063,-0.448403,0.207851,0.74924,0.628839,-0.2049,1.296628,2.979144,-38.90691305575869,-17.201332948120633,4.178828032114098,-0.334218,-0.12891,-0.015781,0.933505,0.966266,0.056705,0.251225,0.115631,0.776099,-0.619919,0.440747,1.245987,2.958061,-18.514493860998453,31.302182337707524,18.268284387394395,-0.11067,0.287479,0.193718,0.931441,0.759659,0.297244,-0.578416,-0.424505,0.900451,-0.094784,F,BuildTutorial
14.822,0.022332,1.538726,2.770204,40.42135630915816,33.42440597239439,10.103051261925303,-0.353357,-0.239676,0.01982,-0.904047,0.884326,0.133546,-0.447363,0.205218,0.749492,0.629403,-0.210495,1.295892,2.978464,-38.870168144569135,-17.334736483688634,4.608069918631944,-0.334386,-0.128772,-0.012624,0.933512,0.966517,0.062549,0.248863,0.109688,0.776054,-0.621055,0.431897,1.242667,2.958872,-18.890031583804326,28.89718663155837,22.200785044722835,-0.108551,0.272119,0.224091,0.92949,0.751469,0.357503,-0.554515,-0.475658,0.876,-0.079834,F,BuildTutorial
14.855,0.015248,1.539234,2.768722,40.21261298830965,33.34340901285985,10.176837590518948,-0.351909,-0.239134,0.018446,-0.904784,0.884949,0.134928,-0.445713,0.201686,0.751639,0.627982,-0.215085,1.295053,2.977693,-38.819619381691815,-17.26117567265638,4.923971026515112,-0.334336,-0.12729,-0.009767,0.933767,0.967404,0.066875,0.24425,0.103356,0.776249,-0.621897,0.4207,1.23891,2.963036,-20.106523468729133,21.70542978095446,30.034944247539304,-0.117548,0.223485,0.282317,0.925491,0.740704,0.470023,-0.480038,-0.575104,0.812959,-0.091393,F,BuildTutorial
14.888,0.009312,1.539556,2.767203,40.14511169625988,33.25138104049743,10.254761524114947,-0.351563,-0.238273,0.017373,-0.905167,0.885848,0.136085,-0.443569,0.198987,0.752204,0.628167,-0.218815,1.294457,2.976573,-38.94142523016926,-17.022832188143404,4.841843586415532,-0.335254,-0.125493,-0.009904,0.93368,0.968307,0.065649,0.240982,0.102639,0.775013,-0.623554,0.411979,1.233467,2.96727,-19.68724445761816,14.368684057297909,37.7319790427243,-0.120661,0.171448,0.336326,0.918113,0.714981,0.576196,-0.39598,-0.658945,0.744652,-0.106237,F,BuildTutorial
14.922,0.004563,1.53981,2.766104,40.0265445178354,33.18881674252815,10.576683347678308,-0.351321,-0.236977,0.01433,-0.905655,0.887273,0.140554,-0.439308,0.192466,0.752737,0.629559,-0.223168,1.294144,2.975886,-38.99006112990856,-16.897516574530417,4.769924760541648,-0.335581,-0.124645,-0.010188,0.933673,0.96872,0.064633,0.239592,0.102681,0.774563,-0.624107,0.413436,1.22908,2.972035,-17.10801864055294,13.426698326660174,34.77882081447882,-0.106421,0.154467,0.310107,0.932013,0.759947,0.545171,-0.353934,-0.610925,0.785016,-0.102569,F,BuildTutorial
14.955,0.001136,1.53995,2.765496,39.94464599272618,33.040906138347665,10.972955517767875,-0.351518,-0.234722,0.010531,-0.906217,0.88959,0.145932,-0.432821,0.184104,0.752648,0.63216,-0.226911,1.29385,2.974349,-39.05841832247297,-17.163353864995486,4.953933524234576,-0.336314,-0.126218,-0.00956,0.933205,0.967955,0.067055,0.242005,0.10274,0.773604,-0.625286,0.413014,1.22495,2.97747,-16.151482600099254,9.062793750811672,36.81234310007047,-0.10818,0.118439,0.322174,0.932992,0.764352,0.575547,-0.29071,-0.626797,0.769002,-0.125546,F,BuildTutorial
14.988,-0.001301,1.539831,2.765183,39.963600832938745,32.83926840984393,11.310865279331114,-0.352369,-0.232059,0.007288,-0.906605,0.892191,0.150326,-0.425908,0.176756,0.751566,0.635536,-0.230369,1.293678,2.972178,-39.21423023799041,-17.758804539702943,5.006361877232135,-0.337581,-0.130786,-0.011098,0.9321,0.965544,0.067612,0.251305,0.108991,0.771832,-0.626416,0.414787,1.218833,2.983484,-14.013614351249895,5.351255032150496,42.36001604973391,-0.096883,0.087229,0.36352,0.92242,0.720489,0.653733,-0.231362,-0.687537,0.716935,-0.115314,F,BuildTutorial
15.021,-0.002231,1.539658,2.765278,39.94446614811216,32.60675732129967,11.75587130039015,-0.353126,-0.22888,0.003001,-0.907142,0.89521,0.156203,-0.417373,0.167092,0.750586,0.639298,-0.233578,1.293364,2.969799,-39.373470607255946,-18.514627117841243,5.067775932715304,-0.338861,-0.136618,-0.013056,0.930773,0.96233,0.068285,0.263168,0.116893,0.770006,-0.627238,0.418537,1.212684,2.989384,-11.002111200632331,2.5116377009191178,44.95191908512289,-0.080221,0.056798,0.382385,0.91876,0.701112,0.693527,-0.165718,-0.711752,0.694693,-0.10397,F,BuildTutorial
15.055,-0.002075,1.539498,2.765831,39.95513341949272,32.22263459949712,12.100266617776102,-0.353894,-0.224758,-0.000884,-0.907878,0.898966,0.160687,-0.40748,0.157475,0.749517,0.642982,-0.236516,1.292853,2.967389,-39.398461008803494,-19.432355956580984,5.125739285843834,-0.33902,-0.143875,-0.015337,0.929586,0.95813,0.069038,0.277887,0.126067,0.76966,-0.625884,0.421534,1.207022,2.995136,-8.101507515134134,-0.7030207897723422,46.93510556146885,-0.067233,0.022517,0.39683,0.91515,0.684038,0.72329,-0.094573,-0.729346,0.676011,-0.105187,F,BuildTutorial
15.088,-0.000831,1.539353,2.76715,39.95865745592622,31.728647048435757,12.31428107143282,-0.354326,-0.220175,-0.004098,-0.908823,0.903013,0.163475,-0.397296,0.148579,0.748873,0.645844,-0.23923,1.292124,2.96473,-39.34806449130701,-20.77343857836175,5.458690379868962,-0.33886,-0.153805,-0.016526,0.928033,0.952142,0.073562,0.296672,0.134911,0.769802,-0.623862,0.425157,1.203961,3.000975,-6.3900185579994435,-2.6325709021169437,47.28012297774281,-0.060241,0.001332,0.399088,0.914931,0.681454,0.730116,-0.05052,-0.730437,0.674199,-0.10917,F,BuildTutorial
15.122,0.001329,1.53913,2.76862,40.05538731655453,31.18131278771576,12.602451798946152,-0.355595,-0.214779,-0.007836,-0.909594,0.907618,0.167003,-0.38515,0.138494,0.746982,0.650259,-0.241346,1.291105,2.96214,-39.09017131494565,-22.1180465839683,5.547631121070485,-0.336699,-0.164666,-0.01934,0.9269,0.945022,0.075034,0.318282,0.146739,0.772519,-0.617804,0.429593,1.202013,3.006914,-4.7804348146329705,-3.5133048601271155,45.91420287247002,-0.05033,-0.011943,0.388342,0.920062,0.698096,0.7158,-0.017114,-0.713396,0.693315,-0.10189,F,BuildTutorial
15.155,0.004495,1.539005,2.770516,40.1159325496257,30.59303836131135,12.942879226789522,-0.356643,-0.208948,-0.012217,-0.910493,0.912383,0.171287,-0.371777,0.126792,0.745314,0.654547,-0.242726,1.290087,2.959709,-38.707736876235394,-23.2597258393498,5.5278661012784776,-0.333392,-0.174323,-0.022167,0.926267,0.93824,0.07517,0.337719,0.157301,0.776717,-0.609891,0.432853,1.199442,3.012404,-3.0775882281706815,-5.4788828990414915,46.801737445290186,-0.043592,-0.033194,0.395387,0.916879,0.685134,0.727939,0.026399,-0.722151,0.683537,-0.106187,F,BuildTutorial
15.188,0.008366,1.538885,2.772792,40.18562046458215,29.95527532252075,13.252504409573378,-0.357661,-0.202796,-0.016495,-0.911417,0.917204,0.175131,-0.357864,0.114997,0.743614,0.658646,-0.243444,1.288993,2.956846,-38.38899893627388,-24.578196361818076,5.713788712441175,-0.330862,-0.184751,-0.023899,0.925109,0.930592,0.078036,0.357643,0.166472,0.779918,-0.603336,0.4352,1.197271,3.017732,-1.6311000547544816,-7.393044525443831,47.68254413879761,-0.039049,-0.053223,0.402483,0.913044,0.670349,0.739127,0.065756,-0.730813,0.672965,-0.11415,F,BuildTutorial
15.221,0.01308,1.53854,2.77522,40.223469777400275,29.292216394443912,13.668620347436695,-0.358569,-0.196155,-0.021787,-0.912402,0.922097,0.180427,-0.34232,0.100913,0.741907,0.662865,-0.243462,1.28821,2.954182,-38.191854189621075,-25.731491777606895,5.603232692076522,-0.328841,-0.194574,-0.02773,0.923708,0.922744,0.07674,0.377697,0.179196,0.78219,-0.596714,0.437665,1.195097,3.023139,-0.0061362557534785,-8.658020471210163,46.452466256397024,-0.029817,-0.069345,0.393234,0.916335,0.681117,0.724802,0.103637,-0.716532,0.688957,-0.109182,F,BuildTutorial
15.255,0.018435,1.537981,2.777737,40.31472834494676,28.577599223984688,14.156211212753984,-0.359944,-0.188778,-0.027694,-0.913256,0.927192,0.186482,-0.324868,0.085315,0.739346,0.667899,-0.24259,1.287438,2.951662,-38.02211578992397,-26.621901872952417,5.151771615817467,-0.326462,-0.203211,-0.033574,0.922497,0.915156,0.070738,0.396845,0.194624,0.784591,-0.588675,0.438574,1.192219,3.027854,1.676269373339503,-11.04480734840716,46.44317583625395,-0.02456,-0.09417,0.39371,0.914069,0.67225,0.724381,0.152817,-0.71513,0.688779,-0.119051,F,BuildTutorial
15.289,0.024314,1.537255,2.780292,40.50840774960336,27.83060079486222,14.59087892141839,-0.361956,-0.18112,-0.033058,-0.913833,0.932206,0.191534,-0.307095,0.070695,0.735791,0.673509,-0.24102,1.286937,2.949237,-37.98000253757916,-27.548648165106176,4.687142932529246,-0.324987,-0.212028,-0.039859,0.920782,0.906911,0.064411,0.41637,0.211215,0.785589,-0.581583,0.440029,1.188448,3.032582,3.751436708123808,-12.942999388021171,46.51433486806946,-0.0146,-0.116337,0.395522,0.910942,0.660057,0.723992,0.200403,-0.717198,0.686699,-0.118626,F,BuildTutorial
15.322,0.030557,1.53631,2.782721,40.72694973516026,27.049440370096388,15.008569888498966,-0.364061,-0.173186,-0.038361,-0.914327,0.93707,0.196251,-0.288766,0.055951,0.731976,0.67903,-0.238885,1.286648,2.946656,-38.017141898777325,-28.723684417838147,4.481075599759284,-0.324458,-0.222004,-0.044921,0.918381,0.897393,0.061552,0.436919,0.226572,0.785419,-0.576006,0.441486,1.184555,3.037539,5.490388808728821,-14.579389685418132,45.29517682765019,-0.004959,-0.135261,0.38712,0.912041,0.663685,0.70748,0.242888,-0.704798,0.700226,-0.113769,F,BuildTutorial
15.355,0.037261,1.535235,2.785,41.06043148498433,26.156498591666168,15.275581319137949,-0.366739,-0.164627,-0.042587,-0.914651,0.942168,0.198656,-0.269916,0.042846,0.727377,0.684899,-0.236319,1.286238,2.944833,-37.79600970593327,-29.745745495346657,4.193537106198457,-0.321709,-0.231224,-0.049622,0.91683,0.888146,0.057783,0.455914,0.239764,0.788082,-0.566956,0.441184,1.181981,3.042792,6.222340870785516,-16.618065930479393,45.03418785216031,-0.005651,-0.153865,0.385626,0.909718,0.655236,0.70336,0.27559,-0.699882,0.702522,-0.12895,F,BuildTutorial
15.389,0.044158,1.534412,2.787259,41.28509662488141,25.233023112899797,15.435038234565353,-0.368357,-0.156351,-0.046328,-0.915271,0.946816,0.199992,-0.252077,0.03038,0.724334,0.68878,-0.232838,1.285571,2.942754,-37.37075894581939,-30.922364836469495,4.606099621754373,-0.318676,-0.239922,-0.048648,0.915705,0.880142,0.06382,0.470401,0.24201,0.792158,-0.560283,0.440832,1.1795,3.048666,6.838776838427154,-17.86483052085687,43.29296193567571,-0.002408,-0.165797,0.372364,0.913154,0.667713,0.68085,0.301003,-0.679253,0.722678,-0.12787,F,BuildTutorial
15.422,0.051192,1.533557,2.789321,41.51212486357559,24.350150089576623,15.476907822791876,-0.369819,-0.14877,-0.04902,-0.915805,0.950929,0.199821,-0.236231,0.02025,0.721661,0.69195,-0.229217,1.284718,2.941252,-36.79114216045049,-32.09133535284211,5.352967752970058,-0.315198,-0.247831,-0.044547,0.915011,0.873191,0.07471,0.481618,0.237753,0.797332,-0.554739,0.43844,1.176431,3.053533,7.517615425871336,-20.011362995590588,42.10681373911525,-0.002032,-0.184991,0.363643,0.912983,0.667084,0.664752,0.336309,-0.663248,0.735519,-0.138251,F,BuildTutorial
15.455,0.058191,1.532843,2.791246,41.7275272479597,23.53741226272054,15.4872221633161,-0.371161,-0.141871,-0.051281,-0.916233,0.954486,0.199284,-0.221906,0.011344,0.719219,0.694691,-0.22534,1.283906,2.940438,-36.18653185293323,-32.94958471906427,5.5189589159221,-0.310447,-0.25492,-0.044088,0.91471,0.866144,0.077624,0.49373,0.238933,0.803358,-0.54546,0.435441,1.17352,3.057855,7.994609873760944,-22.141533036603047,40.79729839576134,-0.002644,-0.203387,0.353778,0.912945,0.66695,0.647034,0.369493,-0.644884,0.749669,-0.148735,F,BuildTutorial
15.488,0.065123,1.532237,2.793115,41.91420644497146,22.750035858764544,15.499366040070475,-0.372277,-0.135218,-0.053553,-0.916656,0.957697,0.198856,-0.208024,0.002498,0.717084,0.696982,-0.220856,1.283578,2.93937,-35.656414816654674,-33.77203540735246,5.698642775965621,-0.306347,-0.261615,-0.043539,0.914228,0.859324,0.080681,0.505028,0.2399,0.808511,-0.537362,0.433228,1.170821,3.062583,8.110385099059979,-23.694449844558537,39.08814288331772,-0.003285,-0.216143,0.340268,0.915144,0.675,0.624208,0.393369,-0.621369,0.768414,-0.153105,F,BuildTutorial
15.522,0.071913,1.531613,2.794711,42.136858501474,21.967647545401153,15.46001793610838,-0.373605,-0.128713,-0.055344,-0.916946,0.96074,0.19767,-0.194693,-0.005318,0.714713,0.699398,-0.216343,1.283785,2.937848,-35.3802155580576,-34.678723406361804,6.264055347527766,-0.30514,-0.267666,-0.040739,0.913009,0.853391,0.088961,0.513624,0.237741,0.81046,-0.535382,0.431246,1.168188,3.067184,7.738716721218434,-25.044044974845104,37.99308455061018,-0.008126,-0.225983,0.330878,0.91618,0.678902,0.609961,0.408705,-0.602616,0.780907,-0.164435,F,BuildTutorial
15.555,0.078365,1.530996,2.796432,42.246101107586554,21.15416498325956,15.295588727885638,-0.373885,-0.122557,-0.056471,-0.917606,0.963581,0.195282,-0.182691,-0.011992,0.714042,0.700001,-0.211434,1.28417,2.936798,-35.314867457192165,-35.008279562961015,5.98599537115529,-0.30385,-0.271109,-0.043658,0.912288,0.849188,0.085096,0.52119,0.24441,0.811539,-0.530725,0.430136,1.165193,3.071587,7.569561369659351,-26.116022338820255,36.33681463968743,-0.0092,-0.234255,0.317256,0.918906,0.688946,0.587367,0.42468,-0.578746,0.798528,-0.165545,F,BuildTutorial
15.589,0.084495,1.530423,2.797919,42.43557215660342,20.36095981424857,15.059856452723736,-0.374736,-0.116667,-0.056821,-0.918005,0.966321,0.191762,-0.171615,-0.016885,0.712688,0.701278,-0.20628,1.284839,2.935882,-35.35811663409151,-35.103923541932915,5.5900967023051775,-0.303213,-0.272867,-0.047176,0.9118,0.846636,0.079444,0.52621,0.251504,0.811673,-0.527194,0.430067,1.160113,3.075738,7.937025250244218,-27.116323508624347,35.42326629023048,-0.007059,-0.243253,0.310495,0.918897,0.688841,0.57406,0.442665,-0.567192,0.807086,-0.164031,F,BuildTutorial
15.622,0.090365,1.529888,2.799299,42.625694880673905,19.6427024609958,14.782739753051851,-0.375601,-0.111518,-0.056609,-0.918305,0.968718,0.187741,-0.162291,-0.020196,0.71144,0.702457,-0.201987,1.285938,2.934494,-35.64327625081351,-35.42394387210962,5.582173184822097,-0.305305,-0.275093,-0.048841,0.910345,0.843877,0.07905,0.530681,0.256899,0.808806,-0.528995,0.430416,1.154971,3.08001,8.02096558522085,-27.749849052871344,35.59803480485361,-0.008475,-0.248521,0.312002,0.916963,0.681785,0.5764,0.45048,-0.567975,0.805166,-0.17062,F,BuildTutorial
15.655,0.095894,1.529366,2.800697,42.7485117518185,19.007407401323754,14.580344801654858,-0.376061,-0.106899,-0.056855,-0.91865,0.97068,0.184861,-0.153643,-0.024059,0.710691,0.703093,-0.197585,1.286972,2.933275,-35.9430789720995,-35.47072964786362,5.01492625804314,-0.306276,-0.276624,-0.054262,0.909247,0.84107,0.070772,0.536277,0.268121,0.806501,-0.526941,0.431613,1.149954,3.084095,8.097209841574717,-28.16116183124509,34.394373299650475,-0.006331,-0.252077,0.302471,0.9192,0.689937,0.559255,0.459588,-0.552871,0.816942,-0.164131,F,BuildTutorial
15.688,0.101129,1.528787,2.802092,42.88781292577416,18.383171467454133,14.392419436334691,-0.376678,-0.102299,-0.057161,-0.918903,0.972535,0.182117,-0.144943,-0.027983,0.709693,0.703955,-0.194093,1.287979,2.932184,-36.10771872783995,-35.67883425261157,4.522702992649229,-0.306273,-0.2794,-0.059156,0.908093,0.836872,0.063707,0.543679,0.278584,0.805395,-0.523192,0.433036,1.144915,3.0879,8.110300021399848,-28.49625689053417,33.899065235154964,-0.006008,-0.254823,0.298503,0.919742,0.691923,0.552153,0.465156,-0.54603,0.82172,-0.163181,F,BuildTutorial
15.721,0.106013,1.52811,2.803565,43.01648388622608,17.779502702450415,14.168696365951355,-0.377197,-0.098001,-0.057139,-0.919159,0.974262,0.17897,-0.137052,-0.031108,0.708915,0.704608,-0.191655,1.28912,2.931326,-36.12359395160121,-36.073696205844946,4.510879517483271,-0.306163,-0.282541,-0.060347,0.90708,0.833058,0.063528,0.549526,0.282486,0.805245,-0.521328,0.434414,1.139908,3.091284,8.039030124439586,-28.836191431431537,33.08688547677544,-0.005647,-0.257432,0.291827,0.921159,0.697132,0.540545,0.470976,-0.53473,0.829611,-0.160655,F,BuildTutorial
15.754,0.110511,1.527447,2.804953,43.131844205370655,17.200823290301358,13.99032546291478,-0.37767,-0.093777,-0.057428,-0.919387,0.975816,0.176431,-0.129056,-0.034764,0.708134,0.705221,-0.189208,1.289868,2.930255,-36.146727052538274,-36.34003633689069,4.358339760739584,-0.305824,-0.285029,-0.062327,0.906281,0.829748,0.061366,0.554754,0.287309,0.805174,-0.518796,0.435559,1.134997,3.094244,8.079490031506792,-29.181912381955808,32.062619607860576,-0.003872,-0.260346,0.283649,0.922902,0.703528,0.525576,0.478351,-0.521544,0.839057,-0.15484,F,BuildTutorial
15.788,0.114676,1.526476,2.806148,43.32630303493306,16.7421366102271,13.853566770846491,-0.378868,-0.090268,-0.057539,-0.919239,0.977082,0.174183,-0.122356,-0.037384,0.706297,0.706928,-0.186671,1.290595,2.929056,-36.28368223886249,-36.49216997050707,3.9530758093829865,-0.305801,-0.287158,-0.066304,0.905334,0.826288,0.055571,0.5605,0.295682,0.804179,-0.515624,0.436887,1.129943,3.097418,8.115978600116907,-29.264865266413334,31.85002813269292,-0.003296,-0.2611,0.282005,0.923195,0.7046,0.522412,0.480234,-0.51897,0.840925,-0.153349,F,BuildTutorial
15.821,0.118617,1.52553,2.807153,43.51349691898937,16.286721263121528,13.691894714402958,-0.379995,-0.086884,-0.057462,-0.919104,0.978299,0.171658,-0.116042,-0.039595,0.704604,0.708496,-0.184104,1.290961,2.927788,-36.461790063588786,-36.68493496806909,3.4732533184539447,-0.305874,-0.289763,-0.071085,0.904116,0.821969,0.048724,0.567445,0.305799,0.802777,-0.511895,0.438225,1.125686,3.100625,8.187405868322884,-29.18210467766936,30.344546436434783,0.000913,-0.260598,0.269992,0.926926,0.718387,0.500049,0.483604,-0.501001,0.854207,-0.139025,F,BuildTutorial
15.855,0.122236,1.524657,2.80789,43.704831257726525,15.839291329326594,13.44834781819299,-0.381105,-0.083837,-0.056707,-0.918975,0.979511,0.168126,-0.110866,-0.040323,0.703086,0.70996,-0.182252,1.291277,2.927043,-36.52537405598624,-36.77931001500575,3.167761297663178,-0.305538,-0.291253,-0.073917,0.903523,0.819415,0.044406,0.571478,0.31155,0.802366,-0.509064,0.438961,1.121363,3.103191,8.022770159576872,-29.651457430271066,29.189431069013366,0.001125,-0.264057,0.260317,0.928713,0.725018,0.482925,0.491052,-0.484113,0.864468,-0.135387,F,BuildTutorial
15.888,0.1256,1.523912,2.808753,43.84787701747954,15.388997354619825,13.208902262915236,-0.381844,-0.080827,-0.056076,-0.918977,0.980645,0.164791,-0.105733,-0.041337,0.702102,0.710876,-0.184901,1.293006,2.930246,-36.41389892836494,-36.9938471103948,2.922499837253195,-0.303898,-0.293716,-0.076121,0.903096,0.815874,0.04103,0.576773,0.316008,0.803704,-0.504182,0.438954,1.116272,3.105949,8.13031114039911,-29.71239457264903,29.220805940343368,0.001794,-0.264763,0.260788,0.928379,0.723781,0.48327,0.492536,-0.485171,0.863973,-0.134763,F,BuildTutorial
15.922,0.12872,1.52331,2.809631,43.90612143242289,14.903016176547762,13.030318233388863,-0.381944,-0.077446,-0.05618,-0.91922,0.981692,0.162444,-0.099465,-0.044124,0.701926,0.710882,-0.187623,1.295092,2.931981,-36.444686688855946,-37.41751751596087,2.8975910038264217,-0.303791,-0.297086,-0.077524,0.90191,0.81146,0.040664,0.582992,0.320344,0.803402,-0.501922,0.438493,1.111861,3.107902,8.426380359130649,-30.22928600982752,28.386720355900184,0.004999,-0.269499,0.254645,0.928709,0.725052,0.470288,0.503118,-0.475677,0.870262,-0.127968,F,BuildTutorial
15.955,0.131534,1.522738,2.810404,44.05807619672105,14.416921223924314,12.846735586006773,-0.382789,-0.073959,-0.056118,-0.919159,0.982762,0.159783,-0.092998,-0.04654,0.700647,0.711989,-0.188142,1.297036,2.932043,-36.67450045520143,-37.76449457798073,2.7948317668815834,-0.305082,-0.29984,-0.079882,0.900355,0.80743,0.039107,0.588666,0.326796,0.801088,-0.501461,0.437939,1.108469,3.109861,8.176207194364132,-30.45179411905854,27.745882580132353,0.003972,-0.270809,0.248941,0.929879,0.729383,0.460818,0.505617,-0.465121,0.876026,-0.127443,F,BuildTutorial
15.987,0.133986,1.522333,2.811161,44.18423576146227,13.993525310019468,12.569139353666191,-0.383408,-0.071328,-0.055136,-0.919168,0.983745,0.156054,-0.088847,-0.046662,0.699916,0.712699,-0.189666,1.299311,2.932645,-36.8217907514685,-38.01182907781587,2.632464005354695,-0.305631,-0.302056,-0.082221,0.899217,0.804003,0.036767,0.593487,0.332505,0.799659,-0.499987,0.436679,1.105907,3.110742,8.206775414001259,-31.02433778609887,27.004366507382624,0.004761,-0.275483,0.243009,0.930071,0.730111,0.449409,0.514752,-0.454655,0.881848,-0.125034,F,BuildTutorial
16.022,0.136278,1.521936,2.81189,44.26628511414676,13.524507922376896,12.31821816068526,-0.383682,-0.068302,-0.054585,-0.919317,0.98471,0.152776,-0.083696,-0.04795,0.699617,0.712907,-0.190755,1.300866,2.933361,-36.970880257116505,-38.077648510282565,2.3951344721738024,-0.30612,-0.303046,-0.084669,0.89849,0.801989,0.033389,0.596405,0.337685,0.798244,-0.498775,0.434663,1.103531,3.11048,8.341375755406451,-32.182860740624804,26.815461299521864,0.003874,-0.285106,0.241813,0.927484,0.720482,0.446347,0.530736,-0.450764,0.883023,-0.130699,F,BuildTutorial
16.054,0.138375,1.521433,2.8124,44.35696482426784,13.060151025691365,12.137522994133974,-0.384076,-0.06507,-0.054575,-0.919388,0.985575,0.150335,-0.077727,-0.050368,0.699015,0.713331,-0.189868,1.301395,2.932635,-37.16899586973205,-38.033886043680695,1.9086431847802965,-0.306411,-0.303795,-0.088909,0.897728,0.799607,0.026541,0.599937,0.345804,0.796415,-0.496127,0.433028,1.100949,3.110587,8.447359650179443,-32.85326344366416,27.19280629724816,0.002367,-0.290723,0.245117,0.924874,0.710796,0.452028,0.538924,-0.45478,0.879825,-0.138144,F,BuildTutorial
16.088,0.140204,1.520728,2.81268,44.4812679375333,12.621105029782202,12.07279271029797,-0.384817,-0.061614,-0.055374,-0.919268,0.986275,0.149227,-0.070662,-0.054387,0.697699,0.714324,-0.190178,1.301852,2.932775,-37.15984303808086,-38.09660318098968,1.509819457863891,-0.30523,-0.30536,-0.092175,0.89727,0.796518,0.020999,0.604251,0.351822,0.796677,-0.491455,0.432005,1.099168,3.110808,8.398458642215715,-33.53384183853107,26.526811386658405,0.002234,-0.296116,0.239645,0.924598,0.709772,0.441826,0.548646,-0.444473,0.885131,-0.137793,F,BuildTutorial
16.121,0.141947,1.51991,2.812946,44.58993063939218,12.144159422892852,12.038844885925569,-0.38543,-0.057772,-0.056573,-0.919188,0.986924,0.148536,-0.062597,-0.059468,0.696487,0.715101,-0.190264,1.302046,2.933032,-36.94238664123297,-38.13838849931588,1.190908228692961,-0.302646,-0.30675,-0.094189,0.897462,0.794066,0.01661,0.607604,0.354736,0.799068,-0.485441,0.431355,1.097015,3.111032,8.435677551025998,-34.31580849555728,26.822113169264973,0.000122,-0.302484,0.242119,0.921891,0.699764,0.44634,0.557773,-0.446488,0.882757,-0.146249,F,BuildTutorial
16.155,0.143668,1.519092,2.81328,44.63559299484267,11.663570137558285,12.09582468979894,-0.385579,-0.053671,-0.058593,-0.919247,0.987373,0.149111,-0.053489,-0.066334,0.695792,0.715174,-0.190458,1.302214,2.933036,-36.74121869649699,-38.44459631114304,1.3222832676263945,-0.301177,-0.309001,-0.093415,0.897265,0.791585,0.018492,0.61078,0.353763,0.801133,-0.48274,0.431306,1.094771,3.111682,8.701878282860367,-34.9439154466522,27.40936216576056,-0.000622,-0.307995,0.247465,0.91864,0.6878,0.455046,0.565565,-0.454279,0.877522,-0.15358,F,BuildTutorial
16.188,0.145416,1.518342,2.813633,44.66457890983981,11.198952713799006,12.36967511227547,-0.385687,-0.048988,-0.06232,-0.919218,0.987433,0.152359,-0.041989,-0.076783,0.694724,0.715167,-0.189832,1.302598,2.932556,-36.57022546997352,-38.64277378829793,1.3826953789269223,-0.299844,-0.310565,-0.092989,0.897216,0.789805,0.01938,0.613052,0.353104,0.802894,-0.480291,0.431612,1.093311,3.11331,8.540337199548572,-35.15317513094075,26.481410169272145,0.000122,-0.309395,0.239631,0.920246,0.693704,0.440963,0.569497,-0.441114,0.885154,-0.148056,F,BuildTutorial
16.222,0.147344,1.517325,2.814228,44.62475783609071,10.623462645797456,12.668908351939756,-0.385167,-0.043412,-0.066701,-0.919409,0.987333,0.156093,-0.028444,-0.08921,0.694394,0.714044,-0.188637,1.302993,2.931945,-36.52669056030479,-38.75636608336832,1.1519742358102285,-0.298784,-0.3121,-0.094971,0.896829,0.787148,0.016156,0.616552,0.356846,0.803417,-0.476636,0.432085,1.092693,3.115826,7.768585745269739,-34.845350336610466,25.54915932658386,-0.00302,-0.305628,0.230268,0.923883,0.707137,0.427327,0.563338,-0.423635,0.893935,-0.146333,F,BuildTutorial
16.254,0.149466,1.516264,2.814646,44.696689632390154,10.05277810425688,12.94244460218582,-0.385494,-0.037828,-0.070736,-0.919217,0.987131,0.159208,-0.015008,-0.100878,0.692782,0.714057,-0.187742,1.303832,2.931309,-36.5717761160458,-39.01850111698491,0.9421064674444288,-0.298342,-0.314653,-0.097421,0.895821,0.783005,0.013205,0.621875,0.362292,0.803003,-0.473214,0.43266,1.091584,3.118078,7.441692256465051,-34.9651533453564,24.79697700176528,-0.003912,-0.306081,0.223401,0.925414,0.712814,0.415871,0.564755,-0.411082,0.900154,-0.143998,F,BuildTutorial
16.287,0.151784,1.51519,2.815209,44.83050645867196,9.506355226509672,13.174582843378673,-0.386284,-0.032504,-0.074296,-0.918808,0.986847,0.161639,-0.00233,-0.111416,0.69053,0.714671,-0.184911,1.304291,2.929984,-36.66331213533852,-38.99037485834566,0.6660755795916222,-0.298322,-0.315063,-0.09976,0.895426,0.781567,0.009325,0.623752,0.366636,0.802104,-0.471389,0.433086,1.088702,3.118686,7.599198541227047,-35.760927982085555,24.534460836456898,-0.003466,-0.312762,0.221646,0.923602,0.706106,0.411593,0.576199,-0.407258,0.901722,-0.145047,F,BuildTutorial
16.321,0.154294,1.514068,2.81572,44.90928809605892,8.90388081990255,13.283370017522444,-0.386541,-0.027213,-0.077119,-0.918639,0.986624,0.162727,0.009621,-0.120651,0.689277,0.714381,-0.182644,1.304815,2.929422,-36.70544548197657,-38.75814759659976,0.1886056939152627,-0.297545,-0.31445,-0.103004,0.895533,0.781023,0.002639,0.624497,0.371613,0.801714,-0.468144,0.4331,1.085686,3.120227,7.608910673885532,-36.190622996902405,24.889513645169615,-0.005198,-0.316224,0.224513,0.921721,0.699193,0.417164,0.580607,-0.41059,0.899134,-0.151574,F,BuildTutorial
16.354,0.156955,1.513136,2.816352,45.06225363601814,8.290786243618628,13.126197997168315,-0.38731,-0.02265,-0.077779,-0.918384,0.986875,0.160407,0.018646,-0.125316,0.687882,0.714922,-0.179033,1.305143,2.928056,-36.67493017919019,-38.505399052120175,-0.2552662057440606,-0.29632,-0.313652,-0.105735,0.8959,0.780885,-0.003574,0.624665,0.375339,0.80203,-0.464617,0.433429,1.082926,3.121816,7.583775853515248,-36.25406504471694,24.818094728230378,-0.005329,-0.316697,0.223872,0.921713,0.699168,0.416068,0.581422,-0.409317,0.899706,-0.151624,F,BuildTutorial
16.387,0.159786,1.512293,2.816785,45.25000861516809,7.799137735682293,12.818361075564916,-0.388416,-0.019538,-0.0768,-0.91807,0.98744,0.156193,0.023786,-0.125838,0.686469,0.716188,-0.176333,1.305495,2.927273,-36.63940187820065,-38.23793654925467,-0.661610208270095,-0.295181,-0.31264,-0.108126,0.896344,0.78113,-0.009266,0.6243,0.378407,0.802354,-0.461559,0.433456,1.080739,3.122917,7.638413144141688,-36.498837922063174,24.506488349484265,-0.004497,-0.318766,0.221494,0.921579,0.698658,0.411116,0.585544,-0.405382,0.90184,-0.149498,F,BuildTutorial
16.421,0.162671,1.51161,2.817268,45.41516019298206,7.435858653068742,12.465431634066691,-0.389433,-0.017643,-0.075057,-0.917822,0.988111,0.151518,0.026073,-0.124036,0.685418,0.717508,-0.17334,1.306027,2.925936,-36.686500336683984,-38.00368290618386,-0.92526555051793,-0.295055,-0.311447,-0.109712,0.896609,0.781929,-0.012951,0.623234,0.380526,0.801812,-0.460758,0.432893,1.079339,3.123588,7.369293906793776,-36.89480808852868,24.188916820406035,-0.006554,-0.321544,0.218231,0.921381,0.69797,0.406363,0.589667,-0.397933,0.904664,-0.15242,F,BuildTutorial
16.454,0.165274,1.511022,2.817605,45.55381091470488,7.145620104925987,12.11207263840919,-0.390297,-0.016372,-0.073094,-0.917637,0.988779,0.146927,0.02701,-0.121368,0.684652,0.718695,-0.171222,1.306923,2.925139,-36.97720252067907,-37.69780401609637,-1.337707040608588,-0.296513,-0.309881,-0.112922,0.896271,0.782445,-0.01865,0.62244,0.386185,0.798657,-0.461528,0.431894,1.078349,3.124069,6.977018728807708,-37.15951658032723,24.07967638767544,-0.009931,-0.323069,0.216315,0.921268,0.697668,0.404986,0.59097,-0.392152,0.906218,-0.158068,F,BuildTutorial
16.487,0.167658,1.510499,2.817832,45.726452718039525,6.982047042456462,11.742580288213627,-0.391517,-0.016143,-0.070548,-0.917321,0.989525,0.142071,0.025624,-0.116789,0.683476,0.72057,-0.169202,1.307659,2.923878,-37.36761671592071,-37.49250169529554,-1.8144288900545051,-0.298493,-0.309206,-0.117142,0.895305,0.781339,-0.025164,0.623599,0.394347,0.79436,-0.462043,0.429883,1.077483,3.124186,6.8655752017659815,-37.79065650640508,24.20390684777141,-0.01238,-0.327952,0.216958,0.91936,0.690753,0.407045,0.59764,-0.390805,0.905552,-0.165068,F,BuildTutorial
16.521,0.169918,1.510001,2.817973,45.81424019872131,6.927221910315186,11.478760916936189,-0.392145,-0.016517,-0.068551,-0.917197,0.990056,0.138705,0.023465,-0.112796,0.683046,0.721613,-0.167397,1.307716,2.922202,-37.47846741766269,-37.65729068578555,-1.914835753744411,-0.298921,-0.310669,-0.118646,0.894458,0.778816,-0.026516,0.626692,0.397978,0.793139,-0.461025,0.427328,1.07664,3.124187,6.908750058670785,-38.37439914694148,24.208319291693677,-0.013149,-0.332698,0.217044,0.917623,0.684408,0.407079,0.604874,-0.38958,0.905438,-0.168552,F,BuildTutorial
16.554,0.171941,1.509573,2.817902,45.91751482414351,6.91776723643628,11.330731248982392,-0.39294,-0.016845,-0.067314,-0.916942,0.99037,0.136684,0.022008,-0.110207,0.682134,0.722875,-0.165846,1.307556,2.920607,-37.40266857263736,-37.87527525470345,-1.8660736842076069,-0.298234,-0.312302,-0.118634,0.89412,0.776788,-0.025867,0.629231,0.398423,0.793965,-0.459215,0.42434,1.076069,3.124204,6.966985441184241,-38.9717817143717,23.84085177264331,-0.012728,-0.33761,0.214194,0.916504,0.680282,0.401213,0.613388,-0.384024,0.907918,-0.167958,F,BuildTutorial
16.588,0.173512,1.509277,2.817613,46.0204197424486,6.931176428885453,11.249753490431331,-0.393755,-0.017128,-0.066536,-0.916644,0.990559,0.135468,0.020998,-0.108491,0.681059,0.724146,-0.165403,1.307362,2.919426,-37.31399812965949,-38.10790244398208,-1.6789374945496625,-0.297811,-0.3137,-0.117544,0.893915,0.775551,-0.023302,0.630854,0.396995,0.794984,-0.458689,0.420873,1.075569,3.123817,7.030383526568647,-39.881043528402586,24.10731972964891,-0.014719,-0.344934,0.216388,0.913225,0.668393,0.405377,0.623635,-0.385068,0.905919,-0.176164,F,BuildTutorial
16.621,0.174886,1.50917,2.817217,46.04347836536659,6.919744934969729,11.168803567156452,-0.39392,-0.017292,-0.065909,-0.916616,0.990714,0.13445,0.020226,-0.107203,0.680966,0.724426,-0.164516,1.30696,2.918128,-37.27441507698353,-38.28136948689084,-1.8418256481782336,-0.296875,-0.315507,-0.119159,0.893377,0.772513,-0.025575,0.634484,0.40024,0.795333,-0.455251,0.417916,1.074378,3.122959,7.282104785676244,-40.72784294679902,24.561874782274806,-0.015694,-0.351996,0.220602,0.909498,0.654867,0.412323,0.633355,-0.390227,0.902177,-0.183849,F,BuildTutorial
16.654,0.176067,1.509059,2.816649,46.041156756284586,6.945859434987098,11.23779843660274,-0.393927,-0.017266,-0.066373,-0.91658,0.990593,0.135275,0.020641,-0.10807,0.680832,0.724423,-0.16341,1.306226,2.91645,-37.201686898791294,-38.54356971238921,-1.836360806027197,-0.296048,-0.317594,-0.1196,0.892853,0.76966,-0.025524,0.637943,0.401616,0.796103,-0.452686,0.414472,1.074099,3.122903,7.401709723411081,-41.47490259207447,24.278061667423945,-0.015288,-0.358141,0.218595,0.907589,0.647903,0.407739,0.643406,-0.385838,0.903965,-0.184325,F,BuildTutorial
16.687,0.17699,1.509035,2.816144,46.02171560846594,6.918872875276837,11.281852966153895,-0.393763,-0.016918,-0.066834,-0.916623,0.990494,0.135847,0.021619,-0.1092,0.680968,0.724125,-0.162991,1.305896,2.91538,-36.99511302325867,-38.700961399674696,-1.7885145493270072,-0.294401,-0.318861,-0.119076,0.893015,0.768297,-0.024927,0.639608,0.40042,0.798298,-0.449872,0.413001,1.073441,3.122293,7.628377973144854,-42.20346690144616,24.352179765697677,-0.015103,-0.364236,0.219748,0.904884,0.638086,0.408695,0.652545,-0.386691,0.902965,-0.187414,F,BuildTutorial
16.721,0.177702,1.509067,2.815706,45.95769357222581,6.823010955714141,11.20245863295574,-0.393186,-0.016487,-0.06658,-0.916897,0.990591,0.135059,0.022123,-0.109129,0.681943,0.723218,-0.162696,1.305669,2.914306,-36.936404274363994,-39.00079910099564,-1.4437537353304817,-0.294595,-0.320359,-0.117001,0.89269,0.767363,-0.020138,0.640897,0.397643,0.799049,-0.451,0.412302,1.073303,3.12267,7.648697638329267,-42.51236493653828,25.27287138760832,-0.018479,-0.366568,0.227022,0.90208,0.628178,0.423131,0.652956,-0.396036,0.896239,-0.199777,F,BuildTutorial
16.754,0.178391,1.50893,2.815091,45.98634757170208,6.73446850792631,11.13323923720768,-0.393353,-0.015988,-0.066307,-0.916854,0.990696,0.134165,0.022846,-0.109009,0.681754,0.723415,-0.161637,1.305432,2.912879,-37.061852385664814,-39.07887681128915,-1.4269578453377594,-0.295542,-0.32082,-0.117414,0.892157,0.766577,-0.019872,0.641845,0.399135,0.797738,-0.452002,0.412834,1.074023,3.123683,7.451206813554176,-42.15535291112868,24.88972766429119,-0.018131,-0.363507,0.223476,0.904208,0.635842,0.41732,0.649268,-0.390957,0.899459,-0.19526,F,BuildTutorial
16.787,0.178984,1.508821,2.814314,46.08614245950366,6.695445657899308,11.155443463156384,-0.394128,-0.015502,-0.066539,-0.916513,0.990665,0.134187,0.024035,-0.109748,0.680471,0.72451,-0.160771,1.305083,2.911886,-37.10792788701672,-39.051847945484965,-1.6788633621891205,-0.295224,-0.321221,-0.119431,0.89185,0.765107,-0.023365,0.643479,0.402693,0.797158,-0.449863,0.412642,1.075006,3.123807,7.246130668592399,-42.442252892926774,24.65797605412282,-0.019586,-0.365492,0.220994,0.903988,0.635154,0.413869,0.652144,-0.385234,0.901556,-0.196955,F,BuildTutorial
16.821,0.179486,1.508781,2.813705,46.05435454812237,6.592791628230937,11.139421288210611,-0.393813,-0.014767,-0.066789,-0.916642,0.990642,0.134074,0.025532,-0.110811,0.680901,0.723944,-0.160177,1.304907,2.910981,-37.01865666997098,-39.20527983534513,-1.5287909566963156,-0.294789,-0.322102,-0.118414,0.891812,0.764457,-0.021302,0.644323,0.401111,0.798155,-0.449509,0.412503,1.075616,3.1243,7.040063878441394,-42.61723955507176,25.16803367733048,-0.023197,-0.366455,0.224369,0.90268,0.630738,0.422069,0.651174,-0.388066,0.898241,-0.206322,F,BuildTutorial
16.854,0.180012,1.508631,2.813008,46.02235143324757,6.496506294381815,11.18917564788966,-0.393508,-0.013857,-0.067543,-0.916732,0.990492,0.134743,0.027751,-0.112932,0.681179,0.723354,-0.159321,1.304698,2.909778,-37.03870567646298,-39.39727952809189,-1.2918576076655703,-0.295415,-0.322969,-0.11712,0.891462,0.763948,-0.017996,0.645027,0.399635,0.798027,-0.45105,0.412855,1.076192,3.125377,6.743930287571931,-42.42711791793916,25.112395086584417,-0.025007,-0.3645,0.223089,0.90374,0.634742,0.42146,0.647669,-0.384999,0.899212,-0.207833,F,BuildTutorial
16.888,0.180514,1.508391,2.812051,46.047907981539154,6.418695805702476,11.279900566013366,-0.393676,-0.012898,-0.068516,-0.916602,0.990278,0.135759,0.030301,-0.115448,0.68065,0.723455,-0.158865,1.304433,2.909176,-37.069800026081296,-39.39611174611265,-1.4250822469570597,-0.295283,-0.323277,-0.118239,0.891246,0.763023,-0.019843,0.646066,0.401676,0.797655,-0.449892,0.413528,1.076264,3.126257,6.597375165968975,-42.30324849156411,24.9304205965037,-0.025357,-0.363331,0.221245,0.904654,0.638083,0.418726,0.646157,-0.381874,0.900815,-0.206649,F,BuildTutorial
16.921,0.180988,1.508246,2.811257,46.04917168232892,6.29632087859881,11.246099598562004,-0.393609,-0.012034,-0.068665,-0.916631,0.990281,0.135354,0.031992,-0.116407,0.680715,0.723241,-0.157538,1.303879,2.907969,-37.01554477387832,-39.247196032964574,-1.5580560875161322,-0.294639,-0.322506,-0.118741,0.891672,0.763781,-0.02171,0.64511,0.401801,0.798177,-0.448853,0.414202,1.076002,3.12756,6.451501078715395,-42.01731068529174,25.01619146114251,-0.026239,-0.360822,0.221555,0.905556,0.641442,0.420197,0.641863,-0.382326,0.90045,-0.207407,F,BuildTutorial
16.954,0.181565,1.508192,2.810404,45.98684477737746,6.1389652820013145,11.196121914929371,-0.393013,-0.011007,-0.068853,-0.916885,0.990276,0.134913,0.033936,-0.11761,0.6816,0.722212,-0.156506,1.30353,2.906712,-37.018869929987474,-39.3371363608033,-1.4274095672076412,-0.29494,-0.322867,-0.117965,0.891545,0.763683,-0.01989,0.645286,0.400795,0.79819,-0.44973,0.414732,1.075575,3.12853,6.434873708816369,-41.81190183217245,24.792053812080702,-0.025272,-0.359222,0.21978,0.906652,0.645312,0.416685,0.640271,-0.380372,0.902116,-0.203726,F,BuildTutorial
16.988,0.182265,1.508255,2.809549,45.93074655193917,5.974566272083246,11.081198009719245,-0.392457,-0.010139,-0.068539,-0.917157,0.990399,0.13368,0.035198,-0.117763,0.68256,0.721279,-0.156249,1.3034,2.905911,-36.9646973836876,-39.42366442426761,-1.4961553668128582,-0.294234,-0.323762,-0.118573,0.891373,0.762237,-0.020862,0.646961,0.401909,0.798734,-0.447765,0.414846,1.074599,3.128917,6.494484625045607,-41.81288105207259,24.641293077470724,-0.024325,-0.359356,0.218762,0.906871,0.646013,0.414261,0.641136,-0.379296,0.903103,-0.201347,F,BuildTutorial
17.021,0.183002,1.508331,2.808735,45.87415138032933,5.828780993126753,10.953063639019648,-0.391908,-0.009464,-0.068054,-0.917435,0.990558,0.132288,0.035977,-0.117452,0.683553,0.720389,-0.155883,1.30314,2.90498,-36.873147123662754,-39.4722042758949,-1.4386003831170104,-0.293632,-0.324068,-0.117997,0.891536,0.762114,-0.020083,0.647132,0.40071,0.799714,-0.44709,0.415014,1.073255,3.129004,6.629440564067258,-41.76113188571588,24.74026682887089,-0.023458,-0.359137,0.219952,0.906692,0.645283,0.415707,0.640935,-0.382009,0.902142,-0.200524,F,BuildTutorial
17.055,0.183728,1.508354,2.808059,45.81117573864043,5.741360183058079,10.876937982938983,-0.391348,-0.009083,-0.067789,-0.917698,0.990644,0.131529,0.036387,-0.11731,0.684503,0.71951,-0.154822,1.302802,2.903701,-36.89851899636983,-39.47023120252729,-1.4559470949918545,-0.293783,-0.324076,-0.118197,0.891457,0.762009,-0.02032,0.647248,0.401152,0.799442,-0.447181,0.415148,1.071575,3.12903,6.980677569459528,-42.0474247410926,24.67259382704521,-0.02099,-0.361962,0.220394,0.905522,0.640821,0.414338,0.646276,-0.383947,0.901972,-0.197563,F,BuildTutorial
17.088,0.184508,1.508456,2.807504,45.72879246824942,5.650803379343535,10.7834175425528,-0.39063,-0.008753,-0.067408,-0.918035,0.990759,0.130604,0.036592,-0.116927,0.685728,0.718404,-0.153852,1.302701,2.902406,-37.0041519960983,-39.46169498049639,-1.5764717274336684,-0.294275,-0.324231,-0.119404,0.891077,0.761234,-0.021971,0.648105,0.403624,0.798289,-0.447015,0.415717,1.069472,3.129723,7.265435126376474,-41.92603964137516,24.693461250813236,-0.018548,-0.36144,0.221417,0.905534,0.640671,0.414409,0.646379,-0.387593,0.901261,-0.193649,F,BuildTutorial
17.121,0.185238,1.508414,2.807082,45.701324939829206,5.596230350659499,10.66953643648273,-0.39037,-0.008729,-0.066701,-0.918197,0.99095,0.129304,0.036046,-0.115674,0.686325,0.718038,-0.15329,1.302868,2.901657,-37.053773248005406,-39.47928816532098,-1.6699786500144511,-0.294379,-0.324567,-0.120313,0.890798,0.760362,-0.023257,0.649083,0.405441,0.797731,-0.446366,0.415193,1.068419,3.131228,7.375979329474553,-41.622742408404314,24.681295205028807,-0.01704,-0.359215,0.221691,0.906382,0.643635,0.414115,0.643617,-0.389631,0.901126,-0.190158,F,BuildTutorial
17.153,0.185942,1.5084,2.806719,45.73112481430342,5.592685725804934,10.634459710870455,-0.390603,-0.008793,-0.066411,-0.918118,0.991025,0.128815,0.035735,-0.115077,0.686037,0.718408,-0.152605,1.302957,2.901093,-37.04620186348063,-39.4436891680679,-1.6078936504855617,-0.294533,-0.324137,-0.119718,0.890984,0.761206,-0.022395,0.648123,0.404272,0.797835,-0.447239,0.414901,1.066911,3.131479,7.807102573901528,-41.83722154735794,24.601005727306276,-0.013757,-0.361583,0.222284,0.90535,0.639695,0.412439,0.648603,-0.392542,0.900801,-0.185658,F,BuildTutorial
17.187,0.186515,1.508347,2.806543,45.74412084457554,5.534600030824952,10.59041026042137,-0.39067,-0.008466,-0.066247,-0.918105,0.991079,0.128258,0.036215,-0.115028,0.685977,0.718474,-0.151957,1.303013,2.900491,-37.08422199897192,-39.47377890621687,-1.6733431436782478,-0.294613,-0.324508,-0.120409,0.89073,0.760393,-0.023295,0.649046,0.405712,0.79741,-0.446694,0.414063,1.065987,3.13189,7.85976329414122,-42.02059863352469,24.75339572196209,-0.014175,-0.363093,0.223619,0.90441,0.636316,0.41478,0.65043,-0.394193,0.899588,-0.188029,F,BuildTutorial
17.221,0.187118,1.508208,2.80647,45.72780640142364,5.444055072763301,10.543239829659408,-0.390484,-0.007916,-0.066189,-0.918193,0.991113,0.127731,0.037154,-0.115366,0.686283,0.718127,-0.151696,1.30307,2.900059,-37.07906149210281,-39.52543141019519,-1.7598718960815,-0.294273,-0.325136,-0.1212,0.890506,0.759194,-0.024501,0.650403,0.407216,0.797428,-0.44529,0.413004,1.065951,3.132684,7.686585742634418,-41.99318096049326,24.61772490059964,-0.015075,-0.362629,0.222044,0.90497,0.638394,0.412819,0.649641,-0.390952,0.900939,-0.188324,F,BuildTutorial
17.254,0.187695,1.508061,2.806296,45.79750364194504,5.398814673837391,10.505137957000091,-0.391012,-0.007621,-0.06599,-0.917986,0.991175,0.127115,0.037614,-0.115195,0.685511,0.718892,-0.151323,1.302989,2.899584,-37.04189535300891,-39.56182653651557,-1.700184912731978,-0.294114,-0.325296,-0.120727,0.890564,0.759215,-0.023681,0.650409,0.406378,0.797844,-0.445311,0.412062,1.065471,3.132675,7.823151901047312,-42.30156094077205,24.038082198079326,-0.012735,-0.36534,0.217831,0.904939,0.638154,0.403552,0.655672,-0.384942,0.904775,-0.182213,F,BuildTutorial
17.287,0.188248,1.507861,2.806136,45.85234590069345,5.329378816318781,10.405832453205758,-0.391403,-0.007355,-0.065394,-0.917863,0.991339,0.125803,0.03769,-0.114289,0.685054,0.719471,-0.150676,1.302792,2.899275,-36.98836948522042,-39.39677713322599,-1.8930773001010504,-0.293324,-0.324551,-0.121656,0.89097,0.759733,-0.026387,0.649699,0.407181,0.798321,-0.443719,0.411095,1.064716,3.132362,7.885846515423624,-42.666213080363775,24.223211269279897,-0.013523,-0.368289,0.219436,0.903343,0.632422,0.406412,0.659448,-0.38649,0.90333,-0.186063,F,BuildTutorial
17.32,0.188835,1.507679,2.806122,45.85303276240379,5.243311933411395,10.2629466181568,-0.391351,-0.007153,-0.064543,-0.917948,0.991566,0.124093,0.037386,-0.112896,0.685358,0.719402,-0.150234,1.302653,2.898929,-37.014678642830326,-39.42051496548871,-1.933066852944364,-0.293391,-0.324817,-0.1221,0.890791,0.759172,-0.026934,0.650333,0.408127,0.798027,-0.44338,0.410764,1.063889,3.13235,7.968284990785412,-42.61069262861529,24.347424847170696,-0.013158,-0.36796,0.220667,0.903183,0.631823,0.408287,0.658863,-0.388921,0.902266,-0.18616,F,BuildTutorial
17.354,0.189474,1.507546,2.805927,45.916647029221835,5.237004183390722,10.214386106142095,-0.391852,-0.007213,-0.064133,-0.917762,0.99167,0.12337,0.037022,-0.112064,0.684679,0.720178,-0.15035,1.302466,2.899442,-36.8947220100257,-39.284880069805254,-1.969943966404459,-0.292494,-0.323952,-0.121711,0.891453,0.760483,-0.027492,0.648775,0.406508,0.799267,-0.442633,0.410041,1.062511,3.131851,8.323067744917108,-42.99112451752681,24.128203368942955,-0.010354,-0.371504,0.21996,0.90194,0.627206,0.404474,0.665593,-0.389088,0.903021,-0.182109,F,BuildTutorial
17.387,0.190105,1.507362,2.805739,45.92863930444097,5.246835259230431,10.163020654887722,-0.39195,-0.007457,-0.06368,-0.91775,0.991779,0.122729,0.036232,-0.111039,0.68464,0.720374,-0.150237,1.302241,2.899414,-36.747871823393574,-39.26442826851143,-2.0312460756754187,-0.291195,-0.324065,-0.121734,0.891834,0.760326,-0.028401,0.64892,0.405864,0.800773,-0.440496,0.409174,1.061395,3.131748,8.43714417660109,-43.22307089401777,24.68695729941732,-0.011712,-0.373443,0.224673,0.899959,0.620125,0.41314,0.666903,-0.395645,0.89877,-0.188885,F,BuildTutorial
17.421,0.190658,1.50734,2.805515,45.94368563473056,5.312469308758368,10.202061277094309,-0.392109,-0.007836,-0.063758,-0.917673,0.991747,0.123163,0.035619,-0.110873,0.684371,0.720655,-0.150491,1.302397,2.899188,-36.753102922627015,-39.471537379764904,-1.9166281948300403,-0.291341,-0.325381,-0.121383,0.891355,0.758787,-0.026798,0.650787,0.405985,0.800773,-0.440384,0.408806,1.061122,3.132481,8.311874376406914,-42.88819783039519,24.20838194915368,-0.010505,-0.37067,0.220567,0.902133,0.627908,0.405749,0.664154,-0.390173,0.90248,-0.182469,F,BuildTutorial
17.454,0.19113,1.507314,2.805368,45.93722257766797,5.319875455172019,10.193567731566873,-0.392061,-0.00793,-0.063669,-0.917699,0.991767,0.123077,0.03537,-0.110641,0.684468,0.720598,-0.150279,1.302385,2.899005,-36.82765460811042,-39.3327795697204,-2.0237460154688582,-0.291767,-0.324515,-0.122068,0.891438,0.759579,-0.028268,0.6498,0.406998,0.799943,-0.440958,0.408195,1.060916,3.132754,8.330051090307514,-43.006086907868855,23.458499789921294,-0.008155,-0.371686,0.214705,0.903153,0.631503,0.393886,0.667876,-0.381761,0.90767,-0.174336,F,BuildTutorial
17.487,0.191523,1.507201,2.805125,45.921389201541686,5.276327855224801,10.170765528413156,-0.391909,-0.007673,-0.063646,-0.917768,0.991781,0.122839,0.035803,-0.11081,0.684714,0.720339,-0.149794,1.30223,2.898386,-36.836193488837786,-39.390511449071845,-2.103802039474041,-0.291545,-0.325161,-0.122861,0.891166,0.758351,-0.029381,0.651184,0.408578,0.799813,-0.439731,0.4075,1.06069,3.133059,8.337891447704656,-43.03309202328588,24.04732627983373,-0.010054,-0.371863,0.219364,0.90194,0.627194,0.403184,0.666386,-0.38823,0.903557,-0.181282,F,BuildTutorial
17.522,0.191919,1.507169,2.804763,45.915194903330935,5.175381230160981,10.149376039273497,-0.391802,-0.006943,-0.063824,-0.917807,0.991757,0.122596,0.037268,-0.111715,0.684835,0.720084,-0.149952,1.30234,2.897847,-36.82331100287577,-39.57785091429872,-1.9855775431690743,-0.29158,-0.326327,-0.122383,0.890794,0.757066,-0.027736,0.652749,0.408337,0.800008,-0.439601,0.407276,1.060337,3.133383,8.637604026760755,-42.89798327226134,23.661122152291707,-0.006155,-0.371259,0.21723,0.902741,0.629957,0.396774,0.667626,-0.387635,0.905547,-0.172409,F,BuildTutorial
17.549,0.192174,1.507199,2.804552,45.893343762387794,5.090003917514584,10.081185801762482,-0.391576,-0.006511,-0.063584,-0.917923,0.991829,0.121829,0.037843,-0.111631,0.685251,0.719702,-0.149656,1.302233,2.897339,-36.81722192312373,-39.48092809367933,-2.0942949228471845,-0.291327,-0.325855,-0.122965,0.89097,0.757397,-0.029255,0.652299,0.408976,0.800016,-0.43899,0.406648,1.060624,3.132821,8.6180230867978,-43.24635855676405,23.44712957890095,-0.006273,-0.373986,0.215467,0.902036,0.627416,0.393411,0.671995,-0.384026,0.907069,-0.172481,F,BuildTutorial
17.583,0.19244,1.507288,2.804259,45.90809930382591,4.965148111998243,9.91214021833949,-0.391616,-0.006076,-0.062647,-0.917974,0.992077,0.119775,0.037911,-0.110257,0.685424,0.719748,-0.149532,1.30222,2.896842,-36.793818031637585,-39.51588211500826,-2.2521970536724463,-0.290657,-0.326546,-0.124217,0.890762,0.755876,-0.031471,0.653958,0.411121,0.800178,-0.436686,0.405938,1.060638,3.133012,8.492833513194888,-43.40787640373958,23.838224437951304,-0.008854,-0.375053,0.218155,0.900925,0.623487,0.399723,0.671927,-0.38644,0.904661,-0.179593,F,BuildTutorial
17.615,0.192628,1.507391,2.80405,45.877624377916554,4.860721784177084,9.805538116805607,-0.39131,-0.005629,-0.062169,-0.918139,0.992207,0.118564,0.038319,-0.109754,0.686023,0.719254,-0.149965,1.30248,2.896161,-36.85523460072832,-39.781468252211965,-2.1012651990958897,-0.29128,-0.328178,-0.123888,0.890004,0.753902,-0.029339,0.656332,0.411705,0.799616,-0.437165,0.405715,1.060904,3.133274,8.518726060777377,-43.22235653997633,23.741753348030233,-0.00798,-0.373638,0.217488,0.901682,0.626187,0.398173,0.670334,-0.386248,0.90527,-0.176914,F,BuildTutorial
17.65,0.192834,1.507437,2.803759,45.833035475645914,4.8163050499252185,9.76540047939583,-0.390928,-0.005447,-0.062027,-0.918313,0.992246,0.118179,0.038492,-0.109661,0.686656,0.718664,-0.150351,1.302523,2.895868,-36.87016192863129,-39.75400895816859,-2.1288865635875673,-0.291347,-0.328023,-0.124074,0.890013,0.754013,-0.029718,0.656187,0.411991,0.799446,-0.437207,0.405105,1.061301,3.132885,8.476447657618055,-43.54858110729623,23.47349144360892,-0.008055,-0.376163,0.215227,0.901174,0.624358,0.393973,0.674509,-0.381853,0.907225,-0.176438,F,BuildTutorial
17.682,0.192978,1.50754,2.803511,45.8012632495547,4.814350884806731,9.745623061357913,-0.390672,-0.005525,-0.061895,-0.91843,0.992277,0.118009,0.038212,-0.109375,0.68709,0.718293,-0.150561,1.302719,2.895192,-36.889257821954274,-39.97735508531692,-2.046711121150299,-0.29149,-0.329533,-0.124057,0.889411,0.752036,-0.028564,0.658503,0.412786,0.799287,-0.436747,0.404711,1.062177,3.132657,8.221954951534522,-43.54081367683928,23.978683264370517,-0.011723,-0.375694,0.218426,0.900559,0.622288,0.40222,0.671548,-0.384603,0.904305,-0.185238,F,BuildTutorial
17.715,0.193125,1.507652,2.803234,45.752060650523056,4.882350671017912,9.808352367343836,-0.390319,-0.005897,-0.062197,-0.918558,0.992194,0.118867,0.037721,-0.10966,0.687565,0.717794,-0.150404,1.302684,2.894547,-36.957347236504354,-40.05019863303588,-1.9778682415015487,-0.29214,-0.329868,-0.123898,0.889096,0.751673,-0.02758,0.658959,0.413049,0.798608,-0.43774,0.404494,1.063702,3.132581,7.889808544007159,-43.3232668889652,23.86225920134109,-0.013573,-0.373513,0.216527,0.901898,0.627209,0.400711,0.667863,-0.380432,0.905863,-0.186234,F,BuildTutorial
17.749,0.193233,1.507721,2.802909,45.750671036223096,4.983369062869932,9.855293346696325,-0.390365,-0.006548,-0.06223,-0.918531,0.992169,0.119433,0.036556,-0.109209,0.687485,0.71794,-0.150124,1.30238,2.894524,-36.88882358179289,-39.89199384435202,-2.1149091446672355,-0.291383,-0.329044,-0.124368,0.889583,0.752525,-0.029515,0.657902,0.413027,0.799257,-0.436575,0.404132,1.066034,3.131839,7.600728802918372,-43.41280647553444,23.34846065286232,-0.014367,-0.373864,0.211592,0.902911,0.630909,0.39284,0.669052,-0.371355,0.910045,-0.184158,F,BuildTutorial
17.782,0.193268,1.507963,2.802815,45.674513211676945,5.056540267915982,9.837483266682431,-0.389795,-0.007259,-0.061887,-0.918791,0.992235,0.119382,0.034908,-0.108064,0.68846,0.717179,-0.150188,1.302262,2.894515,-36.76030512340508,-39.98234152299423,-1.961890580457658,-0.290723,-0.32946,-0.123052,0.889828,0.752629,-0.027427,0.657874,0.410554,0.800676,-0.436306,0.404248,1.069144,3.131043,7.1599337105906615,-43.41712091928235,23.038366120953327,-0.016876,-0.373313,0.207802,0.903975,0.634911,0.388296,0.667918,-0.363096,0.913067,-0.185661,F,BuildTutorial
17.815,0.19324,1.508238,2.802672,45.62276051684066,5.1525284252276995,9.821631670323232,-0.389432,-0.008126,-0.061467,-0.918966,0.992312,0.119301,0.032939,-0.106643,0.68913,0.716748,-0.150293,1.302414,2.894506,-36.82184937547097,-40.045303957641025,-1.7888309890487517,-0.291633,-0.329459,-0.12204,0.88967,0.753126,-0.024988,0.657402,0.409312,0.800114,-0.4385,0.405104,1.073475,3.130625,6.26631394255965,-43.124613862716345,22.82566624387364,-0.022787,-0.369766,0.203444,0.906292,0.643768,0.385611,0.660959,-0.351909,0.916182,-0.191756,F,BuildTutorial
17.849,0.193074,1.508472,2.802488,45.5796651088259,5.2660092352187595,9.867679175718882,-0.389152,-0.008916,-0.061479,-0.919077,0.992282,0.119947,0.031461,-0.106069,0.689563,0.716417,-0.150085,1.302403,2.89449,-36.92413905037333,-40.03277592030413,-1.7799623325508809,-0.292469,-0.329255,-0.122225,0.889446,0.753304,-0.024831,0.657203,0.410019,0.799046,-0.439784,0.406687,1.078972,3.130317,5.40927644646523,-42.660318603874344,22.439698203641377,-0.027581,-0.364945,0.19788,0.90934,0.655318,0.380011,0.652802,-0.339748,0.920166,-0.194591,F,BuildTutorial
17.882,0.192885,1.509016,2.802443,45.45459751806145,5.429533464100869,9.84433423658272,-0.388237,-0.010413,-0.06082,-0.919491,0.992385,0.119933,0.028075,-0.103762,0.691146,0.715228,-0.150002,1.302358,2.894463,-36.99196094217317,-40.06488594354801,-1.6762917233365582,-0.293261,-0.329183,-0.121692,0.889285,0.753659,-0.023365,0.65685,0.409511,0.798378,-0.441468,0.409523,1.086991,3.130485,3.9927037356706503,-41.90989626294158,22.565901622196577,-0.038027,-0.356874,0.194821,0.91282,0.669371,0.382814,0.636707,-0.328531,0.921198,-0.208477,F,BuildTutorial
17.915,0.19287,1.509677,2.802447,45.327375854466965,5.763120243126479,9.887492161056167,-0.3874,-0.013053,-0.060124,-0.919856,0.992429,0.120725,0.022571,-0.100498,0.692612,0.714275,-0.149905,1.302149,2.89437,-36.92490655009227,-40.190499386144914,-1.4530605244149346,-0.293248,-0.329643,-0.120093,0.889336,0.753827,-0.020273,0.656761,0.406941,0.799166,-0.442416,0.414154,1.098565,3.132027,1.329644099705044,-39.848497028718704,22.05177775629855,-0.054463,-0.336551,0.183674,0.921972,0.705995,0.375343,0.600573,-0.302026,0.926595,-0.224057,F,BuildTutorial
17.948,0.193039,1.510259,2.802382,45.18928120377882,6.260645774792457,10.089240256561638,-0.386583,-0.016487,-0.060162,-0.920143,0.992217,0.123463,0.016176,-0.097969,0.693869,0.713406,-0.150007,1.301931,2.89402,-36.95298779490159,-40.518754922993416,-1.062394552314616,-0.294252,-0.331164,-0.117983,0.888722,0.752821,-0.014817,0.658059,0.4046,0.798991,-0.444873,0.42057,1.113529,3.133635,-2.392319201587284,-37.349371629335714,21.17227079333361,-0.078251,-0.311043,0.167433,0.932253,0.750437,0.360858,0.553738,-0.263501,0.931686,-0.250057,F,BuildTutorial
17.982,0.193165,1.510802,2.802101,45.07710685839054,6.776947728952066,10.296192361386508,-0.38599,-0.020037,-0.060168,-0.920321,0.991957,0.126217,0.009567,-0.09528,0.694784,0.71288,-0.150618,1.301748,2.894342,-36.984822988029,-40.7133857554952,-0.8657063336303511,-0.294869,-0.332139,-0.117049,0.888277,0.751966,-0.012069,0.659091,0.403819,0.798703,-0.446098,0.428634,1.130419,3.134379,-6.650862260536108,-34.36330267802627,20.81267614516983,-0.107775,-0.280044,0.155423,0.941172,0.794839,0.352922,0.493637,-0.232196,0.928457,-0.289919,F,BuildTutorial
18.016,0.19319,1.511491,2.801802,44.95773829471296,7.249236831251389,10.386072622681366,-0.385299,-0.023639,-0.059395,-0.920575,0.991827,0.127571,0.002246,-0.091138,0.696034,0.712202,-0.15038,1.30094,2.894425,-36.85861127808711,-40.82113372743733,-0.607696632262878,-0.294528,-0.332426,-0.114964,0.888555,0.752553,-0.008487,0.658477,0.400121,0.800074,-0.446974,0.43937,1.148405,3.133606,-11.126261750434567,-30.94309113975257,19.505160015674345,-0.137054,-0.24584,0.137,0.949742,0.841588,0.327615,0.429416,-0.192842,0.924895,-0.327691,F,BuildTutorial
18.051,0.193209,1.512244,2.801222,44.826031069419464,7.718482207829535,10.536823401057298,-0.384522,-0.027028,-0.059139,-0.920823,0.991544,0.129699,-0.004296,-0.088128,0.697291,0.71135,-0.150603,1.299966,2.895102,-36.71006093172451,-40.94158089906065,-0.2680409751322299,-0.294241,-0.332626,-0.112211,0.888927,0.753537,-0.00375,0.657394,0.395239,0.801662,-0.448469,0.451231,1.166374,3.131534,-15.84194516514692,-26.706800348663712,18.60090202318284,-0.169288,-0.204077,0.124333,0.956157,0.885788,0.306859,0.348162,-0.168668,0.911766,-0.374478,F,BuildTutorial
18.085,0.19312,1.513641,2.800739,44.46542773538825,8.137082621183184,10.57782765239246,-0.381863,-0.030606,-0.058379,-0.921866,0.99131,0.13101,-0.011844,-0.084261,0.701545,0.707626,-0.150313,1.298939,2.895591,-36.663483782335064,-40.98599547928258,-0.0548204804883681,-0.294455,-0.332467,-0.110536,0.889125,0.754496,-0.000767,0.656305,0.392353,0.802156,-0.450117,0.463514,1.184363,3.127767,-20.53770905967066,-22.100322145865587,19.0762715340379,-0.203795,-0.156999,0.126331,0.95805,0.918784,0.306054,0.249334,-0.178071,0.885016,-0.430159,F,BuildTutorial
18.12,0.193002,1.515106,2.799773,44.08812037623787,8.591106472064741,10.62624120047934,-0.379086,-0.034471,-0.057597,-0.922924,0.990989,0.13245,-0.019959,-0.080181,0.705953,0.703706,-0.149573,1.297792,2.895962,-36.73061309887192,-40.97622668579535,0.2253058377573772,-0.295797,-0.331605,-0.108532,0.889249,0.756518,0.003152,0.653966,0.3892,0.801449,-0.454095,0.477182,1.202037,3.121114,-25.963167274743988,-16.14449208413926,16.103111906918734,-0.239385,-0.104332,0.103899,0.959695,0.95664,0.249375,0.15051,-0.149472,0.863799,-0.481154,F,BuildTutorial
18.154,0.193047,1.516779,2.798898,43.53373098202,9.036983314202724,10.736521467152242,-0.374902,-0.038257,-0.05753,-0.924487,0.990454,0.135056,-0.0276,-0.077686,0.712278,0.697585,-0.149303,1.296659,2.897321,-36.62438085864862,-40.91280846246272,0.1520462142464081,-0.294821,-0.331405,-0.108629,0.889636,0.756742,0.00213,0.653711,0.38869,0.802561,-0.452567,0.491202,1.217797,3.113528,-29.95344581533078,-9.713292063472196,11.48278415264307,-0.264389,-0.055617,0.074524,0.959923,0.982706,0.172484,0.067369,-0.113666,0.849089,-0.515876,F,BuildTutorial
18.187,0.193029,1.518885,2.797531,42.93268564922806,9.46513122924352,10.596404675036784,-0.370239,-0.042777,-0.055577,-0.926286,0.990163,0.134635,-0.038095,-0.071284,0.719669,0.690648,-0.148953,1.295594,2.898408,-36.36924464541974,-40.96578022624119,0.6450313940472905,-0.294216,-0.3308,-0.104194,0.890591,0.759429,0.009064,0.650527,0.380243,0.805161,-0.455117,0.501099,1.229916,3.104482,-32.53780657036919,-5.2222595122531725,10.289267818708131,-0.282649,-0.018462,0.073279,0.956242,0.988579,0.150582,-0.006117,-0.129709,0.829479,-0.543268,F,BuildTutorial
18.22,0.192935,1.521656,2.796038,42.10016164078208,9.962357230667232,10.400261131131629,-0.363699,-0.048269,-0.053208,-0.928742,0.989678,0.133944,-0.050954,-0.063723,0.729784,0.680702,-0.14911,1.294905,2.900116,-36.33750520132853,-40.787192637227534,1.319638741229592,-0.296066,-0.327706,-0.098395,0.891781,0.765855,0.018551,0.642746,0.369538,0.805327,-0.463562,0.508621,1.241161,3.091858,-36.37492063555495,-1.084398940248439,10.257943568259202,-0.311667,0.018948,0.081986,0.946458,0.985839,0.143381,-0.086972,-0.167004,0.792285,-0.586852,F,BuildTutorial
18.253,0.192777,1.525247,2.794674,40.85357601105652,10.404562947433693,10.195806171639047,-0.353748,-0.05375,-0.051407,-0.932379,0.988936,0.13389,-0.063861,-0.057834,0.74444,0.66518,-0.147609,1.294117,2.901103,-36.632313334449414,-40.52043552085127,1.237676451665563,-0.29835,-0.325537,-0.099198,0.891724,0.76837,0.017333,0.639771,0.371163,0.802294,-0.467507,0.515245,1.249555,3.07986,-38.5372221966379,3.739051798658928,8.273060891169134,-0.326741,0.054507,0.078794,0.940245,0.981641,0.112553,-0.153991,-0.183792,0.774064,-0.605843,F,BuildTutorial
18.287,0.192348,1.529669,2.793255,39.17333581848166,10.772252774903158,9.878292236791976,-0.340127,-0.059372,-0.049407,-0.937202,0.988068,0.132997,-0.077677,-0.052221,0.763745,0.643403,-0.146229,1.293664,2.901918,-37.111278237042704,-40.46539394335505,1.0609237955174418,-0.301612,-0.325077,-0.101813,0.890499,0.767918,0.014766,0.640379,0.377423,0.797329,-0.470976,0.520731,1.255999,3.067322,-40.22149418046978,8.886972824112876,5.0268227345979115,-0.339282,0.087715,0.067669,0.934138,0.975454,0.066905,-0.209794,-0.185945,0.760617,-0.622002,F,BuildTutorial
18.32,0.191819,1.534969,2.791903,37.012005974934105,11.042534479461718,9.477561729168032,-0.322389,-0.064828,-0.047543,-0.943187,0.987074,0.131484,-0.091635,-0.047884,0.78761,0.614311,-0.144796,1.293147,2.90337,-37.25217814076432,-40.26659419010158,1.256608620040314,-0.303433,-0.322869,-0.100173,0.89087,0.771442,0.017456,0.636061,0.37442,0.795788,-0.475953,0.522194,1.259704,3.055459,-41.65883130711784,12.14227632495615,3.972241209106486,-0.349954,0.111046,0.069796,0.927539,0.965594,0.051755,-0.254851,-0.2072,0.745321,-0.633691,F,BuildTutorial
18.353,0.190978,1.540574,2.789788,34.85612439445518,11.341306740016584,9.128045161032857,-0.304599,-0.070259,-0.046048,-0.948769,0.985887,0.130179,-0.105266,-0.044576,0.810198,0.58446,-0.143708,1.292485,2.904666,-37.10707086850859,-40.338960577890035,2.29620668300509,-0.305168,-0.320828,-0.091859,0.891911,0.777263,0.031953,0.628364,0.359672,0.79687,-0.485423,0.521172,1.259933,3.044765,-41.79636852612656,14.158518914562642,5.607023465811793,-0.347934,0.132311,0.089254,0.923834,0.949055,0.072842,-0.306575,-0.256983,0.741952,-0.619248,F,BuildTutorial
18.387,0.190154,1.545522,2.786705,32.875556449413956,11.786027892593124,8.906869320728473,-0.288275,-0.076321,-0.045116,-0.953434,0.984279,0.130033,-0.119523,-0.042026,0.829724,0.55659,-0.143338,1.291752,2.907353,-36.95702463327487,-40.238015697589965,2.8612412545507477,-0.305661,-0.318705,-0.086753,0.893013,0.781802,0.039888,0.622249,0.349774,0.798091,-0.490621,0.517384,1.259581,3.033699,-42.775116777266966,15.330188540138554,5.966096614913255,-0.354463,0.142837,0.096599,0.919033,0.940532,0.076294,-0.331026,-0.278817,0.730049,-0.623931,F,BuildTutorial
18.42,0.18912,1.55008,2.783051,31.21966598643913,12.301940245525676,8.79510965817695,-0.274661,-0.082379,-0.044676,-0.956963,0.982436,0.130759,-0.133126,-0.040254,0.84513,0.533043,-0.142399,1.290915,2.909834,-36.92295712420064,-40.02412442070402,3.062231023749153,-0.306114,-0.31654,-0.084516,0.893842,0.785319,0.042707,0.617616,0.344882,0.798303,-0.49373,0.511658,1.257171,3.023155,-43.30079700815169,15.509399212166407,6.619335628770903,-0.357718,0.146309,0.102868,0.916542,0.936024,0.08389,-0.341792,-0.29324,0.722912,-0.625627,F,BuildTutorial
18.453,0.187972,1.553887,2.779029,29.874716698648804,12.814441524222886,8.665952903632473,-0.263567,-0.088162,-0.043861,-0.959602,0.980607,0.130653,-0.14608,-0.037706,0.857217,0.513573,-0.141267,1.290475,2.912523,-36.9674331463803,-39.90809425895314,3.645620004335928,-0.308147,-0.314019,-0.079782,0.894468,0.790054,0.050803,0.610929,0.336253,0.797361,-0.501149,0.506454,1.252139,3.015173,-42.590227401313136,16.300672902230932,7.749217964073383,-0.349756,0.156082,0.113693,0.916724,0.925425,0.099269,-0.365698,-0.317632,0.72949,-0.605768,F,BuildTutorial
18.487,0.18691,1.556933,2.775217,28.617735274464007,13.362336682427912,8.616573850389596,-0.253246,-0.093976,-0.043625,-0.961838,0.978531,0.131519,-0.158684,-0.036323,0.867926,0.495363,-0.140138,1.290041,2.915669,-36.85192957682847,-39.87454971211442,4.444759885445446,-0.309457,-0.311744,-0.073114,0.895381,0.79494,0.062013,0.60351,0.323872,0.797781,-0.508578,0.501037,1.246602,3.008299,-41.831724722430685,17.307298011649088,8.401594126685822,-0.341689,0.166022,0.121216,0.917056,0.915487,0.108868,-0.38734,-0.33578,0.737111,-0.586447,F,BuildTutorial
18.52,0.185857,1.55946,2.771155,27.754927215199277,14.034829722556305,8.541562278031975,-0.246221,-0.100548,-0.042534,-0.963045,0.976162,0.131438,-0.172719,-0.03241,0.875132,0.482797,-0.13897,1.289855,2.919144,-36.58113915740679,-39.83263258661951,5.174733720349158,-0.309366,-0.309787,-0.0665,0.896606,0.799219,0.072427,0.59666,0.310923,0.799741,-0.513557,0.4944,1.241075,3.001704,-41.49209363875075,16.924747166814534,10.155385195876898,-0.336815,0.168088,0.13379,0.916735,0.907693,0.132071,-0.398309,-0.358529,0.737312,-0.572563,F,BuildTutorial
18.553,0.184848,1.561318,2.76729,27.15943759848266,14.773843017786987,8.310671083424982,-0.241293,-0.107774,-0.039742,-0.96363,0.973611,0.128603,-0.18853,-0.024583,0.880397,0.4736,-0.13688,1.289641,2.922249,-36.68188396078968,-39.51968694693419,6.110846749682699,-0.312826,-0.304663,-0.058617,0.89771,0.807489,0.085371,0.583673,0.295855,0.797408,-0.525938,0.488287,1.235762,2.995347,-40.868402263773184,16.502331083130198,11.764456510647662,-0.329916,0.169184,0.144882,0.917356,0.900772,0.154183,-0.406001,-0.377449,0.74033,-0.556277,F,BuildTutorial
18.587,0.18409,1.562478,2.763381,26.794308972641204,15.612778904933643,8.10688829127511,-0.238318,-0.115573,-0.036734,-0.963586,0.970587,0.12588,-0.205221,-0.015707,0.88371,0.467771,-0.134798,1.289763,2.926189,-36.92800566217898,-38.86187320674822,6.5458324960184475,-0.316198,-0.297979,-0.054119,0.899054,0.81656,0.091129,0.570022,0.285752,0.79418,-0.536306,0.484056,1.230665,2.988696,-40.27973995631929,17.865898003323817,11.13929214045706,-0.324382,0.178108,0.143228,0.9179,0.895527,0.147387,-0.419891,-0.378487,0.748525,-0.54448,F,BuildTutorial
18.619,0.183841,1.562696,2.759295,26.934461928939857,16.784393694055417,7.948784323881878,-0.239679,-0.125625,-0.032775,-0.962132,0.966288,0.123287,-0.226025,-0.002848,0.88296,0.469439,-0.132677,1.289581,2.930334,-37.06990942431831,-38.11926962142281,6.581949012209864,-0.317735,-0.291855,-0.052189,0.900634,0.824194,0.091459,0.558874,0.279472,0.792641,-0.541863,0.481703,1.225193,2.981935,-39.15295490258006,21.421445396215972,8.284866036299322,-0.315718,0.198432,0.128984,0.918863,0.887976,0.11174,-0.446109,-0.362334,0.76737,-0.529015,F,BuildTutorial
18.653,0.18436,1.562439,2.755272,27.31591775831275,18.387791167604973,7.659309788803944,-0.242941,-0.139343,-0.026425,-0.959617,0.95977,0.11842,-0.254593,0.016988,0.880563,0.473625,-0.130765,1.289608,2.934783,-37.08352114374803,-37.364735886690056,6.885615876317901,-0.318934,-0.285056,-0.047742,0.902632,0.832927,0.095641,0.545055,0.268015,0.792004,-0.548541,0.478775,1.218455,2.97684,-37.076736811920014,24.608408227188672,5.618414156235749,-0.300361,0.217026,0.113072,0.921899,0.880229,0.078109,-0.468077,-0.338855,0.793995,-0.504727,F,BuildTutorial
18.686,0.186281,1.562022,2.751172,27.651633657239746,20.874985569002877,7.288579545603885,-0.245723,-0.16062,-0.017494,-0.95578,0.947791,0.112376,-0.298437,0.045496,0.878629,0.475334,-0.127283,1.288333,2.937676,-36.92172071874703,-36.41173075569143,7.245272424567351,-0.318929,-0.276756,-0.041803,0.905507,0.843318,0.100826,0.527873,0.252236,0.793073,-0.554447,0.472852,1.210109,2.973969,-34.98485311857897,23.39752095373445,6.719182861418237,-0.282497,0.210306,0.115574,0.928768,0.884828,0.095862,-0.455949,-0.333505,0.813676,-0.476137,F,BuildTutorial
18.72,0.188961,1.561506,2.747204,27.901287280813023,23.882963728322725,7.293719823466957,-0.248164,-0.1854,-0.010612,-0.950752,0.931028,0.112198,-0.347272,0.071841,0.876604,0.475819,-0.12318,1.286062,2.939507,-36.72275999515396,-35.71345477995039,7.861510152109044,-0.319079,-0.269788,-0.03444,0.907864,0.852057,0.109635,0.511839,0.2347,0.794005,-0.560778,0.466005,1.202171,2.970686,-34.122017524142855,22.266877383596857,8.905429363905728,-0.272668,0.206389,0.129304,0.930772,0.881368,0.128154,-0.454717,-0.353256,0.817866,-0.454209,F,BuildTutorial
18.753,0.191877,1.561195,2.743564,27.85848228088453,26.76732034836636,7.616327952037458,-0.24859,-0.208614,-0.007115,-0.94585,0.912859,0.117179,-0.391098,0.090259,0.876305,0.473227,-0.118971,1.283354,2.941249,-36.608422036235936,-34.960614662679674,8.128193471270604,-0.319017,-0.263232,-0.029921,0.909968,0.859628,0.113495,0.498156,0.222406,0.794666,-0.564837,0.461205,1.194678,2.967073,-32.98226646565079,22.444391486522925,8.96188833774581,-0.263009,0.207792,0.128557,0.933339,0.880591,0.130673,-0.455504,-0.349277,0.828599,-0.437526,F,BuildTutorial
18.786,0.194668,1.5611,2.740127,27.894390956474066,29.54575086391721,7.948259352507237,-0.249651,-0.230723,-0.003728,-0.94044,0.893506,0.122212,-0.432102,0.108189,0.875321,0.471283,-0.113634,1.279952,2.942673,-36.26199462179724,-33.79521167952108,7.57873551047942,-0.31536,-0.255948,-0.030158,0.913307,0.867162,0.106345,0.486539,0.216518,0.799278,-0.560603,0.457185,1.18645,2.964438,-30.859943187239107,22.215496816955316,7.883776194525341,-0.247692,0.203219,0.116162,0.940137,0.890417,0.117745,-0.439652,-0.319088,0.85031,-0.418516,F,BuildTutorial
18.82,0.197288,1.560896,2.736901,28.106297451259028,32.28729951174831,8.271916372307093,-0.252093,-0.2522,0.000134,-0.934262,0.872791,0.126906,-0.471308,0.127405,0.872899,0.470973,-0.110454,1.27707,2.945141,-35.56617894204145,-32.85480517068855,7.683485725242464,-0.310331,-0.249055,-0.024982,0.917083,0.874695,0.108759,0.472314,0.200399,0.806141,-0.556756,0.454637,1.178818,2.961493,-28.908741701675403,22.563737866479645,7.078449535177423,-0.232624,0.204193,0.107362,0.944809,0.893557,0.107873,-0.435797,-0.297873,0.868719,-0.395725,F,BuildTutorial
18.853,0.199996,1.560874,2.73395,28.23112030650494,34.836793428725116,8.523753263641327,-0.253626,-0.272213,0.004036,-0.928201,0.851768,0.130588,-0.507385,0.145574,0.871315,0.468635,-0.107058,1.274425,2.946757,-34.939469548155614,-32.11585353189949,7.973412411446841,-0.306135,-0.243155,-0.019107,0.920213,0.881021,0.113711,0.459208,0.184042,0.811833,-0.554126,0.451813,1.172229,2.957969,-27.78984579201244,21.627872422171684,8.068846537165255,-0.222479,0.198274,0.112028,0.947966,0.896274,0.124174,-0.425763,-0.300622,0.875906,-0.377381,F,BuildTutorial
18.887,0.202386,1.560552,2.731067,28.53386551936341,37.23706163763168,8.771440185507998,-0.25652,-0.290654,0.008216,-0.921765,0.830906,0.133971,-0.540044,0.164263,0.86826,0.468126,-0.103156,1.272098,2.948076,-34.52108592995398,-31.08575667003773,7.535537039153597,-0.302064,-0.236554,-0.018878,0.923279,0.887372,0.10805,0.448215,0.177767,0.816802,-0.548847,0.450365,1.166154,2.954161,-26.463928336773687,21.627895614586272,7.517293625936326,-0.212373,0.196985,0.105533,0.951293,0.900119,0.117118,-0.419605,-0.284455,0.887521,-0.362481,F,BuildTutorial
18.92,0.204618,1.560116,2.728433,28.78915414601973,39.37020021023275,9.073403862981165,-0.259144,-0.306739,0.011341,-0.915766,0.811566,0.138207,-0.567679,0.179751,0.865432,0.467673,-0.101066,1.270864,2.950207,-34.275440941053766,-30.39556189651656,7.439856594283021,-0.300018,-0.231535,-0.017255,0.925248,0.892188,0.106999,0.438808,0.170859,0.819383,-0.547191,0.451043,1.160908,2.94973,-25.02060181809396,23.502817798488337,7.108447759966806,-0.199341,0.211595,0.103285,0.951222,0.889119,0.112135,-0.443726,-0.280854,0.89919,-0.335526,F,BuildTutorial
18.954,0.206514,1.559583,2.726231,28.9176360916158,41.25417519102337,9.435635878743,-0.260943,-0.320751,0.013124,-0.910415,0.793893,0.143499,-0.590883,0.191292,0.863473,0.466713,-0.098606,1.269801,2.951509,-34.00468234336143,-30.067973511006784,7.602507107306327,-0.298226,-0.228787,-0.014454,0.926558,0.894895,0.109676,0.43259,0.163245,0.821705,-0.546033,0.450874,1.156791,2.945284,-24.383879765974147,23.977420259545443,7.759852207108765,-0.192369,0.216547,0.108464,0.950966,0.882686,0.122978,-0.453588,-0.289605,0.902459,-0.318898,F,BuildTutorial
18.987,0.207967,1.558992,2.724362,29.133938277952865,42.80929417351156,9.72094587475994,-0.26325,-0.33211,0.01511,-0.905635,0.778949,0.147487,-0.609497,0.202225,0.860942,0.46678,-0.095874,1.268586,2.952812,-33.69287071444765,-29.488037797525255,7.527670939150507,-0.29565,-0.224656,-0.012839,0.928416,0.89873,0.108998,0.424741,0.15668,0.824853,-0.543203,0.449614,1.152965,2.941358,-24.026991149444054,23.284765991277787,8.732507065223412,-0.188241,0.21233,0.114814,0.951997,0.883467,0.138667,-0.447502,-0.298545,0.902766,-0.309653,F,BuildTutorial
19.02,0.20935,1.558375,2.722968,29.299853782343185,44.06059249254509,9.855528048926878,-0.264753,-0.341422,0.017477,-0.901683,0.766252,0.149267,-0.624962,0.212303,0.859201,0.465512,-0.093832,1.268107,2.954046,-33.62368503338356,-29.058921962418705,7.69424128500707,-0.295462,-0.220829,-0.010225,0.929426,0.90226,0.111487,0.41653,0.1495,0.825195,-0.544705,0.449993,1.149062,2.937669,-23.283615382417995,23.71250853313085,9.498830044166723,-0.180148,0.216891,0.120682,0.951809,0.876789,0.151587,-0.456358,-0.307877,0.905965,-0.290583,F,BuildTutorial
19.053,0.210378,1.557607,2.721653,29.570575689677508,45.10954432142261,10.025051195492932,-0.267181,-0.348856,0.019492,-0.898073,0.755839,0.151405,-0.637012,0.221426,0.856469,0.466295,-0.091602,1.2674,2.954835,-33.622928599757856,-28.7321147175025,7.570985704199866,-0.295249,-0.218496,-0.010381,0.930043,0.904304,0.109712,0.412551,0.148331,0.825441,-0.544651,0.451513,1.145375,2.934339,-22.51190837672295,24.899523032023957,9.772950040822996,-0.171899,0.226904,0.123506,0.950637,0.866521,0.15681,-0.473869,-0.312829,0.910394,-0.27078,F,BuildTutorial
19.087,0.210972,1.556595,2.7204,29.940640704329923,45.92948559167825,10.206373605191656,-0.27043,-0.354272,0.021267,-0.894934,0.748078,0.153548,-0.645603,0.229676,0.85283,0.468966,-0.089444,1.266813,2.955851,-33.402873926265414,-28.219099708904615,7.374696449007415,-0.293154,-0.215085,-0.010172,0.931502,0.90727,0.107155,0.406668,0.145057,0.827914,-0.541772,0.452336,1.142063,2.931456,-21.814218476106,25.3230164110725,10.12462616127581,-0.164904,0.230682,0.125851,0.95066,0.861895,0.163203,-0.480106,-0.315364,0.913936,-0.255472,F,BuildTutorial
19.12,0.21122,1.555807,2.719427,30.275733558605296,46.50962740977751,10.202444325952628,-0.272864,-0.358278,0.023839,-0.892532,0.742137,0.152969,-0.652559,0.238076,0.849954,0.469997,-0.087307,1.266112,2.956729,-33.17938115916403,-27.461012991041567,7.324350735372496,-0.29132,-0.209295,-0.008165,0.933414,0.912258,0.106701,0.395475,0.137186,0.830132,-0.540427,0.453151,1.139337,2.928655,-21.165031233288524,25.60872989190911,10.435746783769051,-0.15853,0.233237,0.127706,0.950873,0.858584,0.168915,-0.484047,-0.316815,0.917118,-0.241913,F,BuildTutorial
19.153,0.211347,1.555333,2.718564,30.599865588777316,46.944310985579015,10.191286992616968,-0.275204,-0.361171,0.026104,-0.890583,0.737749,0.152295,-0.657672,0.245287,0.847163,0.471328,-0.085771,1.26582,2.957036,-33.205004218963715,-26.9709130864278,7.132367814274845,-0.291215,-0.205761,-0.008538,0.934229,0.915179,0.103889,0.389428,0.135794,0.830242,-0.54061,0.454633,1.137244,2.926351,-20.733378144711136,26.359151655425467,10.63272742617387,-0.153673,0.239551,0.129594,0.949845,0.851642,0.172563,-0.494902,-0.319814,0.91918,-0.229843,F,BuildTutorial
19.187,0.21147,1.555118,2.717852,30.743702824504226,47.16865887504566,10.192081868837708,-0.276248,-0.362681,0.027146,-0.889614,0.735452,0.152081,-0.66029,0.248679,0.8459,0.471818,-0.084375,1.265551,2.956699,-33.27527566676814,-26.61192812082609,6.865258627072252,-0.291335,-0.203437,-0.00995,0.934686,0.917029,0.099936,0.386097,0.137137,0.83005,-0.540565,0.456082,1.135117,2.924756,-20.27623309757469,26.634258961195,10.538143141967527,-0.149742,0.241516,0.128342,0.950145,0.850397,0.171556,-0.497387,-0.316217,0.922212,-0.22256,F,BuildTutorial
19.219,0.211446,1.55489,2.717424,30.84135857888359,47.29369629046965,10.108953303393251,-0.276696,-0.363695,0.028439,-0.88902,0.733834,0.1507,-0.662403,0.251832,0.845261,0.47129,-0.084037,1.26545,2.956237,-33.2204642077934,-26.607194406766187,6.86350767351324,-0.290889,-0.203461,-0.009839,0.934821,0.917014,0.099973,0.386123,0.136765,0.830574,-0.539854,0.457944,1.13329,2.92345,-19.765070779604628,27.265723505854492,10.421776364891665,-0.145015,0.246391,0.127239,0.949775,0.846204,0.170236,-0.504935,-0.313157,0.925562,-0.212761,F,BuildTutorial
19.253,0.211338,1.554454,2.717237,30.98991817730273,47.359193009095215,10.06819039766188,-0.277678,-0.364063,0.029441,-0.888531,0.733183,0.149866,-0.663312,0.254502,0.844057,0.472014,-0.084407,1.265176,2.955473,-33.17125605484182,-26.952962077337116,7.133673472037417,-0.290946,-0.205648,-0.008411,0.934339,0.915277,0.103947,0.389184,0.135383,0.830559,-0.540225,0.46054,1.132118,2.922183,-19.435894895515307,28.36443976379473,9.89087760159124,-0.142226,0.2547,0.123583,0.948487,0.83971,0.161984,-0.518313,-0.306884,0.928998,-0.206846,F,BuildTutorial
19.286,0.211504,1.554021,2.717088,31.077979064758917,47.37426467100302,10.062432536064028,-0.278324,-0.364052,0.029835,-0.88832,0.733152,0.149643,-0.663397,0.255655,0.843292,0.472758,-0.085114,1.264847,2.95513,-33.090135541386765,-27.08397788741785,7.029156990991387,-0.290092,-0.207069,-0.009425,0.934281,0.914068,0.102527,0.392388,0.137749,0.831515,-0.538152,0.462548,1.130817,2.92165,-19.19666179686189,28.474030543493264,9.60222816743081,-0.140756,0.255167,0.120854,0.948932,0.840568,0.157532,-0.518295,-0.301197,0.931164,-0.205459,F,BuildTutorial
19.32,0.211556,1.553508,2.717146,31.20560051076245,47.35949277285345,10.075378115221678,-0.279337,-0.3637,0.030152,-0.888135,0.733626,0.149632,-0.662875,0.256747,0.842124,0.474245,-0.085361,1.264255,2.954506,-32.95813716420838,-27.12743535285168,6.942214663540282,-0.288864,-0.207785,-0.009966,0.934497,0.913452,0.101417,0.394106,0.138669,0.832917,-0.535743,0.46474,1.129719,2.921409,-19.114106251037615,28.726639187219178,9.836865528087438,-0.139274,0.257516,0.12294,0.948248,0.837143,0.161426,-0.522622,-0.304886,0.930977,-0.200814,F,BuildTutorial
19.353,0.211881,1.552951,2.717191,31.37483748478284,47.28951140070133,10.03210006311851,-0.280502,-0.36299,0.030917,-0.888032,0.734565,0.148728,-0.662038,0.25855,0.840725,0.475744,-0.08553,1.263718,2.953456,-32.88520516897056,-27.250466605066737,6.999605379904108,-0.288368,-0.208722,-0.009654,0.934444,0.912684,0.102336,0.395645,0.138419,0.833502,-0.534897,0.468268,1.128521,2.921329,-18.721356406482503,29.38544415608583,9.605860645346484,-0.135824,0.262552,0.121021,0.947614,0.832842,0.15804,-0.53047,-0.300683,0.933812,-0.193869,F,BuildTutorial
19.387,0.212165,1.552411,2.717209,31.6450484625328,47.24669107947858,9.94720798920387,-0.282294,-0.36243,0.032427,-0.887639,0.735186,0.147056,-0.661722,0.262191,0.838517,0.477645,-0.085841,1.263243,2.952438,-32.78159997511886,-27.330861573444466,6.869706909028463,-0.287286,-0.209815,-0.010696,0.934521,0.911726,0.100563,0.398299,0.140545,0.834705,-0.532461,0.47244,1.127222,2.921583,-18.247052091598505,29.636112997877905,9.148764302804278,-0.132663,0.263936,0.116549,0.948238,0.833508,0.151004,-0.531472,-0.291062,0.937634,-0.190068,F,BuildTutorial
19.42,0.212446,1.551936,2.717187,31.89500538775116,47.25054790420535,9.920926185875803,-0.284104,-0.36212,0.033525,-0.887147,0.73549,0.146276,-0.661557,0.265244,0.836322,0.479804,-0.086454,1.262903,2.951597,-32.711289081433655,-27.28961302357146,6.663618603825894,-0.286344,-0.210069,-0.012125,0.934736,0.911448,0.097637,0.399662,0.142971,0.83572,-0.530218,0.477096,1.126223,2.921939,-18.14030309710125,29.853027457406444,9.593493781495743,-0.130521,0.266206,0.120253,0.947438,0.829347,0.158374,-0.535819,-0.297355,0.937007,-0.183296,F,BuildTutorial
19.453,0.21289,1.551624,2.717297,31.973169932821836,47.19746284442089,9.860191813377208,-0.28452,-0.361733,0.03414,-0.887148,0.735967,0.145266,-0.661249,0.266415,0.835766,0.480124,-0.086822,1.262718,2.950014,-32.82402903578229,-27.35244782590487,6.6368191419656855,-0.2872,-0.21053,-0.012739,0.934362,0.91103,0.097123,0.40074,0.144733,0.834708,-0.531333,0.482499,1.125535,2.922094,-18.212309042994352,30.762648439925385,10.07805679084515,-0.129002,0.27429,0.125437,0.944664,0.818061,0.166223,-0.550587,-0.307758,0.935249,-0.174914,F,BuildTutorial
19.486,0.213452,1.551284,2.717189,32.088974642295085,47.19286006134967,9.821939434177985,-0.285278,-0.361605,0.034834,-0.88693,0.736057,0.144525,-0.661312,0.268107,0.834806,0.480851,-0.088331,1.262507,2.948709,-32.88332322169613,-27.71457711793604,6.564205115929339,-0.287502,-0.213601,-0.014365,0.933548,0.908337,0.096,0.407073,0.149643,0.834273,-0.530657,0.488509,1.123859,2.922259,-17.69352652826155,32.346210119127235,9.22492401938544,-0.125095,0.286213,0.119013,0.94248,0.807836,0.152726,-0.569277,-0.295942,0.940374,-0.167674,F,BuildTutorial
19.519,0.214104,1.550899,2.71716,32.1680599791336,47.1841219637787,9.858853599849144,-0.285996,-0.361317,0.034806,-0.886817,0.736477,0.144938,-0.660754,0.268404,0.83399,0.482101,-0.09055,1.262171,2.947693,-32.72812459721793,-28.29631853511761,6.604630032916511,-0.28625,-0.218402,-0.015157,0.932809,0.904142,0.096757,0.416132,0.153313,0.835662,-0.527413,0.493971,1.120976,2.922808,-16.364610489720434,33.56465055725802,8.339111901791236,-0.115121,0.294948,0.109888,0.942166,0.801861,0.139155,-0.581081,-0.274974,0.949344,-0.152105,F,BuildTutorial
19.553,0.214838,1.550588,2.717313,32.20766699683506,47.152972779062786,9.86791718221444,-0.286334,-0.360989,0.034798,-0.886842,0.736952,0.145006,-0.660208,0.268447,0.833605,0.482742,-0.092294,1.261749,2.946514,-32.56402783155894,-28.7771133314945,6.704867501823032,-0.285055,-0.222241,-0.015179,0.932267,0.900757,0.098401,0.42303,0.155003,0.837026,-0.524748,0.49744,1.118701,2.923365,-15.898126334428325,34.01197935860136,8.050293903464963,-0.111587,0.29823,0.106827,0.941911,0.799294,0.134686,-0.585652,-0.267801,0.952273,-0.146492,F,BuildTutorial
19.586,0.215708,1.550191,2.717483,32.32879337955812,47.061569425626,9.821099416897484,-0.287132,-0.360202,0.035359,-0.886882,0.738009,0.144133,-0.659218,0.269569,0.83261,0.483832,-0.094015,1.261488,2.945005,-32.50771900806052,-29.37838931372007,6.8168858720950904,-0.28474,-0.226913,-0.015637,0.93123,0.896532,0.100099,0.431522,0.158347,0.837357,-0.52322,0.500441,1.116112,2.923995,-15.540835504041972,34.16595845655861,8.236764611632287,-0.108002,0.299589,0.107633,0.941805,0.797323,0.138027,-0.587559,-0.267452,0.953501,-0.138943,F,BuildTutorial
19.62,0.216607,1.549676,2.717765,32.43188033345739,47.002851483641486,9.871205376384248,-0.288088,-0.359454,0.035187,-0.886882,0.739109,0.144696,-0.657861,0.269522,0.831534,0.485704,-0.096354,1.261416,2.944184,-32.38344834908096,-29.85167052541203,6.795428353219893,-0.28363,-0.230948,-0.016702,0.930558,0.892768,0.099923,0.439296,0.162093,0.83855,-0.520154,0.503183,1.112074,2.924462,-14.375515391246212,34.47753496005936,8.213935123247047,-0.098136,0.301829,0.104849,0.942484,0.795812,0.138396,-0.589517,-0.256877,0.958752,-0.12169,F,BuildTutorial
19.653,0.217573,1.549,2.7179,32.6058075735327,46.941378070485605,9.958840873499126,-0.289698,-0.358473,0.034966,-0.886763,0.740549,0.145684,-0.656021,0.269712,0.829704,0.488719,-0.097356,1.260834,2.942742,-32.24495109357298,-30.125784565702844,6.766237983091513,-0.282416,-0.233399,-0.017297,0.930305,0.890451,0.099649,0.444035,0.164013,0.839885,-0.517391,0.505661,1.107921,2.924718,-13.172635240602276,35.05918512897496,7.818456942625484,-0.08872,0.305971,0.099048,0.942709,0.793143,0.132456,-0.594457,-0.241038,0.964637,-0.106662,F,BuildTutorial
19.686,0.218631,1.548087,2.71795,32.85738156364362,46.8404043768937,10.042864428792267,-0.291895,-0.357065,0.034944,-0.886612,0.742567,0.146487,-0.653557,0.270416,0.827152,0.492641,-0.098446,1.260293,2.941999,-32.12613402685568,-30.180173108431397,6.6057334900328595,-0.281124,-0.234366,-0.018459,0.930431,0.889463,0.097422,0.446502,0.166122,0.841258,-0.51448,0.506969,1.105055,2.924395,-12.832551953623296,35.56050665919614,7.739165331161286,-0.085692,0.309944,0.097907,0.94181,0.788698,0.131301,-0.600597,-0.237539,0.966142,-0.100719,F,BuildTutorial
19.719,0.219652,1.547161,2.718217,33.1113938801272,46.74827695641747,10.1498898417012,-0.294177,-0.355658,0.034772,-0.88643,0.744597,0.147607,-0.65099,0.270899,0.824501,0.496802,-0.099054,1.25966,2.941071,-32.03981729686386,-30.294683492935192,6.414758616810444,-0.280018,-0.235857,-0.02009,0.930353,0.887936,0.094707,0.450112,0.169471,0.842372,-0.511555,0.507252,1.101817,2.924622,-12.3610464253135,35.35551535450983,7.440781309371856,-0.082772,0.307918,0.094088,0.943124,0.792668,0.126498,-0.596386,-0.228447,0.968593,-0.098186,F,BuildTutorial
19.753,0.220573,1.546146,2.718545,33.44733343381152,46.61107137631232,10.252670951054927,-0.297076,-0.353771,0.0348,-0.886217,0.747271,0.148513,-0.647712,0.271875,0.821069,0.501926,-0.099378,1.259026,2.939921,-31.962187259072405,-30.464671903779863,6.2436986475851315,-0.279009,-0.237738,-0.021713,0.930142,0.886019,0.092269,0.454376,0.173055,0.843365,-0.508711,0.506669,1.097528,2.92503,-11.386804094907395,34.65978880805687,7.03121441313151,-0.076348,0.301653,0.087743,0.946297,0.802613,0.120001,-0.584305,-0.212124,0.972944,-0.09156,F,BuildTutorial
19.786,0.221653,1.545145,2.718885,33.76266403517308,46.43299668704322,10.317189096838575,-0.299711,-0.351696,0.034939,-0.88615,0.750179,0.148892,-0.644254,0.272736,0.817905,0.506603,-0.099667,1.258567,2.938563,-31.834018935913253,-30.76711433883112,6.184702258263903,-0.277796,-0.240473,-0.022627,0.92978,0.883322,0.091529,0.459744,0.175681,0.844635,-0.505696,0.506061,1.092563,2.925474,-10.09497963986122,34.1856549299489,7.3303639074252125,-0.065207,0.297558,0.086672,0.948523,0.807894,0.125614,-0.575785,-0.203226,0.976472,-0.072121,F,BuildTutorial
19.819,0.222775,1.544175,2.719311,34.03297599386306,46.301247725717786,10.341994919127345,-0.301869,-0.350156,0.035343,-0.886012,0.752283,0.148775,-0.641823,0.274031,0.815252,0.510168,-0.100091,1.258226,2.937561,-31.754898019382047,-31.07802063234096,6.262775931274851,-0.277263,-0.242891,-0.02256,0.929312,0.88099,0.092759,0.463953,0.176619,0.845233,-0.504368,0.505824,1.089109,2.925426,-9.930674672186043,33.97424102777615,7.999141575249103,-0.062274,0.296125,0.091681,0.948697,0.807809,0.137073,-0.573285,-0.210836,0.975433,-0.063861,F,BuildTutorial
19.853,0.223954,1.543248,2.719605,34.34637427062636,46.16668446556302,10.423223408005711,-0.304524,-0.348369,0.035448,-0.885804,0.754764,0.149373,-0.638763,0.274974,0.812018,0.514798,-0.099895,1.25781,2.936631,-31.71821995077591,-31.04497836735171,6.02287322360162,-0.276466,-0.243242,-0.024339,0.929413,0.880482,0.089255,0.465601,0.179737,0.845949,-0.502061,0.505785,1.085608,2.925487,-9.43833808249508,33.38668492575619,8.284618243099827,-0.05792,0.29122,0.092526,0.950408,0.81326,0.14214,-0.564273,-0.209609,0.976169,-0.056204,F,BuildTutorial
19.886,0.22525,1.542692,2.720152,34.44681049647161,46.04442594605436,10.521368803616705,-0.305617,-0.346991,0.034712,-0.885997,0.756785,0.150583,-0.636083,0.273603,0.810786,0.517462,-0.099396,1.257341,2.93569,-31.67995153001136,-30.976691779109387,5.758581027404002,-0.275612,-0.243365,-0.026228,0.929583,0.880172,0.085387,0.466913,0.18291,0.846701,-0.499642,0.5077,1.082998,2.924835,-8.810629710225792,33.703181702769825,7.930821345069655,-0.053349,0.293429,0.088203,0.950407,0.812239,0.136349,-0.567166,-0.198966,0.978748,-0.049645,F,BuildTutorial
19.92,0.226522,1.542079,2.720705,34.56006468012713,45.88543884224312,10.637874178705257,-0.306871,-0.345256,0.033778,-0.886277,0.759315,0.152026,-0.632716,0.271771,0.809378,0.520622,-0.098994,1.257001,2.934793,-31.674579110519954,-30.971799456357704,5.551678137630316,-0.27513,-0.243828,-0.027882,0.929556,0.879541,0.082333,0.468646,0.186005,0.847052,-0.497901,0.511048,1.081215,2.923721,-8.42320449304546,34.26510620159137,7.513626188609203,-0.050781,0.297755,0.084033,0.94958,0.808562,0.129351,-0.574018,-0.189832,0.98072,-0.046399,F,BuildTutorial
19.952,0.227697,1.541347,2.721124,34.828090624614354,45.786184376342696,10.685535115846283,-0.309066,-0.343899,0.034068,-0.886031,0.761145,0.152204,-0.63047,0.272946,0.806635,0.524252,-0.0995,1.256789,2.934689,-31.58370467695876,-31.016094949720408,5.371402875997907,-0.274003,-0.244712,-0.029237,0.929615,0.878523,0.079746,0.470997,0.188461,0.848135,-0.495126,0.516384,1.080104,2.923062,-8.325507479488387,35.08811059186712,7.846907835895264,-0.04848,0.304675,0.086899,0.947244,0.799243,0.135088,-0.585629,-0.19417,0.980197,-0.038893,F,BuildTutorial
19.986,0.228787,1.540622,2.721397,35.09594524359774,45.70570061900586,10.770827827884624,-0.311365,-0.342582,0.034114,-0.885734,0.762948,0.152904,-0.628117,0.273769,0.803776,0.5282,-0.09924,1.256528,2.934013,-31.54427382950189,-31.055130898951084,5.286168704420622,-0.273493,-0.245272,-0.029929,0.929595,0.877892,0.078516,0.472378,0.189804,0.848611,-0.493795,0.523588,1.079863,2.922162,-8.436512337395653,36.40766006744975,8.414663316821215,-0.046829,0.315839,0.092422,0.943139,0.783407,0.144752,-0.604417,-0.203914,0.978531,-0.029951,F,BuildTutorial
20.019,0.229831,1.539881,2.721708,35.34649072699845,45.57704822478567,10.857170335486709,-0.313549,-0.340916,0.033958,-0.885613,0.765246,0.15364,-0.625135,0.273936,0.801067,0.532213,-0.099491,1.256493,2.933824,-31.55344134160599,-31.108569542220412,5.119864847345205,-0.273196,-0.246093,-0.031427,0.929416,0.876901,0.076046,0.474618,0.192881,0.848752,-0.492358,0.532087,1.079519,2.921269,-8.318070945753322,37.92536719700963,8.965281385282738,-0.043049,0.328466,0.097216,0.938513,0.765318,0.154197,-0.624909,-0.210757,0.977392,-0.016939,F,BuildTutorial
20.052,0.230777,1.53931,2.722153,35.51594340775418,45.429013745513785,10.888695229719342,-0.314963,-0.339389,0.03389,-0.8857,0.767333,0.153758,-0.622542,0.273822,0.7993,0.534922,-0.099364,1.256456,2.933439,-31.511441814473997,-31.229475689899463,5.0709211293084735,-0.272719,-0.247232,-0.032013,0.929234,0.875704,0.075354,0.476933,0.194345,0.849199,-0.49101,0.541516,1.079286,2.921043,-8.298645655512807,39.350107047544064,8.37139255588972,-0.04344,0.33988,0.092844,0.934866,0.751723,0.144064,-0.643552,-0.203121,0.978986,-0.018109,F,BuildTutorial
20.086,0.231621,1.538722,2.722566,35.687810232844626,45.26931418916124,10.842158347777469,-0.316168,-0.337982,0.034398,-0.885789,0.76917,0.152779,-0.620512,0.274657,0.797709,0.536865,-0.099067,1.256417,2.933094,-31.52077214048479,-31.26745651175827,5.059506408620062,-0.272759,-0.247558,-0.032218,0.929129,0.875355,0.075177,0.477601,0.194917,0.849129,-0.490904,0.551338,1.07801,2.921761,-7.982268474178603,40.57698264050277,7.858620348700836,-0.041427,0.349567,0.088196,0.931831,0.740048,0.135405,-0.658782,-0.193331,0.98101,-0.015546,F,BuildTutorial
20.119,0.232365,1.538107,2.72289,35.894665475594884,45.131350487700544,10.879155069109206,-0.317877,-0.336451,0.034436,-0.885759,0.77123,0.152896,-0.617922,0.274904,0.795537,0.539953,-0.098956,1.256561,2.933143,-31.587396732339577,-31.159911895198935,4.779413517742817,-0.272722,-0.247287,-0.03439,0.929134,0.875333,0.070976,0.478283,0.198787,0.84888,-0.489782,0.562005,1.076553,2.922551,-7.869051747186587,42.170757681277294,7.427359646598671,-0.040641,0.362304,0.084925,0.927293,0.723048,0.128052,-0.678826,-0.18695,0.982272,-0.013836,F,BuildTutorial
20.153,0.233128,1.537718,2.723347,35.98670399920962,44.98156263241413,10.894428452593427,-0.31866,-0.335089,0.034215,-0.886002,0.773089,0.152931,-0.615586,0.274188,0.79457,0.541738,-0.098443,1.256377,2.932876,-31.59412269631054,-31.120649414413545,4.684863722738321,-0.272584,-0.247187,-0.035079,0.929175,0.875336,0.06957,0.478484,0.199947,0.848935,-0.489215,0.573753,1.073568,2.923247,-6.954323129522817,44.09153652299718,5.929226296568559,-0.036764,0.377062,0.070584,0.922762,0.705684,0.102539,-0.701068,-0.157988,0.987333,-0.01462,F,BuildTutorial
20.186,0.233784,1.537223,2.723637,36.12337414009313,44.86323323523188,10.902465150131707,-0.319749,-0.333912,0.034287,-0.886052,0.774655,0.152776,-0.613653,0.274296,0.793171,0.54373,-0.098088,1.256018,2.932667,-31.474310899748687,-31.137429173554526,4.619378781275054,-0.271472,-0.247594,-0.035369,0.929381,0.874893,0.068687,0.479422,0.200172,0.850105,-0.487087,0.584228,1.070154,2.92456,-5.966249617515569,45.56101179473462,6.130737105814797,-0.027236,0.38869,0.069359,0.918351,0.688219,0.106218,-0.717685,-0.148564,0.988895,0.003894,F,BuildTutorial
20.22,0.234484,1.536838,2.72425,36.21826574362073,44.676223291751185,10.93213991055547,-0.320606,-0.332216,0.033856,-0.886396,0.776972,0.153001,-0.610659,0.273041,0.792131,0.545873,-0.097791,1.255676,2.93281,-31.382507350402673,-30.985954741701548,4.3563804648003455,-0.270212,-0.247074,-0.03693,0.929826,0.875182,0.064847,0.479429,0.202202,0.851244,-0.484251,0.593325,1.068484,2.925996,-5.826666825108061,46.69359467357291,6.78914616049171,-0.023147,0.397852,0.0744,0.914135,0.672357,0.117605,-0.730825,-0.154441,0.987858,0.016882,F,BuildTutorial
20.253,0.235262,1.536534,2.72461,36.29539209952043,44.51834102209382,10.960432692938118,-0.321316,-0.33078,0.033455,-0.886692,0.778931,0.15324,-0.608098,0.271899,0.791274,0.547683,-0.097633,1.255658,2.93294,-31.39500524232901,-30.895311976038144,4.213723429952799,-0.270035,-0.246663,-0.037903,0.929947,0.875442,0.062719,0.479237,0.203711,0.851289,-0.483538,0.601688,1.066022,2.928305,-5.5341108400803325,47.62345920954296,5.591262678740574,-0.024445,0.404936,0.064037,0.911772,0.663852,0.096976,-0.74155,-0.136571,0.990603,0.007284,F,BuildTutorial
20.286,0.235872,1.53609,2.724778,36.49140616692511,44.47979275617033,10.983358670798191,-0.322871,-0.330072,0.033829,-0.886376,0.779816,0.15317,-0.606981,0.273112,0.78922,0.550037,-0.097379,1.255668,2.932727,-31.420627125655475,-30.960512875963776,4.140906383957028,-0.270063,-0.24734,-0.038707,0.929726,0.87465,0.06162,0.480824,0.205569,0.851136,-0.483021,0.608722,1.062647,2.93034,-5.028129750356243,48.35905747288293,4.830846705832513,-0.022735,0.410526,0.056361,0.909822,0.656584,0.08389,-0.749573,-0.121222,0.992613,0.004906,F,BuildTutorial
20.32,0.236514,1.535722,2.725187,36.596787231866465,44.40592072487333,10.988901661805423,-0.323703,-0.329299,0.033932,-0.886356,0.780822,0.153039,-0.605719,0.273341,0.78813,0.551485,-0.09719,1.2558,2.932755,-31.40613974874198,-30.929020368529898,4.0640248880113905,-0.269791,-0.247279,-0.039223,0.9298,0.874629,0.060488,0.481004,0.206367,0.851348,-0.482305,0.614347,1.059259,2.931761,-4.329167885784147,49.07382653808858,5.078008376717024,-0.015942,0.416098,0.05594,0.907458,0.647467,0.088259,-0.756966,-0.114793,0.993233,0.017619,F,BuildTutorial
20.353,0.237124,1.535466,2.72569,36.6721975202031,44.28819777477403,10.999266796679205,-0.324336,-0.328226,0.033772,-0.886529,0.782254,0.153032,-0.603871,0.27279,0.787331,0.552897,-0.097025,1.25598,2.932623,-31.420702772404443,-30.928514313789076,3.983121341189023,-0.269734,-0.247452,-0.039912,0.929741,0.874349,0.059277,0.481663,0.207708,0.851302,-0.481813,0.6185,1.057349,2.933591,-4.312805564413813,49.294639007457,5.783980595749185,-0.01313,0.417931,0.061496,0.9063,0.643103,0.100492,-0.759157,-0.122442,0.992092,0.027603,F,BuildTutorial
20.386,0.23754,1.535195,2.726193,36.80756537289216,44.21026312124427,11.05800528568658,-0.325547,-0.327217,0.03355,-0.886466,0.783606,0.153567,-0.601979,0.272531,0.785788,0.555216,-0.097201,1.256238,2.932529,-31.47336157911304,-31.002681456665677,3.953639521986336,-0.270069,-0.248075,-0.040448,0.929454,0.873645,0.058805,0.482997,0.209185,0.850853,-0.481966,0.621341,1.057621,2.93396,-5.161794331093266,49.836911953462625,5.210493319316495,-0.021664,0.422322,0.060134,0.90419,0.636056,0.090446,-0.766324,-0.127042,0.991829,0.011615,F,BuildTutorial
20.42,0.237858,1.534953,2.726883,36.899043923807426,44.08659567132584,11.046517214362432,-0.32624,-0.326131,0.033593,-0.88661,0.785021,0.153227,-0.60022,0.272361,0.784878,0.556585,-0.097476,1.256566,2.932623,-31.48867329928776,-31.010702627907815,3.8909411681138417,-0.270054,-0.248274,-0.041011,0.929381,0.873357,0.057864,0.483632,0.210325,0.850778,-0.481601,0.621198,1.058434,2.934934,-5.723648547927256,49.16882641087369,5.241154880161599,-0.026356,0.417156,0.062275,0.906316,0.644206,0.090894,-0.759432,-0.134871,0.990854,0.004184,F,BuildTutorial
20.453,0.237989,1.534649,2.727514,37.05271429136955,43.93950423070638,11.024775980638392,-0.32738,-0.324783,0.033854,-0.886675,0.786739,0.152621,-0.598121,0.27269,0.783352,0.558569,-0.097878,1.256846,2.932667,-31.481353666495966,-31.093200743258755,3.9239139172822655,-0.270037,-0.248872,-0.040921,0.92923,0.872777,0.058359,0.484618,0.21046,0.850811,-0.481485,0.619152,1.058505,2.937016,-6.160375939478328,47.92939197671326,6.520423022102665,-0.025956,0.407723,0.073683,0.909758,0.656666,0.112902,-0.745683,-0.155233,0.987794,0.012858,F,BuildTutorial
20.486,0.237991,1.534487,2.728179,37.14817175047775,43.83409076498163,11.058099377113498,-0.328225,-0.323703,0.033612,-0.886767,0.788174,0.152882,-0.596162,0.272107,0.782277,0.560358,-0.098711,1.257065,2.932804,-31.512523634174805,-31.16806058802737,3.874959836437377,-0.270155,-0.249566,-0.041567,0.928981,0.871978,0.057614,0.486142,0.212072,0.850577,-0.481191,0.616836,1.06004,2.937835,-6.893444180568228,47.59330290705698,6.612247738153525,-0.03169,0.405264,0.07689,0.910409,0.659698,0.114317,-0.742786,-0.165688,0.986167,0.00462,F,BuildTutorial
20.519,0.237858,1.534309,2.728891,37.20290654522844,43.687568588184135,11.023162453958342,-0.328582,-0.322572,0.033644,-0.887045,0.789631,0.152295,-0.594382,0.27167,0.781804,0.561229,-0.099261,1.256981,2.932849,-31.5074051906423,-31.237591579756,3.828444710328323,-0.269987,-0.250244,-0.042096,0.928824,0.871212,0.056926,0.487595,0.213324,0.85067,-0.480471,0.613938,1.060969,2.938152,-7.002178934894122,47.378579715602626,5.885542416837167,-0.03526,0.403369,0.071428,0.911564,0.664383,0.101777,-0.74043,-0.158668,0.98731,-0.006659,F,BuildTutorial
20.552,0.237495,1.534031,2.729418,37.35716762564028,43.5484682779339,11.034075965152912,-0.329817,-0.321191,0.03367,-0.887087,0.791406,0.152133,-0.592058,0.271604,0.780174,0.563525,-0.099633,1.256505,2.932641,-31.430879829211335,-31.332932809528863,3.834897242082447,-0.269349,-0.251071,-0.042089,0.928786,0.870384,0.057068,0.489056,0.213435,0.851359,-0.479201,0.610132,1.061511,2.938566,-6.9976375842543375,46.79868578587624,5.621904945151504,-0.036502,0.398667,0.069131,0.913758,0.672571,0.097233,-0.733617,-0.155442,0.987777,-0.011588,F,BuildTutorial
20.585,0.237176,1.533864,2.730015,37.38616039499978,43.41278648025162,11.13026894566871,-0.330344,-0.319812,0.03263,-0.887428,0.793311,0.153383,-0.589178,0.26921,0.779616,0.565443,-0.100244,1.256006,2.932637,-31.335235381421978,-31.46560735770463,3.787613023449116,-0.268425,-0.252344,-0.042559,0.928687,0.869023,0.056423,0.491545,0.214519,0.852274,-0.477086,0.606003,1.063583,2.938732,-7.679296408794627,46.33827379959914,6.104646700116869,-0.040573,0.395285,0.075153,0.91458,0.676204,0.105391,-0.729137,-0.169542,0.985412,-0.0148,F,BuildTutorial
20.619,0.236702,1.53377,2.730685,37.37549688057948,43.25335348057333,11.208906430022408,-0.330527,-0.318369,0.031526,-0.887918,0.795295,0.154474,-0.586212,0.266444,0.779516,0.566889,-0.100896,1.255491,2.932742,-31.18083803988931,-31.647155505955247,3.854993166713172,-0.267262,-0.253798,-0.042073,0.928648,0.867633,0.057519,0.493868,0.213804,0.853602,-0.475029,0.601854,1.064884,2.938978,-8.120214523981216,45.88238621144027,6.627882316390891,-0.042618,0.391927,0.080653,0.915463,0.679776,0.114264,-0.724464,-0.181076,0.983358,-0.014809,F,BuildTutorial
20.652,0.235859,1.533603,2.731131,37.47687925515759,43.08041142222824,11.287754554646176,-0.331558,-0.316621,0.030748,-0.888187,0.797611,0.155337,-0.582826,0.264575,0.778248,0.569499,-0.101579,1.255201,2.932479,-31.06865039778548,-31.87013784842888,4.041699137310699,-0.266692,-0.255273,-0.040813,0.928464,0.86634,0.060371,0.495792,0.211945,0.85442,-0.47439,0.597501,1.065907,2.939258,-8.267812492217178,45.53793813414139,6.104241823092855,-0.045823,0.389001,0.076827,0.916884,0.685552,0.105233,-0.720378,-0.176534,0.983996,-0.024257,F,BuildTutorial
20.686,0.234824,1.533627,2.731752,37.52518038141113,42.76544607385186,11.31286393017625,-0.332075,-0.31402,0.029799,-0.888949,0.801007,0.155576,-0.578086,0.261537,0.777676,0.57168,-0.101943,1.254946,2.932257,-31.03996017849157,-31.933151891954164,4.132921521128818,-0.266642,-0.255598,-0.040152,0.928418,0.866115,0.061751,0.496015,0.210862,0.854579,-0.474585,0.593173,1.066819,2.939749,-8.346599048590303,45.33369909169649,5.645253881804361,-0.048144,0.387191,0.073331,0.917817,0.689411,0.097326,-0.717802,-0.17189,0.98461,-0.031589,F,BuildTutorial
20.719,0.233516,1.53371,2.732466,37.513308539034206,42.31775134793172,11.253406776897547,-0.331938,-0.310738,0.028925,-0.890182,0.805211,0.154793,-0.572428,0.257788,0.777962,0.572993,-0.102187,1.254811,2.932117,-31.06178916894663,-31.966129890492745,4.110454131361885,-0.266756,-0.255897,-0.040463,0.928289,0.865759,0.061402,0.496681,0.211646,0.854408,-0.474545,0.587898,1.067964,2.941227,-8.613068342316478,44.27593050651008,5.570059898949737,-0.051216,0.37871,0.073144,0.921198,0.702458,0.095968,-0.705225,-0.173553,0.984054,-0.03896,F,BuildTutorial
20.753,0.231692,1.533775,2.733325,37.644963975046345,41.663854296983885,11.130699611992394,-0.332769,-0.305779,0.028404,-0.891604,0.811385,0.152856,-0.564171,0.254158,0.776916,0.576025,-0.102606,1.255003,2.932066,-31.123402629335185,-32.0747517894707,4.184281251093367,-0.267379,-0.256547,-0.040266,0.927939,0.865124,0.062462,0.497653,0.211919,0.853775,-0.475562,0.582893,1.069807,2.942427,-8.973925087841094,43.689334226604416,5.6028524329366585,-0.054398,0.374057,0.074301,0.922823,0.709121,0.096436,-0.69846,-0.177828,0.983041,-0.044814,F,BuildTutorial
20.786,0.229497,1.533767,2.734363,37.776833921057985,40.75065143747915,10.948031487047276,-0.333512,-0.298968,0.027587,-0.893659,0.819715,0.150111,-0.552752,0.248726,0.776017,0.579597,-0.103081,1.255137,2.93226,-31.134982641805912,-32.02590217692568,4.214510217621175,-0.267557,-0.25607,-0.039935,0.928034,0.865667,0.062905,0.496653,0.211148,0.853638,-0.476151,0.5778,1.072629,2.943515,-9.352847761979328,43.598840202187574,5.593713488314175,-0.057548,0.373375,0.075395,0.922819,0.709813,0.096178,-0.697793,-0.182127,0.982007,-0.049912,F,BuildTutorial
20.819,0.22688,1.533669,2.735673,37.90121470203261,39.72962883952433,10.814664737230396,-0.334356,-0.291172,0.026036,-0.895962,0.829082,0.148056,-0.539169,0.241365,0.775057,0.583978,-0.103611,1.255358,2.932308,-31.139992164972373,-32.02636031924921,4.245761899411346,-0.267667,-0.255996,-0.039695,0.928033,0.865781,0.063366,0.496395,0.21072,0.853558,-0.476484,0.570657,1.076007,2.945755,-9.690142523004658,43.03318338544553,4.881762236236761,-0.06294,0.368475,0.070429,0.924827,0.718532,0.083885,-0.690417,-0.176652,0.982157,-0.064514,F,BuildTutorial
20.852,0.223861,1.533481,2.736992,38.07989243964103,38.57988713810185,10.747704523640312,-0.335805,-0.282066,0.023735,-0.898393,0.839751,0.146792,-0.522752,0.232084,0.773343,0.589981,-0.104492,1.255775,2.931932,-31.3013001637603,-32.31128319544507,4.528920259274547,-0.269502,-0.257484,-0.03846,0.927142,0.864446,0.067469,0.498178,0.210101,0.851779,-0.479928,0.561641,1.080158,2.949288,-10.135783554599447,42.10632146877414,3.363322361702357,-0.071903,0.360095,0.059,0.928268,0.733702,0.057751,-0.677013,-0.161319,0.982698,-0.091,F,BuildTutorial
20.885,0.2206,1.533236,2.738455,38.20076312505972,37.21959331300202,10.518293236963054,-0.33645,-0.271858,0.021899,-0.901341,0.851228,0.143455,-0.504809,0.222411,0.772643,0.594606,-0.105532,1.256019,2.931494,-31.442443556094165,-32.536202128171745,4.5936715138105395,-0.270706,-0.259012,-0.03881,0.92635,0.862813,0.06833,0.500884,0.212135,0.850424,-0.481433,0.550397,1.084819,2.954062,-10.71068021203178,41.14782817958579,2.3018898009130737,-0.080334,0.351566,0.051515,0.931286,0.747495,0.039464,-0.663094,-0.152436,0.981785,-0.113407,F,BuildTutorial
20.919,0.216739,1.532896,2.739945,38.4151550514699,35.66822855210769,10.22493712148012,-0.337709,-0.260155,0.02025,-0.904358,0.863819,0.139086,-0.484223,0.21234,0.771086,0.600282,-0.106322,1.255875,2.930919,-31.412527435135157,-32.748067003157864,4.751203680960094,-0.270752,-0.260382,-0.037964,0.925988,0.86152,0.070689,0.502778,0.211307,0.850504,-0.481656,0.535936,1.089829,2.960794,-11.326924849603044,38.99510918901105,1.0299989304058237,-0.090037,0.33296,0.041368,0.93772,0.774852,0.017625,-0.631897,-0.13754,0.980364,-0.141311,F,BuildTutorial
20.953,0.212537,1.532342,2.741319,38.71248112109089,33.87569020855466,9.936257074601995,-0.339676,-0.246376,0.018035,-0.907521,0.877947,0.134642,-0.459435,0.200111,0.76859,0.607639,-0.108023,1.255834,2.930162,-31.32129539391553,-33.16090806162361,5.01513083609189,-0.270489,-0.263186,-0.036581,0.925328,0.85879,0.074679,0.506855,0.210075,0.850996,-0.481326,0.519835,1.095316,2.967919,-12.009649550977311,36.63786203507258,-0.0720047185167193,-0.099507,0.312519,0.032287,0.944133,0.802579,-0.00123,-0.596545,-0.123162,0.978112,-0.167716,F,BuildTutorial
20.986,0.208182,1.532,2.742821,38.98824888084346,31.97624591412503,9.612491706212438,-0.341429,-0.231857,0.015665,-0.910727,0.891994,0.129792,-0.433013,0.186858,0.766362,0.614633,-0.109552,1.255861,2.929193,-31.231473239325112,-33.47966945548537,5.219849887233429,-0.270141,-0.265369,-0.035455,0.924849,0.856645,0.077792,0.510009,0.208956,0.851534,-0.480861,0.503088,1.101366,2.975725,-12.803812840126156,34.848764294311415,-1.547356685878299,-0.110394,0.296116,0.020583,0.948528,0.823784,-0.026333,-0.566292,-0.104425,0.974779,-0.197234,F,BuildTutorial
21.019,0.203594,1.5317,2.744095,39.28705358977819,30.02156883631439,9.207893845037834,-0.343228,-0.217078,0.01377,-0.913719,0.905375,0.123851,-0.406149,0.174178,0.76401,0.62125,-0.110823,1.256055,2.927562,-31.28836983327187,-33.58361410049426,5.237805165452926,-0.270606,-0.266106,-0.035699,0.924492,0.855826,0.078012,0.511347,0.210028,0.850996,-0.481347,0.485622,1.106731,2.984065,-12.876357269589638,32.94208271195157,-4.044225617056285,-0.117404,0.277773,-0.001851,0.953444,0.845678,-0.068753,-0.529247,-0.061693,0.972426,-0.224904,F,BuildTutorial
21.052,0.19875,1.53136,2.745321,39.56781834307965,28.016736444646337,8.671585699492066,-0.344688,-0.202296,0.012674,-0.916573,0.917832,0.116225,-0.379575,0.162691,0.762059,0.626736,-0.11285,1.256459,2.92572,-31.493268033348443,-33.80735248236943,5.282405766606882,-0.272279,-0.267589,-0.036389,0.923546,0.854144,0.078504,0.514077,0.212931,0.84908,-0.483449,0.466496,1.112151,2.992917,-13.079097279387383,30.49166266353539,-6.404559846486878,-0.124303,0.254704,-0.023643,0.958705,0.869134,-0.108654,-0.482493,-0.017987,0.96798,-0.250383,F,BuildTutorial
21.085,0.194052,1.531216,2.746579,39.71270326916485,26.18119123106964,8.159077769415479,-0.345153,-0.18895,0.011563,-0.919257,0.928329,0.109175,-0.355369,0.151691,0.761471,0.6302,-0.11575,1.256845,2.9237,-31.691737295486835,-34.26743416984709,5.298074101135843,-0.273752,-0.271045,-0.037867,0.922041,0.850201,0.078569,0.520562,0.218228,0.847252,-0.484294,0.446358,1.118526,3.001434,-14.01793107477804,27.92597744339413,-7.600146009448418,-0.134031,0.231117,-0.034457,0.963033,0.890795,-0.128321,-0.43591,0.004413,0.961697,-0.274081,F,BuildTutorial
21.119,0.189618,1.531152,2.747627,39.864142157280085,24.57764184772816,7.872925391297034,-0.346045,-0.176751,0.009328,-0.921371,0.937344,0.105139,-0.332163,0.139516,0.760332,0.634374,-0.119374,1.256973,2.921642,-31.653019498464374,-34.83978561620662,5.396587711336952,-0.273488,-0.275454,-0.038341,0.920793,0.84531,0.080059,0.528244,0.221275,0.847469,-0.482529,0.425645,1.124466,3.01011,-14.763973565073192,24.631599947044855,-8.12868482633249,-0.140204,0.202103,-0.041335,0.968395,0.914892,-0.136729,-0.37984,0.023386,0.957269,-0.288254,F,BuildTutorial
21.152,0.18518,1.530967,2.748525,40.03969995152607,23.10127698165891,7.687065485035253,-0.347269,-0.165228,0.006689,-0.92307,0.94531,0.102409,-0.309679,0.127106,0.758718,0.638898,-0.123378,1.256708,2.918953,-31.601919793597524,-35.693919412808384,5.804578869308206,-0.273792,-0.281393,-0.03697,0.918961,0.838902,0.086138,0.537423,0.222035,0.847343,-0.482401,0.406771,1.129881,3.01832,-15.115622942887068,22.40056980387744,-10.512075481724738,-0.146118,0.179923,-0.063641,0.970684,0.927155,-0.176131,-0.330698,0.070971,0.949199,-0.30657,F,BuildTutorial
21.186,0.181097,1.530884,2.749351,40.14161572751427,21.770893835433107,7.56529267609707,-0.347974,-0.154758,0.003817,-0.924635,0.952071,0.100644,-0.288845,0.114762,0.757799,0.642316,-0.127418,1.25614,2.916007,-31.504442216015075,-36.55916843181483,5.933247003057478,-0.273056,-0.288129,-0.037739,0.917059,0.831114,0.088134,0.549073,0.226568,0.848032,-0.47907,0.390329,1.134024,3.025992,-15.109639407493097,20.92476865451397,-13.15435116769689,-0.149057,0.16402,-0.087942,0.971157,0.930728,-0.219707,-0.292361,0.121914,0.940097,-0.318364,F,BuildTutorial
21.219,0.177136,1.530797,2.750085,40.26524593467382,20.625351047533215,7.550229699242634,-0.348966,-0.145421,0.000665,-0.925784,0.957705,0.100263,-0.269721,0.102725,0.756445,0.64594,-0.131442,1.25539,2.91286,-31.374808841229704,-37.381415355951574,6.100741660363476,-0.272184,-0.294456,-0.037996,0.915297,0.823704,0.090737,0.559713,0.229847,0.848945,-0.475881,0.374111,1.136489,3.034251,-15.059293849385176,18.482948131001443,-14.600808923646612,-0.148521,0.141485,-0.103467,0.973251,0.938553,-0.243426,-0.244666,0.159373,0.934472,-0.318374,F,BuildTutorial
21.252,0.173347,1.530679,2.750871,40.335426433755586,19.57201736113948,7.488228527950229,-0.349446,-0.137021,-0.00193,-0.926881,0.962443,0.099341,-0.252656,0.092185,0.755767,0.648319,-0.135691,1.254769,2.909851,-31.271720576373195,-38.10088305241727,6.215825390927084,-0.271428,-0.300047,-0.038492,0.913683,0.81698,0.092543,0.569192,0.233222,0.84969,-0.472899,0.360642,1.138302,3.041981,-15.029170727175975,17.19904844056878,-16.03084182961183,-0.148716,0.128764,-0.117324,0.973416,0.93931,-0.266708,-0.215786,0.190111,0.928238,-0.319739,F,BuildTutorial
21.286,0.169813,1.530671,2.751651,40.37990105806382,18.66994158716078,7.479805637272968,-0.349768,-0.129701,-0.004545,-0.927804,0.966314,0.099164,-0.237494,0.082297,0.755283,0.650211,-0.140321,1.254239,2.906923,-31.19009515293481,-38.82995472406419,6.242417436992122,-0.270606,-0.30589,-0.039769,0.911933,0.8097,0.093017,0.579425,0.238085,0.850381,-0.46922,0.349515,1.138908,3.04899,-14.622501931089229,16.727632264975426,-16.91491018326196,-0.145756,0.124189,-0.126018,0.973371,0.937393,-0.281526,-0.205029,0.209121,0.92575,-0.31505,F,BuildTutorial
21.318,0.166465,1.530596,2.7524,40.45860530921646,17.887101870566944,7.604826648915961,-0.350496,-0.122899,-0.007832,-0.928433,0.969669,0.100693,-0.222716,0.071608,0.754182,0.652749,-0.144424,1.253593,2.903787,-31.10950115394079,-39.49627004551568,6.265271803149341,-0.269799,-0.311232,-0.040922,0.910312,0.80292,0.093437,0.588718,0.242443,0.851068,-0.46573,0.338165,1.139076,3.056089,-14.057157642909392,15.305150706341474,-18.31004996694978,-0.140758,0.111186,-0.140417,0.973708,0.935842,-0.304751,-0.176995,0.24215,0.920941,-0.30534,F,BuildTutorial
21.352,0.16324,1.530503,2.75317,40.55524685649564,17.217381856958422,7.716478475559304,-0.351336,-0.117033,-0.010648,-0.928845,0.97238,0.102017,-0.209928,0.062454,0.7529,0.655165,-0.148567,1.253028,2.900719,-31.028204244422792,-40.1033094545434,6.243571305980757,-0.268881,-0.316201,-0.042279,0.908808,0.796459,0.093194,0.597469,0.246889,0.851831,-0.461986,0.327768,1.138789,3.061991,-13.502855017806253,14.253564397989456,-19.926402303592056,-0.136211,0.101164,-0.156123,0.973056,0.930783,-0.331393,-0.154346,0.276274,0.914144,-0.296671,F,BuildTutorial
21.385,0.160207,1.5305,2.75407,40.61627592847638,16.63084721646972,7.858566665932452,-0.351907,-0.111781,-0.013514,-0.929238,0.974645,0.103789,-0.198231,0.053557,0.751958,0.657032,-0.152744,1.252465,2.897653,-30.975231276417023,-40.764700211766986,6.238897863187829,-0.268205,-0.321518,-0.043706,0.907074,0.789432,0.093177,0.606725,0.251754,0.852312,-0.458458,0.318381,1.138723,3.066683,-12.988534767094292,13.693704140346304,-20.57050488156957,-0.131642,0.096497,-0.162871,0.973053,0.928322,-0.342371,-0.144912,0.291559,0.912287,-0.287623,F,BuildTutorial
21.419,0.157372,1.530465,2.754989,40.68110251433449,16.1202829421973,8.086851003785977,-0.352579,-0.106874,-0.016846,-0.929506,0.976588,0.10668,-0.186801,0.044046,0.750808,0.65905,-0.161267,1.25381,2.898267,-30.79541215490746,-41.622273366773136,6.326271440476043,-0.266717,-0.328319,-0.044464,0.905037,0.780459,0.094654,0.618001,0.255619,0.85377,-0.453581,0.307723,1.138454,3.071195,-12.7014124374091,11.827144280698558,-21.202034245777263,-0.126985,0.080407,-0.170665,0.973798,0.928817,-0.352807,-0.113256,0.311965,0.909497,-0.274761,F,BuildTutorial
21.452,0.154587,1.530494,2.755845,40.71141171675587,15.653956427742328,8.24526731869543,-0.352894,-0.102573,-0.019526,-0.929819,0.978195,0.108706,-0.176968,0.036084,0.750169,0.660261,-0.17007,1.254305,2.899173,-30.59490055720948,-42.40910385517947,6.435524612190804,-0.265163,-0.334527,-0.0448,0.903202,0.772169,0.096482,0.628049,0.258335,0.855363,-0.449018,0.297644,1.137591,3.075206,-12.527423803383584,10.14154049256982,-22.44197857319726,-0.123697,0.065031,-0.183216,0.973089,0.924406,-0.372659,-0.081235,0.340483,0.902262,-0.264566,F,BuildTutorial
21.486,0.151885,1.530366,2.756722,40.79153620196741,15.227554867329037,8.36861013302259,-0.353571,-0.098653,-0.021736,-0.929937,0.97959,0.110188,-0.168112,0.029336,0.74903,0.661887,-0.175643,1.254022,2.897977,-30.476166414871443,-43.097582139213465,6.433682640561886,-0.263961,-0.340104,-0.046026,0.901408,0.764422,0.096572,0.637443,0.262525,0.856413,-0.444565,0.290022,1.135362,3.078841,-11.81765513760342,9.607038832787945,-22.91194676943627,-0.117084,0.06126,-0.188417,0.973159,0.921493,-0.381064,-0.075111,0.352374,0.901581,-0.250967,F,BuildTutorial
21.519,0.14939,1.530189,2.757499,40.883125800994826,14.822486815658287,8.572393659568618,-0.354399,-0.094645,-0.024523,-0.929969,0.980882,0.112696,-0.158652,0.021473,0.7476,0.663802,-0.180976,1.253756,2.897198,-30.344673598387992,-43.71266147163579,6.352549478788659,-0.262446,-0.345293,-0.047652,0.899792,0.757005,0.095487,0.646395,0.266995,0.857703,-0.439385,0.282188,1.131898,3.083059,-10.935363550897812,8.421097627329374,-22.759545497414447,-0.10758,0.052901,-0.189025,0.974627,0.922942,-0.379841,-0.062448,0.357076,0.905392,-0.229701,F,BuildTutorial
21.552,0.146965,1.530056,2.758086,41.016797617480954,14.446070285500836,8.756293434035936,-0.35554,-0.090887,-0.027012,-0.929839,0.98202,0.114862,-0.149813,0.014394,0.745723,0.6661,-0.184979,1.253151,2.896179,-30.069261527385063,-44.13944602289211,6.300473400378054,-0.259974,-0.349114,-0.048135,0.899009,0.751605,0.094973,0.652741,0.268069,0.860194,-0.433828,0.275584,1.128106,3.086929,-10.2603609238362,7.469597211285245,-23.82701406630153,-0.1007,0.04506,-0.199472,0.973673,0.916361,-0.397517,-0.047574,0.379367,0.900141,-0.214075,F,BuildTutorial
21.586,0.144677,1.529968,2.758697,41.12014868721911,14.07194402354424,8.874045718315703,-0.356373,-0.087382,-0.029001,-0.929797,0.983047,0.116211,-0.141825,0.008352,0.744315,0.667776,-0.188725,1.252782,2.895051,-29.810668843959316,-44.62871847103131,6.487332852298436,-0.25834,-0.35286,-0.046924,0.89808,0.746575,0.098032,0.658039,0.2666,0.862117,-0.430905,0.270786,1.122839,3.091039,-8.807281264094023,7.174976470014388,-25.379631147186053,-0.088465,0.04403,-0.213908,0.971843,0.90461,-0.42356,-0.047733,0.40798,0.892835,-0.190785,F,BuildTutorial
21.62,0.142519,1.529948,2.759262,41.2118076932511,13.723820576861428,8.98857912201331,-0.357106,-0.084109,-0.030902,-0.929756,0.983942,0.117534,-0.134331,0.002609,0.743041,0.669241,-0.191601,1.252557,2.893794,-29.726049658025833,-45.0635387298428,6.480819828978514,-0.257486,-0.35639,-0.047672,0.896892,0.741428,0.098018,0.663835,0.269043,0.862857,-0.427895,0.265945,1.116612,3.095202,-7.071257566145872,6.521754011474778,-26.35538202270503,-0.072891,0.041243,-0.223754,0.971041,0.896467,-0.44056,-0.047477,0.428535,0.889243,-0.160016,F,BuildTutorial
21.654,0.140506,1.529923,2.759746,41.2736607378484,13.37064625131226,9.064121189087162,-0.357561,-0.080946,-0.032542,-0.929806,0.984777,0.118403,-0.127257,-0.00263,0.742182,0.670193,-0.193622,1.252403,2.892449,-29.68635689752579,-45.26654417401496,6.337985622858392,-0.256648,-0.35835,-0.049112,0.896273,0.738346,0.095904,0.667568,0.271975,0.86344,-0.424854,0.261745,1.111471,3.098478,-6.251729287300736,6.1576355851929145,-26.487578972962684,-0.065289,0.039729,-0.225573,0.971224,0.895077,-0.443351,-0.047716,0.432976,0.889709,-0.144743,F,BuildTutorial
21.685,0.138646,1.5299,2.760295,41.31210708081729,13.0294544870315,9.075375241345478,-0.35778,-0.078104,-0.033653,-0.929925,0.985534,0.118478,-0.121182,-0.006701,0.741722,0.670675,-0.195982,1.252897,2.891659,-29.723462253527178,-45.567850164668776,6.5565868329043235,-0.257492,-0.360167,-0.048204,0.895352,0.735913,0.099162,0.669775,0.271798,0.862749,-0.426369,0.258875,1.109028,3.100967,-6.531180356892952,6.19127026649665,-25.989312090462654,-0.067548,0.039744,-0.22117,0.972081,0.899008,-0.43536,-0.047389,0.424622,0.893042,-0.148905,F,BuildTutorial
21.719,0.136867,1.529847,2.760781,41.336404096016906,12.69350106272456,9.074262531008872,-0.357875,-0.075357,-0.034665,-0.930078,0.98624,0.118418,-0.115364,-0.010545,0.741447,0.670928,-0.197716,1.253115,2.890623,-29.799153122503963,-45.74557508385078,6.413627262452743,-0.257549,-0.361777,-0.049976,0.894588,0.73324,0.096934,0.673025,0.275767,0.862342,-0.424641,0.25457,1.105364,3.10343,-6.238758638041793,5.091168376497297,-25.915848871380252,-0.062923,0.031029,-0.221327,0.972673,0.900103,-0.434463,-0.032509,0.426653,0.89411,-0.136141,F,BuildTutorial
21.752,0.135213,1.529746,2.760936,41.4313916276362,12.425991392155716,9.154152406015893,-0.35861,-0.072843,-0.036042,-0.929943,0.98679,0.119279,-0.10963,-0.01479,0.7402,0.672224,-0.198472,1.253125,2.889281,-29.930615847402052,-45.78850104255178,6.303325357814769,-0.258195,-0.362189,-0.051379,0.894156,0.732359,0.095149,0.674238,0.278912,0.861391,-0.424516,0.252557,1.10195,3.105907,-5.604428525937576,4.9603133172100735,-26.66810462929335,-0.057494,0.030792,-0.228078,0.971456,0.894065,-0.446676,-0.0336,0.439594,0.88935,-0.125752,F,BuildTutorial
21.785,0.133736,1.529645,2.761098,41.49003970045383,12.212058101354405,9.21560746046859,-0.359053,-0.070857,-0.037145,-0.929882,0.987199,0.119964,-0.105102,-0.018199,0.739402,0.673018,-0.200317,1.253111,2.888872,-29.90066306280556,-45.9077785362393,6.208832429880465,-0.257611,-0.363371,-0.052283,0.893792,0.730456,0.093757,0.676494,0.280677,0.861806,-0.422505,0.252359,1.098074,3.108414,-4.781651683335567,5.621724820171334,-27.180834225406233,-0.052012,0.037834,-0.232504,0.970466,0.889021,-0.455211,-0.049248,0.44734,0.886473,-0.118544,F,BuildTutorial
21.819,0.132412,1.529612,2.761285,41.50183411110399,12.015876286942769,9.25372095012299,-0.359107,-0.069134,-0.038056,-0.929954,0.987544,0.120433,-0.101251,-0.021127,0.739188,0.673168,-0.201195,1.252896,2.887499,-29.855329488076524,-46.1775297336614,6.329133557247872,-0.257522,-0.365263,-0.051797,0.893075,0.727801,0.09561,0.679091,0.280642,0.862,-0.422134,0.25146,1.094671,3.110725,-4.1111973525333925,5.476596560462692,-26.753822644343547,-0.045902,0.038159,-0.229276,0.97153,0.891953,-0.448999,-0.053096,0.441993,0.890651,-0.106689,F,BuildTutorial
21.853,0.131183,1.52955,2.761394,41.527312327117826,11.853748261101796,9.320836348139728,-0.359298,-0.067583,-0.039081,-0.929952,0.987811,0.121251,-0.097615,-0.024121,0.738755,0.673542,-0.202468,1.252663,2.886978,-29.7411769836394,-46.336611521606734,6.322365649662407,-0.25655,-0.366667,-0.051816,0.892778,0.725741,0.095616,0.681291,0.280657,0.862995,-0.420085,0.251513,1.09308,3.112511,-4.223700610739045,5.799795791967687,-26.916543429644687,-0.047559,0.040603,-0.230468,0.971068,0.890472,-0.451463,-0.056934,0.443739,0.889245,-0.111081,F,BuildTutorial
21.886,0.130058,1.529564,2.761622,41.54127823620168,11.726045364551354,9.376622159312232,-0.359399,-0.066358,-0.039919,-0.929965,0.988006,0.121946,-0.094728,-0.026549,0.738478,0.673755,-0.20343,1.252531,2.886268,-29.695968433115425,-46.48231711133173,6.395790355870568,-0.256372,-0.367697,-0.051415,0.892429,0.724311,0.096766,0.68265,0.280303,0.86326,-0.419777,0.252309,1.09129,3.113939,-3.651605068473945,6.36978409171756,-27.204578256752804,-0.043979,0.046491,-0.232978,0.970374,0.88712,-0.456241,-0.069735,0.448062,0.887574,-0.107015,F,BuildTutorial
21.919,0.129111,1.529576,2.761714,41.58136004188507,11.607847482964836,9.394039270035089,-0.359691,-0.065305,-0.040388,-0.929907,0.988208,0.122092,-0.0924,-0.028134,0.737982,0.674234,-0.20376,1.252329,2.885214,-29.78240938129514,-46.542967791164855,6.333511546631565,-0.256809,-0.368195,-0.052333,0.892044,0.723388,0.095745,0.683771,0.282478,0.86262,-0.419633,0.252693,1.089514,3.115449,-3.1650203557499994,6.428785794110869,-27.43686659109087,-0.040079,0.047913,-0.235183,0.969942,0.884787,-0.460069,-0.074094,0.452387,0.886165,-0.100285,F,BuildTutorial
21.952,0.128201,1.529515,2.761687,41.635545070361424,11.507045483305326,9.40937613880442,-0.360101,-0.064386,-0.040771,-0.929796,0.988384,0.122189,-0.090369,-0.029447,0.737331,0.67489,-0.20364,1.252044,2.884129,-29.83247624962797,-46.49646225594941,6.127962153385178,-0.256555,-0.368228,-0.054001,0.892004,0.722984,0.092603,0.68463,0.28528,0.862527,-0.417927,0.253413,1.088283,3.116469,-3.0241511365951466,6.757163793926745,-28.12963287554891,-0.039869,0.050745,-0.241004,0.968376,0.878685,-0.470811,-0.079063,0.462718,0.880656,-0.101676,F,BuildTutorial
21.985,0.12744,1.529485,2.761608,41.648048077403246,11.466133119872614,9.44114316284103,-0.360205,-0.063942,-0.041144,-0.92977,0.988437,0.122573,-0.089263,-0.030444,0.73712,0.675076,-0.204711,1.251981,2.88387,-29.677728920368185,-46.464520345588035,6.152280826417658,-0.255458,-0.368126,-0.053209,0.892409,0.723304,0.093114,0.684223,0.28305,0.86382,-0.416771,0.254461,1.086646,3.117234,-2.755863773726766,7.179263787919541,-28.224679468658007,-0.038537,0.054851,-0.241815,0.968004,0.877034,-0.472384,-0.087554,0.463929,0.880081,-0.101135,F,BuildTutorial
22.019,0.126878,1.529515,2.761503,41.636017014676305,11.379724328828727,9.43654399936826,-0.360074,-0.063267,-0.041391,-0.929855,0.988568,0.122537,-0.087851,-0.031414,0.737267,0.67487,-0.204525,1.251554,2.882472,-29.686679187784932,-46.62905920492807,6.273897072099011,-0.255842,-0.369124,-0.05266,0.891919,0.721948,0.094938,0.685403,0.282812,0.863544,-0.417504,0.255215,1.084971,3.117788,-2.164139597124509,7.147372065978513,-28.21986026519129,-0.033472,0.055846,-0.242124,0.968058,0.876515,-0.472518,-0.091916,0.465041,0.880512,-0.091849,F,BuildTutorial
22.052,0.126372,1.529528,2.761334,41.63065511680025,11.302186811284695,9.43687639910418,-0.360003,-0.062642,-0.041643,-0.929914,0.988684,0.122553,-0.08652,-0.032347,0.737328,0.67476,-0.204991,1.251382,2.882062,-29.728755806122415,-46.59977084914544,5.983073289808212,-0.255242,-0.36949,-0.055003,0.891798,0.720903,0.090516,0.687099,0.286722,0.863652,-0.414603,0.256593,1.08435,3.117904,-2.1036621993844804,7.5550525080046755,-28.66447802470106,-0.034053,0.059287,-0.245793,0.966908,0.872142,-0.479356,-0.09791,0.471281,0.876853,-0.094996,F,BuildTutorial
22.086,0.12587,1.529529,2.761194,41.64052516645465,11.251815635069738,9.425308532426682,-0.360058,-0.06226,-0.041697,-0.929916,0.98877,0.122384,-0.085767,-0.032715,0.737239,0.674839,-0.204963,1.251286,2.881111,-29.70615325927682,-46.6858440217433,6.140490216389121,-0.255535,-0.369838,-0.053892,0.891637,0.720631,0.09291,0.687065,0.285117,0.863595,-0.415827,0.25787,1.083591,3.117739,-1.916080713370481,8.005499988285484,-29.11337673996323,-0.033686,0.063362,-0.24956,0.965697,0.86741,-0.486267,-0.105565,0.477729,0.873171,-0.096686,F,BuildTutorial
22.119,0.125508,1.529449,2.761002,41.678350397333226,11.23449543680247,9.440500395170757,-0.360365,-0.062035,-0.041835,-0.929806,0.988803,0.122507,-0.085209,-0.033086,0.736774,0.675329,-0.205752,1.251346,2.880692,-29.712478082460432,-46.90977385890907,6.223214923413119,-0.255746,-0.371387,-0.05377,0.89094,0.718362,0.094149,0.68927,0.285774,0.863405,-0.41577,0.25811,1.082613,3.117596,-1.494514260108289,7.853052441166441,-29.279166303490463,-0.029894,0.06296,-0.251259,0.965407,0.86581,-0.488899,-0.106542,0.481371,0.87195,-0.089358,F,BuildTutorial
22.152,0.12517,1.52933,2.760734,41.70465217331486,11.23470660018247,9.506970017270437,-0.360613,-0.061802,-0.042346,-0.929702,0.988775,0.123312,-0.084373,-0.034165,0.73633,0.675759,-0.205427,1.251262,2.88012,-29.748203775141835,-46.878463793438705,6.153736081161192,-0.25581,-0.371252,-0.054364,0.890942,0.718433,0.093069,0.689342,0.286811,0.863212,-0.415458,0.258613,1.08299,3.117198,-1.8775310030233012,7.920963567705135,-29.197089788149444,-0.033223,0.06271,-0.250314,0.96556,0.866821,-0.487553,-0.104469,0.479219,0.872479,-0.095551,F,BuildTutorial
22.185,0.124953,1.52931,2.760472,41.680072662720555,11.227105529827986,9.534729882755103,-0.360427,-0.061677,-0.042621,-0.92977,0.988759,0.123716,-0.083967,-0.034796,0.736552,0.675486,-0.204921,1.251148,2.879691,-29.759860558951583,-46.75314830987396,6.124355928725044,-0.255864,-0.370328,-0.054353,0.891312,0.719807,0.092616,0.687969,0.286397,0.863159,-0.415852,0.25954,1.082802,3.116949,-1.7888833015113688,8.151758454169277,-29.24185202589374,-0.033006,0.064837,-0.25068,0.965332,0.865911,-0.48826,-0.108631,0.4797,0.87214,-0.096231,F,BuildTutorial
22.218,0.124788,1.529315,2.760172,41.701432632889485,11.211965278959148,9.539269069029132,-0.360596,-0.061519,-0.042683,-0.929712,0.988787,0.123734,-0.083608,-0.034999,0.736297,0.675752,-0.205494,1.251518,2.879594,-29.83854509786386,-46.83342319670021,6.173773043780821,-0.25659,-0.370739,-0.05442,0.890928,0.719182,0.093288,0.688531,0.287225,0.8624,-0.416856,0.259858,1.081954,3.116891,-1.4189268414304257,8.105216403605308,-29.559557429989432,-0.02997,0.065178,-0.253601,0.964645,0.862877,-0.493177,-0.110547,0.485363,0.869577,-0.09088,F,BuildTutorial
22.252,0.124573,1.529246,2.759913,41.75278182547964,11.21343602279996,9.554750332696116,-0.361019,-0.061432,-0.04275,-0.929551,0.988797,0.123833,-0.083341,-0.035121,0.735676,0.676423,-0.20512,1.251477,2.879483,-29.820792230650497,-46.71852136445108,6.016723625071849,-0.256001,-0.37022,-0.055323,0.891258,0.719753,0.09094,0.688249,0.288167,0.862806,-0.415362,0.260772,1.081907,3.116773,-1.4617942957708028,8.328528511491376,-30.037824861558917,-0.031104,0.066833,-0.257538,0.963452,0.858415,-0.500409,-0.11276,0.492094,0.865413,-0.094359,F,BuildTutorial
22.285,0.124401,1.529323,2.75967,41.752939579635424,11.205778071949656,9.494351068377064,-0.360985,-0.06156,-0.042284,-0.929577,0.988845,0.123057,-0.083922,-0.034168,0.735804,0.676332,-0.205244,1.251587,2.879504,-29.746192020186104,-46.682231672509126,6.2044934797917195,-0.256051,-0.369615,-0.053524,0.891604,0.72104,0.093836,0.68651,0.284726,0.863146,-0.417026,0.261747,1.081573,3.116783,-1.2467728316579982,8.586841483033737,-30.401209604997156,-0.030098,0.069396,-0.260662,0.962462,0.854479,-0.505933,-0.117892,0.497578,0.862299,-0.094115,F,BuildTutorial
22.318,0.124253,1.529376,2.759351,41.75056927222562,11.206520941434867,9.459204425934695,-0.360947,-0.061679,-0.041999,-0.929596,0.988864,0.12261,-0.084355,-0.033558,0.735906,0.676252,-0.204944,1.251565,2.879424,-29.831243591571585,-46.659424549432075,6.2109404860591,-0.256736,-0.369312,-0.053716,0.891521,0.721447,0.093854,0.68608,0.285409,0.862402,-0.418096,0.262429,1.081036,3.116906,-0.967292753710198,8.559498198962425,-30.65189802774125,-0.027842,0.069745,-0.262956,0.961881,0.85198,-0.509748,-0.11953,0.501981,0.860158,-0.09024,F,BuildTutorial
22.351,0.124178,1.529437,2.759001,41.70032327514786,11.201036333786584,9.450090670635449,-0.360535,-0.061712,-0.041995,-0.929754,0.988856,0.122589,-0.084473,-0.033591,0.736503,0.6756,-0.205044,1.251701,2.879571,-29.894522820270097,-46.59639369763439,6.070539418108293,-0.2568,-0.369054,-0.054885,0.891539,0.721574,0.091682,0.68624,0.287409,0.862083,-0.417383,0.263872,1.081305,3.116748,-1.0763038147749406,9.043952865250231,-30.811100626338227,-0.02997,0.073518,-0.264097,0.961223,0.849696,-0.512119,-0.125505,0.503306,0.858709,-0.096448,F,BuildTutorial
22.385,0.124149,1.529523,2.758721,41.63289461430434,11.2122529793386,9.440058101390536,-0.35999,-0.0619,-0.041949,-0.929955,0.988817,0.122589,-0.084926,-0.033455,0.737295,0.674742,-0.204767,1.251612,2.879195,-29.837613717696264,-46.567969388899115,6.2082399941469,-0.256819,-0.368598,-0.053554,0.891802,0.722535,0.093808,0.684941,0.284845,0.862352,-0.418584,0.264796,1.081248,3.116559,-0.8844054316161266,9.20964627717892,-31.264671604502507,-0.029041,0.075238,-0.267989,0.960041,0.845042,-0.518931,-0.128897,0.510191,0.854677,-0.096088,F,BuildTutorial
22.418,0.124102,1.529423,2.758407,41.63918238817317,11.222725337676158,9.433961248403625,-0.360041,-0.061998,-0.04186,-0.929932,0.988808,0.122497,-0.085166,-0.03321,0.737236,0.674819,-0.204841,1.251523,2.878991,-29.816230721805734,-46.64450674074977,6.27903809180819,-0.256847,-0.369063,-0.053101,0.891629,0.721946,0.094893,0.685412,0.284279,0.862419,-0.41883,0.264932,1.081363,3.116466,-0.8420911656524958,9.012551455315542,-31.833495704190156,-0.028591,0.073545,-0.27283,0.958821,0.84031,-0.527395,-0.125431,0.518984,0.849493,-0.094958,F,BuildTutorial
22.452,0.124171,1.529346,2.758145,41.62498326095267,11.229622260005252,9.445022887191769,-0.359935,-0.062033,-0.041943,-0.929967,0.988785,0.122667,-0.085184,-0.033355,0.737375,0.67466,-0.204706,1.251457,2.878644,-29.83227232817919,-46.725181439548635,6.2744358961106865,-0.256918,-0.36968,-0.053373,0.891337,0.720977,0.094808,0.686443,0.285101,0.862289,-0.418539,0.265247,1.081432,3.116108,-0.8643255144992854,9.06524191184095,-32.04991626035506,-0.029042,0.073878,-0.274612,0.958273,0.838261,-0.530597,-0.125641,0.522015,0.84749,-0.096236,F,BuildTutorial
22.485,0.124162,1.52934,2.757985,41.608319150823434,11.224680705964769,9.396965785351885,-0.359773,-0.06216,-0.041586,-0.930038,0.988814,0.122081,-0.085699,-0.032627,0.737668,0.674375,-0.204932,1.251417,2.8787,-29.8107385364834,-46.683846718675106,6.282280761980837,-0.256797,-0.369369,-0.053145,0.891514,0.721484,0.094947,0.685891,0.284465,0.862462,-0.418616,0.264732,1.081469,3.115854,-0.8988038379433841,8.75947903732816,-31.992927360569425,-0.028562,0.071252,-0.274189,0.958607,0.839487,-0.529749,-0.120944,0.521608,0.84801,-0.093832,F,BuildTutorial
22.518,0.124117,1.529252,2.757618,41.604364939195065,11.240136928855136,9.381119656419948,-0.359738,-0.062339,-0.041413,-0.930047,0.988798,0.121884,-0.086161,-0.032181,0.737747,0.67431,-0.205143,1.251383,2.878585,-29.80431847952544,-46.70292088342173,6.335699704353761,-0.256911,-0.369406,-0.05275,0.891489,0.721513,0.095757,0.685747,0.283861,0.862428,-0.419095,0.263958,1.081507,3.115514,-0.8627652124825551,8.366715446168966,-32.23787982068322,-0.027466,0.067994,-0.276357,0.958253,0.838008,-0.533374,-0.11513,0.525904,0.845745,-0.090219,F,BuildTutorial
22.552,0.12416,1.529165,2.757295,41.614106163639065,11.272536192008827,9.413767167550969,-0.359846,-0.06249,-0.041566,-0.929988,0.988735,0.122286,-0.086314,-0.032339,0.737566,0.674501,-0.205561,1.251447,2.87845,-29.823228597308532,-46.77889375873922,6.2792167236713,-0.256839,-0.370099,-0.053425,0.891183,0.720345,0.094889,0.687094,0.285334,0.862359,-0.418236,0.263797,1.081683,3.115201,-0.9205443806923398,8.312301816580998,-32.58699521417579,-0.028023,0.067314,-0.279252,0.957445,0.834974,-0.538511,-0.113248,0.530965,0.842466,-0.091256,F,BuildTutorial
22.585,0.124206,1.52907,2.757025,41.60965577414533,11.275412663990291,9.44646275497735,-0.359829,-0.062415,-0.041827,-0.929988,0.98871,0.122714,-0.085989,-0.03288,0.737547,0.674495,-0.205204,1.251263,2.877735,-29.81386248289912,-46.771951788010675,6.355982440960996,-0.257018,-0.369885,-0.05278,0.891258,0.720798,0.096052,0.686457,0.284216,0.862312,-0.419093,0.263483,1.081522,3.115041,-0.8991576254847616,8.178458835018048,-32.52444160207663,-0.027482,0.066263,-0.278775,0.957673,0.835787,-0.537593,-0.111594,0.530309,0.843058,-0.089582,F,BuildTutorial
22.618,0.124214,1.529105,2.756766,41.59919750795966,11.24628083804238,9.383938170808152,-0.3597,-0.062385,-0.041422,-0.930058,0.988785,0.121928,-0.086244,-0.032169,0.737801,0.674252,-0.205296,1.251074,2.877563,-29.78792255800521,-46.80971392991741,6.4078019423694785,-0.256969,-0.370097,-0.052372,0.891209,0.720571,0.096857,0.686582,0.283556,0.862448,-0.41926,0.263317,1.081443,3.114966,-0.8906086587969246,8.020031512523625,-32.71831583910045,-0.027135,0.064914,-0.280438,0.95729,0.834281,-0.540445,-0.109065,0.533399,0.841236,-0.088361,F,BuildTutorial
22.652,0.124317,1.529168,2.756524,41.60551196620566,11.222928303294884,9.342330244160376,-0.35972,-0.06232,-0.041151,-0.930067,0.988846,0.121382,-0.086317,-0.031712,0.737816,0.674256,-0.205347,1.250991,2.877426,-29.7767860886746,-46.895325806624626,6.353956868759679,-0.25667,-0.370898,-0.052944,0.890928,0.719264,0.096059,0.688065,0.284735,0.862635,-0.418075,0.263734,1.081375,3.11491,-0.8520623581936446,8.32983889820663,-32.957012264948,-0.027712,0.067539,-0.282381,0.956521,0.831399,-0.54395,-0.113554,0.536463,0.838986,-0.091158,F,BuildTutorial
22.685,0.124367,1.529201,2.756336,41.58343176025818,11.206973761509042,9.338119882446852,-0.359534,-0.062225,-0.04119,-0.930144,0.988863,0.121369,-0.086138,-0.031881,0.738078,0.673962,-0.205431,1.251039,2.877298,-29.807036970321207,-46.851019658053474,6.421152488791453,-0.25714,-0.370363,-0.052427,0.891046,0.720166,0.097041,0.686982,0.2839,0.862261,-0.419414,0.264188,1.080773,3.114882,-0.5970091279201089,8.597236352862579,-33.19823790202639,-0.026391,0.070346,-0.284492,0.95573,0.828232,-0.547507,-0.119448,0.540081,0.836736,-0.090471,F,BuildTutorial
22.718,0.124398,1.529185,2.756145,41.5538369942982,11.183310734735588,9.31334966093938,-0.359273,-0.062139,-0.041094,-0.930254,0.9889,0.121105,-0.086082,-0.031805,0.738468,0.673538,-0.205578,1.25101,2.877297,-29.810058508246534,-46.813865048491515,6.360464518942446,-0.256984,-0.370206,-0.052826,0.891132,0.720314,0.096124,0.686956,0.284425,0.862337,-0.4189,0.264154,1.08011,3.11508,-0.3966680751332442,8.550514517271704,-33.42052539558836,-0.024741,0.070407,-0.286483,0.955174,0.82594,-0.550767,-0.120325,0.543799,0.83463,-0.087606,F,BuildTutorial
22.751,0.124373,1.529233,2.755962,41.53709833535968,11.186515995981846,9.305413400343376,-0.359135,-0.062206,-0.041037,-0.930306,0.988893,0.121034,-0.086265,-0.031673,0.738676,0.673316,-0.20621,1.251272,2.877132,-29.80395068762642,-47.00324314532559,6.461785012699763,-0.257178,-0.371459,-0.052442,0.890577,0.718537,0.097655,0.688599,0.284469,0.862219,-0.419114,0.264842,1.080309,3.114888,-0.565281873462521,8.928817495804568,-33.37272536439498,-0.027061,0.073149,-0.28589,0.955083,0.825832,-0.550057,-0.124255,0.542139,0.835069,-0.093516,F,BuildTutorial
22.785,0.124357,1.529225,2.755794,41.5307443435967,11.17830084831776,9.308081278277925,-0.359082,-0.062137,-0.041091,-0.930328,0.988901,0.121081,-0.086105,-0.031833,0.738744,0.673234,-0.206114,1.251175,2.876885,-29.834483138061575,-47.02143385737893,6.522259117899799,-0.2576,-0.371424,-0.052119,0.890489,0.718656,0.098534,0.688349,0.28418,0.861852,-0.420063,0.26462,1.080347,3.114884,-0.5822043687682568,8.792419602094924,-33.33338432250716,-0.026837,0.071979,-0.285583,0.95527,0.826523,-0.549481,-0.12219,0.541754,0.835445,-0.092386,F,BuildTutorial
22.818,0.124323,1.529165,2.755625,41.52899582927012,11.148901749624653,9.324348747541844,-0.359066,-0.061849,-0.041317,-0.930343,0.988935,0.121294,-0.08541,-0.032463,0.738728,0.673221,-0.206184,1.251306,2.876735,-29.889841599185072,-47.01635608174478,6.434996703617021,-0.257744,-0.371507,-0.052978,0.890362,0.718352,0.097168,0.68886,0.285846,0.861523,-0.419607,0.264257,1.080481,3.115104,-0.4661042717220743,8.64325093825525,-33.41649677280633,-0.025549,0.071007,-0.286385,0.955138,0.825884,-0.550702,-0.12101,0.543446,0.834662,-0.089476,F,BuildTutorial
22.851,0.124267,1.529208,2.755579,41.522551603753115,11.112967816368922,9.33120705534172,-0.359005,-0.061542,-0.041492,-0.93038,0.988982,0.121395,-0.084724,-0.033019,0.738787,0.673129,-0.206128,1.251322,2.876287,-29.93708993515386,-47.120870813798234,6.539746238343358,-0.258398,-0.37202,-0.052564,0.889983,0.717676,0.098697,0.689348,0.28582,0.860935,-0.420829,0.263922,1.081003,3.115097,-0.7340799582143239,8.676148869079096,-33.34623461144946,-0.027821,0.070627,-0.285619,0.955332,0.826868,-0.549651,-0.119053,0.541792,0.835296,-0.0935,F,BuildTutorial
22.884,0.12413,1.529211,2.755462,41.517897767833624,11.06337096730374,9.266646951659876,-0.358915,-0.061346,-0.041128,-0.930444,0.98909,0.120572,-0.084635,-0.032499,0.738977,0.672946,-0.205842,1.251146,2.875825,-29.921026368740247,-47.19431641639171,6.579098536101848,-0.258369,-0.372523,-0.052368,0.889792,0.716969,0.099304,0.689996,0.28569,0.861006,-0.420774,0.263405,1.08158,3.115073,-0.9032723940325904,8.404557126449305,-33.32374163572641,-0.028541,0.067945,-0.28539,0.955574,0.827873,-0.5493,-0.113561,0.541544,0.835476,-0.093328,F,BuildTutorial
22.918,0.124059,1.529175,2.755295,41.49091778450499,11.014842252999372,9.284411786505927,-0.358689,-0.060922,-0.041452,-0.930544,0.989141,0.120849,-0.083644,-0.033442,0.739247,0.672603,-0.205865,1.250994,2.875761,-29.918969472537952,-47.115004353793296,6.493349965776376,-0.258111,-0.372103,-0.052848,0.890014,0.717493,0.098017,0.689635,0.286158,0.861172,-0.420115,0.263029,1.081823,3.115091,-0.8583283834152325,8.227566729581538,-33.498540714154345,-0.027827,0.066539,-0.286919,0.955236,0.8265,-0.551854,-0.111154,0.544448,0.833806,-0.091345,F,BuildTutorial
22.952,0.123952,1.529207,2.755223,41.44751489695907,11.021074945511478,9.344843737918271,-0.358373,-0.060825,-0.041968,-0.930649,0.989078,0.121711,-0.083132,-0.034519,0.739615,0.672145,-0.206291,1.251063,2.875895,-29.917308928433567,-47.13846997048057,6.543704436627927,-0.258251,-0.372174,-0.052504,0.889964,0.71746,0.098774,0.689561,0.285683,0.861099,-0.420587,0.262918,1.082073,3.115259,-0.9296725853981052,8.331499163599364,-33.52289047693741,-0.028696,0.06722,-0.287052,0.955123,0.826165,-0.552198,-0.111931,0.544482,0.833555,-0.093408,F,BuildTutorial
22.985,0.123834,1.52922,2.755151,41.44230622454294,11.007817873021926,9.343019795185242,-0.358325,-0.060728,-0.042,-0.930672,0.989096,0.121698,-0.082936,-0.034657,0.739678,0.672068,-0.206654,1.250983,2.875678,-29.876396137627815,-47.27742745922108,6.623597021781091,-0.258134,-0.373128,-0.052054,0.889625,0.716131,0.100018,0.690762,0.285251,0.861315,-0.420439,0.262597,1.082241,3.115511,-0.984242997052566,8.247810715465818,-33.57112749702531,-0.028969,0.066373,-0.287441,0.955057,0.825944,-0.552891,-0.110127,0.5452,0.833077,-0.093491,F,BuildTutorial
23.018,0.12373,1.529161,2.755094,41.43708098106756,10.95340417972567,9.337290636382404,-0.35826,-0.060309,-0.042129,-0.930719,0.989176,0.121634,-0.082075,-0.035208,0.73975,0.67196,-0.206517,1.250856,2.875333,-29.859395903492153,-47.30535553499087,6.6235320642769375,-0.257991,-0.373368,-0.052058,0.889566,0.715774,0.100033,0.691131,0.285268,0.861462,-0.420126,0.262189,1.082008,3.115862,-0.8739016498317749,8.174360768217564,-33.462871925499336,-0.027803,0.066065,-0.286625,0.955358,0.826963,-0.551333,-0.110292,0.543986,0.834146,-0.090995,F,BuildTutorial
23.052,0.123649,1.529179,2.754995,41.43182272152829,10.925227977058322,9.363578481860602,-0.358221,-0.060003,-0.042436,-0.93074,0.989198,0.121982,-0.081291,-0.036006,0.739753,0.671914,-0.206784,1.251085,2.87536,-29.920149603285378,-47.33539038537608,6.683847004756328,-0.258639,-0.373383,-0.05187,0.889382,0.715789,0.100879,0.690992,0.285407,0.860831,-0.421323,0.262096,1.081882,3.115872,-0.8111890232013522,8.281647725486893,-33.3455946607839,-0.02748,0.067145,-0.28566,0.955581,0.82778,-0.549633,-0.112626,0.542253,0.835286,-0.09088,F,BuildTutorial
23.084,0.123568,1.529244,2.754915,41.41411997480054,10.868058305703205,9.281494068451096,-0.358014,-0.059812,-0.041966,-0.930853,0.989323,0.120955,-0.081303,-0.035301,0.740129,0.671538,-0.206329,1.251012,2.874728,-30.00859836249571,-47.33890951363053,6.649622779161278,-0.259203,-0.373368,-0.052453,0.88919,0.71569,0.100274,0.691183,0.286838,0.860125,-0.421792,0.261744,1.081841,3.115659,-0.9058361842531,8.155745640887789,-33.47753971024532,-0.028031,0.065826,-0.286732,0.955335,0.826903,-0.551542,-0.109698,0.544161,0.833998,-0.091307,F,BuildTutorial
23.118,0.123451,1.529303,2.754881,41.40023208665632,10.826208054135744,9.244091380820436,-0.357867,-0.059602,-0.041807,-0.93093,0.9894,0.120498,-0.081048,-0.035179,0.740367,0.671282,-0.206573,1.250948,2.874874,-29.92413262163006,-47.30185050936726,6.6636519394546045,-0.258619,-0.373163,-0.051965,0.889475,0.716098,0.100571,0.690717,0.285457,0.860832,-0.421287,0.261708,1.081491,3.115461,-0.7848158406969441,8.1725504705474,-33.51997614172913,-0.027089,0.06626,-0.287156,0.955205,0.826302,-0.552176,-0.111026,0.544996,0.833615,-0.089806,F,BuildTutorial
23.151,0.123409,1.529371,2.754837,41.37094951656809,10.78470788413146,9.262521613555744,-0.357625,-0.059235,-0.042116,-0.931033,0.989435,0.12079,-0.080176,-0.036054,0.740661,0.670911,-0.206963,1.250861,2.874819,-29.861442761155377,-47.41545050125247,6.7964697874457585,-0.258521,-0.37383,-0.050971,0.889281,0.715306,0.102631,0.691233,0.283941,0.861137,-0.421687,0.262312,1.081208,3.115364,-0.781622510747189,8.441491506828209,-33.576413100757065,-0.02777,0.068496,-0.287564,0.954905,0.82523,-0.552998,-0.114844,0.545389,0.833071,-0.092429,F,BuildTutorial
23.185,0.123296,1.529406,2.754896,41.342179598227034,10.744539159597185,9.241922505984142,-0.357367,-0.059,-0.042103,-0.931147,0.989493,0.120578,-0.079782,-0.03624,0.741032,0.670491,-0.20697,1.250782,2.874599,-29.9201846846992,-47.467293096498935,6.685502198731881,-0.258585,-0.374403,-0.052155,0.888953,0.714205,0.100904,0.692626,0.286356,0.860828,-0.420685,0.262497,1.080836,3.115213,-0.721520227204856,8.403576628216136,-33.569466884583676,-0.02717,0.068333,-0.287553,0.954937,0.825287,-0.552904,-0.114882,0.545478,0.83315,-0.09119,F,BuildTutorial
23.217,0.123184,1.529377,2.754952,41.35144751165949,10.701447406162371,9.21631630315584,-0.357413,-0.058721,-0.04202,-0.931151,0.989572,0.120229,-0.07932,-0.036278,0.74098,0.670546,-0.206822,1.250567,2.874256,-29.874888072278388,-47.51361411377573,6.748730013887489,-0.258424,-0.374681,-0.05161,0.888914,0.713901,0.101898,0.692793,0.285408,0.861107,-0.420758,0.262674,1.080282,3.115145,-0.6567893961920762,8.38201463122223,-33.575116996490436,-0.02658,0.068315,-0.287646,0.954928,0.825186,-0.552993,-0.11518,0.54573,0.833107,-0.090065,F,BuildTutorial
23.251,0.123105,1.529309,2.75485,41.38978707686367,10.685696700626709,9.206392216797491,-0.357712,-0.058588,-0.04195,-0.931048,0.989615,0.12003,-0.079085,-0.036199,0.740564,0.67101,-0.206969,1.250495,2.874207,-29.836426870365734,-47.56589902593551,6.864463424621925,-0.258485,-0.374878,-0.050695,0.888866,0.713793,0.103678,0.69264,0.283923,0.861231,-0.421507,0.262832,1.079852,3.115342,-0.6134208921967689,8.374584081786553,-33.435970272855585,-0.026117,0.068394,-0.286515,0.955275,0.826463,-0.550973,-0.115704,0.543828,0.834454,-0.08909,F,BuildTutorial
23.284,0.12303,1.529263,2.754857,41.41576897783276,10.667406854583868,9.198388718629944,-0.357911,-0.05844,-0.041916,-0.930982,0.989656,0.119879,-0.078809,-0.036214,0.740286,0.671316,-0.206692,1.250348,2.873879,-29.873832742680737,-47.56694960961705,6.766849190162248,-0.258451,-0.375055,-0.051586,0.888749,0.713345,0.102173,0.693325,0.285561,0.861084,-0.420702,0.26287,1.079913,3.115417,-0.8240962541951337,8.250389291629343,-32.767378300101655,-0.027172,0.06699,-0.280834,0.95703,0.833289,-0.541174,-0.112962,0.533892,0.840788,-0.089636,F,BuildTutorial
23.317,0.122954,1.529165,2.754853,41.44373525332772,10.66224170886618,9.214009553748324,-0.358143,-0.058323,-0.042031,-0.930895,0.989664,0.12003,-0.078479,-0.036477,0.739934,0.67169,-0.206787,1.250375,2.874132,-29.88838964474776,-47.48730782096765,6.708265380691298,-0.258407,-0.37455,-0.051912,0.888957,0.714035,0.101278,0.692746,0.285867,0.861063,-0.420537,0.262734,1.080233,3.115464,-1.2279352900431295,8.141405044429662,-31.27068203747308,-0.029424,0.065476,-0.268086,0.960717,0.847686,-0.518963,-0.110031,0.511257,0.854528,-0.091643,F,BuildTutorial
23.351,0.122887,1.529112,2.754896,41.44301335785624,10.708923146707471,9.25268590220346,-0.358174,-0.058582,-0.0422,-0.930859,0.989575,0.120529,-0.078833,-0.036599,0.739861,0.671763,-0.20693,1.250498,2.874059,-29.90526899436821,-47.54027458642243,6.833032076403246,-0.25892,-0.374656,-0.051123,0.888808,0.714039,0.103135,0.692468,0.284888,0.860694,-0.421954,0.263324,1.08059,3.115588,-1.4003861822464465,8.406779530520415,-30.67771462888626,-0.031141,0.067457,-0.262932,0.961949,0.852633,-0.510056,-0.113405,0.501653,0.859794,-0.095386,F,BuildTutorial
23.385,0.1228,1.529047,2.754851,41.43994484732397,10.750909714773533,9.292343411834183,-0.358185,-0.058802,-0.042394,-0.930832,0.98949,0.121048,-0.0791,-0.0368,0.739812,0.671807,-0.207101,1.250272,2.873767,-29.927404857856818,-47.6952466311785,6.8934292776682735,-0.259218,-0.375691,-0.051083,0.888287,0.712495,0.10402,0.693925,0.285523,0.860393,-0.422137,0.263917,1.080192,3.115843,-1.035518731205424,8.50150520989911,-31.96605517929259,-0.029072,0.068772,-0.27394,0.958844,0.840455,-0.52933,-0.115954,0.521333,0.848224,-0.09343,F,BuildTutorial
23.418,0.122734,1.529021,2.75483,41.46845338328422,10.779327454516585,9.325547766372187,-0.358443,-0.058902,-0.042546,-0.93072,0.989441,0.121422,-0.079141,-0.036971,0.739418,0.672231,-0.207085,1.250035,2.873774,-29.862668361793503,-47.692734185038645,6.843382255252883,-0.25856,-0.375873,-0.051237,0.888392,0.712188,0.103335,0.694341,0.285408,0.861043,-0.420889,0.263601,1.080082,3.115786,-0.9961735122232388,8.370089638414264,-31.523906776134307,-0.028167,0.067876,-0.270296,0.959968,0.844666,-0.522775,-0.115092,0.515128,0.852293,-0.090771,F,BuildTutorial
23.451,0.122742,1.529064,2.754841,41.45135670574848,10.766404395863766,9.298125782697433,-0.358286,-0.058899,-0.042381,-0.930788,0.98947,0.1211,-0.079276,-0.036689,0.739671,0.671968,-0.207351,1.249994,2.873685,-29.82334679898278,-47.75974439831992,6.957991595333939,-0.258606,-0.376188,-0.050361,0.888296,0.711893,0.105098,0.694379,0.28404,0.861173,-0.421547,0.263363,1.080587,3.115714,-1.3747583535949996,8.19900831908699,-30.70008038077388,-0.030462,0.065766,-0.263192,0.962017,0.852809,-0.510398,-0.110502,0.502384,0.859604,-0.093228,F,BuildTutorial
23.485,0.122601,1.529011,2.754966,41.43766446557781,10.7227958179876,9.244925677890365,-0.358132,-0.058724,-0.042099,-0.930871,0.989558,0.120439,-0.079175,-0.036315,0.739938,0.671694,-0.207289,1.249917,2.873427,-29.8135564976874,-47.848706425774914,6.9725867773363985,-0.25854,-0.376858,-0.050414,0.888028,0.710873,0.105327,0.695389,0.284404,0.861231,-0.421183,0.262952,1.080792,3.115667,-1.5698562668728953,8.0136863545084,-30.540940500107364,-0.031585,0.063803,-0.261784,0.962497,0.854797,-0.507962,-0.106284,0.499902,0.860944,-0.094206,F,BuildTutorial
23.518,0.122488,1.528937,2.755001,41.455586702815225,10.706270777475096,9.27526184897378,-0.358286,-0.058478,-0.042379,-0.930814,0.989569,0.120798,-0.078497,-0.03699,0.73967,0.671952,-0.207428,1.24987,2.873556,-29.834648044848972,-47.79306982575635,6.9480732909904255,-0.258645,-0.376453,-0.050553,0.888161,0.711455,0.104937,0.694853,0.284534,0.861095,-0.421374,0.262701,1.080314,3.115751,-1.3256180657294525,7.940750678738699,-30.895548107218772,-0.029565,0.063661,-0.264931,0.96171,0.851518,-0.513337,-0.106781,0.505808,0.857875,-0.090597,F,BuildTutorial
23.552,0.122371,1.528855,2.754898,41.50667569546418,10.69673629443923,9.307964898597632,-0.358712,-0.05825,-0.042623,-0.930654,0.989581,0.121124,-0.077842,-0.037544,0.739019,0.672638,-0.207634,1.249768,2.873669,-29.804704393388626,-47.77263058027126,6.904479711376785,-0.258282,-0.376434,-0.050739,0.888264,0.711446,0.104313,0.694956,0.284592,0.861432,-0.420646,0.262491,1.079714,3.115833,-1.1504418015268072,7.923737529009553,-30.807566134170393,-0.028007,0.063947,-0.264303,0.96191,0.852109,-0.512053,-0.108218,0.504889,0.858719,-0.087683,F,BuildTutorial
23.585,0.122254,1.52882,2.754778,41.53226885385667,10.674043284576216,9.284166873151255,-0.358898,-0.058116,-0.042475,-0.930597,0.989637,0.12077,-0.077676,-0.037339,0.738776,0.672915,-0.207609,1.249674,2.873263,-29.787465830589024,-47.87598590843277,7.004611390933971,-0.258434,-0.377033,-0.050135,0.888,0.710666,0.105836,0.695524,0.283917,0.861396,-0.421174,0.262315,1.079607,3.116032,-1.2741969067761127,7.998488272165337,-30.69572708716537,-0.029155,0.064316,-0.26327,0.962134,0.853105,-0.510352,-0.108411,0.502852,0.859678,-0.089967,F,BuildTutorial
23.617,0.122201,1.528849,2.754697,41.53650925729059,10.634624117917426,9.294978652088895,-0.358923,-0.057758,-0.042682,-0.9306,0.989685,0.120901,-0.076859,-0.037979,0.738706,0.672957,-0.207485,1.249587,2.872957,-29.79589806209549,-47.88009597170952,6.924489297195172,-0.258233,-0.377234,-0.050795,0.887936,0.710228,0.104623,0.696154,0.285035,0.861471,-0.420266,0.262336,1.079176,3.116108,-1.0555593070977902,8.03146428236427,-30.699586312527146,-0.027398,0.065097,-0.263428,0.96209,0.852736,-0.51045,-0.110824,0.503316,0.85971,-0.087015,F,BuildTutorial
23.651,0.122098,1.528908,2.754756,41.51305043520177,10.599724882287784,9.27764195449224,-0.358712,-0.057551,-0.042674,-0.930695,0.989734,0.120722,-0.07651,-0.038145,0.73901,0.672614,-0.207412,1.249434,2.872666,-29.820823220130094,-47.91506124265816,6.999233196503582,-0.258654,-0.377302,-0.050383,0.887808,0.71021,0.10572,0.696007,0.284643,0.861119,-0.421251,0.262232,1.078903,3.116358,-0.856691048297211,7.94819553044465,-31.057792087903405,-0.02574,0.064777,-0.266574,0.961291,0.849485,-0.515844,-0.110816,0.509175,0.856552,-0.084023,F,BuildTutorial
23.684,0.121988,1.528977,2.754712,41.50987876100696,10.549110152798526,9.24469617294872,-0.358651,-0.057246,-0.042568,-0.930742,0.989822,0.120302,-0.076029,-0.038177,0.739115,0.672497,-0.207618,1.249256,2.87275,-29.773695973177276,-47.88873823994862,6.853237484421079,-0.257825,-0.377492,-0.051288,0.887917,0.709739,0.103574,0.696809,0.285733,0.861792,-0.419133,0.26188,1.078911,3.116607,-0.938198917713054,7.775451520687875,-30.95844620094668,-0.025967,0.06316,-0.265731,0.961626,0.850796,-0.514347,-0.107672,0.507787,0.857426,-0.083508,F,BuildTutorial
23.717,0.121912,1.529049,2.754642,41.496650067666835,10.496321073767437,9.213880018040932,-0.358509,-0.056926,-0.042496,-0.930819,0.989907,0.11993,-0.075505,-0.038295,0.73933,0.672253,-0.207744,1.249187,2.872485,-29.71703005732741,-47.997899672352766,6.945872536273698,-0.257649,-0.378207,-0.050615,0.887702,0.708796,0.105027,0.697552,0.284751,0.862111,-0.419145,0.261728,1.079273,3.116879,-1.1595429781519213,7.7768743722429985,-30.62557313153405,-0.027645,0.062737,-0.262805,0.96241,0.853995,-0.509322,-0.106227,0.502384,0.860338,-0.086186,F,BuildTutorial
23.751,0.121911,1.529028,2.754571,41.50536625402603,10.466109835581353,9.214997191890449,-0.358569,-0.056669,-0.042591,-0.930808,0.989949,0.119928,-0.074952,-0.038649,0.739228,0.672345,-0.208095,1.249205,2.872407,-29.73974650713535,-48.017718336201185,6.937503735548491,-0.257786,-0.378348,-0.050805,0.887591,0.708543,0.104876,0.697831,0.285254,0.861931,-0.419172,0.26175,1.079308,3.11709,-1.1539196323398084,7.761013878756463,-30.566268704193636,-0.027529,0.062631,-0.262314,0.962554,0.854537,-0.508432,-0.10613,0.501535,0.860867,-0.085856,F,BuildTutorial
23.784,0.121821,1.528998,2.754481,41.506927219047775,10.46004042467536,9.19844782849707,-0.358571,-0.05667,-0.042474,-0.930812,0.989969,0.119712,-0.075039,-0.03843,0.739246,0.672338,-0.208363,1.249244,2.872377,-29.740883269640836,-48.00740718254272,6.867125387492503,-0.257567,-0.378425,-0.051331,0.887592,0.70832,0.103818,0.698215,0.286061,0.862049,-0.418379,0.262048,1.079107,3.117352,-0.9757200456667222,7.831731439817161,-30.653380918641123,-0.026243,0.063615,-0.263135,0.962302,0.853427,-0.509769,-0.108623,0.503091,0.860143,-0.083986,F,BuildTutorial
23.818,0.121772,1.529031,2.754469,41.4722599448964,10.44048546224133,9.18645468497297,-0.358278,-0.056581,-0.042472,-0.930931,0.989989,0.119621,-0.074913,-0.038534,0.739666,0.67187,-0.208733,1.249182,2.872266,-29.706651589984165,-48.116994489402785,6.987565167380765,-0.257655,-0.37905,-0.050523,0.887346,0.707537,0.105666,0.698732,0.284991,0.862123,-0.418956,0.262171,1.079045,3.117669,-0.9993802029815548,7.744535452460658,-30.802266318703623,-0.026323,0.062794,-0.264391,0.962009,0.852309,-0.511998,-0.106898,0.505386,0.85881,-0.083851,F,BuildTutorial
23.856,0.121826,1.529012,2.754413,41.4791293639548,10.40819610779679,9.167353423239929,-0.358312,-0.056372,-0.042411,-0.930933,0.990047,0.119362,-0.074564,-0.038567,0.739628,0.67191,-0.208428,1.249008,2.871711,-29.7563718909336,-48.13728095234338,6.95301265470544,-0.257911,-0.379216,-0.051013,0.887172,0.707186,0.105094,0.699173,0.286122,0.861759,-0.418934,0.262167,1.079014,3.117786,-0.9698569521498628,7.572256151688648,-30.748769176950404,-0.025649,0.061428,-0.263998,0.962223,0.853063,-0.511201,-0.104673,0.504899,0.859295,-0.081794,F,BuildTutorial
23.884,0.121751,1.528988,2.754379,41.52180535222918,10.38688602622789,9.140919741096452,-0.358636,-0.056242,-0.042221,-0.930825,0.990109,0.118941,-0.074418,-0.03826,0.739196,0.672403,-0.208406,1.248932,2.871547,-29.71106533213443,-48.10419327314427,6.870810067888805,-0.257308,-0.379207,-0.051414,0.887328,0.707118,0.103904,0.69942,0.286388,0.862298,-0.417641,0.262296,1.078766,3.118068,-0.8724963195034028,7.5214628710071745,-30.81678871121462,-0.024751,0.061212,-0.264636,0.962085,0.852442,-0.512235,-0.104683,0.506174,0.858711,-0.080023,F,BuildTutorial
23.918,0.121735,1.528916,2.754371,41.51727257367636,10.355810868469783,9.129017815220411,-0.358582,-0.056031,-0.042226,-0.930858,0.990155,0.118797,-0.074031,-0.03843,0.739271,0.67231,-0.20792,1.248775,2.870716,-29.73716110156613,-48.21567195304548,7.027043440808952,-0.257975,-0.379683,-0.050548,0.886981,0.706571,0.106227,0.699624,0.285569,0.861788,-0.419252,0.262289,1.078524,3.118289,-0.7520114064303903,7.4338110852025565,-30.75980126883177,-0.023507,0.060767,-0.264244,0.962252,0.852965,-0.511396,-0.104524,0.505683,0.859245,-0.077354,F,BuildTutorial
23.951,0.121708,1.528871,2.754403,41.52006512180294,10.34382930988655,9.130646762588468,-0.358601,-0.055926,-0.042274,-0.930855,0.99017,0.118812,-0.073799,-0.038592,0.739237,0.672339,-0.207546,1.248579,2.870162,-29.80700176201971,-48.23378444255998,6.924277914760766,-0.258159,-0.379958,-0.051633,0.886747,0.705932,0.104609,0.700512,0.28775,0.861376,-0.418607,0.262151,1.078129,3.118261,-0.5885781690465725,7.30456393342729,-30.6686885945206,-0.021789,0.060077,-0.263595,0.962514,0.853817,-0.510045,-0.104163,0.504809,0.860086,-0.073616,F,BuildTutorial
23.984,0.121749,1.528779,2.754296,41.558583380601384,10.346487072655618,9.165741434933189,-0.35893,-0.055802,-0.042513,-0.930724,0.990158,0.119193,-0.073354,-0.039077,0.738724,0.672875,-0.20771,1.248558,2.870338,-29.73304974449507,-48.1433444446313,6.86410571108412,-0.257436,-0.379495,-0.051632,0.887155,0.706635,0.103781,0.699926,0.287002,0.862122,-0.417583,0.262319,1.078276,3.118151,-0.8047145531162597,7.44232057445729,-30.580412472026076,-0.023874,0.060754,-0.262706,0.962665,0.854589,-0.508696,-0.104428,0.502895,0.860831,-0.077887,F,BuildTutorial
24.017,0.121731,1.528735,2.754335,41.56181160732022,10.33818231670295,9.192105021963831,-0.358966,-0.055649,-0.04275,-0.930709,0.990151,0.119528,-0.072893,-0.039625,0.738632,0.672944,-0.207752,1.248441,2.870137,-29.71660556353556,-48.20542033371552,6.9381212169507505,-0.257528,-0.379832,-0.05114,0.887013,0.706225,0.104911,0.700171,0.286358,0.862128,-0.418012,0.262449,1.077971,3.118186,-0.7132230291371787,7.402696304929788,-30.378755106897376,-0.022908,0.060672,-0.261071,0.963139,0.856322,-0.505674,-0.10491,0.500115,0.862635,-0.075806,F,BuildTutorial
24.051,0.121692,1.528717,2.754251,41.59476346854449,10.330471516535845,9.15247044448235,-0.35921,-0.05568,-0.04242,-0.930628,0.990201,0.118957,-0.073159,-0.038954,0.738337,0.673306,-0.20855,1.248584,2.870678,-29.67523166477605,-48.26182723049879,6.842018047652053,-0.256868,-0.380541,-0.051863,0.886858,0.704997,0.103508,0.701616,0.287488,0.862658,-0.41614,0.262308,1.077773,3.118023,-0.5860450722965641,7.240894186147067,-30.285473216104123,-0.021422,0.05962,-0.260388,0.963423,0.857287,-0.504282,-0.103723,0.499174,0.863478,-0.072325,F,BuildTutorial
24.084,0.121767,1.528703,2.754158,41.61854607747132,10.331338934950884,9.170325858391482,-0.359411,-0.055609,-0.042539,-0.930549,0.990196,0.119142,-0.072916,-0.039196,0.738028,0.673631,-0.208492,1.24863,2.870806,-29.66859022162672,-48.129867833308026,6.837828313545477,-0.256863,-0.379538,-0.051576,0.887306,0.706582,0.103452,0.700028,0.286505,0.862723,-0.416683,0.262895,1.078069,3.117799,-0.6555237652610529,7.457650081361778,-30.544610322914444,-0.022637,0.061233,-0.262486,0.962725,0.854704,-0.508175,-0.106017,0.50263,0.861178,-0.075733,F,BuildTutorial
24.126,0.12177,1.528624,2.754211,41.58957903871834,10.343629533635644,9.224152848810904,-0.359208,-0.055567,-0.042966,-0.930611,0.990133,0.119889,-0.072555,-0.040048,0.738247,0.673341,-0.208537,1.248713,2.871082,-29.719886773998557,-48.08009048172879,6.806016829235444,-0.257172,-0.379154,-0.051893,0.887363,0.7071,0.102919,0.699584,0.287112,0.862339,-0.417059,0.263523,1.078581,3.117663,-0.8174084264579242,7.677800686493836,-30.444451359696856,-0.024446,0.062732,-0.261507,0.962851,0.855358,-0.506651,-0.108017,0.500516,0.862034,-0.079885,F,BuildTutorial
24.151,0.121707,1.52859,2.754196,41.59019418981023,10.362346550680506,9.241183746067604,-0.359228,-0.055665,-0.043045,-0.930593,0.990097,0.120108,-0.072677,-0.040123,0.738205,0.673382,-0.208586,1.248847,2.871027,-29.72809831157648,-48.1211697712148,6.717584884973346,-0.256923,-0.379659,-0.052699,0.887171,0.706163,0.10158,0.700725,0.288593,0.862427,-0.415854,0.263939,1.079425,3.117373,-1.0728466038735247,7.603075722760801,-30.52223744461988,-0.026463,0.061501,-0.262029,0.962735,0.855117,-0.507784,-0.10455,0.501274,0.861281,-0.083184,F,BuildTutorial
24.185,0.121664,1.528477,2.754133,41.587567267365856,10.361972999831158,9.253770594465571,-0.359213,-0.055625,-0.043151,-0.930597,0.990088,0.120275,-0.072528,-0.04035,0.738209,0.673365,-0.208607,1.248854,2.871256,-29.64046348410088,-48.13298122403803,6.827882855248194,-0.256614,-0.379623,-0.05156,0.887343,0.706456,0.10333,0.700174,0.286336,0.862982,-0.416262,0.264506,1.08076,3.116927,-1.4291935807074956,7.558392706438058,-30.591432200764036,-0.02939,0.060289,-0.262414,0.962622,0.855008,-0.508755,-0.100646,0.501667,0.86055,-0.088224,F,BuildTutorial
24.218,0.121655,1.528474,2.754114,41.58236440213668,10.340263572575886,9.250429009521158,-0.359161,-0.055464,-0.043197,-0.930624,0.990116,0.12024,-0.072203,-0.040559,0.738275,0.67328,-0.208673,1.24904,2.871462,-29.679125900184413,-48.14929565008188,6.861466715893046,-0.257013,-0.379621,-0.051474,0.887233,0.706477,0.103796,0.700083,0.286473,0.86259,-0.416979,0.266217,1.082767,3.11628,-1.827166223421031,8.114200615747215,-30.318323164600645,-0.03385,0.064121,-0.259724,0.962957,0.856865,-0.504546,-0.105908,0.495864,0.862796,-0.098499,F,BuildTutorial
24.251,0.121611,1.528379,2.754112,41.61146903343988,10.312077295637762,9.199714274940634,-0.359361,-0.055367,-0.042845,-0.930569,0.990198,0.119534,-0.072253,-0.039947,0.738048,0.673565,-0.208605,1.249317,2.871647,-29.754930047275217,-48.10808910060383,6.780099485310462,-0.257341,-0.379381,-0.052281,0.887194,0.706674,0.102493,0.700076,0.288028,0.862084,-0.416954,0.267957,1.085603,3.115598,-2.488444015534392,8.335240335297902,-30.318181366274025,-0.039903,0.064466,-0.259224,0.962837,0.857294,-0.504325,-0.103453,0.494036,0.862421,-0.110263,F,BuildTutorial
24.284,0.121601,1.528353,2.75403,41.63458322539674,10.291096170095534,9.2227149458902,-0.359551,-0.055103,-0.043075,-0.930501,0.990216,0.119787,-0.071571,-0.040538,0.737735,0.673872,-0.208792,1.249626,2.872041,-29.755206094573634,-48.03358899875226,6.788314633023346,-0.257404,-0.378785,-0.052051,0.887443,0.707625,0.102617,0.699098,0.287386,0.862068,-0.41743,0.269729,1.089564,3.114795,-3.508738997647928,8.35502688299042,-30.77421011418994,-0.048759,0.062101,-0.26236,0.961735,0.854622,-0.510697,-0.093864,0.498585,0.85758,-0.126373,F,BuildTutorial
24.317,0.121562,1.528254,2.753991,41.65537725052056,10.291929944356497,9.222835528007217,-0.359719,-0.05509,-0.043053,-0.930437,0.990223,0.119749,-0.071541,-0.040482,0.737497,0.674136,-0.208439,1.249661,2.871914,-29.78814111360493,-48.018477510063576,6.823554349312556,-0.257779,-0.378544,-0.051861,0.887449,0.70803,0.103113,0.698614,0.287209,0.861721,-0.418267,0.272271,1.094685,3.113583,-4.98805908560284,8.796166722742688,-30.81762204747563,-0.062184,0.062331,-0.261454,0.961192,0.855513,-0.510367,-0.087308,0.494863,0.85555,-0.152134,F,BuildTutorial
24.351,0.121466,1.52812,2.754,41.726324755697725,10.259776026885564,9.210425115292882,-0.360274,-0.054802,-0.042984,-0.930243,0.990298,0.119459,-0.070985,-0.040485,0.73671,0.674995,-0.207842,1.249671,2.872093,-29.79628706292556,-47.89487709462093,6.68889657487223,-0.257453,-0.377878,-0.052655,0.88778,0.708871,0.101079,0.698058,0.288064,0.861891,-0.417329,0.275532,1.099798,3.112516,-6.098899870416013,9.389289089970596,-30.34506819512689,-0.072562,0.065004,-0.256277,0.961682,0.860194,-0.502347,-0.087834,0.48348,0.858114,-0.172881,F,BuildTutorial
24.384,0.121416,1.527799,2.753849,41.84378034023152,10.249662732863166,9.237004931094198,-0.361231,-0.054527,-0.043117,-0.929882,0.990335,0.119581,-0.070257,-0.040794,0.735307,0.676506,-0.207701,1.249745,2.872433,-29.78250102479658,-47.84942064137762,6.704792544814254,-0.257421,-0.377509,-0.052381,0.887963,0.709487,0.101332,0.697396,0.287383,0.861982,-0.417611,0.278872,1.105151,3.111072,-7.068836213817492,9.709652023291476,-30.31384185037876,-0.081376,0.065471,-0.254994,0.961285,0.861383,-0.5009,-0.084372,0.479589,0.856712,-0.189841,F,BuildTutorial
24.417,0.121212,1.527401,2.753706,41.99322244068929,10.271130234568108,9.256577615453985,-0.362454,-0.0545,-0.043062,-0.92941,0.990351,0.119553,-0.07009,-0.040538,0.733546,0.67843,-0.207899,1.249859,2.873006,-29.74200209564251,-47.851718307565896,6.768411178917101,-0.25732,-0.377439,-0.05175,0.888059,0.709724,0.10233,0.697009,0.28616,0.862217,-0.417965,0.282493,1.111763,3.109246,-8.531954790825846,10.163435860810091,-30.107068624806775,-0.094493,0.066056,-0.251621,0.960934,0.864647,-0.496066,-0.079399,0.471098,0.855516,-0.214846,F,BuildTutorial
24.45,0.120982,1.527085,2.753593,42.14945431265072,10.257094457945508,9.251312186529386,-0.363706,-0.054257,-0.042911,-0.928942,0.99043,0.11919,-0.069589,-0.040256,0.731754,0.68038,-0.207651,1.250156,2.873564,-29.8388331410917,-47.745842452207256,6.79613099682511,-0.258199,-0.376424,-0.051639,0.888241,0.711277,0.102649,0.695377,0.286121,0.861333,-0.419809,0.286785,1.119051,3.106733,-10.188239363980143,11.103898346290936,-28.651900950456454,-0.109472,0.071502,-0.236981,0.962675,0.877455,-0.471926,-0.085782,0.440616,0.863712,-0.244661,F,BuildTutorial
24.484,0.120598,1.526676,2.75358,42.298353659448,10.239156566686598,9.276302379227932,-0.364911,-0.053893,-0.043025,-0.928485,0.990489,0.119229,-0.068676,-0.040565,0.729977,0.682267,-0.207026,1.250297,2.874146,-29.90494446880209,-47.5721842651664,6.726643766917707,-0.258555,-0.375144,-0.052019,0.888656,0.713122,0.101537,0.693648,0.286445,0.860886,-0.420505,0.29072,1.126163,3.103926,-11.754016360684274,11.68923264584086,-27.655378139003368,-0.123119,0.074015,-0.226386,0.963386,0.886543,-0.454419,-0.086865,0.417969,0.867183,-0.270733,F,BuildTutorial
24.518,0.120191,1.526231,2.753471,42.48092642974365,10.234134584482376,9.298340435475982,-0.36639,-0.053611,-0.043041,-0.927918,0.990547,0.119162,-0.067954,-0.040592,0.727812,0.684574,-0.206809,1.250475,2.874965,-29.906487357940417,-47.457371569562945,6.853135019534186,-0.259032,-0.373966,-0.050784,0.889086,0.715141,0.103436,0.691284,0.28404,0.860647,-0.42262,0.29494,1.133342,3.100909,-13.074502600391238,12.195634077323293,-27.69576516946279,-0.135174,0.075373,-0.224701,0.962058,0.887657,-0.452728,-0.084279,0.411974,0.862475,-0.293964,F,BuildTutorial
24.551,0.119636,1.526019,2.753405,42.61876559041204,10.26326720811208,9.31221673943071,-0.367517,-0.053673,-0.042925,-0.927474,0.990553,0.119075,-0.068008,-0.040173,0.726178,0.686332,-0.206462,1.250418,2.875527,-29.850241827821872,-47.33545445524414,6.879465083655115,-0.258741,-0.373037,-0.050107,0.889599,0.716666,0.103888,0.689636,0.282191,0.861085,-0.422967,0.299239,1.140621,3.097203,-14.290232280515704,12.859192251425895,-27.364058139346504,-0.146375,0.078724,-0.219687,0.961309,0.89108,-0.445421,-0.087043,0.399328,0.860624,-0.316012,F,BuildTutorial
24.583,0.119119,1.525807,2.753344,42.678252384275126,10.271343325575891,9.355631095021211,-0.368019,-0.053543,-0.043192,-0.92727,0.990535,0.119512,-0.067506,-0.040692,0.725393,0.687132,-0.205568,1.250113,2.876129,-29.83220471507912,-47.063333291846256,6.774789635825444,-0.258382,-0.371184,-0.050243,0.89047,0.719397,0.102335,0.68702,0.281294,0.861429,-0.422864,0.302987,1.147957,3.093411,-15.669396831803642,13.320207201473716,-25.823693854565683,-0.157646,0.081737,-0.204462,0.962633,0.903028,-0.419415,-0.0929,0.367873,0.866686,-0.336935,F,BuildTutorial
24.617,0.118584,1.525533,2.753155,42.77708942770967,10.32698375887238,9.395964464730229,-0.368854,-0.05377,-0.043242,-0.926923,0.990478,0.119831,-0.067781,-0.040498,0.724154,0.688448,-0.205314,1.250053,2.877341,-29.747734864663553,-46.775429427480425,6.73624508006944,-0.257735,-0.369146,-0.049601,0.89154,0.722542,0.101841,0.683785,0.278726,0.862225,-0.422942,0.306617,1.154893,3.089592,-16.996807035478685,13.743488445359578,-25.037642940427737,-0.168882,0.083717,-0.195579,0.962403,0.909481,-0.404729,-0.095079,0.348175,0.866455,-0.357812,F,BuildTutorial
24.65,0.117986,1.525264,2.752979,42.91417127577512,10.41842811433596,9.401627018127936,-0.369993,-0.054361,-0.042857,-0.926452,0.990416,0.119636,-0.069013,-0.039183,0.722537,0.690221,-0.20512,1.249961,2.878383,-29.746099942196235,-46.686441618823864,6.9146043540051325,-0.258334,-0.368054,-0.048007,0.891905,0.724463,0.104526,0.681342,0.275797,0.861918,-0.42548,0.31034,1.162142,3.085028,-18.42068203886914,14.288680522239485,-24.06106260868137,-0.180917,0.086967,-0.184679,0.962081,0.916661,-0.38682,-0.100515,0.323885,0.866325,-0.380236,F,BuildTutorial
24.683,0.11749,1.524934,2.752705,43.04429953468724,10.518695353108502,9.479249686169078,-0.371113,-0.054796,-0.04303,-0.92597,0.990292,0.12036,-0.069542,-0.039017,0.720847,0.691995,-0.204175,1.249474,2.879311,-29.74931828282699,-46.219490436789904,6.599426622405183,-0.257549,-0.365122,-0.049422,0.893259,0.728487,0.099781,0.677754,0.276367,0.862452,-0.424026,0.314273,1.168927,3.080148,-19.57525705896877,15.04734670570587,-23.15039369076798,-0.190996,0.092589,-0.174225,0.961558,0.922146,-0.370423,-0.111507,0.299687,0.866333,-0.399569,F,BuildTutorial
24.717,0.116964,1.524383,2.752318,43.226684604803594,10.63848865117183,9.590314001705982,-0.372676,-0.055227,-0.043354,-0.925302,0.990141,0.121394,-0.069889,-0.039067,0.718467,0.694463,-0.204273,1.249373,2.88099,-29.60847958518997,-45.8793499035282,6.670690895283067,-0.256835,-0.362495,-0.047622,0.894632,0.73266,0.100995,0.67306,0.27141,0.863536,-0.42502,0.317896,1.175151,3.075032,-20.508141019228564,15.78467695436933,-22.753367381095575,-0.199516,0.097682,-0.168306,0.960377,0.924263,-0.362253,-0.120464,0.284296,0.863733,-0.416103,F,BuildTutorial
24.75,0.116311,1.523842,2.751881,43.464547893442294,10.747036551155194,9.628352250805191,-0.374643,-0.055747,-0.043064,-0.924489,0.990076,0.121395,-0.070808,-0.037854,0.715576,0.697508,-0.204359,1.249207,2.882246,-29.568431595397367,-45.875689587319975,6.911524921369649,-0.257289,-0.361979,-0.045597,0.894815,0.733784,0.104665,0.671272,0.267868,0.863447,-0.427442,0.320294,1.180602,3.069664,-21.434427446130886,16.17946492522939,-22.433763547632477,-0.207491,0.099814,-0.163559,0.959288,0.926571,-0.355222,-0.123628,0.272379,0.860392,-0.430737,F,BuildTutorial
24.784,0.115685,1.523326,2.751561,43.62288953336287,10.843002743314765,9.66089410003087,-0.375964,-0.056259,-0.042849,-0.923932,0.989998,0.121482,-0.071741,-0.036876,0.713631,0.699551,-0.203469,1.248923,2.883611,-29.56363628413785,-45.55153293021449,6.699660331310771,-0.256715,-0.359928,-0.046509,0.89576,0.736577,0.101475,0.668698,0.268121,0.863869,-0.42643,0.321359,1.185349,3.064518,-22.42962041597083,16.16278911930171,-20.787607909777925,-0.214275,0.100893,-0.148318,0.960161,0.935645,-0.328056,-0.130185,0.241581,0.864176,-0.441405,F,BuildTutorial
24.817,0.115061,1.522724,2.751155,43.84217820834507,10.972531724578026,9.679259200424616,-0.377777,-0.057026,-0.042343,-0.923168,0.98991,0.121266,-0.073296,-0.035094,0.710984,0.702333,-0.202028,1.248422,2.885469,-29.53990283137575,-44.9192392940955,6.497671470446207,-0.256158,-0.355463,-0.046595,0.897696,0.74295,0.098454,0.662066,0.265765,0.864424,-0.42678,0.320977,1.189884,3.05892,-23.823625019584473,15.603645628334052,-18.382748213387963,-0.223086,0.098454,-0.127187,0.961438,0.948261,-0.288492,-0.132568,0.200637,0.868112,-0.454011,F,BuildTutorial
24.85,0.114313,1.521944,2.750569,44.11275720590137,11.113129632735378,9.71107133681857,-0.380009,-0.057784,-0.04185,-0.922227,0.989819,0.121107,-0.074773,-0.033274,0.707683,0.705746,-0.200182,1.247906,2.886905,-29.549784493189993,-44.385353853941176,6.596885768448812,-0.256753,-0.351042,-0.044655,0.899363,0.749551,0.099939,0.654359,0.260585,0.864168,-0.430476,0.319372,1.193226,3.053611,-24.794518822389993,14.67711822014089,-16.261714168028305,-0.228434,0.093384,-0.109858,0.962823,0.958421,-0.254212,-0.129634,0.168884,0.871498,-0.460401,F,BuildTutorial
24.884,0.113606,1.521167,2.74983,44.4319627531738,11.281685403060074,9.759980206347445,-0.382645,-0.058657,-0.041343,-0.921104,0.9897,0.121052,-0.076418,-0.031274,0.703747,0.709762,-0.198869,1.247508,2.889472,-29.546450712749344,-43.753710386950715,6.255767490673875,-0.255938,-0.346847,-0.045911,0.901158,0.755179,0.094796,0.648628,0.260288,0.864776,-0.429432,0.317619,1.195114,3.048086,-25.12678600289012,14.158700793897433,-15.118301324576034,-0.22981,0.090851,-0.100846,0.963724,0.963152,-0.236133,-0.128759,0.152619,0.874035,-0.461271,F,BuildTutorial
24.917,0.112785,1.520383,2.749176,44.77195272910588,11.427275342257342,9.771039124501682,-0.385415,-0.059446,-0.040578,-0.919932,0.989639,0.120481,-0.078094,-0.028835,0.699617,0.713936,-0.197059,1.246898,2.89167,-29.44925919194399,-43.03897764594606,6.1481329214038745,-0.255141,-0.34158,-0.044851,0.903446,0.762623,0.093262,0.640084,0.255342,0.865783,-0.430373,0.315919,1.196609,3.042356,-25.4338802148921,13.779608860297,-14.411799480590767,-0.231497,0.08868,-0.095276,0.964089,0.966117,-0.224767,-0.126879,0.14265,0.874663,-0.463266,F,BuildTutorial
24.95,0.111841,1.519579,2.748597,45.06817163957898,11.537779488528102,9.737573041909458,-0.387796,-0.060145,-0.039615,-0.918927,0.989626,0.119454,-0.079814,-0.026158,0.69609,0.717478,-0.195525,1.246666,2.894384,-29.41490278801485,-42.49755583922078,6.265145834352784,-0.255426,-0.337089,-0.042612,0.905159,0.76911,0.095061,0.632007,0.249345,0.865883,-0.433675,0.313135,1.196401,3.03669,-25.4160745984481,13.366003507132447,-13.496939378825369,-0.230315,0.087064,-0.08843,0.965171,0.9692,-0.210805,-0.12733,0.130597,0.87827,-0.459984,F,BuildTutorial
24.984,0.110771,1.518787,2.748016,45.36220133410435,11.626386676047762,9.73522549221481,-0.390165,-0.060564,-0.038974,-0.917924,0.989626,0.118811,-0.080774,-0.024291,0.692505,0.721004,-0.19404,1.246594,2.897258,-29.41737315831579,-41.98503709033526,6.37723875721882,-0.255959,-0.332784,-0.04059,0.906693,0.775215,0.096753,0.624244,0.243963,0.865675,-0.437137,0.309334,1.194695,3.030789,-25.1474404975851,12.82293407427989,-12.368296047896232,-0.226816,0.085051,-0.080315,0.966887,0.972632,-0.193893,-0.128036,0.116729,0.884208,-0.452273,F,BuildTutorial
25.017,0.109639,1.517965,2.747393,45.67384008854728,11.74666876883888,9.787604769796973,-0.39271,-0.061029,-0.038639,-0.916821,0.989565,0.118784,-0.081558,-0.022917,0.688572,0.724806,-0.192545,1.246524,2.900046,-29.414384503346465,-41.41318062443508,6.403089618918493,-0.256209,-0.328201,-0.039098,0.908357,0.781511,0.097147,0.616281,0.239206,0.865657,-0.439795,0.302946,1.192424,3.024717,-25.28404941146683,10.96102243406875,-9.891845350747715,-0.225082,0.074062,-0.062916,0.969482,0.981113,-0.155333,-0.115281,0.088652,0.890759,-0.445746,F,BuildTutorial
25.051,0.108376,1.517187,2.74672,45.96944427593735,11.819349436978314,9.805254165167872,-0.39509,-0.061245,-0.038202,-0.915802,0.989579,0.118366,-0.08199,-0.021576,0.684889,0.728328,-0.19035,1.246252,2.902405,-29.439808967820873,-40.730698762689606,6.441727772184251,-0.256746,-0.322668,-0.037342,0.91026,0.788982,0.097705,0.606597,0.233669,0.865374,-0.443313,0.295193,1.18903,3.018352,-25.25959619447476,8.500011508132964,-6.7914173860040945,-0.22195,0.059273,-0.041464,0.972371,0.989535,-0.106947,-0.096865,0.054324,0.898038,-0.436552,F,BuildTutorial
25.084,0.107071,1.516526,2.746289,46.168150824874736,11.837563792034178,9.783645595992756,-0.39666,-0.06126,-0.037745,-0.915141,0.989645,0.117682,-0.08218,-0.020484,0.682472,0.730625,-0.188884,1.246073,2.905042,-29.384881039489745,-40.22540293025786,6.721087016173213,-0.257252,-0.318091,-0.033821,0.911864,0.795348,0.101978,0.597513,0.22534,0.865355,-0.447641,0.287871,1.183393,3.012708,-23.81478322908961,6.866019870233041,-6.078253697449044,-0.208777,0.047591,-0.039446,0.976008,0.992358,-0.096872,-0.076428,0.057128,0.909713,-0.41129,F,BuildTutorial
25.118,0.105812,1.51599,2.745802,46.37294380403799,11.888793572847016,9.820547925094404,-0.398319,-0.061329,-0.037633,-0.91442,0.989645,0.117682,-0.08218,-0.019968,0.679852,0.733078,-0.187186,1.245639,2.907741,-29.264951259857625,-39.57465120068325,6.6808078483424245,-0.256384,-0.313143,-0.032324,0.913873,0.801793,0.10149,0.588921,0.21965,0.866445,-0.448361,0.281421,1.177113,3.006717,-22.536309850247743,5.94489493046084,-6.4063316863956326,-0.197675,0.039873,-0.044609,0.97844,0.99284,-0.103059,-0.060391,0.071531,0.917869,-0.390384,F,BuildTutorial
25.15,0.104467,1.515498,2.745228,46.56290552289898,11.891775295172364,9.794367694540568,-0.39981,-0.061247,-0.037201,-0.913793,0.98973,0.116963,-0.082187,-0.019014,0.677537,0.735243,-0.183549,1.244286,2.908746,-29.119733487193887,-38.74641505205169,6.569443289029116,-0.255164,-0.306951,-0.030937,0.91636,0.809648,0.099946,0.578343,0.213345,0.867869,-0.448651,0.274514,1.170161,3.000853,-21.61414054444267,4.488919630289611,-5.470403087036153,-0.188981,0.029484,-0.039503,0.980743,0.99514,-0.088629,-0.042903,0.066341,0.925451,-0.373013,F,BuildTutorial
25.183,0.10303,1.515099,2.744852,46.670223975720425,11.838699730463334,9.64981325902507,-0.400565,-0.061218,-0.036114,-0.913508,0.989896,0.115024,-0.082913,-0.016938,0.676487,0.73626,-0.179565,1.242646,2.908946,-28.992359248064417,-38.16382940490591,6.71958929151279,-0.254704,-0.302104,-0.02807,0.918189,0.81589,0.102347,0.569077,0.205441,0.868676,-0.450772,0.267595,1.162617,2.995288,-20.676505798163102,3.400565611493559,-4.55307647063722,-0.180398,0.022041,-0.03374,0.982768,0.996752,-0.07427,-0.031149,0.058366,0.932636,-0.356066,F,BuildTutorial
25.217,0.101685,1.514685,2.74422,46.82130344126482,11.868222802511111,9.550613807859715,-0.401716,-0.061646,-0.035052,-0.913015,0.989942,0.113534,-0.084405,-0.014477,0.674791,0.737867,-0.175735,1.241031,2.909405,-28.869251636855505,-37.57710286488336,6.643625288950097,-0.253669,-0.297711,-0.027026,0.91994,0.821275,0.101315,0.561464,0.200765,0.869844,-0.450628,0.261442,1.154364,2.989917,-19.306709150141593,2.77969606973866,-4.552889229081491,-0.168455,0.017234,-0.035083,0.984934,0.996944,-0.074916,-0.022129,0.063303,0.940784,-0.333044,F,BuildTutorial
25.25,0.100339,1.514342,2.743365,46.97133399448261,11.966993620987587,9.504924541665304,-0.402907,-0.06244,-0.034174,-0.912469,0.989867,0.11268,-0.086411,-0.01205,0.672997,0.739547,-0.172364,1.239254,2.910319,-28.683909408985716,-36.84098596923261,6.522049462145968,-0.252051,-0.292276,-0.025858,0.922159,0.827812,0.099646,0.552084,0.195028,0.871603,-0.449747,0.255082,1.145026,2.985123,-17.421945776906067,2.231148129018311,-5.232305184447878,-0.152142,0.012313,-0.042164,0.987382,0.996141,-0.08701,-0.011486,0.079517,0.95015,-0.301483,F,BuildTutorial
25.284,0.098884,1.514145,2.742855,47.041451306361246,12.053443142279354,9.418469633203452,-0.403439,-0.063361,-0.033103,-0.91221,0.989779,0.111519,-0.088886,-0.00927,0.672283,0.740236,-0.168646,1.237482,2.91049,-28.48546885721197,-36.2672397747707,6.558031055588933,-0.250683,-0.2878,-0.023761,0.923994,0.833214,0.100382,0.543763,0.188204,0.873187,-0.449583,0.24855,1.136291,2.980021,-16.06258804809842,1.8636111266280604,-5.16265072155163,-0.140279,0.009795,-0.04232,0.989159,0.996226,-0.086471,-0.007505,0.080975,0.957062,-0.278346,F,BuildTutorial
25.317,0.097387,1.514052,2.742248,47.092687258683455,12.16832038928552,9.31975269185623,-0.403821,-0.064571,-0.031855,-0.912,0.989632,0.110253,-0.09205,-0.005953,0.671828,0.740683,-0.165899,1.236011,2.911256,-28.31587760937074,-35.766938335392005,6.62484661196274,-0.249593,-0.283807,-0.021667,0.925574,0.837968,0.101564,0.536185,0.181781,0.874468,-0.449735,0.240629,1.128284,2.974709,-14.932830864277523,0.4400227148776439,-3.773505588938531,-0.129999,-0.000473,-0.032146,0.990993,0.997933,-0.06359,0.009295,0.063836,0.964134,-0.257626,F,BuildTutorial
25.351,0.095794,1.514101,2.74189,47.126740128580416,12.351939389522483,9.305163479239532,-0.404132,-0.066049,-0.031053,-0.911784,0.989347,0.110012,-0.095345,-0.003242,0.671425,0.741065,-0.162655,1.234427,2.912051,-28.04760180020648,-35.139829396198095,6.577787792942575,-0.247442,-0.279136,-0.019966,0.927608,0.843369,0.101098,0.527738,0.175182,0.876748,-0.447912,0.233211,1.121069,2.969724,-14.314137146865583,-0.9925480756931584,-2.8393139335515314,-0.124334,-0.011678,-0.02566,0.99184,0.99841,-0.047997,0.029546,0.053805,0.967766,-0.246039,F,BuildTutorial
25.384,0.094214,1.514223,2.74141,47.12857049210266,12.537044547583989,9.354179062244944,-0.404225,-0.067347,-0.030788,-0.911657,0.989033,0.110583,-0.097904,-0.00169,0.671309,0.741176,-0.160028,1.233318,2.913035,-27.85011412375301,-34.583261337443325,6.691214466311646,-0.246221,-0.274599,-0.017325,0.929339,0.848591,0.103022,0.518922,0.167426,0.87815,-0.448131,0.227308,1.113266,2.965703,-13.023106307904596,-1.2887812839756745,-3.533765954639351,-0.112998,-0.014665,-0.031907,0.992975,0.997534,-0.060051,0.036335,0.066679,0.972427,-0.223471,F,BuildTutorial
25.418,0.0925,1.514369,2.74098,47.15567562279964,12.73681675939163,9.370948762103176,-0.404502,-0.068849,-0.030185,-0.911442,0.988698,0.110722,-0.101084,0.000676,0.670934,0.741516,-0.156034,1.232136,2.91305,-27.89895500374519,-33.843428811059894,6.652801385411203,-0.246631,-0.268623,-0.016173,0.930996,0.85516,0.102388,0.508152,0.162615,0.877823,-0.450536,0.221644,1.104788,2.962359,-11.095171646219615,-1.304406462282791,-3.509167170634951,-0.096274,-0.014284,-0.031573,0.994752,0.997598,-0.060063,0.034497,0.065564,0.979469,-0.190636,F,BuildTutorial
25.451,0.090775,1.514621,2.740619,47.13222808361398,12.97275031036335,9.423900621005773,-0.404411,-0.070563,-0.029801,-0.911364,0.988266,0.111391,-0.104514,0.002755,0.671128,0.741336,-0.152958,1.231248,2.913935,-27.94335460349086,-32.92627446769568,6.300079632203331,-0.246306,-0.261875,-0.017182,0.932984,0.862252,0.096943,0.497115,0.161063,0.878076,-0.4506,0.215311,1.09738,2.959175,-9.812316481920812,-1.7632576735147083,-3.0019058345820544,-0.085083,-0.017565,-0.02741,0.995842,0.99788,-0.051602,0.039649,0.05758,0.984019,-0.168496,F,BuildTutorial
25.484,0.088946,1.514783,2.740301,47.121792836145566,13.22093030583858,9.517884796308806,-0.404452,-0.072216,-0.029685,-0.911221,0.987808,0.112514,-0.107597,0.004317,0.671076,0.741376,-0.150816,1.230585,2.91462,-27.934468734929485,-32.341840818216305,6.244971942780724,-0.246195,-0.257241,-0.016353,0.934317,0.867119,0.096106,0.488741,0.157221,0.878241,-0.451636,0.209206,1.091669,2.955962,-9.069662219515264,-2.6901515209312032,-2.645828330548949,-0.078482,-0.025219,-0.024864,0.996286,0.997492,-0.045585,0.054153,0.053502,0.986445,-0.155128,F,BuildTutorial
25.517,0.087005,1.515002,2.740229,47.12471445203344,13.446314198919634,9.60594834497947,-0.404589,-0.073694,-0.029586,-0.911044,0.987388,0.113541,-0.110336,0.005722,0.670865,0.741558,-0.148452,1.229677,2.914714,-27.85324586852929,-31.880667794964204,6.296108308429046,-0.245714,-0.253452,-0.014747,0.935505,0.871089,0.096962,0.481459,0.152145,0.878814,-0.452258,0.203825,1.086829,2.953355,-8.48851654399574,-3.528316788667384,-2.624357805057272,-0.073251,-0.032387,-0.025104,0.996471,0.996642,-0.045286,0.068223,0.054776,0.988008,-0.144359,F,BuildTutorial
25.551,0.085007,1.515184,2.740264,47.13308203051912,13.630896247186602,9.677413358356487,-0.404749,-0.0749,-0.029492,-0.910878,0.987041,0.114358,-0.112576,0.006905,0.670616,0.741772,-0.147058,1.228689,2.915554,-27.57077127212649,-31.343419142723445,6.2565054831851,-0.243402,-0.249433,-0.013242,0.93721,0.875216,0.096605,0.473989,0.146246,0.88116,-0.449633,0.199971,1.082036,2.952033,-7.657445162353786,-3.6981088980359487,-2.7418495054581347,-0.06595,-0.033782,-0.026013,0.996912,0.996364,-0.047409,0.070786,0.056321,0.989948,-0.129735,F,BuildTutorial
25.583,0.082919,1.515396,2.740166,47.17234478593778,13.834068813489512,9.77051426924525,-0.405172,-0.076143,-0.029465,-0.910588,0.986668,0.115363,-0.114794,0.008041,0.669935,0.742376,-0.145804,1.227666,2.916252,-27.321028623569767,-30.80153133878248,6.285825096345252,-0.241494,-0.245185,-0.011262,0.938849,0.879515,0.097274,0.465823,0.139568,0.883108,-0.44793,0.196865,1.077377,2.951446,-6.685839806666109,-3.533676774292118,-2.9482734764471776,-0.057473,-0.032269,-0.027467,0.997447,0.996409,-0.051085,0.067531,0.058504,0.991885,-0.11288,F,BuildTutorial
25.617,0.080802,1.515652,2.740091,47.222743848258965,14.013661880428314,9.81896977026571,-0.405647,-0.077343,-0.029151,-0.910285,0.986336,0.11582,-0.117159,0.009676,0.669201,0.743018,-0.144485,1.226593,2.916618,-27.12594310451639,-30.285984645251567,6.204493774834688,-0.239782,-0.241321,-0.01039,0.940298,0.883312,0.09619,0.458811,0.135268,0.884794,-0.445918,0.19418,1.073502,2.950783,-6.081642169039772,-3.6254133754635705,-2.692837536273999,-0.052264,-0.032825,-0.02513,0.997777,0.996582,-0.046716,0.068131,0.053579,0.993274,-0.102645,F,BuildTutorial
25.65,0.078586,1.51605,2.740287,47.22021867298663,14.166521760646743,9.844390677245258,-0.405683,-0.07847,-0.028815,-0.910183,0.986024,0.116122,-0.119464,0.011214,0.669182,0.743014,-0.14383,1.225771,2.91721,-26.991682086452357,-29.70993737067488,6.105999229937788,-0.238532,-0.236926,-0.009688,0.94174,0.887545,0.094781,0.450867,0.131276,0.886017,-0.444679,0.191285,1.070196,2.950192,-5.412189592238707,-3.68458996923447,-1.5277865878730246,-0.046756,-0.032739,-0.014828,0.99826,0.997417,-0.026544,0.066752,0.032667,0.995188,-0.092378,F,BuildTutorial
25.683,0.076432,1.516475,2.740581,47.1930051331446,14.309029198525264,9.871009763671273,-0.405523,-0.079538,-0.028557,-0.91017,0.985717,0.116492,-0.121624,0.012525,0.669471,0.742732,-0.143363,1.225058,2.917433,-26.88465691006937,-29.297771861721024,6.066909750523082,-0.237611,-0.23372,-0.008911,0.942781,0.890591,0.094266,0.444928,0.127871,0.886923,-0.443865,0.188604,1.068177,2.949579,-5.091256659897077,-3.63678773577035,-1.6520395871255076,-0.043931,-0.032337,-0.015804,0.998386,0.997409,-0.028716,0.065958,0.034399,0.995641,-0.086698,F,BuildTutorial
25.717,0.074193,1.516819,2.740884,47.19019551404109,14.499020244165134,9.943377396135196,-0.405599,-0.080794,-0.028463,-0.910029,0.985325,0.117344,-0.12396,0.013735,0.669359,0.742812,-0.143993,1.224279,2.917895,-26.599796405243996,-29.14524864440149,6.081194801942019,-0.235322,-0.232704,-0.00784,0.943616,0.891575,0.094725,0.442856,0.124317,0.889124,-0.440459,0.186103,1.066614,2.948821,-4.73179693438193,-3.751166607716811,-2.1058105234866593,-0.040651,-0.033454,-0.019701,0.998419,0.996985,-0.036621,0.068405,0.04206,0.995919,-0.079856,F,BuildTutorial
25.75,0.072024,1.517233,2.741303,47.17949777242604,14.68918838595242,10.033553965779287,-0.405626,-0.081997,-0.02852,-0.909907,0.984926,0.118422,-0.126082,0.014618,0.669308,0.742841,-0.144504,1.223411,2.918669,-26.258418407252368,-28.83445833917667,6.064055387528195,-0.232512,-0.230497,-0.006587,0.944863,0.893656,0.094739,0.438639,0.119635,0.891789,-0.436348,0.1833,1.065151,2.948198,-4.288117963151011,-4.196171789304516,-1.438119657785031,-0.036925,-0.037051,-0.013902,0.998534,0.996868,-0.025027,0.075019,0.0305,0.996887,-0.072712,F,BuildTutorial
25.783,0.06979,1.517654,2.7417,47.14181660202007,14.85735547597804,10.103459426443704,-0.405422,-0.083128,-0.02853,-0.909895,0.984552,0.119323,-0.128141,0.015484,0.669638,0.742526,-0.145213,1.222806,2.919284,-26.083281933195533,-28.552915599163416,6.171818384967397,-0.231306,-0.228119,-0.004742,0.945747,0.895879,0.096561,0.433679,0.1145,0.89295,-0.435351,0.181117,1.064693,2.94747,-4.385537098576069,-4.434331401150144,-0.3967046717066003,-0.038099,-0.038791,-0.004937,0.998509,0.996942,-0.006904,0.077843,0.012816,0.997048,-0.075701,F,BuildTutorial
25.817,0.067658,1.517971,2.74206,47.072866733231905,15.021731137367018,10.19926142032219,-0.404991,-0.084174,-0.028802,-0.909982,0.98417,0.120597,-0.129865,0.015762,0.670306,0.741917,-0.146065,1.222371,2.919363,-26.12518459252915,-28.511128895009293,6.065018268391836,-0.231439,-0.227951,-0.005631,0.94575,0.896014,0.094862,0.433775,0.116165,0.892808,-0.4352,0.18008,1.064546,2.946983,-4.242637408954497,-4.051064511814443,-0.444935520400899,-0.036855,-0.035464,-0.005186,0.998678,0.997431,-0.007745,0.071217,0.012973,0.99723,-0.073244,F,BuildTutorial
25.85,0.065565,1.518211,2.7424,47.04642375988726,15.186874570002804,10.251363189512965,-0.404863,-0.085332,-0.028668,-0.909935,0.983793,0.121268,-0.132081,0.016924,0.670528,0.741691,-0.147616,1.221992,2.920252,-25.975760436498565,-28.429447667859375,6.062527342497191,-0.230212,-0.227419,-0.00516,0.94618,0.896508,0.094944,0.432735,0.114474,0.893952,-0.433297,0.179826,1.06447,2.946677,-3.927251144781933,-3.566175101178986,-0.9151840843626324,-0.033999,-0.03137,-0.009044,0.998889,0.997868,-0.015935,0.063285,0.020201,0.997525,-0.067355,F,BuildTutorial
25.883,0.063605,1.518312,2.74259,47.048802668640676,15.345136236709974,10.284163853411645,-0.404946,-0.08647,-0.028366,-0.909801,0.983437,0.121647,-0.134367,0.018416,0.670428,0.741746,-0.148927,1.221487,2.921427,-25.75676104449407,-28.182255345632775,6.135197066680135,-0.228567,-0.225432,-0.003588,0.947061,0.898335,0.096256,0.428637,0.109849,0.895489,-0.431316,0.179239,1.064788,2.946229,-3.8507872545276896,-3.4790888760120526,-0.6500725939311256,-0.03341,-0.030529,-0.006687,0.998953,0.998047,-0.01132,0.06144,0.0154,0.997678,-0.066341,F,BuildTutorial
25.917,0.061716,1.518421,2.742719,47.043422334868126,15.52514481634003,10.357566494411255,-0.405004,-0.087646,-0.02832,-0.909664,0.983033,0.122517,-0.136517,0.019471,0.670339,0.741799,-0.149484,1.220834,2.922312,-25.68161941299315,-27.9572233858384,6.089047316235062,-0.227866,-0.223732,-0.003359,0.947634,0.899866,0.095596,0.425563,0.108327,0.896132,-0.430364,0.178709,1.065817,2.945569,-4.048111156959522,-3.373469621537298,-0.1121189942195093,-0.035275,-0.029451,-0.002017,0.998942,0.998257,-0.001952,0.058982,0.006107,0.997503,-0.070356,F,BuildTutorial
25.95,0.059944,1.518595,2.74288,46.989154585804656,15.716781050594031,10.413538468754863,-0.404668,-0.089034,-0.028163,-0.909683,0.98256,0.123297,-0.139193,0.02082,0.670901,0.741255,-0.15009,1.220252,2.923265,-25.584272069080892,-27.738276823991526,5.994498399316146,-0.226888,-0.222196,-0.003498,0.948229,0.901234,0.094194,0.422972,0.10746,0.897019,-0.428729,0.178741,1.067413,2.944488,-4.088089178852806,-3.115891992357452,-0.2424068623180341,-0.035597,-0.027246,-0.003083,0.99899,0.998496,-0.004221,0.054657,0.0081,0.997447,-0.070955,F,BuildTutorial
25.984,0.058178,1.518799,2.743078,46.93079122901788,15.915815477570966,10.432213635354,-0.404273,-0.090618,-0.027691,-0.909717,0.982043,0.12365,-0.142484,0.022887,0.671593,0.740566,-0.150407,1.219766,2.924374,-25.381033417048197,-27.40465212421619,6.027494963721507,-0.225287,-0.21955,-0.002135,0.949231,0.903586,0.09487,0.41777,0.102977,0.898483,-0.42676,0.178301,1.068983,2.943366,-4.114959771974692,-3.220822809594716,-0.5689733385256295,-0.035748,-0.028263,-0.005969,0.998943,0.998331,-0.009905,0.056892,0.013946,0.997373,-0.071084,F,BuildTutorial
26.017,0.056485,1.518949,2.743309,46.85197446876845,16.13615057017392,10.468558400002594,-0.403736,-0.092334,-0.027315,-0.909794,0.981457,0.12426,-0.145954,0.024855,0.672502,0.739678,-0.150648,1.219471,2.925276,-25.351672144440652,-27.17761645815627,6.3290352533420995,-0.225621,-0.217102,0.000872,0.949717,0.905732,0.099621,0.411976,0.096309,0.898189,-0.42893,0.177705,1.070381,2.941859,-4.319291594308786,-3.3045880632007716,-0.1324361126002845,-0.037635,-0.028857,-0.002241,0.998872,0.998325,-0.002305,0.057818,0.006649,0.997157,-0.075055,F,BuildTutorial
26.05,0.054914,1.519075,2.743367,46.7624664261272,16.43738282887746,10.572381308496354,-0.40319,-0.094469,-0.027208,-0.909821,0.980671,0.125686,-0.14996,0.026669,0.673396,0.738801,-0.151279,1.219406,2.926596,-25.418038933089264,-26.942031160565108,6.163718415975141,-0.225855,-0.215415,-0.000173,0.950045,0.907192,0.096977,0.409387,0.097633,0.897979,-0.42907,0.177489,1.072177,2.940392,-4.747537479963732,-3.1976951024874056,0.2754355185068308,-0.041469,-0.027778,0.001245,0.998753,0.998454,0.00479,0.055383,-0.000183,0.996558,-0.082903,F,BuildTutorial
26.083,0.053373,1.519177,2.743398,46.67593187175608,16.70180356043593,10.631183733497837,-0.402622,-0.096468,-0.026872,-0.909872,0.979944,0.12658,-0.153908,0.02878,0.674347,0.737854,-0.152268,1.219447,2.927933,-25.39496401908008,-26.79904685890797,6.289048416928854,-0.225899,-0.214003,0.001196,0.950353,0.908403,0.098959,0.406217,0.094413,0.897937,-0.429879,0.177572,1.073414,2.939421,-4.844002328647557,-3.1266432115839704,-0.7220560587181626,-0.042071,-0.027523,-0.007446,0.998708,0.998374,-0.012557,0.055602,0.017189,0.996349,-0.083623,F,BuildTutorial
26.117,0.051935,1.519322,2.743427,46.60309422248934,16.951216928587762,10.722824840198443,-0.402187,-0.098217,-0.026832,-0.909879,0.979267,0.127831,-0.157148,0.030175,0.675052,0.737153,-0.152614,1.219263,2.928785,-25.33306274001523,-26.704757336010545,6.5442684389871975,-0.225862,-0.212774,0.003627,0.950632,0.909428,0.103012,0.402901,0.089218,0.897947,-0.430966,0.178391,1.074152,2.938776,-4.808868885198209,-2.4415848154670257,-1.3276960959995507,-0.041694,-0.021771,-0.012467,0.998815,0.998741,-0.02309,0.044531,0.026721,0.996212,-0.082746,F,BuildTutorial
26.15,0.050543,1.519486,2.743334,46.537176714946945,17.20647973645865,10.805604927870784,-0.401801,-0.100036,-0.026693,-0.909855,0.978561,0.128963,-0.160585,0.031814,0.675687,0.736502,-0.153588,1.219337,2.930269,-25.33898746978139,-26.617711139088147,6.515060149288476,-0.225854,-0.212104,0.003544,0.950784,0.909999,0.102549,0.401729,0.089069,0.897955,-0.43098,0.179075,1.074926,2.937858,-4.8818927839398,-1.9555485815246296,-1.0728345462758362,-0.042422,-0.017447,-0.010079,0.998897,0.999188,-0.018655,0.03571,0.021616,0.996198,-0.084398,F,BuildTutorial
26.183,0.049201,1.519716,2.743264,46.41880279635622,17.413136928879844,10.788312765295789,-0.400905,-0.101887,-0.026012,-0.910065,0.977885,0.129038,-0.164591,0.03435,0.677197,0.735,-0.15449,1.219522,2.93166,-25.355401568421897,-26.4698917496119,6.611013539813852,-0.226161,-0.210673,0.004598,0.951024,0.911192,0.104038,0.39863,0.086545,0.897661,-0.432106,0.177899,1.075327,2.937163,-5.188428962775989,-2.5843536484883347,-0.7057964752758297,-0.045111,-0.022806,-0.007172,0.998696,0.998857,-0.012268,0.046199,0.016383,0.995827,-0.089778,F,BuildTutorial
26.217,0.047835,1.519907,2.743335,46.30794796266797,17.57601200258478,10.743902137472686,-0.400032,-0.103476,-0.02526,-0.910291,0.977309,0.128775,-0.168178,0.0368,0.678673,0.733518,-0.155331,1.219757,2.933262,-25.32857478645247,-26.21500207934896,6.717756137507151,-0.226123,-0.208371,0.006042,0.951532,0.913091,0.105733,0.39381,0.082736,0.897664,-0.432844,0.177136,1.076138,2.936915,-5.601283282153295,-2.711855957043816,-0.1996603962714501,-0.048806,-0.02372,-0.002896,0.998522,0.998858,-0.003469,0.047652,0.0081,0.995219,-0.09733,F,BuildTutorial
26.25,0.046564,1.520113,2.743364,46.19611342342773,17.77240481812294,10.769975694965416,-0.399221,-0.105087,-0.024955,-0.91047,0.976668,0.129348,-0.171433,0.038465,0.679999,0.732203,-0.156151,1.220025,2.934591,-25.403056213555693,-26.013179105923555,6.761023603105198,-0.226805,-0.206541,0.006649,0.951765,0.914593,0.106346,0.39014,0.081032,0.897031,-0.434476,0.178006,1.077195,2.937225,-5.58167485252837,-1.8588980159421211,-0.4475198847654607,-0.04862,-0.016392,-0.00469,0.998672,0.999419,-0.007773,0.033196,0.010961,0.995228,-0.096956,F,BuildTutorial
26.283,0.045383,1.520273,2.743489,46.10215500467115,17.910710365569305,10.751747555236356,-0.398497,-0.106369,-0.024475,-0.910652,0.976173,0.129351,-0.174224,0.040199,0.681203,0.730991,-0.156626,1.220146,2.935747,-25.501301064324792,-25.818320628591508,6.605341407896586,-0.227326,-0.205141,0.005544,0.95195,0.915773,0.103824,0.388047,0.082712,0.896585,-0.435081,0.178185,1.078756,2.937508,-5.664625327984902,-1.5105913458301656,-0.7546211531803722,-0.049321,-0.013491,-0.007228,0.998666,0.999532,-0.013106,0.027659,0.015767,0.99503,-0.098316,F,BuildTutorial
26.317,0.04423,1.520448,2.743591,46.02975349489001,18.097040039821557,10.752639567758598,-0.397969,-0.107939,-0.023948,-0.910712,0.975551,0.129532,-0.177541,0.042293,0.682095,0.73004,-0.157975,1.220695,2.936966,-25.555416477606165,-25.78096993519785,6.795702935023316,-0.228111,-0.204403,0.007091,0.951911,0.916338,0.106753,0.385913,0.079754,0.89583,-0.437181,0.177851,1.081079,2.937859,-6.263323150777288,-1.6962961629219109,-0.4967894205156245,-0.05456,-0.015017,-0.005137,0.998384,0.999496,-0.008619,0.030545,0.011896,0.993994,-0.10879,F,BuildTutorial
26.35,0.043099,1.520606,2.743735,45.96122958452332,18.275968114097253,10.727197343231778,-0.397444,-0.109537,-0.023233,-0.910769,0.974924,0.12939,-0.181059,0.04475,0.682997,0.729049,-0.159652,1.221309,2.938467,-25.600739420887553,-25.660258701332744,6.829075699640105,-0.228537,-0.203292,0.007518,0.952044,0.917232,0.107234,0.383649,0.078605,0.895429,-0.438211,0.178263,1.083677,2.93862,-6.743773391268932,-1.246596590483185,-0.3672562131008504,-0.058778,-0.011048,-0.003839,0.998203,0.999726,-0.006365,0.022507,0.008963,0.993061,-0.11726,F,BuildTutorial
26.383,0.042012,1.520747,2.743937,45.84175521949486,18.421004819681432,10.760724905325024,-0.396568,-0.110727,-0.023187,-0.911008,0.974404,0.13007,-0.183356,0.045574,0.684392,0.727688,-0.16056,1.221523,2.939317,-25.720355678171693,-25.618920951506453,6.884002956004198,-0.229619,-0.202728,0.007818,0.951901,0.91768,0.107985,0.382364,0.078216,0.894428,-0.440319,0.179344,1.086261,2.939542,-6.911308383710968,-0.526825923787062,-0.9108322547752248,-0.060237,-0.005068,-0.008211,0.998138,0.999814,-0.01578,0.011107,0.017001,0.992608,-0.120167,F,BuildTutorial
26.417,0.040971,1.520826,2.743997,45.78131920092162,18.564002866603204,10.792155270855668,-0.396153,-0.111833,-0.023039,-0.911057,0.973925,0.130586,-0.185519,0.046626,0.685064,0.726989,-0.161813,1.22166,2.940342,-25.71734496903954,-25.598034838591236,6.893168307838912,-0.229609,-0.202539,0.007942,0.951943,0.91783,0.10813,0.381963,0.077889,0.894433,-0.440367,0.17937,1.089288,2.94052,-7.397013885750237,-0.4787119242514661,-1.1411636882706095,-0.064461,-0.004811,-0.010207,0.997856,0.999745,-0.019749,0.010916,0.02099,0.991481,-0.128548,F,BuildTutorial
26.449,0.039921,1.5209,2.744061,45.740392607038125,18.701997880061963,10.77944569765178,-0.395847,-0.113027,-0.022527,-0.911056,0.973435,0.13053,-0.188114,0.048436,0.685596,0.726369,-0.163107,1.221774,2.941185,-25.678507306777306,-25.62325679690709,7.0028267533566675,-0.229484,-0.202565,0.00888,0.951959,0.917777,0.109878,0.381591,0.076064,0.894517,-0.440516,0.179029,1.092791,2.941697,-8.208760237167773,-0.6066595732192807,-0.6221305017067231,-0.071543,-0.005669,-0.005794,0.997405,0.999869,-0.010747,0.012138,0.012369,0.989696,-0.14265,F,BuildTutorial
26.483,0.038897,1.521009,2.744144,45.62822292114525,18.790204404797077,10.758433291622977,-0.394963,-0.113946,-0.022237,-0.911332,0.973044,0.130539,-0.190119,0.049478,0.68702,0.724952,-0.164428,1.22191,2.942067,-25.651550173811177,-25.621867822277096,7.049090045729929,-0.229343,-0.202486,0.009321,0.952005,0.917825,0.110624,0.381261,0.075131,0.89463,-0.440446,0.179375,1.096137,2.943104,-8.880462150387315,-0.2534870442287272,-0.248004075271917,-0.077414,-0.002373,-0.002329,0.996994,0.999978,-0.004276,0.005093,0.005011,0.988003,-0.154351,F,BuildTutorial
26.517,0.037952,1.521136,2.744143,45.558744435870985,18.87938375314057,10.768666021854669,-0.394445,-0.11471,-0.022124,-0.911463,0.972704,0.130825,-0.191654,0.050162,0.687847,0.72412,-0.166088,1.222322,2.942931,-25.71767518920394,-25.602473426584123,7.066459869812828,-0.229918,-0.202228,0.009372,0.951921,0.918032,0.110835,0.3807,0.075148,0.8941,-0.441518,0.179755,1.099161,2.944443,-9.270764880998406,-0.0319167817282033,-0.3989948616355904,-0.080813,-0.000559,-0.003493,0.996723,0.999975,-0.006874,0.00168,0.007054,0.986914,-0.161092,F,BuildTutorial
26.55,0.037023,1.52134,2.744129,45.46046194778251,18.965929987067337,10.697334293896626,-0.393618,-0.115771,-0.021419,-0.911703,0.972277,0.130194,-0.194236,0.052084,0.689212,0.722686,-0.167737,1.222633,2.943914,-25.731821024493925,-25.613599997434523,7.131780912923334,-0.230151,-0.202176,0.009864,0.951871,0.918056,0.111839,0.38035,0.074284,0.893867,-0.442136,0.17981,1.102516,2.945722,-9.8739357833891,0.0611357478366639,-0.3442401546633477,-0.086061,0.000273,-0.002947,0.996286,0.999983,-0.00592,-3.7e-05,0.005826,0.98517,-0.171484,F,BuildTutorial
26.583,0.036171,1.52159,2.744087,45.32828532215375,19.040824036029814,10.664931469043706,-0.392561,-0.116649,-0.02112,-0.912054,0.971894,0.13011,-0.196198,0.053058,0.6909,0.721001,-0.16887,1.222748,2.944377,-25.750198258632675,-25.62103788426539,7.166779443469385,-0.230365,-0.20215,0.010103,0.951822,0.918067,0.112369,0.380166,0.073903,0.89366,-0.442617,0.179976,1.105773,2.947191,-10.50950469491618,0.3431791446161549,-0.285534657674057,-0.091591,0.002754,-0.002207,0.995791,0.999975,-0.004901,-0.005081,0.003892,0.983213,-0.182423,F,BuildTutorial
26.616,0.035303,1.521743,2.743932,45.2101130258516,19.110682435229425,10.698544290419898,-0.39168,-0.117243,-0.021342,-0.912352,0.971597,0.130786,-0.197216,0.052901,0.692263,0.719704,-0.170061,1.222789,2.944744,-25.79688640766462,-25.6862512308827,7.180356006720463,-0.23078,-0.20262,0.009991,0.951623,0.917691,0.112537,0.381023,0.074506,0.893281,-0.44328,0.18007,1.108371,2.948376,-10.887702150457978,0.5219049960320709,-0.3332590076183439,-0.094882,0.004258,-0.002463,0.995476,0.999952,-0.005711,-0.008011,0.004095,0.981983,-0.188927,F,BuildTutorial
26.65,0.034381,1.521858,2.743779,45.12889661862822,19.211697663384975,10.724483057581844,-0.391087,-0.118064,-0.021337,-0.9125,0.971211,0.131287,-0.198777,0.053406,0.693192,0.718772,-0.171273,1.222883,2.945206,-25.76122335029384,-25.753482795475826,7.238122259539341,-0.230594,-0.203096,0.010407,0.951562,0.917287,0.113471,0.381718,0.07386,0.893436,-0.443077,0.179625,1.110493,2.94954,-11.255844229501657,0.3502142452365959,0.0543823439758489,-0.098066,0.003088,0.000772,0.995175,0.99998,0.000931,-0.006298,-0.002142,0.980765,-0.195182,F,BuildTutorial
26.683,0.033598,1.522,2.743642,45.02563916963583,19.266543869528505,10.711263020155863,-0.390272,-0.11868,-0.021215,-0.912772,0.97093,0.131364,-0.200096,0.053906,0.694476,0.717494,-0.172283,1.22291,2.94537,-25.748185584222924,-25.852715047156387,7.395347234192211,-0.230775,-0.203616,0.011539,0.951394,0.916815,0.115936,0.382113,0.072022,0.89322,-0.443815,0.179324,1.112019,2.950702,-11.609722871493748,0.4768667920459064,0.1868397782139811,-0.101133,0.004305,0.002043,0.994862,0.999955,0.003193,-0.00898,-0.004935,0.979536,-0.201209,F,BuildTutorial
26.717,0.032812,1.522158,2.743521,44.935058101863326,19.354863296869244,10.738717401972988,-0.389605,-0.119408,-0.021283,-0.912961,0.970577,0.131905,-0.201446,0.054183,0.69551,0.71647,-0.173745,1.223037,2.945876,-25.719357176538335,-26.01473153421195,7.480728188811359,-0.230706,-0.204817,0.01198,0.951147,0.915813,0.117295,0.384095,0.071715,0.893263,-0.443777,0.179347,1.11327,2.951666,-11.749310783705914,0.8024367163809404,-0.0825663737414402,-0.102355,0.006892,0.0,0.994724,0.999905,-0.001411,-0.013712,-0.001411,0.979047,-0.203631,F,BuildTutorial
26.749,0.032085,1.522282,2.743411,44.83650784374066,19.423699848566145,10.76372161944872,-0.388869,-0.12,-0.021412,-0.913194,0.970283,0.132435,-0.202513,0.054222,0.696645,0.715364,-0.174453,1.223116,2.946157,-25.74606583151979,-26.01805284937054,7.463622185381029,-0.230896,-0.204853,0.011777,0.951096,0.915793,0.117002,0.384231,0.072197,0.893096,-0.444034,0.178889,1.11451,2.952835,-11.954344891300662,0.7801091658003506,-0.0535659838598524,-0.104133,0.006722,0.000244,0.994541,0.99991,-0.000914,-0.013421,-0.001886,0.978313,-0.207125,F,BuildTutorial
26.783,0.031368,1.522428,2.74332,44.76454186375077,19.455442221670772,10.771364334800062,-0.388317,-0.120321,-0.021485,-0.913385,0.970122,0.132693,-0.203114,0.054198,0.697497,0.714535,-0.175392,1.223206,2.946514,-25.830043816886896,-25.929953645097907,7.517453083748421,-0.231675,-0.203931,0.012231,0.951099,0.916525,0.117757,0.382249,0.071226,0.892354,-0.445681,0.178043,1.115004,2.953432,-12.191734520591057,0.8729314903568449,0.0640839745946561,-0.106185,0.007634,0.001365,0.994316,0.99988,0.001093,-0.015471,-0.004335,0.977446,-0.211143,F,BuildTutorial
26.816,0.030652,1.522546,2.743254,44.69500829974858,19.4816576498879,10.780140280808842,-0.387784,-0.120591,-0.021582,-0.913573,0.969984,0.13296,-0.203599,0.054093,0.698316,0.713742,-0.176592,1.223457,2.947039,-25.90240458419643,-25.96317460436479,7.441793149002002,-0.23214,-0.204289,0.011389,0.950919,0.916273,0.116508,0.383237,0.073187,0.891963,-0.446147,0.177642,1.115682,2.954116,-12.335793110529456,1.0804077621329635,-0.0059922238994714,-0.107438,0.009368,0.000961,0.994167,0.999823,-0.000102,-0.018834,-0.003924,0.976912,-0.213605,F,BuildTutorial
26.849,0.030008,1.522706,2.743212,44.62194488221943,19.5218325724159,10.78778621612588,-0.387225,-0.120981,-0.021629,-0.913758,0.969791,0.133222,-0.204345,0.054166,0.699179,0.712892,-0.177562,1.223545,2.947366,-25.886683763869016,-26.008536181894225,7.461428159291618,-0.23205,-0.204641,0.011492,0.950864,0.91598,0.116829,0.383837,0.073119,0.892041,-0.446,0.176729,1.115961,2.954454,-12.413423851343463,0.9432734183738436,-0.0681203281501394,-0.108117,0.008119,0.000299,0.994105,0.999868,-0.001161,-0.016207,-0.00235,0.976621,-0.214955,F,BuildTutorial
26.883,0.029377,1.522885,2.743188,44.52645001090794,19.5394214122561,10.784515447667454,-0.386473,-0.121257,-0.021703,-0.914037,0.969651,0.1334,-0.204892,0.054051,0.700335,0.711765,-0.178358,1.223483,2.947768,-25.840524632000076,-25.901398768760508,7.472816975633063,-0.231679,-0.203774,0.011897,0.951136,0.916669,0.117053,0.382122,0.071789,0.892366,-0.445566,0.175908,1.116264,2.95473,-12.454588985445506,0.8853420879575898,0.0999365335944825,-0.108463,0.007775,0.001705,0.994069,0.999873,0.001702,-0.015828,-0.005076,0.976466,-0.215613,F,BuildTutorial
26.916,0.028837,1.523155,2.743224,44.435064665474336,19.570845811256053,10.793177963820032,-0.385769,-0.121598,-0.021819,-0.914287,0.969476,0.133716,-0.205517,0.05392,0.701413,0.710713,-0.179757,1.223574,2.948366,-25.85708997822268,-25.96543929405579,7.471023327714946,-0.231819,-0.204293,0.011719,0.950993,0.916254,0.117007,0.383129,0.072429,0.892245,-0.445704,0.175548,1.11693,2.95496,-12.667910833879246,1.0937804716781776,-0.0442782341008403,-0.110322,0.009444,0.000669,0.993851,0.999821,-0.000755,-0.01892,-0.003413,0.975657,-0.219275,F,BuildTutorial
26.949,0.028318,1.523414,2.743266,44.35199670604578,19.57406393440337,10.731640060865884,-0.38505,-0.121939,-0.021456,-0.914553,0.969341,0.13315,-0.206516,0.05466,0.702552,0.70953,-0.18075,1.22354,2.948667,-25.780533440837964,-26.04928465623208,7.3914594934981475,-0.231054,-0.205224,0.011045,0.950986,0.915522,0.115843,0.385226,0.073828,0.892984,-0.443992,0.175093,1.117172,2.955398,-12.725664129341316,1.0283539128956043,-0.3294918707053228,-0.110845,0.0086,-0.001863,0.993799,0.999845,-0.00561,-0.01668,0.001797,0.97542,-0.220347,F,BuildTutorial
26.983,0.027893,1.523661,2.743262,44.25120838550731,19.59136872880275,10.760651021953455,-0.38429,-0.122111,-0.021798,-0.914841,0.969228,0.133736,-0.20667,0.053968,0.703692,0.708453,-0.181201,1.223467,2.94852,-25.766199687982063,-26.08793020237417,7.553983712174655,-0.231231,-0.205231,0.012345,0.950926,0.915456,0.11839,0.38461,0.071434,0.89276,-0.444834,0.174917,1.11736,2.956133,-12.722666893560683,1.0254714465599997,-0.0286549395945423,-0.110796,0.008866,0.000743,0.993803,0.999842,-0.000489,-0.017786,-0.00344,0.975447,-0.220206,F,BuildTutorial
27.016,0.027538,1.523885,2.743311,44.144007287457995,19.609081840596843,10.766400811450112,-0.383455,-0.122373,-0.021964,-0.915153,0.969085,0.134049,-0.207136,0.053649,0.70496,0.707215,-0.18159,1.223517,2.948443,-25.81821705628258,-26.076549022394317,7.422520918308277,-0.231423,-0.205351,0.011171,0.950868,0.915413,0.116291,0.385352,0.073801,0.892637,-0.444694,0.175617,1.118186,2.957233,-12.93966405502682,1.2593929359110063,0.4047788935646609,-0.112634,0.011318,0.004748,0.993561,0.999699,0.006886,-0.023561,-0.011985,0.974582,-0.223709,F,BuildTutorial
27.05,0.027222,1.524098,2.743345,44.04301608227591,19.606393170231343,10.704435032791189,-0.382592,-0.12269,-0.021647,-0.915479,0.968957,0.133515,-0.208075,0.054245,0.706309,0.705822,-0.182434,1.223785,2.948774,-25.84360411423883,-26.123034195621315,7.362582645158229,-0.231529,-0.205833,0.010528,0.950745,0.915044,0.115331,0.386515,0.075294,0.892567,-0.444585,0.176255,1.119062,2.958962,-13.11247848015717,1.240737845600553,0.1551219073304405,-0.114157,0.010911,0.002581,0.993399,0.999749,0.002637,-0.022267,-0.007619,0.973923,-0.226751,F,BuildTutorial
27.083,0.026934,1.524324,2.743393,43.991872246376055,19.604038174347767,10.715401207353466,-0.3822,-0.122701,-0.021828,-0.915637,0.968936,0.133766,-0.208013,0.053819,0.706893,0.70527,-0.183293,1.224026,2.948972,-25.858089629264864,-26.158579625422103,7.414463821806177,-0.231745,-0.206009,0.010857,0.950651,0.914885,0.116125,0.386653,0.074841,0.892353,-0.445089,0.177146,1.120003,2.961015,-13.257624039252214,1.3260637663713142,0.2457612885859061,-0.115404,0.011742,0.003466,0.993243,0.9997,0.004174,-0.024124,-0.009594,0.97334,-0.229166,F,BuildTutorial
27.116,0.026794,1.524553,2.743427,43.91182878803728,19.613628660280604,10.76333128874557,-0.381622,-0.122722,-0.022313,-0.915864,0.968883,0.134538,-0.207764,0.052796,0.707734,0.704504,-0.18421,1.22425,2.94934,-25.899479657103264,-26.18621791923559,7.330867360087681,-0.231938,-0.206367,0.010023,0.950535,0.914625,0.114783,0.387668,0.076674,0.892209,-0.445068,0.178786,1.121669,2.963723,-13.633657820615817,1.688579182933176,0.8568922748252495,-0.11857,0.015518,0.009173,0.992782,0.99935,0.014534,-0.032988,-0.021894,0.971714,-0.235143,F,BuildTutorial
27.15,0.026701,1.524756,2.743538,43.808580618500315,19.56175659016045,10.65574841657145,-0.380682,-0.122799,-0.021798,-0.916257,0.968891,0.133439,-0.208434,0.05355,0.709212,0.702958,-0.184883,1.224298,2.949386,-25.936922795020653,-26.29458124727489,7.263479669400939,-0.232134,-0.207366,0.009168,0.950279,0.913831,0.113698,0.389854,0.078848,0.892059,-0.444986,0.179991,1.123636,2.966727,-14.048654170351972,1.5478420769954242,1.196773195641071,-0.122133,0.014682,0.012016,0.992333,0.99928,0.020262,-0.032074,-0.027435,0.969878,-0.24204,F,BuildTutorial
27.183,0.026765,1.524914,2.743598,43.76739862485877,19.5380951268978,10.601203726559348,-0.380294,-0.122844,-0.021509,-0.916419,0.968893,0.132856,-0.208794,0.054012,0.709828,0.702301,-0.186061,1.224548,2.949864,-25.897984983235094,-26.407348122964788,7.301381385919299,-0.231891,-0.208262,0.009334,0.95014,0.91308,0.114326,0.391427,0.078851,0.892279,-0.444546,0.181418,1.125992,2.970366,-14.544351292779284,1.461687657417258,1.6284028631606764,-0.12638,0.01445,0.015709,0.991752,0.999089,0.027506,-0.032632,-0.034811,0.967563,-0.250221,F,BuildTutorial
27.215,0.027056,1.525113,2.743612,43.725818284178395,19.53638146175763,10.627974430773312,-0.379994,-0.122795,-0.021798,-0.916543,0.968893,0.133279,-0.208527,0.053365,0.710259,0.701914,-0.186891,1.224756,2.950266,-25.87446635520293,-26.434086943642516,7.292289892694676,-0.231683,-0.208525,0.009253,0.950134,0.912863,0.114207,0.391966,0.07904,0.892475,-0.444119,0.183527,1.128241,2.974687,-14.818503697946394,1.7949347015145452,1.833189667375626,-0.128675,0.017593,0.017881,0.99137,0.998742,0.030925,-0.039485,-0.03998,0.966246,-0.254499,F,BuildTutorial
27.249,0.027319,1.525275,2.743699,43.694775209174374,19.514427938194046,10.57316626162943,-0.379686,-0.122841,-0.021484,-0.916672,0.968897,0.13267,-0.208895,0.053894,0.710754,0.701373,-0.187692,1.225066,2.950714,-25.884964908475705,-26.5563204001778,7.309164019182182,-0.23181,-0.209494,0.009124,0.949891,0.912058,0.11446,0.393763,0.079792,0.892362,-0.444212,0.185786,1.130432,2.979426,-15.190861517216234,1.957040004594704,1.7326718897228883,-0.131887,0.018924,0.017242,0.990934,0.998689,0.029179,-0.042054,-0.039163,0.964617,-0.26073,F,BuildTutorial
27.282,0.02754,1.525435,2.743882,43.64476232139262,19.507892093127065,10.509080778815946,-0.379221,-0.123065,-0.021076,-0.916844,0.968822,0.131984,-0.209677,0.05469,0.711495,0.70056,-0.188658,1.225582,2.951056,-25.91673984839657,-26.771263419050236,7.329091977497228,-0.232125,-0.211204,0.008788,0.949439,0.910632,0.114739,0.39697,0.081364,0.892081,-0.44449,0.187998,1.132558,2.984283,-15.45803218303929,2.1662095169624784,1.817387414275394,-0.13415,0.020861,0.018254,0.990573,0.998463,0.030568,-0.046226,-0.041761,0.963341,-0.265009,F,BuildTutorial
27.316,0.027856,1.525723,2.74417,43.540048900513504,19.45933205761192,10.493951755618175,-0.378368,-0.12286,-0.021289,-0.917218,0.968904,0.132027,-0.209269,0.053919,0.712769,0.699324,-0.188985,1.22584,2.950984,-25.954660120695376,-26.84349116891324,7.314319773605477,-0.232415,-0.211795,0.00844,0.949239,0.910143,0.114471,0.398165,0.082426,0.891824,-0.444809,0.19062,1.135079,2.989279,-15.886579953663205,2.7677710725585727,2.238251289702317,-0.137659,0.026613,0.022675,0.989862,0.997555,0.037564,-0.05893,-0.052218,0.961072,-0.27132,F,BuildTutorial
27.349,0.028205,1.52593,2.744565,43.44108045117213,19.410588127408698,10.497888568994748,-0.377581,-0.122583,-0.021645,-0.917572,0.96901,0.132291,-0.208611,0.052848,0.713929,0.698221,-0.188948,1.226101,2.950558,-26.047280480526933,-26.914630743951,7.292278365704547,-0.233141,-0.212338,0.007919,0.948944,0.9097,0.114038,0.399302,0.083981,0.891166,-0.445838,0.193122,1.13705,2.994515,-16.112054264251,3.206953049595235,1.880341933036068,-0.139613,0.030001,0.020161,0.989546,0.997387,0.031523,-0.065004,-0.048277,0.960203,-0.275098,F,BuildTutorial
27.382,0.028559,1.526098,2.744886,43.423181007515886,19.367443510458017,10.483693956622258,-0.377416,-0.122307,-0.021703,-0.917675,0.96914,0.132155,-0.208094,0.052488,0.714173,0.697999,-0.189671,1.226452,2.950606,-26.1164250845501,-27.0936422505592,7.242750207462918,-0.233629,-0.213853,0.006999,0.948491,0.908436,0.113201,0.402405,0.086648,0.890737,-0.446184,0.195263,1.138618,2.999899,-16.27788858438489,3.4932356880302264,1.504693710543304,-0.1411,0.032028,0.017307,0.989326,0.997349,0.025207,-0.068256,-0.043283,0.959583,-0.278079,F,BuildTutorial
27.416,0.029014,1.526261,2.745232,43.35120432758184,19.29257526272766,10.451377749311929,-0.376798,-0.121905,-0.021809,-0.91798,0.969327,0.131907,-0.207378,0.051827,0.715095,0.697103,-0.190536,1.226493,2.950684,-26.103042810120225,-27.307067797928266,7.282722012893189,-0.233607,-0.215551,0.006923,0.948113,0.90698,0.113835,0.405499,0.087581,0.89076,-0.445955,0.197037,1.139558,3.005069,-16.40489261534473,3.8213808350613254,1.8974062303320631,-0.142026,0.035357,0.021135,0.989006,0.996606,0.031761,-0.075941,-0.051848,0.958764,-0.279434,F,BuildTutorial
27.449,0.029464,1.526451,2.745685,43.26678022379257,19.178072315752377,10.39479021509618,-0.376048,-0.12128,-0.02187,-0.918369,0.969626,0.131385,-0.206312,0.051045,0.716219,0.696006,-0.190828,1.226217,2.950446,-26.03183206284365,-27.465724216866892,7.214345551290381,-0.232902,-0.217073,0.006186,0.947944,0.905682,0.112841,0.408664,0.089386,0.891437,-0.444242,0.198614,1.140364,3.0102,-16.594831020124314,3.880166761531759,2.121271235125193,-0.143584,0.036164,0.023191,0.988705,0.996309,0.035473,-0.078171,-0.056243,0.957692,-0.282246,F,BuildTutorial
27.482,0.029877,1.526644,2.746197,43.18306385085889,19.065721124143145,10.366883028303738,-0.375334,-0.120576,-0.022151,-0.918747,0.969942,0.131215,-0.20493,0.049811,0.717267,0.695016,-0.190895,1.225993,2.949888,-26.06396566922664,-27.663802968406515,7.21950268380557,-0.233186,-0.218669,0.005757,0.94751,0.904302,0.11289,0.411697,0.091072,0.891182,-0.44441,0.200189,1.140736,3.015621,-16.314498795156826,3.77357816372249,2.0035383028495386,-0.141222,0.035066,0.021968,0.989113,0.996576,0.033553,-0.075574,-0.053361,0.959148,-0.277828,F,BuildTutorial
27.516,0.030225,1.526754,2.746778,43.1248059647984,18.963897156727665,10.376145241088553,-0.374862,-0.119802,-0.022653,-0.919028,0.970268,0.131456,-0.20322,0.048181,0.71793,0.694446,-0.191062,1.225715,2.949476,-26.048014220101717,-27.887812244082596,7.121418323600348,-0.232877,-0.220736,0.004525,0.947113,0.90251,0.11138,0.416017,0.094238,0.891495,-0.44312,0.202281,1.141659,3.020541,-16.320537340660334,4.019306276703046,2.1377700107214483,-0.141183,0.037353,0.023431,0.989001,0.996112,0.035799,-0.0805,-0.056893,0.959037,-0.27751,F,BuildTutorial
27.549,0.030464,1.526835,2.747457,43.10147743437889,18.837008024575585,10.309875405604725,-0.374583,-0.11903,-0.022574,-0.919244,0.970645,0.130674,-0.201923,0.047672,0.718356,0.694041,-0.191509,1.225408,2.949409,-25.927667217759616,-28.043890967672706,7.087597858672721,-0.23183,-0.222213,0.00419,0.947026,0.901208,0.110967,0.418941,0.095096,0.892475,-0.440959,0.204223,1.142358,3.025685,-16.095309736141267,4.194710422243943,1.786664146331817,-0.139321,0.038414,0.02055,0.989289,0.996204,0.029956,-0.081731,-0.051363,0.960335,-0.274078,F,BuildTutorial
27.582,0.030655,1.526902,2.748259,43.04828476760825,18.69281122131394,10.301614568881202,-0.374124,-0.117966,-0.023064,-0.919556,0.971104,0.130685,-0.199696,0.045852,0.718998,0.693498,-0.192051,1.225236,2.949338,-25.91550783179726,-28.203182345257662,7.128713903517666,-0.231816,-0.223458,0.004234,0.946736,0.900097,0.111619,0.421149,0.095586,0.892487,-0.440829,0.206773,1.143245,3.030631,-15.807051841369804,4.501165453001495,0.7237757956202431,-0.137151,0.039764,0.011651,0.989683,0.996566,0.012155,-0.081903,-0.033969,0.962108,-0.270546,F,BuildTutorial
27.616,0.030799,1.526971,2.74915,42.98972222023831,18.543630586074013,10.2896628436372,-0.373617,-0.11688,-0.023548,-0.919889,0.971569,0.130659,-0.197437,0.044014,0.719712,0.692876,-0.192665,1.225276,2.949146,-26.030352932854477,-28.447411091914965,7.042246857621499,-0.232596,-0.225537,0.002773,0.946058,0.898251,0.110164,0.425451,0.099671,0.891783,-0.441348,0.210316,1.145028,3.035312,-15.494295983263685,5.310965409672523,-1.733706982618877,-0.135336,0.043865,-0.00873,0.98979,0.995999,-0.029154,-0.084471,0.005408,0.963216,-0.268673,F,BuildTutorial
27.649,0.030914,1.526967,2.750012,42.9502138882729,18.39309360625333,10.27795424743677,-0.37326,-0.115758,-0.024007,-0.920163,0.972048,0.130597,-0.195111,0.042234,0.720201,0.692479,-0.193734,1.225408,2.949103,-26.04399121266163,-28.780929956995926,7.061439868576178,-0.232753,-0.228237,0.002224,0.945373,0.895806,0.110451,0.430502,0.10204,0.891642,-0.441092,0.215279,1.145507,3.040749,-13.62416378504452,6.487470753842406,-6.755714578882168,-0.121528,0.049109,-0.051711,0.990023,0.989829,-0.114327,-0.08467,0.090454,0.965114,-0.245709,F,BuildTutorial
27.683,0.030986,1.526942,2.750782,42.94244475583049,18.2343350299708,10.317141667518698,-0.373204,-0.114365,-0.024851,-0.920338,0.972606,0.131106,-0.19196,0.03962,0.720203,0.692631,-0.195035,1.22549,2.949282,-25.97710872569322,-29.14595113858066,7.201990458491906,-0.232495,-0.231029,0.002792,0.944756,0.893236,0.112701,0.435234,0.102151,0.891877,-0.440592,0.220989,1.146545,3.046245,-11.823827656705737,7.663420811862182,-12.011856607489944,-0.10916,0.055353,-0.096997,0.987731,0.975055,-0.203698,-0.088171,0.179529,0.957352,-0.226379,F,BuildTutorial
27.716,0.030985,1.526991,2.751623,42.94759307347302,18.090993183591973,10.38663365466012,-0.373282,-0.112981,-0.025868,-0.920449,0.973132,0.131968,-0.188674,0.036727,0.719983,0.69302,-0.19594,1.225471,2.949196,-25.995502056271977,-29.535456743160225,7.300112076566435,-0.232854,-0.234021,0.002768,0.943931,0.890453,0.11421,0.440511,0.103761,0.891543,-0.440891,0.227319,1.14911,3.051308,-10.73231379689761,9.38222897642099,-16.65470556062407,-0.104017,0.067068,-0.136143,0.982928,0.953934,-0.281591,-0.103524,0.253686,0.941291,-0.222745,F,BuildTutorial
27.75,0.030952,1.52703,2.752645,42.93245166204256,17.875898593122276,10.365603553113504,-0.373092,-0.11134,-0.026423,-0.92071,0.97381,0.131737,-0.185307,0.034424,0.720208,0.692903,-0.196612,1.225377,2.948996,-26.023599659564045,-29.79637774536527,7.221385262023603,-0.232927,-0.236301,0.001525,0.943348,0.888319,0.112958,0.445117,0.107205,0.891485,-0.440183,0.232965,1.152032,3.056623,-9.043710741135332,10.465853799136434,-21.62447695807722,-0.094173,0.074579,-0.179165,0.976458,0.924676,-0.363941,-0.111902,0.335848,0.918062,-0.210637,F,BuildTutorial
27.783,0.030887,1.527056,2.753582,42.94468702854478,17.67845068177642,10.39221473749332,-0.373169,-0.109652,-0.027261,-0.920858,0.974467,0.132043,-0.181602,0.031631,0.720004,0.693248,-0.197467,1.225285,2.949016,-25.996386193920983,-30.04388669861176,7.278384670132318,-0.232826,-0.23825,0.001554,0.942882,0.886469,0.113872,0.44856,0.108012,0.891579,-0.439796,0.237305,1.153909,3.062293,-6.493130123463205,10.395309995407716,-27.17943057684399,-0.076073,0.074662,-0.228639,0.967658,0.884299,-0.453849,-0.109708,0.43113,0.883874,-0.181367,F,BuildTutorial
27.815,0.030888,1.52705,2.754498,42.991134491583686,17.52823616522694,10.450626170613877,-0.373557,-0.108198,-0.028149,-0.920845,0.975002,0.132678,-0.178237,0.028995,0.719326,0.694068,-0.19761,1.224872,2.94844,-26.005806544313263,-30.3139245533981,7.268862496300911,-0.232886,-0.240481,0.000905,0.942302,0.884337,0.113715,0.452789,0.110303,0.891526,-0.439334,0.243702,1.156989,3.067483,-4.6404729811125724,11.735902905127144,-31.83104748450819,-0.066741,0.087193,-0.268579,0.956979,0.840525,-0.525688,-0.131033,0.502411,0.846822,-0.174576,F,BuildTutorial
27.849,0.03087,1.527063,2.755523,43.01581799549768,17.3839407102949,10.456587109013462,-0.373723,-0.106989,-0.02863,-0.920904,0.975467,0.1327,-0.175654,0.027237,0.719023,0.694452,-0.198051,1.22445,2.948157,-25.95729925580897,-30.598275432583524,7.281572471722941,-0.232519,-0.242843,0.000546,0.941787,0.882054,0.113959,0.457159,0.111903,0.89187,-0.438231,0.248769,1.162946,3.071986,-4.653683433069451,12.751589102736595,-32.60834645353538,-0.069876,0.095168,-0.274443,0.954328,0.831249,-0.537117,-0.143289,0.510517,0.839597,-0.185606,F,BuildTutorial
27.882,0.030803,1.526992,2.756492,43.0233566587571,17.260631239109035,10.494558397841889,-0.373787,-0.105865,-0.029326,-0.920986,0.975865,0.13316,-0.173077,0.025124,0.718846,0.694715,-0.198541,1.223934,2.94805,-25.878041329760418,-30.814851083015736,7.31215285702332,-0.231939,-0.244643,0.000546,0.941464,0.880299,0.114513,0.460392,0.112457,0.892408,-0.436992,0.253184,1.167294,3.076673,-3.4255416280511106,13.1601178359177,-35.28488699958852,-0.06301,0.100154,-0.297681,0.947304,0.802711,-0.57661,-0.152238,0.551367,0.814832,-0.179007,F,BuildTutorial
27.915,0.030728,1.526867,2.757263,43.08521943956603,17.1955668884351,10.55982052351381,-0.374322,-0.105054,-0.02997,-0.920841,0.976131,0.133843,-0.17104,0.023454,0.71797,0.695679,-0.19908,1.223509,2.947967,-25.86594430947466,-31.026886196575663,7.320099197601803,-0.231858,-0.246381,0.000211,0.94103,0.878593,0.114649,0.463606,0.113853,0.892484,-0.436475,0.257667,1.169785,3.081462,-1.2861663646262709,13.679647050799169,-39.92922805762504,-0.051135,0.108125,-0.337732,0.933612,0.748492,-0.64168,-0.167353,0.619564,0.766644,-0.168515,F,BuildTutorial
27.949,0.030755,1.526735,2.757981,43.1618359973009,17.19464192885255,10.649802207706664,-0.375013,-0.104659,-0.030581,-0.920585,0.976223,0.134803,-0.169758,0.022191,0.716859,0.696865,-0.199861,1.223084,2.948014,-25.823730170969966,-31.3267420342265,7.3002265645278115,-0.231471,-0.248927,-0.000457,0.940455,0.876071,0.11438,0.46842,0.116098,0.892842,-0.43515,0.262406,1.171426,3.086457,0.7075977054281446,14.448835862616145,-43.66254049197772,-0.041078,0.119013,-0.369636,0.920607,0.698411,-0.690357,-0.18876,0.670802,0.723364,-0.163615,F,BuildTutorial
27.982,0.030785,1.526631,2.75859,43.19425477879592,17.21134780911027,10.771485306008609,-0.375386,-0.104355,-0.031455,-0.920438,0.976241,0.136252,-0.168488,0.020441,0.716192,0.697604,-0.200081,1.22249,2.947628,-25.715129017945813,-31.55471201303091,7.394793281191643,-0.230793,-0.250721,0.000122,0.940145,0.874278,0.115959,0.471372,0.1155,0.893469,-0.43402,0.266538,1.171699,3.09106,2.8198418267189296,14.996328613441891,-45.94059789265368,-0.02845,0.129631,-0.389756,0.911305,0.662572,-0.717749,-0.21409,0.702997,0.694562,-0.152902,F,BuildTutorial
28.016,0.030796,1.526488,2.759183,43.24968530202586,17.240260040056064,10.93515687359854,-0.375983,-0.103982,-0.032591,-0.920197,0.976251,0.138171,-0.166861,0.018211,0.71515,0.698734,-0.200989,1.222104,2.947819,-25.676841849171225,-31.80782866404104,7.502000460766795,-0.230718,-0.252622,0.000585,0.939655,0.872364,0.117669,0.474484,0.115468,0.893538,-0.433886,0.270542,1.169339,3.095595,6.036552550438432,15.64189845066564,-48.5485839587458,-0.008312,0.14532,-0.413248,0.89891,0.616216,-0.745362,-0.254389,0.740531,0.658313,-0.135049,F,BuildTutorial
28.049,0.030731,1.526408,2.759598,43.27641047703181,17.284103224240667,11.064234419136216,-0.376325,-0.103877,-0.033443,-0.920039,0.976182,0.13972,-0.16597,0.016645,0.714522,0.699415,-0.201849,1.221836,2.947824,-25.655701156266943,-32.09437561060338,7.435097107131536,-0.230398,-0.255128,-0.000488,0.939056,0.869819,0.116644,0.479383,0.118479,0.893834,-0.432463,0.272716,1.166163,3.09993,8.888091901941966,15.520205028963652,-51.71123647499312,0.010382,0.154626,-0.440227,0.884411,0.564582,-0.775473,-0.282647,0.781894,0.612185,-0.117778,F,BuildTutorial
28.082,0.030554,1.526375,2.760105,43.302368678024415,17.3016531485751,11.169009484114078,-0.376631,-0.103641,-0.034187,-0.919913,0.97618,0.140967,-0.164929,0.01517,0.713961,0.700021,-0.202321,1.221513,2.947607,-25.620965634621378,-32.28285094206393,7.560195275223435,-0.230395,-0.256458,0.000244,0.938695,0.868459,0.118632,0.481359,0.117715,0.893836,-0.432666,0.27399,1.162455,3.103693,11.805268046605237,15.30572795535023,-54.56863174416485,0.02986,0.164449,-0.464086,0.869879,0.515162,-0.797576,-0.313816,0.817218,0.567465,-0.100688,F,BuildTutorial
28.115,0.030361,1.526342,2.760528,43.305185705419824,17.280639706083292,11.273554058701176,-0.376741,-0.103125,-0.035091,-0.919891,0.976268,0.142262,-0.163288,0.013144,0.71367,0.700359,-0.203293,1.22156,2.947847,-25.606324825137055,-32.457883881196416,7.628508717082391,-0.23043,-0.25777,0.000488,0.938327,0.867109,0.119712,0.48352,0.117879,0.893804,-0.432688,0.275673,1.158165,3.106163,14.749939057714382,15.664790826401475,-56.0394232705571,0.04877,0.179046,-0.476985,0.859098,0.480856,-0.802089,-0.354161,0.837018,0.540214,-0.087008,F,BuildTutorial
28.149,0.030164,1.526184,2.760701,43.33961103575579,17.23858614966958,11.360405974000347,-0.377079,-0.102458,-0.035874,-0.919797,0.976431,0.143264,-0.161427,0.011276,0.713049,0.701024,-0.203847,1.221538,2.947524,-25.63269706383007,-32.73275045036584,7.614708325802673,-0.230613,-0.260019,-0.000244,0.937661,0.86478,0.11947,0.487732,0.120386,0.893635,-0.432347,0.276437,1.156099,3.108523,15.81897605719302,15.764885752306489,-56.29012987616379,0.056116,0.184072,-0.479444,0.856214,0.472501,-0.800355,-0.369019,0.841672,0.533968,-0.08041,F,BuildTutorial
28.182,0.029888,1.526068,2.760841,43.389536718007825,17.18640598866108,11.429212628133431,-0.37752,-0.101749,-0.036522,-0.91967,0.976627,0.144001,-0.159575,0.009648,0.71229,0.701819,-0.204172,1.221517,2.947121,-25.653743319860112,-32.8420726666624,7.722666949168428,-0.231029,-0.260673,0.000366,0.937377,0.864099,0.121133,0.488528,0.119759,0.893251,-0.433313,0.277361,1.152935,3.110208,17.447122678451258,15.964213352835,-57.9550328616075,0.064898,0.19284,-0.492647,0.846109,0.440224,-0.808636,-0.390271,0.858696,0.506175,-0.080181,F,BuildTutorial
28.216,0.029643,1.526094,2.761039,43.3622378207675,17.096866742637665,11.48086974352763,-0.37732,-0.100895,-0.037273,-0.919815,0.976862,0.144708,-0.157483,0.007572,0.712481,0.701651,-0.205262,1.221627,2.947184,-25.64933952564372,-32.98816888973195,7.774075101916299,-0.231111,-0.261769,0.000503,0.937051,0.862954,0.121938,0.490349,0.120052,0.893175,-0.433388,0.278621,1.148158,3.110554,19.78002755824496,16.388830617932054,-58.800949149307975,0.079178,0.205787,-0.500006,0.837482,0.415292,-0.804904,-0.423866,0.87008,0.48745,-0.073168,F,BuildTutorial
28.249,0.029351,1.526051,2.760917,43.367140221740115,17.001173687132777,11.508689741269212,-0.377352,-0.100029,-0.037804,-0.919875,0.97713,0.145042,-0.155497,0.005942,0.712353,0.701796,-0.206265,1.221691,2.946801,-25.693446681779573,-33.2903193520357,7.785970292130755,-0.231496,-0.264166,-0.000122,0.936283,0.860433,0.122078,0.494725,0.122535,0.89282,-0.433426,0.280666,1.143915,3.110907,21.22192025338908,17.068042290991485,-59.54953208807144,0.085628,0.217033,-0.506414,0.830126,0.392883,-0.803607,-0.447056,0.877943,0.472425,-0.077652,F,BuildTutorial
28.283,0.029051,1.525979,2.760747,43.38039376920936,16.964466077541886,11.570744345349445,-0.377499,-0.099513,-0.038403,-0.919846,0.977245,0.145782,-0.154078,0.004482,0.71204,0.702125,-0.206866,1.221515,2.94609,-25.700746758499115,-33.500935384338476,7.870251619552821,-0.23175,-0.265708,0.000122,0.935784,0.858798,0.123384,0.497234,0.122927,0.892584,-0.4338,0.283579,1.139911,3.110952,22.55124963986917,18.295170470436975,-59.804323020876105,0.08962,0.23139,-0.509627,0.823837,0.373479,-0.798224,-0.472601,0.881173,0.464498,-0.08818,F,BuildTutorial
28.319,0.028784,1.525867,2.760616,43.355916906881845,16.933455232011298,11.63587664936056,-0.377351,-0.099081,-0.039065,-0.919926,0.977314,0.14665,-0.152812,0.002903,0.712161,0.70201,-0.207549,1.22131,2.945851,-25.680729455920567,-33.567977146792884,7.88053545725719,-0.231612,-0.266257,0.000122,0.935662,0.858215,0.123565,0.498196,0.123108,0.892712,-0.433487,0.286367,1.13581,3.110666,24.209008158206444,19.319300162574685,-60.08709544371059,0.096808,0.245519,-0.513045,0.816783,0.353011,-0.790555,-0.500405,0.885628,0.454827,-0.093782,F,BuildTutorial
28.349,0.028519,1.525779,2.760422,43.33893283738069,16.867802149275473,11.648857818066116,-0.377205,-0.098533,-0.039411,-0.92003,0.977476,0.146852,-0.151574,0.001815,0.712327,0.701846,-0.20845,1.221102,2.945661,-25.64198671497953,-33.772552103430705,7.830670273297406,-0.231182,-0.268071,-0.000598,0.93525,0.856275,0.122828,0.501704,0.125065,0.893109,-0.432106,0.288191,1.133336,3.110598,25.183768695199483,19.61461619275912,-61.32333716694822,0.10001,0.252548,-0.522371,0.808299,0.326697,-0.793948,-0.512753,0.894977,0.434254,-0.102172,F,BuildTutorial
28.382,0.028313,1.525726,2.760201,43.35953585238384,16.834210069946174,11.673699471291036,-0.377378,-0.098155,-0.03969,-0.919987,0.977581,0.147112,-0.150646,0.001054,0.712021,0.702158,-0.209552,1.221005,2.945595,-25.63073932966534,-33.8976508112879,7.830930386636167,-0.231091,-0.269104,-0.000819,0.934976,0.855165,0.122844,0.50359,0.125906,0.893193,-0.431688,0.289419,1.131539,3.1112,25.96812408435864,19.76493767651778,-62.76524236337871,0.101875,0.25804,-0.532827,0.799457,0.299021,-0.799369,-0.521148,0.904521,0.411434,-0.112091,F,BuildTutorial
28.416,0.028185,1.525629,2.759995,43.33977324898389,16.809242228714886,11.705589186519632,-0.37724,-0.097875,-0.040058,-0.920058,0.977632,0.147556,-0.149879,0.000134,0.712171,0.702006,-0.210259,1.220873,2.945526,-25.5656284109117,-33.90957377237821,7.797550030903874,-0.230486,-0.269341,-0.000946,0.935056,0.854909,0.122391,0.504135,0.125927,0.89375,-0.430526,0.290172,1.130851,3.111897,26.768614969626068,19.671975372374856,-63.348503416116266,0.106842,0.261196,-0.536972,0.794998,0.286875,-0.797971,-0.530043,0.909597,0.400492,-0.110632,F,BuildTutorial
28.448,0.028226,1.52549,2.759612,43.39035851666425,16.797525813769326,11.7173617022304,-0.377647,-0.097677,-0.040115,-0.919909,0.9777,0.147579,-0.149409,-3e-05,0.711547,0.702639,-0.210916,1.220776,2.94526,-25.50077235229156,-34.04501894945993,7.876500164516026,-0.230147,-0.27036,-0.000405,0.934846,0.853811,0.123688,0.505676,0.125202,0.894065,-0.430085,0.290703,1.13056,3.112478,27.489712608050507,19.627169141897735,-64.39406495029209,0.109902,0.26485,-0.54427,0.788382,0.267249,-0.799971,-0.537239,0.9164,0.383383,-0.115011,F,BuildTutorial
28.482,0.028237,1.525377,2.759138,43.431194678569035,16.805864673292948,11.703522674872628,-0.377962,-0.097737,-0.039915,-0.919782,0.977709,0.147307,-0.14962,0.000456,0.711103,0.703088,-0.211489,1.22068,2.945034,-25.50231000844851,-34.18573126655804,7.887982493448915,-0.230186,-0.271483,-0.000598,0.934511,0.852593,0.123866,0.507683,0.126101,0.894028,-0.429898,0.29062,1.129788,3.112607,28.49292700524909,19.763150078031185,-65.31812036026929,0.114351,0.270868,-0.550839,0.781109,0.246414,-0.798583,-0.549132,0.922478,0.367001,-0.119768,F,BuildTutorial
28.515,0.028207,1.525341,2.758684,43.44931102943109,16.802751019567776,11.65343211474413,-0.378062,-0.097854,-0.039496,-0.919747,0.977729,0.146642,-0.150138,0.001337,0.711019,0.703171,-0.211833,1.220687,2.944856,-25.525241679916014,-34.17569816468097,7.841871677418025,-0.230262,-0.271468,-0.001014,0.934496,0.852608,0.123123,0.507839,0.126913,0.893957,-0.429808,0.290503,1.1292,3.112571,29.55476889862442,20.053330470897816,-65.57460560978183,0.11999,0.277541,-0.552947,0.776417,0.234442,-0.79203,-0.563672,0.925239,0.359705,-0.120607,F,BuildTutorial
28.549,0.028118,1.525479,2.758224,43.44564177037257,16.822536642211723,11.6105430957321,-0.378003,-0.098159,-0.039092,-0.919756,0.977673,0.14612,-0.151011,0.002298,0.711171,0.703015,-0.212191,1.22079,2.944669,-25.540453773513416,-34.25061083235691,7.924351951818184,-0.23058,-0.271896,-0.000532,0.934294,0.852145,0.124393,0.508307,0.126382,0.893665,-0.43057,0.29023,1.128932,3.112553,30.382186980516572,20.13483969660053,-66.15393836997033,0.124122,0.282169,-0.556968,0.771208,0.220336,-0.789029,-0.573486,0.929122,0.348762,-0.12287,F,BuildTutorial
28.582,0.028001,1.525521,2.757703,43.422758549744614,16.898004657643153,11.625424686018812,-0.37786,-0.098745,-0.038997,-0.919756,0.977457,0.146359,-0.152172,0.002888,0.711403,0.702779,-0.212474,1.220848,2.944409,-25.544614425680276,-34.37234256425319,8.021020674329217,-0.230843,-0.272689,0.0,0.933998,0.851282,0.125897,0.509381,0.125897,0.893423,-0.431214,0.289741,1.12924,3.11342,30.54211382870545,20.115795857967925,-66.71491298247373,0.123975,0.283321,-0.560714,0.768088,0.210658,-0.791106,-0.57426,0.931605,0.34046,-0.127277,F,BuildTutorial
28.615,0.027818,1.525515,2.757224,43.4038001656933,16.9882574544194,11.706026292011453,-0.37781,-0.099228,-0.039375,-0.919708,0.977207,0.147406,-0.152769,0.002552,0.711418,0.702764,-0.212497,1.22087,2.944133,-25.548303322348666,-34.41935599826912,8.059727836584312,-0.230965,-0.27299,0.000211,0.93388,0.850953,0.126497,0.509782,0.125707,0.893311,-0.431502,0.289424,1.128723,3.11379,30.985452677608944,20.54239655869429,-66.6553210629492,0.125203,0.287979,-0.560774,0.766111,0.205202,-0.787117,-0.581669,0.931341,0.339714,-0.131143,F,BuildTutorial
28.648,0.027594,1.525543,2.756737,43.39416186333395,17.05874224136957,11.797075654141109,-0.377837,-0.099506,-0.039888,-0.919645,0.977015,0.14856,-0.152878,0.001828,0.711297,0.70289,-0.212972,1.221102,2.94414,-25.519128260026303,-34.49542740897907,8.210689556554088,-0.23109,-0.273339,0.001365,0.933746,0.850568,0.128881,0.509827,0.123783,0.893191,-0.432306,0.289175,1.127918,3.114213,31.25450648436878,20.85333894130684,-66.25956436136597,0.126607,0.290748,-0.558469,0.766517,0.207156,-0.782531,-0.587138,0.929774,0.344166,-0.130655,F,BuildTutorial
28.682,0.027265,1.525572,2.756302,43.361602659629305,17.07118318596345,11.831133295511268,-0.377613,-0.099536,-0.04017,-0.919722,0.976958,0.149062,-0.152754,0.001282,0.71159,0.702594,-0.213068,1.221333,2.943737,-25.558611842451104,-34.557986048672014,8.318209306870099,-0.231666,-0.273586,0.00201,0.93353,0.850294,0.130513,0.50987,0.123009,0.892654,-0.433634,0.288493,1.126603,3.115017,31.834751421773497,20.51193276141613,-67.23738233613727,0.129933,0.291998,-0.56459,0.760982,0.191952,-0.783404,-0.591128,0.935165,0.328712,-0.131964,F,BuildTutorial
28.715,0.026859,1.525643,2.755888,43.35760812681844,17.060017630129966,11.78941243067664,-0.377541,-0.099589,-0.039878,-0.919758,0.976984,0.148554,-0.153085,0.001842,0.711745,0.702436,-0.213422,1.221628,2.943509,-25.614763868419175,-34.52444401083636,8.302635999962787,-0.232081,-0.273279,0.001802,0.933517,0.850631,0.130211,0.509385,0.123481,0.89227,-0.434288,0.288339,1.125587,3.115515,31.902148873614703,20.62898709203233,-67.0400384808552,0.13034,0.292835,-0.563408,0.761466,0.193638,-0.781696,-0.592837,0.934368,0.331166,-0.131473,F,BuildTutorial
28.749,0.026456,1.525732,2.755481,43.30840665144425,17.02192515719636,11.7772877911075,-0.377127,-0.099387,-0.039981,-0.919945,0.977048,0.148523,-0.152705,0.001403,0.712354,0.701819,-0.213202,1.221539,2.94275,-25.702046983980367,-34.477639889692966,8.341233145456364,-0.232876,-0.272718,0.00198,0.933483,0.851242,0.130715,0.508232,0.123323,0.89153,-0.435851,0.288377,1.125181,3.116305,31.941057453605904,21.238034756903208,-66.16892879582535,0.129875,0.296062,-0.5583,0.764055,0.201296,-0.776242,-0.597434,0.930047,0.342866,-0.132119,F,BuildTutorial
28.782,0.026053,1.525783,2.755147,43.25519700583265,17.009635342458736,11.836404203813538,-0.376752,-0.099163,-0.040577,-0.920097,0.977041,0.149388,-0.151904,5.1e-05,0.712823,0.701344,-0.213488,1.221353,2.942319,-25.724319390852113,-34.47089492867484,8.333903670045343,-0.233038,-0.272652,0.001875,0.933462,0.851315,0.130578,0.508146,0.123576,0.89138,-0.436087,0.288077,1.124292,3.11663,32.21966384224688,21.33712326961896,-66.09047852814889,0.131588,0.297782,-0.557892,0.763392,0.200165,-0.773411,-0.601472,0.930149,0.342883,-0.131355,F,BuildTutorial
28.815,0.025667,1.525806,2.754779,43.2635244439022,16.999367565806303,11.84635617450993,-0.376823,-0.099037,-0.040678,-0.920077,0.977074,0.149493,-0.151587,-0.000214,0.712699,0.70147,-0.214387,1.221161,2.941992,-25.657770177383014,-34.61500952396027,8.378368299973165,-0.23261,-0.273813,0.002121,0.933228,0.850044,0.131343,0.510073,0.123424,0.891776,-0.435318,0.287611,1.123518,3.116831,32.14142794983879,21.081528940294437,-66.18329694683602,0.132033,0.295863,-0.558217,0.763824,0.201718,-0.774631,-0.59938,0.930886,0.341923,-0.128612,F,BuildTutorial
28.848,0.02536,1.525801,2.754431,43.221085102170505,16.966965147788212,11.859433035612463,-0.376486,-0.098789,-0.040954,-0.920229,0.977127,0.14976,-0.15098,-0.000989,0.713163,0.700998,-0.214916,1.220658,2.941257,-25.510723594667024,-34.74540054642565,8.43611227566404,-0.231566,-0.27493,0.002719,0.933158,0.848813,0.132402,0.511846,0.122255,0.89274,-0.433669,0.287329,1.122647,3.11716,32.204211436430235,20.967443593401693,-65.86397035795109,0.13386,0.29499,-0.555953,0.765493,0.207796,-0.772181,-0.600464,0.93013,0.345997,-0.123063,F,BuildTutorial
28.882,0.024975,1.525728,2.754071,43.22563012726871,16.935256118469947,11.89700389005345,-0.376543,-0.098405,-0.041353,-0.920229,0.977213,0.150216,-0.149968,-0.002001,0.713011,0.70115,-0.215524,1.22027,2.940625,-25.413881287690916,-34.87158993964561,8.477330640435262,-0.230888,-0.275988,0.003059,0.933013,0.847643,0.133153,0.513588,0.121736,0.893363,-0.43253,0.287088,1.122214,3.117755,32.27807605995501,21.05679859945647,-65.16520870004385,0.135757,0.295068,-0.551381,0.76843,0.217828,-0.76728,-0.603185,0.92751,0.355099,-0.116751,F,BuildTutorial
28.915,0.02459,1.525698,2.75362,43.26333814760934,16.918321020065704,11.916747047633011,-0.376853,-0.098155,-0.04151,-0.920122,0.977285,0.150369,-0.149343,-0.002408,0.712517,0.70165,-0.216651,1.220252,2.940347,-25.433489478829895,-35.03683226460966,8.534800732811053,-0.231189,-0.277194,0.003141,0.93258,0.846307,0.134026,0.515559,0.12231,0.893084,-0.432945,0.287575,1.121903,3.118489,31.85953484146303,21.23881134414393,-64.01221639640143,0.134831,0.293245,-0.543818,0.774655,0.236539,-0.763465,-0.600974,0.92162,0.372165,-0.110049,F,BuildTutorial
28.949,0.024109,1.525731,2.753233,43.251928414351106,16.893770303471953,11.91362919418749,-0.376751,-0.097983,-0.041583,-0.920179,0.97734,0.150359,-0.148991,-0.002698,0.71266,0.701505,-0.21705,1.220098,2.939655,-25.373531574536635,-35.04906869562671,8.510627073440636,-0.230648,-0.277413,0.003081,0.932649,0.846066,0.133716,0.516036,0.122222,0.893584,-0.431937,0.287494,1.122018,3.120034,31.229465958485356,20.80112148565789,-62.97860316662051,0.134941,0.286549,-0.536233,0.782391,0.260688,-0.761753,-0.593106,0.916422,0.38849,-0.09616,F,BuildTutorial
28.982,0.023668,1.525872,2.753016,43.19367411725828,16.83078051095367,11.905397562879086,-0.376259,-0.09758,-0.041812,-0.920413,0.97746,0.1504,-0.148164,-0.003538,0.713362,0.700787,-0.21756,1.220082,2.939056,-25.303453894613092,-35.08251198512131,8.635884828233419,-0.230388,-0.277516,0.004222,0.932678,0.845935,0.135747,0.51572,0.119998,0.893807,-0.432098,0.288639,1.122899,3.121457,30.235956102069284,20.392923019181666,-60.73861032775974,0.135066,0.277222,-0.5202,0.796428,0.305079,-0.753717,-0.582097,0.90349,0.422297,-0.073281,F,BuildTutorial
29.015,0.023274,1.526049,2.752582,43.139523553224315,16.7894387905553,11.913692499834283,-0.375821,-0.097291,-0.042096,-0.920609,0.977525,0.150635,-0.147493,-0.004379,0.713973,0.70016,-0.218671,1.220466,2.938319,-25.42015876294494,-35.263266205197546,8.67800106688583,-0.231436,-0.278763,0.003885,0.932048,0.844552,0.136274,0.517843,0.121789,0.892845,-0.433585,0.290914,1.123073,3.122141,29.52734800990236,20.573944596710245,-58.50926309855872,0.134368,0.273191,-0.504665,0.807852,0.341361,-0.741973,-0.577017,0.888806,0.454518,-0.05864,F,BuildTutorial
29.049,0.022864,1.526156,2.752335,43.11596274576573,16.72770483342024,11.912339490002829,-0.37561,-0.09683,-0.042323,-0.920733,0.977665,0.150676,-0.146516,-0.005195,0.714252,0.699869,-0.219395,1.220649,2.937604,-25.47300504564796,-35.33513731181814,8.635156271267133,-0.231759,-0.279371,0.003248,0.931788,0.843882,0.135547,0.519124,0.123441,0.892554,-0.433716,0.295288,1.121986,3.122216,29.388818542243033,21.623707549035174,-55.29307539983348,0.136518,0.276347,-0.483022,0.819564,0.380646,-0.716282,-0.58485,0.867187,0.496106,-0.043192,F,BuildTutorial
29.082,0.022419,1.526233,2.752135,43.06093245737617,16.640502268213055,11.926869349432334,-0.375153,-0.096153,-0.042808,-0.920968,0.977844,0.150993,-0.14499,-0.006705,0.714856,0.699239,-0.220712,1.221,2.937035,-25.504423721237934,-35.51110937713604,8.830619310381454,-0.232495,-0.280368,0.004395,0.931301,0.842749,0.138553,0.52017,0.122183,0.891854,-0.435509,0.302004,1.12172,3.123064,28.76035758504963,23.120740363415077,-51.51459294938177,0.134784,0.28057,-0.457231,0.833099,0.42444,-0.686204,-0.59074,0.83747,0.545546,-0.031994,F,BuildTutorial
29.115,0.022048,1.526246,2.75187,43.05568130823195,16.574422815371644,11.96802883481658,-0.375121,-0.095494,-0.043363,-0.921024,0.978001,0.151521,-0.143372,-0.008234,0.714808,0.699272,-0.22201,1.221145,2.936055,-25.61973226091789,-35.845801433338096,8.853958738525794,-0.23349,-0.282899,0.003588,0.930289,0.839911,0.138784,0.524679,0.125432,0.890939,-0.436457,0.308932,1.121197,3.124481,28.585685464701367,23.841220563354145,-49.64280094126256,0.135213,0.283074,-0.444308,0.839153,0.44492,-0.669134,-0.595236,0.822234,0.568616,-0.024615,F,BuildTutorial
29.148,0.021761,1.526248,2.751583,43.04387325335618,16.52345060686891,12.02258936679108,-0.375053,-0.094921,-0.043986,-0.921081,0.978111,0.15223,-0.141865,-0.009829,0.714801,0.699259,-0.223288,1.221003,2.935244,-25.583804239079676,-36.06410449740668,8.803597110019878,-0.233083,-0.284817,0.002834,0.929808,0.837742,0.138042,0.52833,0.127502,0.891329,-0.435059,0.316026,1.120126,3.126037,28.95865309748087,24.6262897322788,-48.529290288299066,0.137845,0.288627,-0.437356,0.840484,0.450829,-0.65561,-0.605746,0.814753,0.579437,-0.020753,F,BuildTutorial
29.183,0.021619,1.526211,2.75121,43.04793195116336,16.445704697489134,12.084242071642622,-0.375106,-0.094089,-0.04473,-0.921109,0.978293,0.152988,-0.139776,-0.011815,0.71459,0.699444,-0.224553,1.22054,2.934594,-25.446976035814977,-36.24108927544798,8.851257193498066,-0.232109,-0.286323,0.003241,0.929588,0.836017,0.138942,0.530821,0.126891,0.89223,-0.433388,0.323263,1.12013,3.128222,28.809692585119183,25.7467236287088,-46.23069692090037,0.138332,0.293677,-0.42166,0.846653,0.471913,-0.632749,-0.613944,0.795249,0.606134,-0.013426,F,BuildTutorial
29.215,0.021526,1.526152,2.751034,43.02504858835726,16.36459859148548,12.148372218042196,-0.374945,-0.093257,-0.045545,-0.92122,0.978458,0.153846,-0.137666,-0.013981,0.714684,0.699307,-0.225534,1.2203,2.933732,-25.424322173741107,-36.442920528880606,8.801616760509088,-0.231808,-0.288088,0.002493,0.92912,0.833999,0.138194,0.53418,0.12893,0.892518,-0.432192,0.3295,1.121245,3.131721,28.292929094062895,26.493790772953695,-44.45481472663821,0.136166,0.29568,-0.408894,0.852548,0.490759,-0.61668,-0.615517,0.777727,0.628529,-0.009627,F,BuildTutorial
29.249,0.021642,1.526108,2.750802,43.03960490261201,16.28518218608218,12.170849284618606,-0.375047,-0.092526,-0.045964,-0.921231,0.978653,0.15409,-0.135998,-0.015284,0.714455,0.699515,-0.225777,1.219881,2.932681,-25.359582059866057,-36.56984851478266,8.673728523056903,-0.230969,-0.289454,0.001381,0.928907,0.832429,0.136276,0.537113,0.131144,0.893303,-0.429897,0.334957,1.122248,3.135944,28.227107544698395,26.71835905448101,-44.2629111341945,0.135348,0.296949,-0.407665,0.852826,0.491262,-0.614951,-0.616845,0.775717,0.630981,-0.011254,F,BuildTutorial
29.282,0.021951,1.52606,2.750583,43.04588728971844,16.168261084972137,12.194929523854483,-0.375069,-0.091499,-0.046531,-0.921296,0.978926,0.154375,-0.13369,-0.017102,0.714317,0.699613,-0.226398,1.219613,2.931839,-25.22400411297469,-36.72928881226544,8.767020808408155,-0.230121,-0.290723,0.002197,0.928719,0.83095,0.137884,0.538989,0.129722,0.894079,-0.428713,0.339159,1.123408,3.140788,28.09547182223365,26.80474405721893,-43.96594102419272,0.134782,0.296895,-0.405418,0.854004,0.494979,-0.612426,-0.616385,0.77249,0.63494,-0.010525,F,BuildTutorial
29.315,0.022299,1.526119,2.750319,43.02987297517323,16.019657145361183,12.17443914253745,-0.374865,-0.090392,-0.046876,-0.921471,0.979264,0.15416,-0.131442,-0.018621,0.714558,0.699328,-0.226534,1.219535,2.930767,-25.24625000040832,-36.857448558321686,8.757782604430778,-0.230278,-0.291753,0.001802,0.928358,0.829753,0.137715,0.540873,0.131023,0.893937,-0.428613,0.342001,1.124735,3.146024,28.14391335564864,27.02504159521598,-42.88207129538725,0.1372,0.297379,-0.397639,0.857103,0.506898,-0.600035,-0.618881,0.763236,0.646118,-0.00131,F,BuildTutorial
29.349,0.022637,1.52606,2.750162,43.00816178915862,15.842750938338405,12.124692803284184,-0.374581,-0.08916,-0.047086,-0.921696,0.979667,0.153594,-0.129081,-0.020004,0.714945,0.698895,-0.227055,1.219647,2.930032,-25.303095463909106,-36.980584466118685,8.656444781626261,-0.230476,-0.292885,0.000573,0.927954,0.828436,0.136069,0.543303,0.133943,0.893761,-0.428078,0.343369,1.126977,3.152695,27.686807043470935,26.722301835440145,-42.07416583855768,0.136732,0.292987,-0.390718,0.86186,0.522996,-0.593368,-0.611874,0.75361,0.657287,0.006736,F,BuildTutorial
29.382,0.023076,1.525973,2.749975,43.01134519400388,15.667539178165264,12.10404424146674,-0.374518,-0.087814,-0.047488,-0.92183,0.980067,0.153328,-0.126329,-0.021776,0.714963,0.698824,-0.226691,1.219606,2.928724,-25.31548876432805,-37.02498607270614,8.579674547105263,-0.230379,-0.293384,-0.000173,0.927821,0.827851,0.134859,0.544496,0.1355,0.893851,-0.4274,0.343561,1.129377,3.160103,27.170417277736043,26.208801240432237,-41.52844007132857,0.135784,0.287174,-0.385427,0.866337,0.537955,-0.589832,-0.602248,0.745806,0.666018,0.013901,F,BuildTutorial
29.414,0.023632,1.525909,2.749761,43.027877274948416,15.498912377989612,12.135925385667344,-0.374603,-0.086332,-0.048272,-0.921894,0.980433,0.153684,-0.123011,-0.024323,0.714684,0.699024,-0.226735,1.219645,2.927922,-25.296007454910782,-37.04001356647743,8.462222903407083,-0.229922,-0.293765,-0.001099,0.927813,0.827402,0.133048,0.545624,0.137125,0.894269,-0.426004,0.342694,1.131509,3.167399,27.15609098990907,25.58117716861023,-40.588302069639205,0.140092,0.281249,-0.377529,0.87106,0.556742,-0.5789,-0.595746,0.736503,0.675692,0.031698,F,BuildTutorial
29.448,0.02426,1.525957,2.749636,43.027195973709055,15.309337209173034,12.093590723351982,-0.374486,-0.084946,-0.048552,-0.922056,0.980854,0.153158,-0.120286,-0.025913,0.714806,0.698843,-0.226614,1.219645,2.926941,-25.271211686414,-37.14025921813092,8.385478191297375,-0.229525,-0.29476,-0.001851,0.927594,0.826226,0.131875,0.547685,0.138744,0.894629,-0.424721,0.340464,1.134226,3.175889,26.38329153383152,24.572356125271543,-39.09914163066165,0.140801,0.269851,-0.364093,0.880223,0.589234,-0.564975,-0.577587,0.716956,0.695223,0.05137,F,BuildTutorial
29.482,0.02489,1.526074,2.749701,42.97208405842195,15.076842191135876,12.05216078042772,-0.373918,-0.08328,-0.049055,-0.922412,0.981316,0.152778,-0.116951,-0.028219,0.715558,0.697983,-0.226698,1.219947,2.925645,-25.2914851411771,-37.24931434176407,8.279461034522043,-0.229412,-0.295831,-0.002985,0.927279,0.82495,0.130198,0.550005,0.14127,0.894723,-0.423691,0.337708,1.136938,3.184213,25.962467200128614,23.73214132165956,-38.267649558367445,0.142011,0.261356,-0.356212,0.885799,0.609612,-0.556834,-0.564189,0.705295,0.705892,0.06539,F,BuildTutorial
29.515,0.025546,1.526242,2.749796,42.92448076748928,14.840248561603117,12.032863720013577,-0.373423,-0.081498,-0.049737,-0.922735,0.981769,0.152655,-0.113255,-0.030923,0.716164,0.697247,-0.226985,1.220342,2.924224,-25.477543544125197,-37.42272366677902,8.202208116523249,-0.230695,-0.297167,-0.004488,0.926527,0.823344,0.128792,0.552737,0.145427,0.89352,-0.424822,0.334889,1.139602,3.191986,25.827979154217584,23.419949623789584,-36.90392886016836,0.144973,0.256918,-0.34511,0.890997,0.629785,-0.540491,-0.55789,0.689476,0.719764,0.081011,F,BuildTutorial
29.548,0.026197,1.526251,2.749841,42.98058851311169,14.62578186753078,11.998157099951152,-0.373752,-0.079814,-0.05008,-0.92273,0.982244,0.152082,-0.109858,-0.03276,0.715602,0.697739,-0.227912,1.220776,2.923197,-25.488940383316848,-37.61714400251353,7.965360942904995,-0.23016,-0.299201,-0.006826,0.92599,0.820864,0.125087,0.557257,0.15037,0.893959,-0.422168,0.332765,1.143233,3.199095,25.146994275912594,23.261257020973517,-35.329992712131535,0.143459,0.252191,-0.33191,0.897583,0.652471,-0.523475,-0.547956,0.668191,0.738511,0.090123,F,BuildTutorial
29.582,0.026752,1.526254,2.749968,43.03931331789769,14.382517564862008,11.956863666906068,-0.374085,-0.077917,-0.050462,-0.922737,0.982765,0.151421,-0.10604,-0.034831,0.715029,0.698227,-0.228686,1.221102,2.92168,-25.428246639792537,-37.89897396386668,8.0399119517151,-0.229854,-0.3014,-0.006615,0.925355,0.818229,0.126313,0.560845,0.150799,0.894247,-0.421405,0.329543,1.146349,3.20513,24.730930642343452,23.0501034622341,-34.636047419953606,0.142222,0.248775,-0.325753,0.900982,0.663992,-0.516233,-0.540942,0.657758,0.747315,0.094201,F,BuildTutorial
29.615,0.027232,1.526277,2.750108,43.1113748389971,14.13263313911511,11.919828513339567,-0.374524,-0.075937,-0.050884,-0.922701,0.983289,0.150783,-0.10202,-0.037021,0.714286,0.698875,-0.229801,1.221378,2.919951,-25.42138645943097,-38.31454581237741,8.072338122745432,-0.22986,-0.304697,-0.007167,0.924269,0.814216,0.126827,0.566539,0.153324,0.894226,-0.420537,0.323927,1.148228,3.209693,24.923193344291615,22.01245118701349,-34.254815691357614,0.147523,0.24053,-0.32164,0.903842,0.677386,-0.510456,-0.529701,0.652391,0.74957,0.111946,F,BuildTutorial
29.649,0.027546,1.526294,2.750346,43.167056911629665,13.926892062518432,11.82936361671701,-0.374817,-0.074508,-0.050755,-0.922705,0.983745,0.149517,-0.099449,-0.037811,0.713872,0.699254,-0.231077,1.221571,2.918367,-25.47431597872163,-38.68168275847818,7.98979682266308,-0.230036,-0.307759,-0.008724,0.923197,0.810417,0.125482,0.572258,0.1577,0.894015,-0.419366,0.317713,1.149741,3.213298,24.93086787345565,20.82090078738859,-34.181768936026636,0.151069,0.231039,-0.319518,0.906481,0.689058,-0.509468,-0.515404,0.64908,0.750173,0.12624,F,BuildTutorial
29.682,0.027714,1.526289,2.750477,43.184915693708625,13.73248128058286,11.79201901750147,-0.374849,-0.073043,-0.051067,-0.922792,0.984114,0.149009,-0.096521,-0.039489,0.71376,0.699276,-0.232298,1.221519,2.916321,-25.487861128541105,-39.09919735305108,8.12082055361352,-0.230466,-0.310841,-0.008548,0.922058,0.80661,0.127514,0.577166,0.159039,0.893625,-0.419692,0.312449,1.151816,3.215605,24.328267010578543,20.07425715429175,-33.34091916137411,0.149893,0.222734,-0.311315,0.911595,0.706946,-0.500813,-0.499414,0.634359,0.76123,0.134603,F,BuildTutorial
29.716,0.027873,1.526218,2.750536,43.180169293587966,13.612703262442318,11.851383907710863,-0.374795,-0.07189,-0.051943,-0.922856,0.984268,0.14976,-0.093752,-0.041984,0.713661,0.699232,-0.23336,1.220977,2.914225,-25.39327246904463,-39.58595853401527,8.024357657181907,-0.229411,-0.315063,-0.010018,0.920872,0.80127,0.126107,0.584861,0.163008,0.894541,-0.416203,0.308823,1.153433,3.216771,23.901522453919632,19.80953212501106,-32.778051623818826,0.148214,0.219001,-0.306099,0.914535,0.716684,-0.494958,-0.491305,0.624794,0.768672,0.137022,F,BuildTutorial
29.749,0.027973,1.526129,2.750513,43.17793851227309,13.5196573332421,11.953303845098088,-0.374798,-0.07081,-0.053071,-0.922874,0.984339,0.151034,-0.090916,-0.044876,0.71342,0.699298,-0.234797,1.22025,2.912612,-25.24647847939049,-40.003811981498146,8.108130835497612,-0.228441,-0.31843,-0.009737,0.919958,0.797015,0.127571,0.590333,0.1634,0.89544,-0.414112,0.305471,1.154288,3.216943,23.817664779174606,19.363499589876294,-32.835064771348954,0.148613,0.215339,-0.305902,0.915406,0.720106,-0.496044,-0.485168,0.624053,0.768676,0.140338,F,BuildTutorial
29.782,0.028,1.526016,2.750418,43.21036903058947,13.41893400177204,12.055494234045703,-0.375072,-0.069625,-0.054182,-0.922788,0.984433,0.152226,-0.087853,-0.047769,0.71277,0.699769,-0.235594,1.219226,2.911025,-25.059188990353128,-40.248754549750025,8.005471504043486,-0.226647,-0.320827,-0.010478,0.919561,0.793921,0.126158,0.594789,0.164699,0.897043,-0.410107,0.302978,1.155703,3.21602,23.33703641720185,19.00675073602869,-32.80266368179697,0.1457,0.211438,-0.304767,0.91716,0.724823,-0.497427,-0.476654,0.620653,0.771777,0.138383,F,BuildTutorial
29.814,0.027982,1.526021,2.750291,43.19966632097831,13.329168072023233,12.148445245195289,-0.375,-0.068611,-0.055238,-0.922831,0.984483,0.153408,-0.085205,-0.050492,0.712648,0.699702,-0.236081,1.218325,2.90943,-24.918647899306144,-40.52004337848977,7.920624934329077,-0.225268,-0.32334,-0.011264,0.91901,0.790649,0.124972,0.59938,0.16638,0.898255,-0.406762,0.299946,1.15781,3.215154,22.39363088834696,18.09688870302593,-32.16833029679172,0.141515,0.201365,-0.297737,0.922377,0.74161,-0.492258,-0.455737,0.606243,0.782652,0.141153,F,BuildTutorial
29.848,0.027977,1.526096,2.750185,43.16923321941266,13.213236439497509,12.173664479377695,-0.374716,-0.067632,-0.055859,-0.922981,0.984611,0.1538,-0.082984,-0.052428,0.712936,0.699266,-0.236536,1.217742,2.908037,-24.86071590085033,-40.78712171116699,7.960346462660972,-0.224895,-0.325473,-0.011292,0.918348,0.78788,0.125654,0.602873,0.167134,0.89859,-0.405713,0.297655,1.159735,3.213522,21.97400146753621,17.09435424102825,-32.817839058034394,0.139578,0.193198,-0.301405,0.923227,0.743659,-0.502598,-0.44087,0.610463,0.779346,0.141263,F,BuildTutorial
29.881,0.027967,1.526195,2.750127,43.13707917391857,13.13135119852078,12.177847737973712,-0.374422,-0.066998,-0.056201,-0.923126,0.984706,0.153931,-0.081609,-0.05359,0.7133,0.698807,-0.236977,1.217364,2.907439,-24.85941992426933,-40.84130854410912,7.825603379228414,-0.224496,-0.326173,-0.012474,0.918182,0.786912,0.123542,0.604572,0.169355,0.898892,-0.404118,0.296804,1.161577,3.210116,21.754317387327063,16.81265958643427,-33.74480826856863,0.136972,0.191567,-0.308364,0.921657,0.736427,-0.515934,-0.437593,0.620891,0.772301,0.134337,F,BuildTutorial
29.915,0.027991,1.526322,2.750007,43.14178650395535,13.085015677198111,12.171710686669336,-0.374433,-0.066639,-0.056297,-0.923141,0.98478,0.153844,-0.080875,-0.054037,0.713261,0.698812,-0.237155,1.217005,2.907039,-24.80825042130832,-40.88923293515888,7.834310666334733,-0.22411,-0.326601,-0.01234,0.918125,0.786359,0.12373,0.605253,0.169049,0.899245,-0.403462,0.296599,1.16567,3.206035,20.17165689725198,16.974684157517586,-32.91450782566439,0.124943,0.188426,-0.300655,0.926548,0.748204,-0.510058,-0.424301,0.604228,0.787992,0.118229,F,BuildTutorial
29.948,0.028031,1.526434,2.749872,43.09043332010008,13.041412670741517,12.161672046950892,-0.373996,-0.066383,-0.056423,-0.923329,0.98482,0.153848,-0.080382,-0.054541,0.713887,0.698134,-0.237136,1.216683,2.906456,-24.696648379231583,-41.037250166375635,7.943356852777897,-0.223522,-0.327708,-0.01141,0.917886,0.784955,0.125554,0.606698,0.167446,0.899815,-0.402857,0.295912,1.169823,3.201193,18.317729304815437,16.906698085020967,-31.0848469423446,0.112798,0.18201,-0.284205,0.934546,0.772201,-0.490144,-0.404309,0.572265,0.813009,0.107374,F,BuildTutorial
29.982,0.028134,1.526487,2.749686,43.08325300555074,13.059548337908282,12.201778579434,-0.373971,-0.066407,-0.056696,-0.923321,0.984751,0.154366,-0.080225,-0.055028,0.713862,0.698121,-0.236933,1.216489,2.906171,-24.706611258340978,-41.17047079748848,8.037635393086925,-0.223858,-0.328579,-0.010946,0.917499,0.783832,0.127025,0.607842,0.167195,0.899536,-0.403586,0.294495,1.173394,3.194278,16.68833023830706,16.59959590067433,-29.047061571441017,0.103193,0.174272,-0.265803,0.942512,0.797956,-0.465077,-0.383365,0.537012,0.8374,0.101876,F,BuildTutorial
30.015,0.02821,1.526521,2.749625,43.053341427945334,13.118067257764022,12.225393764357444,-0.373775,-0.066838,-0.056733,-0.923367,0.984628,0.154736,-0.081021,-0.054806,0.714147,0.697847,-0.235704,1.2164,2.905878,-24.75736290944928,-41.081782628488675,8.081638252976434,-0.224394,-0.327721,-0.010578,0.917679,0.784974,0.127663,0.606233,0.166492,0.899071,-0.40491,0.292475,1.174897,3.186407,15.672502014164763,16.1441272093778,-27.64121579108976,0.097853,0.167327,-0.252898,0.947876,0.816089,-0.446685,-0.366704,0.512179,0.852935,0.100872,F,BuildTutorial
30.048,0.028341,1.52649,2.749405,43.022665800756826,13.213897017644452,12.24310483555221,-0.373588,-0.06759,-0.056602,-0.923396,0.984456,0.155033,-0.082533,-0.05403,0.714456,0.697591,-0.234544,1.21623,2.905907,-24.827046848614845,-41.02444209326523,8.14368607401419,-0.225128,-0.327055,-0.010185,0.917741,0.785863,0.128564,0.604889,0.165952,0.898428,-0.406556,0.290378,1.175716,3.176668,14.65347397742188,15.587332942873545,-27.28958334612336,0.091055,0.160509,-0.24862,0.95086,0.824851,-0.443574,-0.350518,0.502035,0.859795,0.093351,F,BuildTutorial
30.082,0.028626,1.526344,2.7489,43.09103093730844,13.406643139253095,12.321449949451855,-0.374275,-0.068803,-0.056517,-0.923033,0.984144,0.155837,-0.08471,-0.052831,0.713448,0.698714,-0.233521,1.216018,2.906279,-24.797887769638535,-40.95373618510944,8.158632331625224,-0.224946,-0.326495,-0.009836,0.917989,0.786609,0.128828,0.603862,0.164946,0.898606,-0.406572,0.287498,1.174996,3.165301,13.587989398107556,14.670244211535303,-26.89318890695224,0.084635,0.150585,-0.243706,0.954342,0.835863,-0.439669,-0.328671,0.490648,0.866888,0.088145,F,BuildTutorial
30.116,0.028882,1.526261,2.748718,43.06133256525382,13.588191047535112,12.394393641962887,-0.374172,-0.070064,-0.05655,-0.922978,0.983786,0.156821,-0.087016,-0.051958,0.713595,0.698629,-0.232231,1.215758,2.907013,-24.725935242407523,-40.68592385580193,8.27057283995339,-0.224715,-0.324217,-0.008191,0.918869,0.789633,0.130659,0.599507,0.160767,0.898872,-0.407656,0.284426,1.172568,3.153455,12.602237962940151,14.07258433457046,-24.756851297857125,0.080294,0.142278,-0.2246,0.960659,0.858624,-0.408679,-0.30943,0.454375,0.886216,0.090358,F,BuildTutorial
30.155,0.029262,1.526203,2.74857,42.97052999572346,13.668324486597289,12.396790670817095,-0.373489,-0.070815,-0.056426,-0.923205,0.983603,0.157082,-0.088605,-0.051288,0.714644,0.697605,-0.231168,1.215626,2.907992,-24.69331237243403,-40.43933743596745,8.26227838107201,-0.22445,-0.322295,-0.007674,0.919614,0.792134,0.130564,0.596219,0.158792,0.899127,-0.407867,0.281178,1.168215,3.14036,11.662745449490632,13.833341737642913,-22.22354888724336,0.075882,0.136995,-0.202337,0.966713,0.880584,-0.370412,-0.295578,0.411995,0.906603,0.091275,F,BuildTutorial
30.181,0.0297,1.526012,2.748107,43.04196707861943,13.90270330043171,12.417443745548258,-0.374186,-0.072546,-0.055734,-0.92283,0.983262,0.157158,-0.092186,-0.048575,0.713757,0.698707,-0.230037,1.215538,2.908906,-24.71556038604564,-40.23719098443434,8.231258964994774,-0.224553,-0.320706,-0.007595,0.920145,0.79418,0.130054,0.593602,0.158007,0.899037,-0.40837,0.277637,1.161977,3.126891,11.367430333261964,12.996306485793864,-20.365295464009023,0.076942,0.128237,-0.185819,0.971137,0.898054,-0.341177,-0.277665,0.380644,0.919103,0.101784,F,BuildTutorial
30.214,0.030241,1.525999,2.747959,42.97597642181828,14.081487008509884,12.408240406735136,-0.373741,-0.074099,-0.055164,-0.922922,0.982933,0.157212,-0.09554,-0.046438,0.71455,0.698042,-0.22879,1.215481,2.909787,-24.7290659662494,-39.945015949060725,8.301854240236393,-0.224875,-0.318204,-0.006496,0.920943,0.797409,0.131147,0.589016,0.155077,0.898779,-0.410059,0.275186,1.155319,3.113463,11.228632830363008,12.45966170229152,-20.092899441253557,0.076923,0.123306,-0.183038,0.972304,0.902585,-0.336968,-0.267942,0.374908,0.92116,0.104447,F,BuildTutorial
30.248,0.030641,1.526008,2.747837,42.93350923261448,14.172428368507427,12.351477909155175,-0.373409,-0.07507,-0.054467,-0.923019,0.982796,0.156612,-0.097904,-0.044486,0.715199,0.697504,-0.227646,1.215355,2.910976,-24.60202378723164,-39.63859730968234,8.195249144457389,-0.223587,-0.316102,-0.00637,0.92198,0.800078,0.129607,0.585728,0.153099,0.899936,-0.408259,0.274317,1.14896,3.099339,10.723492096414455,12.840657612361133,-19.913596704049617,0.072209,0.125711,-0.181361,0.972672,0.90261,-0.334655,-0.270744,0.370965,0.923788,0.094873,F,BuildTutorial
30.281,0.031068,1.525974,2.747718,42.9800684017405,14.308439853257363,12.285164157680232,-0.3738,-0.076323,-0.053427,-0.922818,0.982641,0.155666,-0.100923,-0.041547,0.714838,0.698055,-0.226513,1.215449,2.912284,-24.601638474087537,-39.33616010980444,8.196332511713,-0.223603,-0.313666,-0.00577,0.922812,0.803161,0.129625,0.58149,0.150922,0.899937,-0.409068,0.272779,1.140811,3.0863,11.043543028336492,12.741201936417747,-18.79108554898342,0.076317,0.124574,-0.172022,0.9742,0.90978,-0.316153,-0.268976,0.354181,0.929169,0.105837,F,BuildTutorial
30.314,0.031657,1.526015,2.747705,42.90528992557675,14.380277687519664,12.16255764810083,-0.373155,-0.077395,-0.052306,-0.923054,0.982548,0.154324,-0.103844,-0.038802,0.716039,0.696981,-0.225408,1.2157,2.913352,-24.77667056696036,-38.984241279069046,8.107846687804049,-0.224775,-0.310795,-0.006315,0.923495,0.806733,0.128055,0.576874,0.151381,0.898873,-0.411232,0.270859,1.132234,3.074626,11.41161905330408,12.344974391628078,-17.952266175397657,0.080941,0.121101,-0.164909,0.975494,0.916279,-0.302132,-0.262962,0.34134,0.932507,0.117973,F,BuildTutorial
30.348,0.032215,1.525954,2.747477,42.98063455813884,14.502075207673837,12.051751797865007,-0.373735,-0.078643,-0.050915,-0.922792,0.982446,0.152751,-0.107085,-0.035184,0.71546,0.697768,-0.224309,1.215662,2.914425,-24.73400487972783,-38.698004532466456,7.932425668785943,-0.223977,-0.308881,-0.007043,0.924325,0.809086,0.125344,0.574168,0.151385,0.899569,-0.409704,0.271339,1.124437,3.0636,11.553147056331628,13.488404513942822,-18.069583627372214,0.080365,0.131087,-0.166829,0.973923,0.909969,-0.303888,-0.282151,0.346027,0.931419,0.112801,F,BuildTutorial
30.381,0.032828,1.525936,2.74717,43.06625398994648,14.75440284164474,12.01303221760286,-0.374501,-0.080694,-0.049663,-0.922373,0.982044,0.152055,-0.111662,-0.031175,0.714565,0.698874,-0.223316,1.215469,2.915695,-24.6048048872543,-38.405370983653455,8.025784607468228,-0.223212,-0.306489,-0.00534,0.925318,0.812072,0.126941,0.569583,0.146707,0.900296,-0.40981,0.270909,1.117295,3.053894,11.596761863650933,14.067680629325244,-16.421583251219143,0.081841,0.1349,-0.15326,0.975508,0.916627,-0.276932,-0.288277,0.321093,0.939627,0.118323,F,BuildTutorial
30.415,0.033446,1.526081,2.747148,42.958487864524656,14.928950117961032,11.960333962160243,-0.37368,-0.082406,-0.048817,-0.922599,0.981652,0.151664,-0.115571,-0.02849,0.71596,0.69756,-0.22208,1.215363,2.91674,-24.626842204978026,-38.12482501329848,7.889224180281145,-0.223038,-0.304463,-0.005961,0.926025,0.814534,0.124772,0.566539,0.146854,0.900437,-0.409447,0.269586,1.111638,3.045889,11.0512048237113,13.631913850806995,-14.21324640816096,0.080261,0.12905,-0.133611,0.979312,0.930988,-0.240978,-0.274208,0.282409,0.951413,0.122717,F,BuildTutorial
30.448,0.034098,1.526094,2.747092,42.92011376421247,15.117733096747177,11.934897916104855,-0.373436,-0.084057,-0.04805,-0.92259,0.981251,0.15144,-0.119213,-0.025881,0.716474,0.697134,-0.220787,1.215373,2.917897,-24.66058885456675,-37.809898200140005,7.748283976474376,-0.222952,-0.302152,-0.006585,0.926797,0.817321,0.122525,0.563004,0.146937,0.900498,-0.409284,0.270734,1.108481,3.040767,10.426321179440198,14.545030167480633,-14.354213450330104,0.073674,0.136338,-0.134831,0.978675,0.926465,-0.243823,-0.286728,0.284001,0.952785,0.107441,F,BuildTutorial
30.481,0.034795,1.525928,2.746813,43.00370428020917,15.31271365203201,11.931915708013236,-0.37418,-0.085531,-0.047273,-0.922192,0.980899,0.151198,-0.122375,-0.023181,0.715509,0.698219,-0.219497,1.215512,2.919188,-24.594163748794585,-37.3273564373224,7.691784491248561,-0.222298,-0.298432,-0.005915,0.928163,0.821807,0.121702,0.556617,0.143662,0.901097,-0.409128,0.271974,1.105639,3.037694,10.17106464194046,15.332380678312823,-13.790296564213364,0.071263,0.142462,-0.130251,0.978602,0.925478,-0.234623,-0.297392,0.275232,0.955913,0.102364,F,BuildTutorial
30.514,0.035516,1.525773,2.746622,43.09774020172723,15.449007936647169,11.853365122142408,-0.374925,-0.086766,-0.046063,-0.921836,0.9807,0.149987,-0.125428,-0.019864,0.714619,0.699232,-0.218016,1.215512,2.919985,-24.54564304800724,-36.99299268131746,7.561745581542658,-0.221589,-0.296029,-0.006184,0.9291,0.824658,0.119703,0.552821,0.142683,0.90172,-0.408095,0.27155,1.105982,3.038532,9.127961507194652,14.431603134029311,-12.393037271886335,0.064966,0.132998,-0.116681,0.982078,0.937394,-0.211899,-0.27639,0.246461,0.96433,0.096567,F,BuildTutorial
30.548,0.03624,1.525612,2.746358,43.24447227267728,15.559817336361329,11.635223576650803,-0.375969,-0.088188,-0.043738,-0.921389,0.98062,0.146911,-0.129623,-0.014287,0.713469,0.700541,-0.216169,1.215493,2.920768,-24.548295672641796,-36.48011160577782,7.332728844030075,-0.221052,-0.292307,-0.007059,0.930399,0.829014,0.116095,0.547045,0.142365,0.902172,-0.407207,0.271563,1.109365,3.042267,7.536000852539094,13.3632843827907,-12.564315095042566,0.052174,0.122546,-0.116047,0.984273,0.943031,-0.215656,-0.253348,0.241232,0.967622,0.074266,F,BuildTutorial
30.581,0.037078,1.525543,2.746013,43.38030479138272,15.72831299074358,11.51959195432979,-0.377022,-0.089753,-0.042062,-0.920885,0.980351,0.145146,-0.133587,-0.009791,0.71217,0.701939,-0.214581,1.215647,2.921882,-24.65683338500331,-35.78892292688568,7.113939260323123,-0.221418,-0.286995,-0.007801,0.931959,0.835146,0.112551,0.53839,0.141632,0.901826,-0.408227,0.274167,1.114901,3.047765,6.276840677995333,13.869715725191051,-12.207279461478205,0.041221,0.125655,-0.111964,0.984874,0.94335,-0.210181,-0.256739,0.230899,0.97153,0.053057,F,BuildTutorial
30.614,0.038069,1.525688,2.745769,43.36530590180036,15.87585573741944,11.453130597735749,-0.376904,-0.091176,-0.041064,-0.920839,0.980001,0.144356,-0.136963,-0.006897,0.712515,0.701623,-0.213243,1.215691,2.922572,-24.656685834683348,-35.360102108750915,6.854542559673028,-0.220802,-0.284006,-0.009084,0.933008,0.838516,0.108467,0.533972,0.14237,0.902328,-0.406861,0.277103,1.120819,3.055201,4.934148137357827,14.185143311281667,-11.483678987326224,0.03016,0.127013,-0.104477,0.985922,0.945904,-0.198352,-0.256752,0.213674,0.97635,0.03293,F,BuildTutorial
30.648,0.038954,1.525763,2.745314,43.36540892489834,16.073586316980744,11.39009907825662,-0.376924,-0.092972,-0.039907,-0.920702,0.979527,0.143572,-0.141114,-0.003399,0.712672,0.70149,-0.212335,1.215699,2.92255,-24.630844470190866,-35.27233454184888,6.873023642473694,-0.220646,-0.283283,-0.008695,0.933269,0.83935,0.108781,0.532596,0.141241,0.902479,-0.406918,0.27916,1.12658,3.065343,3.8241793452576474,13.610552698510377,-11.40832412117055,0.021196,0.121136,-0.102571,0.987095,0.949611,-0.19736,-0.243493,0.20763,0.97806,0.016995,F,BuildTutorial
30.681,0.039806,1.525716,2.744877,43.42688983785768,16.3103740707016,11.429047939177696,-0.377526,-0.094669,-0.039351,-0.920306,0.978979,0.143911,-0.144536,-0.000951,0.711852,0.702329,-0.211854,1.215842,2.922599,-24.693940991529356,-35.21663850869145,6.858523709945078,-0.221124,-0.282791,-0.008875,0.933303,0.839901,0.108497,0.531784,0.14163,0.902051,-0.407731,0.281239,1.129768,3.076355,3.997718510678552,12.98926273106676,-12.601948735558343,0.02204,0.116162,-0.112902,0.986547,0.947519,-0.217645,-0.234175,0.227886,0.973535,0.017257,F,BuildTutorial
30.715,0.040583,1.525702,2.744484,43.41789293123543,16.5131794470712,11.583214164868409,-0.377653,-0.095801,-0.039934,-0.920112,0.978455,0.145846,-0.146134,-0.001128,0.711568,0.702617,-0.211815,1.215676,2.922504,-24.680703785310996,-35.30608835687852,6.907405354684583,-0.221131,-0.283439,-0.008614,0.933107,0.839176,0.109278,0.532768,0.141431,0.902054,-0.407795,0.28241,1.130902,3.088208,4.7462949342529255,12.290661876333958,-12.77033393000411,0.029019,0.110874,-0.114883,0.986746,0.949018,-0.220286,-0.225476,0.233155,0.97192,0.031793,F,BuildTutorial
30.748,0.041214,1.525696,2.744192,43.35531759870217,16.58157128636393,11.641173111875624,-0.377229,-0.096239,-0.040267,-0.920226,0.978233,0.146718,-0.146744,-0.001501,0.712154,0.702021,-0.212305,1.215428,2.922455,-24.568398211130397,-35.55301508133925,7.070529294609303,-0.220612,-0.285254,-0.007459,0.932687,0.837149,0.111947,0.535396,0.139775,0.902549,-0.407269,0.283476,1.13148,3.099646,5.357168453394031,12.08793801486154,-12.821700045695598,0.034439,0.109708,-0.115805,0.986594,0.949107,-0.220948,-0.224451,0.236061,0.970807,0.042546,F,BuildTutorial
30.781,0.041683,1.525691,2.743932,43.34035796753609,16.52805667534767,11.638517479326056,-0.377089,-0.095837,-0.040444,-0.920317,0.978359,0.14672,-0.1459,-0.002164,0.712337,0.701834,-0.21248,1.215102,2.922037,-24.413147727675323,-35.76453702858825,7.074655305926921,-0.219356,-0.287133,-0.00741,0.932407,0.834999,0.11215,0.538701,0.139787,0.903656,-0.404802,0.282015,1.130945,3.110239,5.9372128653385685,10.71313968763098,-12.067886291567014,0.041477,0.098132,-0.109326,0.98828,0.956836,-0.207949,-0.203033,0.22423,0.972655,0.060526,F,BuildTutorial
30.814,0.042146,1.52573,2.743669,43.35469130754778,16.41060685594594,11.638351453730689,-0.377161,-0.094876,-0.040808,-0.920371,0.978667,0.146684,-0.143859,-0.003551,0.712169,0.701999,-0.212534,1.21503,2.92138,-24.43571940810445,-35.80940244631105,7.126822115738666,-0.219666,-0.287374,-0.007133,0.932262,0.834731,0.112954,0.538949,0.139552,0.903392,-0.405474,0.279436,1.128657,3.119005,7.4513470097945715,9.069118701205698,-13.422867244342926,0.055112,0.085923,-0.121359,0.987346,0.955778,-0.230176,-0.183049,0.249118,0.964469,0.087975,F,BuildTutorial
30.847,0.042372,1.525789,2.743627,43.31604034935423,16.218842853072662,11.606290370792808,-0.376759,-0.09349,-0.041238,-0.920658,0.979118,0.146379,-0.14107,-0.005487,0.712704,0.701443,-0.212469,1.215078,2.92023,-24.538085730272616,-35.89269387842297,7.090219250594452,-0.220394,-0.288012,-0.00787,0.931887,0.833975,0.112283,0.540258,0.141621,0.902729,-0.406231,0.278179,1.125656,3.126199,9.020481976666533,8.515714100567852,-15.178579781204611,0.067958,0.083724,-0.137086,0.984672,0.948396,-0.25859,-0.183514,0.281348,0.953179,0.110878,F,BuildTutorial
30.881,0.042477,1.525915,2.743597,43.284908203559134,15.948550827406178,11.553103599224896,-0.376371,-0.091532,-0.041744,-0.920991,0.979759,0.145792,-0.137177,-0.007993,0.713205,0.70091,-0.213143,1.215095,2.918965,-24.550665124956343,-36.18831015435566,7.095653065613698,-0.220488,-0.290391,-0.008429,0.931121,0.831204,0.112359,0.544496,0.143753,0.902628,-0.405707,0.276223,1.123557,3.131795,9.548913507918812,7.881648154419519,-14.93879298029868,0.073429,0.078701,-0.134911,0.984994,0.951211,-0.254214,-0.174852,0.27733,0.952815,0.123418,F,BuildTutorial
30.914,0.04253,1.52602,2.743775,43.25930730447029,15.658240616154565,11.53460491209238,-0.376046,-0.089291,-0.042585,-0.921305,0.980427,0.145622,-0.132501,-0.011312,0.713552,0.700512,-0.214199,1.214897,2.918023,-24.475506165907536,-36.40154231602303,7.063059735768031,-0.219784,-0.292267,-0.008896,0.930697,0.829002,0.111912,0.547934,0.14503,0.903232,-0.403904,0.275927,1.123255,3.135976,9.422475311237749,8.367892097701487,-14.74428980322688,0.071908,0.082622,-0.133482,0.98498,0.950712,-0.251073,-0.181958,0.274837,0.954024,0.119598,F,BuildTutorial
30.948,0.042463,1.526062,2.744239,43.223931370084,15.334047465468744,11.480875900246152,-0.375602,-0.086904,-0.043266,-0.921683,0.981151,0.145037,-0.127695,-0.014472,0.714102,0.699892,-0.215154,1.214489,2.916756,-24.39455993986688,-36.674488657313056,7.076727802151464,-0.219146,-0.294544,-0.009083,0.930127,0.826323,0.1122,0.551907,0.145992,0.903786,-0.402316,0.27365,1.123951,3.13865,8.740970708894721,7.595736995149005,-13.95482432950664,0.067452,0.074792,-0.125869,0.986921,0.957126,-0.238356,-0.164608,0.258535,0.959215,0.114311,F,BuildTutorial
30.981,0.042432,1.526128,2.744671,43.20342531693662,14.974596783836391,11.442839148342449,-0.375273,-0.084162,-0.044166,-0.922028,0.981932,0.144613,-0.122051,-0.018278,0.714439,0.699459,-0.216537,1.214053,2.915217,-24.3466959259896,-37.13902881512969,6.977725508493814,-0.218465,-0.298553,-0.010639,0.928992,0.821506,0.11068,0.559354,0.150214,0.90432,-0.399552,0.271606,1.125293,3.13965,8.243418870096036,7.164005293399359,-14.290067955176164,0.063427,0.070754,-0.128273,0.987176,0.95708,-0.244282,-0.155965,0.262233,0.959046,0.107077,F,BuildTutorial
31.014,0.042467,1.526139,2.745165,43.1945489133056,14.65260210829724,11.43447670214171,-0.375071,-0.081609,-0.045165,-0.922292,0.9826,0.14453,-0.116654,-0.022093,0.714563,0.699222,-0.217727,1.213494,2.91394,-24.276068233336908,-37.49772967716053,6.873402162583801,-0.217589,-0.301734,-0.011967,0.928153,0.817627,0.109093,0.565319,0.153523,0.905024,-0.39669,0.271785,1.127755,3.139345,7.625890223634575,7.815582765923389,-14.387772029804122,0.057307,0.075773,-0.129156,0.987063,0.955155,-0.246285,-0.164387,0.263654,0.96007,0.093557,F,BuildTutorial
31.048,0.042473,1.526082,2.745595,43.23576816861372,14.408189333280005,11.399683242185292,-0.375278,-0.079706,-0.04563,-0.922351,0.98313,0.143997,-0.112785,-0.02435,0.714168,0.699551,-0.219022,1.212889,2.912967,-24.137375888618724,-37.801863112159175,6.887411823427722,-0.216481,-0.304319,-0.012034,0.927567,0.81449,0.109435,0.569763,0.154083,0.905982,-0.394278,0.270823,1.131818,3.138814,6.127014450731174,7.510839646893524,-14.482086596965376,0.044659,0.071604,-0.129066,0.988039,0.95643,-0.24865,-0.153023,0.261441,0.962695,0.069766,F,BuildTutorial
31.081,0.042542,1.525969,2.746149,43.274975714824535,14.240002270183782,11.380539424727836,-0.37551,-0.078368,-0.045975,-0.922354,0.983489,0.143666,-0.110039,-0.025954,0.713757,0.699912,-0.220288,1.212329,2.912309,-24.04283126591137,-38.1846540569876,6.78797442229182,-0.215415,-0.307705,-0.013288,0.926681,0.810282,0.10794,0.576014,0.157196,0.90684,-0.391063,0.270145,1.13817,3.136581,3.754901070189268,7.338575616081231,-15.237136408755234,0.023926,0.067733,-0.134313,0.988332,0.954745,-0.26225,-0.140312,0.268733,0.962775,0.0291,F,BuildTutorial
31.115,0.042776,1.525938,2.746868,43.32804026132016,14.115474713871077,11.41053223989926,-0.375903,-0.077204,-0.046555,-0.922263,0.983744,0.143914,-0.107404,-0.027829,0.713059,0.700552,-0.220944,1.211742,2.911718,-23.915659155576144,-38.377561743523096,6.694894674259099,-0.214122,-0.309575,-0.014034,0.926347,0.807933,0.106573,0.579558,0.158574,0.90791,-0.388012,0.269942,1.144148,3.13175,2.168354674918803,7.499102808445837,-14.724126275064837,0.010347,0.067264,-0.129069,0.989298,0.957634,-0.253983,-0.135759,0.256767,0.966468,0.00311,F,BuildTutorial
31.148,0.043029,1.525771,2.747442,43.44877406952859,14.07520502363858,11.407754777059408,-0.376847,-0.076745,-0.046507,-0.921919,0.983894,0.143594,-0.106454,-0.027909,0.711647,0.701983,-0.221177,1.211424,2.911404,-23.837345684842457,-38.483946180565006,6.718031656940267,-0.213544,-0.310475,-0.013818,0.926182,0.806828,0.107004,0.581015,0.158196,0.908416,-0.38698,0.269364,1.148814,3.124512,1.3584312995045866,7.496252018502931,-13.871525406292353,0.003849,0.066316,-0.121259,0.990396,0.961797,-0.239677,-0.132291,0.240698,0.970563,-0.008459,F,BuildTutorial
31.18,0.04317,1.525575,2.748167,43.56772564408207,14.139127812419382,11.441734522519702,-0.377843,-0.077005,-0.046414,-0.921494,0.983832,0.143733,-0.106845,-0.027349,0.710161,0.703508,-0.22129,1.211674,2.910994,-23.989125117017476,-38.67800610479396,6.772907137211459,-0.214885,-0.311778,-0.01418,0.925429,0.805187,0.107747,0.58315,0.160238,0.907247,-0.38888,0.268679,1.153529,3.115166,0.0214342765884977,7.486144930814638,-12.919233884169312,-0.007159,0.064889,-0.112275,0.99153,0.966368,-0.223577,-0.127071,0.221719,0.974686,-0.028767,F,BuildTutorial
31.214,0.043357,1.525303,2.749034,43.651387581121305,14.256361740216663,11.551966333818534,-0.378631,-0.077483,-0.046803,-0.921111,0.983612,0.144897,-0.107299,-0.027547,0.708896,0.704775,-0.221409,1.212015,2.911236,-24.196523837596736,-38.75849745883942,6.771331627009074,-0.21653,-0.312207,-0.014951,0.924888,0.804607,0.107548,0.583988,0.16286,0.905783,-0.391196,0.266618,1.155743,3.103238,-0.7365323724548681,6.8092594750298145,-12.3780517723205,-0.012781,0.058348,-0.107237,0.992438,0.970192,-0.214343,-0.113073,0.21136,0.976674,-0.037883,F,BuildTutorial
31.247,0.043446,1.525084,2.749963,43.74382044575132,14.427688600044196,11.722196643900002,-0.379552,-0.078184,-0.047481,-0.920637,0.983266,0.146774,-0.107915,-0.028075,0.707371,0.706285,-0.220921,1.211745,2.91132,-24.148592937946127,-38.83206417959363,6.8347018456619235,-0.21631,-0.312733,-0.014438,0.92477,0.80398,0.108591,0.584658,0.161998,0.906003,-0.391044,0.263666,1.154196,3.0886,-0.6220667991085633,5.9509078075436115,-11.651528892080334,-0.010662,0.051089,-0.101085,0.993508,0.974343,-0.201947,-0.099359,0.199769,0.979336,-0.031514,F,BuildTutorial
31.281,0.043356,1.524889,2.750922,43.81492601042233,14.637549607159857,11.888631032474663,-0.380319,-0.07923,-0.048026,-0.920203,0.982832,0.148653,-0.109286,-0.028122,0.706101,0.707552,-0.220825,1.211175,2.911829,-23.99454839429423,-39.00301478492554,7.108467135532154,-0.215807,-0.313765,-0.012098,0.924572,0.80281,0.113055,0.585419,0.157796,0.906562,-0.391465,0.261263,1.149812,3.071806,-0.5121224132938069,5.833281916962981,-10.90728940938924,-0.009279,0.050228,-0.09469,0.994196,0.977022,-0.189212,-0.098116,0.187348,0.981896,-0.027962,F,BuildTutorial
31.314,0.04327,1.524694,2.752074,43.83009546024394,14.80256936279076,12.025083883909058,-0.380604,-0.080083,-0.048553,-0.919984,0.982459,0.150295,-0.110391,-0.028376,0.705566,0.708076,-0.220765,1.210476,2.912558,-23.918473386190907,-39.17644623357552,7.179170625203131,-0.215375,-0.315115,-0.011629,0.924219,0.801135,0.114241,0.587479,0.157231,0.906957,-0.390779,0.256786,1.141561,3.054461,0.1482356342621907,4.738754821599602,-10.65612263788345,-0.002552,0.041283,-0.092832,0.994822,0.979356,-0.184913,-0.081664,0.184491,0.982752,-0.012742,F,BuildTutorial
31.347,0.043221,1.52449,2.753204,43.8133752511521,14.912464725548348,12.13207428961069,-0.380593,-0.080631,-0.04907,-0.919913,0.982182,0.151655,-0.110996,-0.028905,0.705482,0.708138,-0.220318,1.209457,2.913369,-23.819314154113233,-39.23819805638453,7.220310968210068,-0.21469,-0.315646,-0.011119,0.924204,0.800488,0.11498,0.588217,0.156085,0.907569,-0.389816,0.252283,1.13117,3.037013,1.2790686915460208,3.680717332307018,-10.586170077216703,0.008146,0.033005,-0.092554,0.995127,0.980689,-0.183669,-0.067196,0.184745,0.982735,0.010103,F,BuildTutorial
31.381,0.043227,1.524084,2.754244,43.92111908447705,14.977921145748876,12.195912747487547,-0.381521,-0.080807,-0.049215,-0.919505,0.982096,0.152167,-0.111053,-0.028847,0.704039,0.709575,-0.218909,1.20781,2.914374,-23.46158365608633,-39.04570121648753,7.206599528538922,-0.21181,-0.314513,-0.009812,0.925269,0.801971,0.115076,0.586175,0.151392,0.910081,-0.38579,0.248459,1.119648,3.020964,2.0400697382399273,3.229675086407892,-10.121997178037304,0.01524,0.029636,-0.088667,0.995504,0.98252,-0.175633,-0.061708,0.17744,0.983812,0.025087,F,BuildTutorial
31.415,0.043435,1.523533,2.755087,44.08416555741039,15.005800695854033,12.289466008838607,-0.382892,-0.08051,-0.049645,-0.918938,0.982107,0.152895,-0.109951,-0.029588,0.701858,0.711702,-0.217253,1.20639,2.915655,-23.189071909206096,-38.72983879618819,7.093542787394235,-0.209345,-0.312465,-0.009343,0.926527,0.804557,0.113513,0.582926,0.148139,0.912175,-0.38209,0.244788,1.106257,3.006904,3.544938478877447,2.565585115868893,-9.562613475123747,0.02895,0.024876,-0.083982,0.995736,0.984656,-0.165808,-0.054403,0.168688,0.984218,0.053474,F,BuildTutorial
31.447,0.043813,1.52284,2.7557,44.31446265044239,15.091001435657818,12.375213665246036,-0.384814,-0.080609,-0.049724,-0.918122,0.982059,0.153345,-0.109748,-0.029267,0.698891,0.71463,-0.215147,1.205316,2.916894,-23.048235294048347,-38.21828581118476,6.725427026284878,-0.207262,-0.309144,-0.010982,0.92809,0.808618,0.107763,0.57838,0.148533,0.913844,-0.377925,0.241397,1.094671,2.99415,4.217046854589882,2.367005768419513,-7.509054264016178,0.035354,0.023005,-0.066182,0.996916,0.990182,-0.130328,-0.050548,0.133582,0.98874,0.067445,F,BuildTutorial
31.48,0.044368,1.522207,2.755991,44.601438810699534,15.188720997500877,12.33222905535504,-0.387097,-0.081165,-0.048646,-0.917171,0.982092,0.15207,-0.111224,-0.026395,0.695579,0.717964,-0.212903,1.204988,2.918151,-23.02876843098192,-37.64394322106707,6.611848014949552,-0.206856,-0.304714,-0.010809,0.929647,0.814065,0.105967,0.571024,0.14616,0.914188,-0.378018,0.239892,1.084147,2.984169,5.512645066543707,3.243974166355391,-7.609791939265421,0.046087,0.0314,-0.067614,0.996152,0.988885,-0.131812,-0.068791,0.137601,0.986609,0.087572,F,BuildTutorial
31.514,0.045009,1.521648,2.756269,44.8264877016631,15.300247116795566,12.253661448558663,-0.388867,-0.082032,-0.047321,-0.916414,0.982063,0.150531,-0.113547,-0.022932,0.693086,0.72049,-0.210367,1.205118,2.919309,-23.10033367053906,-37.035579547673855,6.428294641354372,-0.207007,-0.300033,-0.011403,0.931127,0.8197,0.102983,0.563459,0.145453,0.914036,-0.378657,0.238057,1.074759,2.976053,7.147627681084228,2.974906261483484,-10.023072756763831,0.059812,0.031252,-0.088769,0.993764,0.982287,-0.172692,-0.072732,0.180169,0.977085,0.11333,F,BuildTutorial
31.547,0.045759,1.521225,2.756412,44.97400618272108,15.460390575524189,12.245732121119437,-0.390092,-0.083148,-0.046503,-0.915834,0.981848,0.150048,-0.116018,-0.020307,0.691332,0.722252,-0.208765,1.205614,2.920773,-23.207559988211734,-36.57144381024645,6.345393621982857,-0.207703,-0.296302,-0.011536,0.932165,0.824144,0.101579,0.557197,0.144593,0.913453,-0.380391,0.235951,1.070029,2.969801,6.871986808672206,2.6249840083184015,-9.68384844506248,0.057774,0.02784,-0.085601,0.994263,0.983795,-0.167003,-0.065251,0.173437,0.978669,0.110119,F,BuildTutorial
31.58,0.046548,1.521007,2.756672,45.06947134994965,15.600599125945129,12.182752686339676,-0.390856,-0.084359,-0.045385,-0.915454,0.981648,0.14904,-0.118975,-0.017152,0.690344,0.723278,-0.206902,1.205966,2.921807,-23.24860376839246,-36.262693368814894,6.26077744753947,-0.207848,-0.293902,-0.011778,0.932889,0.826966,0.100198,0.553251,0.144149,0.913321,-0.380874,0.23552,1.067241,2.965581,6.794278105770394,3.2859150000876705,-8.144953792347655,0.05705,0.032755,-0.072559,0.995192,0.987325,-0.140684,-0.073475,0.148158,0.982961,0.108798,F,BuildTutorial
31.614,0.047345,1.520785,2.756668,45.17804798638026,15.780633930458976,12.03958023732717,-0.391676,-0.086145,-0.04347,-0.91503,0.981379,0.147034,-0.123598,-0.012071,0.6894,0.72428,-0.205549,1.206339,2.922694,-23.29592042514845,-35.9779164304195,6.318036482074344,-0.208405,-0.291432,-0.010924,0.93355,0.829897,0.101076,0.548685,0.141867,0.912896,-0.382746,0.234822,1.064307,2.962516,7.644339337771563,3.740239217559093,-8.377888138573125,0.064068,0.037341,-0.075014,0.994421,0.985957,-0.144407,-0.083878,0.153977,0.980536,0.12182,F,BuildTutorial
31.647,0.048246,1.520473,2.756429,45.335376691216936,16.06028611423283,12.02026907626643,-0.393006,-0.088239,-0.042129,-0.914322,0.980878,0.146395,-0.128245,-0.007681,0.687543,0.726103,-0.203959,1.20615,2.92338,-23.305870503120424,-35.69637004622837,6.2012512027706785,-0.208217,-0.28934,-0.011391,0.934237,0.832305,0.099208,0.545368,0.141774,0.913032,-0.382457,0.233228,1.064006,2.960384,7.388460593025504,3.359455248507172,-8.76026277553687,0.061982,0.034085,-0.078065,0.994436,0.985488,-0.151036,-0.077469,0.159487,0.980128,0.117953,F,BuildTutorial
31.681,0.049082,1.520308,2.755879,45.45163922647136,16.38821713188208,12.034449194729945,-0.394052,-0.090654,-0.040944,-0.91369,0.980211,0.146265,-0.133391,-0.003375,0.686094,0.727505,-0.202257,1.205451,2.924139,-23.11517824164201,-35.38348475442328,6.052335265303079,-0.206329,-0.287242,-0.011526,0.935301,0.834719,0.096972,0.542071,0.140093,0.914591,-0.379337,0.231478,1.065919,2.958631,6.571037152532623,3.0199921172242132,-7.856205470567712,0.055355,0.030171,-0.069875,0.995562,0.988414,-0.13579,-0.06781,0.142471,0.984107,0.106002,F,BuildTutorial
31.714,0.049647,1.520275,2.7557,45.473941876751326,16.637929786927256,11.96801355575898,-0.394262,-0.092844,-0.039522,-0.913442,0.979636,0.145412,-0.138451,0.001007,0.685992,0.727609,-0.200822,1.205098,2.925053,-23.00559971087091,-34.9151558092903,6.007964472776707,-0.205375,-0.283601,-0.010755,0.93663,0.83891,0.096342,0.535676,0.136637,0.915411,-0.378621,0.230507,1.067485,2.957312,6.3506317768204825,3.0053124420178583,-7.635927574869839,0.053506,0.029812,-0.067911,0.99581,0.988999,-0.132062,-0.066642,0.138442,0.985051,0.102515,F,BuildTutorial
31.747,0.05016,1.520239,2.755367,45.462946541829666,16.86288468126471,11.90945877156032,-0.394204,-0.094853,-0.038298,-0.913313,0.979072,0.144739,-0.143067,0.004827,0.686274,0.727328,-0.19971,1.205261,2.925845,-23.128898730207155,-34.48287467651628,5.867520146108417,-0.206073,-0.280202,-0.011452,0.937491,0.842712,0.094012,0.530093,0.136956,0.914805,-0.379966,0.229302,1.068717,2.956287,6.444265040164694,2.691177384985589,-8.294361946367301,0.054349,0.027448,-0.073501,0.995435,0.987689,-0.143347,-0.062635,0.149314,0.983288,0.104167,F,BuildTutorial
31.781,0.050494,1.520204,2.754991,45.45977826283138,17.10503774688314,11.919029391658311,-0.394267,-0.096754,-0.037546,-0.913117,0.978458,0.144862,-0.147089,0.007726,0.686287,0.72729,-0.199053,1.205442,2.926072,-23.286340012245603,-34.40067152479201,5.889663448445993,-0.207415,-0.279342,-0.011534,0.937451,0.84367,0.094254,0.528523,0.137505,0.913692,-0.382438,0.227867,1.070076,2.955661,6.2701797725213515,2.2910200766997044,-8.512993927832797,0.053047,0.023965,-0.075186,0.995469,0.987545,-0.147149,-0.05569,0.152234,0.983066,0.10201,F,BuildTutorial
31.814,0.050734,1.520194,2.754461,45.44289665734068,17.31517073997933,11.948885988474526,-0.394228,-0.098348,-0.037087,-0.912982,0.977904,0.145262,-0.150339,0.009824,0.686417,0.727142,-0.198956,1.205303,2.926222,-23.255037238006743,-34.44393774449601,6.049007878841106,-0.207545,-0.279437,-0.010227,0.937409,0.843621,0.096817,0.528139,0.135165,0.913641,-0.383393,0.227015,1.073451,2.954838,4.859324207594869,2.324340639429007,-6.919735767532153,0.041084,0.022785,-0.061141,0.997023,0.991485,-0.120046,-0.050458,0.12379,0.989148,0.079136,F,BuildTutorial
31.847,0.050882,1.520159,2.753884,45.420384980651335,17.425771839355587,11.956217578027667,-0.394093,-0.099234,-0.0368,-0.912956,0.977597,0.145409,-0.152188,0.011022,0.686673,0.726883,-0.199228,1.204871,2.926553,-23.002936848708472,-34.48284297719634,6.048676976511405,-0.205492,-0.279995,-0.00964,0.937701,0.843019,0.096995,0.529066,0.133152,0.91536,-0.379982,0.226208,1.075078,2.954401,4.8803309943558135,2.2504725549084954,-5.7930688522946365,0.041522,0.021746,-0.051312,0.997582,0.993788,-0.10057,-0.047648,0.104181,0.991286,0.080612,F,BuildTutorial
31.881,0.050979,1.520158,2.753153,45.42304218708037,17.516517947446296,11.911561082150966,-0.394104,-0.100107,-0.036128,-0.912883,0.977347,0.144866,-0.154296,0.012944,0.686754,0.726775,-0.199271,1.204416,2.926647,-22.858574359949493,-34.44973630595995,6.201860810092379,-0.204695,-0.279587,-0.007949,0.938013,0.843536,0.099548,0.527766,0.129372,0.916074,-0.379568,0.226211,1.07549,2.954054,5.468487459604604,2.3710661054126465,-6.351907093725899,0.046475,0.023277,-0.056313,0.997059,0.992574,-0.110131,-0.051651,0.114458,0.989338,0.090056,F,BuildTutorial
31.914,0.051109,1.520214,2.752386,45.40442652526654,17.63467299736981,11.860985504751309,-0.39395,-0.101247,-0.035348,-0.912854,0.976999,0.144308,-0.156997,0.015237,0.687108,0.726396,-0.198705,1.204121,2.926464,-22.931791698607658,-34.289993361860695,6.064165455137589,-0.204967,-0.278456,-0.008982,0.938281,0.844763,0.097293,0.526222,0.131004,0.915816,-0.37963,0.225911,1.07627,2.95372,5.731985003502591,2.4214284784175115,-6.57759417313555,0.048696,0.023936,-0.058339,0.996821,0.992047,-0.113977,-0.053401,0.118639,0.98845,0.09429,F,BuildTutorial
31.947,0.051249,1.520407,2.751696,45.32634104126336,17.791460032488153,11.860548184570035,-0.393384,-0.102602,-0.034929,-0.912963,0.976506,0.144501,-0.159862,0.016946,0.688058,0.725458,-0.198677,1.204259,2.927035,-23.005462872545714,-34.07160823360064,5.930755215836477,-0.205261,-0.276837,-0.009875,0.938686,0.846528,0.095109,0.523779,0.132187,0.915541,-0.379885,0.225432,1.077907,2.952713,5.344798824359165,2.336336477053691,-5.666298937785602,0.045552,0.022644,-0.050313,0.997437,0.993912,-0.098306,-0.049756,0.102432,0.990787,0.088592,F,BuildTutorial
31.981,0.051457,1.52066,2.751076,45.2127377042618,17.938643380294554,11.879554268306368,-0.392553,-0.103862,-0.034756,-0.913185,0.97601,0.145019,-0.162403,0.018066,0.689388,0.724167,-0.198478,1.204428,2.927431,-22.96628587041309,-33.97064975604716,5.9969047506455455,-0.20511,-0.275928,-0.009051,0.938995,0.847563,0.096195,0.521903,0.130188,0.915696,-0.3802,0.224045,1.07966,2.951704,4.866665871138898,1.6947587468913985,-4.489147087995947,0.041841,0.016427,-0.039753,0.998198,0.9963,-0.077988,-0.036121,0.080737,0.993338,0.082224,F,BuildTutorial
32.014,0.051704,1.520823,2.750369,45.10949426796515,18.13579720232281,11.936350293074849,-0.391853,-0.105378,-0.034699,-0.913314,0.975383,0.145967,-0.165292,0.019203,0.690495,0.723082,-0.198324,1.204686,2.92751,-22.987755019262927,-33.987464006530274,6.097658920182503,-0.205526,-0.275865,-0.008311,0.938929,0.847659,0.097789,0.521451,0.129001,0.91538,-0.381364,0.223328,1.081011,2.950641,4.934925534361565,1.465610303333628,-4.346701070764981,0.042533,0.014401,-0.038435,0.998252,0.996631,-0.075511,-0.032022,0.077961,0.993427,0.083811,F,BuildTutorial
32.047,0.051989,1.520947,2.74963,45.02920621911296,18.31760735750377,11.95827303674796,-0.391297,-0.106861,-0.034382,-0.913392,0.974797,0.146436,-0.168305,0.020821,0.691409,0.722163,-0.197949,1.205024,2.927547,-23.06687096712974,-34.0017291880607,6.100603446887364,-0.206176,-0.275902,-0.008517,0.938774,0.847611,0.097778,0.521532,0.12976,0.914838,-0.382406,0.22404,1.082917,2.949616,4.941293400805788,1.716459439689556,-4.637296824259363,0.042462,0.016696,-0.04106,0.998114,0.996071,-0.080547,-0.036816,0.083383,0.993022,0.083392,F,BuildTutorial
32.081,0.052345,1.521054,2.749091,44.91533770221784,18.467346430600298,11.9226192908762,-0.390413,-0.108331,-0.033772,-0.91362,0.974248,0.146298,-0.171577,0.022877,0.692875,0.720695,-0.197421,1.205294,2.927871,-23.084143352745293,-33.84613534602452,6.111036986228531,-0.206353,-0.274592,-0.008196,0.939122,0.849065,0.097931,0.519133,0.12872,0.914703,-0.38308,0.225092,1.086177,2.948598,4.215822543220825,1.9227782983923696,-4.467703665305247,0.036095,0.018188,-0.039563,0.998399,0.996208,-0.077686,-0.039173,0.080312,0.994264,0.070635,F,BuildTutorial
32.114,0.052834,1.521176,2.748524,44.8035611922689,18.635736370808804,11.859594785055927,-0.389523,-0.11004,-0.032879,-0.913828,0.973621,0.145817,-0.175501,0.025635,0.694382,0.71915,-0.196858,1.205514,2.928269,-23.147102410247907,-33.757315221866165,6.2282509844117415,-0.207152,-0.273593,-0.007237,0.939246,0.850189,0.099755,0.51694,0.126945,0.914072,-0.385173,0.226441,1.089594,2.947628,3.6215365150936383,1.8560766208829196,-4.457601294325315,0.030941,0.017405,-0.039377,0.998594,0.996293,-0.077566,-0.037197,0.07972,0.994984,0.060425,F,BuildTutorial
32.147,0.053579,1.521351,2.747833,44.76307012111592,18.976658534566266,11.825944559449894,-0.389268,-0.112928,-0.031519,-0.913633,0.972508,0.145512,-0.18181,0.030324,0.694954,0.718414,-0.195894,1.205651,2.928623,-23.26356198385804,-33.64567758142216,6.123520777485104,-0.207858,-0.272757,-0.008192,0.939325,0.851073,0.097999,0.51582,0.12878,0.913456,-0.386024,0.229402,1.094251,2.947261,2.526212674762822,2.3704712054654444,-4.515891879765043,0.021207,0.021532,-0.039836,0.998749,0.995899,-0.078659,-0.0447,0.080486,0.995927,0.040646,F,BuildTutorial
32.18,0.054473,1.52159,2.747169,44.7005504905708,19.338076595509495,11.779345489788028,-0.388827,-0.116053,-0.030025,-0.913479,0.97126,0.145104,-0.188675,0.035394,0.695824,0.717339,-0.195174,1.205653,2.929762,-23.176663412540304,-33.35301698027334,6.064216430307281,-0.20703,-0.270546,-0.007927,0.940149,0.853485,0.097117,0.511989,0.126927,0.914152,-0.384988,0.234822,1.101235,2.946788,0.2173995922686381,3.9917552597607697,-3.340781494677019,0.00088,0.034868,-0.029198,0.998965,0.995863,-0.058273,-0.069715,0.058396,0.998294,-0.000277,F,BuildTutorial
32.213,0.055384,1.521871,2.746722,44.53444657382049,19.652397193476588,11.69247694671213,-0.387513,-0.119081,-0.028549,-0.913695,0.97001,0.144462,-0.19548,0.04012,0.698037,0.714937,-0.193951,1.205701,2.930483,-23.066644366545788,-33.1492932017797,6.188481423982812,-0.206438,-0.268753,-0.006261,0.940806,0.855466,0.09918,0.508273,0.122743,0.914688,-0.385071,0.240558,1.10847,2.946306,-1.7469954646943755,4.996995221322961,-2.0192377340106153,-0.015996,0.043313,-0.016937,0.99879,0.995674,-0.035219,-0.085979,0.032447,0.998915,-0.03342,F,BuildTutorial
32.247,0.056433,1.522218,2.746313,44.38614478179419,20.06841314238589,11.640966871899186,-0.386394,-0.122776,-0.026988,-0.913727,0.968396,0.144198,-0.203511,0.045561,0.699943,0.712744,-0.192984,1.206307,2.931463,-23.215866900954342,-32.952022464545905,6.181957179114041,-0.207651,-0.267005,-0.006334,0.941037,0.857337,0.098967,0.505153,0.122808,0.913682,-0.387432,0.247711,1.118724,2.945697,-4.933065089299728,6.611505249764225,-1.9171595901549057,-0.043922,0.056884,-0.014205,0.997313,0.993125,-0.03333,-0.112214,0.023336,0.995738,-0.089224,F,BuildTutorial
32.28,0.057659,1.522583,2.745898,44.218291727432224,20.56547587789369,11.677495356118468,-0.38523,-0.126849,-0.025899,-0.913694,0.966477,0.14506,-0.211847,0.050403,0.701855,0.710535,-0.191523,1.206885,2.932434,-23.42637478363082,-32.663155249779436,6.088093509916145,-0.209168,-0.264606,-0.007106,0.941373,0.859866,0.097315,0.501159,0.124073,0.912397,-0.390048,0.256627,1.129666,2.944867,-8.096647334555248,8.769055617592175,-3.0858681014335647,-0.072419,0.074336,-0.021385,0.99437,0.988034,-0.053296,-0.144737,0.031762,0.988596,-0.147203,F,BuildTutorial
32.313,0.058993,1.522949,2.745415,44.05208241318168,21.083992172026708,11.66636214246832,-0.384026,-0.131253,-0.024366,-0.913621,0.964358,0.145332,-0.221118,0.056287,0.70386,0.708105,-0.19007,1.207148,2.933608,-23.461247464095827,-32.36017531376035,6.133710180342883,-0.209575,-0.262,-0.006264,0.942016,0.862633,0.098016,0.496243,0.121619,0.912078,-0.391565,0.266328,1.139566,2.94377,-10.58398635046405,11.034075950900306,-3.660587348492792,-0.094815,0.092751,-0.022793,0.990903,0.981756,-0.062759,-0.179492,0.027583,0.980981,-0.192132,F,BuildTutorial
32.347,0.060637,1.523459,2.744736,43.91439833656765,21.77568607800492,11.705287580172255,-0.383133,-0.136831,-0.022612,-0.913223,0.961532,0.146148,-0.232587,0.063549,0.705396,0.705959,-0.188368,1.207091,2.935005,-23.36101748222612,-32.05520778923997,6.170045544371007,-0.208854,-0.259519,-0.005162,0.94287,0.865246,0.098669,0.491542,0.118137,0.912707,-0.391164,0.2761,1.150221,2.942301,-13.909022381958144,13.374066275186102,-3.4145966056536605,-0.123648,0.111955,-0.01528,0.985872,0.974465,-0.057814,-0.216969,0.002442,0.968955,-0.247224,F,BuildTutorial
32.381,0.062632,1.524048,2.743889,43.72161887141488,22.70119387890107,11.728736821870925,-0.381823,-0.144403,-0.020072,-0.912665,0.95749,0.14691,-0.248256,0.073635,0.707617,0.702749,-0.186873,1.207361,2.936477,-23.290349702970182,-31.830717902369503,6.236482520529058,-0.208435,-0.257616,-0.004034,0.94349,0.867235,0.099781,0.487798,0.115004,0.913077,-0.391234,0.286529,1.160476,2.94017,-17.545699702049603,16.172718437823114,-2.9521283424366973,-0.154532,0.135084,-0.003758,0.978702,0.963477,-0.049106,-0.263251,-0.034392,0.952212,-0.303496,F,BuildTutorial
32.414,0.065108,1.525002,2.743155,43.31172237586291,23.870934043538455,11.73132215530223,-0.378806,-0.154308,-0.01701,-0.912363,0.951799,0.147944,-0.268683,0.085867,0.712434,0.696466,-0.184781,1.207827,2.937691,-23.398104491212248,-31.46991544097803,6.2941382673847945,-0.209457,-0.254439,-0.003162,0.944129,0.870502,0.100617,0.481771,0.112559,0.912235,-0.3939,0.297316,1.167835,2.937957,-20.004596359752583,19.013695045523846,-2.5737221344027628,-0.174912,0.158767,0.006867,0.971675,0.949492,-0.042195,-0.310942,-0.068887,0.938717,-0.337735,F,BuildTutorial
32.446,0.068186,1.526136,2.742212,42.753611639116855,25.478091152449075,11.987762912764715,-0.375026,-0.167093,-0.014908,-0.911709,0.943715,0.152512,-0.293499,0.098146,0.718266,0.688811,-0.182026,1.208167,2.938704,-23.586009003146945,-30.950364208968267,6.365645760766247,-0.211165,-0.24985,-0.002068,0.944976,0.875142,0.101611,0.473078,0.109428,0.91081,-0.398059,0.307794,1.172178,2.936294,-21.70317848994243,21.85760672256018,-2.10739673583213,-0.188244,0.182768,0.017954,0.964799,0.932547,-0.034165,-0.359429,-0.103455,0.928484,-0.356672,F,BuildTutorial
32.48,0.071594,1.527268,2.740891,42.2031314068658,27.344876373888475,12.405392562299465,-0.371599,-0.181433,-0.013344,-0.910395,0.933808,0.159138,-0.320434,0.110544,0.723473,0.681445,-0.180003,1.20845,2.94013,-23.70038059032963,-30.694176111739367,6.4393457756578885,-0.212266,-0.247494,-0.001257,0.945351,0.877491,0.102693,0.46847,0.107445,0.909883,-0.400709,0.317976,1.172958,2.935087,-22.81765915051369,24.56815905160066,-1.4310858342831607,-0.195869,0.206125,0.030121,0.958249,0.91321,-0.023019,-0.406838,-0.138475,0.921457,-0.362964,F,BuildTutorial
32.514,0.075112,1.528504,2.73922,41.58491063181682,29.253319147240425,12.818751895536252,-0.367686,-0.196255,-0.011899,-0.908928,0.922685,0.165951,-0.348013,0.122689,0.729332,0.67307,-0.177702,1.208326,2.941259,-23.699812004533815,-30.435012824440776,6.518526057108907,-0.212433,-0.245209,-0.000122,0.945909,0.879745,0.10395,0.463943,0.104412,0.909744,-0.401825,0.326996,1.169675,2.934349,-22.228374805292756,26.68892413069911,0.580846729605715,-0.18641,0.227424,0.04933,0.954514,0.89169,0.009383,-0.452549,-0.17896,0.925636,-0.333425,F,BuildTutorial
32.547,0.078775,1.52984,2.737671,40.88648558022029,31.23581968781019,13.305118245744586,-0.363343,-0.211597,-0.011144,-0.90724,0.910205,0.173985,-0.375841,0.133545,0.735716,0.663994,-0.174969,1.208066,2.942783,-23.55594193258679,-29.84339953692534,6.922299078489775,-0.212095,-0.23971,0.004643,0.947382,0.885035,0.110481,0.452225,0.092884,0.909989,-0.404095,0.335392,1.165267,2.933584,-20.835465815124163,28.461325537479233,0.2371500710979372,-0.174774,0.242136,0.046424,0.953241,0.87843,0.003868,-0.477856,-0.173144,0.934598,-0.310722,F,BuildTutorial
32.58,0.082659,1.531378,2.736022,40.11686846884326,33.21655889925069,13.693131508937858,-0.358333,-0.227394,-0.009975,-0.905423,0.896385,0.181029,-0.404626,0.144902,0.742995,0.653423,-0.172657,1.208131,2.944371,-23.54323663240271,-29.433980407430965,7.1738271314484985,-0.212491,-0.23587,0.007511,0.948239,0.888618,0.114485,0.44413,0.085996,0.909582,-0.406528,0.343148,1.160625,2.931732,-19.623947554601028,30.576417316676768,-1.1012213067155898,-0.166874,0.258226,0.035798,0.95089,0.864076,-0.018102,-0.503036,-0.154263,0.941743,-0.298869,F,BuildTutorial
32.613,0.08657,1.532806,2.734303,39.36634410607884,35.22201852024708,14.100924628368196,-0.353572,-0.243316,-0.00902,-0.903163,0.881432,0.188353,-0.43313,0.155766,0.749811,0.643055,-0.170465,1.208583,2.945763,-23.62848133626645,-29.148800269662736,6.986640086055744,-0.212791,-0.233775,0.006298,0.948699,0.890619,0.11144,0.440884,0.08754,0.909361,-0.406693,0.349063,1.155142,2.929707,-18.194209522880993,32.455647122168145,-0.4245079455089117,-0.15283,0.275378,0.040672,0.948238,0.845026,-0.007038,-0.53468,-0.161306,0.949978,-0.267437,F,BuildTutorial
32.647,0.090376,1.534126,2.732452,38.649074490143136,37.099674230624736,14.537324592271077,-0.349188,-0.2581,-0.008762,-0.900764,0.866616,0.196036,-0.458854,0.164465,0.755982,0.633595,-0.16841,1.209015,2.947221,-23.663575342538913,-28.741355500054187,7.238571621342546,-0.213562,-0.229898,0.009064,0.94945,0.89413,0.115406,0.432682,0.080984,0.908618,-0.409701,0.353343,1.150484,2.927374,-17.34278385391236,33.63299429008747,0.231047211655991,-0.143743,0.286291,0.045526,0.946205,0.83193,0.003848,-0.554867,-0.168458,0.954531,-0.245954,F,BuildTutorial
32.681,0.093831,1.535258,2.730834,38.040344402019755,38.75286324714287,14.827499781069196,-0.345344,-0.271367,-0.007858,-0.898351,0.852596,0.201549,-0.482139,0.173312,0.761351,0.624746,-0.165822,1.209335,2.948499,-23.757645471571465,-28.153641502894303,7.604989998046816,-0.215006,-0.224249,0.012993,0.950429,0.899087,0.121128,0.420679,0.071732,0.907207,-0.414524,0.356811,1.146618,2.924522,-16.809483806149828,34.78746061238804,0.528450910685861,-0.138116,0.296366,0.048047,0.943813,0.819718,0.008828,-0.5727,-0.17256,0.957231,-0.232233,F,BuildTutorial
32.714,0.096989,1.53604,2.729214,37.583469795369226,40.23087112751439,15.057488532247628,-0.342531,-0.283142,-0.006644,-0.895801,0.839573,0.205873,-0.502726,0.182067,0.765257,0.617441,-0.163978,1.209965,2.950315,-23.95752331257965,-27.690229168086397,7.348497400851493,-0.216106,-0.220692,0.011303,0.951034,0.902334,0.116885,0.414886,0.073886,0.906341,-0.416037,0.359707,1.142283,2.921981,-15.67770773243655,35.889125881765786,0.7112064936175301,-0.127856,0.306017,0.047869,0.942186,0.808124,0.01195,-0.588891,-0.168454,0.962723,-0.21163,F,BuildTutorial
32.746,0.099941,1.536654,2.727582,37.2032446889612,41.48666759563616,15.29824031885244,-0.340335,-0.292986,-0.006001,-0.893474,0.828246,0.210151,-0.519467,0.188703,0.768272,0.611677,-0.161705,1.210275,2.951797,-24.074197274934953,-27.36558855431177,7.06717170159583,-0.2165,-0.218417,0.009331,0.951491,0.904414,0.112331,0.411603,0.076818,0.906081,-0.416072,0.362413,1.13888,2.91925,-14.927250327941248,36.79197151424549,-0.6203706145800468,-0.124951,0.312237,0.035899,0.941067,0.802438,-0.010462,-0.596643,-0.145596,0.966197,-0.212757,F,BuildTutorial
32.78,0.102674,1.537115,2.726122,36.88052733997159,42.5575101196988,15.475923513537133,-0.338421,-0.301451,-0.005274,-0.891387,0.8182,0.213437,-0.533849,0.194632,0.770887,0.606508,-0.159666,1.210676,2.953518,-24.009916782812283,-26.873554863412185,7.0313486668997625,-0.21586,-0.214457,0.010097,0.952529,0.907812,0.111821,0.404195,0.07335,0.906605,-0.415556,0.364358,1.135666,2.91683,-14.262279437051108,37.5819604769367,-0.707778287036176,-0.119496,0.318893,0.034185,0.939606,0.794278,-0.011972,-0.607437,-0.140454,0.969104,-0.202755,F,BuildTutorial
32.813,0.10501,1.537368,2.724787,36.73541479819751,43.46113615934305,15.56276918852199,-0.3376,-0.308512,-0.00377,-0.889288,0.809613,0.215013,-0.546166,0.201602,0.772024,0.602774,-0.157953,1.211328,2.955233,-23.993918346348288,-26.457513927646794,7.181053806969315,-0.215965,-0.21073,0.012159,0.953312,0.910891,0.114202,0.39653,0.067838,0.906423,-0.416888,0.365733,1.132482,2.914935,-13.68518709396968,37.92242369541258,0.2791596839436576,-0.111891,0.322887,0.041,0.938905,0.788126,0.004734,-0.615496,-0.149247,0.971599,-0.183634,F,BuildTutorial
32.847,0.107123,1.537556,2.723629,36.5994138135363,44.22696896553393,15.5501518719632,-0.336568,-0.314766,-0.001883,-0.887492,0.801838,0.215221,-0.557437,0.208539,0.773437,0.598587,-0.156034,1.211942,2.956902,-24.076618196682553,-26.041246677817504,6.971252137686365,-0.216224,-0.207585,0.011029,0.953957,0.913574,0.110812,0.391284,0.068727,0.906251,-0.417116,0.367033,1.130608,2.912733,-13.719864037856052,38.36401758061755,-0.1591350681001047,-0.113264,0.326061,0.037943,0.937772,0.784489,-0.002697,-0.620137,-0.145026,0.971463,-0.187687,F,BuildTutorial
32.88,0.109082,1.537714,2.722645,36.496682028200915,44.86599176735513,15.48248870932898,-0.335619,-0.320121,0.00016,-0.885936,0.795045,0.214594,-0.567321,0.21516,0.77472,0.594571,-0.154387,1.212678,2.958525,-24.17126248949514,-25.711355390534177,6.950501362078775,-0.216938,-0.204791,0.011289,0.954396,0.915866,0.110403,0.386005,0.067305,0.905621,-0.418713,0.367991,1.129075,2.910873,-13.53131679564804,38.61163361480778,0.2379771502127833,-0.110502,0.328538,0.040895,0.937112,0.780781,0.004038,-0.624792,-0.149255,0.972234,-0.180235,F,BuildTutorial
32.914,0.110797,1.537755,2.721861,36.443993177738086,45.31832080430773,15.290831815388469,-0.334682,-0.324285,0.00278,-0.884771,0.789663,0.212146,-0.575696,0.221984,0.77596,0.590431,-0.152939,1.213408,2.960043,-24.306703761266036,-25.40576102610622,7.031019390915608,-0.218171,-0.201969,0.01227,0.954704,0.918116,0.111557,0.380287,0.064698,0.904502,-0.421534,0.36904,1.126974,2.909431,-12.920957299038983,38.668148936485466,0.7996688762226234,-0.103874,0.329706,0.043794,0.937329,0.778752,0.013603,-0.627185,-0.150595,0.974585,-0.16585,F,BuildTutorial
32.946,0.112349,1.537749,2.721058,36.44103919446424,45.64102219853514,15.057214350680358,-0.333984,-0.327463,0.005514,-0.883851,0.785475,0.208988,-0.582541,0.228482,0.776848,0.586773,-0.151598,1.214073,2.961469,-24.457437321276423,-25.047669450217363,6.91262304157901,-0.219175,-0.199074,0.01167,0.955089,0.920467,0.109557,0.375152,0.064972,0.903652,-0.42331,0.370596,1.125794,2.907296,-12.794104976016166,39.274610710662955,0.335281833762556,-0.10396,0.334278,0.040182,0.935861,0.773288,0.005706,-0.634029,-0.144712,0.975156,-0.16772,F,BuildTutorial
32.98,0.113696,1.537586,2.720414,36.51174350277815,45.96470743556399,14.886061669683713,-0.333999,-0.330312,0.008026,-0.882765,0.781659,0.206477,-0.588537,0.234819,0.77676,0.584383,-0.149995,1.214791,2.9626,-24.73229692745059,-24.621532531752187,6.696227821243313,-0.22104,-0.195692,0.010152,0.955376,0.923203,0.10591,0.369431,0.067113,0.902077,-0.426326,0.372128,1.125387,2.905275,-12.93140054330109,39.71290703318553,0.2231542970618979,-0.105256,0.33771,0.040069,0.934488,0.768693,0.003797,-0.639607,-0.145981,0.974631,-0.169657,F,BuildTutorial
33.013,0.114901,1.537534,2.719866,36.52448756405415,46.23009287953256,14.769875444096051,-0.333737,-0.332668,0.009739,-0.881962,0.778474,0.204868,-0.593302,0.239226,0.77705,0.582206,-0.148153,1.215472,2.963617,-25.018285940997934,-24.07800379721624,6.421543809039039,-0.222904,-0.191442,0.008371,0.955821,0.92656,0.10135,0.362237,0.069343,0.900488,-0.429318,0.37319,1.124477,2.90426,-12.767036956399286,39.74934859701875,0.8462333020165712,-0.102063,0.338619,0.044699,0.934303,0.766679,0.014404,-0.641869,-0.152647,0.97517,-0.160444,F,BuildTutorial
33.046,0.116135,1.537594,2.719277,36.49208981340962,46.502096337917195,14.73029035242869,-0.333357,-0.334942,0.01072,-0.881233,0.775398,0.204418,-0.597471,0.242204,0.777516,0.58035,-0.145969,1.215782,2.964544,-25.236009709773516,-23.473027908681345,6.175767954823421,-0.224265,-0.186689,0.007097,0.956453,0.930194,0.097311,0.353935,0.07016,0.899309,-0.431648,0.374781,1.123862,2.902846,-12.675939432152218,40.03370568719474,0.531609278529643,-0.102145,0.340682,0.042119,0.933664,0.764324,0.009053,-0.644769,-0.148248,0.975585,-0.162039,F,BuildTutorial
33.08,0.117121,1.537466,2.718827,36.54464388266726,46.753894570906944,14.748742759493314,-0.333776,-0.336716,0.011499,-0.880388,0.772981,0.204528,-0.600558,0.245023,0.776922,0.579962,-0.143592,1.216015,2.964871,-25.451179092903217,-22.940720840281724,6.016721894371266,-0.225765,-0.182379,0.006425,0.956936,0.933393,0.094646,0.34615,0.070054,0.897978,-0.434429,0.376469,1.12371,2.901145,-12.816352902285152,40.52472449205854,0.222001278291761,-0.104037,0.344358,0.040459,0.932179,0.759562,0.003777,-0.650424,-0.147081,0.975079,-0.166099,F,BuildTutorial
33.113,0.117816,1.537252,2.718681,36.61012921827237,46.82397016352673,14.734946501847142,-0.334213,-0.33716,0.012044,-0.880045,0.772356,0.204169,-0.601482,0.246565,0.776313,0.580125,-0.141706,1.216125,2.965451,-25.57910286226291,-22.56809392346178,5.871203024688459,-0.226579,-0.17945,0.005718,0.957302,0.93553,0.092267,0.340985,0.070372,0.897258,-0.435861,0.377771,1.122859,2.900197,-12.675542306116728,40.72034441024456,0.595315686758849,-0.101695,0.346327,0.043247,0.931582,0.756374,0.010136,-0.654061,-0.151016,0.975576,-0.159519,F,BuildTutorial
33.146,0.118255,1.536932,2.718629,36.71075724031289,46.70351839725236,14.679210770375033,-0.334807,-0.336191,0.012481,-0.880184,0.773639,0.203147,-0.600178,0.24709,0.775497,0.580991,-0.140209,1.21603,2.966026,-25.591972921966747,-22.296032663605807,5.853192289041488,-0.226644,-0.177202,0.006083,0.957703,0.937125,0.091974,0.336657,0.068673,0.897191,-0.43627,0.379085,1.121835,2.899149,-12.35100424239246,40.89428246072562,0.4651039568616668,-0.099386,0.347722,0.041361,0.931397,0.754757,0.00793,-0.655957,-0.146164,0.976823,-0.156371,F,BuildTutorial
33.18,0.118385,1.536488,2.718903,36.88748320125539,46.366833988047695,14.676061692443875,-0.336143,-0.333251,0.01215,-0.880798,0.777593,0.202636,-0.595221,0.245443,0.773721,0.58405,-0.138999,1.216013,2.966416,-25.60433413299381,-22.17220526537379,5.821907687392775,-0.226692,-0.176219,0.006045,0.957873,0.937821,0.091475,0.33485,0.068315,0.897149,-0.436414,0.380247,1.121028,2.897893,-12.19220061845844,41.28946911548014,0.2712011118370929,-0.098547,0.350813,0.039644,0.930402,0.750718,0.004626,-0.660607,-0.142912,0.977434,-0.155561,F,BuildTutorial
33.213,0.117874,1.536036,2.719703,37.10303525270349,45.62718727823864,14.468338736731,-0.337222,-0.327731,0.012336,-0.882452,0.784881,0.199265,-0.586733,0.242808,0.772258,0.587079,-0.138039,1.215933,2.966571,-25.65230938516558,-22.20353645849343,5.8883263482881425,-0.227195,-0.176311,0.006455,0.957734,0.937745,0.092478,0.334786,0.06775,0.896681,-0.437461,0.381078,1.119782,2.897024,-11.8984197797467,41.34811605965561,0.5906950990198542,-0.095161,0.351645,0.041389,0.930364,0.749265,0.010087,-0.662193,-0.143939,0.978463,-0.147961,F,BuildTutorial
33.246,0.116729,1.5354,2.720888,37.37336305905588,44.46795566119641,14.100401281390283,-0.338323,-0.319332,0.012693,-0.885101,0.795732,0.193605,-0.573871,0.238544,0.770754,0.590793,-0.137148,1.215812,2.966834,-25.563440087804217,-22.150138553030427,5.900932162926164,-0.226472,-0.175911,0.00682,0.957977,0.938018,0.092744,0.333948,0.066612,0.897328,-0.436309,0.381668,1.118418,2.896428,-11.63260860657826,41.37587219953396,0.8514089260794978,-0.092191,0.352154,0.042715,0.930411,0.748326,0.014554,-0.663172,-0.144416,0.979353,-0.141466,F,BuildTutorial
33.28,0.114909,1.534717,2.72233,37.75131161794599,42.9424908597484,13.765147514141807,-0.340399,-0.307776,0.012043,-0.888401,0.810257,0.188135,-0.555057,0.230932,0.767967,0.597409,-0.136642,1.215812,2.967392,-25.523905547791436,-22.075656945577837,5.9398741087293265,-0.226198,-0.175243,0.007361,0.95816,0.938471,0.093385,0.332492,0.065174,0.89756,-0.436048,0.382479,1.117083,2.895429,-11.313294158919003,41.81278629040128,1.074139518351744,-0.088745,0.355952,0.043885,0.929245,0.742744,0.018382,-0.669323,-0.144738,0.980397,-0.133691,F,BuildTutorial
33.312,0.112618,1.534,2.724044,38.164063948441054,41.06017357260609,13.295224821024297,-0.342467,-0.293759,0.011427,-0.892352,0.82715,0.180811,-0.5321,0.2216,0.765172,0.604488,-0.135816,1.215731,2.967561,-25.591745766415738,-22.064279264923226,5.905251482652838,-0.226709,-0.175162,0.006977,0.958057,0.938539,0.092791,0.332466,0.066052,0.897108,-0.436845,0.38301,1.115239,2.894716,-10.65542922076346,42.185804578326675,1.6109937622340034,-0.081585,0.359509,0.046472,0.928406,0.737187,0.027629,-0.675124,-0.144951,0.982368,-0.118074,F,BuildTutorial
33.345,0.11026,1.533446,2.725626,38.53702985491155,39.12133828508178,12.664433209309657,-0.343912,-0.279826,0.011704,-0.896262,0.843121,0.171491,-0.509645,0.213451,0.763175,0.60992,-0.134765,1.215573,2.967554,-25.561566230438142,-21.996557988357615,5.921890936163386,-0.226479,-0.174587,0.007302,0.958214,0.938932,0.093074,0.331276,0.065087,0.897308,-0.43658,0.381983,1.112927,2.895109,-10.082736499858074,41.72261727686622,1.6558888175444235,-0.07698,0.355879,0.04474,0.930281,0.742697,0.02845,-0.669024,-0.138033,0.984145,-0.111382,F,BuildTutorial
33.379,0.107984,1.53307,2.726986,38.88245976204151,37.27556695234473,12.111207329270815,-0.345417,-0.26641,0.011515,-0.899767,0.857786,0.163323,-0.487369,0.204767,0.761109,0.615454,-0.134353,1.215796,2.967905,-25.515244312236177,-21.883874885298248,6.008334738897848,-0.226217,-0.173511,0.008327,0.958463,0.93965,0.094464,0.328839,0.06254,0.897513,-0.436531,0.377752,1.110171,2.897346,-9.167892805125218,39.75852770317974,2.769589702690527,-0.066944,0.340669,0.049822,0.936473,0.762925,0.047702,-0.644725,-0.138925,0.986073,-0.091437,F,BuildTutorial
33.412,0.105744,1.532764,2.728364,39.1404781925797,35.43444389382031,11.500336452489426,-0.346198,-0.253328,0.011497,-0.903238,0.871385,0.154635,-0.465592,0.196172,0.760029,0.619574,-0.133801,1.215991,2.967678,-25.619952581521623,-21.98050666726546,6.060697679064205,-0.227175,-0.174131,0.008394,0.958123,0.939216,0.095201,0.329865,0.063032,0.896642,-0.438246,0.366976,1.106302,2.902686,-8.24808168144243,34.32787221566727,6.718358028691368,-0.051348,0.297863,0.077027,0.950109,0.810689,0.11578,-0.573915,-0.176958,0.98286,-0.051685,F,BuildTutorial
33.445,0.103581,1.532453,2.729628,39.397515500417825,33.726480769344846,11.00705911193484,-0.347287,-0.240915,0.010919,-0.906219,0.883682,0.147543,-0.444227,0.187123,0.758545,0.624175,-0.132933,1.216009,2.967395,-25.69662299241701,-21.96843518371047,5.913202019306605,-0.227588,-0.174261,0.007053,0.958012,0.939167,0.092833,0.330679,0.065806,0.896308,-0.438522,0.354137,1.10632,2.906396,-9.234587728579156,28.96606972066671,6.917742095594222,-0.06276,0.25353,0.078321,0.962107,0.859177,0.118884,-0.497676,-0.18253,0.979854,-0.08105,F,BuildTutorial
33.478,0.101517,1.532062,2.730675,39.69954997170461,32.10975860809356,10.605216372351853,-0.348955,-0.228857,0.00997,-0.908711,0.89505,0.141603,-0.422888,0.177841,0.756262,0.629635,-0.132706,1.216113,2.96778,-25.668345299845953,-21.891499398201837,5.836758256877365,-0.227232,-0.173792,0.006615,0.958185,0.939506,0.09166,0.330043,0.066304,0.896644,-0.437759,0.343677,1.106781,2.908687,-9.667486074841714,25.752218095545224,5.862059559688364,-0.070684,0.225961,0.068424,0.969156,0.88852,0.100683,-0.447656,-0.16457,0.980644,-0.106085,F,BuildTutorial
33.512,0.09959,1.531619,2.731685,39.97173749921829,30.50903246057305,10.251895980333703,-0.350519,-0.216812,0.008561,-0.911074,0.905839,0.136394,-0.401065,0.167593,0.754127,0.634985,-0.13283,1.215989,2.968207,-25.62524614824417,-21.99674347892215,5.899507747538216,-0.226975,-0.174582,0.007005,0.9581,0.938944,0.092674,0.331354,0.065828,0.896867,-0.437374,0.334178,1.104398,2.911579,-8.330429062169115,23.01345125048947,6.278303872216788,-0.060171,0.202555,0.067986,0.975053,0.908699,0.108205,-0.403185,-0.156957,0.983515,-0.089799,F,BuildTutorial
33.545,0.097728,1.531059,2.732649,40.249782201159235,28.925958183493915,10.021503173208457,-0.352373,-0.20451,0.006193,-0.91322,0.916274,0.132817,-0.37789,0.155439,0.75159,0.641055,-0.132651,1.215773,2.968304,-25.55801167590395,-22.116796123582674,5.740143818246682,-0.226178,-0.175954,0.005551,0.958046,0.938019,0.09023,0.334634,0.068957,0.897626,-0.435331,0.327004,1.102691,2.914296,-7.5212714934001506,21.783995616353774,6.370815568763165,-0.05383,0.191839,0.066823,0.977668,0.917465,0.110009,-0.382303,-0.151316,0.985274,-0.079617,F,BuildTutorial
33.579,0.095908,1.530662,2.733642,40.47695158644116,27.40094240710106,9.827207165687811,-0.353885,-0.19262,0.003552,-0.915233,0.92577,0.129828,-0.355099,0.142833,0.749506,0.646405,-0.131341,1.215,2.967829,-25.466499208252664,-22.134554870484536,5.662654847522363,-0.225298,-0.176327,0.005026,0.958188,0.937767,0.089083,0.335644,0.069821,0.898431,-0.433528,0.321283,1.103493,2.916396,-7.919498906811435,21.73282512515843,5.406527606912282,-0.058872,0.191059,0.059211,0.978021,0.919981,0.093323,-0.380691,-0.138316,0.986056,-0.092531,F,BuildTutorial
33.613,0.094108,1.530241,2.734524,40.6736056188481,25.89523543735673,9.612535494390036,-0.355114,-0.180976,0.001029,-0.917137,0.934494,0.126646,-0.33269,0.130421,0.747787,0.651003,-0.130305,1.21435,2.967679,-25.24067680087528,-22.018549680005517,5.478744639838554,-0.22313,-0.175891,0.004103,0.95878,0.938091,0.086362,0.335451,0.070625,0.900392,-0.429309,0.314184,1.103179,2.919144,-7.625827020309035,20.841195685349955,5.049193990738768,-0.057389,0.183178,0.055242,0.979847,0.926788,0.087233,-0.365314,-0.129283,0.98731,-0.092227,F,BuildTutorial
33.645,0.092355,1.529732,2.735259,40.89238389364888,24.434198270999456,9.49157658081691,-0.356651,-0.169358,-0.002097,-0.918757,0.942627,0.124656,-0.309702,0.11695,0.745592,0.65606,-0.12809,1.213122,2.967807,-24.772952297175717,-21.338813683743435,4.968809567784991,-0.218437,-0.171525,0.00193,0.960657,0.941151,0.078643,0.328709,0.071226,0.904563,-0.420348,0.304212,1.102721,2.922297,-7.4057332723165805,18.32287170906249,5.642379749603827,-0.055861,0.16183,0.05876,0.983483,0.940717,0.097499,-0.324879,-0.133659,0.986854,-0.090858,F,BuildTutorial
33.679,0.090608,1.529432,2.735878,41.08095769602117,23.073788290966867,9.371911758529087,-0.357931,-0.158573,-0.005016,-0.920171,0.949659,0.122748,-0.288238,0.104285,0.743721,0.660307,-0.125453,1.21168,2.968014,-24.24993770715216,-20.50781399443215,4.398882364860362,-0.213217,-0.165979,-0.00044,0.962803,0.944901,0.069932,0.319799,0.071627,0.909077,-0.410426,0.293744,1.103836,2.925029,-8.096514472655743,16.087158297698654,6.0636315496045246,-0.062422,0.143079,0.062104,0.985787,0.951343,0.10458,-0.289844,-0.140305,0.984493,-0.105297,F,BuildTutorial
33.713,0.088897,1.529229,2.736449,41.228246062181285,21.705462389122538,9.128885609103534,-0.358703,-0.148154,-0.007073,-0.921592,0.956001,0.119324,-0.268001,0.093249,0.742564,0.663252,-0.122915,1.210587,2.967653,-24.011535955576974,-19.862974820109443,4.037815121126317,-0.210709,-0.161375,-0.001911,0.964135,0.947909,0.064322,0.31198,0.071691,0.911196,-0.405688,0.283517,1.104439,2.927214,-8.228607395291712,13.906306064818173,6.303848152511339,-0.064472,0.124479,0.063111,0.988112,0.961044,0.10867,-0.254136,-0.140772,0.983721,-0.1117,F,BuildTutorial
33.747,0.087389,1.529268,2.737007,41.291867751958065,20.46055801045768,8.897822089620341,-0.358833,-0.138782,-0.009001,-0.922983,0.961317,0.116214,-0.249727,0.082984,0.742315,0.664892,-0.120948,1.210051,2.967197,-24.013342644650844,-19.196638654321593,3.445579950690955,-0.209924,-0.156852,-0.005676,0.965038,0.950731,0.054899,0.305119,0.076809,0.9118,-0.403388,0.273111,1.104678,2.929204,-7.821812238890418,11.18652501679042,6.406394123208349,-0.062341,0.10088,0.062119,0.990999,0.971929,0.110542,-0.207688,-0.135697,0.98451,-0.111027,F,BuildTutorial
33.78,0.086027,1.529342,2.737515,41.288992547385966,19.337399334511748,8.768492911596848,-0.358558,-0.130137,-0.011479,-0.924321,0.965865,0.114544,-0.232344,0.072102,0.742608,0.665834,-0.118965,1.209547,2.96622,-24.15688535359281,-18.741709918309123,2.933352283276363,-0.210466,-0.153883,-0.009365,0.965369,0.952465,0.046692,0.301049,0.082856,0.911233,-0.403472,0.264235,1.10613,2.930924,-7.983654403822568,9.156621767914682,5.814572042565314,-0.065264,0.083045,0.055985,0.992829,0.979938,0.100328,-0.172206,-0.122007,0.985212,-0.120294,F,BuildTutorial
33.813,0.084871,1.529244,2.737965,41.30693419654555,18.32912684541172,8.692835202468368,-0.358506,-0.122216,-0.013995,-0.925387,0.969735,0.113532,-0.216159,0.061728,0.742555,0.666934,-0.117055,1.208896,2.965294,-24.21099703514329,-18.083490608870623,2.130225124371639,-0.209927,-0.149783,-0.015002,0.966059,0.95468,0.033902,0.295697,0.091872,0.911411,-0.40111,0.256687,1.1078,2.932477,-8.22384523111078,7.674050476348637,5.654372271407372,-0.068165,0.070194,0.053879,0.993742,0.98434,0.097513,-0.146854,-0.116652,0.984901,-0.127913,F,BuildTutorial
33.846,0.083724,1.528927,2.738379,41.434760414977056,17.40643303817409,8.692928739272476,-0.359406,-0.114623,-0.016695,-0.925965,0.973166,0.11331,-0.200272,0.051474,0.741098,0.669421,-0.115293,1.208174,2.964271,-24.206775474583218,-17.56176017374499,1.525961631334724,-0.209188,-0.14649,-0.019138,0.966651,0.956349,0.024288,0.291216,0.098288,0.911748,-0.398817,0.250067,1.109113,2.934189,-8.104727676327581,6.341430933893296,5.976080216282105,-0.067588,0.058776,0.055821,0.994415,0.986859,0.103074,-0.124441,-0.118964,0.984632,-0.127859,F,BuildTutorial
33.879,0.082694,1.528373,2.738674,41.64273340912485,16.63913567623106,8.853903473299535,-0.361105,-0.107693,-0.020109,-0.926068,0.975996,0.115021,-0.184938,0.040532,0.738398,0.673146,-0.115143,1.207943,2.963295,-24.40171985585448,-17.555142038191665,1.4594819347377437,-0.210747,-0.14648,-0.019945,0.966298,0.956292,0.023196,0.291493,0.100285,0.910376,-0.401446,0.243974,1.11104,2.935784,-8.315698295554522,5.299254326773755,5.780610979401298,-0.07001,0.0497,0.053585,0.994866,0.989317,0.09966,-0.106392,-0.113578,0.984455,-0.133975,F,BuildTutorial
33.913,0.081715,1.527701,2.738915,41.904311360659136,15.89339892653754,9.038132413050816,-0.363226,-0.100805,-0.023591,-0.925931,0.978564,0.116916,-0.16954,0.029544,0.735021,0.6774,-0.11421,1.207107,2.962691,-24.390293425252793,-17.000258127155433,0.5749938270941074,-0.209644,-0.143426,-0.026373,0.966842,0.957467,0.00914,0.288397,0.111133,0.910708,-0.39782,0.238074,1.112993,2.93705,-8.688079727754987,4.089669547589521,5.432016904473109,-0.073926,0.039126,0.049919,0.995245,0.991955,0.093578,-0.08526,-0.105148,0.984086,-0.143242,F,BuildTutorial
33.946,0.080737,1.52695,2.739165,42.17109957665257,15.181026298130854,9.185662976036165,-0.365333,-0.094297,-0.026689,-0.925704,0.980791,0.118312,-0.155082,0.019488,0.731639,0.681414,-0.112244,1.205847,2.961857,-24.291542829712565,-16.06677197934277,-0.5465436645439266,-0.207681,-0.137614,-0.03402,0.967871,0.95981,-0.008694,0.280516,0.123013,0.911422,-0.392654,0.231827,1.113977,2.93839,-8.663819390181347,2.4909297899566014,5.719059737484456,-0.074341,0.025414,0.051373,0.995585,0.99343,0.098513,-0.058241,-0.10607,0.983668,-0.145415,F,BuildTutorial
33.979,0.079894,1.526412,2.739595,42.32367109756143,14.472269529445263,9.370088113606965,-0.366526,-0.087821,-0.030244,-0.92576,0.982746,0.120374,-0.140431,0.00838,0.729489,0.683942,-0.11066,1.205143,2.960498,-24.41753788044616,-15.59290702741034,-0.9133976888427178,-0.208456,-0.134252,-0.036405,0.968089,0.961302,-0.014516,0.275115,0.126459,0.910441,-0.393833,0.225739,1.114573,2.939399,-8.638424905860521,0.960137166587588,6.158053589356686,-0.074753,0.012388,0.054189,0.995652,0.99382,0.106055,-0.032769,-0.109759,0.982951,-0.147513,F,BuildTutorial
34.013,0.079035,1.525923,2.739917,42.444738110053514,13.712568599066012,9.55955094551913,-0.367423,-0.080949,-0.034056,-0.925899,0.984575,0.12255,-0.124874,-0.003581,0.727681,0.685906,-0.109117,1.204346,2.959223,-24.447053371920333,-14.999011198008247,-1.4430869276833076,-0.208292,-0.130192,-0.039834,0.968544,0.962927,-0.022926,0.268787,0.131397,0.910056,-0.393107,0.219835,1.115041,2.94,-8.816940131756906,-0.7055433061675479,6.605851323387529,-0.077091,-0.0017,0.056971,0.995394,0.993503,0.113679,-0.005399,-0.113154,0.981623,-0.153666,F,BuildTutorial
34.046,0.0781,1.525355,2.740141,42.62085155905587,12.96911210529418,9.728906342895836,-0.368717,-0.074214,-0.0376,-0.925811,0.986157,0.12435,-0.109688,-0.014894,0.725268,0.688306,-0.107265,1.203174,2.958009,-24.219005561604845,-14.042556627235047,-2.7367788333136076,-0.205294,-0.124456,-0.04881,0.969527,0.964256,-0.043546,0.261368,0.145746,0.910944,-0.385926,0.214509,1.114949,2.940527,-8.730764953340143,-2.1299274698170247,6.786768489217361,-0.077067,-0.013995,0.057597,0.995263,0.992973,0.116806,0.018979,-0.112492,0.981487,-0.155015,F,BuildTutorial
34.08,0.077235,1.524734,2.740278,42.85533589631569,12.30594022080268,9.96356509947512,-0.370514,-0.067856,-0.041362,-0.925421,0.987369,0.126837,-0.094941,-0.02627,0.722017,0.691377,-0.106562,1.202949,2.956379,-24.462270088077663,-13.728248699113502,-3.295368390208127,-0.206892,-0.122802,-0.053209,0.969167,0.964177,-0.052324,0.260049,0.153951,0.908729,-0.387956,0.2095,1.113726,2.940902,-8.15542447142133,-3.545942861359959,7.057125384250867,-0.07284,-0.026428,0.059165,0.995236,0.991602,0.121617,0.043985,-0.113917,0.982388,-0.148113,F,BuildTutorial
34.113,0.07648,1.524219,2.740545,43.02999021331726,11.654418958955914,10.139405260319794,-0.371769,-0.061844,-0.044696,-0.925184,0.988355,0.128688,-0.081201,-0.036721,0.719581,0.693438,-0.105835,1.202535,2.955099,-24.619361653881967,-13.291705915462408,-4.142439702227885,-0.207538,-0.120651,-0.059731,0.968919,0.963751,-0.06567,0.258595,0.165829,0.906721,-0.387761,0.204563,1.112687,2.941006,-7.87609434938119,-5.067114439664488,7.302954383703127,-0.07128,-0.039641,0.060445,0.994834,0.98955,0.125917,0.070256,-0.114614,0.982531,-0.146616,F,BuildTutorial
34.145,0.075869,1.523825,2.740779,43.16606468752999,11.07916235040595,10.259543737859117,-0.372691,-0.056669,-0.047387,-0.925011,0.989086,0.129908,-0.069517,-0.045428,0.717712,0.694857,-0.104318,1.201494,2.953993,-24.597381635271432,-12.32271405929864,-5.685658769723614,-0.206316,-0.11524,-0.071012,0.969077,0.963354,-0.09008,0.252654,0.185183,0.904782,-0.383506,0.200631,1.111847,2.940822,-7.918260769245565,-6.161114396101797,7.409158410137565,-0.072265,-0.049045,0.060662,0.99433,0.98783,0.127724,0.088766,-0.113547,0.982196,-0.149662,F,BuildTutorial
34.178,0.075425,1.523576,2.741236,43.24225670206434,10.59944390029057,10.383168044345071,-0.373157,-0.052316,-0.049866,-0.924949,0.989553,0.131292,-0.059563,-0.053204,0.716535,0.695519,-0.102845,1.200629,2.953105,-24.567108789572995,-11.345769042386388,-7.0038263566065035,-0.205413,-0.109337,-0.080382,0.969221,0.963168,-0.110898,0.244967,0.200735,0.902689,-0.380603,0.196802,1.109744,2.940406,-7.27035761366391,-7.290214967619656,7.602230082904757,-0.067342,-0.059114,0.062004,0.994045,0.985322,0.131232,0.109174,-0.115309,0.983241,-0.141214,F,BuildTutorial
34.212,0.075199,1.523422,2.741714,43.28112249049897,10.128635936348047,10.433496246172892,-0.373282,-0.048312,-0.051766,-0.925012,0.989973,0.131835,-0.050732,-0.059699,0.715961,0.695583,-0.102694,1.200693,2.952029,-24.91475577235828,-11.133758932100392,-7.252460001759586,-0.208275,-0.108113,-0.082351,0.968582,0.96306,-0.114493,0.243735,0.204561,0.89968,-0.385656,0.193054,1.107551,2.939934,-6.721729187394039,-8.51657494964467,7.818117045978092,-0.06338,-0.069967,0.063525,0.993505,0.982139,0.135093,0.130972,-0.117355,0.983895,-0.134826,F,BuildTutorial
34.245,0.075093,1.523273,2.742134,43.36237185387877,9.771146963504467,10.523363087335536,-0.373806,-0.045051,-0.053576,-0.924862,0.9902,0.132781,-0.043278,-0.06542,0.714797,0.696266,-0.101834,1.199931,2.950686,-24.83942815340917,-10.854201579811305,-7.637805395019363,-0.20748,-0.106421,-0.085049,0.968707,0.962882,-0.120614,0.241474,0.208935,0.899437,-0.383873,0.189686,1.105504,2.939395,-6.464422116746327,-9.727848924940492,8.231955724676542,-0.062111,-0.080404,0.066635,0.992591,0.97819,0.14227,0.15134,-0.122294,0.983404,-0.134017,F,BuildTutorial
34.277,0.075074,1.522985,2.742605,43.43374008443238,9.475379413448184,10.636624365701127,-0.374281,-0.042222,-0.055386,-0.924697,0.990299,0.134037,-0.036625,-0.070825,0.713692,0.696869,-0.100685,1.198477,2.949805,-24.52230920323709,-10.402795064109265,-8.256836909598102,-0.204567,-0.103585,-0.089263,0.969255,0.962605,-0.130656,0.237322,0.215417,0.900369,-0.378062,0.187182,1.102885,2.939125,-5.952366264771524,-10.67935450577499,8.40378336753754,-0.058366,-0.088897,0.068036,0.991999,0.974937,0.14536,0.168429,-0.124606,0.983929,-0.127895,F,BuildTutorial
34.311,0.07525,1.522797,2.743008,43.537982179615874,9.225783965964128,10.741956565482004,-0.375032,-0.039758,-0.056952,-0.924406,0.990352,0.135115,-0.030787,-0.075473,0.712215,0.697893,-0.100516,1.197992,2.948988,-24.681976457058017,-10.53702812577032,-8.594101285338075,-0.205507,-0.105396,-0.092457,0.968561,0.960687,-0.135781,0.242166,0.222419,0.898438,-0.378602,0.185532,1.100617,2.939002,-5.438198843173282,-11.348844770727304,8.679289602899132,-0.054545,-0.094909,0.070536,0.991485,0.972034,0.150223,0.180506,-0.129516,0.984099,-0.121551,F,BuildTutorial
34.344,0.075547,1.52258,2.743522,43.60306638080226,9.019982142421782,10.8692286824943,-0.375493,-0.037615,-0.058591,-0.924206,0.990304,0.136549,-0.025526,-0.080053,0.711144,0.698474,-0.10034,1.197392,2.947752,-24.799962683628905,-10.922529733690483,-8.77596784438997,-0.206022,-0.109035,-0.094763,0.967826,0.958263,-0.138501,0.250101,0.228356,0.89715,-0.378121,0.184355,1.099288,2.93918,-5.38756948685832,-11.787632105774716,9.003242698836063,-0.054656,-0.098586,0.073175,0.990928,0.969853,0.155799,0.187384,-0.134246,0.983316,-0.122748,F,BuildTutorial
34.378,0.075857,1.52236,2.744092,43.66618291012315,8.8745998690671,11.01412566017219,-0.37597,-0.035903,-0.060177,-0.923978,0.99018,0.1382,-0.021098,-0.084207,0.71005,0.699098,-0.100202,1.196542,2.947217,-24.578531789594013,-10.845698720131931,-9.104952688850435,-0.203897,-0.108867,-0.097258,0.968047,0.957378,-0.143905,0.250437,0.232695,0.897934,-0.373587,0.183857,1.098195,2.939508,-5.116016269799835,-12.057105337035791,8.953435994851043,-0.052438,-0.101135,0.072872,0.990814,0.968923,0.155011,0.192769,-0.133798,0.98388,-0.118652,F,BuildTutorial
34.411,0.076089,1.522179,2.744682,43.755390263292824,8.641364559591164,11.051686476649094,-0.376573,-0.033808,-0.061163,-0.923747,0.990232,0.138461,-0.016396,-0.087536,0.708904,0.699852,-0.100338,1.196201,2.94691,-24.73719769958637,-10.695893440842056,-9.328889178423408,-0.205158,-0.108082,-0.098985,0.967694,0.957041,-0.147227,0.249795,0.235922,0.896225,-0.375663,0.18361,1.097466,2.940171,-4.913423463958514,-12.32941386579808,8.733519590093644,-0.050662,-0.103732,0.071041,0.990771,0.968386,0.151282,0.198351,-0.130261,0.984773,-0.115127,F,BuildTutorial
34.444,0.076453,1.52195,2.745149,43.841008813938735,8.39576020161194,11.043535124402622,-0.377125,-0.031768,-0.061827,-0.92355,0.990337,0.138161,-0.012045,-0.090239,0.707908,0.700516,-0.099289,1.195179,2.945966,-24.73550707644539,-10.461554249888971,-9.883190334073117,-0.20483,-0.107094,-0.103245,0.967428,0.955743,-0.155893,0.249506,0.243637,0.89477,-0.374203,0.184299,1.097229,2.940994,-5.027363819432725,-12.29238924829654,8.555645689909454,-0.051463,-0.103412,0.06941,0.990878,0.968976,0.148198,0.197793,-0.12691,0.985068,-0.116344,F,BuildTutorial
34.478,0.076963,1.521732,2.745551,43.93772116366489,8.269940026676444,11.145486840002995,-0.377859,-0.03032,-0.062976,-0.923221,0.990229,0.139196,-0.008392,-0.093369,0.706513,0.701515,-0.098079,1.193655,2.945267,-24.478203560638494,-10.233017110461626,-10.395782508300982,-0.202383,-0.105925,-0.107012,0.967662,0.954657,-0.164228,0.248314,0.249978,0.895179,-0.369007,0.185807,1.096718,2.942519,-5.00939723652438,-11.861454188041288,8.28646251513631,-0.050812,-0.099817,0.067291,0.991427,0.971017,0.143571,0.191084,-0.123284,0.98578,-0.114187,F,BuildTutorial
34.511,0.077513,1.521492,2.745965,44.01107196058878,8.173126825770154,11.218624208629292,-0.378412,-0.029224,-0.063819,-0.922972,0.990146,0.139924,-0.005646,-0.095689,0.705463,0.702258,-0.097341,1.192566,2.944905,-24.310009359773225,-10.081785565851115,-10.58988817395258,-0.200921,-0.104886,-0.108287,0.967938,0.954546,-0.167484,0.24656,0.251778,0.895809,-0.366242,0.187994,1.096271,2.94437,-4.902593161423365,-11.295379470813334,8.372130990528351,-0.049626,-0.094952,0.068377,0.99189,0.972617,0.14507,0.181578,-0.126221,0.985724,-0.111433,F,BuildTutorial
34.545,0.078142,1.521296,2.74632,44.08323908928658,8.086406670347616,11.232237909853216,-0.378945,-0.028407,-0.064151,-0.922756,0.990156,0.13992,-0.003806,-0.096862,0.70457,0.702992,-0.097471,1.191825,2.944571,-24.185670421560133,-10.398896791695948,-10.283904513350002,-0.199853,-0.106954,-0.106183,0.968166,0.954572,-0.162855,0.249541,0.248355,0.897568,-0.364269,0.191778,1.096204,2.946729,-4.884495583078917,-10.051379403852712,7.628911347023045,-0.048177,-0.084505,0.062485,0.993294,0.977909,0.132273,0.161857,-0.115989,0.987549,-0.106267,F,BuildTutorial
34.579,0.078889,1.521126,2.746686,44.12266199186592,8.047204129700038,11.24195679256045,-0.379241,-0.028019,-0.064324,-0.922634,0.990155,0.139947,-0.002914,-0.097443,0.704077,0.703406,-0.097653,1.190915,2.944361,-23.909401734364273,-10.763773656350937,-10.190496705543218,-0.197261,-0.109712,-0.105854,0.968425,0.953516,-0.161739,0.254258,0.248307,0.899766,-0.358839,0.197134,1.095946,2.949755,-4.652976573057422,-8.013171255546977,6.431516470164644,-0.044347,-0.067432,0.053081,0.995323,0.985271,0.111646,0.129525,-0.099685,0.990431,-0.095439,F,BuildTutorial
34.613,0.079554,1.521018,2.747018,44.16898000007464,8.033567621127768,11.257960333906476,-0.379608,-0.027809,-0.064457,-0.92248,0.990144,0.140033,-0.00237,-0.097807,0.703486,0.703947,-0.097462,1.190482,2.9441,-23.861254203510185,-10.991594324846268,-10.054711301750636,-0.196774,-0.111376,-0.105067,0.96842,0.953113,-0.159665,0.257067,0.247329,0.900482,-0.357715,0.203106,1.095468,2.95289,-4.280717090912465,-5.937927785650801,5.459066015648635,-0.03972,-0.049924,0.045592,0.996921,0.990858,0.094869,0.095918,-0.086937,0.992688,-0.083747,F,BuildTutorial
34.646,0.080168,1.520861,2.747207,44.21443506925849,8.023901761914281,11.234994010732889,-0.379961,-0.027761,-0.064264,-0.92235,0.990199,0.139643,-0.002376,-0.097451,0.703,0.704482,-0.097587,1.190202,2.943873,-23.839187609678095,-11.361412841106944,-9.846841005736946,-0.196454,-0.114132,-0.10393,0.968286,0.952345,-0.156424,0.261859,0.246111,0.901209,-0.356725,0.209473,1.094651,2.956068,-3.8797120923666224,-3.6623035757745543,4.571812590444199,-0.03508,-0.030561,0.038762,0.998165,0.995127,0.079525,0.058291,-0.075237,0.994534,-0.0724,F,BuildTutorial
34.679,0.080799,1.520691,2.747356,44.25364344855657,8.083828088189557,11.324282958891532,-0.38033,-0.027907,-0.064749,-0.922159,0.990058,0.140646,-0.002217,-0.098191,0.702313,0.705064,-0.097456,1.18973,2.943688,-23.720269404317296,-11.574607645491884,-9.803333995378964,-0.195296,-0.115794,-0.103844,0.968333,0.951617,-0.155883,0.264814,0.246339,0.902152,-0.354174,0.216432,1.093315,2.959166,-3.170504519925886,-1.1369243897696917,3.881722030253168,-0.027983,-0.008975,0.033579,0.999004,0.997584,0.067594,0.016053,-0.066589,0.996179,-0.056513,F,BuildTutorial
34.713,0.081379,1.520628,2.747493,44.257408151139984,8.159128155665698,11.450828020758149,-0.380434,-0.028089,-0.065514,-0.922057,0.989838,0.142187,-0.001951,-0.099444,0.701956,0.705244,-0.096777,1.189251,2.943585,-23.62989334575501,-11.490430557209113,-9.880451556635675,-0.194528,-0.115164,-0.104289,0.968514,0.951722,-0.157205,0.26365,0.246815,0.902566,-0.352785,0.222946,1.092564,2.961791,-2.7868201068067924,0.7480478613399781,3.1838915370268372,-0.024126,0.007199,0.027931,0.999293,0.998336,0.055475,-0.015736,-0.05617,0.997276,-0.047816,F,BuildTutorial
34.746,0.081842,1.520475,2.747601,44.27360870739881,8.150826010363886,11.497314984479749,-0.38057,-0.027851,-0.065901,-0.92198,0.989763,0.142717,-0.001197,-0.100319,0.701647,0.705428,-0.096024,1.188902,2.943275,-23.58329320027055,-11.469401222544212,-9.855392296296174,-0.194177,-0.114918,-0.104009,0.968644,0.951952,-0.156866,0.263021,0.246124,0.902955,-0.352273,0.228883,1.092284,2.964216,-2.625284366109126,2.3779429988738774,2.5754926127564195,-0.022431,0.021254,0.022938,0.999259,0.998044,0.044888,-0.043505,-0.046795,0.997941,-0.043853,F,BuildTutorial
34.779,0.082211,1.520318,2.747834,44.31529533229083,8.149676762186921,11.568132181097004,-0.38092,-0.027563,-0.066437,-0.921806,0.989653,0.143483,-0.000202,-0.101486,0.700973,0.705931,-0.095566,1.188485,2.943115,-23.507047538187972,-11.46580704446552,-9.93266429204138,-0.193456,-0.114976,-0.104603,0.968718,0.951678,-0.158176,0.26323,0.247146,0.903266,-0.350754,0.234782,1.092422,2.966377,-2.5733884349364304,4.0528803881534765,2.17860760396832,-0.021765,0.035772,0.019788,0.998927,0.996658,0.037976,-0.072329,-0.04109,0.998269,-0.042068,F,BuildTutorial
34.812,0.082732,1.520218,2.747934,44.319070843088234,8.16450741263393,11.568841167913964,-0.380959,-0.027676,-0.06639,-0.92179,0.989653,0.143482,-0.000439,-0.101309,0.700925,0.706004,-0.094795,1.187953,2.942867,-23.364119233141043,-11.33993898752732,-10.019933017827706,-0.192271,-0.113978,-0.10503,0.969025,0.951955,-0.159724,0.261284,0.247383,0.904001,-0.348688,0.239856,1.092386,2.968389,-2.426806084183983,5.269233853233431,1.969439254939896,-0.020361,0.046313,0.018137,0.998555,0.995052,0.034336,-0.093231,-0.038108,0.998513,-0.038984,F,BuildTutorial
34.846,0.083322,1.520099,2.747912,44.38859350606154,8.163550203181611,11.525771000226142,-0.381504,-0.027739,-0.065984,-0.921592,0.989753,0.142785,-0.000781,-0.100456,0.700201,0.706843,-0.09403,1.187448,2.942544,-23.292037710843555,-11.24494312605615,-9.999891471577016,-0.191766,-0.1131,-0.104652,0.969269,0.952513,-0.159494,0.259385,0.246248,0.904548,-0.348073,0.244022,1.091985,2.970345,-2.1156552860612665,6.060944573531206,1.9167906468480669,-0.017549,0.053159,0.017676,0.998275,0.993723,0.033425,-0.106755,-0.037156,0.998759,-0.033158,F,BuildTutorial
34.879,0.083851,1.520045,2.747908,44.407374833724305,8.215938299873297,11.52508160897827,-0.381684,-0.028143,-0.065787,-0.921519,0.98976,0.142731,-0.001649,-0.099765,0.699979,0.707161,-0.093667,1.186904,2.942234,-23.28961179300844,-11.375978376287174,-10.000535416758895,-0.191625,-0.114208,-0.104875,0.969143,0.951916,-0.159507,0.26156,0.247047,0.904563,-0.347469,0.247621,1.092188,2.972054,-2.0566896162326844,6.872039295926207,1.255821273391066,-0.017257,0.060117,0.012013,0.99797,0.992483,0.021903,-0.120406,-0.026053,0.999116,-0.032999,F,BuildTutorial
34.913,0.084422,1.520067,2.7479,44.37401100744181,8.2947921531656,11.542516973415344,-0.381467,-0.028754,-0.065695,-0.921597,0.989715,0.143026,-0.002877,-0.099152,0.700334,0.706895,-0.09324,1.186194,2.94185,-23.116905599977965,-11.467172942594164,-10.029876334097,-0.190046,-0.11493,-0.105155,0.969338,0.951467,-0.160178,0.262781,0.247545,0.90565,-0.344267,0.250456,1.092939,2.97373,-2.2358461320651672,7.40466020563279,0.3574437025178159,-0.019268,0.064621,0.004372,0.997714,0.99161,0.006235,-0.129116,-0.011215,0.999219,-0.037883,F,BuildTutorial
34.945,0.085083,1.519984,2.747807,44.377538993789216,8.376959245534927,11.597206857361094,-0.381556,-0.029229,-0.065858,-0.921533,0.989617,0.143686,-0.003614,-0.099075,0.700156,0.707082,-0.092985,1.185772,2.941292,-23.01652649289165,-11.588661432201071,-9.94708778521474,-0.189166,-0.115764,-0.104585,0.969473,0.951322,-0.158988,0.264027,0.246582,0.906556,-0.342569,0.252198,1.093234,2.97535,-2.1469248673288965,7.452916021359241,0.1370671202406503,-0.018617,0.065004,0.002411,0.997708,0.991538,0.00239,-0.129799,-0.007231,0.999295,-0.036836,F,BuildTutorial
34.979,0.085734,1.519885,2.747637,44.41411581753097,8.470003027864808,11.697906254391144,-0.381928,-0.029603,-0.066324,-0.921334,0.98945,0.144825,-0.003886,-0.0996,0.699464,0.707693,-0.093289,1.185839,2.941198,-23.05573805985072,-11.671196095812777,-9.986897193972396,-0.189383,-0.11655,-0.105086,0.969282,0.950747,-0.15957,0.265742,0.24786,0.906182,-0.342636,0.252993,1.093622,2.976782,-2.1699120175925644,7.345808018476481,0.4953444889273751,-0.018619,0.06413,0.005526,0.997753,0.991714,0.008638,-0.128178,-0.013415,0.999246,-0.036446,F,BuildTutorial
35.012,0.08624,1.519845,2.747608,44.45326956116923,8.524507520852993,11.7082545926039,-0.382275,-0.029965,-0.066189,-0.921188,0.989442,0.144856,-0.004602,-0.099036,0.69897,0.708261,-0.093829,1.186113,2.941371,-23.011459896044855,-11.684623641517211,-10.180017856562332,-0.188798,-0.116957,-0.10671,0.96917,0.949868,-0.162677,0.266995,0.251002,0.905937,-0.340993,0.254214,1.095032,2.978082,-2.553572574099594,7.664997830200155,0.1173647364145709,-0.022164,0.066846,0.002511,0.997514,0.991051,0.002046,-0.133472,-0.007972,0.999005,-0.043882,F,BuildTutorial
35.045,0.086718,1.519844,2.7475,44.45060097143439,8.552171516780048,11.75089393567204,-0.382281,-0.030048,-0.066442,-0.921165,0.989365,0.145383,-0.00456,-0.099435,0.698894,0.70828,-0.094525,1.186648,2.941587,-23.01899365148409,-11.67033773822526,-10.112418880809706,-0.188944,-0.116729,-0.10612,0.969233,0.950226,-0.1616,0.266377,0.249821,0.906077,-0.341487,0.254822,1.09593,2.979296,-2.584703770368435,7.708811475720681,-0.1741705522980271,-0.022605,0.06717,0.0,0.997486,0.990977,-0.003037,-0.134002,-0.003037,0.998978,-0.045097,F,BuildTutorial
35.079,0.087245,1.519856,2.747281,44.438220040429854,8.534407005590626,11.79059885017662,-0.382182,-0.029786,-0.066832,-0.921186,0.989293,0.145896,-0.003793,-0.100362,0.698941,0.708103,-0.094714,1.186982,2.941021,-23.104805587213935,-11.756886498681334,-10.199407826315324,-0.189503,-0.117654,-0.10706,0.968909,0.949391,-0.162872,0.268569,0.252055,0.905253,-0.34203,0.254953,1.096424,2.980176,-2.4839836769766084,7.594262344636325,-0.4077233330035257,-0.021863,0.066131,-0.002114,0.997569,0.991244,-0.00711,-0.131848,0.001327,0.999035,-0.043898,F,BuildTutorial
35.112,0.087687,1.519946,2.74711,44.44148845202427,8.473188080275843,11.723539536747312,-0.382155,-0.029514,-0.066494,-0.92123,0.989415,0.145071,-0.003557,-0.099955,0.699072,0.708031,-0.095368,1.187238,2.940982,-23.126476999588373,-11.863815571732884,-10.367216562444677,-0.189413,-0.118848,-0.108671,0.968601,0.948132,-0.165494,0.2714,0.25554,0.904627,-0.341101,0.255256,1.097214,2.980775,-2.6130230115837683,7.586855127246476,-0.8187598931823955,-0.023223,0.065978,-0.005619,0.997535,0.991231,-0.014275,-0.131371,0.008146,0.998858,-0.047073,F,BuildTutorial
35.147,0.088046,1.519978,2.746966,44.461769011170595,8.3849551385908,11.633042007637002,-0.382243,-0.029085,-0.066042,-0.92124,0.989585,0.143916,-0.0031,-0.099445,0.699057,0.708117,-0.096164,1.187528,2.940958,-23.10800481014068,-12.038385057980728,-10.348658445270209,-0.18911,-0.120282,-0.108789,0.96847,0.947395,-0.165225,0.274125,0.256211,0.904805,-0.340125,0.255861,1.098076,2.981322,-2.8341744791251493,7.757987253588552,-0.9134914855799238,-0.025212,0.06743,-0.006278,0.997386,0.990828,-0.015923,-0.134191,0.009123,0.99865,-0.051139,F,BuildTutorial
35.179,0.088339,1.519987,2.746846,44.45518865054408,8.2911269464664,11.587644695474223,-0.382125,-0.028489,-0.065996,-0.921311,0.989666,0.143378,-0.002057,-0.099832,0.69925,0.707872,-0.096556,1.187725,2.940534,-23.093621612045503,-12.229951290958043,-10.318566398574882,-0.188838,-0.121843,-0.10884,0.968323,0.946617,-0.164767,0.277072,0.256801,0.904989,-0.339189,0.256732,1.098493,2.981687,-2.845414169720005,7.960792074003882,-0.9319293637170804,-0.025332,0.06919,-0.006387,0.997261,0.990344,-0.016245,-0.137678,0.009234,0.998635,-0.051409,F,BuildTutorial
35.212,0.088611,1.519959,2.746728,44.50017103424627,8.176162258468809,11.483827845651874,-0.382393,-0.027864,-0.065504,-0.921254,0.989866,0.142001,-0.001244,-0.099381,0.698969,0.708213,-0.096684,1.187853,2.939987,-23.105029630102106,-12.39008165332244,-10.318875878133014,-0.188782,-0.123203,-0.109115,0.96813,0.94583,-0.164758,0.279751,0.257792,0.904911,-0.338644,0.258043,1.099232,2.981917,-3.028913668601312,8.42784281903748,-1.3636953900526694,-0.02723,0.073136,-0.009922,0.996901,0.989105,-0.023766,-0.145279,0.0158,0.99832,-0.055742,F,BuildTutorial
35.245,0.088996,1.519902,2.746495,44.547548031832314,8.086774525134537,11.343156314143354,-0.382687,-0.027566,-0.064629,-0.921203,0.990126,0.140171,-0.001323,-0.097974,0.698748,0.708627,-0.096879,1.187891,2.939452,-23.13499517578556,-12.517000128142872,-10.3531874801009,-0.188878,-0.124349,-0.109637,0.967906,0.945034,-0.165263,0.282132,0.25921,0.90461,-0.338366,0.260061,1.100666,2.981791,-3.702849187954235,9.252658258627369,-1.7730307685448534,-0.033446,0.080107,-0.012808,0.996143,0.986838,-0.030876,-0.158739,0.020159,0.997435,-0.068685,F,BuildTutorial
35.278,0.089292,1.51985,2.746292,44.58408206709012,8.044790305709489,11.280001641580004,-0.38294,-0.027402,-0.064229,-0.92113,0.990247,0.139314,-0.00129,-0.09734,0.698464,0.708995,-0.09644,1.187554,2.93843,-23.111438596358212,-12.6072223483554,-10.32555998044115,-0.188622,-0.125052,-0.109534,0.967877,0.944728,-0.164856,0.283391,0.259207,0.904848,-0.337731,0.262733,1.103046,2.981337,-4.840551712794486,10.495329734186182,-2.224384280453117,-0.043818,0.090546,-0.01545,0.994808,0.983126,-0.038675,-0.178797,0.022804,0.995683,-0.08998,F,BuildTutorial
35.312,0.089632,1.519852,2.746166,44.59546040355299,8.025457903414253,11.241994971294591,-0.383011,-0.027362,-0.063978,-0.921119,0.990316,0.138822,-0.001399,-0.096902,0.698419,0.709098,-0.096603,1.187359,2.937781,-23.03958865837797,-12.69580856810944,-10.296279965189706,-0.18796,-0.125711,-0.109376,0.967938,0.944467,-0.164481,0.284478,0.258996,0.905416,-0.336368,0.266244,1.105519,2.980896,-5.935604018161065,12.146142180517831,-2.460753917803704,-0.053741,0.104525,-0.015847,0.992943,0.977647,-0.042705,-0.205872,0.020236,0.993722,-0.110036,F,BuildTutorial
35.346,0.089953,1.519826,2.746114,44.57854450215192,8.04041864290639,11.22059917889502,-0.382879,-0.027571,-0.063771,-0.921182,0.990346,0.138602,-0.001963,-0.096376,0.698674,0.70892,-0.097229,1.187181,2.937466,-22.98635743606303,-12.796138877373258,-10.28700962192168,-0.187423,-0.126513,-0.10942,0.967933,0.944044,-0.1644,0.285928,0.259245,0.9058,-0.33514,0.269892,1.107403,2.9806,-6.558155253805777,13.654807513566723,-3.0360403220390406,-0.059918,0.117138,-0.019463,0.991115,0.9718,-0.052618,-0.229862,0.024543,0.992062,-0.123331,F,BuildTutorial
35.379,0.090351,1.519818,2.745884,44.60286310571685,8.117195231184297,11.21652190287884,-0.383115,-0.028177,-0.06346,-0.921087,0.990358,0.138495,-0.003281,-0.095315,0.698392,0.709341,-0.097525,1.186775,2.936905,-22.867055415870016,-13.005258603983997,-10.180794700619176,-0.18633,-0.128039,-0.108768,0.968017,0.943551,-0.162864,0.288421,0.258294,0.906901,-0.332888,0.272803,1.108933,2.980173,-7.118355073782685,14.924017296364967,-3.955180302552006,-0.06599,0.127417,-0.026093,0.989308,0.966168,-0.068444,-0.248665,0.034811,0.989929,-0.137217,F,BuildTutorial
35.412,0.090759,1.519845,2.745645,44.64468013929631,8.189358895561917,11.152662231035247,-0.383473,-0.028928,-0.062668,-0.920969,0.990472,0.137616,-0.005221,-0.093244,0.698042,0.70996,-0.098147,1.186308,2.936553,-22.668779238805374,-13.360155848334715,-9.96925368273112,-0.184552,-0.130586,-0.107391,0.968171,0.942829,-0.159745,0.292498,0.256145,0.908816,-0.329308,0.276164,1.110106,2.979822,-7.529731042526212,16.18367341586402,-4.646030928098336,-0.070648,0.137706,-0.030808,0.98747,0.960176,-0.080301,-0.267609,0.041386,0.98812,-0.14801,F,BuildTutorial
35.446,0.091127,1.519868,2.745471,44.62651975496465,8.256721326887952,11.110492292249804,-0.383354,-0.029629,-0.06212,-0.921034,0.990526,0.137146,-0.00695,-0.091713,0.698362,0.709844,-0.098861,1.185921,2.936482,-22.44834631769547,-13.568150150901726,-9.680861724906617,-0.182819,-0.131765,-0.105099,0.968592,0.943185,-0.155418,0.293681,0.251774,0.911063,-0.326457,0.280316,1.111559,2.979291,-7.928821980211366,17.682435153519414,-5.143870843691462,-0.075127,0.150109,-0.033619,0.985238,0.952674,-0.0888,-0.290734,0.043691,0.986452,-0.158128,F,BuildTutorial
35.479,0.091527,1.519982,2.745358,44.56508037441923,8.341118229725545,11.08534096790866,-0.382902,-0.030454,-0.061691,-0.921224,0.990534,0.136983,-0.008866,-0.09034,0.699161,0.709234,-0.099734,1.185835,2.936643,-22.28822310856457,-13.57418954407531,-9.403205373132549,-0.181773,-0.131293,-0.102622,0.969118,0.944462,-0.151174,0.291784,0.246636,0.912855,-0.325372,0.284438,1.113047,2.978819,-8.23943261460413,18.97429529113448,-5.492069035115041,-0.078653,0.160817,-0.035304,0.983212,0.945783,-0.09472,-0.310682,0.044125,0.985135,-0.16602,F,BuildTutorial
35.512,0.091965,1.520012,2.745154,44.55163117001753,8.46098422359277,11.03575164177593,-0.382845,-0.031597,-0.060904,-0.921261,0.990585,0.13641,-0.011585,-0.088022,0.699441,0.70925,-0.099817,1.185939,2.936372,-22.302280712027336,-13.602063623690606,-9.223893904800756,-0.182073,-0.131251,-0.101162,0.969221,0.945079,-0.148302,0.29126,0.243891,0.913231,-0.326383,0.28891,1.114682,2.978414,-8.530169415194084,20.39383110152282,-6.073408301751517,-0.082446,0.172416,-0.038847,0.980799,0.937528,-0.104632,-0.331804,0.047772,0.983387,-0.175121,F,BuildTutorial
35.546,0.092353,1.520056,2.744886,44.53271673203541,8.588202013731436,10.995657303580362,-0.38275,-0.032773,-0.060174,-0.921308,0.99061,0.135966,-0.014325,-0.08579,0.699764,0.709205,-0.099637,1.186247,2.93597,-22.39690133298544,-13.623992324255273,-9.317816139922556,-0.182749,-0.131632,-0.102074,0.968946,0.944508,-0.149697,0.292396,0.24592,0.912367,-0.327276,0.294265,1.116281,2.977581,-8.694161419758153,22.23371375006985,-7.055655916934686,-0.086065,0.187315,-0.045618,0.977458,0.925664,-0.121422,-0.358333,0.056937,0.981024,-0.18534,F,BuildTutorial
35.579,0.092793,1.5201,2.744521,44.505534966578665,8.709021217865848,10.95914735833777,-0.382585,-0.033894,-0.059502,-0.921379,0.990621,0.135582,-0.01693,-0.083713,0.700176,0.709046,-0.099507,1.186648,2.935455,-22.513460401112173,-13.603862612563026,-9.218725824190669,-0.18387,-0.13136,-0.101306,0.968852,0.944963,-0.147995,0.291791,0.244608,0.911858,-0.329671,0.299781,1.117745,2.97657,-8.707311124656467,23.976666153834543,-8.20003863518742,-0.088875,0.201274,-0.054009,0.973999,0.913144,-0.140986,-0.382481,0.069433,0.978369,-0.194869,F,BuildTutorial
35.612,0.093255,1.5201,2.744138,44.51822188480964,8.84705108549868,10.920181635285072,-0.382746,-0.035121,-0.058716,-0.921317,0.990638,0.135077,-0.019768,-0.081308,0.700115,0.709385,-0.098766,1.186907,2.934692,-22.63041741074085,-13.621616673777886,-9.070398300476304,-0.185017,-0.131327,-0.100183,0.968755,0.945434,-0.14551,0.291518,0.2427,0.911465,-0.332158,0.305032,1.1188,2.975782,-8.552510809009672,25.43883541718698,-8.906933133233895,-0.089565,0.213253,-0.059165,0.971082,0.902046,-0.153108,-0.403574,0.076708,0.976955,-0.199185,F,BuildTutorial
35.645,0.093671,1.520087,2.743852,44.49583024897416,9.001878084986759,10.920688559468582,-0.382646,-0.036387,-0.058224,-0.92134,0.990572,0.135136,-0.022492,-0.079442,0.700384,0.709331,-0.098115,1.187368,2.934119,-22.80125470861568,-13.668453620972306,-8.915047749038465,-0.186604,-0.13155,-0.099096,0.968532,0.945749,-0.14286,0.291804,0.241051,0.910718,-0.335392,0.309876,1.120094,2.974991,-8.739520940021665,26.815046286614937,-9.03336237974306,-0.092093,0.224647,-0.058768,0.968297,0.89216,-0.155187,-0.424226,0.072433,0.97613,-0.204752,F,BuildTutorial
35.678,0.094124,1.520151,2.743481,44.42629297713701,9.15422330688701,10.916006512703245,-0.382166,-0.037699,-0.057744,-0.921517,0.990489,0.135239,-0.025345,-0.077609,0.70123,0.708699,-0.097755,1.187938,2.93383,-23.00259044484886,-13.609888852244923,-8.82461577285824,-0.188466,-0.130998,-0.098413,0.968316,0.946309,-0.141211,0.29079,0.239966,0.909591,-0.339206,0.313941,1.120892,2.974219,-8.971217099930882,27.853356468691956,-8.586418835891998,-0.093659,0.233587,-0.053667,0.966326,0.885114,-0.147474,-0.44139,0.059964,0.976696,-0.206081,F,BuildTutorial
35.712,0.094586,1.520537,2.743083,44.29351154118706,9.297006362507664,10.885703452442367,-0.381166,-0.039085,-0.057152,-0.92191,0.990412,0.135174,-0.028498,-0.075582,0.702893,0.707269,-0.097655,1.188261,2.934065,-22.995961434303943,-13.53075621324051,-8.85242068268696,-0.188446,-0.130372,-0.098512,0.968394,0.946597,-0.141661,0.289632,0.239934,0.909567,-0.339294,0.317265,1.121141,2.973517,-8.792660899757301,28.372708168689535,-8.385533759593313,-0.091984,0.238268,-0.051938,0.965438,0.881061,-0.14412,-0.450511,0.056453,0.977683,-0.20236,F,BuildTutorial
35.745,0.095093,1.521722,2.743014,43.82744976269369,9.428296877733835,10.807525887289415,-0.377475,-0.04088,-0.056538,-0.923388,0.990264,0.135276,-0.032813,-0.073551,0.708632,0.701734,-0.097533,1.188572,2.934054,-23.048853955104487,-13.63387738302594,-8.536454613687008,-0.189167,-0.130746,-0.096058,0.968449,0.947357,-0.13659,0.289584,0.235521,0.909977,-0.341279,0.320353,1.120666,2.973222,-8.322951478088887,28.815266236476965,-8.836432805473708,-0.089194,0.242011,-0.056414,0.964517,0.876496,-0.151996,-0.456784,0.065652,0.977724,-0.199364,F,BuildTutorial
35.778,0.095656,1.523877,2.743477,42.78517257518955,9.526435795967286,10.65746139475402,-0.369106,-0.043225,-0.056015,-0.92669,0.989988,0.135725,-0.038761,-0.071907,0.721246,0.688936,-0.097349,1.188862,2.934364,-23.056341092476675,-13.57939270788651,-8.385289022249633,-0.189448,-0.130039,-0.094697,0.968624,0.948244,-0.134181,0.287799,0.232724,0.910284,-0.342378,0.323869,1.120729,2.972187,-8.166732509878097,29.734253959277225,-9.30908786917588,-0.089365,0.249498,-0.060022,0.962373,0.868296,-0.160119,-0.469494,0.070934,0.976823,-0.201955,F,BuildTutorial
35.812,0.096284,1.527356,2.744365,41.15971004920492,9.62185660689179,10.455162586319853,-0.355971,-0.046275,-0.055639,-0.931691,0.989526,0.136621,-0.046616,-0.070731,0.740378,0.668459,-0.097076,1.189036,2.93472,-23.09177539155414,-13.459725935669956,-8.378542549445616,-0.189855,-0.129031,-0.094473,0.968701,0.948852,-0.134038,0.285856,0.232026,0.91006,-0.343446,0.326535,1.121026,2.971425,-8.266706169810359,30.161308741353206,-8.687718110313178,-0.089051,0.253485,-0.054244,0.961703,0.865606,-0.149479,-0.477895,0.059186,0.978255,-0.198781,F,BuildTutorial
35.846,0.097,1.531716,2.745518,39.11271540084547,9.756077849320247,10.29832864844958,-0.339367,-0.049873,-0.055916,-0.937665,0.988772,0.138713,-0.055577,-0.071011,0.763407,0.642003,-0.096727,1.189126,2.934986,-23.20144325768658,-13.45880971644176,-8.486794705958324,-0.190664,-0.129249,-0.095482,0.968414,0.948356,-0.135646,0.286743,0.234219,0.909061,-0.344601,0.328751,1.121332,2.970839,-8.273315037085622,30.311404574437553,-8.689382130010285,-0.089181,0.254738,-0.054126,0.961367,0.864357,-0.149506,-0.48014,0.058635,0.978234,-0.199047,F,BuildTutorial
35.879,0.097887,1.536219,2.746256,36.9731354826184,10.021907683336217,10.257614383238677,-0.322011,-0.05427,-0.056873,-0.943466,0.98764,0.142267,-0.065777,-0.072364,0.786148,0.613787,-0.09612,1.188795,2.93541,-23.14870055205415,-13.406554113243276,-8.45847538058197,-0.190292,-0.128738,-0.09511,0.968592,0.948762,-0.135249,0.285586,0.23324,0.909486,-0.344143,0.331763,1.122187,2.969893,-8.280686638630632,31.039807697855608,-9.534493546820604,-0.091506,0.26017,-0.060617,0.959304,0.857275,-0.163914,-0.48807,0.068686,0.975905,-0.207105,F,BuildTutorial
35.912,0.098731,1.540654,2.746694,34.91103868337611,10.314960286599415,10.287178654287969,-0.305236,-0.058625,-0.058321,-0.94868,0.986324,0.146445,-0.075629,-0.074868,0.806859,0.58598,-0.095115,1.188314,2.935679,-23.045382979853073,-13.398740434503155,-8.338018698063873,-0.189557,-0.128429,-0.093989,0.968886,0.949344,-0.13344,0.284499,0.230819,0.910469,-0.343176,0.334714,1.123179,2.969058,-8.342780981689224,31.84764272930959,-9.28250703580479,-0.091861,0.267075,-0.057714,0.95755,0.850681,-0.159595,-0.500871,0.06146,0.976462,-0.20675,F,BuildTutorial
35.945,0.099565,1.544919,2.74675,33.04707222083594,10.512182130652642,10.282466512105488,-0.289944,-0.062092,-0.0596,-0.953166,0.985185,0.149623,-0.083806,-0.07761,0.824761,0.560131,-0.094813,1.188393,2.936421,-23.047357280863956,-13.47810475322334,-8.151973543404988,-0.189718,-0.128793,-0.092549,0.968945,0.949694,-0.130481,0.284703,0.228218,0.910883,-0.343814,0.337242,1.124414,2.968895,-8.514962482276431,32.2413845941396,-9.26972151544013,-0.093461,0.270227,-0.056868,0.956561,0.847487,-0.159307,-0.506347,0.058284,0.976062,-0.209537,F,BuildTutorial
35.979,0.100301,1.548349,2.746131,31.542701394173484,10.735488332803994,10.323138959674347,-0.277609,-0.065316,-0.060875,-0.956536,0.984056,0.152722,-0.091156,-0.080193,0.838456,0.539037,-0.094532,1.188654,2.937322,-23.072959232492412,-13.639265861744878,-8.249396926614127,-0.189694,-0.130327,-0.093662,0.968637,0.948484,-0.132005,0.288014,0.230894,0.910487,-0.343077,0.339467,1.12594,2.969058,-8.682064405257016,32.43914795873863,-9.80350935890613,-0.096213,0.271289,-0.060746,0.955749,0.845425,-0.168319,-0.506879,0.063913,0.974106,-0.21687,F,BuildTutorial
36.012,0.100799,1.550825,2.74515,30.498942252880305,10.890037806740828,10.344989587944566,-0.269023,-0.067571,-0.061731,-0.958776,0.983247,0.154728,-0.096357,-0.082015,0.847632,0.524207,-0.093906,1.189101,2.938157,-23.110980095257595,-13.692886189356315,-8.069365438174847,-0.190178,-0.130497,-0.092263,0.968654,0.948916,-0.129107,0.287906,0.228378,0.91064,-0.344353,0.341937,1.127852,2.969011,-8.969988163621744,33.048845428041844,-9.945896416277671,-0.099266,0.275987,-0.060693,0.954093,0.840295,-0.170605,-0.514585,0.061021,0.972926,-0.222918,F,BuildTutorial
36.046,0.101292,1.552756,2.743924,29.708479501530675,11.000908073805515,10.344712571326216,-0.262494,-0.069268,-0.062265,-0.960428,0.98265,0.155967,-0.100365,-0.083237,0.85444,0.512839,-0.093269,1.190063,2.938945,-23.26438429754847,-13.748414213908564,-7.592430943907538,-0.191978,-0.130228,-0.088462,0.96869,0.95043,-0.121384,0.286266,0.221387,0.910638,-0.348893,0.343979,1.129923,2.96909,-9.35951095591277,33.4542456429556,-9.750815708566154,-0.102231,0.279176,-0.057725,0.953036,0.837457,-0.167109,-0.520327,0.052947,0.972433,-0.227091,F,BuildTutorial
36.079,0.101847,1.554494,2.742847,28.984705832190382,11.112267134854095,10.349999344836796,-0.256515,-0.070892,-0.062787,-0.96189,0.982064,0.157157,-0.10417,-0.084418,0.860516,0.50238,-0.092868,1.191128,2.940002,-23.3676735126283,-13.837455085949651,-7.345465578022825,-0.193067,-0.130601,-0.086618,0.96859,0.950881,-0.117365,0.286445,0.218224,0.910445,-0.351381,0.345377,1.132035,2.969606,-9.7913664219063,33.464568866391986,-9.983925510543711,-0.106379,0.27865,-0.058551,0.952685,0.837852,-0.170846,-0.518475,0.052276,0.970511,-0.235322,F,BuildTutorial
36.112,0.102455,1.555722,2.741711,28.46249673524382,11.265475348168764,10.382606157036772,-0.252254,-0.072613,-0.063251,-0.962858,0.981453,0.158437,-0.107921,-0.085169,0.864734,0.494956,-0.09245,1.192434,2.940943,-23.56586900569119,-13.86566278052154,-7.3821439665968684,-0.194684,-0.130967,-0.087157,0.968168,0.950503,-0.117771,0.287531,0.219759,0.909004,-0.354143,0.346646,1.134236,2.970017,-10.132670399425852,33.47018674499866,-10.3780803458136,-0.110163,0.277998,-0.060949,0.952295,0.838005,-0.177334,-0.516044,0.054833,0.968299,-0.243703,F,BuildTutorial
36.146,0.103038,1.556674,2.740497,28.081777937586057,11.393767411683022,10.336219641805863,-0.249109,-0.074162,-0.06297,-0.963576,0.98107,0.158302,-0.111548,-0.084404,0.867959,0.489412,-0.091584,1.194155,2.94141,-24.01682231604573,-13.862388109131478,-7.175168204140618,-0.198744,-0.130729,-0.085816,0.967495,0.951091,-0.114091,0.287071,0.218018,0.906272,-0.362131,0.347847,1.136214,2.970092,-10.426939289585086,33.7339629973571,-10.265684556471738,-0.11246,0.280012,-0.059003,0.951559,0.836224,-0.17527,-0.519625,0.04931,0.967743,-0.247068,F,BuildTutorial
36.187,0.103754,1.557419,2.73941,27.7427144846404,11.558911124085997,10.265754371888065,-0.246314,-0.076031,-0.06237,-0.964188,0.980659,0.157727,-0.115892,-0.082817,0.870879,0.484471,-0.090336,1.195786,2.941625,-24.44231024341883,-13.771630070938857,-6.91661687494406,-0.202708,-0.129638,-0.083863,0.966991,0.952322,-0.109633,0.284716,0.214747,0.903753,-0.37029,0.34899,1.138134,2.97023,-10.738409951361383,33.815668430056135,-10.254800424614366,-0.115048,0.280397,-0.058027,0.951196,0.836021,-0.174908,-0.520074,0.045871,0.966794,-0.251408,F,BuildTutorial
36.211,0.104506,1.55786,2.73843,27.471638308866243,11.778698237709744,10.233032305735302,-0.24414,-0.078212,-0.061907,-0.964596,0.980101,0.157621,-0.120659,-0.081241,0.873127,0.480676,-0.088818,1.197042,2.942199,-24.70710695170478,-13.446472421441454,-7.157849614524434,-0.204919,-0.127403,-0.085557,0.966673,0.952897,-0.113196,0.281378,0.217625,0.901377,-0.374379,0.350057,1.140007,2.970182,-11.004696060236853,33.94123029829363,-10.759572425556826,-0.118547,0.280658,-0.061397,0.950478,0.834923,-0.183255,-0.518962,0.05017,0.964354,-0.259815,F,BuildTutorial
36.245,0.105254,1.558061,2.737488,27.312190431374727,11.95812821375154,10.192160546167566,-0.242872,-0.079963,-0.06135,-0.964808,0.979684,0.157224,-0.124497,-0.079541,0.874498,0.478462,-0.087758,1.198566,2.942634,-25.0574962692279,-13.301910700570714,-7.277200332344707,-0.20786,-0.126509,-0.086609,0.966069,0.952989,-0.114749,0.280438,0.219933,0.898586,-0.3797,0.351529,1.141605,2.969571,-11.16781943375768,34.53399530421856,-11.100152116998974,-0.121054,0.285045,-0.063172,0.948739,0.829517,-0.18888,-0.525572,0.050856,0.96271,-0.265712,F,BuildTutorial
36.278,0.105949,1.557791,2.736432,27.36026702368825,12.16410390584225,10.158585491138185,-0.243361,-0.081722,-0.060579,-0.964587,0.979303,0.156644,-0.128171,-0.077092,0.874212,0.479386,-0.086413,1.199786,2.942653,-25.27881984437786,-13.219306072419831,-6.967165551715111,-0.210134,-0.125315,-0.084036,0.96596,0.954469,-0.109685,0.277415,0.215016,0.897563,-0.3849,0.352791,1.143298,2.968981,-11.374480577326588,34.95086796789299,-11.285985685243263,-0.123449,0.288076,-0.063715,0.947477,0.825906,-0.191863,-0.530159,0.049613,0.961401,-0.27064,F,BuildTutorial
36.311,0.106739,1.556942,2.735297,27.733099462098867,12.44819820972734,10.205198572745427,-0.246666,-0.083651,-0.059958,-0.96362,0.978815,0.15682,-0.131636,-0.074285,0.871122,0.485416,-0.085642,1.201162,2.942988,-25.42861507805815,-13.10871076094561,-6.550993026765575,-0.211932,-0.123658,-0.080453,0.966085,0.956472,-0.103036,0.273029,0.207864,0.897224,-0.389591,0.353379,1.14445,2.968795,-11.514908486146664,34.87345735401267,-11.608859720011802,-0.125369,0.286933,-0.066093,0.947409,0.826602,-0.197179,-0.527114,0.053288,0.959829,-0.27548,F,BuildTutorial
36.345,0.107621,1.555355,2.733976,28.43941644831742,12.76093480469677,10.257550696781829,-0.252772,-0.085471,-0.05893,-0.96194,0.978444,0.156585,-0.134645,-0.070166,0.865267,0.496376,-0.085406,1.20276,2.943509,-25.68468036332448,-13.13312775400346,-6.6199529390686225,-0.214005,-0.12406,-0.0813,0.965506,0.955999,-0.103892,0.274357,0.210089,0.895184,-0.393075,0.353874,1.145299,2.968449,-11.594272454739055,34.951385466974656,-11.811138084564972,-0.126573,0.287267,-0.067467,0.947051,0.825852,-0.20051,-0.527034,0.05507,0.958855,-0.278504,F,BuildTutorial
36.378,0.10858,1.553091,2.732607,29.47786142894262,13.178623409346311,10.385206052078214,-0.261741,-0.087647,-0.057873,-0.959406,0.977938,0.156928,-0.137883,-0.065165,0.856285,0.512376,-0.085125,1.204217,2.943527,-25.86828278672512,-13.429625187404282,-6.408530950105267,-0.215578,-0.126208,-0.080235,0.964966,0.955268,-0.100434,0.278167,0.209265,0.894176,-0.395799,0.354594,1.145917,2.967466,-11.661393752666129,35.41519545148562,-11.900790712291608,-0.127623,0.290923,-0.067512,0.94579,0.821612,-0.201961,-0.533071,0.053447,0.958309,-0.280691,F,BuildTutorial
36.412,0.10949,1.550432,2.731171,30.725835143319937,13.645576714031604,10.544269325622327,-0.272469,-0.089898,-0.056635,-0.95628,0.977422,0.157307,-0.141073,-0.05933,0.845106,0.531296,-0.084635,1.205564,2.943606,-26.037776114070574,-13.545934375034069,-5.9836070007517606,-0.217398,-0.126423,-0.077028,0.964791,0.956168,-0.093663,0.277436,0.2036,0.89361,-0.400011,0.354206,1.146252,2.967054,-11.787651236365775,35.126397884229675,-11.217784336152558,-0.126767,0.289157,-0.061851,0.946833,0.825126,-0.190437,-0.531885,0.043815,0.960209,-0.275824,F,BuildTutorial
36.445,0.110249,1.547589,2.729811,31.962521793554693,14.017378864717712,10.560227325227045,-0.282901,-0.091659,-0.054355,-0.953211,0.977288,0.155485,-0.143986,-0.051764,0.834025,0.549293,-0.083784,1.206691,2.943649,-26.237208054230212,-13.368282078932912,-5.825671300000968,-0.219373,-0.124667,-0.075538,0.96469,0.957504,-0.091043,0.273672,0.200438,0.892339,-0.404421,0.354619,1.146355,2.966632,-11.556053772872634,35.066013919205425,-12.113130020191791,-0.127086,0.287923,-0.069938,0.946604,0.824418,-0.205589,-0.527322,0.059225,0.957916,-0.280873,F,BuildTutorial
36.478,0.110851,1.545454,2.728957,32.84987578605756,14.240319593699835,10.260762276817932,-0.290086,-0.093326,-0.050204,-0.951115,0.97754,0.149644,-0.1484,-0.041355,0.82666,0.56118,-0.082879,1.207443,2.943554,-26.300880169760656,-13.292430937699947,-5.75784323838834,-0.220034,-0.123911,-0.074878,0.964689,0.958079,-0.089939,0.272023,0.198998,0.891956,-0.405972,0.355759,1.146387,2.965151,-11.32025447877197,35.76106464755982,-12.526021397396146,-0.126635,0.293473,-0.073216,0.94471,0.817026,-0.212665,-0.53595,0.064009,0.957206,-0.282241,F,BuildTutorial
36.512,0.111444,1.544161,2.728571,33.463048210204356,14.400269430556053,9.943463527165536,-0.294945,-0.094825,-0.046394,-0.949665,0.977712,0.144053,-0.152737,-0.03218,0.82171,0.568996,-0.082583,1.207931,2.94349,-26.18377669521733,-13.385294086135286,-5.197120139508512,-0.219592,-0.123597,-0.07023,0.965179,0.959583,-0.081287,0.26943,0.18985,0.893694,-0.406531,0.357147,1.145678,2.964,-11.053066018265849,36.43086015895142,-12.429412068607194,-0.124625,0.299406,-0.072424,0.943175,0.810222,-0.211243,-0.546732,0.061989,0.958447,-0.278455,F,BuildTutorial
36.545,0.112166,1.542993,2.727978,33.97675043448972,14.608732698733188,9.719765721007365,-0.299066,-0.096603,-0.043351,-0.94834,0.977577,0.140004,-0.157296,-0.02444,0.81736,0.575609,-0.08207,1.208006,2.943075,-25.94941803742656,-13.377803835600822,-4.657083341114185,-0.218197,-0.122471,-0.065453,0.965975,0.961434,-0.073005,0.265171,0.179897,0.896212,-0.405514,0.358489,1.144304,2.963383,-10.611011968714838,36.76795137805,-12.042030909177551,-0.120203,0.303096,-0.070112,0.942745,0.806435,-0.205062,-0.554629,0.05933,0.961271,-0.269143,F,BuildTutorial
36.579,0.112865,1.541893,2.727444,34.448935714950764,14.855742223902803,9.566563049904364,-0.302905,-0.098565,-0.040831,-0.94703,0.977236,0.137048,-0.161952,-0.017625,0.813163,0.58177,-0.080837,1.207491,2.942871,-25.726909736266418,-12.958598474295805,-4.916611297652256,-0.216284,-0.119399,-0.066648,0.966707,0.962604,-0.07721,0.259678,0.180507,0.897559,-0.40225,0.359955,1.142905,2.962909,-10.284330129812767,37.198091540986944,-12.33997714915014,-0.118596,0.30669,-0.073035,0.941564,0.801214,-0.210279,-0.560214,0.06479,0.961202,-0.268129,F,BuildTutorial
36.612,0.113576,1.540761,2.726804,35.00484049769143,15.213225325579009,9.509293779683844,-0.307538,-0.101099,-0.038683,-0.945359,0.976565,0.135322,-0.167357,-0.010955,0.807848,0.58929,-0.079515,1.206812,2.942534,-25.58376975357553,-12.687018693581994,-5.068779296459162,-0.215075,-0.117372,-0.067297,0.96718,0.96339,-0.079689,0.255988,0.180664,0.898428,-0.400235,0.360859,1.140584,2.962409,-9.867203413835435,37.53798355009759,-12.026699094330224,-0.114562,0.310267,-0.071303,0.941024,0.797301,-0.205285,-0.567599,0.063106,0.963583,-0.259857,F,BuildTutorial
36.645,0.114457,1.53987,2.726186,35.413352354832995,15.70888907585068,9.530406659998985,-0.311064,-0.104704,-0.036975,-0.94388,0.97534,0.134938,-0.174653,-0.00466,0.803745,0.594956,-0.078316,1.205857,2.942113,-25.270590861615517,-12.561020653141467,-4.848282411943973,-0.212722,-0.115848,-0.064933,0.968046,0.964726,-0.076429,0.251917,0.175003,0.901066,-0.396805,0.360897,1.137399,2.961973,-9.064815722192447,37.715178061644025,-10.833670733820512,-0.104864,0.313708,-0.063627,0.941564,0.795078,-0.185611,-0.577408,0.054025,0.96991,-0.237392,F,BuildTutorial
36.678,0.115708,1.539211,2.725647,35.71918516713352,16.370923243082476,9.473670333802524,-0.313715,-0.109986,-0.034283,-0.942502,0.973455,0.133632,-0.185814,0.004385,0.800815,0.598895,-0.077727,1.20528,2.942132,-25.038065833518615,-12.197749541181103,-4.723312885360303,-0.21108,-0.112512,-0.06301,0.968925,0.966742,-0.074605,0.244632,0.169602,0.90295,-0.394862,0.360658,1.135282,2.961606,-8.554755960703336,37.62744876248254,-10.844419494439004,-0.100673,0.313484,-0.065251,0.941985,0.794941,-0.18605,-0.577456,0.059813,0.971215,-0.230574,F,BuildTutorial
36.712,0.117854,1.538963,2.72505,35.79922671742645,17.420288963851018,9.264405480566898,-0.314451,-0.1191,-0.029572,-0.941308,0.969881,0.130575,-0.205622,0.01923,0.800492,0.599034,-0.077496,1.205203,2.942099,-25.037262747554436,-11.94738511637469,-4.824401420607705,-0.211113,-0.110581,-0.063403,0.969115,0.967504,-0.076199,0.241102,0.169579,0.902823,-0.395163,0.360052,1.133833,2.96127,-8.451182620248124,37.21297483429177,-10.80493476017275,-0.099481,0.310211,-0.065582,0.943171,0.798937,-0.18543,-0.572115,0.061989,0.971605,-0.228344,F,BuildTutorial
36.746,0.120999,1.538975,2.724435,35.81079636098248,19.01019894657379,9.20096607168496,-0.314852,-0.13231,-0.024668,-0.93955,0.963771,0.12967,-0.23309,0.036962,0.80052,0.598165,-0.077599,1.205256,2.942147,-25.072445303944317,-11.79383155476954,-4.8482865601413465,-0.211473,-0.109332,-0.06335,0.969181,0.968067,-0.076553,0.238719,0.169036,0.902532,-0.396059,0.359936,1.132839,2.960457,-8.490019659413873,37.220376500543125,-9.868548406328545,-0.097265,0.311039,-0.057757,0.943641,0.799838,-0.16951,-0.575782,0.048497,0.974407,-0.219496,F,BuildTutorial
36.778,0.12502,1.538776,2.723525,35.80910324560661,21.122712406434072,9.438639745089676,-0.315549,-0.148955,-0.020806,-0.936914,0.954759,0.132992,-0.265985,0.055018,0.799992,0.597483,-0.077036,1.204688,2.941535,-25.028105516429815,-11.724747850532877,-4.702116125504333,-0.211274,-0.108471,-0.061951,0.969412,0.968792,-0.074278,0.236483,0.165947,0.903051,-0.396183,0.361035,1.132153,2.959493,-8.485401145672702,37.35654952583322,-9.50687179937017,-0.09631,0.31247,-0.054677,0.94345,0.798746,-0.163358,-0.579067,0.042982,0.97547,-0.215898,F,BuildTutorial
36.812,0.129393,1.538516,2.722338,35.927040675486694,23.49365526562439,9.72876608688157,-0.317287,-0.167361,-0.016412,-0.933301,0.943442,0.136837,-0.301982,0.075569,0.798119,0.597742,-0.076835,1.203979,2.941301,-24.926672849237143,-11.787899975336536,-4.5368285387281695,-0.210537,-0.108686,-0.060588,0.969634,0.969033,-0.071731,0.236284,0.163261,0.904007,-0.395117,0.363292,1.13151,2.959105,-8.660234911117168,37.250098477101865,-9.670295390213177,-0.098137,0.311298,-0.055619,0.943594,0.8,-0.166064,-0.576561,0.043864,0.974551,-0.219832,F,BuildTutorial
36.845,0.134141,1.538291,2.720866,36.04019865860844,26.005518349763612,10.142568260653997,-0.319152,-0.18648,-0.012573,-0.929091,0.930135,0.142393,-0.338488,0.095668,0.795969,0.597731,-0.077205,1.20322,2.94153,-24.683114983278912,-11.79130903167161,-4.581336344079156,-0.208428,-0.108761,-0.060776,0.97007,0.968955,-0.072576,0.236347,0.163251,0.905728,-0.391159,0.368075,1.130949,2.958627,-9.051838749763656,37.49656912234635,-9.05565582683524,-0.099784,0.31351,-0.049238,0.943043,0.798575,-0.155433,-0.58148,0.030301,0.975238,-0.219074,F,BuildTutorial
36.879,0.139181,1.538134,2.71935,36.09092271695229,28.537257526062803,10.65216443508612,-0.320672,-0.205466,-0.009516,-0.924588,0.915386,0.149371,-0.37384,0.114178,0.794158,0.596889,-0.076696,1.202094,2.941422,-24.37249634408943,-11.587281734446798,-4.6512709666146455,-0.205835,-0.107112,-0.060753,0.970808,0.969672,-0.073865,0.23298,0.162054,0.907882,-0.386638,0.375389,1.130435,2.957585,-9.443830614193216,38.32008323063807,-8.27504538651657,-0.101157,0.320631,-0.040975,0.940895,0.791033,-0.141974,-0.595071,0.012238,0.976177,-0.216631,F,BuildTutorial
36.911,0.144326,1.538131,2.717974,36.06134884199588,30.93138255985017,11.111198388581904,-0.321465,-0.223494,-0.006573,-0.920145,0.900014,0.155788,-0.407068,0.131594,0.793234,0.594527,-0.076544,1.201583,2.941607,-24.264348827039225,-11.305979567114775,-4.765391282500827,-0.204961,-0.104915,-0.061132,0.971209,0.970512,-0.075737,0.228847,0.16175,0.908508,-0.385292,0.385724,1.12923,2.956446,-9.341447005222014,39.632890461196375,-7.868344678301158,-0.099609,0.33183,-0.036793,0.937344,0.77707,-0.135082,-0.614748,0.002869,0.977449,-0.211154,F,BuildTutorial
36.944,0.149389,1.53811,2.716868,35.92758673014462,33.14575214327602,11.56335194099434,-0.321433,-0.240171,-0.004323,-0.915958,0.884598,0.162317,-0.437195,0.146479,0.793324,0.590915,-0.076291,1.201237,2.941822,-24.18063427445856,-11.131209591594375,-5.123467063605676,-0.204019,-0.104057,-0.063792,0.971329,0.970206,-0.081466,0.228176,0.166384,0.908614,-0.383063,0.39843,1.126706,2.956335,-8.695996304915885,40.892370448040666,-7.182978635809775,-0.092718,0.343188,-0.032095,0.934128,0.762384,-0.123602,-0.635212,-0.003677,0.980747,-0.19525,F,BuildTutorial
36.978,0.154467,1.53809,2.716005,35.70128983317655,35.07172499585977,12.001356571275466,-0.320672,-0.25467,-0.003029,-0.912307,0.870268,0.168858,-0.462732,0.157804,0.794321,0.586645,-0.075431,1.200618,2.941854,-24.022101761924382,-10.941947913493156,-5.4628803099478676,-0.202473,-0.10302,-0.066217,0.9716,0.970004,-0.086955,0.227003,0.170391,0.90924,-0.379803,0.412752,1.124584,2.956928,-7.975167062853574,42.211252883821594,-6.085002385746703,-0.08385,0.355267,-0.024391,0.930677,0.74638,-0.104978,-0.657188,-0.014178,0.984749,-0.173405,F,BuildTutorial
37.012,0.159441,1.538086,2.715278,35.5862326273618,36.8490272597707,12.400666641403104,-0.320724,-0.267864,-0.001552,-0.908506,0.856493,0.174641,-0.485717,0.169001,0.794268,0.58359,-0.074813,1.20037,2.942182,-23.86477111859295,-10.66382647903437,-5.66089198125818,-0.201122,-0.100972,-0.067294,0.972022,0.970552,-0.090207,0.223363,0.171438,0.910043,-0.3774,0.429516,1.123444,2.958444,-7.727233124763342,43.72609072975824,-5.559659284743736,-0.080481,0.368073,-0.019845,0.926095,0.728257,-0.096003,-0.678546,-0.022489,0.986258,-0.163676,F,BuildTutorial
37.045,0.16434,1.53793,2.714665,35.494328194340866,38.41152023012713,12.71551028865992,-0.320776,-0.279504,6e-05,-0.904975,0.843755,0.179207,-0.505928,0.179426,0.794206,0.580555,-0.074792,1.200356,2.94309,-23.740055886331064,-10.523004832280714,-6.001472767789088,-0.199847,-0.10034,-0.06985,0.97217,0.970106,-0.095708,0.223014,0.175918,0.910364,-0.374553,0.447559,1.123471,2.96072,-7.629961533774179,45.05263773144652,-4.579581351141196,-0.076682,0.379498,-0.011354,0.921939,0.711705,-0.079137,-0.698007,-0.037267,0.987982,-0.150011,F,BuildTutorial
37.079,0.169205,1.537726,2.71435,35.376709044335485,39.64634601462361,12.890478446457433,-0.320296,-0.288958,0.001777,-0.90217,0.833,0.181898,-0.522517,0.188311,0.794815,0.576896,-0.075082,1.200631,2.944263,-23.59938545423258,-10.424619053867298,-6.34575432479997,-0.198411,-0.100062,-0.072504,0.972298,0.969462,-0.101285,0.22335,0.180698,0.910753,-0.371319,0.467118,1.123695,2.964316,-7.530819647010172,46.25063778840048,-4.299884797538264,-0.075054,0.389354,-0.008652,0.917984,0.696657,-0.074329,-0.713544,-0.042561,0.988584,-0.144533,F,BuildTutorial
37.111,0.174099,1.537392,2.714263,35.440196560068884,40.61243243109683,13.039005315403712,-0.321139,-0.296024,0.003511,-0.899571,0.824714,0.183813,-0.534845,0.196447,0.793715,0.575696,-0.073959,1.200679,2.944699,-23.45956450033822,-10.290563694690247,-6.609010542310094,-0.197079,-0.099334,-0.074413,0.9725,0.969191,-0.105579,0.222535,0.183886,0.911245,-0.368536,0.488503,1.125011,2.96969,-7.897732626286426,47.700375680897416,-3.0042064651463583,-0.073538,0.401597,0.003918,0.912851,0.677409,-0.051913,-0.733772,-0.066218,0.989154,-0.131113,F,BuildTutorial
37.144,0.179075,1.536927,2.714391,35.562887179851636,41.33022978396331,13.053654861096096,-0.322084,-0.301389,0.0058,-0.897437,0.818262,0.183734,-0.544691,0.204556,0.792457,0.574604,-0.07279,1.200521,2.945554,-23.31197612350697,-10.04836583397276,-7.072766658050048,-0.195585,-0.098021,-0.077838,0.972666,0.968666,-0.113078,0.221132,0.189764,0.911375,-0.365219,0.510989,1.126143,2.976604,-8.309357664694627,48.99959044984244,-2.154113326321689,-0.073689,0.412288,0.012979,0.907976,0.659701,-0.037193,-0.750607,-0.08433,0.988803,-0.123113,F,BuildTutorial
37.178,0.184132,1.536469,2.714972,35.67012487924984,41.793200530110454,13.013669831539694,-0.322767,-0.304929,0.00776,-0.89598,0.813916,0.182938,-0.55143,0.210747,0.791522,0.573654,-0.071397,1.200223,2.94653,-23.103745781846712,-9.74096216145536,-7.691993576830325,-0.193503,-0.09638,-0.082443,0.972867,0.967828,-0.123112,0.219435,0.197711,0.911519,-0.360615,0.534176,1.126889,2.98452,-7.58344308591972,50.3652969235715,-1.627948910842317,-0.06587,0.423681,0.015308,0.903284,0.640521,-0.028161,-0.767425,-0.08347,0.990854,-0.106027,F,BuildTutorial
37.211,0.189383,1.536013,2.716184,35.78106471939752,41.993318473911835,12.968626214970149,-0.323475,-0.306417,0.009035,-0.895204,0.812054,0.182061,-0.554457,0.214413,0.790564,0.573616,-0.069112,1.199536,2.947233,-22.685744909861057,-9.495922322256964,-8.22525294173534,-0.18968,-0.095004,-0.086313,0.97342,0.967049,-0.131997,0.217701,0.204078,0.913144,-0.352876,0.557453,1.127033,2.994534,-6.5320129196128764,51.06485916964171,-2.1574044256104647,-0.0595,0.429278,0.007592,0.901179,0.631326,-0.0374,-0.774615,-0.064767,0.992804,-0.100722,F,BuildTutorial
37.245,0.194767,1.535378,2.717665,35.94739155441859,42.05797649033581,12.88652654088881,-0.324513,-0.30685,0.010398,-0.894666,0.81147,0.180548,-0.555805,0.217759,0.789167,0.57428,-0.06669,1.199169,2.947605,-22.284340809051432,-9.235781988845384,-8.432375662407027,-0.186288,-0.09294,-0.087416,0.974175,0.967441,-0.135689,0.213648,0.204943,0.915311,-0.346705,0.580003,1.128708,3.004596,-7.029096617863504,51.78007407896033,-1.4754080268646486,-0.060756,0.435078,0.015204,0.898212,0.620952,-0.025555,-0.783432,-0.080179,0.992155,-0.095914,F,BuildTutorial
37.278,0.200599,1.534829,2.719393,36.0309741188008,42.01567820578641,12.759064859222253,-0.32481,-0.306728,0.011544,-0.894585,0.811569,0.178603,-0.556288,0.21991,0.78873,0.57406,-0.063629,1.198857,2.947502,-21.90051241701321,-8.946596184279567,-8.821561211454776,-0.182928,-0.090912,-0.090048,0.974763,0.967253,-0.142291,0.210181,0.208812,0.916857,-0.34025,0.602987,1.129396,3.013855,-7.043857095659588,53.235733154297215,-1.5401385250295216,-0.060925,0.446413,0.015528,0.892615,0.600948,-0.026673,-0.798843,-0.082117,0.992094,-0.094901,F,BuildTutorial
37.311,0.20668,1.534169,2.721244,36.18711070108482,41.98617793243259,12.785130391976468,-0.326068,-0.306139,0.011762,-0.894327,0.812281,0.178606,-0.555247,0.220682,0.787083,0.576021,-0.061069,1.198762,2.947933,-21.547547819528997,-8.55397284142096,-9.436639057703545,-0.179753,-0.088349,-0.094476,0.975171,0.966537,-0.152499,0.206276,0.216023,0.917526,-0.333886,0.622842,1.127012,3.025015,-6.7970113681944415,52.70531693967358,1.1126229878081584,-0.048815,0.443609,0.034998,0.894205,0.603972,0.019281,-0.796773,-0.105901,0.992784,-0.056251,F,BuildTutorial
37.345,0.212666,1.533174,2.723379,36.426944101751694,42.01035714488917,12.806673642421329,-0.327942,-0.305827,0.012439,-0.893739,0.812631,0.178353,-0.554817,0.222822,0.784598,0.578582,-0.058369,1.198585,2.948254,-21.289364366790984,-8.167231418321125,-9.967864117874116,-0.177472,-0.085729,-0.098269,0.975447,0.965987,-0.161284,0.202129,0.222142,0.917694,-0.329379,0.641529,1.125447,3.033488,-6.493472409806626,53.34960106365386,2.788102030723913,-0.039689,0.449304,0.047122,0.891252,0.591811,0.04833,-0.804627,-0.11966,0.992409,-0.028402,F,BuildTutorial
37.378,0.218626,1.532151,2.725775,36.63158329727694,41.970535194930335,12.838849126212445,-0.329583,-0.305048,0.012736,-0.893397,0.813567,0.178322,-0.553453,0.223833,0.782426,0.581127,-0.055606,1.198087,2.948336,-21.01983586868606,-7.922047564068064,-10.60443230274191,-0.174915,-0.084444,-0.103188,0.975513,0.964443,-0.171781,0.200851,0.230863,0.917514,-0.323837,0.659506,1.124006,3.038746,-5.573281864314494,55.3263611624146,2.125822680066063,-0.03445,0.464443,0.038978,0.884074,0.565547,0.036918,-0.823889,-0.100918,0.994588,-0.024706,F,BuildTutorial
37.411,0.22429,1.531047,2.727983,36.925711305829424,41.93721156297851,12.904159229832471,-0.331988,-0.304057,0.013082,-0.89284,0.814756,0.178527,-0.551634,0.225246,0.779226,0.584869,-0.053006,1.197625,2.948408,-20.681950729469083,-7.753721757199539,-11.353988115568958,-0.171637,-0.083904,-0.109168,0.975491,0.962085,-0.184182,0.201169,0.241786,0.917246,-0.316542,0.673994,1.121262,3.044495,-4.192698923794792,56.07913636961412,1.8566912890026437,-0.024671,0.470228,0.031484,0.881638,0.555789,0.032313,-0.830696,-0.078717,0.9968,-0.013893,F,BuildTutorial
37.445,0.229557,1.530081,2.730067,37.248969418662995,41.99600043783037,13.052765232750543,-0.33482,-0.303481,0.013142,-0.891977,0.815453,0.179778,-0.550196,0.226667,0.775446,0.589326,-0.050826,1.19751,2.948443,-20.281370873920498,-7.715637267514748,-11.762347469720352,-0.167956,-0.083881,-0.11242,0.975765,0.960651,-0.191214,0.20146,0.247568,0.918305,-0.308911,0.684886,1.117123,3.049342,-1.9805764792929033,56.31928230583939,1.198594574091496,-0.010301,0.471993,0.017376,0.881371,0.553842,0.020905,-0.83236,-0.040353,0.999184,-0.001756,F,BuildTutorial
37.477,0.23446,1.529323,2.732158,37.456473522013454,42.06038949819559,13.12093592345398,-0.33656,-0.303393,0.013473,-0.891346,0.815542,0.180202,-0.549926,0.228239,0.773092,0.591808,-0.049802,1.19838,2.948748,-20.179859754986506,-7.872024690824903,-11.710867057861462,-0.166974,-0.085059,-0.112167,0.97586,0.960367,-0.190513,0.203469,0.247324,0.919076,-0.306806,0.692867,1.116145,3.052873,-2.661821451279883,56.880877222790815,1.5660572032984297,-0.013915,0.476351,0.023074,0.878842,0.545114,0.027299,-0.837917,-0.053814,0.998548,-0.002476,F,BuildTutorial
37.511,0.238591,1.528363,2.734283,37.71895179331046,42.06414960625451,13.141632918408153,-0.338595,-0.302867,0.014175,-0.890744,0.816142,0.179845,-0.549153,0.230351,0.770305,0.594616,-0.048239,1.198899,2.948529,-20.10140659840795,-7.966107363221547,-12.021408270047006,-0.165979,-0.08625,-0.114914,0.975606,0.958711,-0.195591,0.206439,0.252853,0.918492,-0.304037,0.699146,1.115093,3.056408,-3.0530448518023277,56.7311632558501,2.609719321499416,-0.01262,0.475338,0.032684,0.879106,0.545972,0.045468,-0.836569,-0.069463,0.997545,0.008884,F,BuildTutorial
37.544,0.242024,1.527525,2.736465,37.892888023359426,41.90088464595246,13.148864036261209,-0.339946,-0.301248,0.014199,-0.890778,0.818096,0.17952,-0.546344,0.230113,0.76847,0.597078,-0.04736,1.199379,2.948266,-20.079259195046316,-8.121901300685204,-12.358760885702356,-0.165375,-0.088046,-0.118001,0.975179,0.956647,-0.201023,0.210751,0.259266,0.917453,-0.301762,0.70284,1.112065,3.059326,-2.4855926747603605,56.24723016448556,2.7214351959157046,-0.007932,0.471586,0.031159,0.881234,0.553272,0.047435,-0.831649,-0.062397,0.997932,0.015409,F,BuildTutorial
37.577,0.244855,1.526598,2.738299,38.13811299567387,41.710738030482,13.17987524072706,-0.3419,-0.299214,0.014184,-0.890716,0.82054,0.179335,-0.542728,0.229869,0.765807,0.600583,-0.047152,1.199778,2.948029,-19.955479288513768,-8.325357584529426,-12.45465971986362,-0.164034,-0.089814,-0.119054,0.975117,0.955519,-0.202718,0.214216,0.261648,0.917838,-0.298519,0.706597,1.109064,3.061523,-1.8032842151006825,56.48807168117489,0.995833560427386,-0.00975,0.473272,0.015101,0.880733,0.551572,0.017371,-0.833947,-0.035828,0.999354,-0.00288,F,BuildTutorial
37.611,0.246887,1.525729,2.740031,38.348111624198985,41.41296630863201,13.194810133664648,-0.343559,-0.296457,0.013852,-0.891005,0.823843,0.179016,-0.537806,0.228385,0.763551,0.604012,-0.047321,1.200143,2.947623,-19.92442125760633,-8.566543106017866,-12.583104425144445,-0.163415,-0.092024,-0.120477,0.97484,0.954034,-0.204815,0.218793,0.264967,0.917562,-0.296434,0.710405,1.105556,3.063069,-0.7121673937288538,56.98329866928175,-0.0352884930081674,-0.005609,0.47702,0.002694,0.878871,0.54489,-0.000616,-0.838508,-0.010086,0.999923,-0.007288,F,BuildTutorial
37.644,0.248387,1.524918,2.741775,38.548519904732686,41.0048304793952,13.165736981321553,-0.345045,-0.292991,0.013491,-0.891582,0.827948,0.178135,-0.531761,0.226247,0.761524,0.607367,-0.047747,1.200112,2.94705,-19.852337294499545,-8.812991834590248,-12.812407370127817,-0.162352,-0.094386,-0.122743,0.974509,0.952051,-0.208581,0.223814,0.269875,0.917152,-0.293256,0.714364,1.10325,3.063521,-0.1444144172854812,57.85038517277477,-1.6348376434580825,-0.008003,0.483602,-0.011877,0.875171,0.531976,-0.028529,-0.846279,0.013048,0.99959,-0.025495,F,BuildTutorial
37.677,0.2492,1.524024,2.743188,38.87005910324093,40.556189767709505,13.08832993622241,-0.34733,-0.289128,0.013754,-0.891952,0.832432,0.17631,-0.525331,0.225381,0.758345,0.61165,-0.048881,1.200001,2.946762,-19.60965469045119,-9.074247305563906,-13.043213941316631,-0.159807,-0.096726,-0.124952,0.974419,0.950062,-0.212597,0.228439,0.274427,0.917698,-0.287265,0.718009,1.100647,3.063299,0.5363823559618901,58.79338132480333,-3.913426323402711,-0.012684,0.490701,-0.032044,0.870646,0.516372,-0.068246,-0.853641,0.043351,0.997625,-0.053534,F,BuildTutorial
37.711,0.249535,1.523478,2.744349,39.182661434600625,40.04943301710861,12.927468882590182,-0.349352,-0.285086,0.014443,-0.892452,0.837035,0.173412,-0.518942,0.224969,0.75549,0.615325,-0.050366,1.200134,2.946387,-19.56380138648108,-9.455947911630062,-12.998386445004751,-0.159038,-0.09987,-0.125078,0.974212,0.948763,-0.211938,0.234373,0.27547,0.918125,-0.28489,0.720664,1.096994,3.063053,1.4423780342601975,59.44067709329568,-4.877563277332893,-0.010173,0.495744,-0.043186,0.867335,0.504746,-0.084999,-0.859073,0.064827,0.996063,-0.060465,F,BuildTutorial
37.745,0.249485,1.522967,2.745202,39.53590030028892,39.66261154234528,12.780464328032023,-0.351711,-0.281866,0.015497,-0.892531,0.840623,0.170608,-0.514048,0.225933,0.752119,0.619089,-0.051649,1.1997,2.946047,-19.473455593867605,-9.734030883172585,-13.105425451128962,-0.157868,-0.102305,-0.126323,0.973989,0.947152,-0.213773,0.239173,0.278376,0.918241,-0.281676,0.723386,1.094928,3.062435,1.56710608187128,60.40783846203697,-5.5235736312159,-0.012433,0.503017,-0.04851,0.862824,0.489241,-0.096219,-0.866825,0.071203,0.994984,-0.070258,F,BuildTutorial
37.778,0.248952,1.522844,2.746174,39.65428181765767,39.23364689548371,12.642980829264094,-0.352329,-0.278727,0.015613,-0.89327,0.844135,0.168513,-0.50896,0.224301,0.751242,0.620746,-0.052789,1.199084,2.94569,-19.35733419847381,-10.019778345415604,-13.156131273779456,-0.156516,-0.104704,-0.12708,0.973854,0.945776,-0.214739,0.243712,0.28029,0.918707,-0.278235,0.725597,1.093547,3.061216,1.6253579165913188,61.52747301905709,-5.989871243914059,-0.014551,0.511386,-0.052136,0.857645,0.471532,-0.104312,-0.875658,0.074546,0.99414,-0.078284,F,BuildTutorial
37.812,0.247871,1.522799,2.746984,39.7685243761937,38.79365207752622,12.521313947138689,-0.352961,-0.275461,0.015554,-0.894035,0.847759,0.166642,-0.503523,0.222265,0.750353,0.62255,-0.054429,1.198472,2.945828,-19.22554443221929,-10.411780053467783,-13.08018530234052,-0.155028,-0.10782,-0.126889,0.973776,0.944548,-0.213692,0.249328,0.280552,0.919731,-0.274564,0.726638,1.093248,3.060378,1.54208204268959,62.37964503476487,-6.1850207392419,-0.016441,0.517695,-0.053105,0.853757,0.458343,-0.107702,-0.882226,0.073655,0.993819,-0.083059,F,BuildTutorial
37.845,0.246152,1.522632,2.747702,39.98121591232018,38.244302779520694,12.488033823061214,-0.354569,-0.270889,0.014755,-0.894809,0.852803,0.165691,-0.495251,0.218504,0.748126,0.626549,-0.055485,1.197842,2.945772,-19.05061689931427,-10.733633573551986,-12.86968815822511,-0.153382,-0.110126,-0.125424,0.973969,0.944282,-0.210535,0.252994,0.2781,0.921485,-0.271155,0.726174,1.096257,3.060161,0.5703551672003162,63.241656621450026,-6.132438756241072,-0.023812,0.523765,-0.048154,0.850167,0.446703,-0.106823,-0.888283,0.056934,0.994228,-0.090932,F,BuildTutorial
37.877,0.243681,1.522367,2.748669,40.268675096484,37.462982246062715,12.462702836502634,-0.356791,-0.264343,0.013376,-0.895904,0.859887,0.164664,-0.483197,0.212597,0.745043,0.632229,-0.056467,1.197494,2.945972,-18.92413584899912,-11.015010526212162,-12.596897643706331,-0.152262,-0.112051,-0.123398,0.974184,0.944435,-0.206303,0.255895,0.274548,0.923178,-0.269008,0.721929,1.103984,3.062818,-1.438193507019618,62.95411399943899,-7.027977301631849,-0.042685,0.520478,-0.045728,0.85158,0.454023,-0.122316,-0.882555,0.033448,0.992174,-0.120301,F,BuildTutorial
37.911,0.240664,1.522083,2.749759,40.5141846847748,36.58981141397825,12.359718755060907,-0.358524,-0.257393,0.012167,-0.897252,0.867202,0.162729,-0.470617,0.206397,0.742626,0.637109,-0.057484,1.197299,2.946451,-18.912722697074607,-11.234374028192596,-12.319930830420075,-0.152203,-0.113539,-0.121327,0.974281,0.944777,-0.201852,0.258171,0.270976,0.924228,-0.269026,0.714406,1.113426,3.068158,-3.3975585361906355,61.23905281159695,-8.377034409345093,-0.062628,0.505888,-0.047768,0.858996,0.483592,-0.145431,-0.863127,0.0187,0.987592,-0.155925,F,BuildTutorial
37.944,0.237052,1.521745,2.750758,40.8516854160324,35.48213582354316,12.240955921284518,-0.360949,-0.248489,0.010574,-0.898809,0.876283,0.160376,-0.454322,0.198392,0.739208,0.643593,-0.05738,1.197233,2.946573,-18.960789727757163,-11.19868716466982,-12.311661455810814,-0.152659,-0.113262,-0.121242,0.974252,0.944944,-0.20166,0.257709,0.270821,0.923991,-0.269993,0.703593,1.126625,3.074565,-6.30818210559532,58.95099866442315,-9.78851894426571,-0.089642,0.485428,-0.047187,0.868388,0.524266,-0.168982,-0.83462,-0.005077,0.979475,-0.2015,F,BuildTutorial
37.977,0.232775,1.521273,2.75186,41.21780914273184,34.009595718160725,11.923266177281713,-0.363209,-0.237296,0.009417,-0.900934,0.887204,0.155408,-0.434417,0.189345,0.735982,0.649984,-0.057884,1.197685,2.94708,-19.1479688961791,-11.17483781640966,-12.12233335653904,-0.154468,-0.11295,-0.119728,0.974191,0.945815,-0.198382,0.257058,0.26817,0.92361,-0.273915,0.690153,1.142048,3.081422,-9.533569357230917,56.444257535571495,-11.114334374338492,-0.118513,0.46195,-0.045919,0.877752,0.568987,-0.190104,-0.800071,-0.028883,0.967692,-0.250474,F,BuildTutorial
38.011,0.228231,1.520975,2.752996,41.52173272212394,32.43616158679476,11.44560253111341,-0.364708,-0.225918,0.008977,-0.903255,0.897761,0.148571,-0.41467,0.181005,0.733815,0.654792,-0.058249,1.197967,2.947577,-19.30091920433208,-11.228437858726032,-11.963291613718551,-0.155874,-0.113306,-0.118553,0.974069,0.946214,-0.195635,0.257694,0.266281,0.923297,-0.276799,0.674149,1.158625,3.087685,-12.59961872949399,53.92120517842248,-12.193886924392816,-0.145115,0.437703,-0.044628,0.886209,0.612849,-0.206133,-0.76284,-0.047935,0.9539,-0.296271,F,BuildTutorial
38.044,0.223442,1.520763,2.753652,41.90184650149807,30.91632395500938,11.121339311254804,-0.367131,-0.214347,0.007636,-0.905103,0.907995,0.143564,-0.393618,0.171209,0.730313,0.66131,-0.058228,1.19814,2.947664,-19.36326482087591,-11.255002560799351,-11.761537974006472,-0.156578,-0.113303,-0.116917,0.974154,0.946986,-0.192309,0.257363,0.263272,0.923627,-0.278568,0.655567,1.175463,3.093869,-15.730228699650098,50.83792298956146,-13.199975103938725,-0.171646,0.408173,-0.044486,0.895519,0.662832,-0.219798,-0.715782,-0.060447,0.937117,-0.34374,F,BuildTutorial
38.078,0.218641,1.520759,2.754327,42.12484969948686,29.34986491979853,10.734143737962464,-0.36825,-0.202854,0.006206,-0.907306,0.917624,0.13814,-0.372672,0.160664,0.728706,0.665713,-0.059346,1.198805,2.948348,-19.540522828548003,-11.344709844713185,-11.42800593337028,-0.15833,-0.113735,-0.114328,0.974128,0.947987,-0.186724,0.257788,0.258755,0.923722,-0.282461,0.635831,1.192381,3.09889,-18.95737466661317,48.07659058264664,-13.801341292257638,-0.197583,0.380805,-0.041634,0.902339,0.706509,-0.225618,-0.670777,-0.075345,0.918455,-0.388283,F,BuildTutorial
38.112,0.213803,1.520855,2.75489,42.2558185640402,27.859821455109465,10.316108575146878,-0.368622,-0.19219,0.005028,-0.909481,0.926075,0.132545,-0.353293,0.150837,0.728185,0.668576,-0.060096,1.199278,2.948405,-19.751100373699593,-11.493282540353276,-11.236122609179803,-0.16017,-0.114878,-0.113052,0.973842,0.948045,-0.18339,0.259961,0.25699,0.923129,-0.285987,0.614731,1.208048,3.103784,-21.688948929898277,45.06841309854698,-13.463797611868587,-0.216703,0.353425,-0.034734,0.909354,0.747769,-0.216347,-0.627722,-0.090006,0.903667,-0.418672,F,BuildTutorial
38.145,0.209041,1.52088,2.755358,42.40931797766379,26.50506384408779,10.026782605350377,-0.369398,-0.182138,0.003298,-0.911241,0.93363,0.128552,-0.334379,0.140573,0.727069,0.672019,-0.060874,1.199525,2.948519,-19.864782637778873,-11.569113484359654,-10.94363685605422,-0.161359,-0.115189,-0.110754,0.973873,0.94893,-0.178547,0.2601,0.252894,0.923394,-0.288771,0.593309,1.222503,3.10761,-24.154515270905872,42.018577257933785,-13.147611186853258,-0.234173,0.325918,-0.029987,0.915446,0.785756,-0.207545,-0.582677,-0.097739,0.888528,-0.448292,F,BuildTutorial
38.177,0.204385,1.521065,2.755835,42.554123332729574,25.212831102394148,9.740477801373787,-0.370118,-0.172576,0.001708,-0.912813,0.940429,0.124629,-0.316324,0.130865,0.72602,0.675107,-0.061605,1.199549,2.94817,-19.960453171412677,-11.69297709866536,-10.687907894440514,-0.162314,-0.115943,-0.108825,0.973842,0.949429,-0.174319,0.261148,0.249596,0.923622,-0.290902,0.570597,1.235661,3.111053,-26.679837325283913,38.67289104398132,-12.912006180891716,-0.252558,0.295658,-0.027322,0.920899,0.82368,-0.199663,-0.530742,-0.09902,0.870936,-0.481316,F,BuildTutorial
38.211,0.199642,1.521197,2.756315,42.67936610787137,23.96097900171512,9.428168589235344,-0.370656,-0.163438,0.0004,-0.914277,0.946576,0.120427,-0.299151,0.12189,0.725227,0.677634,-0.063138,1.199651,2.947894,-20.180452191786543,-11.834158683786733,-10.544411544143022,-0.164202,-0.117078,-0.107969,0.973485,0.949271,-0.171763,0.263404,0.248661,0.922761,-0.294415,0.54868,1.24636,3.11428,-28.76607139477723,35.30977512499999,-12.321861299226402,-0.266865,0.266677,-0.02416,0.925788,0.856599,-0.187067,-0.480878,-0.0976,0.856399,-0.507006,F,BuildTutorial
38.244,0.194976,1.521359,2.756725,42.774836048983595,22.82082568479824,9.220099664731242,-0.371114,-0.154885,-0.001448,-0.915578,0.952017,0.117611,-0.282544,0.112309,0.724545,0.680016,-0.064477,1.199402,2.946924,-20.28535603957444,-12.04239411853488,-10.435056138940803,-0.165013,-0.118755,-0.107418,0.973206,0.948717,-0.169887,0.266597,0.248272,0.922464,-0.29567,0.526621,1.254728,3.117023,-30.023833993870024,32.07024819713082,-11.73532178638943,-0.274913,0.239952,-0.023727,0.930743,0.88372,-0.176099,-0.433622,-0.087765,0.847719,-0.523134,F,BuildTutorial
38.277,0.190333,1.521492,2.757188,42.900927021161735,21.733094512743676,9.133542196795196,-0.37197,-0.146312,-0.004054,-0.916633,0.957153,0.116278,-0.265212,0.101416,0.723244,0.683105,-0.067363,1.199255,2.946127,-20.326022519174284,-12.41842575809931,-10.208331645109576,-0.165247,-0.121646,-0.106066,0.972957,0.947904,-0.166192,0.271767,0.246599,0.922887,-0.295752,0.504082,1.261562,3.119376,-31.044866426301493,28.78302375526744,-10.522697047335496,-0.280086,0.214702,-0.019347,0.935458,0.907058,-0.156466,-0.390851,-0.084073,0.842355,-0.532324,F,BuildTutorial
38.311,0.185517,1.521575,2.757741,42.969356007561906,20.55329324345417,8.974310499019381,-0.37226,-0.137302,-0.006492,-0.917894,0.962212,0.114141,-0.247223,0.090306,0.722761,0.685172,-0.07029,1.198725,2.945009,-20.307345029575096,-12.883344431096589,-9.99304191134359,-0.164892,-0.125272,-0.104893,0.972685,0.946609,-0.162743,0.278292,0.245368,0.923616,-0.294496,0.480496,1.267061,3.121432,-32.14223577408617,25.239092922665947,-9.33551248404185,-0.286331,0.187258,-0.016028,0.939517,0.929355,-0.137352,-0.342685,-0.077118,0.835516,-0.544028,F,BuildTutorial
38.344,0.180791,1.521808,2.758355,42.99867960825614,19.447489844762124,8.76190680024231,-0.372174,-0.129094,-0.008333,-0.919104,0.966531,0.111409,-0.231099,0.080773,0.722834,0.686285,-0.073788,1.198021,2.943886,-20.296599444630804,-13.393547101648563,-9.877794114788548,-0.164462,-0.12943,-0.104639,0.97224,0.944597,-0.160895,0.286093,0.24604,0.924006,-0.292706,0.45565,1.271169,3.122733,-32.82898324075724,21.268551129525022,-8.749132802060178,-0.290424,0.155318,-0.019915,0.943999,0.95096,-0.127816,-0.281671,-0.052616,0.830515,-0.554506,F,BuildTutorial
38.377,0.17618,1.521889,2.758709,43.05156432514716,18.43130851430272,8.70689420019859,-0.372448,-0.121058,-0.01111,-0.920057,0.970443,0.110618,-0.214484,0.069732,0.722319,0.688036,-0.078058,1.197246,2.942907,-20.246091769049624,-13.907201016083432,-9.741895375032824,-0.16372,-0.133565,-0.104177,0.971856,0.942615,-0.158755,0.293723,0.246224,0.924686,-0.290395,0.429708,1.274199,3.123226,-33.459717940111716,17.047384907994463,-7.138747752966047,-0.292965,0.123946,-0.01638,0.947914,0.968738,-0.103677,-0.225383,-0.041571,0.827806,-0.559472,F,BuildTutorial
38.411,0.171603,1.52193,2.759206,43.069390281844825,17.412295214878302,8.653718062382831,-0.372424,-0.113025,-0.013968,-0.921049,0.974061,0.109917,-0.197798,0.058455,0.722211,0.689198,-0.081931,1.196242,2.941591,-20.083101182008203,-14.446843787168657,-9.598669410780664,-0.162013,-0.137851,-0.103578,0.971607,0.940538,-0.156606,0.301435,0.245941,0.926047,-0.28627,0.403014,1.276529,3.122673,-34.455433250822736,12.663233516054628,-5.674917880808176,-0.299217,0.090634,-0.014371,0.949762,0.983158,-0.081536,-0.163561,-0.026941,0.820525,-0.570975,F,BuildTutorial
38.444,0.167044,1.522002,2.759612,43.10268573632502,16.46694159840934,8.553237400379626,-0.372469,-0.105714,-0.016185,-0.921862,0.977125,0.108591,-0.182851,0.04891,0.722009,0.690153,-0.086132,1.195517,2.940069,-20.02757210970652,-15.12865746607976,-9.341088647566576,-0.161244,-0.143239,-0.102302,0.971091,0.938034,-0.152497,0.311187,0.244883,0.927069,-0.283858,0.376588,1.276938,3.122106,-34.391903572841365,8.66203823929858,-5.230300525695352,-0.297781,0.058617,-0.02116,0.952598,0.992233,-0.075224,-0.099075,0.005404,0.821758,-0.569812,F,BuildTutorial
38.478,0.162546,1.522022,2.759757,43.200570156427894,15.59171646135662,8.521845412391608,-0.373089,-0.098671,-0.018646,-0.922345,0.979833,0.108022,-0.168105,0.03923,0.720914,0.691914,-0.090407,1.19498,2.938382,-20.057060339335177,-15.764171123846408,-9.189011395121064,-0.161122,-0.148423,-0.101938,0.970371,0.935159,-0.150008,0.320899,0.245664,0.927297,-0.282436,0.349691,1.2765,3.120608,-34.382816187488,4.810971376688497,-3.607583366705179,-0.29642,0.030781,-0.017645,0.954398,0.997482,-0.051929,-0.048293,0.015433,0.823647,-0.566892,F,BuildTutorial
38.512,0.158109,1.521995,2.759783,43.32282617910063,14.76327420584516,8.48872150022997,-0.373895,-0.091985,-0.02092,-0.922661,0.982202,0.107389,-0.154098,0.030181,0.71953,0.693806,-0.09408,1.194238,2.936314,-20.050386591646426,-16.261291614210347,-9.029299298546094,-0.160834,-0.152404,-0.101277,0.96987,0.933032,-0.147427,0.328203,0.245475,0.927751,-0.281106,0.322544,1.275777,3.118814,-34.57211738781109,1.1445525061902695,-1.5357462343815345,-0.297229,0.005554,-0.009828,0.95474,0.999745,-0.022068,-0.004763,0.015465,0.823117,-0.567661,F,BuildTutorial
38.545,0.153692,1.522212,2.760009,43.30528505328725,13.990270856944322,8.33940503897961,-0.373493,-0.086263,-0.02226,-0.923345,0.984126,0.105545,-0.142674,0.02333,0.720015,0.693566,-0.098807,1.193972,2.934726,-20.032625027186057,-16.834870623106386,-8.785795225733636,-0.160508,-0.156908,-0.100001,0.969338,0.93076,-0.143499,0.336295,0.244239,0.928474,-0.279792,0.295134,1.274679,3.116249,-34.79588756225122,-3.1064405029479008,-0.7334493131752738,-0.298725,-0.027778,-0.01421,0.953829,0.998053,-0.010511,0.06148,0.043703,0.821123,-0.569076,F,BuildTutorial
38.577,0.149358,1.522443,2.760101,43.30921400183223,13.27406804883474,8.23802726461376,-0.373307,-0.080817,-0.023772,-0.923876,0.985807,0.104263,-0.131581,0.016414,0.720154,0.69362,-0.103693,1.193615,2.932699,-20.08772454743221,-17.602102019122928,-8.49971483926399,-0.16071,-0.163017,-0.098722,0.968428,0.927359,-0.138813,0.347471,0.243606,0.928853,-0.279085,0.267575,1.272483,3.113593,-34.75007915893349,-7.176617143229623,-0.515414665607784,-0.297768,-0.061071,-0.022974,0.952406,0.991485,-0.00739,0.13001,0.08013,0.821613,-0.564386,F,BuildTutorial
38.611,0.145101,1.522618,2.760068,43.308202866435934,12.60684545432885,8.301956955838783,-0.373196,-0.075229,-0.026462,-0.924319,0.987281,0.105068,-0.119321,0.007233,0.720049,0.693886,-0.108484,1.192902,2.930476,-20.0222704566628,-18.31419729070936,-8.409738666895683,-0.159671,-0.168881,-0.098877,0.967578,0.923405,-0.137412,0.358387,0.245274,0.929457,-0.275591,0.240593,1.268194,3.111261,-33.95493299147506,-10.083643276336918,1.0913316104754147,-0.291653,-0.081279,-0.016587,0.95292,0.986237,0.015799,0.16458,0.079022,0.829327,-0.553148,F,BuildTutorial
38.644,0.140832,1.522869,2.760054,43.27141884399089,11.966337083216402,8.342586309750619,-0.372772,-0.069963,-0.028915,-0.92483,0.988538,0.105643,-0.10785,-0.001322,0.72041,0.693548,-0.113377,1.192249,2.928161,-19.94996809019987,-19.048348362281963,-8.137654552540829,-0.158837,-0.174673,-0.097508,0.966826,0.919963,-0.133058,0.368733,0.244036,0.930526,-0.273072,0.212786,1.264305,3.107835,-33.82150505639654,-14.227874228568288,3.48187774368208,-0.292109,-0.109664,-0.007164,0.95005,0.975845,0.050456,0.212557,0.077679,0.829242,-0.553466,F,BuildTutorial
38.677,0.136422,1.523182,2.760043,43.27378304479857,11.375894766167994,8.325260286998676,-0.372627,-0.065251,-0.030693,-0.925175,0.989601,0.105422,-0.097862,-0.008165,0.720414,0.693497,-0.118284,1.191698,2.925272,-19.956191686459302,-19.806184075157898,-7.9516238606239,-0.158535,-0.180808,-0.096997,0.965798,0.9158,-0.13003,0.380004,0.244688,0.930917,-0.27115,0.185706,1.260442,3.104169,-33.86215010789391,-17.871097099979885,4.005603360543184,-0.292704,-0.138446,-0.012178,0.946049,0.961369,0.058006,0.269083,0.104089,0.828353,-0.550452,F,BuildTutorial
38.711,0.132006,1.52339,2.760059,43.274743617549376,10.80742295204202,8.366711579950215,-0.3725,-0.060525,-0.032875,-0.925473,0.990512,0.105941,-0.087537,-0.015758,0.720327,0.693456,-0.123657,1.191426,2.922506,-19.984485356502525,-20.612413451946473,-7.785350908092765,-0.15836,-0.187378,-0.096751,0.964599,0.911057,-0.127305,0.392132,0.245998,0.931123,-0.26925,0.160328,1.254772,3.101848,-33.185963114542595,-19.955174385007588,3.930565086007408,-0.286781,-0.156305,-0.017081,0.945005,0.950554,0.057367,0.305216,0.121934,0.83493,-0.536679,F,BuildTutorial
38.744,0.127583,1.523641,2.760236,43.19303697598761,10.268152693754232,8.450138681867053,-0.371725,-0.05597,-0.03538,-0.925978,0.991231,0.107134,-0.077351,-0.023912,0.721138,0.692379,-0.12926,1.191132,2.919528,-20.008835931403,-21.476837844261556,-7.573433640944848,-0.158191,-0.194364,-0.096198,0.963299,0.905937,-0.123841,0.404897,0.246828,0.931443,-0.267376,0.134291,1.247494,3.099605,-32.10713984180673,-22.92873936838222,5.481456537058085,-0.279842,-0.17783,-0.009866,0.943381,0.936558,0.080914,0.341045,0.118143,0.843182,-0.524486,F,BuildTutorial
38.778,0.123155,1.523821,2.760284,43.16679974615988,9.75754538392037,8.465939787043173,-0.37136,-0.051815,-0.037188,-0.926296,0.991865,0.107379,-0.068372,-0.03041,0.721418,0.691832,-0.135376,1.190792,2.916852,-19.937242828515306,-22.35936694693226,-7.380641428568591,-0.157181,-0.201494,-0.095683,0.96205,0.90049,-0.120761,0.417773,0.247445,0.932278,-0.263873,0.109266,1.240262,3.096678,-31.46172301074312,-25.62771918657523,6.669952959420424,-0.276338,-0.197737,-0.005428,0.940483,0.921741,0.099076,0.374937,0.119494,0.847215,-0.517637,F,BuildTutorial
38.811,0.118748,1.524016,2.760299,43.213081982096234,9.312771407010922,8.567901184662162,-0.371628,-0.047849,-0.039412,-0.92631,0.992314,0.108579,-0.059353,-0.037451,0.720678,0.692258,-0.141431,1.190298,2.913429,-19.97084182580975,-23.36297043365387,-7.19591125892686,-0.156958,-0.209667,-0.095563,0.96035,0.893815,-0.11773,0.432705,0.249366,0.932464,-0.261397,0.086058,1.233,3.093783,-30.68773134153208,-27.066152286403252,7.297872956063816,-0.271105,-0.208835,-0.002125,0.93962,0.912767,0.109239,0.393604,0.117226,0.852995,-0.508583,F,BuildTutorial
38.844,0.114363,1.524226,2.760454,43.17809834727769,8.878961856632376,8.699012060882819,-0.371245,-0.043947,-0.041909,-0.926547,0.992625,0.110292,-0.05032,-0.045032,0.720841,0.691636,-0.148041,1.189647,2.910352,-19.82582430560028,-24.341364770974476,-7.202987448609587,-0.154904,-0.217838,-0.09671,0.958749,0.886388,-0.117954,0.447665,0.252929,0.933304,-0.254893,0.06285,1.224665,3.09111,-28.951105858478524,-28.936533843768167,6.400974394042134,-0.255168,-0.228022,-0.010012,0.939572,0.895811,0.097554,0.433596,0.135182,0.869578,-0.474931,F,BuildTutorial
38.877,0.109889,1.524396,2.760723,43.17982688998918,8.452591315203069,8.794653073077253,-0.371134,-0.040188,-0.044062,-0.926662,0.992887,0.111492,-0.041775,-0.051832,0.720636,0.691373,-0.154458,1.188677,2.907163,-19.478941657300343,-25.246067262960548,-6.924417195745265,-0.151771,-0.224962,-0.094983,0.957777,0.88074,-0.11366,0.459759,0.25023,0.935888,-0.24799,0.04041,1.216244,3.088005,-27.74326602784239,-30.80011411860914,5.097288950674669,-0.242375,-0.247279,-0.021983,0.937883,0.87674,0.078634,0.474493,0.161103,0.881542,-0.443768,F,BuildTutorial
38.911,0.105508,1.524402,2.760744,43.277707775033285,8.084625949977308,8.856411912707584,-0.371799,-0.036929,-0.045673,-0.926454,0.9931,0.112089,-0.034464,-0.057168,0.71936,0.692281,-0.160913,1.186775,2.904196,-18.580843342393223,-26.108330823675967,-6.288713563762841,-0.144803,-0.2312,-0.089143,0.957931,0.8772,-0.103828,0.468764,0.237742,0.942171,-0.236203,0.018856,1.207861,3.083593,-27.287588322248737,-32.67684613965807,6.169873630687136,-0.240743,-0.260794,-0.016075,0.934757,0.863457,0.095515,0.495298,0.155621,0.883569,-0.441687,F,BuildTutorial
38.944,0.101129,1.52456,2.760833,43.306745961517414,7.703705572736958,8.922256825020026,-0.371898,-0.033611,-0.047418,-0.926452,0.993244,0.112861,-0.027008,-0.062862,0.718886,0.69228,-0.168195,1.185109,2.901099,-17.92282522997436,-27.30078278972826,-5.375655072959463,-0.140271,-0.239958,-0.081734,0.957112,0.87148,-0.089139,0.482263,0.223776,0.947287,-0.229285,-0.001491,1.196926,3.07994,-25.22766613151035,-34.349449035596535,5.8307185057579405,-0.223027,-0.277175,-0.016981,0.934422,0.845772,0.091899,0.525571,0.15537,0.899941,-0.407389,F,BuildTutorial
38.977,0.096787,1.524559,2.760891,43.34936353184592,7.319911549024709,9.011979601042306,-0.372104,-0.030181,-0.049356,-0.926386,0.993306,0.113907,-0.019187,-0.068985,0.718205,0.692404,-0.175058,1.18406,2.897946,-17.885308983108462,-28.43714885839125,-5.860642984554456,-0.138083,-0.250022,-0.087084,0.954379,0.859811,-0.097175,0.501281,0.23527,0.946699,-0.22002,-0.020212,1.186317,3.075951,-23.84025909820671,-35.74810859002816,5.1271886618695195,-0.209814,-0.291214,-0.02168,0.933114,0.829449,0.081742,0.55257,0.162662,0.911016,-0.378934,F,BuildTutorial
39.011,0.092428,1.524552,2.761021,43.42025112460199,6.958765807946104,9.017324179111183,-0.372519,-0.027185,-0.050519,-0.92625,0.993418,0.11384,-0.012723,-0.073331,0.717354,0.692839,-0.180509,1.183229,2.894606,-17.938333125070493,-29.148527624341487,-6.305407668506851,-0.136988,-0.25648,-0.091748,0.952384,0.8516,-0.10449,0.513672,0.245028,0.945633,-0.213867,-0.03691,1.175139,3.071569,-22.58997794476371,-37.68128370071644,5.838536102100254,-0.201254,-0.306831,-0.015902,0.930107,0.811203,0.093922,0.577172,0.153082,0.918488,-0.364617,F,BuildTutorial
39.044,0.088095,1.524632,2.761266,43.45726296562333,6.619579132813943,9.00003594101337,-0.372662,-0.024469,-0.051455,-0.926216,0.993507,0.113555,-0.006977,-0.07708,0.71695,0.69285,-0.186399,1.183007,2.891885,-17.83319082299503,-29.920825230652543,-5.584641008715267,-0.137141,-0.262024,-0.086461,0.951347,0.847736,-0.09264,0.522266,0.236377,0.947434,-0.215627,-0.050771,1.163343,3.068291,-20.926424464925574,-38.74250088978135,5.545379362459519,-0.186901,-0.317503,-0.015289,0.92953,0.797917,0.09026,0.595972,0.147106,0.929669,-0.337751,F,BuildTutorial
39.077,0.083926,1.524581,2.76137,43.53298228279134,6.323088673682687,9.05867193635724,-0.373149,-0.02182,-0.05284,-0.926009,0.993464,0.114146,-0.000977,-0.081577,0.715936,0.693384,-0.19116,1.182828,2.888995,-17.833564536948078,-30.552927075100484,-5.580787962308811,-0.136674,-0.267263,-0.087185,0.949889,0.841938,-0.092576,0.531573,0.238688,0.947438,-0.213047,-0.060833,1.152162,3.066403,-19.828701840724975,-39.46115192684928,5.40418797846842,-0.177565,-0.324546,-0.014349,0.928943,0.788929,0.088597,0.608065,0.141914,0.93653,-0.320581,F,BuildTutorial
39.111,0.079729,1.52457,2.761466,43.617428689655895,6.016924782167612,9.075089248344977,-0.373689,-0.019224,-0.053912,-0.925786,0.993448,0.114189,0.004697,-0.085453,0.7149,0.693986,-0.195322,1.183,2.886536,-17.97757269976486,-30.93552614550407,-5.759863844766795,-0.137157,-0.270654,-0.089445,0.948649,0.837492,-0.09546,0.538047,0.243947,0.946375,-0.211809,-0.067748,1.141217,3.066224,-18.603812155684192,-39.90078651094859,6.196269329979534,-0.169913,-0.328016,-0.004936,0.929253,0.784763,0.102295,0.611297,0.120642,0.94221,-0.312547,F,BuildTutorial
39.144,0.075573,1.524707,2.761687,43.65311025972599,5.661762851460085,9.043825907929518,-0.373803,-0.016428,-0.054794,-0.925742,0.993456,0.113732,0.010547,-0.089168,0.714538,0.693891,-0.199264,1.183366,2.884438,-18.060834867560956,-31.18431408366366,-5.560336139938588,-0.138129,-0.272477,-0.088279,0.948095,0.835926,-0.09212,0.541056,0.242668,0.946255,-0.21381,-0.070036,1.130877,3.068765,-17.46441461064312,-39.24644052727627,6.063441227980173,-0.160355,-0.323913,-0.001674,0.932397,0.790156,0.100761,0.604567,0.107003,0.948567,-0.297944,F,BuildTutorial
39.177,0.071509,1.524802,2.761934,43.685039555823614,5.316310892869167,9.049952877929233,-0.373894,-0.013592,-0.05595,-0.925682,0.99337,0.113748,0.016675,-0.093419,0.714145,0.693736,-0.203199,1.183628,2.882728,-18.10029292737499,-31.42867743451261,-5.517786908381826,-0.13837,-0.274448,-0.088311,0.947488,0.833759,-0.091397,0.544511,0.243298,0.94611,-0.213734,-0.069173,1.121361,3.073045,-16.197469948279988,-37.83919281821465,4.857143753777587,-0.146751,-0.315072,-0.005953,0.937635,0.801388,0.081311,0.592592,0.103637,0.956858,-0.271446,F,BuildTutorial
39.21,0.067666,1.524825,2.762082,43.74901976893204,5.00911807519716,9.067261442645409,-0.37426,-0.011004,-0.057053,-0.925502,0.993248,0.113841,0.022337,-0.097368,0.713349,0.694013,-0.20671,1.183693,2.880996,-18.228301381267705,-31.682829393371108,-5.634206456862998,-0.138955,-0.276693,-0.089872,0.946602,0.830728,-0.09325,0.548813,0.247041,0.94523,-0.213336,-0.06568,1.112121,3.077909,-14.977386116343652,-37.11690694678586,5.77143079061719,-0.139283,-0.308937,0.005891,0.94081,0.809047,0.097144,0.579661,0.074975,0.961131,-0.265718,F,BuildTutorial
39.243,0.064144,1.524839,2.762187,43.83495618672367,4.768873635351425,9.084406396586376,-0.374833,-0.008941,-0.057925,-0.925238,0.99313,0.113892,0.02688,-0.100487,0.712291,0.694654,-0.210208,1.183442,2.879912,-18.200465631462357,-31.873801391526733,-5.766408943920509,-0.138253,-0.278429,-0.091131,0.946075,0.828345,-0.095446,0.552028,0.249421,0.945163,-0.210848,-0.059891,1.104653,3.082444,-13.931473509867924,-36.25888860753311,6.039011353246051,-0.131365,-0.302368,0.012007,0.944019,0.816859,0.102111,0.567728,0.056771,0.965198,-0.255283,F,BuildTutorial
39.277,0.060923,1.524808,2.762211,43.935434699766816,4.7016035970939685,9.242769585624153,-0.375619,-0.007801,-0.059364,-0.924838,0.99283,0.115664,0.030167,-0.103943,0.710773,0.695699,-0.21338,1.182954,2.878915,-18.017201259150617,-32.10123810713126,-5.62679859406193,-0.136894,-0.280133,-0.089829,0.945895,0.826913,-0.09324,0.554547,0.246634,0.946382,-0.208646,-0.053119,1.098613,3.08716,-13.192488201000163,-35.66543363975406,6.169845318807064,-0.125566,-0.297886,0.015764,0.946176,0.822031,0.104639,0.559746,0.044979,0.967969,-0.247007,F,BuildTutorial
39.31,0.057936,1.524878,2.76233,43.967886360493225,4.702553527133485,9.35410088991259,-0.375888,-0.007418,-0.06024,-0.924675,0.992632,0.116981,0.031569,-0.105828,0.710159,0.696043,-0.216723,1.18265,2.87842,-17.893188356787974,-32.3673113678658,-5.576990415740014,-0.13578,-0.282266,-0.089446,0.945457,0.824651,-0.092482,0.55803,0.245787,0.947126,-0.206254,-0.044898,1.092137,3.091787,-12.05062859689764,-35.190289878939026,7.261007021856891,-0.118892,-0.29368,0.028359,0.948057,0.825896,0.123604,0.550107,0.016061,0.970121,-0.24209,F,BuildTutorial
39.344,0.055226,1.524977,2.762576,43.96460384451149,4.749561776298138,9.469010216700784,-0.375894,-0.007423,-0.061015,-0.924622,0.992444,0.118411,0.032144,-0.107251,0.709962,0.696025,-0.21923,1.182474,2.877687,-17.950671164684792,-32.54677722113193,-5.619363429626703,-0.136011,-0.283798,-0.090143,0.944899,0.822666,-0.093152,0.560842,0.247551,0.946751,-0.205869,-0.035106,1.086462,3.095871,-11.222881698488376,-34.11402054823589,9.333489483977106,-0.116921,-0.283344,0.048822,0.950611,0.834666,0.15908,0.527283,-0.026564,0.967892,-0.249961,F,BuildTutorial
39.377,0.052838,1.524997,2.762669,44.01507253896419,4.91382671437804,9.68842274552978,-0.376403,-0.007987,-0.062215,-0.92433,0.992131,0.121028,0.032071,-0.109002,0.708901,0.696834,-0.22148,1.182535,2.877484,-18.04240863692795,-32.53612064311106,-5.574642332796987,-0.13689,-0.283659,-0.089977,0.94483,0.822883,-0.092365,0.560653,0.247685,0.946331,-0.20763,-0.024957,1.082784,3.100457,-10.537275799446077,-32.18302436376135,7.864731435775991,-0.106948,-0.269301,0.040222,0.956254,0.851719,0.134527,0.506437,-0.019322,0.973889,-0.226202,F,BuildTutorial
39.41,0.05077,1.524945,2.762729,44.04367338339669,5.1628523422179535,9.949363361372171,-0.376789,-0.009114,-0.063483,-0.924076,0.991774,0.124195,0.030995,-0.110458,0.708,0.697521,-0.223515,1.182421,2.877327,-18.086909586014897,-32.581129970311736,-5.52304738829778,-0.137351,-0.283969,-0.08971,0.944695,0.822627,-0.09149,0.561172,0.247504,0.946174,-0.20856,-0.016571,1.078183,3.103968,-9.536107743543056,-31.29915419593173,7.454214373589691,-0.097346,-0.263048,0.040003,0.959025,0.858411,0.127941,0.496751,-0.025514,0.977847,-0.207761,F,BuildTutorial
39.444,0.049068,1.524859,2.762697,44.12619290372813,5.412668954977176,10.10261501683716,-0.377604,-0.010553,-0.063842,-0.923703,0.991626,0.125912,0.028718,-0.109972,0.706679,0.698936,-0.225338,1.182119,2.87754,-18.004593024267194,-32.810551417636226,-5.473668275480536,-0.136613,-0.2858,-0.089383,0.944281,0.820658,-0.090717,0.564173,0.246893,0.946695,-0.206911,-0.010071,1.074862,3.105522,-9.446206684629034,-31.1074569254961,9.58358453134304,-0.101371,-0.259671,0.058201,0.958597,0.858368,0.164229,0.486039,-0.058937,0.972673,-0.224574,F,BuildTutorial
39.478,0.047525,1.524872,2.762663,44.175040875883674,5.63423583563228,10.233355650994085,-0.378133,-0.011865,-0.064132,-0.923451,0.991493,0.127418,0.026588,-0.109472,0.705805,0.699897,-0.227106,1.181903,2.878468,-17.754365972839643,-32.77208729256822,-5.413533125191442,-0.134721,-0.285409,-0.088249,0.944777,0.821508,-0.089851,0.563074,0.243653,0.948125,-0.204189,-0.003557,1.071755,3.106855,-8.704763527586858,-30.192589123020205,8.83861668355862,-0.093064,-0.253273,0.054475,0.961366,0.865771,0.151882,0.476837,-0.0576,0.976743,-0.206531,F,BuildTutorial
39.511,0.037791,1.499847,2.747525,45.11506277775547,5.416554902152129,9.753656450420747,-0.385505,-0.010902,-0.060362,-0.920665,0.992475,0.119552,0.026466,-0.102741,0.695484,0.711158,-0.238787,1.157559,2.858437,-17.30220844462322,-32.273693673507836,-6.192760654571458,-0.129438,-0.282174,-0.093042,0.946027,0.823442,-0.102993,0.557974,0.249088,0.949178,-0.192395,-0.01012,1.040148,3.085385,-7.639984223864546,-29.312285313217124,7.244414667158424,-0.080275,-0.247879,0.044163,0.964449,0.873211,0.124984,0.471044,-0.04539,0.983211,-0.176736,F,BuildTutorial
39.544,0.036488,1.499973,2.747538,45.11309026518131,5.573474263348585,9.657776592653434,-0.385561,-0.012487,-0.059065,-0.920705,0.992711,0.118393,0.022553,-0.099135,0.695708,0.711451,-0.239032,1.15773,2.859093,-17.386623315785844,-31.943965477991735,-6.349335844722998,-0.130024,-0.279636,-0.094157,0.94659,0.825877,-0.105537,0.553886,0.250975,0.948456,-0.1935,-0.005587,1.039872,3.084926,-7.79803798711995,-28.73887110265358,9.469159435334044,-0.086083,-0.241317,0.062955,0.964569,0.875606,0.162996,0.454695,-0.079903,0.977253,-0.19645,F,BuildTutorial
39.578,0.035193,1.500163,2.747631,45.05910571570263,5.713863770499991,9.583561999910692,-0.385192,-0.01391,-0.058033,-0.920905,0.992878,0.117601,0.019088,-0.096169,0.696519,0.711064,-0.24016,1.158318,2.860343,-17.442279103385534,-31.782335202798315,-6.140013194909634,-0.131127,-0.278067,-0.092371,0.947076,0.828293,-0.102041,0.550925,0.247889,0.948547,-0.197004,-0.001452,1.042016,3.083086,-8.350174266403009,-28.20556877729777,9.851554498955272,-0.091216,-0.236055,0.065382,0.965237,0.880006,0.169282,0.443771,-0.083154,0.97481,-0.206958,F,BuildTutorial
39.61,0.034104,1.50022,2.747452,45.07781863081742,5.876229588964801,9.615388839572896,-0.385428,-0.015092,-0.05773,-0.920807,0.992879,0.117949,0.016708,-0.094682,0.696225,0.711552,-0.241329,1.158673,2.861885,-17.416275324836565,-31.54668392291829,-6.093341943528686,-0.131213,-0.276063,-0.091656,0.947719,0.830776,-0.101283,0.547314,0.246175,0.948765,-0.1981,0.003077,1.044946,3.080981,-8.427451676319656,-26.89538143461216,7.841089965040201,-0.087153,-0.2265,0.049271,0.968852,0.89254,0.134954,0.430302,-0.055993,0.979954,-0.191196,F,BuildTutorial
39.643,0.033072,1.500235,2.747432,45.07645508895652,6.090676635806879,9.6894960427206,-0.385535,-0.016567,-0.057605,-0.920744,0.992814,0.118854,0.013909,-0.093305,0.696088,0.711868,-0.241659,1.158642,2.862771,-17.43985748149078,-31.438695894500377,-6.153820567661919,-0.13135,-0.275241,-0.092086,0.947897,0.831525,-0.102271,0.545992,0.246883,0.948535,-0.198321,0.020029,1.043555,3.068037,-9.47124480569827,-26.505009996068765,8.37688723303833,-0.096831,-0.221981,0.051974,0.968838,0.896047,0.143698,0.420061,-0.05772,0.975845,-0.210701,F,BuildTutorial
39.676,0.032087,1.500348,2.747485,45.00943347358146,6.24457184486812,9.704749744916676,-0.385078,-0.01781,-0.057258,-0.920934,0.992809,0.119179,0.011295,-0.091746,0.696874,0.711302,-0.242365,1.158669,2.863554,-17.48652859724866,-31.487330839158485,-6.0526651751265925,-0.131942,-0.275531,-0.091411,0.947796,0.831453,-0.100569,0.546417,0.245986,0.948471,-0.199735,0.020687,1.047846,3.062946,-10.449740048064772,-27.262899696286812,10.132784710409078,-0.10888,-0.225964,0.064088,0.965908,0.889666,0.173012,0.422566,-0.0746,0.968076,-0.2393,F,BuildTutorial
39.71,0.031276,1.500296,2.747398,45.01436297771543,6.459835796978242,9.81501606321262,-0.385243,-0.019165,-0.057417,-0.920828,0.992672,0.120509,0.008943,-0.090975,0.696583,0.711685,-0.242971,1.158421,2.864377,-17.45314235290879,-31.40919433077735,-5.942978061107341,-0.13199,-0.274756,-0.090338,0.948118,0.832696,-0.098772,0.54485,0.243832,0.948836,-0.200642,0.021227,1.05154,3.058367,-10.844740126610086,-27.98131578011172,9.664703637273396,-0.111643,-0.232102,0.058611,0.964484,0.885387,0.164884,0.43463,-0.061234,0.968201,-0.242563,F,BuildTutorial
39.743,0.030654,1.500195,2.747008,45.087027684460836,6.763038471354478,9.983665370719656,-0.386006,-0.020969,-0.057697,-0.920451,0.992463,0.122403,0.005941,-0.090026,0.695341,0.713019,-0.242861,1.157743,2.865578,-17.328315771268958,-31.047680507549885,-6.052541422273499,-0.130976,-0.271879,-0.090549,0.949067,0.835766,-0.100655,0.539782,0.243093,0.949292,-0.199373,0.023351,1.054717,3.05571,-11.313194941278484,-27.385934774937827,9.451265003451196,-0.114846,-0.226876,0.0564,0.965483,0.890692,0.161018,0.425136,-0.056795,0.967259,-0.247354,F,BuildTutorial
39.777,0.03017,1.500175,2.746599,45.075923053727465,7.072510179362922,10.10678466883354,-0.386097,-0.02305,-0.057652,-0.920367,0.99229,0.123921,0.00209,-0.088324,0.695211,0.713359,-0.242805,1.157426,2.866638,-17.332427181623917,-30.847342214956875,-6.078123120731587,-0.131108,-0.270249,-0.090541,0.949515,0.837536,-0.101077,0.536952,0.242804,0.949226,-0.200041,0.027004,1.056487,3.054738,-11.32667031069818,-26.350212326134596,8.927677954388262,-0.113447,-0.218649,0.052987,0.967737,0.89877,0.152166,0.411167,-0.052945,0.968644,-0.242746,F,BuildTutorial
39.811,0.029723,1.50028,2.746383,44.99112977249733,7.350149391499213,10.20040721667321,-0.385578,-0.025043,-0.057537,-0.920539,0.992125,0.125242,-0.001736,-0.086618,0.696039,0.712761,-0.242769,1.157354,2.867644,-17.36875815048923,-30.76160739338191,-5.9476362162403635,-0.131785,-0.269392,-0.089442,0.949769,0.838856,-0.098895,0.535295,0.240903,0.949266,-0.20214,0.030408,1.058357,3.054165,-11.698395103952016,-25.63062804471517,8.999482615639005,-0.116377,-0.212178,0.053567,0.968797,0.904222,0.153177,0.398648,-0.054406,0.967174,-0.248223,F,BuildTutorial
39.844,0.029322,1.500346,2.746101,44.91986963353527,7.583954763992743,10.282165480516785,-0.385144,-0.026713,-0.057466,-0.920678,0.991968,0.126392,-0.004924,-0.085238,0.696723,0.712258,-0.242291,1.157004,2.868311,-17.311580672377154,-30.53251761204481,-5.811943768056619,-0.131804,-0.267332,-0.087927,0.95049,0.841605,-0.096677,0.531371,0.237618,0.949793,-0.203545,0.033213,1.059596,3.054261,-12.03524719541908,-25.4162900441848,8.888895313084637,-0.118912,-0.21019,0.052185,0.968998,0.906194,0.151122,0.394937,-0.051145,0.966273,-0.252389,F,BuildTutorial
39.877,0.029084,1.500415,2.745619,44.889982374451705,7.810188867644811,10.34791180929018,-0.385034,-0.028338,-0.057259,-0.920688,0.991837,0.127257,-0.008087,-0.083613,0.69694,0.712238,-0.241506,1.156508,2.868725,-17.264593810987744,-30.389250011876513,-5.794829816207118,-0.131562,-0.26612,-0.087517,0.950901,0.843042,-0.096417,0.529136,0.236462,0.950065,-0.203625,0.037176,1.059609,3.055768,-11.753228438494215,-24.44275685397656,8.786657771233271,-0.115903,-0.202293,0.052863,0.971005,0.912566,0.149554,0.3806,-0.055769,0.967544,-0.246471,F,BuildTutorial
39.91,0.028857,1.500513,2.74538,44.838794136522104,7.972668891012271,10.363221182179378,-0.38471,-0.029641,-0.05688,-0.920807,0.991772,0.127558,-0.010823,-0.081945,0.697526,0.711858,-0.241451,1.156427,2.86952,-17.246686473884743,-30.32927404571183,-5.796772121666729,-0.131454,-0.265623,-0.087425,0.951063,0.843603,-0.096459,0.528232,0.236128,0.950153,-0.203599,0.040637,1.060012,3.057164,-11.8724201818545,-23.99130918361737,9.976237230420686,-0.118754,-0.197144,0.063181,0.971102,0.914285,0.169534,0.367888,-0.075888,0.963811,-0.255556,F,BuildTutorial
39.944,0.028754,1.500568,2.745011,44.82105885641134,8.076008782462758,10.306431356365712,-0.384604,-0.030679,-0.056092,-0.920865,0.991825,0.126904,-0.013356,-0.079707,0.697868,0.711778,-0.241054,1.156347,2.8706,-17.194945623876638,-30.007599885960023,-5.762041716338566,-0.131347,-0.262908,-0.086655,0.951902,0.84674,-0.09591,0.52329,0.234039,0.950478,-0.204495,0.043816,1.060833,3.058765,-12.010406757549124,-23.568118453131163,10.02979738562941,-0.119776,-0.193373,0.063819,0.971693,0.917068,0.170348,0.36051,-0.077702,0.963162,-0.257452,F,BuildTutorial
39.977,0.02873,1.500557,2.744584,44.8216240198236,8.240205790113972,10.294193195746434,-0.384685,-0.032039,-0.055442,-0.920824,0.991799,0.126754,-0.016348,-0.077455,0.697888,0.712006,-0.240257,1.156359,2.871258,-17.17684405076214,-29.696630601924507,-5.66852908431093,-0.131643,-0.260215,-0.085482,0.952707,0.849963,-0.094367,0.518323,0.231389,0.950726,-0.206348,0.047514,1.061586,3.060756,-11.802990389128327,-22.706757423839843,8.941085101240423,-0.115763,-0.187363,0.055837,0.973846,0.923555,0.152132,0.351998,-0.065374,0.966963,-0.246393,F,BuildTutorial
40.01,0.028784,1.500655,2.744266,44.754806832284785,8.41087995353317,10.297149706046062,-0.384234,-0.033465,-0.054952,-0.920991,0.991721,0.126937,-0.019413,-0.075504,0.698689,0.71143,-0.240398,1.157012,2.872314,-17.32436938865185,-29.588675876760945,-5.738368161906786,-0.132797,-0.25941,-0.086254,0.952697,0.850533,-0.095451,0.517187,0.233246,0.94985,-0.208281,0.050534,1.062245,3.06273,-11.810084118991234,-22.392956373928772,8.576133557950946,-0.115081,-0.185057,0.053038,0.974524,0.925882,0.145967,0.348477,-0.060781,0.967887,-0.243929,F,BuildTutorial
40.043,0.028741,1.500708,2.743942,44.70160739298698,8.568326122761826,10.310864260818894,-0.383888,-0.034736,-0.054582,-0.92111,0.991629,0.127221,-0.022084,-0.073883,0.699301,0.710999,-0.239566,1.157182,2.872701,-17.365852586699148,-29.391278961470707,-5.778747042500837,-0.133201,-0.257819,-0.086449,0.953055,0.852112,-0.096098,0.514461,0.233465,0.949568,-0.20932,0.053423,1.063069,3.064841,-11.953825806312498,-21.921440893779863,8.930928381914484,-0.116641,-0.180569,0.056284,0.974998,0.928454,0.151878,0.33898,-0.067631,0.966454,-0.247776,F,BuildTutorial
40.076,0.028769,1.500722,2.74359,44.68265506411554,8.695386134377385,10.35259940925916,-0.38381,-0.035636,-0.054509,-0.921113,0.991518,0.127774,-0.023807,-0.073064,0.699437,0.71095,-0.239622,1.157694,2.873437,-17.378796041291853,-29.26217278840534,-5.54627441461117,-0.133927,-0.256475,-0.084392,0.9535,0.854198,-0.092238,0.511702,0.229633,0.949883,-0.212109,0.056803,1.064102,3.067055,-11.871335423906627,-20.99285869200926,8.437873749704197,-0.114736,-0.173226,0.053161,0.97673,0.934333,0.143598,0.326191,-0.064097,0.968019,-0.242551,F,BuildTutorial
40.11,0.028808,1.500746,2.743291,44.6551025932597,8.767125645808951,10.36891312351831,-0.383629,-0.036185,-0.054425,-0.921172,0.991457,0.128033,-0.024906,-0.072507,0.699734,0.710715,-0.239276,1.158161,2.873767,-17.51483254979118,-29.19078999476553,-5.617006379753808,-0.134958,-0.255974,-0.085184,0.953419,0.854442,-0.093341,0.511094,0.231524,0.94906,-0.213732,0.059563,1.064551,3.068619,-11.728534381730912,-20.57591655676257,7.762105202865472,-0.112324,-0.170449,0.048043,0.977764,0.937278,0.132241,0.322526,-0.055659,0.97015,-0.236031,F,BuildTutorial
40.143,0.028816,1.500818,2.742996,44.624771886734024,8.795835958265663,10.33350694750275,-0.383389,-0.036564,-0.054072,-0.921278,0.991479,0.127667,-0.02591,-0.071594,0.700179,0.710369,-0.239204,1.158687,2.874283,-17.65644897094356,-29.101951217061625,-5.689264268595837,-0.136046,-0.255331,-0.085978,0.953365,0.854827,-0.094464,0.510242,0.233411,0.948198,-0.215497,0.061205,1.064741,3.069772,-11.837409394589052,-20.46383215931086,8.100818775743818,-0.113704,-0.169077,0.050869,0.9777,0.937651,0.137919,0.319045,-0.06102,0.968968,-0.239538,F,BuildTutorial
40.176,0.028886,1.500906,2.742695,44.6076254945747,8.807490683888272,10.248725687450785,-0.38323,-0.036958,-0.053367,-0.921369,0.991572,0.126668,-0.0272,-0.070014,0.700573,0.710137,-0.23908,1.158845,2.874694,-17.645405918452155,-28.98887738684744,-5.649413716634799,-0.136127,-0.254342,-0.085489,0.953662,0.856004,-0.093811,0.508387,0.232301,0.948322,-0.21615,0.062205,1.064676,3.070831,-11.752715132049676,-20.459367708549376,8.532151738580072,-0.113617,-0.168677,0.054689,0.977573,0.937115,0.145254,0.31736,-0.068597,0.968201,-0.240586,F,BuildTutorial
40.21,0.028957,1.500996,2.742423,44.544522923572416,8.800804101584484,10.25010184755746,-0.382723,-0.036961,-0.053458,-0.921575,0.991552,0.126823,-0.027206,-0.070239,0.701331,0.709367,-0.238929,1.158874,2.87486,-17.65752203154528,-28.9786095287894,-5.556515830492483,-0.136442,-0.254147,-0.084729,0.953737,0.85646,-0.092266,0.507901,0.230971,0.948409,-0.217191,0.063565,1.064341,3.071649,-11.605514586132388,-20.28593600776028,8.14200758646083,-0.111711,-0.167695,0.051765,0.97812,0.938398,0.138731,0.316486,-0.063797,0.969682,-0.235894,F,BuildTutorial
40.244,0.028987,1.501071,2.74216,44.46303078053245,8.843302391119387,10.290308524578622,-0.382104,-0.037248,-0.053714,-0.921805,0.991455,0.127493,-0.027622,-0.070563,0.702223,0.708452,-0.23887,1.158903,2.875107,-17.679490838412345,-28.933181731938635,-5.766922745809222,-0.136193,-0.254021,-0.086472,0.95365,0.855992,-0.095736,0.508048,0.234119,0.947949,-0.215829,0.064645,1.064306,3.07225,-11.620657047920137,-20.069638164976787,8.173747923627895,-0.111788,-0.165806,0.052223,0.978409,0.939562,0.139261,0.312777,-0.06512,0.969552,-0.236067,F,BuildTutorial
40.277,0.029152,1.501184,2.742038,44.42461088090853,8.846561001935964,10.225388461782655,-0.381777,-0.037528,-0.053216,-0.921958,0.99152,0.12678,-0.028564,-0.069471,0.702829,0.707959,-0.239054,1.159032,2.87541,-17.6446259823185,-28.855758736963864,-5.761470918513949,-0.135972,-0.253367,-0.086262,0.953874,0.856729,-0.095665,0.506818,0.233468,0.948141,-0.215688,0.065235,1.063769,3.072483,-11.409312871817104,-20.06116072257673,8.36790036139373,-0.110265,-0.165708,0.054221,0.97849,0.939202,0.142653,0.31233,-0.069566,0.969804,-0.233755,F,BuildTutorial
40.31,0.029265,1.501216,2.741911,44.40374288036756,8.84110053490338,10.166326257679383,-0.381588,-0.037701,-0.052778,-0.922054,0.991586,0.126102,-0.029246,-0.068556,0.70321,0.707669,-0.239091,1.159102,2.875516,-17.65461247360412,-28.806569742235737,-5.7258756632060015,-0.136171,-0.252916,-0.085928,0.953995,0.857299,-0.09507,0.505964,0.23283,0.948148,-0.216348,0.065246,1.063177,3.072331,-11.149724080293176,-20.278965101531465,8.212581215502945,-0.10793,-0.167915,0.053097,0.978436,0.937971,0.14015,0.317126,-0.067658,0.971064,-0.229036,F,BuildTutorial
40.343,0.029452,1.501153,2.741745,44.40792027271723,8.883536190527382,10.157144230333715,-0.381638,-0.038069,-0.052559,-0.922031,0.991577,0.12598,-0.030084,-0.067865,0.703181,0.707765,-0.238837,1.159047,2.875452,-17.692789128771757,-28.763365340872337,-5.856334753324317,-0.136235,-0.252715,-0.087042,0.953939,0.857118,-0.097208,0.505866,0.234922,0.947728,-0.215925,0.065767,1.063526,3.072396,-11.206978650136508,-20.247679903403892,7.780249939747075,-0.10777,-0.168012,0.049344,0.978633,0.938674,0.132793,0.318209,-0.060367,0.971902,-0.227515,F,BuildTutorial
40.377,0.029639,1.501161,2.741718,44.4165991871632,8.91555982155786,10.118195308563568,-0.381709,-0.038448,-0.052131,-0.92201,0.991608,0.125483,-0.031101,-0.066779,0.703161,0.707888,-0.238841,1.158974,2.875583,-17.67521330680686,-28.73641083038852,-5.912844143471137,-0.135984,-0.252556,-0.087444,0.95398,0.857138,-0.098153,0.505648,0.235527,0.947724,-0.215282,0.066972,1.063241,3.073242,-10.903485818631935,-19.71193433528915,7.469053204356518,-0.104505,-0.163939,0.047654,0.979761,0.941706,0.127644,0.311282,-0.059115,0.973616,-0.220405,F,BuildTutorial
40.41,0.029795,1.501214,2.741707,44.4078560506335,8.95116245832988,10.090549217351516,-0.381646,-0.038835,-0.051798,-0.922039,0.991618,0.125163,-0.032078,-0.065877,0.703327,0.707807,-0.239061,1.158975,2.875939,-17.6044141495266,-28.62948021384194,-5.878494186299479,-0.135549,-0.251618,-0.086885,0.954341,0.858279,-0.097624,0.503812,0.234049,0.948155,-0.214995,0.067825,1.062861,3.073754,-10.705291057900483,-19.39935780318587,7.425240603820966,-0.102621,-0.161443,0.047864,0.980364,0.94329,0.126984,0.306723,-0.060714,0.974356,-0.216667,F,BuildTutorial
40.444,0.029967,1.50132,2.741707,44.391084798891775,9.038771568696788,10.101401082698086,-0.381555,-0.03952,-0.051609,-0.922058,0.991549,0.125332,-0.033496,-0.065015,0.703504,0.707711,-0.239761,1.159252,2.876429,-17.61630670528805,-28.642927659149784,-5.916385583862405,-0.135555,-0.251776,-0.087241,0.954266,0.857995,-0.098243,0.504175,0.234761,0.948028,-0.21478,0.067772,1.062914,3.073166,-10.534604946244334,-19.742880793340603,7.468774417121295,-0.10137,-0.164461,0.048191,0.979977,0.941261,0.127795,0.312565,-0.06111,0.974804,-0.214531,F,BuildTutorial
40.477,0.030065,1.501437,2.741797,44.37313770796557,9.102894664765737,10.06124724718391,-0.381426,-0.040187,-0.051089,-0.922111,0.99155,0.124877,-0.035141,-0.063563,0.703808,0.707541,-0.240307,1.159357,2.876883,-17.579658476103727,-28.65613646026082,-5.984839231728608,-0.135088,-0.251963,-0.087751,0.954236,0.857628,-0.099397,0.504573,0.235546,0.948102,-0.213592,0.067801,1.062843,3.072484,-10.316438206098118,-19.782480386887823,7.51132612500352,-0.099586,-0.164914,0.048856,0.980051,0.940833,0.128609,0.313517,-0.062916,0.975391,-0.211313,F,BuildTutorial
40.51,0.030087,1.501463,2.741933,44.34439420333776,9.12925990098248,10.021863255464442,-0.381194,-0.040558,-0.050711,-0.922212,0.991567,0.124454,-0.036145,-0.062612,0.704239,0.707197,-0.240859,1.15951,2.877412,-17.58107933045002,-28.64058555178834,-5.880059509261174,-0.135342,-0.25171,-0.086863,0.954348,0.858194,-0.097662,0.50395,0.23393,0.948274,-0.214599,0.067977,1.062969,3.071837,-10.366010960636356,-19.800119372332073,7.628354115791288,-0.100185,-0.164928,0.049765,0.979941,0.940644,0.130581,0.313269,-0.064488,0.974973,-0.212765,F,BuildTutorial
40.544,0.030216,1.501466,2.741931,44.33696494143695,9.170562834393202,10.008504855914568,-0.381148,-0.040942,-0.050473,-0.922227,0.991552,0.124305,-0.037041,-0.061885,0.704358,0.707143,-0.240438,1.159387,2.877269,-17.591668702550972,-28.63301402886221,-6.024045029156003,-0.13512,-0.251818,-0.088075,0.95424,0.857661,-0.100038,0.504391,0.236141,0.947971,-0.213516,0.068089,1.062836,3.071049,-10.213674674277936,-20.10196650298951,7.736172668420007,-0.099174,-0.167523,0.050661,0.979558,0.938739,0.132479,0.318148,-0.066024,0.975196,-0.211267,F,BuildTutorial
40.576,0.030265,1.501426,2.741998,44.336705544342685,9.199435672229002,9.975922909775324,-0.381147,-0.041283,-0.050115,-0.922232,0.991568,0.123905,-0.037942,-0.060966,0.704432,0.707149,-0.2404,1.159373,2.877345,-17.618202164817603,-28.606958030242108,-6.031740242850003,-0.135345,-0.251613,-0.088163,0.954254,0.857836,-0.10015,0.50407,0.236368,0.947818,-0.213942,0.068393,1.063061,3.070313,-10.273415677023037,-20.128974973932877,7.944309142560681,-0.1,-0.16753,0.052323,0.979386,0.938392,0.135995,0.317687,-0.068983,0.974524,-0.213409,F,BuildTutorial
40.61,0.030284,1.501395,2.742155,44.33782580023676,9.22275551851292,9.945433744264731,-0.381155,-0.041571,-0.049791,-0.922233,0.991585,0.123528,-0.03872,-0.060147,0.704483,0.707168,-0.240598,1.15942,2.877712,-17.575128305749647,-28.572243431366072,-5.979949224037215,-0.135125,-0.251258,-0.087602,0.95443,0.858391,-0.099318,0.50329,0.235123,0.948134,-0.213913,0.069153,1.063339,3.069797,-10.25146998019233,-19.95921381561001,7.794565384885688,-0.099518,-0.166225,0.051225,0.979715,0.939491,0.133457,0.31551,-0.067288,0.974945,-0.212028,F,BuildTutorial
40.643,0.030435,1.501424,2.742102,44.33258614780774,9.279129685600417,9.94986148318282,-0.381139,-0.042015,-0.049644,-0.922227,0.991541,0.123593,-0.039653,-0.059538,0.704537,0.707165,-0.240694,1.159464,2.877944,-17.607919383989156,-28.60247104800522,-5.983171184915659,-0.135369,-0.251517,-0.087732,0.954315,0.858085,-0.099352,0.503805,0.235542,0.947957,-0.214238,0.070018,1.0642,3.069289,-10.375157314864126,-19.847126589260174,7.38069982962972,-0.099926,-0.16554,0.047592,0.979973,0.940663,0.12636,0.314938,-0.060193,0.9755,-0.211606,F,BuildTutorial
40.676,0.030587,1.501448,2.742138,44.32633837670173,9.349892235864194,9.934388153100697,-0.381114,-0.042642,-0.04929,-0.922228,0.991504,0.123416,-0.041082,-0.05841,0.704645,0.707152,-0.24068,1.159697,2.878321,-17.626995325261113,-28.5806584440015,-6.100428157160198,-0.135288,-0.251476,-0.088722,0.954246,0.857776,-0.101283,0.503946,0.23737,0.947651,-0.213573,0.070961,1.065399,3.068745,-10.467144369115358,-19.675214504543707,7.471085073507694,-0.100769,-0.163927,0.048374,0.980119,0.941576,0.127862,0.311586,-0.061787,0.975011,-0.213391,F,BuildTutorial
40.71,0.030734,1.501452,2.742266,44.32437775781015,9.460410123658912,9.88577220589875,-0.381127,-0.043695,-0.048533,-0.922213,0.991471,0.122823,-0.043598,-0.056209,0.704774,0.707202,-0.240137,1.159627,2.878833,-17.570133317243222,-28.406806208039463,-6.084768371539851,-0.134981,-0.250003,-0.08827,0.954719,0.859414,-0.101056,0.501194,0.236038,0.947977,-0.213601,0.072265,1.067373,3.067913,-10.794704064563293,-19.39956634701091,7.56697224073665,-0.103584,-0.161255,0.048941,0.980241,0.943203,0.129354,0.305998,-0.06254,0.97375,-0.218859,F,BuildTutorial
40.744,0.031113,1.501551,2.742396,44.30507394280567,9.63234855562365,9.869663720845304,-0.381039,-0.045151,-0.04785,-0.922216,0.991344,0.122664,-0.046814,-0.053847,0.70504,0.70712,-0.239454,1.159641,2.879358,-17.533612586957727,-28.185525147493102,-6.0683304193246,-0.134881,-0.248135,-0.087798,0.955263,0.861441,-0.100802,0.497754,0.234678,0.948197,-0.214123,0.074175,1.069895,3.066753,-11.24357998348428,-19.024967429276582,6.89958270722482,-0.106336,-0.158356,0.042901,0.980702,0.946166,0.117825,0.301475,-0.050469,0.973704,-0.222155,F,BuildTutorial
40.776,0.031682,1.5016,2.742531,44.27535403478699,9.884494107242814,9.810715217031971,-0.380881,-0.047405,-0.046566,-0.922233,0.991169,0.122,-0.051964,-0.049778,0.705522,0.706937,-0.239253,1.160068,2.880124,-17.666272633936405,-28.052821384639063,-6.045238000681778,-0.136143,-0.247017,-0.087717,0.955381,0.862576,-0.100348,0.495876,0.234867,0.947541,-0.216802,0.077086,1.072329,3.065247,-11.508765687823216,-18.440291434082933,5.918478683545668,-0.107067,-0.154099,0.034658,0.981626,0.950104,0.10104,0.295115,-0.035044,0.974671,-0.220881,F,BuildTutorial
40.81,0.032512,1.501789,2.742697,44.24889012540732,10.244200352175838,9.670970747231632,-0.380752,-0.05079,-0.044272,-0.922219,0.990921,0.120334,-0.059966,-0.04298,0.706136,0.706771,-0.238782,1.160243,2.880947,-17.66043216503327,-27.93906804314159,-6.20124288902406,-0.135846,-0.246253,-0.088871,0.955514,0.862923,-0.10293,0.494742,0.23674,0.947296,-0.215836,0.081085,1.075003,3.063221,-11.90249975058469,-17.633248032235493,5.374697304298631,-0.109492,-0.147475,0.030208,0.982522,0.954677,0.091654,0.283181,-0.027065,0.974198,-0.224066,F,BuildTutorial
40.843,0.033761,1.502114,2.742948,44.12795676051527,10.76865079083754,9.598701172247306,-0.379949,-0.055369,-0.042072,-0.92239,0.990328,0.119689,-0.070173,-0.035539,0.707737,0.705581,-0.238298,1.160388,2.881826,-17.70627383197911,-27.828354855429275,-6.04365011381058,-0.136653,-0.245148,-0.087517,0.955808,0.864486,-0.100298,0.492548,0.234299,0.947334,-0.218319,0.086434,1.079057,3.060555,-12.935281117905744,-16.75926797905,5.146187947841781,-0.117828,-0.139655,0.027733,0.982774,0.959455,0.08742,0.267964,-0.021599,0.970695,-0.239342,F,BuildTutorial
40.876,0.035314,1.5024,2.743308,43.96441152005313,11.492548562406794,9.569449495958445,-0.378884,-0.061455,-0.039612,-0.922551,0.989308,0.119657,-0.083373,-0.02652,0.709755,0.703949,-0.237282,1.160175,2.882733,-17.7280154241459,-27.668572315644212,-5.97034568142889,-0.137113,-0.24373,-0.086758,0.956174,0.866137,-0.099075,0.489888,0.232749,0.947346,-0.219916,0.093057,1.083491,3.05773,-14.171518095609732,-16.223291952996234,4.666469901606013,-0.12772,-0.134937,0.022605,0.982328,0.962562,0.07888,0.259331,-0.009943,0.966353,-0.257026,F,BuildTutorial
40.91,0.037568,1.502659,2.743612,43.81220330194169,12.536377759116403,9.601334543597018,-0.378033,-0.069907,-0.036591,-0.922424,0.987548,0.120359,-0.101303,-0.01465,0.711505,0.702529,-0.236248,1.15957,2.88421,-17.64932774636266,-27.544323576910553,-6.117424986443252,-0.136236,-0.242859,-0.087681,0.956437,0.866663,-0.101551,0.48845,0.233896,0.947503,-0.218014,0.102048,1.088094,3.055703,-15.140854360266738,-15.007301021923617,4.060857692803618,-0.135121,-0.124742,0.017627,0.982787,0.968257,0.068358,0.240427,-0.000937,0.962863,-0.269988,F,BuildTutorial
40.943,0.040583,1.502979,2.743759,43.67638950319551,13.935170297028728,9.79505911740532,-0.377505,-0.080668,-0.033702,-0.921872,0.984714,0.123043,-0.123285,-0.001233,0.712709,0.701459,-0.234852,1.158978,2.885831,-17.473893700827393,-27.305804664163464,-6.017980427624023,-0.135156,-0.240727,-0.086222,0.957261,0.869233,-0.100003,0.484184,0.230145,0.948598,-0.217247,0.115526,1.09264,3.054432,-15.90786712479582,-12.24071915931444,3.1427747820139658,-0.140432,-0.101779,0.012256,0.984769,0.978982,0.052724,0.197015,0.004448,0.960258,-0.27908,F,BuildTutorial
40.977,0.044533,1.503548,2.743979,43.36559442441816,15.742772916302036,10.015446501911752,-0.375698,-0.094827,-0.029944,-0.921391,0.980222,0.126433,-0.152246,0.016072,0.715908,0.698009,-0.233024,1.158517,2.887951,-17.360758460624847,-26.823103837880975,-5.975953745318185,-0.134655,-0.236628,-0.085082,0.958455,0.873537,-0.099369,0.476507,0.226821,0.949258,-0.217855,0.132377,1.097092,3.053419,-16.61011255427932,-9.319574316384973,2.5379812196821048,-0.145711,-0.077179,0.01011,0.98626,0.987882,0.042435,0.149291,0.002549,0.957332,-0.288979,F,BuildTutorial
41.01,0.049224,1.504151,2.744149,43.00515789554245,17.987695146113992,10.335677808818922,-0.373666,-0.112247,-0.025706,-0.920388,0.97348,0.131204,-0.187411,0.036567,0.719426,0.693606,-0.230796,1.1584,2.890366,-17.375360356586615,-26.323224420714553,-6.0423039219637875,-0.135013,-0.232525,-0.085077,0.959409,0.877388,-0.100459,0.469147,0.226036,0.949067,-0.219501,0.151827,1.10176,3.052581,-17.43181149384533,-6.357688269476536,1.983100853625277,-0.152228,-0.052186,0.008677,0.986929,0.994403,0.033016,0.100365,-0.001239,0.953503,-0.301383,F,BuildTutorial
41.044,0.054627,1.504727,2.7441,42.58598914851584,20.462415137949925,10.788985059352507,-0.371339,-0.131166,-0.021987,-0.918923,0.964624,0.137823,-0.224734,0.057005,0.723248,0.688232,-0.227955,1.158134,2.893006,-17.38323175648328,-25.814925224332104,-6.035398025042106,-0.135469,-0.22826,-0.084434,0.960425,0.881537,-0.100342,0.46133,0.22403,0.949038,-0.22167,0.174336,1.106407,3.052179,-18.053325847765606,-2.7630475303388873,1.7566994549778072,-0.157195,-0.021404,0.011353,0.98727,0.998826,0.029145,0.038694,-0.015687,0.950322,-0.310874,F,BuildTutorial
41.077,0.060566,1.5054,2.743735,42.13820081384622,23.11191462136652,11.386141659893228,-0.369013,-0.151072,-0.019031,-0.916867,0.95363,0.146393,-0.262981,0.076598,0.726934,0.682422,-0.224298,1.157364,2.895993,-17.194733666829027,-25.14057169412886,-6.049621212324017,-0.134348,-0.222591,-0.083414,0.962001,0.886991,-0.100679,0.450679,0.220297,0.949986,-0.221351,0.20015,1.110606,3.051143,-18.3581006017312,0.9655053160355338,1.5446442060667354,-0.159388,0.010467,0.01465,0.987052,0.999352,0.025584,-0.025334,-0.032257,0.948762,-0.314341,F,BuildTutorial
41.11,0.066893,1.505926,2.743019,41.76964661743808,25.92838393279105,11.99651342394628,-0.367405,-0.172152,-0.015606,-0.913857,0.94024,0.155023,-0.303177,0.097975,0.729541,0.676884,-0.220467,1.15693,2.89927,-17.073504432413184,-24.399366834918123,-6.1650207495095435,-0.133644,-0.216478,-0.083301,0.963503,0.892397,-0.102659,0.439419,0.218383,0.950401,-0.221467,0.228006,1.114809,3.049504,-18.70250024098692,4.9118000482169855,1.0735879341000965,-0.161934,0.0438,0.016198,0.985696,0.995638,0.017747,-0.091594,-0.046118,0.94703,-0.317816,F,BuildTutorial
41.142,0.073583,1.50653,2.742145,41.33493985185991,28.73932385595641,12.560399902422247,-0.365251,-0.193411,-0.012082,-0.910515,0.924893,0.163288,-0.343381,0.119286,0.732892,0.669806,-0.216394,1.156717,2.903226,-17.054634441678118,-23.54199405027954,-6.286030234471393,-0.133883,-0.209401,-0.083286,0.965034,0.898429,-0.104678,0.426459,0.216819,0.950278,-0.223522,0.258109,1.118606,3.047183,-19.079920665832837,8.761094527180767,1.2630536328422588,-0.164411,0.077141,0.023496,0.98309,0.986995,0.020832,-0.159399,-0.071563,0.944834,-0.319637,F,BuildTutorial
41.176,0.080677,1.507103,2.741143,40.87868938227721,31.64607197730957,13.20044613417282,-0.363124,-0.215189,-0.009035,-0.906506,0.907224,0.172661,-0.383578,0.1399,0.736118,0.662237,-0.211769,1.156542,2.90769,-16.939859097396248,-22.57890256066134,-6.457152257208062,-0.133306,-0.201458,-0.083416,0.966792,0.904912,-0.107581,0.411776,0.215004,0.950542,-0.224148,0.288857,1.12231,3.043585,-19.62727007987413,12.698251471218546,2.1238038466165334,-0.16735,0.112089,0.036995,0.978806,0.972135,0.034905,-0.231808,-0.109937,0.941251,-0.319314,F,BuildTutorial
41.209,0.087939,1.507543,2.74001,40.46133048772172,34.41303890294278,13.801190903254788,-0.36128,-0.235869,-0.006137,-0.902111,0.888656,0.181502,-0.421126,0.159357,0.738878,0.654725,-0.206485,1.1563,2.912233,-16.78983926611267,-21.57119282280236,-6.540414369491573,-0.132622,-0.193009,-0.082713,0.968668,0.911812,-0.109049,0.395862,0.211438,0.95114,-0.225005,0.321138,1.125049,3.038784,-19.85888433080442,16.930883283877165,3.153541746105798,-0.166502,0.149646,0.052184,0.973222,0.949766,0.051742,-0.308655,-0.151407,0.939108,-0.308467,F,BuildTutorial
41.243,0.095309,1.507972,2.73901,40.04159728522546,36.96555589484504,14.30047900420501,-0.359252,-0.255129,-0.003226,-0.897684,0.869797,0.189104,-0.455733,0.177519,0.741856,0.646635,-0.200767,1.15644,2.916648,-16.83150649150476,-20.60046047486856,-6.671666055980439,-0.13346,-0.18496,-0.082759,0.970118,0.917881,-0.111202,0.380957,0.209941,0.950679,-0.228331,0.353926,1.127158,3.033234,-19.62337598131502,20.98874656234388,3.393121186408837,-0.162173,0.184357,0.05971,0.967547,0.924894,0.055749,-0.376115,-0.17534,0.940269,-0.291805,F,BuildTutorial
41.276,0.102758,1.508231,2.737807,39.7270799759031,39.336041078227794,14.776231818650912,-0.358006,-0.272774,-0.000473,-0.892987,0.851189,0.196154,-0.486828,0.194465,0.743663,0.639648,-0.194678,1.156597,2.921021,-16.7462332324956,-19.618375153196084,-6.964703906490629,-0.132987,-0.176956,-0.083978,0.97157,0.923269,-0.116116,0.366186,0.210247,0.950524,-0.228691,0.385418,1.128494,3.027269,-19.58512230130143,23.922397256707914,4.556836430102944,-0.158138,0.210683,0.073547,0.961871,0.900407,0.074852,-0.428561,-0.20812,0.939166,-0.273227,F,BuildTutorial
41.309,0.110096,1.508488,2.736634,39.43823423848891,41.4983839522881,15.14841320696982,-0.356731,-0.289003,0.002461,-0.888377,0.832942,0.201821,-0.515244,0.210564,0.745475,0.632401,-0.188265,1.156985,2.92522,-16.64059489681275,-18.58812510329007,-7.021813207702089,-0.132753,-0.168247,-0.083125,0.973221,0.929567,-0.117129,0.349553,0.20647,0.950934,-0.230425,0.417259,1.130058,3.019732,-20.06984545714,27.545400966636382,5.900175013701099,-0.156949,0.242828,0.09065,0.952987,0.865635,0.096553,-0.491278,-0.248999,0.934299,-0.255116,F,BuildTutorial
41.343,0.117558,1.508679,2.735656,39.12296981718726,43.40785914972999,15.455260262790752,-0.355113,-0.303472,0.004974,-0.88418,0.81576,0.206738,-0.540181,0.22433,0.74774,0.624949,-0.181286,1.157501,2.929062,-16.74027204294635,-17.470492242529225,-7.34020709344709,-0.133966,-0.159153,-0.084657,0.974452,0.935007,-0.122347,0.332857,0.207631,0.949773,-0.23414,0.450249,1.129751,3.012248,-19.392887736844173,31.70230043423109,5.22841390160838,-0.149575,0.276347,0.089206,0.945147,0.831349,0.085956,-0.549063,-0.251295,0.939339,-0.233438,F,BuildTutorial
41.376,0.12496,1.508624,2.735032,38.874075205078256,44.863744434527995,15.705292407920057,-0.35387,-0.314438,0.006699,-0.880829,0.802167,0.21074,-0.558674,0.234342,0.749462,0.619186,-0.174574,1.158151,2.932814,-16.806105357202476,-16.417758792310362,-7.837480148530614,-0.134647,-0.150804,-0.087732,0.975413,0.939122,-0.13054,0.317818,0.211762,0.948346,-0.236213,0.481878,1.12732,3.005234,-18.402858438534185,35.02320831511288,5.569270447714525,-0.137885,0.304085,0.093793,0.937936,0.79747,0.092086,-0.59629,-0.259801,0.944381,-0.201612,F,BuildTutorial
41.41,0.132246,1.508516,2.734379,38.731403392081866,46.026371600616365,15.807637839781982,-0.353024,-0.323351,0.008998,-0.877916,0.790726,0.212503,-0.574104,0.2441,0.750586,0.614032,-0.168406,1.158597,2.936781,-16.613256081681715,-15.541990248007126,-8.111042982061932,-0.133323,-0.143584,-0.088824,0.976585,0.942988,-0.135203,0.304129,0.211775,0.948671,-0.234894,0.512147,1.125408,2.996932,-18.196480691791177,38.88193581100312,6.536882553810016,-0.130132,0.336615,0.105632,0.926606,0.751065,0.108149,-0.651311,-0.283367,0.943815,-0.170048,F,BuildTutorial
41.443,0.139482,1.508223,2.733908,38.70801560594386,46.9555623099595,15.784299842636932,-0.352701,-0.330582,0.011954,-0.875314,0.781145,0.212265,-0.587159,0.254121,0.750919,0.609544,-0.161984,1.159038,2.940102,-16.54646217250187,-14.733141915952451,-8.306573001137382,-0.133142,-0.136885,-0.089481,0.977512,0.946511,-0.138487,0.291441,0.211388,0.948533,-0.235799,0.542329,1.12132,2.989668,-16.85701112186352,42.793389262121536,5.680470439333066,-0.118423,0.367202,0.099046,0.91724,0.710706,0.094727,-0.697082,-0.268668,0.952332,-0.144505,F,BuildTutorial
41.476,0.146584,1.50757,2.73362,38.77495686633608,47.5225794735828,15.708523850692655,-0.352905,-0.334996,0.014521,-0.873513,0.775134,0.211076,-0.595496,0.261812,0.750494,0.606806,-0.155231,1.159313,2.943034,-16.54212592693023,-13.823650696923083,-8.935639220212554,-0.1331,-0.129853,-0.093788,0.978073,0.948684,-0.148896,0.278977,0.21803,0.946977,-0.236005,0.56842,1.11434,2.984508,-14.672961874600215,45.22214257975914,6.396705519510458,-0.096422,0.387309,0.100102,0.911413,0.679942,0.107778,-0.725302,-0.257159,0.961365,-0.09822,F,BuildTutorial
41.51,0.153658,1.506963,2.733299,38.87661244480646,47.9624216512775,15.609062977457558,-0.353294,-0.33843,0.017006,-0.871986,0.770353,0.209473,-0.602228,0.268788,0.749788,0.604625,-0.148835,1.159673,2.946068,-16.39776294100993,-12.9687728089552,-9.352431238373756,-0.132113,-0.122958,-0.096227,0.978861,0.951244,-0.155896,0.266143,0.220874,0.946573,-0.234976,0.590585,1.107108,2.980355,-12.81080044615372,46.94804508296852,7.592156703402449,-0.075898,0.401753,0.104689,0.906573,0.65527,0.128832,-0.744328,-0.2508,0.96656,-0.053495,F,BuildTutorial
41.543,0.160433,1.506218,2.733228,39.01384184476783,48.36396546975431,15.48104832102051,-0.353849,-0.341577,0.019724,-0.870475,0.765872,0.207395,-0.608627,0.276071,0.748804,0.602559,-0.143057,1.160386,2.948932,-16.295494932419448,-12.35786474811202,-9.580688598339632,-0.131513,-0.117942,-0.097388,0.979444,0.953211,-0.159749,0.25665,0.221793,0.94644,-0.234647,0.610992,1.101624,2.975072,-11.714173519352196,49.59312827933329,6.476445001771002,-0.068924,0.421775,0.093742,0.899204,0.626636,0.110446,-0.771446,-0.226728,0.972924,-0.044877,F,BuildTutorial
41.576,0.166877,1.505465,2.733365,39.15194911478744,48.53159497100658,15.2999546958495,-0.354282,-0.343107,0.022128,-0.86964,0.763577,0.204627,-0.612437,0.281599,0.74799,0.60101,-0.137002,1.161384,2.950947,-16.295537812411286,-11.752389434984188,-9.91247793344266,-0.131699,-0.113147,-0.099529,0.979769,0.954584,-0.165228,0.247931,0.224833,0.945499,-0.235547,0.628197,1.095668,2.970618,-10.369149605647404,51.495512547683525,5.822133407916214,-0.059316,0.436208,0.084761,0.893879,0.605076,0.099784,-0.78989,-0.203281,0.978594,-0.032096,F,BuildTutorial
41.61,0.173042,1.504622,2.733426,39.39681137748935,48.67885386313144,15.159382037673389,-0.355609,-0.344123,0.024558,-0.86863,0.761952,0.202083,-0.615298,0.28741,0.745879,0.600883,-0.131548,1.162789,2.952799,-16.38833574031618,-11.21221396546359,-10.211086597828642,-0.132679,-0.108931,-0.101529,0.979909,0.955652,-0.170072,0.240427,0.227884,0.944176,-0.237907,0.64186,1.087834,2.967514,-8.317024445729809,52.526685310172695,5.969935661870593,-0.04196,0.44412,0.07862,0.891524,0.593152,0.102913,-0.798486,-0.177455,0.984116,-0.004983,F,BuildTutorial
41.643,0.178657,1.503752,2.733385,39.72903838406957,48.779885790161835,15.04197757966478,-0.357644,-0.344526,0.026995,-0.867562,0.761147,0.199595,-0.617104,0.293275,0.742725,0.601955,-0.126692,1.164222,2.954313,-16.499623902922046,-10.8991868348934,-10.277989254861506,-0.133848,-0.106404,-0.101817,0.979998,0.956623,-0.171078,0.235808,0.228045,0.943436,-0.240674,0.654372,1.080247,2.964053,-6.921823180553457,54.12913500852557,5.366146186253634,-0.032438,0.456183,0.069046,0.88661,0.57426,0.092837,-0.813392,-0.152029,0.988361,0.005474,F,BuildTutorial
41.676,0.183534,1.50282,2.73364,40.07910452506288,48.79604998215559,14.85802183169747,-0.359624,-0.344457,0.029737,-0.866681,0.76093,0.196205,-0.618457,0.299295,0.739573,0.602872,-0.1227,1.165639,2.955538,-16.571055454086913,-10.651988834038598,-10.321817594103504,-0.13464,-0.104388,-0.101952,0.980093,0.957418,-0.171735,0.232072,0.227954,0.942956,-0.242633,0.664105,1.072285,2.959517,-5.688815129894551,56.289310768609795,5.350313612325694,-0.02172,0.472647,0.064486,0.878621,0.544893,0.092786,-0.833356,-0.133849,0.99074,0.022792,F,BuildTutorial
41.709,0.187711,1.502074,2.734027,40.41427001708204,48.73037951873653,14.64260757024275,-0.361422,-0.343905,0.032401,-0.866056,0.761359,0.192468,-0.619103,0.304711,0.736648,0.603739,-0.118757,1.166638,2.956233,-16.583192774924058,-10.32098562583135,-10.551569015147598,-0.134834,-0.101835,-0.103536,0.980168,0.95782,-0.175503,0.227551,0.230426,0.942201,-0.243232,0.670613,1.063353,2.954785,-3.3678584777155955,58.49196988377982,5.040815252395527,-0.00414,0.489004,0.052696,0.870678,0.516196,0.087714,-0.851967,-0.095811,0.994412,0.044329,F,BuildTutorial
41.742,0.191356,1.501502,2.734423,40.6803261695038,48.66528249603859,14.4767565236145,-0.36287,-0.343357,0.034432,-0.86559,0.761841,0.18958,-0.619401,0.308795,0.73428,0.604548,-0.115443,1.167666,2.956334,-16.666660033879133,-10.091129769718764,-10.632127532220112,-0.135687,-0.100021,-0.104008,0.980188,0.958357,-0.176751,0.224303,0.231037,0.941543,-0.245191,0.672969,1.056195,2.951158,-1.5888268993812271,59.81113743437358,4.764149323454138,0.008712,0.498593,0.042932,0.865729,0.499124,0.083022,-0.862544,-0.065647,0.996162,0.057895,F,BuildTutorial
41.775,0.194321,1.50112,2.734971,40.83789446614387,48.53744712353874,14.33877604739802,-0.363637,-0.342486,0.03565,-0.865564,0.762865,0.187365,-0.618814,0.310796,0.732995,0.605082,-0.113937,1.168662,2.956441,-16.79724344663308,-9.963463077561553,-10.64418058947384,-0.136912,-0.099033,-0.104042,0.980114,0.958735,-0.176829,0.222617,0.231064,0.940861,-0.247771,0.671165,1.052992,2.948668,-1.5261921175894069,59.674768794314666,3.852456648686821,0.005176,0.497603,0.035777,0.866651,0.502223,0.067163,-0.862126,-0.056861,0.997387,0.044577,F,BuildTutorial
41.809,0.19667,1.500841,2.735926,40.888441635470365,48.33174099076707,14.183252354320322,-0.363604,-0.341316,0.036358,-0.866011,0.764364,0.185235,-0.617605,0.311179,0.732941,0.60495,-0.112145,1.169057,2.955521,-16.8412459230555,-9.995693710797967,-10.875689808143264,-0.137059,-0.099616,-0.106088,0.979815,0.957644,-0.180587,0.224291,0.2352,0.93992,-0.247449,0.666566,1.050975,2.948542,-1.4587312536167871,58.51257473040976,2.7936647789641422,0.00081,0.488803,0.027485,0.871961,0.520632,0.048723,-0.85239,-0.04714,0.998488,0.028282,F,BuildTutorial
41.842,0.198331,1.50025,2.73683,40.98745946859086,48.02710186998911,14.097736241546531,-0.364165,-0.339071,0.036399,-0.866655,0.767413,0.183864,-0.614225,0.310047,0.732118,0.606527,-0.111224,1.168807,2.954225,-16.815724002652416,-10.354424833639088,-10.880738284100252,-0.136503,-0.102671,-0.106543,0.979528,0.956214,-0.180695,0.230225,0.236754,0.940031,-0.24554,0.662483,1.049439,2.947151,-1.3612613621771947,58.59655257944009,2.3617438947103326,-0.000273,0.489431,0.023783,0.871717,0.519783,0.041197,-0.853305,-0.041731,0.998869,0.022804,F,BuildTutorial
41.876,0.199379,1.499568,2.737451,41.17081276873929,47.66115883885444,14.047355081775818,-0.365464,-0.336069,0.036281,-0.867282,0.771483,0.182709,-0.609452,0.308574,0.73024,0.609534,-0.111775,1.168162,2.953483,-16.622110480325173,-10.758500502860228,-10.85641752465272,-0.13449,-0.105961,-0.106683,0.979441,0.954782,-0.180477,0.236261,0.23748,0.941063,-0.240841,0.658477,1.050139,2.944641,-1.859754835136899,58.894642282352464,0.4121550107242167,-0.012364,0.491606,0.01111,0.870659,0.5164,0.007189,-0.856318,-0.031502,0.999447,-0.010607,F,BuildTutorial
41.909,0.199937,1.498927,2.737717,41.39495629815255,47.36093593554216,14.045407796589714,-0.367182,-0.333322,0.036145,-0.867622,0.77518,0.18206,-0.604938,0.3075,0.727742,0.613055,-0.111916,1.166695,2.952232,-16.35167904736086,-11.06728457136201,-11.048222592687884,-0.131703,-0.108633,-0.108492,0.979328,0.952857,-0.183883,0.241353,0.241112,0.941768,-0.234389,0.653704,1.051624,2.943945,-2.843536378357908,57.860275520238474,0.0496884425565355,-0.021506,0.483603,0.012382,0.874935,0.531949,0.000867,-0.846776,-0.042467,0.998768,-0.025656,F,BuildTutorial
41.943,0.200067,1.498469,2.737812,41.58680593077388,47.065253752798114,14.036870290230253,-0.368645,-0.330699,0.035949,-0.868013,0.778692,0.181412,-0.600607,0.30623,0.725617,0.616201,-0.112576,1.165582,2.951126,-16.192517202163945,-11.38347118110866,-11.196847395030176,-0.129895,-0.111391,-0.110008,0.97909,0.950981,-0.186478,0.246702,0.244354,0.942051,-0.229849,0.649754,1.054733,2.943083,-4.3941877538028695,57.61244182563803,0.9714594811693557,-0.02951,0.481762,0.025895,0.875422,0.53447,0.016904,-0.845019,-0.073772,0.996917,-0.026717,F,BuildTutorial
41.976,0.199837,1.498329,2.737981,41.68724119063538,46.78992897219808,14.023803169615055,-0.369424,-0.32844,0.03552,-0.868557,0.781731,0.180964,-0.596782,0.30437,0.724529,0.618399,-0.113287,1.164748,2.950052,-16.059705138547134,-11.6146479782956,-11.166523836681,-0.128565,-0.113237,-0.109911,0.979065,0.950194,-0.186103,0.249994,0.244336,0.942782,-0.226855,0.64681,1.059426,2.94209,-5.8147715778081555,57.71290241181318,0.838643762547328,-0.040895,0.482308,0.03088,0.874502,0.532851,0.014561,-0.846084,-0.093457,0.994748,-0.041739,F,BuildTutorial
42.009,0.199261,1.498348,2.738109,41.710847068705725,46.48572193044833,13.971712979368812,-0.369541,-0.326251,0.035018,-0.869353,0.784668,0.18024,-0.593135,0.302012,0.724427,0.619673,-0.113763,1.164267,2.948869,-16.076371855237063,-11.835934837385643,-11.094079121865978,-0.128568,-0.115058,-0.109553,0.978892,0.949519,-0.184896,0.25343,0.244067,0.942937,-0.226499,0.644854,1.065142,2.941365,-6.77472036278923,57.96776996475388,-0.304698373171582,-0.052972,0.483578,0.026309,0.873301,0.530921,-0.005281,-0.847405,-0.097183,0.993004,-0.067076,F,BuildTutorial
42.043,0.198268,1.498577,2.738047,41.7129170982148,46.20624288792224,13.919679727750989,-0.369493,-0.324293,0.034519,-0.870125,0.787285,0.179576,-0.58986,0.29972,0.724567,0.620621,-0.114859,1.164203,2.947832,-16.140822578100398,-12.182553346018482,-11.032042388823736,-0.128852,-0.117994,-0.109463,0.978516,0.948191,-0.183814,0.259126,0.244629,0.94283,-0.226336,0.64296,1.07268,2.940364,-8.094150011177147,58.608030508519136,-0.9415031051901672,-0.065554,0.487701,0.027395,0.870115,0.522794,-0.016268,-0.852304,-0.111616,0.989904,-0.087359,F,BuildTutorial
42.076,0.196981,1.498804,2.737875,41.693781709555864,45.95307896682593,13.967508789269877,-0.369563,-0.322256,0.033272,-0.8709,0.790088,0.180234,-0.585899,0.296141,0.724633,0.62226,-0.115256,1.163909,2.94676,-16.14886816952629,-12.477107689522144,-10.806514772581911,-0.128876,-0.120261,-0.107875,0.978413,0.947801,-0.180094,0.263135,0.242089,0.943508,-0.226241,0.640435,1.080002,2.940768,-9.188150876898735,58.53079879684381,-1.4094791898014445,-0.075861,0.486389,0.028457,0.869978,0.525232,-0.024282,-0.850613,-0.12331,0.986871,-0.104313,F,BuildTutorial
42.109,0.195207,1.499027,2.737622,41.668278262621214,45.58972892231415,13.958463112293936,-0.369455,-0.319576,0.03208,-0.871978,0.793685,0.180192,-0.58103,0.292084,0.724948,0.623809,-0.115591,1.163592,2.945851,-16.09755873643949,-12.624679562146609,-10.582330201071082,-0.128535,-0.121235,-0.106084,0.978533,0.948097,-0.176448,0.264535,0.23878,0.94445,-0.22583,0.635506,1.0889,2.942445,-10.64481880821882,57.7493187727883,-1.0361230925014515,-0.085572,0.480059,0.036908,0.872272,0.536362,-0.017772,-0.843801,-0.146547,0.982631,-0.113848,F,BuildTutorial
42.143,0.193091,1.499405,2.73756,41.60532160612966,45.22885309637992,13.980962490228189,-0.369155,-0.316888,0.030527,-0.873141,0.7973,0.180653,-0.575915,0.287271,0.725586,0.625301,-0.115902,1.163296,2.944938,-16.187200512046932,-12.677728182490137,-10.425554538910957,-0.12942,-0.12157,-0.10488,0.978505,0.948442,-0.173784,0.265062,0.236719,0.944501,-0.227776,0.629422,1.09867,2.945065,-12.350643113602295,56.636822481863845,-0.8538299018646907,-0.098209,0.4709,0.044506,0.875573,0.552544,-0.014557,-0.833357,-0.17043,0.976749,-0.130062,F,BuildTutorial
42.175,0.190671,1.499668,2.737433,41.55374075818392,44.76422845060688,14.077523417877194,-0.369161,-0.313142,0.028116,-0.87457,0.802304,0.18202,-0.568487,0.280378,0.725859,0.628106,-0.116378,1.163206,2.94381,-16.326992386488985,-12.787196648810289,-10.295193281860763,-0.130656,-0.122446,-0.104009,0.978324,0.948379,-0.171512,0.266762,0.235505,0.944222,-0.230178,0.622036,1.108237,2.948314,-13.739767106658634,55.35163176448025,-0.9873168727188586,-0.109899,0.460204,0.04798,0.879678,0.571821,-0.016738,-0.820208,-0.185566,0.97124,-0.149191,F,BuildTutorial
42.218,0.187644,1.499959,2.737292,41.59318064075199,44.11011281877176,14.115196560086874,-0.369707,-0.307941,0.025854,-0.876254,0.809008,0.182386,-0.558786,0.273005,0.725297,0.631991,-0.117495,1.16307,2.942901,-16.384366647819384,-12.9878364033504,-10.102934665835544,-0.131173,-0.123975,-0.102646,0.978206,0.948188,-0.168293,0.269475,0.233341,0.944515,-0.231177,0.613389,1.117264,2.95164,-14.783920822777704,54.336540468361854,-1.3631503958523203,-0.11984,0.451417,0.048246,0.882912,0.587791,-0.023002,-0.808686,-0.19339,0.966621,-0.168059,F,BuildTutorial
42.242,0.184079,1.500263,2.737663,41.63246271723502,43.1401753753271,13.88784462923234,-0.369606,-0.301166,0.024598,-0.878684,0.817389,0.179398,-0.547442,0.265853,0.725573,0.634717,-0.118101,1.162452,2.941563,-16.37541274065848,-13.179168539355109,-9.829614291300231,-0.131224,-0.12529,-0.100524,0.978252,0.948394,-0.163794,0.271513,0.229559,0.94535,-0.231551,0.601862,1.126739,2.955952,-16.289656615292493,52.95722486849797,-0.8691127410280082,-0.130158,0.440392,0.056446,0.886526,0.605738,-0.014559,-0.795531,-0.214723,0.959746,-0.18106,F,BuildTutorial
42.275,0.180004,1.500485,2.738143,41.73503764739521,41.95294286405672,13.59867888095269,-0.369865,-0.292773,0.023325,-0.881442,0.82748,0.175455,-0.533379,0.257692,0.725311,0.638372,-0.11889,1.161797,2.939902,-16.40189200768544,-13.432064437605463,-9.609554990831962,-0.131473,-0.127212,-0.098959,0.97813,0.948048,-0.160141,0.274881,0.22704,0.945844,-0.232018,0.588051,1.136178,2.961001,-17.79149868898465,51.34440673207093,-1.7127611184200626,-0.145754,0.42588,0.053676,0.891348,0.631491,-0.02846,-0.774861,-0.219835,0.951749,-0.214117,F,BuildTutorial
42.309,0.17544,1.500615,2.738918,41.8465024306996,40.41484371431362,13.282319529999768,-0.370201,-0.281719,0.021152,-0.884951,0.840374,0.171149,-0.514276,0.246022,0.725008,0.643302,-0.120764,1.16158,2.938476,-16.4915990322612,-13.704541526311642,-9.44240665457936,-0.132194,-0.129396,-0.097928,0.977851,0.947334,-0.157307,0.27895,0.225728,0.94587,-0.23319,0.571106,1.144256,2.967654,-18.41972140993429,49.40995669264401,-3.3199883734033317,-0.157292,0.408173,0.040887,0.898322,0.663446,-0.054944,-0.746204,-0.201865,0.947175,-0.249219,F,BuildTutorial
42.342,0.170266,1.500662,2.739835,42.0288455440468,38.59854833312468,12.789910065825874,-0.370709,-0.268904,0.019651,-0.888752,0.854609,0.16444,-0.492548,0.234301,0.724377,0.648368,-0.122665,1.161063,2.936874,-16.394051457177202,-14.016791262287631,-9.297382910724268,-0.131259,-0.13184,-0.096958,0.977747,0.946435,-0.15499,0.283265,0.224211,0.946741,-0.231111,0.550766,1.151798,2.975176,-19.071950303255313,47.11357356528195,-5.040751434939934,-0.169046,0.387076,0.026393,0.906035,0.698951,-0.083042,-0.710332,-0.178693,0.941454,-0.285891,F,BuildTutorial
42.376,0.164566,1.500666,2.740615,42.28166718561556,36.67000191881685,12.174603773032608,-0.371535,-0.255442,0.018929,-0.892386,0.868782,0.156028,-0.469972,0.223595,0.723208,0.653434,-0.125103,1.160858,2.935356,-16.392668898629136,-14.38251216894561,-9.019411958529789,-0.131264,-0.134641,-0.095004,0.977556,0.945692,-0.150397,0.28818,0.221091,0.947488,-0.231053,0.526984,1.158383,2.983767,-19.648735442196077,44.03716653495925,-7.191187329972695,-0.181039,0.358762,0.006557,0.915681,0.742494,-0.117892,-0.659397,-0.141907,0.934364,-0.326843,F,BuildTutorial
42.409,0.158727,1.500684,2.741372,42.49033619522734,34.51125702417995,11.60912134202395,-0.372237,-0.24006,0.016918,-0.896395,0.88417,0.148388,-0.442973,0.209049,0.722307,0.65922,-0.127538,1.160777,2.933294,-16.530197278146396,-14.694907646776072,-8.903121522377317,-0.13232,-0.137242,-0.094508,0.9771,0.944466,-0.148368,0.293209,0.221007,0.94712,-0.232638,0.500686,1.163709,2.993179,-19.772427013610084,40.735273744498954,-9.5989166309982,-0.189081,0.328205,-0.017726,0.925319,0.783935,-0.156919,-0.600685,-0.091309,0.927869,-0.361556,F,BuildTutorial
42.442,0.152404,1.500677,2.742421,42.67392374805931,32.119134247804624,10.9486348345318,-0.37264,-0.223143,0.014803,-0.900626,0.899976,0.13964,-0.41297,0.192968,0.721841,0.664612,-0.130214,1.160607,2.931104,-16.559812214604563,-15.133209619357038,-8.84842183598322,-0.132278,-0.14093,-0.094578,0.976574,0.942388,-0.147441,0.300278,0.222009,0.947115,-0.231701,0.472604,1.16834,3.002811,-20.02521801768644,37.67803658878423,-11.675096298379575,-0.19604,0.299607,-0.038942,0.932892,0.817438,-0.190127,-0.543734,-0.044813,0.920104,-0.389103,F,BuildTutorial
42.476,0.146252,1.50086,2.743078,42.87028434954355,29.859862944320415,10.263372062259712,-0.373146,-0.207272,0.013328,-0.904225,0.913721,0.130583,-0.384787,0.178789,0.721168,0.669291,-0.133614,1.160694,2.929034,-16.583003747845176,-15.659132616420573,-8.650931670152042,-0.132291,-0.145194,-0.093527,0.976048,0.940343,-0.144158,0.308178,0.220989,0.947504,-0.231086,0.443011,1.172039,3.012603,-20.109365782994978,34.11601726363262,-13.491187604799116,-0.199679,0.26723,-0.05971,0.940825,0.850045,-0.219074,-0.478988,0.005633,0.913126,-0.407638,F,BuildTutorial
42.509,0.14018,1.501091,2.74344,43.01994051401007,27.72364162850664,9.769183821378352,-0.373671,-0.191774,0.010615,-0.907458,0.92622,0.124055,-0.355988,0.162587,0.720515,0.67411,-0.137564,1.161164,2.926779,-16.77637904333228,-16.20040601924114,-8.414252032259403,-0.133808,-0.149617,-0.092353,0.975285,0.938172,-0.140101,0.316553,0.220181,0.947133,-0.233368,0.412135,1.17386,3.0225,-19.361835053373813,30.51693479957728,-16.35919658076357,-0.197493,0.233705,-0.091501,0.947632,0.874019,-0.265729,-0.406792,0.081108,0.905248,-0.41707,F,BuildTutorial
42.543,0.134229,1.50142,2.743886,43.09186736289561,25.60244532285954,9.20311371148271,-0.373498,-0.176692,0.008343,-0.910609,0.937421,0.116794,-0.328026,0.147182,0.720859,0.677274,-0.141736,1.161535,2.924524,-16.872146697464643,-16.853573687519294,-8.328138290874822,-0.134213,-0.155115,-0.092494,0.974357,0.934769,-0.138607,0.327101,0.221881,0.946864,-0.232848,0.380923,1.175068,3.031673,-18.84754570447566,26.90248474400584,-18.59812968982886,-0.194232,0.200731,-0.117447,0.952989,0.891827,-0.301828,-0.336964,0.145875,0.89696,-0.417352,F,BuildTutorial
42.575,0.12851,1.501794,2.744215,43.122378254439006,23.69276403501642,8.577175196956357,-0.372938,-0.163493,0.007165,-0.913311,0.946438,0.108858,-0.303983,0.135032,0.721732,0.678874,-0.146695,1.162025,2.922554,-16.890063793905977,-17.53836870462594,-8.115513172500677,-0.134109,-0.160694,-0.09151,0.97356,0.931607,-0.13508,0.337435,0.221282,0.947281,-0.231716,0.34891,1.176335,3.040094,-18.774394111638003,22.60745878554597,-19.87495616299173,-0.190915,0.162882,-0.135469,0.958472,0.910236,-0.321879,-0.260509,0.197494,0.8904,-0.410104,F,BuildTutorial
42.609,0.123224,1.502224,2.744455,43.15748566080961,22.042740000878236,8.295287588754698,-0.372909,-0.151201,0.004109,-0.915457,0.954243,0.105244,-0.2799,0.120292,0.721845,0.681521,-0.151064,1.162325,2.919921,-16.982235077631458,-18.181621620711553,-7.916820589500203,-0.134666,-0.16596,-0.090692,0.972675,0.928465,-0.13173,0.347276,0.221127,0.94728,-0.23187,0.318806,1.176717,3.046834,-18.124339648757623,19.102432681141057,-22.35920356063918,-0.184145,0.130634,-0.163172,0.960417,0.91262,-0.361537,-0.190831,0.265316,0.878931,-0.396343,F,BuildTutorial
42.643,0.118064,1.502438,2.744798,43.17937467927666,20.462972773723916,8.03850765953021,-0.372792,-0.139377,0.00106,-0.917387,0.961146,0.101974,-0.256516,0.105862,0.72205,0.683694,-0.15511,1.162419,2.916865,-17.023319180366297,-18.793388806688284,-7.980761194699705,-0.134434,-0.171241,-0.092006,0.971668,0.924423,-0.132757,0.357517,0.22484,0.946925,-0.229739,0.291378,1.176679,3.05282,-17.773076651504745,16.067368719637027,-23.971549939594716,-0.178302,0.103302,-0.182044,0.961456,0.912377,-0.386893,-0.133722,0.313217,0.870136,-0.380471,F,BuildTutorial
42.676,0.113125,1.502481,2.745169,43.26693028468715,19.07325655254472,7.760346525323128,-0.373161,-0.129052,-0.001094,-0.918747,0.966689,0.098323,-0.236316,0.094305,0.7215,0.685963,-0.159595,1.162558,2.913566,-17.122014621744245,-19.53513311994758,-7.766025341828869,-0.135007,-0.177311,-0.091191,0.970576,0.92049,-0.129139,0.36881,0.224892,0.946915,-0.22973,0.26737,1.175265,3.058191,-16.97989072581045,13.661170406610358,-26.229167236570827,-0.169455,0.081302,-0.205719,0.960393,0.90214,-0.422695,-0.086444,0.367587,0.85793,-0.358937,F,BuildTutorial
42.709,0.108547,1.50241,2.745591,43.35459263239904,17.835675831974207,7.734293008891564,-0.373798,-0.119116,-0.004786,-0.919817,0.971577,0.097855,-0.215552,0.080247,0.720505,0.688791,-0.165118,1.162564,2.910897,-17.12737480946983,-20.277173786066005,-7.734342319820586,-0.13451,-0.183557,-0.091803,0.969426,0.915758,-0.128612,0.380586,0.227373,0.946958,-0.227094,0.245535,1.172634,3.063498,-15.777340665500915,11.543100440162108,-28.101429123429185,-0.156651,0.063478,-0.225875,0.959381,0.889902,-0.453288,-0.051033,0.413513,0.848882,-0.329252,F,BuildTutorial
42.743,0.104082,1.502374,2.745992,43.44901247261509,16.667474082336028,7.598962122078012,-0.374353,-0.11008,-0.007378,-0.9207,0.975656,0.096003,-0.197178,0.068832,0.719611,0.690957,-0.170284,1.162274,2.907778,-17.05952126616357,-21.08444920782935,-7.717153611759336,-0.133313,-0.190339,-0.092502,0.968216,0.910429,-0.128374,0.393242,0.229873,0.947342,-0.222939,0.225655,1.169796,3.068568,-15.116774954528802,9.067785248541606,-28.863096689639537,-0.146517,0.04321,-0.236215,0.959619,0.884671,-0.466014,-0.013711,0.44069,0.845471,-0.301614,F,BuildTutorial
42.776,0.099751,1.502305,2.746522,43.5864480871635,15.661906301625384,7.433136360004851,-0.375223,-0.102406,-0.009149,-0.921215,0.978859,0.093706,-0.181809,0.059994,0.718248,0.693196,-0.175534,1.162019,2.904447,-17.016601372194582,-21.853584930395098,-7.627769473723434,-0.132479,-0.196716,-0.092574,0.967048,0.905466,-0.126926,0.404996,0.231169,0.947759,-0.219805,0.210996,1.166522,3.073171,-14.241351637038758,8.254695169888777,-29.988383421544317,-0.137906,0.036999,-0.247442,0.958325,0.874808,-0.484463,-0.002667,0.464054,0.83951,-0.282627,F,BuildTutorial
42.809,0.095852,1.502292,2.747222,43.63993771918551,14.79481657417964,7.5131801761054,-0.375637,-0.09512,-0.012565,-0.921787,0.981589,0.094626,-0.165921,0.048297,0.717478,0.694905,-0.180064,1.161464,2.900795,-17.08958695234122,-22.614666094057725,-7.627657965411172,-0.132479,-0.203157,-0.093568,0.96562,0.899945,-0.126875,0.417136,0.234531,0.947388,-0.217831,0.198461,1.161818,3.077959,-12.53700056463679,7.740480877403332,-31.681645614098233,-0.123116,0.034809,-0.263625,0.956103,0.85858,-0.512677,-0.00165,0.495534,0.830689,-0.253776,F,BuildTutorial
42.842,0.091991,1.502226,2.7479,43.70133595185711,14.0168443348614,7.6838591838724435,-0.376166,-0.088243,-0.016415,-0.922195,0.983887,0.096664,-0.150405,0.036112,0.71646,0.696693,-0.185224,1.161072,2.897717,-17.062584813701605,-23.37560190472827,-7.682107255816093,-0.131527,-0.209619,-0.094859,0.964242,0.894123,-0.127792,0.4292,0.238075,0.947405,-0.21388,0.185992,1.156595,3.082321,-10.942367131874654,6.345719725957212,-32.80551932307138,-0.106883,0.025971,-0.275608,0.954957,0.846732,-0.531938,0.009313,0.520835,0.825233,-0.218453,F,BuildTutorial
42.875,0.088297,1.502258,2.748563,43.77785821876611,13.302514860185546,7.73635724807301,-0.376706,-0.08225,-0.019094,-0.922476,0.985741,0.097196,-0.137361,0.02674,0.715455,0.698147,-0.190433,1.160438,2.894794,-16.906618677300994,-24.247848097616533,-7.563281753805867,-0.12971,-0.216772,-0.09459,0.962932,0.888125,-0.125933,0.442012,0.238403,0.948456,-0.208795,0.175236,1.152483,3.086524,-10.436573618427076,5.218593128486045,-33.5531746396815,-0.100075,0.017182,-0.283182,0.953676,0.839025,-0.543567,0.023907,0.536689,0.819586,-0.200609,F,BuildTutorial
42.908,0.084881,1.502326,2.749232,43.766244861009184,12.66654001741665,7.819011766949826,-0.376557,-0.076868,-0.021863,-0.92294,0.987227,0.098247,-0.125425,0.017534,0.715454,0.69844,-0.194909,1.159494,2.891595,-16.80017030572999,-25.11227748673415,-7.437284567209448,-0.128342,-0.223859,-0.094318,0.961519,0.881982,-0.123916,0.4547,0.238838,0.949265,-0.204579,0.166902,1.146316,3.091025,-8.698275687148818,4.619571882024123,-35.578844985604135,-0.084427,0.015115,-0.301482,0.949606,0.81776,-0.575131,0.022201,0.570027,0.803961,-0.169459,F,BuildTutorial
42.942,0.08159,1.50224,2.750031,43.78735636654661,12.050668347219789,7.965602234553925,-0.376695,-0.071406,-0.025045,-0.923242,0.988548,0.100042,-0.112981,0.007551,0.714947,0.699138,-0.199371,1.158726,2.889207,-16.67581089461089,-25.7282975518764,-7.568524465197135,-0.126524,-0.229137,-0.095878,0.960362,0.876607,-0.126173,0.464371,0.242138,0.949598,-0.199079,0.158362,1.13839,3.095901,-6.630974198654434,3.477104897186197,-37.542862491629606,-0.064479,0.010075,-0.319446,0.945355,0.795706,-0.605278,0.022146,0.60268,0.787594,-0.128347,F,BuildTutorial
42.975,0.078518,1.502105,2.750714,43.87168871766619,11.48785564341592,8.079207510509967,-0.377309,-0.066422,-0.027723,-0.923286,0.989639,0.101317,-0.101733,-0.00107,0.713739,0.700411,-0.203511,1.158092,2.887132,-16.519443044888188,-26.281023029854698,-7.597484077780562,-0.124686,-0.233756,-0.096436,0.959433,0.872117,-0.126755,0.472595,0.243339,0.950307,-0.19417,0.151534,1.132592,3.100128,-5.9287177879787745,2.775561628036049,-38.147603984052,-0.056765,0.005964,-0.325069,0.943966,0.788589,-0.614386,0.025645,0.613032,0.782216,-0.111046,F,BuildTutorial
43.008,0.075669,1.501919,2.751494,43.90883597517315,10.973828840781463,8.160602675559652,-0.377523,-0.061979,-0.030034,-0.923436,0.990513,0.102265,-0.091791,-0.008671,0.713149,0.700959,-0.20666,1.157523,2.884702,-16.50120837762448,-26.767437328047123,-7.536927781460866,-0.124248,-0.237756,-0.096423,0.958508,0.868349,-0.125762,0.479744,0.243925,0.95053,-0.192335,0.14376,1.127493,3.103968,-5.900644592803439,1.316995068151305,-37.51297254855182,-0.052424,-0.005681,-0.320539,0.945766,0.794445,-0.605715,0.044354,0.606906,0.789013,-0.09552,F,BuildTutorial
43.041,0.073004,1.501578,2.752209,43.99830697851814,10.495548034517173,8.272208230377547,-0.378168,-0.057678,-0.032422,-0.92337,0.991244,0.1035,-0.081994,-0.016252,0.711876,0.702117,-0.209797,1.157035,2.883065,-16.50996823284915,-27.03066051478489,-7.769725851845833,-0.123612,-0.240211,-0.098671,0.957749,0.865126,-0.129618,0.484517,0.24839,0.949968,-0.189375,0.13629,1.120752,3.108822,-4.85970210049144,-0.4714935994313607,-38.75048634487324,-0.038631,-0.017943,-0.331617,0.942452,0.779417,-0.62368,0.059442,0.626452,0.777076,-0.060916,F,BuildTutorial
43.075,0.070526,1.501137,2.752906,44.111174047137695,10.077008780615962,8.41042190195897,-0.379017,-0.05375,-0.03481,-0.923172,0.991798,0.105015,-0.072855,-0.023526,0.710269,0.703537,-0.211624,1.155831,2.880892,-16.320532580446084,-27.395554519087575,-7.90787774773798,-0.121414,-0.243354,-0.099847,0.957114,0.861618,-0.132037,0.490082,0.250224,0.950578,-0.183818,0.134458,1.111968,3.114421,-2.9206355151864773,0.2019947936975228,-41.83710999216319,-0.024434,-0.007453,-0.356882,0.9338,0.745159,-0.666149,0.03136,0.666878,0.744076,-0.040312,F,BuildTutorial
43.109,0.068311,1.500852,2.753579,44.23672265669265,9.721933381017925,8.520262071033997,-0.379962,-0.050416,-0.036753,-0.922896,0.992215,0.106151,-0.065128,-0.029526,0.708556,0.705036,-0.213715,1.154842,2.879198,-16.19940635875446,-27.86843626548449,-7.7624339653718515,-0.120299,-0.247115,-0.098892,0.95639,0.858309,-0.129704,0.496471,0.248614,0.951497,-0.18123,0.13244,1.101819,3.120434,-0.4387808898967029,0.1340949448275517,-43.873175383673455,-0.003989,-0.000345,-0.373573,0.927592,0.720886,-0.693045,0.003621,0.69305,0.720854,-0.007143,F,BuildTutorial
43.142,0.066245,1.500596,2.754217,44.35272951862935,9.382826130458726,8.578076065490624,-0.380805,-0.047392,-0.038238,-0.922648,0.992584,0.106655,-0.05833,-0.034466,0.70705,0.706323,-0.216071,1.154269,2.878422,-16.142621439712137,-28.09630962633438,-7.93687521294008,-0.119247,-0.249183,-0.100472,0.955821,0.855627,-0.132637,0.50031,0.251495,0.951371,-0.177886,0.131161,1.092729,3.126189,1.3541278730310655,0.2804056849587666,-45.19962960805916,0.009969,0.0068,-0.384291,0.923133,0.704548,-0.709368,-0.020216,0.709639,0.704442,0.013179,F,BuildTutorial
43.175,0.064436,1.500616,2.755019,44.38961260931016,9.108663394271048,8.588470682751232,-0.381012,-0.045118,-0.0392,-0.922636,0.992856,0.106715,-0.053384,-0.037953,0.706586,0.706609,-0.217635,1.153594,2.877774,-16.02469257073415,-28.257529038592804,-8.125378272666401,-0.117705,-0.250688,-0.101973,0.955459,0.853514,-0.135847,0.50305,0.253876,0.951494,-0.173799,0.132611,1.087297,3.130171,1.4393739916801194,1.909580202773972,-44.117097598084925,0.005382,0.020159,-0.375666,0.92652,0.716937,-0.695908,-0.041399,0.696342,0.717692,-0.005173,F,BuildTutorial
43.209,0.062783,1.500693,2.756072,44.34152849363469,8.909168167462436,8.6550047968014,-0.380583,-0.043332,-0.040441,-0.922845,0.992974,0.107624,-0.049196,-0.041658,0.707042,0.705944,-0.219468,1.153482,2.877462,-15.927331017328443,-28.5246480901895,-7.872649032228597,-0.117209,-0.252628,-0.099942,0.955224,0.852381,-0.131713,0.506062,0.250155,0.952547,-0.173426,0.132714,1.081176,3.133572,2.790051014579716,2.2831114931598626,-44.11728735683077,0.015079,0.0276,-0.375819,0.926159,0.715997,-0.695304,-0.062458,0.696968,0.717066,0.007186,F,BuildTutorial
43.242,0.061388,1.500626,2.756887,44.41815541992789,8.76378325025519,8.677650500629397,-0.381154,-0.04202,-0.04104,-0.922644,0.9931,0.107762,-0.046254,-0.043698,0.706074,0.706788,-0.220439,1.153291,2.877257,-15.909045311421396,-28.587097763016487,-7.92215143491222,-0.116892,-0.253194,-0.100381,0.955067,0.851633,-0.132549,0.507102,0.250934,0.95252,-0.172448,0.132594,1.075804,3.135807,4.130022436637852,2.419386236890557,-45.008111316049224,0.025207,0.03328,-0.383118,0.922756,0.704227,-0.70537,-0.080732,0.708726,0.705171,0.021019,F,BuildTutorial
43.276,0.060128,1.500568,2.757734,44.520134121593344,8.67125586049848,8.696998164126551,-0.381945,-0.041123,-0.041416,-0.922341,0.993187,0.107812,-0.044221,-0.044985,0.704806,0.707972,-0.220978,1.153175,2.877417,-15.946493556781135,-28.464951729578452,-8.052827489995163,-0.117025,-0.25232,-0.101422,0.955172,0.852097,-0.134696,0.505755,0.252806,0.952038,-0.172376,0.131844,1.07351,3.136834,4.064933875910336,2.4773132938942193,-45.14087895099543,0.02445,0.033558,-0.384196,0.922318,0.702535,-0.70706,-0.08069,0.710342,0.703592,0.019315,F,BuildTutorial
43.309,0.058955,1.500512,2.758651,44.528048424123426,8.553710370021117,8.729420768552961,-0.381977,-0.040062,-0.042062,-0.922345,0.993252,0.108197,-0.041768,-0.046986,0.704649,0.707998,-0.221998,1.153113,2.877893,-15.960206153461408,-28.458771327530265,-7.972132974065486,-0.117323,-0.25219,-0.100771,0.955239,0.852491,-0.133345,0.505449,0.251696,0.952161,-0.173316,0.12974,1.071212,3.137892,4.1273976771709915,1.7205120353391077,-44.771305935837525,0.027579,0.027586,-0.381049,0.923732,0.708082,-0.702452,-0.071982,0.705495,0.708083,0.029929,F,BuildTutorial
43.342,0.057919,1.500283,2.759338,44.64291471609661,8.42399804806998,8.726620613929988,-0.382848,-0.038929,-0.042375,-0.922017,0.993378,0.107948,-0.03934,-0.048332,0.703263,0.709285,-0.222484,1.152727,2.878104,-15.733256397589232,-28.525355929172697,-8.089635175079918,-0.115104,-0.252798,-0.101355,0.955286,0.851641,-0.135449,0.506322,0.251842,0.952957,-0.16867,0.129224,1.0699,3.138081,3.954906253576165,1.861668760249249,-43.55836118231557,0.026015,0.027878,-0.371281,0.927737,0.722747,-0.687452,-0.071044,0.690353,0.722947,0.027569,F,BuildTutorial
43.376,0.05695,1.500014,2.759965,44.73882968072398,8.36001120298377,8.73030010810276,-0.383594,-0.03832,-0.042538,-0.921726,0.993444,0.107815,-0.038007,-0.049018,0.702093,0.710396,-0.222405,1.15239,2.878068,-15.562059488287025,-28.528469558862884,-7.93899009881929,-0.113999,-0.252623,-0.099752,0.955633,0.852462,-0.133056,0.505574,0.248251,0.954107,-0.167483,0.129334,1.069094,3.137517,4.005019288752208,2.2481246560689545,-42.50150340782055,0.025455,0.030935,-0.362798,0.931006,0.734841,-0.67396,-0.076072,0.677109,0.735459,0.024951,F,BuildTutorial
43.409,0.056075,1.499762,2.760467,44.89384446065817,8.342661768228128,8.805658105603262,-0.384853,-0.037795,-0.043072,-0.921197,0.993433,0.108446,-0.03648,-0.050264,0.700066,0.712307,-0.22206,1.152646,2.878442,-15.751706038963032,-28.20654696631466,-8.10574638784675,-0.115505,-0.250161,-0.101206,0.955947,0.854354,-0.135706,0.501661,0.251285,0.952832,-0.170198,0.128999,1.069313,3.13634,3.773300919556565,2.114291393646214,-42.332295864885545,0.024038,0.029081,-0.361383,0.931654,0.737113,-0.67197,-0.071562,0.674766,0.737649,0.023772,F,BuildTutorial
43.442,0.055338,1.499535,2.760787,45.02166318936606,8.365506823599295,8.850125689798261,-0.385899,-0.037719,-0.043245,-0.920755,0.993414,0.108747,-0.036084,-0.050524,0.698423,0.7139,-0.222067,1.152944,2.878918,-15.901194059790896,-28.00353267832342,-8.285905915453652,-0.116547,-0.248696,-0.102804,0.956033,0.855163,-0.138599,0.499487,0.254538,0.951696,-0.171712,0.130338,1.070817,3.134526,3.0888252988237443,2.7331861703332048,-42.64472530552103,0.016431,0.032006,-0.363978,0.930712,0.732991,-0.676467,-0.071538,0.67857,0.7345,0.007285,F,BuildTutorial
43.475,0.05466,1.499443,2.7614,45.006181149329194,8.373177089151742,8.837651246217433,-0.385774,-0.037836,-0.043132,-0.920808,0.993416,0.108625,-0.036401,-0.05024,0.698636,0.713711,-0.22248,1.152943,2.879383,-15.788496255616591,-28.14695581922256,-8.056233866257834,-0.115974,-0.249625,-0.100807,0.956073,0.855051,-0.134857,0.500702,0.250658,0.952776,-0.171432,0.131074,1.072511,3.132549,2.656236641789615,2.6820506453108757,-42.26164812029534,0.013179,0.030177,-0.360809,0.932058,0.737812,-0.671795,-0.065763,0.673386,0.739286,0.00279,F,BuildTutorial
43.509,0.054109,1.499361,2.761742,45.03013066642389,8.376228307419371,8.863726620821051,-0.385975,-0.037752,-0.043311,-0.920718,0.993398,0.108897,-0.036085,-0.050611,0.698295,0.714019,-0.222605,1.152732,2.879781,-15.659711793528375,-28.15461143654155,-7.892532549731384,-0.115244,-0.249486,-0.099189,0.956367,0.855837,-0.132218,0.500061,0.247224,0.953761,-0.170938,0.13248,1.074495,3.130668,2.1763956654470102,2.7610327906269707,-42.29178827379814,0.009018,0.029315,-0.361001,0.932061,0.737639,-0.67242,-0.061157,0.673478,0.739195,-0.004354,F,BuildTutorial
43.541,0.053723,1.499221,2.761911,45.08374129105752,8.415199664725556,8.922067953369952,-0.386438,-0.037822,-0.043603,-0.920508,0.993337,0.109506,-0.035931,-0.051042,0.697529,0.714736,-0.222236,1.152552,2.879882,-15.777646438349214,-28.084886897412577,-8.043612869280555,-0.115965,-0.249091,-0.100617,0.956233,0.855659,-0.134656,0.499715,0.250199,0.952857,-0.171653,0.134616,1.076342,3.12874,2.0969112683445266,3.162942540770628,-43.361349822248854,0.006803,0.032399,-0.3697,0.928561,0.724544,-0.686137,-0.065199,0.687019,0.726551,-0.011322,F,BuildTutorial
43.574,0.05326,1.49916,2.761993,45.12339153102629,8.455492815030262,8.873219771043235,-0.386754,-0.038276,-0.043041,-0.920383,0.993365,0.108835,-0.037164,-0.049622,0.697138,0.715217,-0.221894,1.152483,2.880038,-15.8219330895459,-28.011221737774104,-8.093434889511016,-0.116293,-0.24854,-0.101047,0.956291,0.856035,-0.135454,0.498856,0.251067,0.952531,-0.172191,0.13608,1.078024,3.126888,1.9567563304742648,3.3183084239472036,-43.51873275134644,0.00512,0.033214,-0.370959,0.928041,0.722573,-0.68819,-0.065447,0.68887,0.724727,-0.01514,F,BuildTutorial
43.608,0.052835,1.499181,2.762029,45.10734828621925,8.507257072268231,8.846455035785018,-0.386636,-0.038796,-0.042665,-0.920428,0.993349,0.10854,-0.038425,-0.048541,0.697385,0.715051,-0.221952,1.152571,2.880474,-15.82398433406755,-27.927899249047464,-7.9378747380528765,-0.11672,-0.247687,-0.099668,0.956605,0.857435,-0.132866,0.497145,0.248507,0.952885,-0.173937,0.137192,1.079819,3.12503,1.6191946647635684,3.2557152576094595,-43.48136997335184,0.002598,0.031616,-0.370593,0.928254,0.723323,-0.687843,-0.060621,0.688172,0.725309,-0.01861,F,BuildTutorial
43.642,0.052569,1.499249,2.761942,45.07342066281165,8.559720060725835,8.81408385333605,-0.386373,-0.039356,-0.042257,-0.920533,0.993331,0.10821,-0.039804,-0.047385,0.697861,0.714664,-0.22227,1.15281,2.881092,-15.95262601298767,-27.86058527481427,-7.938222839327747,-0.117857,-0.247163,-0.099859,0.956582,0.857877,-0.132788,0.496401,0.249306,0.952276,-0.176116,0.138685,1.081525,3.123421,1.309375970430875,3.5183736144336097,-43.98247383967951,-0.000905,0.03274,-0.374589,0.926612,0.717222,-0.694258,-0.059996,0.694139,0.719364,-0.026206,F,BuildTutorial
43.675,0.052287,1.499395,2.761782,45.01642881629198,8.59832323324469,8.783368972256838,-0.385921,-0.039819,-0.041929,-0.920718,0.993313,0.107943,-0.040962,-0.046475,0.698613,0.713988,-0.222355,1.15285,2.881637,-16.04700278111269,-27.81703609215735,-8.09120423653109,-0.118357,-0.246985,-0.101279,0.956417,0.857482,-0.135266,0.496415,0.252195,0.951468,-0.176368,0.139914,1.08243,3.122243,1.1609768551906172,3.7510445857150874,-43.58025833868881,-0.002746,0.034147,-0.371298,0.927882,0.721943,-0.689229,-0.06133,0.688854,0.72426,-0.030453,F,BuildTutorial
43.709,0.052139,1.499481,2.761484,44.9295488103734,8.682495113900002,8.817770093966152,-0.385269,-0.040455,-0.041997,-0.92096,0.993199,0.108528,-0.042154,-0.046184,0.699609,0.713032,-0.223425,1.153097,2.882433,-15.990376465069748,-27.933228505754645,-7.851822823278644,-0.118297,-0.247691,-0.099288,0.95645,0.857583,-0.131327,0.497298,0.24853,0.952296,-0.177104,0.140503,1.08301,3.121405,1.235110265442264,3.63513897272062,-43.532346859613874,-0.001756,0.033449,-0.370929,0.928057,0.722586,-0.688604,-0.060782,0.688369,0.724818,-0.028074,F,BuildTutorial
43.742,0.052107,1.499487,2.761108,44.92966005798264,8.789053293104,8.874060681027728,-0.385329,-0.041122,-0.042091,-0.920901,0.993075,0.109214,-0.0433,-0.045833,0.6995,0.713161,-0.223536,1.153122,2.882877,-15.99719186025606,-27.997035479441923,-7.751583138575202,-0.118516,-0.248122,-0.098531,0.95639,0.857455,-0.129655,0.497957,0.24728,0.952492,-0.177799,0.141582,1.083309,3.120743,1.3202079610404722,3.852176361533625,-44.12603860416158,-0.001953,0.035472,-0.375748,0.926041,0.715111,-0.696054,-0.064229,0.695777,0.71762,-0.030274,F,BuildTutorial
43.775,0.05191,1.49949,2.760731,44.90504475378431,8.907692460898518,8.910675441714877,-0.385189,-0.041974,-0.042008,-0.920925,0.992947,0.109709,-0.044948,-0.045037,0.69973,0.712986,-0.224015,1.153667,2.883763,-16.140083606611775,-27.937819875731147,-7.79008454724347,-0.119682,-0.247707,-0.099077,0.956296,0.85765,-0.130201,0.497478,0.248786,0.95172,-0.179819,0.141634,1.083657,3.12042,1.2697824319737392,3.641346421527993,-43.92372348065732,-0.00161,0.033606,-0.374104,0.926776,0.717834,-0.69353,-0.061086,0.693313,0.720087,-0.028129,F,BuildTutorial
43.808,0.051831,1.49958,2.760412,44.8509172415332,8.983139380123887,8.956901553690946,-0.384801,-0.042473,-0.042174,-0.921057,0.992835,0.110377,-0.045783,-0.045003,0.700299,0.71243,-0.223751,1.154032,2.884043,-16.26931761380408,-27.837858335156437,-7.752101554564467,-0.120934,-0.246868,-0.098913,0.956372,0.858544,-0.129486,0.49612,0.248906,0.951182,-0.182479,0.141354,1.08363,3.120714,1.2530469253975691,3.3441765522539653,-43.76467794210092,-0.000732,0.031149,-0.372817,0.927382,0.720075,-0.691533,-0.057228,0.691441,0.722014,-0.024584,F,BuildTutorial
43.842,0.051731,1.499606,2.760102,44.848507383432285,9.03031954513823,8.954325687080908,-0.384798,-0.042863,-0.041997,-0.921048,0.992798,0.110349,-0.046637,-0.044375,0.700333,0.712436,-0.223967,1.154469,2.884605,-16.28395901213852,-27.765210914675663,-7.661600704596028,-0.121314,-0.24617,-0.09811,0.956587,0.85955,-0.127974,0.49477,0.247429,0.951315,-0.18379,0.142176,1.083909,3.121304,0.9741176156447514,3.711771918301313,-44.48015748473599,-0.004393,0.033191,-0.378531,0.924983,0.711225,-0.700561,-0.058076,0.699978,0.71339,-0.033254,F,BuildTutorial
43.875,0.051606,1.499543,2.759718,44.83513611068293,9.07373367442494,8.973339650012326,-0.384714,-0.04316,-0.042016,-0.921068,0.992744,0.110607,-0.047178,-0.044191,0.70046,0.712323,-0.223589,1.154309,2.884599,-16.32189168738663,-27.650183103112937,-7.655345352086226,-0.121744,-0.245213,-0.098011,0.956788,0.860529,-0.127845,0.493098,0.247258,0.951145,-0.184898,0.142191,1.08324,3.12226,1.2086021941676548,3.6422814778132526,-44.55828935811522,-0.002293,0.033402,-0.379217,0.924702,0.710158,-0.701478,-0.060035,0.701172,0.712379,-0.029575,F,BuildTutorial
43.908,0.051639,1.49945,2.759285,44.86658518594644,9.077701434329104,8.975388509674685,-0.384968,-0.043157,-0.041991,-0.920964,0.992748,0.110573,-0.047161,-0.044117,0.700073,0.712708,-0.223634,1.153988,2.884885,-16.277150609911633,-27.541686716777697,-7.761013876021905,-0.121236,-0.244407,-0.09869,0.956989,0.861051,-0.129628,0.49172,0.248152,0.951124,-0.183802,0.140788,1.08218,3.123364,1.5435675625272398,3.1200910502448735,-44.26008108943951,0.002218,0.030289,-0.376876,0.925766,0.714094,-0.697664,-0.057752,0.697933,0.715919,-0.018724,F,BuildTutorial
43.942,0.051643,1.499389,2.758911,44.85814409102579,9.068345618578336,8.898374551274973,-0.384868,-0.043348,-0.041411,-0.921023,0.992812,0.109648,-0.047972,-0.042915,0.700324,0.712534,-0.22377,1.153571,2.884814,-16.096827608969193,-27.558319228139503,-7.732170487236084,-0.11977,-0.244466,-0.098111,0.957218,0.861221,-0.129268,0.491516,0.246387,0.952059,-0.181323,0.139436,1.081147,3.124663,1.7504294869870014,2.7691021956395936,-44.63934843932539,0.004951,0.028149,-0.37996,0.924561,0.709676,-0.702314,-0.055813,0.702872,0.711211,-0.012236,F,BuildTutorial
43.975,0.051613,1.499392,2.758504,44.85601103733693,9.060397665395511,8.837336300548051,-0.384825,-0.043491,-0.040949,-0.921055,0.992864,0.108904,-0.048598,-0.041959,0.700467,0.712451,-0.224553,1.153722,2.88512,-16.080032775798102,-27.526182035513187,-7.615550851150198,-0.119905,-0.244071,-0.09707,0.957408,0.862014,-0.12734,0.490629,0.244402,0.9524,-0.182213,0.137536,1.079764,3.12584,2.1448167642772944,2.2438008781488903,-45.12936540459041,0.009768,0.025258,-0.383924,0.922968,0.703929,-0.708205,-0.054125,0.709192,0.705015,-0.001363,F,BuildTutorial
44.008,0.051582,1.499403,2.758147,44.82468526499169,9.09352808579956,8.889748502122949,-0.384606,-0.043609,-0.041287,-0.921125,0.992787,0.109606,-0.048581,-0.042516,0.700747,0.712142,-0.224651,1.153829,2.884854,-16.19374006568165,-27.42773301323182,-7.763806774615224,-0.120628,-0.243435,-0.098429,0.95734,0.862102,-0.12973,0.489848,0.247191,0.951521,-0.183042,0.136218,1.078644,3.126456,2.4615191260675195,1.997017284764219,-45.28209248059135,0.013114,0.024347,-0.385155,0.922438,0.702126,-0.709924,-0.055018,0.711201,0.702968,0.005439,F,BuildTutorial
44.041,0.051447,1.499485,2.757876,44.77078550756957,9.119893603729327,8.903697614677121,-0.38419,-0.043822,-0.041359,-0.921286,0.992738,0.10988,-0.048965,-0.042536,0.701374,0.711523,-0.225484,1.153831,2.884622,-16.196603158617645,-27.62370911674309,-7.728026621784457,-0.12056,-0.245035,-0.098342,0.956949,0.860573,-0.129135,0.492685,0.2473,0.951588,-0.182544,0.135616,1.07748,3.126665,2.814257109476312,1.855827897256033,-45.03223080723306,0.016482,0.024358,-0.383145,0.92322,0.705213,-0.706651,-0.057606,0.708257,0.705857,0.011767,F,BuildTutorial
44.075,0.051252,1.499613,2.757494,44.74289325573268,9.091909841847416,8.89377594688489,-0.383953,-0.043655,-0.041398,-0.921391,0.992761,0.109811,-0.048657,-0.042765,0.701733,0.711156,-0.226408,1.153723,2.884365,-16.102156582489435,-27.787743842895395,-7.502320218318331,-0.120112,-0.246143,-0.096442,0.956915,0.860225,-0.125444,0.494244,0.243704,0.952544,-0.182397,0.134914,1.076097,3.126741,3.0416715807553727,1.462406094719137,-45.246766473174056,0.019589,0.021984,-0.384818,0.922523,0.702863,-0.709146,-0.055638,0.710869,0.703062,0.019223,F,BuildTutorial
44.108,0.051077,1.499684,2.757262,44.7177398353043,9.070415307846789,8.915106955802727,-0.383752,-0.043433,-0.041664,-0.921473,0.992755,0.11012,-0.048067,-0.04345,0.701997,0.710853,-0.227125,1.153813,2.884205,-16.140064904920578,-27.84000140847684,-7.523226070691654,-0.120341,-0.246611,-0.096747,0.956735,0.859646,-0.125769,0.495168,0.244478,0.952316,-0.18255,0.135144,1.074096,3.126815,3.413985966807072,1.5502008575894892,-45.0370098819896,0.022336,0.023898,-0.383149,0.923107,0.705252,-0.706308,-0.061237,0.708443,0.705396,0.022924,F,BuildTutorial
44.142,0.050961,1.499732,2.757073,44.68896306394077,9.068679809597407,8.970251958257744,-0.383542,-0.04326,-0.042139,-0.921547,0.992706,0.110852,-0.047409,-0.044483,0.702239,0.71055,-0.227476,1.153772,2.883877,-16.242334886623762,-27.984833689784487,-7.666535019919299,-0.120766,-0.247997,-0.0983,0.956164,0.85767,-0.128084,0.497994,0.247882,0.951505,-0.182188,0.136109,1.073327,3.126381,3.434979418603128,1.8087869577490396,-44.70895436594791,0.021715,0.025989,-0.380555,0.924138,0.709005,-0.702242,-0.064562,0.7045,0.709413,0.020355,F,BuildTutorial
44.175,0.050809,1.499573,2.756772,44.71654032476303,9.02410658413879,8.978014304489218,-0.383749,-0.042851,-0.042326,-0.921471,0.992745,0.110892,-0.046486,-0.045116,0.70189,0.710855,-0.22803,1.153721,2.883429,-16.187590815523695,-28.073323279061658,-7.553253386778465,-0.120477,-0.248602,-0.097338,0.956142,0.857445,-0.126236,0.498851,0.246039,0.952021,-0.18199,0.136839,1.073507,3.125088,3.2167435007540224,1.7297213005659933,-44.52669705701514,0.020256,0.024596,-0.379064,0.924822,0.711411,-0.700137,-0.060852,0.70213,0.7118,0.01882,F,BuildTutorial
44.208,0.050593,1.499408,2.756576,44.745236059951935,8.954990298452604,8.947791878535456,-0.383942,-0.042371,-0.042289,-0.921415,0.992833,0.110466,-0.045609,-0.045395,0.7016,0.711123,-0.228769,1.15387,2.883391,-16.142152284549063,-28.09460918731367,-7.484602626057091,-0.120227,-0.248696,-0.096696,0.956214,0.857601,-0.125123,0.498863,0.244723,0.952391,-0.181831,0.137319,1.075188,3.123309,2.509594853987997,1.4341074201952788,-43.82921968289507,0.015645,0.01978,-0.37336,0.927344,0.720423,-0.691847,-0.048368,0.693085,0.720716,0.014247,F,BuildTutorial
44.241,0.05038,1.49932,2.756546,44.74863235421802,8.89130804767429,8.937921632057181,-0.383942,-0.041889,-0.04242,-0.921431,0.992892,0.110341,-0.044622,-0.046008,0.701578,0.711106,-0.22912,1.153989,2.882863,-16.311922364748437,-28.17415643166492,-7.594256196538792,-0.121344,-0.249518,-0.098037,0.955722,0.856259,-0.126837,0.500733,0.247947,0.951329,-0.183018,0.139532,1.078196,3.1209,1.855840620315742,2.061337237915903,-41.86374861051494,0.008698,0.022583,-0.357425,0.933628,0.743475,-0.667011,-0.048386,0.667797,0.744344,9.8e-05,F,BuildTutorial
44.274,0.050297,1.499097,2.756476,44.831418803018934,8.888782611911063,8.98127971283049,-0.384619,-0.04165,-0.042704,-0.921146,0.992883,0.110711,-0.043882,-0.046634,0.70049,0.712137,-0.229299,1.153805,2.8824,-16.31526809879722,-28.22123840651454,-7.624877160642824,-0.121265,-0.249944,-0.098349,0.955589,0.855711,-0.127343,0.50154,0.248581,0.951245,-0.182595,0.142177,1.082655,3.11781,0.6039108043507052,2.4906076567289293,-40.980653069392766,-0.002672,0.022202,-0.350069,0.936457,0.753918,-0.655767,-0.039713,0.65553,0.75489,-0.020548,F,BuildTutorial
44.308,0.050235,1.498842,2.756395,44.933187915377566,8.981841333027665,9.089042225569235,-0.385507,-0.041945,-0.043167,-0.92074,0.992755,0.111831,-0.043958,-0.047151,0.699042,0.713524,-0.229619,1.153368,2.882253,-16.14183517908055,-28.29656993056773,-7.493215098327915,-0.120035,-0.25039,-0.096979,0.955768,0.8558,-0.125267,0.501912,0.245489,0.952374,-0.180885,0.144197,1.087186,3.114017,-0.493437436564956,1.9478430464742724,-40.73544311041181,-0.009952,0.014436,-0.347922,0.93736,0.757483,-0.652544,-0.020139,0.651969,0.757702,-0.028702,F,BuildTutorial
44.341,0.050205,1.49863,2.756418,44.99087087881449,9.15405616957234,9.22369588933603,-0.386083,-0.042823,-0.043617,-0.920437,0.992527,0.11336,-0.045152,-0.047228,0.698075,0.714465,-0.230032,1.153018,2.882599,-16.105844000271997,-28.283191481427544,-7.57043218145378,-0.119576,-0.25035,-0.097536,0.955779,0.855623,-0.126574,0.501884,0.246318,0.952376,-0.179741,0.148073,1.091946,3.108989,-1.7394103231609597,2.322712861934581,-38.78049718613704,-0.021043,0.014078,-0.331604,0.943079,0.779681,-0.626051,-0.012598,0.624866,0.779191,-0.049026,F,BuildTutorial
44.375,0.050249,1.498562,2.756431,45.02070447104634,9.33755882237108,9.333875506287267,-0.386433,-0.043898,-0.043856,-0.920228,0.992299,0.114642,-0.046897,-0.046788,0.697492,0.715064,-0.230057,1.152784,2.882491,-16.11904682190041,-28.31311463781244,-7.562751010640931,-0.119678,-0.250595,-0.09753,0.955703,0.855381,-0.126438,0.502332,0.2464,0.95233,-0.179872,0.155091,1.097099,3.102376,-3.2284225335659955,3.872763434840332,-36.10266100647016,-0.037234,0.02339,-0.308664,0.950154,0.808358,-0.588299,-0.021463,0.584816,0.80668,-0.085195,F,BuildTutorial
44.408,0.050325,1.498497,2.756482,45.05537740594471,9.64131277018023,9.494349219929012,-0.386889,-0.045763,-0.044087,-0.919934,0.991924,0.116525,-0.050083,-0.045705,0.696746,0.71586,-0.230091,1.152683,2.882419,-16.09981102528052,-28.40573153074268,-7.344219032793275,-0.119917,-0.251134,-0.095765,0.955709,0.855521,-0.122816,0.502991,0.243278,0.952898,-0.181113,0.16239,1.099163,3.095374,-3.3851960457308214,4.828212109827593,-35.592750265170295,-0.040967,0.031069,-0.304046,0.951269,0.813182,-0.581004,-0.034198,0.575913,0.811756,-0.096834,F,BuildTutorial
44.441,0.050411,1.498454,2.756645,45.04384997593287,9.954688070551272,9.660660942353235,-0.386986,-0.047728,-0.044375,-0.91978,0.991506,0.118571,-0.053454,-0.04469,0.696546,0.716119,-0.229757,1.152404,2.882282,-16.115520029477683,-28.510854763631713,-7.187209021693557,-0.120306,-0.25185,-0.094598,0.955589,0.855246,-0.120195,0.504091,0.241392,0.953155,-0.182277,0.172153,1.097371,3.088431,-2.00825623379161,6.909756373944283,-34.9485055707153,-0.034778,0.05222,-0.298678,0.952289,0.816129,-0.572488,-0.078682,0.565224,0.819164,-0.097432,F,BuildTutorial
44.475,0.050414,1.498366,2.756952,44.98574228477471,10.204105315952075,9.85072466922566,-0.3867,-0.049145,-0.045116,-0.919789,0.991099,0.121003,-0.055514,-0.044985,0.696856,0.715799,-0.229349,1.151951,2.882351,-16.169581165734044,-28.576911921150565,-7.1219196063907155,-0.120848,-0.252344,-0.094234,0.955426,0.854885,-0.119076,0.504968,0.241057,0.953031,-0.183365,0.184797,1.094904,3.080652,-0.8847528269707761,10.764548268866918,-33.17738618773458,-0.034146,0.087699,-0.283538,0.954332,0.823831,-0.547167,-0.148024,0.535189,0.836881,-0.114905,F,BuildTutorial
44.508,0.050536,1.498259,2.756928,45.046827941231946,10.39167523497841,9.9954044196026,-0.387324,-0.050101,-0.045582,-0.919452,0.990825,0.122631,-0.05682,-0.04501,0.695805,0.716819,-0.228408,1.151016,2.882514,-15.991346019069704,-28.47209424677647,-7.19247546035438,-0.119286,-0.251504,-0.094347,0.955832,0.855689,-0.120358,0.5033,0.240362,0.953739,-0.180578,0.196378,1.091027,3.072227,0.3384638219694689,13.552721195562352,-32.407379903692124,-0.03011,0.114125,-0.277437,0.953466,0.820009,-0.535925,-0.200921,0.522181,0.844245,-0.120742,F,BuildTutorial
44.542,0.050556,1.498178,2.75697,45.10859546845907,10.568403730824215,10.129175031453348,-0.387946,-0.051004,-0.045994,-0.91912,0.990566,0.124122,-0.058071,-0.044975,0.694766,0.717829,-0.227662,1.150217,2.883084,-15.83849992448342,-28.36470869037823,-7.009211022651898,-0.118494,-0.250384,-0.092394,0.956416,0.857543,-0.117397,0.500838,0.236073,0.954845,-0.180391,0.20471,1.085466,3.063878,2.3546763270233955,14.837448773542636,-30.956323059357953,-0.014815,0.129848,-0.267138,0.954755,0.823554,-0.51395,-0.240031,0.506255,0.856836,-0.097664,F,BuildTutorial
44.574,0.050628,1.498299,2.757136,45.05734889882533,10.64543184230174,10.203666605083727,-0.387602,-0.051422,-0.046384,-0.919222,0.990409,0.125137,-0.05858,-0.045412,0.695227,0.717354,-0.226898,1.149984,2.883804,-15.824108381592447,-28.249034066429868,-7.138941129759183,-0.118184,-0.249549,-0.093328,0.956581,0.85803,-0.119566,0.499488,0.237537,0.954645,-0.179526,0.21033,1.082362,3.055049,2.213373346289691,15.641812303080808,-29.471343843464428,-0.016101,0.136444,-0.254489,0.957267,0.833237,-0.491621,-0.253032,0.482834,0.869952,-0.100274,F,BuildTutorial
44.608,0.050657,1.498421,2.757294,45.02085953657099,10.686523910961254,10.208393153494086,-0.38733,-0.051773,-0.046321,-0.91932,0.990348,0.125274,-0.059309,-0.045061,0.695659,0.716957,-0.226234,1.150081,2.884752,-15.847522443715574,-28.034397955108485,-7.061262627717787,-0.118723,-0.247682,-0.092505,0.95708,0.860194,-0.118258,0.496067,0.235879,0.954696,-0.18143,0.212877,1.079607,3.046627,2.0019498284059996,15.317072628642377,-28.251170704388212,-0.015729,0.133445,-0.244092,0.960398,0.845223,-0.473049,-0.248642,0.464653,0.880343,-0.095357,F,BuildTutorial
44.641,0.050743,1.498428,2.757424,45.0055371700218,10.743970183240016,10.19731628588113,-0.387226,-0.052287,-0.046054,-0.919348,0.99029,0.125174,-0.060474,-0.044186,0.69587,0.716807,-0.225641,1.150156,2.885815,-15.8266964203505,-27.81166783385728,-6.967410075437792,-0.118929,-0.245719,-0.091448,0.957661,0.862519,-0.116707,0.492383,0.233599,0.954986,-0.182846,0.213544,1.074291,3.038524,3.4592012239692127,14.720820158089436,-26.498698366838,-0.000211,0.131504,-0.230961,0.964035,0.858727,-0.445365,-0.253451,0.445254,0.893314,-0.061152,F,BuildTutorial
44.674,0.050958,1.498327,2.757376,45.02623902614921,10.808381272397945,10.221427720891286,-0.387428,-0.052701,-0.046008,-0.919242,0.990212,0.125421,-0.061241,-0.043749,0.695566,0.717129,-0.224366,1.149929,2.886291,-15.870422868276028,-27.705763306140742,-7.068714517296772,-0.119164,-0.244949,-0.092272,0.95775,0.862972,-0.118369,0.491191,0.235126,0.954571,-0.183055,0.216401,1.069375,3.030819,4.712247798928267,15.70216855674987,-27.1285320418449,0.007579,0.142228,-0.2376,0.960864,0.846635,-0.454446,-0.276926,0.458758,0.886978,-0.053022,F,BuildTutorial
44.708,0.051225,1.498194,2.757184,45.055175559868005,10.936282703519598,10.239779611171333,-0.387718,-0.053635,-0.045692,-0.919081,0.990071,0.125581,-0.063159,-0.042399,0.695173,0.717591,-0.22432,1.150078,2.887828,-15.84794859578412,-27.538001506596085,-7.0566372609268635,-0.119136,-0.243529,-0.091952,0.958147,0.864477,-0.118181,0.488583,0.234234,0.954703,-0.183514,0.218027,1.066084,3.025262,4.763496601564009,15.621907991434057,-26.75586324065152,0.008637,0.141629,-0.234523,0.961699,0.84988,-0.448635,-0.276461,0.453528,0.889848,-0.049819,F,BuildTutorial
44.741,0.0515,1.497947,2.756942,45.1075339027074,11.073844882802907,10.274020381587954,-0.388206,-0.054568,-0.045445,-0.918833,0.989914,0.12588,-0.064994,-0.041145,0.694462,0.718352,-0.223469,1.149985,2.888803,-15.79817062128314,-27.33062940922029,-6.9912154030588445,-0.119022,-0.241715,-0.091091,0.958702,0.866552,-0.11712,0.48515,0.232198,0.955073,-0.184176,0.218817,1.06243,3.021915,4.952804089121296,15.21374128818014,-25.622537408220012,0.012436,0.138456,-0.225161,0.964354,0.860265,-0.430826,-0.272642,0.437714,0.898296,-0.038364,F,BuildTutorial
44.774,0.0518,1.497709,2.756514,45.16028662807902,11.230515140020833,10.334771162777688,-0.388717,-0.055563,-0.045344,-0.918562,0.989713,0.1265,-0.066825,-0.040106,0.693687,0.71916,-0.221854,1.149952,2.889277,-15.86306344943966,-27.131242146789106,-7.084601160489829,-0.11953,-0.240159,-0.091792,0.958963,0.867796,-0.118639,0.482551,0.233463,0.954574,-0.18516,0.223728,1.058822,3.01882,5.6918989475413095,16.903835768102457,-26.05162533364907,0.014761,0.15409,-0.229777,0.960854,0.846918,-0.437015,-0.302899,0.446114,0.893969,-0.042445,F,BuildTutorial
44.808,0.0521,1.49751,2.755921,45.22519435956643,11.403087751467284,10.37241794249604,-0.38932,-0.05675,-0.044989,-0.918252,0.989511,0.12681,-0.069191,-0.038434,0.692812,0.720093,-0.221,1.150353,2.89012,-15.933990112063602,-26.931499994301554,-7.0140195315814955,-0.120433,-0.23843,-0.09113,0.959345,0.869693,-0.117421,0.479423,0.23228,0.954383,-0.187617,0.228041,1.056422,3.017035,6.0340887955299305,18.343017670823738,-26.375161678789095,0.014277,0.166826,-0.233079,0.957935,0.835687,-0.441785,-0.326273,0.451312,0.890941,-0.050414,F,BuildTutorial
44.841,0.052341,1.49736,2.755309,45.31586693133859,11.57595732317144,10.35857688345416,-0.390101,-0.058086,-0.04419,-0.917875,0.989347,0.126441,-0.072154,-0.035803,0.691737,0.721261,-0.220057,1.150793,2.890978,-16.011121685961196,-26.656033414208167,-6.899651327324136,-0.121536,-0.23602,-0.09003,0.959905,0.872379,-0.115471,0.474997,0.230211,0.954247,-0.190828,0.23021,1.055334,3.016235,6.258521497428202,18.49470423664859,-26.182514821433383,0.016135,0.168491,-0.23177,0.957932,0.835787,-0.438603,-0.330285,0.449477,0.892045,-0.04719,F,BuildTutorial
44.875,0.052496,1.497377,2.754735,45.31925688143306,11.757855289179007,10.380689755134233,-0.390209,-0.059464,-0.043744,-0.917762,0.989101,0.1267,-0.075008,-0.033887,0.691646,0.721441,-0.218895,1.151028,2.891402,-16.126556907505705,-26.38923979477528,-6.892147320589555,-0.122732,-0.233803,-0.089903,0.960308,0.874508,-0.11528,0.471113,0.23006,0.953709,-0.193681,0.231747,1.055893,3.014868,6.207007507594905,19.050808477134883,-26.547976477883747,0.014026,0.173087,-0.23483,0.956399,0.829791,-0.444327,-0.337668,0.454038,0.889316,-0.054462,F,BuildTutorial
44.908,0.052661,1.497535,2.754256,45.227269945258485,11.89673110926172,10.407108279073295,-0.389545,-0.060585,-0.043587,-0.917979,0.988859,0.127225,-0.077274,-0.032822,0.69271,0.720469,-0.218228,1.151043,2.891941,-16.175553830655424,-26.281316080595968,-6.8581565133516555,-0.123298,-0.232873,-0.089595,0.96049,0.875486,-0.114684,0.469438,0.229535,0.953541,-0.195125,0.231804,1.057684,3.014003,5.585442408347256,19.070690521559435,-26.92102777844178,0.008215,0.172099,-0.237136,0.956076,0.828297,-0.450612,-0.332975,0.456268,0.887398,-0.065913,F,BuildTutorial
44.941,0.052725,1.497614,2.753683,45.15033818661032,12.035162002389812,10.461231214065291,-0.389015,-0.061593,-0.043638,-0.918134,0.988604,0.128052,-0.079149,-0.03221,0.693526,0.719711,-0.217976,1.150743,2.892049,-16.089393040612144,-26.39466916000727,-6.684751445449966,-0.122838,-0.233618,-0.0881,0.960506,0.875322,-0.111848,0.470427,0.226636,0.954299,-0.194809,0.230331,1.059616,3.013376,5.262357155638825,18.316394190307644,-26.723158076733824,0.007352,0.165163,-0.235018,0.957828,0.834976,-0.447785,-0.31985,0.452642,0.889425,-0.063549,F,BuildTutorial
44.975,0.052701,1.497745,2.753106,45.09043519208223,12.164394170798005,10.553033158900908,-0.388638,-0.062382,-0.044004,-0.918223,0.988344,0.129299,-0.080358,-0.032323,0.694049,0.719202,-0.217956,1.150527,2.891971,-16.06825115817351,-26.46226851244691,-6.472840364943029,-0.123041,-0.233953,-0.086356,0.960557,0.875617,-0.108327,0.470701,0.22347,0.954807,-0.195969,0.230251,1.061796,3.012572,5.121626798849669,18.445757168058357,-27.22051264354637,0.005186,0.165997,-0.239002,0.956711,0.830646,-0.45559,-0.320101,0.459034,0.885702,-0.069424,F,BuildTutorial
45.008,0.052531,1.497936,2.752558,45.00239240728465,12.210630033988172,10.580950180267727,-0.387971,-0.062754,-0.044173,-0.918471,0.988221,0.129837,-0.080999,-0.03245,0.695054,0.718225,-0.218234,1.150387,2.892044,-16.10383624837839,-26.505275995042968,-6.513391198607193,-0.123225,-0.234364,-0.08681,0.960392,0.875075,-0.108984,0.471557,0.224502,0.954559,-0.195999,0.230519,1.065166,3.012132,4.703293698848948,18.743892204876925,-27.410937857037148,0.000782,0.167665,-0.240063,0.956168,0.828516,-0.45882,-0.321007,0.459344,0.884738,-0.079006,F,BuildTutorial
45.041,0.052212,1.498134,2.752201,44.88566809852692,12.132613747891032,10.577972836955484,-0.387011,-0.062266,-0.044548,-0.918891,0.988277,0.130065,-0.07995,-0.033674,0.696475,0.71679,-0.218046,1.150048,2.89157,-16.10268395650535,-26.545254225263264,-6.476304219570114,-0.123261,-0.234659,-0.08654,0.96034,0.874892,-0.108367,0.472039,0.224065,0.954635,-0.196131,0.229899,1.069147,3.012714,4.341618140957027,18.62074499856356,-27.700750416420146,-0.002408,0.165914,-0.242014,0.955979,0.827804,-0.463519,-0.316055,0.461921,0.882847,-0.08491,F,BuildTutorial
45.075,0.05174,1.498252,2.751931,44.78098831786548,12.039298757692078,10.63777313726274,-0.386174,-0.06143,-0.045463,-0.919255,0.988319,0.131029,-0.077827,-0.036138,0.697606,0.715569,-0.218334,1.149705,2.891411,-16.01932839710427,-26.539109446373303,-6.360228742207094,-0.122802,-0.234467,-0.085401,0.960548,0.875464,-0.106477,0.471408,0.221649,0.955253,-0.195868,0.228414,1.073983,3.014444,4.273702045948503,18.355248702894897,-29.337015680230056,-0.004751,0.163511,-0.255564,0.952853,0.815903,-0.488583,-0.309175,0.485475,0.869329,-0.092629,F,BuildTutorial
45.107,0.051201,1.49837,2.751606,44.733276630958734,11.908539160227868,10.63951687240828,-0.385743,-0.060427,-0.045972,-0.919477,0.98847,0.131159,-0.075656,-0.037922,0.698178,0.71492,-0.218455,1.149479,2.891103,-15.973990179527084,-26.52634894718469,-6.416948348493538,-0.122314,-0.234412,-0.085776,0.96059,0.875387,-0.107448,0.47133,0.222135,0.955364,-0.194773,0.225672,1.0812,3.017036,3.6118179814162272,18.085814995792024,-30.381002034423567,-0.011129,0.159762,-0.263424,0.951294,0.810168,-0.504743,-0.298098,0.497631,0.860968,-0.105343,F,BuildTutorial
45.141,0.050727,1.498432,2.751228,44.73730508270292,11.726296180248848,10.607506220296756,-0.385685,-0.059068,-0.046324,-0.919572,0.98873,0.13076,-0.072902,-0.039634,0.698203,0.714802,-0.219094,1.14963,2.890563,-16.036495833492562,-26.59901144741694,-6.457106929301387,-0.122703,-0.235076,-0.08631,0.96033,0.87458,-0.108084,0.472681,0.223461,0.954989,-0.195091,0.220716,1.089796,3.020967,2.7413851606451742,17.28644457599148,-31.473843778871807,-0.017985,0.151021,-0.271524,0.950339,0.806934,-0.521512,-0.277276,0.510648,0.851902,-0.116196,F,BuildTutorial
45.174,0.050372,1.498524,2.750777,44.729650126630894,11.586239294342631,10.641162485396194,-0.385584,-0.057839,-0.047074,-0.919654,0.988877,0.131188,-0.070081,-0.041981,0.698219,0.714653,-0.219837,1.149795,2.8901,-16.049892695268465,-26.714246054154167,-6.45314691918449,-0.122737,-0.23604,-0.086426,0.960079,0.873631,-0.108009,0.474449,0.223892,0.954933,-0.194874,0.214286,1.099133,3.025999,2.0530896148825533,16.028533980999505,-33.792875356528874,-0.02354,0.138536,-0.290148,0.946609,0.793244,-0.555835,-0.248619,0.542791,0.83052,-0.124959,F,BuildTutorial
45.207,0.050063,1.498618,2.750208,44.745161765229206,11.498822725890586,10.626224569349624,-0.385664,-0.057171,-0.047231,-0.919654,0.989001,0.13097,-0.068725,-0.042775,0.698065,0.714756,-0.220038,1.149694,2.888995,-16.11978018529447,-26.91084452616964,-6.359156872798313,-0.123371,-0.237599,-0.085985,0.959653,0.872307,-0.106406,0.477241,0.223657,0.954773,-0.195926,0.207181,1.109457,3.031586,1.0695272270609535,14.888831638461031,-36.26439144322023,-0.031525,0.126005,-0.309723,0.941913,0.776389,-0.591409,-0.217843,0.575519,0.806156,-0.137441,F,BuildTutorial
45.241,0.049737,1.498793,2.749711,44.73127047106506,11.3593602832877,10.523239647734965,-0.385445,-0.056413,-0.046889,-0.91981,0.989238,0.129747,-0.067632,-0.04277,0.698467,0.714363,-0.220963,1.149895,2.888544,-16.156957507813637,-27.078379929182542,-6.469193701318741,-0.123328,-0.239127,-0.087159,0.959173,0.870444,-0.108219,0.480226,0.226183,0.954387,-0.194901,0.198435,1.118643,3.038126,0.1731989856776366,13.379295562764714,-38.32907370656644,-0.036824,0.110528,-0.326213,0.93809,0.762738,-0.620174,-0.183346,0.603893,0.784459,-0.1412,F,BuildTutorial
45.274,0.049467,1.499056,2.749288,44.636374055934795,11.221835335325288,10.48975880599148,-0.384616,-0.055522,-0.047186,-0.920196,0.989382,0.129549,-0.065885,-0.044131,0.699688,0.713085,-0.221902,1.150138,2.888005,-16.182582316836086,-27.217302371650273,-6.32056906276829,-0.123749,-0.240134,-0.086115,0.958961,0.869839,-0.10573,0.481872,0.224595,0.954541,-0.195982,0.189832,1.126387,3.045365,0.0076946794640626,11.809005527046004,-41.39196649860802,-0.036293,0.096256,-0.351541,0.930504,0.734308,-0.661207,-0.153616,0.647233,0.750204,-0.135217,F,BuildTutorial
45.308,0.049201,1.499273,2.748881,44.552885191051274,11.115984160553198,10.498415426558791,-0.383911,-0.054731,-0.047701,-0.920512,0.989458,0.129842,-0.064135,-0.045794,0.700674,0.71201,-0.22225,1.150057,2.886853,-16.211165214114228,-27.49682930851911,-6.266481506671855,-0.123893,-0.242419,-0.086021,0.958376,0.867667,-0.104812,0.485972,0.224948,0.954502,-0.195766,0.183251,1.132386,3.052486,0.6713443700645526,11.11737184780173,-45.1612842947585,-0.03181,0.091677,-0.382695,0.918764,0.69028,-0.709045,-0.144112,0.69738,0.705066,-0.128621,F,BuildTutorial
45.341,0.048939,1.499426,2.74853,44.48317824670873,10.985228201903787,10.49596864254593,-0.383299,-0.053762,-0.048194,-0.920798,0.989574,0.129968,-0.062062,-0.047541,0.701519,0.711064,-0.223894,1.150543,2.886596,-16.28372761828466,-27.713892505813835,-6.340458619007895,-0.124181,-0.244326,-0.087019,0.957764,0.865465,-0.106007,0.489626,0.22737,0.954013,-0.19535,0.176736,1.137463,3.059902,1.4781103111799403,10.03675095476218,-48.72327921034056,-0.024375,0.08498,-0.411907,0.906927,0.646222,-0.751282,-0.134061,0.742996,0.659477,-0.11422,F,BuildTutorial
45.374,0.04854,1.4996,2.748279,44.406314759481155,10.819749271611164,10.516513300060282,-0.382625,-0.052444,-0.048994,-0.921112,0.989698,0.130391,-0.05912,-0.050126,0.702396,0.710019,-0.225019,1.150779,2.886005,-16.245101806816624,-27.84004752920215,-6.299880746833964,-0.123848,-0.24533,-0.086739,0.957576,0.864579,-0.105351,0.49133,0.226886,0.954276,-0.194628,0.171304,1.141037,3.067001,2.824439190640601,8.945727154303684,-53.18852680213013,-0.012931,0.080714,-0.447889,0.890344,0.585761,-0.799639,-0.132142,0.795464,0.598456,-0.095328,F,BuildTutorial
45.408,0.04798,1.499716,2.748263,44.371320756226304,10.579986087152337,10.493135291847077,-0.382232,-0.050631,-0.049643,-0.921342,0.989944,0.130182,-0.055347,-0.052771,0.702869,0.709359,-0.225541,1.150862,2.884571,-16.28802386292232,-28.07478382153619,-6.217806576776037,-0.124207,-0.247209,-0.086394,0.957077,0.862848,-0.103961,0.494657,0.226782,0.954217,-0.195037,0.168068,1.143092,3.073594,5.075412092148598,8.247581099561309,-58.716610701301626,0.003269,0.084266,-0.491296,0.866901,0.503055,-0.851259,-0.149312,0.852361,0.517235,-0.077132,F,BuildTutorial
45.441,0.04728,1.499725,2.748387,44.36693128068468,10.259289075689988,10.399500931783058,-0.382017,-0.048369,-0.049964,-0.921535,0.990328,0.129043,-0.050972,-0.055132,0.703133,0.708918,-0.226663,1.150998,2.8836,-16.35161424038772,-28.25550570724776,-6.379235168485368,-0.124253,-0.248903,-0.088067,0.956479,0.860583,-0.106614,0.498027,0.230322,0.953611,-0.19385,0.16426,1.145866,3.079797,6.830495667538677,7.110082521135605,-63.10323790257429,0.018279,0.083859,-0.52448,0.847086,0.435778,-0.885493,-0.161246,0.891625,0.449174,-0.056996,F,BuildTutorial
45.475,0.046651,1.499754,2.74853,44.38370512873265,9.942249438322804,10.365672606518856,-0.381998,-0.045915,-0.050732,-0.921627,0.990636,0.128591,-0.045874,-0.058434,0.703007,0.708778,-0.22763,1.150844,2.882183,-16.38089014454861,-28.47537842814131,-6.377871030303454,-0.124332,-0.250741,-0.088354,0.955962,0.858645,-0.106576,0.501369,0.231276,0.953471,-0.193405,0.160729,1.148216,3.085385,8.228595712006834,5.89307616525892,-67.34435248772459,0.031203,0.082396,-0.55535,0.826937,0.369596,-0.913336,-0.17093,0.92362,0.381227,-0.039912,F,BuildTutorial
45.507,0.046099,1.499707,2.748621,44.39645063931541,9.704409397120838,10.40082623910466,-0.382007,-0.043872,-0.051795,-0.921663,0.990785,0.128994,-0.041298,-0.061957,0.702775,0.708709,-0.229307,1.150656,2.881073,-16.346987712008723,-28.88443179946283,-6.385593065183595,-0.123715,-0.254155,-0.088791,0.9551,0.855043,-0.106723,0.507457,0.232494,0.953622,-0.191187,0.157467,1.149133,3.09043,9.73957000517542,4.3479842458911655,-72.33241635743222,0.046179,0.080575,-0.590176,0.801915,0.290399,-0.9391,-0.183737,0.953984,0.299119,-0.021043,F,BuildTutorial
45.541,0.04551,1.49969,2.748808,44.423710086793236,9.483173141050422,10.408388498198985,-0.382127,-0.04204,-0.052567,-0.921655,0.990939,0.129026,-0.037318,-0.064768,0.702432,0.708798,-0.231288,1.150458,2.880149,-16.256447045918474,-29.349185504585428,-6.405502359094627,-0.122552,-0.258034,-0.089266,0.954165,0.8509,-0.107104,0.514294,0.233594,0.954025,-0.187803,0.153526,1.149959,3.094807,10.73712234280863,2.7076495669634775,-75.75319773074816,0.059389,0.075995,-0.612844,0.784296,0.237293,-0.952276,-0.191998,0.970329,0.24179,1e-05,F,BuildTutorial
45.574,0.044901,1.499778,2.749142,44.40871959465748,9.26092341948521,10.41867816779332,-0.381908,-0.040233,-0.053405,-0.921778,0.991058,0.129186,-0.033381,-0.067724,0.702588,0.708367,-0.232256,1.149966,2.878953,-16.15831427435807,-29.543523834451687,-6.465163251038034,-0.121445,-0.2597,-0.089761,0.953808,0.848998,-0.108151,0.51721,0.234308,0.954388,-0.185049,0.150939,1.150073,3.098703,11.67302766706998,1.7067468873157927,-78.29436102724651,0.069501,0.075682,-0.629147,0.770465,0.196892,-0.958951,-0.204074,0.979991,0.198687,0.011866,F,BuildTutorial
45.607,0.044294,1.499866,2.749497,44.38799769360728,9.043395340489385,10.441396147075194,-0.381648,-0.038428,-0.054332,-0.921909,0.991143,0.129509,-0.029383,-0.070846,0.702786,0.707865,-0.233348,1.149659,2.878088,-16.115247873733928,-29.75948832001688,-6.4790851706696415,-0.120884,-0.261505,-0.090013,0.953362,0.847026,-0.108407,0.52038,0.234854,0.954569,-0.183416,0.149857,1.148373,3.101719,12.834451564485718,1.6864246046930589,-79.2824892314885,0.076728,0.082559,-0.635179,0.764097,0.179464,-0.958007,-0.223639,0.983346,0.181321,0.012376,F,BuildTutorial
45.641,0.043651,1.499928,2.74972,44.36967667286014,8.868588312672669,10.500182708588923,-0.381437,-0.036844,-0.055404,-0.921997,0.991146,0.130271,-0.025674,-0.074057,0.702873,0.70745,-0.234831,1.149714,2.877374,-16.1494474895271,-30.03679701249499,-6.576102912496647,-0.120728,-0.263919,-0.091186,0.952605,0.844064,-0.110004,0.524839,0.237453,0.95422,-0.18188,0.148806,1.145862,3.103969,13.9165375577634,1.7152875134932866,-79.49390817792872,0.083636,0.088876,-0.636012,0.761968,0.175179,-0.954375,-0.241828,0.984108,0.176987,0.014403,F,BuildTutorial
45.674,0.043082,1.50005,2.749912,44.329568405191914,8.703887283335892,10.551412260240404,-0.381052,-0.035388,-0.056401,-0.922153,0.991133,0.13099,-0.022284,-0.077051,0.703237,0.706767,-0.235289,1.149453,2.876414,-16.13358375883607,-30.136416075353686,-6.616477524016031,-0.120423,-0.264787,-0.091592,0.952364,0.842998,-0.110686,0.526406,0.238231,0.954219,-0.180867,0.148537,1.141454,3.106196,15.288618868284198,1.6422631440849196,-81.1596377821611,0.091781,0.097311,-0.646107,0.751433,0.146152,-0.95315,-0.264847,0.988876,0.148243,0.012188,F,BuildTutorial
45.707,0.042505,1.500131,2.750153,44.258680723766,8.550147313050928,10.56605936014247,-0.380413,-0.034172,-0.057094,-0.92242,0.991145,0.131327,-0.019603,-0.07933,0.704053,0.705703,-0.236232,1.149488,2.875955,-16.170685859408582,-30.354052825823256,-6.50526894223452,-0.120817,-0.266484,-0.090978,0.951899,0.841418,-0.108813,0.529316,0.237596,0.954253,-0.181522,0.148672,1.136015,3.108112,16.61375548057054,1.9479750867217496,-82.32361406730008,0.097682,0.107741,-0.653037,0.743231,0.123868,-0.949666,-0.287734,0.991764,0.128001,0.004483,F,BuildTutorial
45.741,0.041994,1.500183,2.750452,44.22736051577049,8.36173306522704,10.563048361469374,-0.380067,-0.032696,-0.057723,-0.922577,0.991198,0.131361,-0.016452,-0.081654,0.704435,0.705056,-0.237127,1.149528,2.87568,-16.195582818234683,-30.582612478191475,-6.610694283257679,-0.120596,-0.268497,-0.092149,0.951249,0.838836,-0.110554,0.53304,0.240073,0.95393,-0.17995,0.149364,1.129794,3.109575,18.35402174946545,2.631809040548871,-82.57653434692362,0.104846,0.122243,-0.653982,0.739169,0.114727,-0.941174,-0.317851,0.992441,0.122629,-0.004893,F,BuildTutorial
45.774,0.041483,1.500178,2.750713,44.207303993043695,8.17196851650943,10.60640911948466,-0.379822,-0.031044,-0.058719,-0.922672,0.991177,0.13194,-0.012681,-0.084775,0.704574,0.704548,-0.237542,1.149424,2.875392,-16.13084785197211,-30.715986767629172,-6.647229681722691,-0.119863,-0.269632,-0.092449,0.950991,0.837503,-0.111199,0.534998,0.240475,0.954172,-0.178122,0.149227,1.123513,3.110292,20.00744881634652,3.118061540418874,-83.79978021206922,0.111355,0.13591,-0.660952,0.729569,0.089341,-0.934152,-0.345512,0.994689,0.101484,-0.017177,F,BuildTutorial
45.808,0.040992,1.500097,2.751034,44.24069870903681,7.994515977442927,10.582778632655476,-0.379992,-0.029661,-0.059088,-0.922624,0.991258,0.131574,-0.009826,-0.08649,0.704229,0.704685,-0.237915,1.149572,2.875337,-16.150887554738997,-30.708729492588137,-6.612785639438887,-0.120117,-0.269539,-0.0922,0.95101,0.837696,-0.110614,0.534818,0.240119,0.954142,-0.178762,0.147461,1.119052,3.111076,20.81568243423335,2.940148314890735,-84.4849193811518,0.116732,0.140088,-0.664422,0.724771,0.077839,-0.930402,-0.358182,0.995812,0.089836,-0.016947,F,BuildTutorial
45.841,0.040589,1.500039,2.751379,44.26243469124766,7.807204469784298,10.522721989229964,-0.380054,-0.028331,-0.059207,-0.922632,0.991384,0.130788,-0.007274,-0.087718,0.704106,0.704656,-0.238121,1.149795,2.875513,-16.24795323469493,-30.668182305987052,-6.813527363944158,-0.120487,-0.269429,-0.094038,0.950814,0.83713,-0.1139,0.535015,0.243751,0.95328,-0.178448,0.145224,1.114682,3.112025,21.7577853996432,2.6394371427376595,-85.33350377607951,0.123412,0.144508,-0.668573,0.718956,0.064255,-0.925681,-0.372809,0.997017,0.07556,-0.015773,F,BuildTutorial
45.874,0.040295,1.500003,2.751826,44.26781767455337,7.663973993372534,10.514463131200753,-0.380021,-0.0272,-0.059611,-0.922654,0.991413,0.130674,-0.004886,-0.089327,0.704062,0.704498,-0.238303,1.149918,2.875691,-16.2425344118042,-30.583847608200468,-6.92181279678946,-0.120257,-0.268842,-0.094836,0.95093,0.83746,-0.115704,0.53411,0.245025,0.953089,-0.17772,0.142968,1.110953,3.11306,22.42384784013165,2.6494407793806567,-85.95256517540798,0.126761,0.149104,-0.671795,0.714416,0.052918,-0.922082,-0.38336,0.997684,0.065245,-0.019215,F,BuildTutorial
45.907,0.040056,1.499926,2.752149,44.32961681139441,7.5853999181504,10.505511183038776,-0.380473,-0.026538,-0.059748,-0.922478,0.991452,0.130427,-0.003497,-0.090038,0.703341,0.705127,-0.238576,1.149835,2.875992,-16.128430361376214,-30.522825535321303,-6.917945299745657,-0.119365,-0.268311,-0.094489,0.951227,0.838162,-0.115708,0.533007,0.243816,0.953648,-0.176381,0.14131,1.108108,3.113823,22.71526850040508,2.7007938281422654,-86.2753159119112,0.127866,0.151476,-0.673564,0.712051,0.046733,-0.920487,-0.387969,0.997961,0.059923,-0.021962,F,BuildTutorial
45.941,0.039886,1.499842,2.752434,44.36900610859648,7.554662480033357,10.485341864251753,-0.380768,-0.02632,-0.059655,-0.922369,0.991497,0.130092,-0.003125,-0.090004,0.702914,0.705557,-0.239059,1.149878,2.876266,-16.215987776060093,-30.599323026231765,-6.9563002583396205,-0.119942,-0.269002,-0.09508,0.950901,0.837196,-0.116294,0.534396,0.245352,0.953148,-0.176952,0.139488,1.105177,3.114684,23.206747912241152,2.55467300440139,-86.70119319565687,0.131233,0.153916,-0.675525,0.709051,0.039952,-0.917567,-0.39557,0.998362,0.052888,-0.021846,F,BuildTutorial
45.974,0.039776,1.499869,2.752655,44.36861919973707,7.531446907765681,10.482180414064128,-0.380752,-0.026144,-0.059707,-0.922377,0.991503,0.130054,-0.002761,-0.090237,0.702925,0.705516,-0.239683,1.149918,2.876507,-16.235353641252996,-30.65569807924103,-7.135938923308722,-0.119634,-0.269661,-0.096672,0.950592,0.835876,-0.11927,0.535805,0.248312,0.952685,-0.175309,0.138862,1.101877,3.115235,23.810994465501704,2.9228437460569205,-87.24437159690065,0.132075,0.160344,-0.678649,0.704473,0.027451,-0.913825,-0.405181,0.998534,0.043983,-0.031548,F,BuildTutorial
46.008,0.039635,1.499857,2.752944,44.38626413421243,7.554934657146242,10.514445494848257,-0.380913,-0.026209,-0.059874,-0.922298,0.991456,0.13041,-0.002731,-0.090477,0.702641,0.705769,-0.240085,1.149846,2.876595,-16.134722147818195,-30.730356322107767,-6.987613240724477,-0.119082,-0.270107,-0.095297,0.950674,0.835921,-0.116863,0.536264,0.245522,0.953476,-0.174935,0.138778,1.099116,3.116041,24.24079173933131,3.498829770789164,-86.66129300303898,0.132178,0.165725,-0.675261,0.706461,0.033117,-0.91028,-0.412666,0.997901,0.053105,-0.037059,F,BuildTutorial
46.041,0.039454,1.499839,2.753212,44.383857176109984,7.568240759431092,10.507642453249291,-0.380899,-0.026341,-0.059777,-0.922306,0.991466,0.130332,-0.003051,-0.090199,0.702685,0.705761,-0.240609,1.149998,2.876672,-16.242921677696465,-30.88237147471788,-6.895541270200931,-0.120075,-0.271291,-0.094932,0.950248,0.834778,-0.115268,0.538386,0.245569,0.95314,-0.176694,0.138652,1.096282,3.116889,24.72034573460033,3.5069034312379657,-86.69164007169628,0.135078,0.168596,-0.67494,0.70554,0.032064,-0.906845,-0.420242,0.99794,0.052421,-0.036978,F,BuildTutorial
46.074,0.039151,1.499837,2.753601,44.37546201722368,7.570587710153097,10.515442240839844,-0.380835,-0.026342,-0.059839,-0.922329,0.991451,0.130447,-0.003014,-0.090319,0.702767,0.705663,-0.240659,1.14982,2.876815,-16.28750569685211,-30.843088740890664,-7.184641712082523,-0.119795,-0.271276,-0.097387,0.950039,0.83385,-0.120048,0.538779,0.250037,0.95233,-0.174782,0.138793,1.09407,3.118097,24.84085883504495,3.6656026859404087,-86.7041558914207,0.134876,0.170287,-0.675072,0.705045,0.030561,-0.905977,-0.422222,0.997848,0.052173,-0.039724,F,BuildTutorial
46.108,0.038823,1.499747,2.753907,44.424736127049606,7.59706483183996,10.579456621236158,-0.381258,-0.026295,-0.060225,-0.92213,0.991363,0.131121,-0.002572,-0.09102,0.702031,0.706306,-0.240586,1.14943,2.876909,-16.135090471549383,-30.720436443451245,-7.112069037373309,-0.1188,-0.270154,-0.09632,0.950593,0.835479,-0.118933,0.536498,0.24731,0.953218,-0.173819,0.140348,1.092663,3.118575,24.986988697456937,4.4846238052033565,-86.22324631140107,0.131698,0.175617,-0.672907,0.706407,0.032709,-0.904436,-0.425355,0.996949,0.059703,-0.050284,F,BuildTutorial
46.14,0.038422,1.499615,2.754224,44.44023867026003,7.564650713704184,10.609290528227024,-0.381372,-0.02592,-0.06056,-0.922072,0.991321,0.131451,-0.001608,-0.091911,0.701777,0.706443,-0.240923,1.149218,2.877169,-16.06757569812778,-30.731027806260823,-6.998091430998098,-0.118497,-0.270111,-0.095236,0.950752,0.835941,-0.117078,0.536187,0.245107,0.953777,-0.173873,0.140447,1.092405,3.119207,24.932973105338597,4.520939707043988,-84.51917821932099,0.133742,0.17356,-0.662426,0.716368,0.062139,-0.902656,-0.425853,0.995505,0.086611,-0.038325,F,BuildTutorial
46.173,0.038107,1.499566,2.754519,44.48859367179688,7.532083801692071,10.601324405238996,-0.38174,-0.025638,-0.060564,-0.921927,0.991349,0.131246,-0.001034,-0.092097,0.701214,0.706978,-0.241045,1.148969,2.877298,-16.113438164628853,-30.716567265025052,-7.231528982932825,-0.118341,-0.270241,-0.097259,0.950529,0.835022,-0.120934,0.536763,0.248856,0.953072,-0.172407,0.139511,1.092847,3.120076,24.501737052831366,3.78724255598689,-85.62852044636476,0.133625,0.16782,-0.668928,0.711699,0.048743,-0.907302,-0.417645,0.997001,0.069359,-0.034317,F,BuildTutorial
46.207,0.037748,1.499552,2.754753,44.55145723338657,7.53506862514052,10.575129828933877,-0.382239,-0.025689,-0.060291,-0.921737,0.99141,0.130783,-0.001266,-0.091506,0.700517,0.707745,-0.241243,1.148614,2.877572,-15.950502964093143,-30.634378656174498,-7.215022639689093,-0.117091,-0.269509,-0.096678,0.950951,0.836036,-0.120758,0.53522,0.246986,0.953886,-0.170584,0.139377,1.093354,3.120389,24.329675785229753,3.9176931237596233,-85.27069962305445,0.132303,0.167229,-0.667033,0.713861,0.054203,-0.908088,-0.415258,0.996587,0.075126,-0.034203,F,BuildTutorial
46.24,0.037399,1.499601,2.754961,44.531995834122405,7.546034987532668,10.615578960364488,-0.382098,-0.025661,-0.060596,-0.921776,0.991339,0.131321,-0.001,-0.092102,0.700659,0.707527,-0.242141,1.148402,2.878032,-15.882408951369918,-30.730857005928588,-7.02197967837591,-0.116897,-0.270099,-0.095024,0.950974,0.836034,-0.117583,0.53593,0.243877,0.954611,-0.171,0.139568,1.093388,3.120646,24.368374491326673,4.452064357132046,-83.40621729572217,0.132197,0.168649,-0.655915,0.72378,0.082667,-0.904886,-0.41755,0.994066,0.1046,-0.029876,F,BuildTutorial
46.274,0.037228,1.499594,2.755151,44.506500133140214,7.6321129190057935,10.719082724598984,-0.381963,-0.026033,-0.061163,-0.921784,0.991163,0.132646,-0.001269,-0.092872,0.700727,0.707359,-0.242976,1.148492,2.878614,-15.948663216019044,-30.80406444489142,-7.171229136243868,-0.117036,-0.270872,-0.096484,0.950591,0.834639,-0.12003,0.53756,0.246837,0.953987,-0.170236,0.138698,1.093043,3.121303,24.305338529519823,4.061767906214547,-83.21626650783331,0.134301,0.165606,-0.654322,0.725535,0.088876,-0.904985,-0.416057,0.993949,0.107653,-0.021839,F,BuildTutorial
46.307,0.03701,1.499507,2.75509,44.54512671043072,7.774760513505838,10.808917617586529,-0.382369,-0.026843,-0.061377,-0.921578,0.991025,0.133655,-0.002539,-0.092599,0.700054,0.708061,-0.243411,1.148445,2.879177,-15.876309277470996,-30.720930349588983,-7.09809093740075,-0.116675,-0.270093,-0.095632,0.950942,0.835809,-0.118855,0.536001,0.244907,0.954483,-0.170244,0.137821,1.092425,3.121663,24.136834087032597,3.5098462447702463,-83.66569767632411,0.135737,0.161696,-0.656684,0.724014,0.085242,-0.907,-0.412413,0.994793,0.100684,-0.015815,F,BuildTutorial
46.341,0.036611,1.499521,2.755073,44.552080756300136,7.878190368562383,10.85444549031261,-0.382491,-0.027516,-0.061392,-0.921507,0.990948,0.134195,-0.003749,-0.092097,0.699864,0.708314,-0.243541,1.148452,2.87931,-15.834090682402634,-30.761800571165193,-6.878897253436092,-0.116806,-0.270201,-0.093761,0.951082,0.8364,-0.115226,0.535871,0.24147,0.955131,-0.171515,0.137306,1.091392,3.121291,24.16868797372723,3.5521193581657005,-82.9339098814166,0.136731,0.161273,-0.652065,0.728084,0.097604,-0.905415,-0.413156,0.993619,0.112231,-0.011218,F,BuildTutorial
46.374,0.036169,1.499661,2.755241,44.45585186813763,7.884619794247721,10.89761413909712,-0.381735,-0.027519,-0.061801,-0.921793,0.990847,0.134946,-0.003551,-0.092925,0.700918,0.707163,-0.243769,1.148757,2.879477,-15.988568111025195,-30.7984019912469,-6.947432352489634,-0.117902,-0.270603,-0.09471,0.950738,0.835609,-0.116279,0.536877,0.243897,0.954258,-0.172931,0.137929,1.090507,3.120892,24.202856938613433,3.823275378720944,-81.76992061955544,0.137058,0.161803,-0.644928,0.734236,0.115776,-0.902706,-0.414388,0.991412,0.130567,-0.007437,F,BuildTutorial
46.407,0.035652,1.499697,2.755293,44.45595319530518,7.820677637137215,10.859342092907545,-0.381692,-0.027132,-0.061706,-0.921828,0.990913,0.134477,-0.002918,-0.093052,0.701007,0.707057,-0.244307,1.148948,2.879826,-16.02690076975156,-30.796668266369164,-6.888571769956888,-0.118362,-0.270535,-0.094305,0.950741,0.835835,-0.115277,0.536741,0.243361,0.954194,-0.174038,0.139131,1.089537,3.119953,24.079127230557123,4.0433376645081225,-81.18511256965854,0.135844,0.161837,-0.641555,0.737403,0.124433,-0.902199,-0.412981,0.990138,0.139908,-0.00731,F,BuildTutorial
46.441,0.035238,1.499707,2.755215,44.52158180823464,7.828777316030366,10.874446031965348,-0.382225,-0.027082,-0.061744,-0.921606,0.990909,0.134509,-0.002717,-0.093104,0.700183,0.707867,-0.244559,1.148721,2.879747,-15.967924788230045,-30.819336712003462,-6.697033908690218,-0.118304,-0.270515,-0.092608,0.95092,0.836491,-0.11212,0.536388,0.240132,0.954856,-0.174892,0.139835,1.089104,3.118339,23.910710963461064,3.849628849825129,-79.88518337298666,0.137633,0.158112,-0.633074,0.745168,0.148437,-0.89997,-0.409903,0.987016,0.16055,0.004927,F,BuildTutorial
46.474,0.034747,1.499768,2.755312,44.466955477408334,7.835621236664981,10.93508235643736,-0.381806,-0.026989,-0.062256,-0.921748,0.990792,0.135377,-0.002214,-0.094159,0.700697,0.707219,-0.244661,1.148298,2.879402,-15.964770780030634,-30.869317657073523,-6.7470969602995385,-0.118119,-0.270981,-0.093068,0.950766,0.835816,-0.112957,0.537265,0.240989,0.954772,-0.174168,0.140059,1.088794,3.116946,23.66293268989934,3.4063666107286963,-78.91996159283154,0.139742,0.152709,-0.626467,0.751459,0.168438,-0.89885,-0.404596,0.984209,0.176022,0.018686,F,BuildTutorial
46.507,0.034258,1.499653,2.755266,44.47070715601695,7.888479022507929,11.003632881655443,-0.381881,-0.027182,-0.062628,-0.921686,0.990678,0.136207,-0.002275,-0.094685,0.700489,0.707354,-0.245187,1.14794,2.879347,-15.9023168476015,-30.95880046551958,-6.847793458161289,-0.117287,-0.271816,-0.093856,0.950553,0.834615,-0.114669,0.538767,0.242191,0.95487,-0.171952,0.140626,1.088508,3.114707,23.42717406502256,2.940250379374302,-78.51130284060628,0.141256,0.147877,-0.623433,0.754659,0.178927,-0.899182,-0.39932,0.982736,0.182756,0.028817,F,BuildTutorial
46.54,0.033785,1.499561,2.755154,44.50246097871224,7.977162701262627,11.076044199093923,-0.382201,-0.027622,-0.062887,-0.921523,0.990565,0.137018,-0.002837,-0.09479,0.699936,0.707888,-0.245735,1.147446,2.87938,-15.762361266611698,-31.026144204779808,-6.623273645743141,-0.116599,-0.272122,-0.091749,0.950756,0.835064,-0.111003,0.538838,0.237919,0.955974,-0.171781,0.141314,1.088313,3.111816,23.431791746003288,2.4354199125249583,-77.24471194270491,0.145621,0.142975,-0.614414,0.762134,0.204107,-0.894892,-0.396875,0.978172,0.20258,0.046274,F,BuildTutorial
46.573,0.033339,1.499565,2.755108,44.47401725530507,8.021624726583843,11.1457048342268,-0.382015,-0.027776,-0.063324,-0.921566,0.990437,0.137936,-0.002813,-0.095493,0.700109,0.707622,-0.245857,1.147231,2.879064,-15.739115992833986,-31.096130334894333,-6.588921901061215,-0.116431,-0.272664,-0.091483,0.950647,0.834571,-0.110444,0.539717,0.23743,0.956149,-0.17148,0.142894,1.08899,3.108525,23.202372684284608,2.448664471707655,-75.64022447371627,0.145985,0.139816,-0.603915,0.770991,0.231477,-0.890404,-0.391918,0.972047,0.227951,0.056232,F,BuildTutorial
46.606,0.032896,1.499556,2.754955,44.46282126562509,8.08145127757621,11.22174808164744,-0.381977,-0.028015,-0.063746,-0.921545,0.990303,0.138892,-0.002934,-0.096088,0.70006,0.70759,-0.245581,1.147195,2.878706,-15.867667404155606,-31.12548641186576,-6.630294012295968,-0.11738,-0.27297,-0.092145,0.950378,0.833993,-0.111063,0.540481,0.239228,0.955462,-0.172806,0.145577,1.090375,3.104843,22.434544925095366,3.0328730337658003,-75.24110509506018,0.138182,0.139266,-0.602636,0.773525,0.23487,-0.89382,-0.381998,0.970796,0.235471,0.045921,F,BuildTutorial
46.64,0.032556,1.499587,2.754755,44.45361252017553,8.169059612123315,11.306033958622816,-0.381973,-0.028448,-0.06414,-0.921506,0.990154,0.139943,-0.00343,-0.096478,0.699966,0.70763,-0.245515,1.147358,2.878625,-15.916377549441233,-31.118560283098223,-6.4805005394522714,-0.118148,-0.272766,-0.091005,0.950451,0.834634,-0.108538,0.540006,0.237445,0.955518,-0.174942,0.147104,1.09282,3.101324,21.21786311249509,3.1506689611932575,-73.44882338514877,0.13135,0.131705,-0.59158,0.784496,0.265374,-0.893586,-0.362052,0.962783,0.265561,0.050259,F,BuildTutorial
46.673,0.032271,1.499746,2.754536,44.39212666215853,8.230341624058234,11.382355102307786,-0.381535,-0.02875,-0.064605,-0.921646,0.989999,0.141024,-0.003697,-0.097147,0.700514,0.706996,-0.245571,1.147091,2.878839,-15.829647856403518,-31.137926825359223,-6.352019623406155,-0.117716,-0.272782,-0.089764,0.950618,0.835064,-0.106441,0.539757,0.234884,0.956171,-0.174834,0.14773,1.094743,3.096891,20.263286613754985,2.839379197655992,-71.5206246295932,0.128449,0.122561,-0.578643,0.796023,0.300304,-0.88974,-0.343775,0.952711,0.297347,0.062659,F,BuildTutorial
46.707,0.031992,1.499911,2.754172,44.36055566908443,8.27948606956168,11.441540652836974,-0.381325,-0.028981,-0.064946,-0.921701,0.989884,0.141823,-0.003892,-0.097619,0.700747,0.7067,-0.245365,1.147072,2.879036,-15.823076014938106,-31.106271995758465,-6.356268867581754,-0.117676,-0.272523,-0.089752,0.950699,0.835352,-0.106516,0.539297,0.234794,0.956194,-0.17483,0.148818,1.096444,3.091005,19.647665689938812,2.934128752806049,-69.95439775002966,0.125295,0.118446,-0.568239,0.804597,0.32615,-0.884725,-0.332997,0.944088,0.322812,0.067012,F,BuildTutorial
46.74,0.031626,1.500063,2.754023,44.28173359169495,8.285980971829908,11.474724655804168,-0.380707,-0.029005,-0.065263,-0.921934,0.989799,0.14242,-0.003789,-0.098251,0.701607,0.705759,-0.244629,1.146928,2.879261,-15.857667111706656,-30.99994729974495,-6.297422278813807,-0.118187,-0.271585,-0.089232,0.950953,0.836558,-0.105516,0.537621,0.233907,0.956139,-0.176311,0.149353,1.098593,3.084936,18.623362019372692,2.9278967185819336,-68.22579875368938,0.119781,0.111588,-0.556677,0.814439,0.355317,-0.880027,-0.315122,0.933492,0.351526,0.070871,F,BuildTutorial
46.774,0.031322,1.500213,2.753705,44.201846760786744,8.287171632763265,11.47588546637627,-0.380069,-0.029094,-0.065341,-0.922189,0.989768,0.142629,-0.003992,-0.098398,0.702556,0.704793,-0.243739,1.147015,2.879472,-15.956607748658037,-30.86544613320024,-6.202242033832658,-0.119341,-0.270383,-0.088524,0.951217,0.838113,-0.103876,0.535515,0.232947,0.955842,-0.179168,0.148289,1.101254,3.078612,17.265883129607094,2.174116929027925,-65.51600314726416,0.11606,0.096979,-0.53726,0.829745,0.403893,-0.869067,-0.285644,0.914089,0.395763,0.088394,F,BuildTutorial
46.807,0.031023,1.500306,2.753291,44.16387165899046,8.343048139494657,11.461189469063616,-0.379793,-0.029632,-0.065072,-0.922304,0.989775,0.142541,-0.005231,-0.097525,0.703046,0.704426,-0.242816,1.147061,2.879838,-15.973502170430384,-30.723814270338536,-6.176825224091126,-0.119651,-0.269183,-0.088203,0.951549,0.839522,-0.103442,0.533388,0.232274,0.955808,-0.180222,0.148026,1.102625,3.071562,16.57338476709209,1.944800601941841,-63.224279459003846,0.11392,0.089837,-0.520702,0.841321,0.441599,-0.855686,-0.269799,0.896623,0.431784,0.098131,F,BuildTutorial
46.84,0.030715,1.500356,2.752769,44.14024674972705,8.384484715929915,11.50500968068657,-0.379639,-0.029845,-0.065309,-0.922344,0.989688,0.143136,-0.005468,-0.097814,0.703218,0.704214,-0.242317,1.147212,2.880603,-16.05558694879461,-30.572735862627606,-6.013738441176356,-0.120833,-0.267767,-0.086872,0.951921,0.841508,-0.100681,0.53078,0.230101,0.955706,-0.183523,0.14833,1.103098,3.064289,16.05533769094457,2.1817002561252683,-61.41623917459204,0.110421,0.08751,-0.507855,0.849843,0.46885,-0.843868,-0.260895,0.88252,0.459781,0.098796,F,BuildTutorial
46.874,0.030526,1.500543,2.752182,44.06679387655473,8.391554264027436,11.48862812516777,-0.379051,-0.030033,-0.065221,-0.922586,0.989689,0.143112,-0.005971,-0.097576,0.704133,0.703331,-0.241153,1.147065,2.880932,-16.117304597939295,-30.44553120142542,-6.038788381455445,-0.121386,-0.266744,-0.087082,0.952119,0.842529,-0.101066,0.529085,0.230583,0.955364,-0.184691,0.147889,1.103938,3.057557,14.8739051295917,2.107043853688861,-57.99052236980066,0.104355,0.078678,-0.48266,0.866002,0.521698,-0.819548,-0.237006,0.85239,0.512299,0.104794,F,BuildTutorial
46.907,0.030254,1.500746,2.75164,43.974783410421416,8.42955424816624,11.500208667733594,-0.378339,-0.030397,-0.065273,-0.922862,0.989631,0.143477,-0.006714,-0.097475,0.705198,0.702278,-0.240002,1.146715,2.881209,-16.128748105381472,-30.457235197672272,-5.91872780646178,-0.121752,-0.266715,-0.086122,0.952167,0.842893,-0.099059,0.528885,0.228951,0.955519,-0.185917,0.147482,1.104888,3.051191,13.487569703636357,2.3919493689892817,-53.6153593913987,0.095438,0.071449,-0.449967,0.885052,0.584849,-0.782851,-0.21236,0.810126,0.576842,0.104636,F,BuildTutorial
46.94,0.03002,1.500934,2.751078,43.84173584954571,8.417806248445478,11.555705363799053,-0.377282,-0.030259,-0.065881,-0.923257,0.989488,0.144482,-0.006163,-0.098817,0.706637,0.700643,-0.238496,1.146526,2.881384,-16.119084733068092,-30.25859874918497,-5.80305409909563,-0.122088,-0.26494,-0.084928,0.952727,0.845188,-0.097134,0.525569,0.226518,0.955764,-0.187631,0.147252,1.105059,3.046704,12.461037966616413,2.6850919166681977,-50.763659304463914,0.088042,0.067551,-0.428297,0.896798,0.623997,-0.756297,-0.196576,0.780087,0.61762,0.100048,F,BuildTutorial
46.974,0.02985,1.500967,2.75041,43.749121647983905,8.399793589363279,11.626037860120016,-0.376548,-0.02998,-0.066592,-0.923514,0.989333,0.145576,-0.005224,-0.10042,0.707554,0.699488,-0.237621,1.146706,2.881886,-16.239809639074924,-30.073086612455537,-5.755769214693629,-0.123342,-0.263359,-0.0846,0.953033,0.84697,-0.096287,0.522849,0.22622,0.955259,-0.190537,0.146208,1.104917,3.044326,11.6385322233537,2.2099044408975717,-48.714210523967,0.084437,0.059285,-0.412002,0.905323,0.653479,-0.735979,-0.17692,0.756002,0.646249,0.104034,F,BuildTutorial
47.007,0.029711,1.500908,2.749496,43.75583081949716,8.367579488468145,11.622477898843773,-0.376582,-0.029725,-0.066663,-0.923503,0.989345,0.145515,-0.004695,-0.100739,0.707484,0.699513,-0.236565,1.146728,2.882077,-16.311635199151873,-29.885341445409654,-5.832061544658816,-0.123906,-0.261887,-0.085188,0.953313,0.848316,-0.097523,0.520432,0.227321,0.95478,-0.191624,0.144168,1.105763,3.04391,10.14868976133604,1.5058427317640584,-45.81223987483621,0.076372,0.04648,-0.388734,0.917002,0.693451,-0.705841,-0.144621,0.72004,0.686106,0.103931,F,BuildTutorial
47.04,0.029694,1.500786,2.748549,43.76531713083549,8.293064951105384,11.596765699331964,-0.376608,-0.029199,-0.066692,-0.923507,0.989399,0.145175,-0.003698,-0.101188,0.707437,0.699496,-0.235731,1.146502,2.882892,-16.26787109208078,-29.58792591071109,-5.867335370287504,-0.123681,-0.259445,-0.085066,0.95402,0.850904,-0.098133,0.516074,0.226486,0.954934,-0.191849,0.143105,1.107266,3.04592,8.211088429453099,1.8528387721825492,-42.80828967874533,0.060762,0.041139,-0.365038,0.928097,0.73011,-0.672581,-0.120723,0.68258,0.726111,0.082751,F,BuildTutorial
47.073,0.029782,1.500729,2.747586,43.78669874317591,8.216793145156764,11.556892920476004,-0.376725,-0.028693,-0.066602,-0.923482,0.989482,0.14463,-0.002814,-0.101392,0.707286,0.699619,-0.234652,1.145973,2.883275,-16.147828028635246,-29.32136394922777,-5.918428740010327,-0.12276,-0.257266,-0.084949,0.95474,0.853196,-0.099045,0.5121,0.225373,0.955427,-0.190699,0.140582,1.109191,3.049668,6.0042970955871455,1.8475308706091051,-38.6648491626137,0.044084,0.032528,-0.331348,0.941917,0.778302,-0.621336,-0.090491,0.627072,0.776531,0.061492,F,BuildTutorial
47.108,0.029951,1.500807,2.746539,43.79374781734681,8.159825104712075,11.446341302364608,-0.376721,-0.02859,-0.065892,-0.923538,0.989682,0.143249,-0.003163,-0.100167,0.707479,0.6996,-0.234008,1.145805,2.883809,-16.112770636862212,-29.130957926815537,-5.9307929993385695,-0.12258,-0.255688,-0.084774,0.955202,0.854874,-0.099267,0.50925,0.224636,0.955575,-0.190826,0.135551,1.110911,3.054427,3.5029193726847656,0.7409389827086469,-34.153847205309596,0.027318,0.015153,-0.293701,0.955387,0.82702,-0.560368,-0.045001,0.562024,0.825987,0.043298,F,BuildTutorial
47.14,0.030214,1.500974,2.745555,43.758919192477734,8.1066006779266,11.268561279691308,-0.376367,-0.028781,-0.064665,-0.923763,0.98998,0.141135,-0.004498,-0.097806,0.708332,0.699071,-0.233838,1.146017,2.884278,-16.186702180801948,-29.007612959269142,-5.89345637162715,-0.123373,-0.254629,-0.084486,0.955409,0.856053,-0.098609,0.507396,0.224267,0.955282,-0.192719,0.130033,1.111144,3.059494,1.693809303495214,-0.0344751497361495,-30.67129875440521,0.014334,0.003619,-0.26444,0.964289,0.860117,-0.509889,-0.014561,0.510097,0.859732,0.025731,F,BuildTutorial
47.173,0.030573,1.501182,2.744548,43.704257968160405,8.152102138393687,11.146244108707975,-0.375923,-0.029605,-0.063578,-0.923993,0.990163,0.13975,-0.006908,-0.095234,0.709279,0.698465,-0.233143,1.146122,2.884551,-16.153957892885064,-28.805967271052744,-6.002258767091168,-0.123007,-0.25306,-0.085108,0.955817,0.857435,-0.100439,0.504695,0.224951,0.955252,-0.192069,0.124159,1.109989,3.064887,0.1275453620297073,-0.6753350959780616,-26.705844445187743,0.002444,-0.005477,-0.230938,0.97295,0.893275,-0.449409,0.009528,0.449356,0.893323,0.007286,F,BuildTutorial
47.206,0.030968,1.501461,2.743648,43.60973521772004,8.235691201438579,11.058316497833122,-0.375188,-0.030663,-0.062679,-0.924319,0.990262,0.13888,-0.009651,-0.092862,0.71061,0.697431,-0.23281,1.146461,2.884566,-16.243287551646628,-28.709758738087334,-5.792102046131234,-0.124289,-0.252042,-0.083437,0.956068,0.859026,-0.096891,0.502679,0.222195,0.955181,-0.195597,0.117391,1.106729,3.070143,0.1855658413320121,-1.7449753648436708,-24.616852315399942,0.004828,-0.014532,-0.213125,0.976905,0.908733,-0.416546,0.026335,0.416265,0.909109,0.015626,F,BuildTutorial
47.24,0.031292,1.501742,2.743008,43.476213165903104,8.309640666992996,11.036456546157428,-0.374151,-0.031466,-0.06238,-0.924732,0.990237,0.138916,-0.011517,-0.091823,0.712239,0.695905,-0.232424,1.146676,2.884204,-16.33879578331302,-28.656084856942883,-5.876263090713881,-0.124943,-0.251697,-0.084279,0.955999,0.859091,-0.098246,0.502305,0.224037,0.954573,-0.196465,0.10933,1.104006,3.074462,-0.3720446057705242,-3.274354402206361,-22.021242336709843,0.002271,-0.028664,-0.191003,0.981168,0.925393,-0.374942,0.055382,0.374682,0.927026,0.015406,F,BuildTutorial
47.273,0.031556,1.501958,2.742367,43.36394200765495,8.384328269557532,11.030742057140378,-0.373289,-0.032201,-0.062191,-0.925068,0.990191,0.139103,-0.013147,-0.091021,0.713576,0.69464,-0.232368,1.14671,2.883717,-16.334645900243494,-28.63018756963314,-5.916988152426155,-0.124838,-0.251525,-0.084582,0.956032,0.859162,-0.098927,0.502049,0.224526,0.954523,-0.196148,0.102794,1.103941,3.077716,-1.8378346875814051,-3.96030315324773,-20.0094358812703,-0.009782,-0.036808,-0.174149,0.983983,0.936635,-0.341998,0.075844,0.343439,0.939153,-0.006431,F,BuildTutorial
47.306,0.031665,1.502099,2.741875,43.30801353411038,8.38771135125913,11.00643351395809,-0.372835,-0.032364,-0.062034,-0.925256,0.990209,0.138927,-0.013634,-0.090661,0.714292,0.693951,-0.232723,1.146907,2.882998,-16.377725078169902,-28.761273239682097,-5.921865092501337,-0.125091,-0.252629,-0.084855,0.955683,0.857956,-0.098986,0.504096,0.225393,0.954303,-0.196222,0.096334,1.104532,3.079937,-3.2541069421758433,-4.882932603426522,-18.220200365638433,-0.021268,-0.046536,-0.159319,0.985901,0.944904,-0.312165,0.098536,0.316124,0.948331,-0.027108,F,BuildTutorial
47.34,0.031686,1.502109,2.74148,43.28748439401694,8.297380283871847,11.005913818408905,-0.372621,-0.031657,-0.062342,-0.925346,0.990223,0.138967,-0.012127,-0.091784,0.714534,0.693554,-0.232544,1.146815,2.881772,-16.447770451873215,-28.797399816365385,-5.960201120458612,-0.125566,-0.252981,-0.08536,0.955483,0.857428,-0.099588,0.504875,0.226652,0.953894,-0.196764,0.088125,1.105083,3.081076,-4.762066221169435,-6.637258465137624,-15.550624013357496,-0.033269,-0.062918,-0.137328,0.987965,0.954365,-0.267165,0.13346,0.275537,0.960068,-0.048456,F,BuildTutorial
47.373,0.031645,1.502103,2.741184,43.297809241325695,8.220355042750244,10.99472953410584,-0.372659,-0.031061,-0.062493,-0.925341,0.99026,0.138805,-0.010906,-0.092505,0.71444,0.693555,-0.232921,1.146628,2.88055,-16.412692553849954,-28.904963920663075,-5.936865014064165,-0.125244,-0.253848,-0.08521,0.955309,0.856601,-0.099218,0.506351,0.22639,0.954107,-0.196032,0.081803,1.106405,3.081214,-5.826218769015567,-7.141356534640854,-14.144253163428765,-0.042679,-0.067971,-0.125862,0.988796,0.959077,-0.243102,0.145163,0.254706,0.964675,-0.067292,F,BuildTutorial
47.407,0.0314,1.50221,2.740976,43.27672944898496,8.076784018315147,10.892170416305566,-0.372384,-0.030256,-0.06215,-0.925501,0.990444,0.137573,-0.009716,-0.092506,0.714935,0.693045,-0.234438,1.146535,2.879695,-16.36428576017534,-29.185632576694317,-5.938634717507579,-0.124626,-0.256183,-0.085429,0.954746,0.854144,-0.099272,0.510474,0.22698,0.954341,-0.1942,0.07626,1.108667,3.081144,-7.272293759877808,-7.819864015540265,-13.700592750987678,-0.054704,-0.075112,-0.123052,0.98804,0.958433,-0.234944,0.161891,0.25138,0.963731,-0.089614,F,BuildTutorial
47.44,0.031136,1.502202,2.740848,43.23480028537866,7.904373375607052,10.871207940606912,-0.371948,-0.028973,-0.062577,-0.925689,0.990489,0.137406,-0.00709,-0.0943,0.715478,0.692242,-0.236164,1.146343,2.878649,-16.34272842849654,-29.513389617045064,-5.934657254404535,-0.12421,-0.258906,-0.085706,0.954041,0.851244,-0.099217,0.515305,0.227852,0.954453,-0.192623,0.072132,1.109521,3.081053,-7.567218405790717,-7.885484522928119,-13.730536814595537,-0.057159,-0.075987,-0.123497,0.987779,0.957949,-0.235289,0.164234,0.252662,0.962963,-0.094152,F,BuildTutorial
47.474,0.03078,1.502184,2.740836,43.21662029529519,7.747577658182702,10.880827778094227,-0.371718,-0.027693,-0.063179,-0.925779,0.990483,0.137568,-0.004307,-0.096391,0.715668,0.691757,-0.237639,1.145884,2.877637,-16.19539308068075,-29.83504634785094,-5.937396968415519,-0.122732,-0.261569,-0.085759,0.953501,0.848454,-0.099336,0.519864,0.227748,0.955164,-0.189187,0.069593,1.111024,3.079924,-7.771207018159786,-7.655001218163126,-13.214883606261877,-0.059501,-0.073937,-0.119039,0.988343,0.960726,-0.226504,0.160316,0.244101,0.964579,-0.100013,F,BuildTutorial
47.507,0.030365,1.502218,2.740926,43.22515142011211,7.576170282987494,10.82589643727344,-0.371679,-0.026478,-0.063284,-0.925823,0.990588,0.136861,-0.001985,-0.097496,0.715699,0.69157,-0.238931,1.145537,2.876386,-16.136655839378182,-30.189531104215124,-5.858879332884595,-0.122157,-0.264427,-0.085357,0.952822,0.845585,-0.098056,0.524757,0.227263,0.955584,-0.187647,0.065691,1.11434,3.077586,-9.485519560673444,-8.63415180200718,-11.75256814116925,-0.074334,-0.083065,-0.107932,0.987889,0.962902,-0.2009,0.180164,0.225598,0.96565,-0.128937,F,BuildTutorial
47.54,0.029917,1.502215,2.741181,43.24411191383817,7.419086089211578,10.83805174953938,-0.371747,-0.025151,-0.063876,-0.925792,0.990575,0.136971,0.000922,-0.099572,0.715448,0.691534,-0.239473,1.14541,2.875083,-16.20301881439301,-30.421403446618015,-5.893151830483976,-0.122458,-0.266398,-0.086035,0.952173,0.843261,-0.098595,0.528385,0.229085,0.955204,-0.187364,0.062236,1.117481,3.07468,-10.405715206431791,-9.589741511746457,-12.10610455859064,-0.081083,-0.092309,-0.112185,0.986062,0.957787,-0.206274,0.200238,0.236213,0.96168,-0.139195,F,BuildTutorial
47.574,0.029542,1.502268,2.74159,43.235063108719146,7.272126768289919,10.8656382153012,-0.371598,-0.023883,-0.064583,-0.925837,0.990517,0.137336,0.003774,-0.101836,0.715488,0.691164,-0.240073,1.145292,2.874169,-16.228076916992816,-30.560165427865133,-5.887047589709861,-0.122577,-0.267547,-0.086188,0.951822,0.841981,-0.098481,0.530443,0.229661,0.955093,-0.187224,0.060101,1.119205,3.071624,-10.528327631816966,-10.00298288042867,-12.330885247955772,-0.081546,-0.096128,-0.114492,0.985394,0.955302,-0.209962,0.20812,0.241318,0.960483,-0.138699,F,BuildTutorial
47.607,0.029133,1.502199,2.741997,43.287792650485976,7.156987079514892,10.85601507416685,-0.371955,-0.022933,-0.064836,-0.9257,0.990541,0.137097,0.005774,-0.102977,0.714891,0.691611,-0.240492,1.145135,2.873372,-16.169060718917592,-30.80337379100542,-5.890385486778272,-0.121894,-0.269564,-0.086344,0.951326,0.83976,-0.098566,0.533936,0.229999,0.955373,-0.185371,0.05864,1.121364,3.067483,-10.940977544020178,-10.421215619585906,-11.518500678125456,-0.085388,-0.099474,-0.108093,0.985459,0.956842,-0.196054,0.214514,0.230029,0.96205,-0.146787,F,BuildTutorial
47.64,0.028745,1.502114,2.742499,43.34719843857016,7.125222511120177,10.976340664009705,-0.372438,-0.022228,-0.065863,-0.92545,0.990336,0.138463,0.007918,-0.105349,0.713904,0.692273,-0.240447,1.14489,2.872683,-16.12239954098272,-30.94047277173913,-5.829755728892134,-0.121545,-0.270633,-0.085882,0.951109,0.838764,-0.097579,0.53568,0.229155,0.955702,-0.184719,0.058114,1.123938,3.062059,-11.393960221948433,-10.7889058340811,-11.066496473733029,-0.089347,-0.102641,-0.104811,0.985138,0.956959,-0.188166,0.220961,0.224849,0.962063,-0.154523,F,BuildTutorial
47.673,0.02842,1.502005,2.743099,43.39438947896342,7.121964472621413,11.115496313415647,-0.372842,-0.021703,-0.066959,-0.925221,0.990091,0.140087,0.009769,-0.107719,0.713011,0.692829,-0.240298,1.144803,2.87247,-16.164893686249414,-30.981484005715416,-5.8057904724098135,-0.121925,-0.270952,-0.085822,0.950975,0.838439,-0.097157,0.536265,0.2293,0.955538,-0.185388,0.058371,1.126092,3.055524,-11.535935844002692,-11.292929226274952,-11.277555324031828,-0.08991,-0.107245,-0.107125,0.984347,0.954046,-0.191611,0.230396,0.230181,0.960881,-0.154028,F,BuildTutorial
47.707,0.028098,1.501829,2.743722,43.461455172495754,7.1380314542773675,11.20963556505294,-0.373408,-0.02146,-0.067612,-0.924951,0.989936,0.141102,0.010794,-0.109048,0.711991,0.693669,-0.240115,1.144774,2.872741,-16.143742019699886,-31.015083224441035,-5.833114030678292,-0.121659,-0.271258,-0.086037,0.950903,0.838033,-0.097625,0.536814,0.229628,0.955594,-0.184694,0.058994,1.127651,3.047429,-11.640943188371102,-11.917637556848712,-10.46172130772787,-0.091028,-0.112044,-0.100693,0.984389,0.954614,-0.177843,0.238921,0.21864,0.96315,-0.15665,F,BuildTutorial
47.74,0.027822,1.501645,2.744366,43.52531615521816,7.179550088309972,11.330918926131137,-0.373968,-0.021336,-0.068403,-0.924669,0.989732,0.142459,0.011704,-0.110543,0.710938,0.694513,-0.239304,1.144673,2.872895,-16.121168267963835,-31.03475471301004,-5.641862166828316,-0.121909,-0.271216,-0.08442,0.951028,0.83863,-0.094445,0.536452,0.226699,0.956023,-0.186085,0.060907,1.128193,3.038439,-11.59044487673597,-12.08012890974812,-10.482438458906008,-0.09043,-0.113421,-0.100958,0.984259,0.953886,-0.178225,0.241531,0.219251,0.96326,-0.155111,F,BuildTutorial
47.774,0.027653,1.501398,2.744834,43.61821578190163,7.321193674790107,11.4794065304243,-0.374827,-0.0219,-0.069061,-0.92426,0.989502,0.144077,0.01129,-0.111243,0.70947,0.6959,-0.23843,1.144623,2.873594,-16.15975123071873,-30.955791304553497,-5.538314642594119,-0.122533,-0.270453,-0.083563,0.95124,0.839745,-0.092698,0.53501,0.225256,0.956006,-0.187918,0.064014,1.126578,3.029432,-10.891848041406828,-12.11222763805118,-10.876684801430612,-0.083998,-0.113498,-0.103788,0.984526,0.952692,-0.185298,0.240919,0.223432,0.964345,-0.141837,F,BuildTutorial
47.807,0.027416,1.501148,2.745579,43.68700982624468,7.4902956851846945,11.647792944027165,-0.375514,-0.022642,-0.069807,-0.923907,0.989229,0.145994,0.01059,-0.111985,0.708232,0.697042,-0.237455,1.144629,2.874787,-16.195588860235166,-30.880531153400284,-5.480396162185808,-0.123023,-0.269769,-0.083082,0.951414,0.840644,-0.091715,0.533766,0.224466,0.955926,-0.189266,0.067763,1.122128,3.020597,-10.095581940449922,-12.338708097556536,-8.806529383030586,-0.079,-0.113451,-0.085463,0.986704,0.95965,-0.150729,0.237388,0.186579,0.97291,-0.136507,F,BuildTutorial
47.84,0.027221,1.500968,2.746279,43.72606600118255,7.613614182869553,11.799249340121277,-0.375933,-0.023099,-0.07059,-0.923666,0.988967,0.147771,0.010404,-0.113037,0.707383,0.697734,-0.235945,1.144476,2.876265,-16.13850446751262,-30.68194467474754,-5.299896681869508,-0.123113,-0.267922,-0.081242,0.952083,0.843235,-0.08873,0.530171,0.220668,0.956486,-0.190893,0.073746,1.118029,3.012205,-9.856271384631231,-11.480235859880324,-7.062118388675307,-0.079176,-0.104722,-0.06963,0.988897,0.96837,-0.12113,0.218144,0.154296,0.977766,-0.142011,F,BuildTutorial
47.873,0.027101,1.50068,2.746919,43.80497013439725,7.749897901109029,11.982609589767945,-0.376687,-0.023512,-0.071551,-0.923274,0.988655,0.149836,0.010488,-0.114409,0.705975,0.698935,-0.234179,1.144447,2.877851,-16.13072704013318,-30.460878378438693,-5.1549437368567625,-0.123541,-0.265928,-0.079782,0.952709,0.845835,-0.086313,0.526416,0.217725,0.956745,-0.192965,0.080946,1.111341,3.00465,-8.108563121921561,-10.072590328760532,-6.508633995644194,-0.065344,-0.091424,-0.062604,0.991692,0.975445,-0.11222,0.18951,0.136116,0.983622,-0.118156,F,BuildTutorial
47.907,0.027102,1.500375,2.747439,43.921263761675185,7.865937360739692,12.097610289162878,-0.377715,-0.023944,-0.071992,-0.922809,0.988488,0.150957,0.010193,-0.114781,0.704298,0.700564,-0.23176,1.144413,2.879447,-16.168409496954183,-30.21563243961305,-5.121977611164295,-0.124102,-0.263855,-0.079326,0.953251,0.848176,-0.085745,0.522729,0.216725,0.956612,-0.19474,0.088373,1.102964,2.997524,-5.981867001820283,-8.681905000274035,-7.335896438245263,-0.047086,-0.078762,-0.067645,0.993481,0.978442,-0.126991,0.162867,0.141825,0.986414,-0.082902,F,BuildTutorial
47.94,0.027179,1.500016,2.747879,44.0577274085407,7.944547518839387,12.120363105993071,-0.378861,-0.024355,-0.071793,-0.922343,0.988505,0.150889,0.009472,-0.113981,0.70262,0.702377,-0.228585,1.1442,2.88113,-16.122399440499276,-29.597620960013227,-5.064544788190383,-0.124273,-0.258645,-0.078078,0.954758,0.854014,-0.084806,0.513292,0.213376,0.95692,-0.196912,0.095751,1.094712,2.990253,-4.309866208051942,-6.78722221507498,-6.664610282707488,-0.034034,-0.061235,-0.060206,0.995724,0.985251,-0.115729,0.126044,0.124065,0.990434,-0.060404,F,BuildTutorial
47.973,0.027478,1.499658,2.748107,44.19961266501311,8.009959597471905,12.06106541432717,-0.380024,-0.024925,-0.070971,-0.921913,0.988684,0.149803,0.007984,-0.111914,0.701089,0.704237,-0.225816,1.144159,2.883329,-16.108066502596852,-28.955585130266464,-5.030834103403908,-0.124663,-0.253254,-0.077069,0.956233,0.859846,-0.084248,0.503555,0.210534,0.957039,-0.199378,0.101266,1.08599,2.982643,-2.658375127141973,-5.895742363845039,-5.208330572088458,-0.020806,-0.052413,-0.046555,0.997323,0.990171,-0.09068,0.106482,0.095042,0.9948,-0.03662,F,BuildTutorial
48.007,0.027993,1.499335,2.748205,44.359620384803925,8.156945501726632,12.039063520432736,-0.381389,-0.026008,-0.07016,-0.921382,0.988802,0.149126,0.00559,-0.10945,0.699241,0.706458,-0.222279,1.143828,2.884903,-16.110435377608333,-28.421473736121623,-5.201997596910867,-0.124669,-0.248981,-0.077922,0.957285,0.863873,-0.087107,0.49612,0.211268,0.956771,-0.199886,0.105894,1.078491,2.975309,-1.632845996268593,-5.193373629648386,-4.596724799288862,-0.012406,-0.045835,-0.040703,0.998042,0.992485,-0.080108,0.0925,0.082383,0.996379,-0.021033,F,BuildTutorial
48.04,0.02859,1.499101,2.748336,44.46741301847069,8.354720579274732,12.06253749194,-0.382376,-0.027403,-0.06959,-0.920975,0.988813,0.149137,0.002743,-0.107224,0.697892,0.708131,-0.21924,1.143581,2.887028,-16.051988335026874,-27.79390662497899,-5.112348614331918,-0.124794,-0.243632,-0.07637,0.958769,0.869622,-0.085636,0.486235,0.207251,0.957188,-0.202085,0.111388,1.070949,2.968886,-0.0974484835313361,-4.000948997369146,-5.2573938407047605,0.000752,-0.03491,-0.045865,0.998337,0.993355,-0.09163,0.069635,0.091525,0.995792,0.004705,F,BuildTutorial
48.073,0.029332,1.498917,2.748595,44.52121535436928,8.558794954177948,12.062653869405075,-0.382929,-0.028984,-0.068859,-0.920752,0.988837,0.149002,-0.000638,-0.104607,0.697248,0.709157,-0.216314,1.143352,2.889284,-16.028549342397774,-27.271046491496943,-5.076022838050218,-0.12502,-0.239213,-0.075449,0.959924,0.874169,-0.085038,0.478119,0.204665,0.957355,-0.203923,0.117372,1.064273,2.963208,0.7997459071435553,-2.237618763013886,-4.280324604894026,0.007702,-0.019251,-0.0372,0.999093,0.996491,-0.074629,0.037894,0.074036,0.997114,0.016822,F,BuildTutorial
48.107,0.030287,1.498676,2.748763,44.603506401929664,8.81456027175756,12.139869710087508,-0.383759,-0.03069,-0.068545,-0.920374,0.988719,0.149729,-0.003884,-0.102619,0.696061,0.710611,-0.213456,1.143098,2.891608,-16.021712088667464,-26.81977178288268,-5.211172434172976,-0.124981,-0.235578,-0.076076,0.960779,0.877431,-0.087298,0.471692,0.205069,0.957185,-0.204314,0.123248,1.059225,2.958413,0.8159695001445286,-0.3742194341924021,-2.348245566489398,0.007186,-0.003119,-0.020467,0.99976,0.999143,-0.040968,0.005943,0.040879,0.999059,0.014495,F,BuildTutorial
48.139,0.031348,1.498567,2.748778,44.70723139900398,9.091391768219294,12.221772132525356,-0.384774,-0.032523,-0.068173,-0.919915,0.988589,0.150454,-0.007375,-0.100398,0.694603,0.712353,-0.210551,1.142936,2.893637,-15.931925977640136,-26.307425513303187,-5.138287679197721,-0.124711,-0.231191,-0.074733,0.961984,0.881932,-0.086119,0.463443,0.201447,0.957725,-0.205384,0.128617,1.054659,2.954096,1.1397503430620417,1.0506893898318248,-1.1760450539716472,0.009851,0.00927,-0.010353,0.999855,0.999614,-0.02052,-0.018742,0.020886,0.999592,0.019508,F,BuildTutorial
48.173,0.032466,1.498452,2.748728,44.750216293070025,9.33860754810755,12.242639234078675,-0.385269,-0.034389,-0.067467,-0.919692,0.988531,0.150595,-0.011268,-0.097599,0.694032,0.713298,-0.207868,1.142913,2.895782,-15.858523099875429,-25.844206101259697,-5.000811939367202,-0.124666,-0.227143,-0.072935,0.963091,0.886173,-0.083852,0.455703,0.19712,0.958278,-0.206996,0.133663,1.052593,2.950463,0.6005051658250758,2.259903373721616,-0.4666763841257531,0.005159,0.019741,-0.004175,0.999783,0.999186,-0.008145,-0.039517,0.008553,0.999912,0.010151,F,BuildTutorial
48.207,0.033623,1.498361,2.748787,44.77457209011514,9.550761721654547,12.235821244599812,-0.385585,-0.036087,-0.066674,-0.919552,0.988505,0.15045,-0.014952,-0.094791,0.693758,0.713943,-0.20479,1.142925,2.897823,-15.796911716435549,-25.32994107704212,-5.148031693365163,-0.124186,-0.222972,-0.0735,0.964085,0.889763,-0.086341,0.448182,0.197101,0.958351,-0.206675,0.139271,1.051833,2.947564,-0.0483926686420312,3.8733997668352464,1.4310403508547087,0.0,0.033798,0.012495,0.999351,0.997403,0.024975,-0.067553,-0.024975,0.999688,0.000845,F,BuildTutorial
48.246,0.034905,1.498401,2.748781,44.788451779101266,9.748692245682731,12.219924769355371,-0.385805,-0.037713,-0.065866,-0.919453,0.988479,0.150221,-0.018528,-0.092021,0.693633,0.714427,-0.201401,1.143076,2.899605,-15.783034731748725,-24.679009502835317,-5.137644233817676,-0.124504,-0.217479,-0.072681,0.96536,0.894841,-0.086173,0.437988,0.194481,0.958433,-0.208769,0.14517,1.050423,2.94569,0.7796021541934371,5.691994297425427,0.5867368434121031,0.007049,0.049615,0.004776,0.998732,0.995031,0.01024,-0.099038,-0.008841,0.999855,0.014555,F,BuildTutorial
48.273,0.036307,1.498398,2.748516,44.84625613270029,9.91557809821814,12.14430419465023,-0.386335,-0.039241,-0.064637,-0.919254,0.988564,0.149156,-0.022202,-0.088516,0.693134,0.715353,-0.197949,1.143258,2.901443,-15.792068873375005,-23.9153943427317,-5.16581275081164,-0.12501,-0.211073,-0.072103,0.966758,0.900498,-0.086641,0.426141,0.192186,0.958347,-0.211271,0.148287,1.047951,2.944541,2.3246041591949367,5.907160315799386,-1.080534920604981,0.019771,0.051705,-0.01046,0.998412,0.994434,-0.018842,-0.10366,0.022931,0.998999,0.038397,F,BuildTutorial
48.307,0.037686,1.498451,2.748261,44.86487875956148,10.089593662344688,12.108329744361033,-0.386568,-0.040737,-0.063742,-0.919153,0.988555,0.148673,-0.025606,-0.085682,0.693004,0.715824,-0.195047,1.143298,2.903224,-15.825556658490596,-23.495812251133824,-5.262238962905809,-0.125382,-0.207642,-0.072516,0.967422,0.903253,-0.088238,0.419939,0.192376,0.958042,-0.21248,0.148665,1.046513,2.943897,2.9178434864034277,4.973009605192442,-0.939069791670727,0.02508,0.043577,-0.009289,0.998692,0.99603,-0.016369,-0.087506,0.02074,0.998569,0.049284,F,BuildTutorial
48.339,0.039151,1.498602,2.747911,44.82653524920422,10.257295781116431,12.033272927305807,-0.386328,-0.042379,-0.062615,-0.919257,0.988567,0.147863,-0.029535,-0.082374,0.69366,0.715577,-0.19219,1.143008,2.904782,-15.676864404116657,-23.151096097533387,-5.310425055963028,-0.124254,-0.204761,-0.072296,0.968198,0.905692,-0.089109,0.414465,0.190879,0.958668,-0.210999,0.150073,1.048654,2.942799,2.164127986462012,5.0664907759072495,-0.6345807612122023,0.018621,0.044295,-0.006366,0.998825,0.995995,-0.011068,-0.088722,0.014367,0.999225,0.036635,F,BuildTutorial
48.373,0.040575,1.498761,2.747566,44.791703290838065,10.403203287229973,11.984970939434916,-0.386112,-0.043752,-0.061773,-0.919341,0.98854,0.147367,-0.032743,-0.079794,0.694203,0.715343,-0.188757,1.142867,2.906322,-15.593455337984944,-22.60223538002032,-5.242046747263653,-0.124011,-0.200034,-0.070985,0.969314,0.909895,-0.088001,0.405397,0.187227,0.959165,-0.212013,0.15182,1.051648,2.941922,1.5418204082473366,5.044326280829436,-0.0611332676386785,0.013418,0.044009,-0.001125,0.99894,0.996124,-0.001067,-0.087955,0.00343,0.999637,0.026709,F,BuildTutorial
48.406,0.042114,1.498998,2.747194,44.70052261376456,10.491303778454876,11.986403400330532,-0.385434,-0.044558,-0.061586,-0.919599,0.988444,0.147617,-0.034476,-0.078921,0.695296,0.714377,-0.185445,1.143421,2.908122,-15.760488069763694,-22.092510275052803,-5.283027038442257,-0.125673,-0.195792,-0.071047,0.969961,0.913236,-0.088613,0.397679,0.187036,0.958317,-0.215975,0.153961,1.055081,2.941438,0.939685365934794,5.1335675756842,-0.1355606911988543,0.008139,0.044792,-0.001549,0.998962,0.995983,-0.002365,-0.089517,0.003824,0.999863,0.016121,F,BuildTutorial
48.439,0.043651,1.499202,2.746812,44.59302734112005,10.566563471985791,11.99557775534424,-0.384622,-0.045254,-0.061523,-0.919909,0.988334,0.148003,-0.035933,-0.07838,0.696562,0.713203,-0.182279,1.144601,2.909713,-16.04742314171994,-21.788949511201103,-5.3111007529482235,-0.128249,-0.1933,-0.071404,0.970097,0.915074,-0.088956,0.393354,0.188118,0.956907,-0.221224,0.1575,1.059866,2.941123,-0.0015669472381475,5.843311735601634,-0.4436684964689696,-0.000211,0.05097,-0.003866,0.998693,0.994774,-0.007743,-0.101805,0.0077,0.99997,-0.000816,F,BuildTutorial
48.472,0.045082,1.499343,2.746307,44.538309703972686,10.62447675880347,11.977251856833709,-0.38421,-0.045843,-0.061241,-0.920071,0.988296,0.147919,-0.037299,-0.077466,0.697264,0.712616,-0.178622,1.146026,2.911106,-16.463921774688547,-21.52516904540527,-5.465459507724139,-0.131691,-0.191312,-0.073063,0.969907,0.916123,-0.09134,0.390352,0.192116,0.954639,-0.227501,0.162057,1.065789,2.941414,-0.8781835058651863,6.86654432084165,-1.294972434627075,-0.008326,0.059794,-0.010821,0.998117,0.992615,-0.022597,-0.119182,0.020606,0.999627,-0.017914,F,BuildTutorial
48.506,0.046496,1.499559,2.745892,44.4072918908945,10.585637933055285,11.984067416139544,-0.383148,-0.045658,-0.061568,-0.920501,0.988249,0.148335,-0.036877,-0.07836,0.698814,0.710999,-0.17536,1.149097,2.911627,-17.554784002383762,-21.789166599091715,-5.213609866311357,-0.141195,-0.193411,-0.07295,0.96816,0.914541,-0.086638,0.395106,0.195873,0.949485,-0.24518,0.167182,1.07397,2.941962,-2.6848551560230742,7.866645479669121,-1.931546110464605,-0.024525,0.068173,-0.015204,0.997256,0.990243,-0.033667,-0.135225,0.02698,0.998335,-0.050988,F,BuildTutorial
48.539,0.047933,1.499849,2.745402,44.25991236369831,10.465784250883356,11.939375235025858,-0.381891,-0.045012,-0.061768,-0.921042,0.988317,0.148161,-0.035739,-0.079402,0.700689,0.709035,-0.173738,1.156274,2.910331,-20.617615412470663,-23.10484797423217,-4.893473669370168,-0.166757,-0.204337,-0.076956,0.961518,0.904648,-0.079839,0.418613,0.216138,0.93254,-0.289229,0.173311,1.084521,2.942425,-5.31431562727051,9.097410923483242,-2.311470104594899,-0.047802,0.078273,-0.016409,0.99565,0.987208,-0.040158,-0.154296,0.025192,0.994892,-0.097757,F,BuildTutorial
48.573,0.049449,1.500303,2.744825,44.08076452618865,10.306440985408498,11.772997827665414,-0.380311,-0.044486,-0.061151,-0.921762,0.988563,0.14657,-0.035499,-0.078896,0.703249,0.706553,-0.170157,1.164238,2.90806,-24.041840072290235,-23.860089197030444,-5.346382019956445,-0.194119,-0.211468,-0.087637,0.953897,0.895202,-0.085094,0.437462,0.249294,0.909275,-0.333273,0.180031,1.096577,2.943157,-8.291239512608707,10.285554157003858,-2.3268710298138515,-0.073801,0.087923,-0.013691,0.993295,0.984164,-0.040177,-0.172646,0.014222,0.988732,-0.14902,F,BuildTutorial
48.606,0.050929,1.501159,2.744306,43.75994362621374,10.037656589760845,11.52842935342702,-0.377511,-0.043486,-0.060406,-0.923009,0.98892,0.144343,-0.034668,-0.078677,0.707673,0.702146,-0.166839,1.172826,2.906273,-27.179393728359013,-24.567826962949997,-4.963969344599682,-0.220417,-0.216548,-0.091073,0.946694,0.889625,-0.076974,0.450157,0.267898,0.886244,-0.377892,0.187294,1.110599,2.944407,-11.557259638892772,11.479705285673427,-2.7567694579540074,-0.102545,0.097065,-0.013746,0.989886,0.980779,-0.047121,-0.189347,0.007307,0.978591,-0.205684,F,BuildTutorial
48.64,0.052463,1.502444,2.743762,43.25425211330968,9.687832297210658,11.269184284262346,-0.373181,-0.04206,-0.059974,-0.924862,0.989268,0.142327,-0.033037,-0.079543,0.714278,0.695327,-0.163964,1.180623,2.904556,-29.5133648811402,-25.378596511443742,-3.4653660682159395,-0.241957,-0.219835,-0.084451,0.941274,0.889081,-0.052602,0.454717,0.265364,0.868649,-0.418366,0.195416,1.125581,2.944764,-15.12617833961266,13.005439031096577,-3.243662561875548,-0.133896,0.108519,-0.012976,0.98495,0.976111,-0.054621,-0.210296,-0.0035,0.963807,-0.266578,F,BuildTutorial
48.673,0.054176,1.504116,2.743105,42.61392669971946,9.351433131425424,11.013893922461287,-0.367772,-0.040839,-0.059626,-0.927104,0.989554,0.140597,-0.031866,-0.08052,0.722378,0.686795,-0.161217,1.187754,2.903744,-31.21986031616773,-26.063844792744916,-2.73438170194151,-0.2569,-0.22337,-0.083048,0.936596,0.886418,-0.040797,0.461085,0.270332,0.854211,-0.444122,0.203555,1.140984,2.945051,-18.716681704243225,14.5358571230046,-2.792632380727371,-0.164296,0.120858,-0.003285,0.978974,0.970765,-0.046144,-0.235555,-0.033282,0.945992,-0.322476,F,BuildTutorial
48.706,0.05601,1.506142,2.742331,41.83340223232012,9.024655581386956,10.733504638346492,-0.361217,-0.039879,-0.059132,-0.92975,0.989826,0.138767,-0.031437,-0.081146,0.732051,0.6764,-0.157551,1.195341,2.901857,-33.14227039740068,-26.741771293732704,-2.326405519847402,-0.272918,-0.227236,-0.084871,0.930955,0.882322,-0.033988,0.469418,0.282055,0.836625,-0.469578,0.212711,1.15676,2.944639,-22.017775332339657,16.405794688468784,-3.855543832619368,-0.193612,0.133616,-0.005452,0.971922,0.964234,-0.062337,-0.257616,-0.041141,0.92497,-0.377807,F,BuildTutorial
48.739,0.058024,1.508535,2.741616,40.85967513707643,8.70515571861139,10.485808186774712,-0.353096,-0.039018,-0.059003,-0.932909,0.989993,0.137642,-0.031133,-0.082534,0.743684,0.663417,-0.154093,1.203326,2.899672,-34.9880921373001,-27.53599130617781,-0.9024826063956006,-0.290173,-0.229276,-0.078835,0.925753,0.882436,-0.012904,0.470256,0.279022,0.81917,-0.501106,0.221827,1.173367,2.943844,-25.58308855886432,18.286763216753332,-5.042057432251866,-0.225196,0.145197,-0.007201,0.963407,0.957732,-0.079271,-0.276525,-0.05152,0.89847,-0.436001,F,BuildTutorial
48.773,0.060107,1.511206,2.74098,39.72367894530257,8.38918695516632,10.26853714105746,-0.34364,-0.038194,-0.05919,-0.936456,0.990076,0.137108,-0.030854,-0.084608,0.756816,0.648129,-0.151045,1.211146,2.898552,-36.44398898085532,-28.015021814541175,-0.4391488159250509,-0.302518,-0.231072,-0.07922,0.921311,0.88066,-0.006165,0.473709,0.285779,0.804415,-0.520815,0.229909,1.189528,2.942692,-29.282767398042026,19.947113109364334,-4.982586144922832,-0.255997,0.15659,0.002316,0.953908,0.950948,-0.075755,-0.299931,-0.084592,0.86892,-0.48767,F,BuildTutorial
48.806,0.062211,1.514619,2.740603,38.24897178196854,7.974185261643238,9.93608770587736,-0.33129,-0.037144,-0.058928,-0.940954,0.990296,0.135507,-0.030858,-0.086285,0.773549,0.627835,-0.147546,1.218976,2.896728,-38.001936724454616,-28.58232607181774,-0.0267299903989715,-0.315454,-0.233473,-0.080584,0.916234,0.877993,-0.000368,0.478673,0.294968,0.78799,-0.540431,0.238053,1.204678,2.941,-32.44384140539606,21.80386469677795,-5.673562324255115,-0.282968,0.1678,0.006107,0.944317,0.943612,-0.08343,-0.32037,-0.106498,0.839784,-0.532373,F,BuildTutorial
48.839,0.064376,1.518402,2.739995,36.58602432355787,7.589856324614257,9.639176709051496,-0.317361,-0.036305,-0.058897,-0.945778,0.990426,0.134451,-0.031291,-0.088363,0.791627,0.604582,-0.144463,1.22701,2.893803,-39.71839119125592,-29.616927151038677,1.3351233900402557,-0.331205,-0.236546,-0.076226,0.910241,0.876471,0.017923,0.481121,0.295459,0.768985,-0.566891,0.245952,1.218884,2.938818,-35.187481256796495,23.608712205374637,-7.393130009118547,-0.30783,0.17552,0.001549,0.93511,0.938381,-0.105164,-0.329214,-0.110957,0.810476,-0.575167,F,BuildTutorial
48.872,0.066517,1.522486,2.739337,34.75108585647943,7.214915807126491,9.442959702495925,-0.301973,-0.035313,-0.059674,-0.950791,0.990384,0.134802,-0.031112,-0.092147,0.810502,0.578442,-0.141792,1.235002,2.891787,-41.31912448124425,-30.230842833220365,1.768507143276046,-0.344333,-0.23871,-0.07805,0.904633,0.873851,0.023179,0.485641,0.305604,0.750687,-0.585727,0.253582,1.231469,2.936413,-37.780021801655245,25.695584224123404,-8.561122674138133,-0.33047,0.186239,0.002937,0.925255,0.930613,-0.117657,-0.346579,-0.128528,0.781563,-0.610443,F,BuildTutorial
48.906,0.0688,1.526347,2.738312,32.99350484795824,6.8838110658331155,9.328247797983607,-0.287191,-0.034326,-0.060835,-0.955323,0.990242,0.135951,-0.030642,-0.096518,0.827641,0.552897,-0.13864,1.242904,2.888839,-42.98195670215531,-31.099687879607966,2.533233485051531,-0.358373,-0.241576,-0.078372,0.89837,0.870998,0.032334,0.490222,0.313963,0.730854,-0.606036,0.260446,1.242295,2.934279,-39.77361778396796,27.648565190556077,-8.73905908189789,-0.346469,0.198877,0.011474,0.916666,0.920633,-0.116774,-0.372558,-0.158845,0.759656,-0.630628,F,BuildTutorial
48.939,0.071132,1.530047,2.736917,31.352385899190185,6.616870354213882,9.310985631334995,-0.27337,-0.033487,-0.062473,-0.959294,0.989951,0.138169,-0.030092,-0.101551,0.842732,0.528668,-0.135949,1.250576,2.885305,-44.54840357081386,-32.37271032216709,3.9241215490048735,-0.372633,-0.245347,-0.075173,0.891795,0.868308,0.048771,0.493623,0.316927,0.710988,-0.627737,0.266699,1.252058,2.931677,-41.89592797373138,29.3096564171078,-9.475395759464528,-0.364222,0.206898,0.015516,0.907907,0.913905,-0.12254,-0.386991,-0.178888,0.734203,-0.654939,F,BuildTutorial
48.973,0.0735,1.533161,2.735338,29.92013413237707,6.415398201035105,9.326056113521586,-0.261283,-0.032927,-0.06402,-0.962574,0.989635,0.140454,-0.029934,-0.106042,0.855266,0.507224,-0.133339,1.257543,2.882455,-45.8036203240541,-33.41743006150422,4.645950269886318,-0.383151,-0.249518,-0.076031,0.88609,0.863921,0.056466,0.500453,0.325946,0.694829,-0.641071,0.272318,1.260211,2.929311,-43.50794638798486,30.73434597757381,-10.249310913803608,-0.377928,0.213226,0.017828,0.900771,0.908434,-0.12905,-0.39761,-0.193286,0.713706,-0.673249,F,BuildTutorial
49.006,0.075959,1.536094,2.733651,28.59229627197948,6.229950646067523,9.348424516247947,-0.25004,-0.032389,-0.065476,-0.965476,0.989328,0.142628,-0.029798,-0.110234,0.866385,0.487057,-0.134463,1.264873,2.882796,-46.772692775662655,-34.559925482986685,6.020443860019319,-0.392808,-0.252359,-0.071717,0.881404,0.862343,0.071834,0.501204,0.324682,0.681117,-0.656249,0.277768,1.266771,2.927573,-44.45863671504934,32.356362844126195,-11.34131290373677,-0.38704,0.220754,0.017048,0.895085,0.901954,-0.140363,-0.408384,-0.201399,0.699819,-0.685341,F,BuildTutorial
49.039,0.078472,1.538398,2.731817,27.45439910352465,6.001139410812461,9.385901265473242,-0.24034,-0.031292,-0.06699,-0.967869,0.989066,0.144717,-0.028371,-0.114635,0.875498,0.469427,-0.134238,1.270983,2.881727,-47.508981662930104,-35.57202758346365,7.032225279199133,-0.39999,-0.255534,-0.069364,0.877439,0.859782,0.082696,0.503921,0.326148,0.670393,-0.666484,0.283079,1.272105,2.926068,-45.09097037514633,33.854185746390975,-12.484859998850842,-0.39387,0.227424,0.014897,0.890462,0.896112,-0.152621,-0.416761,-0.205682,0.689289,-0.694677,F,BuildTutorial
49.072,0.081027,1.540493,2.730085,26.407184552922992,5.829646772520874,9.378236874683909,-0.2314,-0.030693,-0.067909,-0.97,0.988893,0.145948,-0.028115,-0.117539,0.883685,0.453085,-0.133246,1.275867,2.879941,-48.20168574779289,-36.667651521497774,7.880641787239504,-0.406431,-0.259818,-0.068599,0.873271,0.855578,0.091386,0.509544,0.331007,0.660215,-0.674203,0.287688,1.276053,2.925321,-45.301107229398376,34.71010391920866,-13.34187747876296,-0.397068,0.230721,0.011771,0.888238,0.893259,-0.162312,-0.419218,-0.204135,0.684396,-0.69995,F,BuildTutorial
49.106,0.083633,1.542337,2.728554,25.485227402359047,5.6960955207116655,9.397763340951505,-0.223529,-0.030254,-0.06888,-0.97179,0.98868,0.1474,-0.028007,-0.120349,0.890581,0.438613,-0.132018,1.280076,2.878047,-48.7754558890878,-37.62628671053667,8.666294587294356,-0.411924,-0.263338,-0.067638,0.869711,0.852157,0.099299,0.513779,0.334602,0.651487,-0.680886,0.291752,1.279396,2.924212,-45.843238136386454,35.66494028647544,-13.77984145437308,-0.401918,0.23554,0.013227,0.884764,0.888692,-0.16593,-0.427426,-0.212741,0.676574,-0.704975,F,BuildTutorial
49.139,0.086151,1.544379,2.727253,24.53682113887672,5.508842491907197,9.349302285201931,-0.215367,-0.029504,-0.069367,-0.973619,0.988635,0.147783,-0.027572,-0.122367,0.89761,0.423465,-0.129945,1.283331,2.87589,-49.2781474168571,-38.41633078553983,9.366771479366443,-0.416794,-0.265903,-0.066619,0.866683,0.849715,0.106178,0.51644,0.337129,0.643689,-0.687029,0.295788,1.281628,2.923327,-46.29353119259923,36.61046191299127,-14.35968181161222,-0.406365,0.239888,0.013385,0.881557,0.884549,-0.171365,-0.433829,-0.218563,0.669377,-0.710045,F,BuildTutorial
49.172,0.088833,1.546398,2.7258,23.583885221561257,5.349270038222519,9.24083897919568,-0.207152,-0.029087,-0.069263,-0.97542,0.988713,0.147171,-0.028048,-0.12307,0.904582,0.408149,-0.12846,1.285716,2.874504,-49.51795612370974,-39.17749216503577,9.876511076804906,-0.419306,-0.269353,-0.066244,0.864432,0.846121,0.111356,0.521228,0.34041,0.639588,-0.689238,0.298895,1.283059,2.923133,-46.866015020817855,36.79812205036041,-13.672044269957768,-0.409136,0.242628,0.020999,0.879374,0.881382,-0.161604,-0.443904,-0.235467,0.664334,-0.709377,F,BuildTutorial
49.206,0.091616,1.548343,2.724276,22.605731646838663,5.210938000063332,9.19234903264108,-0.198735,-0.028744,-0.069616,-0.977155,0.988655,0.147476,-0.028505,-0.124626,0.911316,0.392392,-0.126778,1.287011,2.873573,-49.38963569231039,-39.563789446210095,10.042200459657186,-0.418534,-0.271901,-0.066027,0.864025,0.843421,0.113501,0.525128,0.341698,0.64094,-0.687342,0.301985,1.283342,2.923389,-46.94733690330558,36.862904574510765,-13.40055698680199,-0.40915,0.243933,0.023549,0.878942,0.879884,-0.158215,-0.448076,-0.241006,0.664083,-0.70775,F,BuildTutorial
49.239,0.094235,1.550181,2.72302,21.622895181542717,5.061010981266196,9.150656733261298,-0.190257,-0.028281,-0.070022,-0.978826,0.988594,0.147841,-0.028721,-0.126318,0.917798,0.376418,-0.125523,1.287377,2.873104,-48.92552220502677,-40.00681059617532,10.543731572175735,-0.416083,-0.274298,-0.062467,0.864716,0.841717,0.120228,0.526362,0.336294,0.645946,-0.685318,0.305765,1.282873,2.923627,-46.52014869299154,37.37097558023741,-14.085425737569372,-0.407356,0.246246,0.018856,0.879243,0.878015,-0.167462,-0.448382,-0.233777,0.667411,-0.707044,F,BuildTutorial
49.273,0.096801,1.552207,2.721761,20.55577168076075,4.928741769399721,9.096109599792516,-0.181051,-0.02804,-0.070303,-0.980557,0.988543,0.148026,-0.029532,-0.127719,0.924556,0.359004,-0.123732,1.287151,2.871228,-48.76254179989526,-41.06918754749724,11.50595722281552,-0.416656,-0.279131,-0.058573,0.863165,0.83731,0.131487,0.530681,0.333719,0.645934,-0.686586,0.308906,1.281842,2.924728,-46.132998655612106,37.09162372541035,-13.516439380071024,-0.403309,0.246888,0.021102,0.880876,0.877202,-0.161967,-0.451977,-0.236321,0.673793,-0.700111,F,BuildTutorial
49.306,0.09938,1.554235,2.720666,19.430187462333052,4.782071528334842,9.009307723505232,-0.171311,-0.027752,-0.070328,-0.982312,0.988568,0.147677,-0.030426,-0.12866,0.931413,0.340466,-0.122087,1.286836,2.870312,-48.84602171427596,-41.61837077755515,11.257068048689966,-0.416361,-0.284001,-0.062703,0.861427,0.830824,0.128466,0.541505,0.344521,0.645425,-0.681713,0.311626,1.280582,2.925678,-46.06430754074327,36.57297218459018,-12.9074920528695,-0.401592,0.245171,0.023766,0.882072,0.878652,-0.15499,-0.451606,-0.238845,0.676319,-0.696811,F,BuildTutorial
49.339,0.102023,1.55614,2.719647,18.38271122397343,4.699293194946645,8.895852521065379,-0.162256,-0.027972,-0.069964,-0.983868,0.988645,0.146748,-0.032337,-0.128594,0.937556,0.323192,-0.119972,1.285977,2.869488,-48.665118151490354,-41.89574454640564,11.407974560006474,-0.415271,-0.285902,-0.062005,0.861374,0.828831,0.130635,0.544035,0.344272,0.647411,-0.679953,0.314908,1.279278,2.925948,-45.86740448330246,36.90502722116978,-13.336836225742422,-0.400981,0.246605,0.021056,0.882019,0.877486,-0.160624,-0.451906,-0.234911,0.677543,-0.69696,F,BuildTutorial
49.373,0.104635,1.557827,2.718712,17.389034171005065,4.641527035087827,8.723013399556594,-0.153649,-0.028426,-0.06901,-0.985303,0.988859,0.144727,-0.034811,-0.127256,0.94326,0.306704,-0.118355,1.284885,2.86901,-48.31423281040687,-42.28838451759307,11.96508357234182,-0.413913,-0.287553,-0.05812,0.861749,0.827871,0.137874,0.543711,0.338214,0.650596,-0.679953,0.318216,1.277567,2.927023,-45.44728423123812,36.9437717105328,-12.78671975539712,-0.396649,0.24963,0.024211,0.883045,0.874198,-0.155273,-0.460075,-0.240789,0.684167,-0.688431,F,BuildTutorial
49.405,0.107338,1.559427,2.717822,16.418604245787527,4.621127050124647,8.510148338171286,-0.145241,-0.029207,-0.067636,-0.98665,0.989145,0.141951,-0.037986,-0.124983,0.948661,0.290555,-0.117028,1.283321,2.869187,-47.86825993939581,-42.67013446305034,12.095948530941891,-0.410817,-0.290872,-0.057074,0.862186,0.824272,0.140573,0.548466,0.337408,0.655943,-0.6752,0.320928,1.275654,2.928399,-45.01034406483294,36.54085372738853,-12.181282188395569,-0.392149,0.249428,0.026241,0.885052,0.874194,-0.149177,-0.462094,-0.242076,0.691061,-0.681054,F,BuildTutorial
49.439,0.110082,1.560627,2.717108,15.66836374475752,4.75567970679642,8.323524320711137,-0.138813,-0.03111,-0.066193,-0.987614,0.989301,0.139383,-0.043072,-0.12211,0.952699,0.278307,-0.114871,1.281672,2.869667,-47.53916665751146,-42.58675274396891,11.477807046441407,-0.406894,-0.293121,-0.060369,0.86306,0.820872,0.134335,0.555089,0.342742,0.661586,-0.666958,0.32423,1.27397,2.929183,-44.38763600835463,36.67195148187378,-12.952396680938891,-0.389128,0.24898,0.018943,0.886696,0.8753,-0.160177,-0.456282,-0.227364,0.696441,-0.680644,F,BuildTutorial
49.472,0.112956,1.56179,2.716415,15.00189262436522,4.982035591432541,8.171544917018085,-0.133158,-0.033689,-0.064914,-0.988393,0.989302,0.137293,-0.049309,-0.119349,0.956111,0.267598,-0.11302,1.280366,2.869952,-47.22368129523437,-42.66755247722818,11.859067441726877,-0.405532,-0.293017,-0.056766,0.86398,0.821837,0.139567,0.552363,0.335745,0.664643,-0.667477,0.327484,1.272109,2.93054,-43.28497915107353,36.61180242043611,-13.52296918876395,-0.382087,0.248692,0.011137,0.889965,0.876057,-0.170222,-0.451165,-0.209866,0.707771,-0.674549,F,BuildTutorial
49.506,0.115712,1.562587,2.715948,14.4981128709969,5.278801707149408,8.067441608601621,-0.12895,-0.036702,-0.063911,-0.988909,0.989137,0.135869,-0.056108,-0.116938,0.958575,0.259732,-0.111761,1.279279,2.870395,-46.82818893356138,-43.146990175281175,12.568511384852952,-0.40425,-0.29494,-0.051823,0.864238,0.82065,0.148884,0.551695,0.328034,0.667792,-0.668168,0.330513,1.269825,2.9324,-42.07041062027281,36.53864913351333,-13.60320559508361,-0.373102,0.250167,0.006763,0.893401,0.874741,-0.174593,-0.452046,-0.198759,0.721498,-0.663276,F,BuildTutorial
49.539,0.118354,1.563281,2.71564,14.132137487232772,5.612768413349375,8.001921328982784,-0.125957,-0.039898,-0.063152,-0.989219,0.98884,0.134994,-0.063027,-0.114892,0.960293,0.254238,-0.10949,1.278653,2.871432,-46.743816714651494,-42.79086243613525,11.603696135210075,-0.401319,-0.295817,-0.057576,0.86494,0.818355,0.137834,0.55794,0.337033,0.671256,-0.66017,0.333784,1.267878,2.934057,-40.597331070463746,36.71659595263483,-14.56952711262755,-0.364057,0.251264,-0.004492,0.896833,0.873692,-0.191006,-0.447413,-0.174892,0.734885,-0.655253,F,BuildTutorial
49.572,0.120839,1.563802,2.715453,13.88234515067617,5.966731803808644,7.975107693239122,-0.123987,-0.043147,-0.062662,-0.989363,0.988424,0.13469,-0.069837,-0.113291,0.961401,0.250744,-0.107312,1.27834,2.871656,-46.75611119065715,-42.78837680436933,12.117947285283115,-0.402733,-0.293969,-0.053725,0.86516,0.821392,0.143821,0.551933,0.329742,0.66984,-0.66527,0.337579,1.265938,2.936018,-38.67139237200756,36.87515124167027,-16.447056223383314,-0.353563,0.250435,-0.024398,0.900933,0.873374,-0.22105,-0.433999,-0.133128,0.748797,-0.649292,F,BuildTutorial
49.606,0.123233,1.563921,2.715334,13.82043485465002,6.326915462439168,8.008812153410972,-0.123663,-0.046261,-0.062597,-0.989267,0.987883,0.135292,-0.076047,-0.112409,0.961578,0.250464,-0.10584,1.278254,2.872481,-46.58688309090856,-42.88310257012706,12.283654132251046,-0.401882,-0.294449,-0.052256,0.865482,0.821138,0.146215,0.551683,0.327121,0.67152,-0.664871,0.341576,1.263222,2.938219,-36.04814428791405,37.00912835691884,-18.32936581606956,-0.337743,0.251219,-0.046677,0.905892,0.86942,-0.254264,-0.423625,-0.085126,0.767502,-0.635369,F,BuildTutorial
49.639,0.125379,1.564142,2.715461,13.748283182926103,6.62414116134283,8.108052825837472,-0.123245,-0.048768,-0.063174,-0.989162,0.987261,0.136999,-0.080908,-0.112957,0.96164,0.24998,-0.104363,1.277951,2.873296,-46.16420793490242,-43.0361407474005,12.669948795403744,-0.39973,-0.295126,-0.048491,0.866467,0.821098,0.151911,0.550201,0.319972,0.67573,-0.664084,0.346637,1.260013,2.940453,-32.92028390318425,37.49088369759261,-20.715365372613363,-0.319357,0.25493,-0.073704,0.90972,0.859157,-0.296928,-0.416753,-0.028727,0.785158,-0.618629,F,BuildTutorial
49.671,0.127258,1.564086,2.715671,13.768756961929604,6.85323153267577,8.190266868473236,-0.123584,-0.050643,-0.063625,-0.988997,0.986774,0.138367,-0.084446,-0.113332,0.961358,0.250892,-0.103194,1.277927,2.873891,-45.834031501840336,-43.26709746002208,13.30708742332087,-0.398875,-0.295343,-0.043389,0.867057,0.82178,0.160368,0.546773,0.310853,0.678031,-0.666066,0.351274,1.257171,2.942574,-30.2155934901875,37.74888443275085,-22.80126481087239,-0.30349,0.257403,-0.097924,0.912167,0.84831,-0.334884,-0.41015,0.022408,0.79661,-0.604079,F,BuildTutorial
49.705,0.12895,1.564065,2.716093,13.807615689323107,7.032243063779775,8.240522506231407,-0.124041,-0.052107,-0.063842,-0.988849,0.986418,0.139187,-0.087214,-0.113333,0.961076,0.251968,-0.103709,1.278446,2.874751,-45.17013657072962,-44.05591170843317,14.862237590084046,-0.397817,-0.297342,-0.032135,0.867351,0.82111,0.18083,0.541368,0.292321,0.681419,-0.670982,0.355878,1.254274,2.944446,-27.63824311467229,37.93647966030572,-24.463555915342816,-0.287632,0.260612,-0.118686,0.913927,0.83599,-0.366862,-0.408085,0.067021,0.806363,-0.587611,F,BuildTutorial
49.738,0.130481,1.563897,2.716564,13.874325954053678,7.126143327975064,8.235479553683536,-0.124666,-0.052877,-0.063656,-0.988742,0.986304,0.139062,-0.088692,-0.112694,0.960813,0.253258,-0.106473,1.27825,2.876435,-42.84374248291024,-44.922872115459136,18.624343554816857,-0.390628,-0.296364,0.001505,0.871536,0.824332,0.23416,0.515409,0.228913,0.694815,-0.681785,0.360918,1.25165,2.946085,-25.318612981539896,38.18249867821992,-26.141144224953976,-0.273904,0.264019,-0.138695,0.914349,0.822115,-0.398263,-0.406833,0.108999,0.81148,-0.574125,F,BuildTutorial
49.772,0.131767,1.563461,2.71718,14.052386155873132,7.170864732239403,8.219644460306478,-0.126218,-0.053158,-0.063361,-0.988549,0.986319,0.13869,-0.089103,-0.111852,0.960109,0.256281,-0.113735,1.274078,2.880523,-36.97179247882618,-45.65315186464099,26.44629976007202,-0.368652,-0.291323,0.080207,0.879087,0.817395,0.355811,0.45306,0.073776,0.715325,-0.694887,0.36781,1.249283,2.94659,-22.860111421305135,39.32358846493062,-29.920110752019315,-0.265427,0.270442,-0.173855,0.908947,0.793271,-0.459615,-0.399343,0.172485,0.798646,-0.576554,F,BuildTutorial
49.805,0.132996,1.562933,2.717834,14.2037197930676,7.170732192000016,8.217816966676837,-0.127521,-0.053055,-0.063252,-0.988394,0.986369,0.138567,-0.088747,-0.111504,0.959476,0.258793,-0.125067,1.267111,2.886157,-30.238796821571956,-47.347307355920584,32.05546507378086,-0.336621,-0.306604,0.143455,0.878693,0.77083,0.458523,0.442241,-0.045687,0.732215,-0.67954,0.375758,1.247344,2.947583,-20.463156491681044,40.32846961253396,-32.15283668412728,-0.254159,0.279791,-0.196977,0.904611,0.765834,-0.498597,-0.406078,0.214151,0.793207,-0.570055,F,BuildTutorial
49.839,0.134112,1.562446,2.718444,14.405852955072206,7.109334843985149,8.23435797889514,-0.129236,-0.052368,-0.063339,-0.988202,0.986491,0.13872,-0.08713,-0.111648,0.958572,0.262056,-0.133558,1.260286,2.888632,-25.74626386869282,-49.36927042139696,32.60366224189381,-0.308575,-0.333936,0.159334,0.876288,0.726199,0.485333,0.486916,-0.073156,0.758789,-0.647216,0.384481,1.247168,2.948145,-18.960994204164265,41.37710315511919,-33.900602045752954,-0.248988,0.288401,-0.213354,0.899617,0.74261,-0.52749,-0.412656,0.240257,0.784971,-0.57105,F,BuildTutorial
49.872,0.135134,1.562127,2.719171,14.60519791039552,7.0169374321874045,8.267742410313051,-0.130917,-0.051396,-0.06361,-0.988015,0.986624,0.139152,-0.084906,-0.112238,0.957629,0.265235,-0.138006,1.255946,2.887749,-24.00635838231149,-50.863942355415034,31.943697503014032,-0.296146,-0.352155,0.157206,0.873825,0.702546,0.483319,0.522333,-0.066162,0.775168,-0.628281,0.395328,1.249082,2.947097,-18.405722351618405,43.666389097385256,-36.06669448545617,-0.254815,0.303126,-0.227109,0.889722,0.713073,-0.558609,-0.423654,0.249646,0.766982,-0.591114,F,BuildTutorial
49.905,0.136161,1.561873,2.719866,14.818841337917222,6.913908613309347,8.250660184961733,-0.132692,-0.05038,-0.063452,-0.98784,0.986872,0.13873,-0.082695,-0.11199,0.956733,0.268551,-0.144534,1.253664,2.888567,-22.63779935997956,-51.90298867890037,33.95821636078695,-0.294093,-0.358859,0.175324,0.868327,0.680964,0.515553,0.52009,-0.093402,0.765542,-0.63657,0.406476,1.252586,2.944535,-18.539295115216984,46.650458308344035,-36.99517144957439,-0.264255,0.323662,-0.227046,0.879695,0.687386,-0.570521,-0.449452,0.228404,0.757239,-0.611899,F,BuildTutorial
49.939,0.137056,1.56179,2.7205,14.93515406888973,6.789393353861926,8.161071169316942,-0.133586,-0.049331,-0.062755,-0.987817,0.987257,0.137161,-0.080693,-0.110801,0.956433,0.270108,-0.149421,1.250422,2.887995,-20.7963012907924,-52.60793512424206,35.00499986464551,-0.285391,-0.367017,0.188902,0.864967,0.65923,0.536274,0.527093,-0.117302,0.765737,-0.632367,0.416918,1.257235,2.941265,-19.160250682998218,49.52092331831003,-37.405047442896965,-0.275572,0.342718,-0.221092,0.870473,0.667326,-0.573796,-0.474799,0.196023,0.750357,-0.6313,F,BuildTutorial
49.972,0.137723,1.561731,2.721202,15.054852531607036,6.666311850106045,8.065274280871117,-0.134509,-0.048301,-0.062003,-0.987791,0.987645,0.135486,-0.078743,-0.109498,0.956126,0.271723,-0.155351,1.246485,2.887806,-18.175594323876567,-53.421662213571835,36.56622503014662,-0.27321,-0.377177,0.209306,0.859817,0.627857,0.566027,0.534237,-0.153832,0.763094,-0.627712,0.426143,1.262221,2.93768,-19.836595465021567,52.04592027679135,-38.12484737460627,-0.287441,0.357924,-0.217676,0.861328,0.649015,-0.580745,-0.491442,0.169217,0.73999,-0.650985,F,BuildTutorial
50.005,0.138364,1.561441,2.72188,15.225412009387249,6.54583770509605,8.076813414241244,-0.135917,-0.047134,-0.062146,-0.987645,0.987833,0.13557,-0.076209,-0.109945,0.955329,0.274334,-0.160949,1.241779,2.887929,-15.554352916279557,-53.99314976164761,37.73672980688972,-0.259547,-0.3866,0.227379,0.855263,0.597679,0.589619,0.543258,-0.188256,0.761869,-0.61977,0.434521,1.266804,2.933507,-20.16046980180402,54.530046762378,-39.630808127483185,-0.299266,0.371589,-0.221243,0.850537,0.625946,-0.598759,-0.499679,0.153943,0.722982,-0.673497,F,BuildTutorial
50.038,0.138976,1.561268,2.722505,15.312521028908645,6.421223396458568,8.13580639822978,-0.136623,-0.045931,-0.062753,-0.987566,0.987905,0.136497,-0.073572,-0.111396,0.954792,0.275614,-0.165767,1.237447,2.888596,-13.371272986865966,-54.166042949499335,38.720509438463544,-0.247697,-0.392253,0.243142,0.851861,0.57404,0.608565,0.547838,-0.219927,0.759057,-0.612752,0.441529,1.270675,2.929286,-20.231370759499153,56.636431573613024,-41.16348827233944,-0.308917,0.382832,-0.226664,0.840615,0.604127,-0.6176,-0.503587,0.144548,0.706387,-0.692909,F,BuildTutorial
50.072,0.13948,1.561113,2.723195,15.37494044821453,6.304427822260826,8.152692685171791,-0.137103,-0.044862,-0.063003,-0.987533,0.988036,0.136736,-0.071329,-0.112134,0.954467,0.27644,-0.17014,1.232012,2.889605,-11.017806979691771,-54.01576739219087,40.05236367364033,-0.235152,-0.395395,0.262735,0.848137,0.549266,0.631627,0.547133,-0.259715,0.751347,-0.606651,0.44744,1.273788,2.925326,-20.21299325723322,58.41517133452141,-42.86421708826842,-0.318115,0.391217,-0.234284,0.831182,0.584121,-0.638369,-0.501287,0.140561,0.687828,-0.712134,F,BuildTutorial
50.105,0.139978,1.56062,2.723759,15.535900525828444,6.21265572812246,8.173453638723204,-0.138446,-0.043937,-0.063203,-0.987374,0.98815,0.136975,-0.069264,-0.112643,0.953676,0.27895,-0.172463,1.226518,2.890541,-9.25910342850463,-53.77148163690018,40.00099273751858,-0.221812,-0.398931,0.269765,0.847868,0.536163,0.634426,0.556807,-0.280475,0.756053,-0.59137,0.452531,1.275349,2.920938,-19.84423529899788,60.47026546234264,-44.78558920106172,-0.326604,0.401903,-0.243985,0.819924,0.557891,-0.662624,-0.499688,0.137572,0.667603,-0.731697,F,BuildTutorial
50.138,0.140436,1.560036,2.724156,15.747229487948992,6.122571282247169,8.127994259060921,-0.140198,-0.043073,-0.062805,-0.98719,0.988401,0.136078,-0.067433,-0.111923,0.952801,0.282214,-0.173793,1.221748,2.891104,-8.09680309249395,-53.66491922361857,39.661373435274314,-0.212008,-0.402185,0.271983,0.848131,0.528545,0.631887,0.566885,-0.290821,0.762156,-0.578396,0.455896,1.275763,2.917832,-19.18022518930926,61.79063017494025,-45.127877781094845,-0.326289,0.412684,-0.245671,0.814171,0.538676,-0.669344,-0.511671,0.130728,0.666363,-0.734078,F,BuildTutorial
50.172,0.140871,1.559515,2.724478,15.911104198361569,6.030420715144528,8.017532097135332,-0.141517,-0.042305,-0.061878,-0.987094,0.988763,0.134133,-0.066005,-0.110185,0.952288,0.284617,-0.172774,1.218373,2.891042,-7.655986991670539,-53.38351186888127,38.90604551292112,-0.205504,-0.402739,0.268604,0.850542,0.531307,0.622447,0.574694,-0.291389,0.77124,-0.565935,0.459065,1.275184,2.914724,-18.02801007803055,62.92533538084728,-46.73463668935424,-0.327139,0.420211,-0.259066,0.805784,0.512616,-0.692436,-0.507698,0.142568,0.651731,-0.744931,F,BuildTutorial
50.205,0.141322,1.558973,2.724632,16.142936008177582,5.974606246606754,7.958184238410622,-0.14346,-0.041744,-0.061312,-0.986873,0.988997,0.132991,-0.064801,-0.109036,0.95132,0.288272,-0.170544,1.21638,2.890419,-7.784770422746574,-53.0656785058685,38.71424544922808,-0.205023,-0.400356,0.267252,0.852207,0.536583,0.619673,0.572786,-0.291344,0.773083,-0.563437,0.461077,1.273878,2.912676,-16.6971302196949,63.3963607163439,-47.73862417959713,-0.323339,0.425423,-0.270874,0.800684,0.491286,-0.708881,-0.50609,0.158658,0.644158,-0.748257,F,BuildTutorial
50.238,0.141727,1.558431,2.724751,16.379730994177667,5.954260484556576,7.919482440838623,-0.145472,-0.041461,-0.060878,-0.986617,0.98915,0.13219,-0.0641,-0.108064,0.950264,0.292098,-0.168231,1.215019,2.890585,-7.789827429863824,-52.73530270325717,38.72675680686689,-0.204332,-0.397861,0.267916,0.853333,0.539856,0.619834,0.569528,-0.294651,0.772939,-0.561913,0.462022,1.272673,2.912148,-15.674453353472476,63.35669290247789,-48.376742952275045,-0.319019,0.427022,-0.280112,0.798384,0.478379,-0.71973,-0.503133,0.174817,0.639529,-0.748627,F,BuildTutorial
50.272,0.141908,1.557959,2.724938,16.61866854720438,5.920980319750928,7.910734714212757,-0.147506,-0.041028,-0.060718,-0.986343,0.98926,0.131882,-0.063023,-0.107674,0.949111,0.295965,-0.165033,1.21292,2.890022,-7.350101942261136,-52.36400612626737,38.90752674017797,-0.200883,-0.396022,0.271593,0.853844,0.538808,0.622904,0.567165,-0.304689,0.771767,-0.558158,0.462596,1.271252,2.912385,-14.747458847355055,62.93820810339823,-49.46193362755336,-0.316018,0.424442,-0.293022,0.796317,0.467975,-0.734938,-0.490781,0.198414,0.628543,-0.752041,F,BuildTutorial
50.306,0.14197,1.557541,2.725165,16.821622633515616,5.874747887375655,7.9408116678395295,-0.149237,-0.040457,-0.060929,-0.986093,0.989302,0.132239,-0.061602,-0.108088,0.948032,0.299254,-0.161768,1.210115,2.890115,-6.494453554783266,-51.71187866770863,39.71238310305809,-0.195835,-0.39221,0.281933,0.853425,0.53337,0.634834,0.559019,-0.327601,0.764325,-0.555414,0.462645,1.269782,2.913014,-13.64747905314592,62.51539292665976,-50.52748073352547,-0.311739,0.422586,-0.306495,0.793915,0.454965,-0.750134,-0.479902,0.223189,0.61776,-0.754029,F,BuildTutorial
50.338,0.142083,1.557227,2.725146,17.001791869954165,5.812252631440705,7.956762962121541,-0.150758,-0.039779,-0.061053,-0.985882,0.98938,0.132376,-0.060026,-0.108388,0.947089,0.302116,-0.160449,1.206429,2.891721,-4.800498300594227,-50.8833344791078,41.356334483714136,-0.186946,-0.38821,0.301762,0.850461,0.516466,0.658422,0.547488,-0.368125,0.747982,-0.552275,0.462073,1.268889,2.91419,-12.902273363314537,61.93127239234941,-50.56324064858601,-0.30546,0.421152,-0.311609,0.795126,0.451062,-0.752827,-0.479369,0.238247,0.619188,-0.748228,F,BuildTutorial
50.372,0.142213,1.556738,2.724978,17.235375560422657,5.751140120827952,8.037284278415942,-0.15276,-0.038991,-0.061704,-0.985564,0.989345,0.133539,-0.058004,-0.109714,0.945714,0.305922,-0.160154,1.199307,2.893847,-1.4266766234326973,-49.69879618889225,44.2502121661616,-0.168726,-0.385005,0.336887,0.842502,0.476557,0.697576,0.535053,-0.437734,0.716078,-0.54371,0.460942,1.268474,2.915769,-12.479465699525443,61.12277717178603,-50.69871521902592,-0.30098,0.416712,-0.316535,0.797225,0.452314,-0.755544,-0.473885,0.253855,0.618433,-0.743706,F,BuildTutorial
50.405,0.142394,1.556009,2.724896,17.57523431496941,5.706849424255344,8.152553260952752,-0.155694,-0.038226,-0.062577,-0.98508,0.989246,0.13519,-0.055827,-0.111384,0.943687,0.311525,-0.159552,1.191322,2.896322,2.0461860294925023,-48.565010567660366,46.06126360930957,-0.145881,-0.384766,0.363312,0.83587,0.439919,0.719623,0.537228,-0.495103,0.693446,-0.523456,0.459369,1.268737,2.916829,-12.449994021255002,60.61357316534836,-51.00344669698433,-0.300475,0.412475,-0.32012,0.798187,0.454775,-0.758908,-0.466088,0.263155,0.614475,-0.743754,F,BuildTutorial
50.438,0.142611,1.555067,2.724725,18.018142100800535,5.6779687462735025,8.246006341094978,-0.159511,-0.037547,-0.063188,-0.984456,0.989195,0.13639,-0.053769,-0.112433,0.941127,0.318809,-0.158493,1.184627,2.898761,4.4266818573259545,-47.50569741743944,46.64908627723617,-0.126902,-0.383595,0.376414,0.833705,0.422336,0.724993,0.544074,-0.530278,0.684418,-0.500378,0.456916,1.270312,2.917558,-13.325322043432864,60.320495415362146,-49.95648763950227,-0.30166,0.409991,-0.309802,0.803076,0.47186,-0.744945,-0.471598,0.250234,0.626048,-0.738544,F,BuildTutorial
50.472,0.142756,1.553849,2.724667,18.612048402054292,5.6652646713841825,8.331483532558313,-0.164626,-0.036907,-0.063628,-0.98361,0.989179,0.137322,-0.051655,-0.113018,0.9377,0.328552,-0.155826,1.180735,2.900492,5.112674176116779,-46.501574020704616,45.853573362833274,-0.115884,-0.379174,0.373777,0.838504,0.433035,0.714708,0.549248,-0.538947,0.693723,-0.477792,0.454028,1.272796,2.917866,-14.909130052662602,60.24377501157739,-49.11457936169442,-0.308873,0.405951,-0.297222,0.807131,0.493725,-0.730569,-0.471704,0.22902,0.632513,-0.739917,F,BuildTutorial
50.505,0.14284,1.552578,2.724644,19.259082088740065,5.666945108550052,8.399168824405528,-0.170193,-0.036371,-0.063864,-0.982666,0.989197,0.137894,-0.049743,-0.113134,0.933911,0.339132,-0.152692,1.179242,2.900772,4.758356922894387,-46.010273559600456,44.543414379598005,-0.11263,-0.375828,0.36357,0.844917,0.45314,0.699032,0.55319,-0.529713,0.710263,-0.463606,0.450678,1.275377,2.917905,-16.440303134264695,60.04643320709767,-48.23946004965708,-0.31535,0.401388,-0.284886,0.811346,0.515455,-0.715438,-0.471652,0.209127,0.638789,-0.740415,F,BuildTutorial
50.539,0.142914,1.551099,2.72464,19.940837521177556,5.652052399862211,8.393121045903635,-0.176019,-0.035774,-0.063472,-0.981687,0.989383,0.137213,-0.047894,-0.112025,0.929977,0.350133,-0.149603,1.17906,2.901009,3.956415598525984,-45.55952462914595,43.00438814235748,-0.112223,-0.371694,0.350181,0.852422,0.478435,0.680429,0.555083,-0.513578,0.729559,-0.451643,0.447463,1.277364,2.918304,-17.41890776089887,59.35967078314573,-47.62066055379452,-0.317954,0.394674,-0.278105,0.815963,0.533779,-0.704823,-0.46723,0.20287,0.643126,-0.738399,F,BuildTutorial
50.572,0.142952,1.548997,2.724298,20.969864027673182,5.619079488044237,8.492726585371441,-0.184828,-0.034607,-0.063826,-0.980085,0.989457,0.137903,-0.044243,-0.112317,0.923529,0.366713,-0.146156,1.17891,2.901502,3.4609332512547497,-44.675133117439806,41.65367182064904,-0.108961,-0.364998,0.339442,0.860048,0.503112,0.663414,0.55386,-0.504331,0.745814,-0.435215,0.444628,1.278342,2.919125,-17.640276491667997,58.24863791210562,-47.4279009240276,-0.316061,0.386472,-0.278841,0.820361,0.545775,-0.701798,-0.457831,0.213204,0.644706,-0.734097,F,BuildTutorial
50.605,0.142829,1.545972,2.723644,22.52430147266961,5.541538792589938,8.784424203990243,-0.198128,-0.032331,-0.065608,-0.977444,0.989301,0.141067,-0.037207,-0.115444,0.912882,0.39156,-0.142509,1.177587,2.901591,3.966615038874909,-43.81774390609123,41.53952292383761,-0.102216,-0.36006,0.34088,0.862386,0.508315,0.661548,0.551335,-0.514333,0.746705,-0.421774,0.442175,1.277911,2.922011,-16.956394672927857,55.935695698603354,-47.377726911828645,-0.305604,0.372451,-0.287653,0.827733,0.557072,-0.703845,-0.440764,0.248555,0.647723,-0.720191,F,BuildTutorial
50.638,0.142348,1.542463,2.723147,24.250996015110687,5.304827611132212,8.98919841710968,-0.212729,-0.028662,-0.066844,-0.974401,0.989421,0.142461,-0.027418,-0.118071,0.900557,0.418398,-0.138911,1.174979,2.902569,5.220492640376001,-42.5584204111444,41.69280482033189,-0.089355,-0.353906,0.346704,0.864039,0.509095,0.662378,0.549617,-0.535884,0.743624,-0.399814,0.441624,1.274315,2.925331,-14.00069821731297,53.48486714433146,-50.19963739119064,-0.288019,0.358282,-0.326337,0.825944,0.530276,-0.745456,-0.40386,0.332688,0.621099,-0.709616,F,BuildTutorial
50.672,0.1417,1.539171,2.723032,25.80789892509861,4.925227162959669,8.965059046340562,-0.225702,-0.024317,-0.066545,-0.971617,0.989961,0.14029,-0.017215,-0.118336,0.889261,0.441827,-0.135201,1.171092,2.903447,7.504778860817917,-40.93897434488569,41.751091558431455,-0.06706,-0.3479,0.354508,0.865328,0.50658,0.660192,0.554548,-0.566871,0.739654,-0.362725,0.442709,1.267415,2.928971,-8.962000849144728,50.90661386736039,-54.06601309725132,-0.257575,0.349587,-0.379224,0.817088,0.467956,-0.799808,-0.375931,0.439629,0.579689,-0.686066,F,BuildTutorial
50.705,0.140874,1.536108,2.722982,27.34029252720316,4.507385876212806,8.882927474557134,-0.238399,-0.019808,-0.065923,-0.968725,0.990524,0.137168,-0.006945,-0.118279,0.87764,0.464498,-0.132277,1.166815,2.904482,10.572537963201556,-39.26889968989517,41.950130410645,-0.038745,-0.34348,0.364621,0.864623,0.498146,0.657135,0.565707,-0.603902,0.731101,-0.31748,0.443115,1.259124,2.933922,-3.85018515854552,47.65793117651402,-57.70187413321672,-0.221752,0.338834,-0.429263,0.807311,0.401849,-0.843372,-0.356708,0.542823,0.533118,-0.648944,F,BuildTutorial
50.739,0.140137,1.533369,2.72277,28.67069371734797,4.063480872720538,8.69546854336338,-0.249333,-0.015492,-0.06465,-0.966133,0.991161,0.132647,0.002304,-0.117196,0.867307,0.483782,-0.129826,1.162742,2.904897,12.737501270394272,-38.02387728669802,43.3302806251772,-0.022057,-0.339602,0.380472,0.859898,0.479824,0.669316,0.567262,-0.639354,0.709509,-0.296351,0.442114,1.251712,2.93819,0.1127043092474416,44.549845828538835,-60.95174672595538,-0.191461,0.327144,-0.469649,0.797339,0.344814,-0.874209,-0.341851,0.623667,0.485546,-0.612605,F,BuildTutorial
50.772,0.139296,1.530869,2.722749,29.803157409311808,3.649495172706399,8.513703238968448,-0.258604,-0.011608,-0.063529,-0.963822,0.991659,0.128465,0.010482,-0.116458,0.858177,0.499971,-0.127245,1.159927,2.905787,13.443213596703211,-36.71319850032508,44.35051870521016,-0.015178,-0.331561,0.389907,0.858958,0.47608,0.679892,0.557759,-0.659762,0.695485,-0.284631,0.440685,1.245861,2.941159,2.759001843631748,42.34081740252329,-63.24017408293734,-0.17017,0.31921,-0.496163,0.789285,0.303855,-0.891867,-0.335031,0.674587,0.449729,-0.585385,F,BuildTutorial
50.805,0.138535,1.52845,2.722466,30.956296443092352,3.2988015006004425,8.506458644475,-0.268083,-0.007879,-0.063785,-0.96125,0.991739,0.126851,0.019051,-0.118402,0.848126,0.516395,-0.126778,1.15747,2.906315,13.9019145341952,-36.36844947846561,44.205450288841504,-0.010034,-0.330276,0.389841,0.859559,0.477884,0.67681,0.55996,-0.663554,0.695847,-0.27476,0.439014,1.242483,2.942664,3.5994570142556994,41.35938898868098,-63.14160189447153,-0.159764,0.316111,-0.499027,0.7909,0.302093,-0.890366,-0.34057,0.688353,0.450896,-0.56821,F,BuildTutorial
50.838,0.137702,1.526179,2.722461,31.91284992687304,2.957987880977336,8.523119077905495,-0.275899,-0.004326,-0.064347,-0.959021,0.991682,0.125806,0.027209,-0.121032,0.839479,0.529742,-0.127123,1.154446,2.905138,14.77330528412386,-36.95004641045074,43.43161531491451,-0.002993,-0.337076,0.385871,0.858763,0.474967,0.664761,0.576628,-0.660726,0.70219,-0.265276,0.437249,1.239294,2.943088,4.098140576560824,41.09325589702324,-62.7826539545899,-0.154116,0.316846,-0.498146,0.79228,0.302918,-0.887004,-0.348516,0.69168,0.456197,-0.559877,F,BuildTutorial
50.871,0.136857,1.52419,2.722359,32.7705963211049,2.590381326285265,8.541105633713913,-0.282855,-0.000624,-0.065065,-0.956953,0.991532,0.124882,0.035613,-0.124176,0.831519,0.541439,-0.127892,1.151324,2.904135,16.018074872899888,-37.21383223829687,43.32704013619606,0.006081,-0.34239,0.387763,0.855787,0.464817,0.659522,0.590742,-0.66785,0.699205,-0.255125,0.435639,1.235874,2.942837,4.714649659768536,41.16942841295305,-62.48192981996117,-0.149273,0.320325,-0.497479,0.792228,0.299814,-0.883864,-0.359021,0.692601,0.460466,-0.555226,F,BuildTutorial
50.904,0.135883,1.522585,2.722423,33.421171569509795,2.2400980454374744,8.568586459537515,-0.288078,0.002807,-0.065932,-0.955331,0.99129,0.124355,0.043351,-0.12759,0.825328,0.550049,-0.127456,1.147747,2.90365,17.896433096695183,-36.491286047836745,45.127617868923785,0.017739,-0.342289,0.404956,0.847664,0.437697,0.67439,0.594659,-0.698678,0.671391,-0.247151,0.43366,1.232425,2.942713,5.448901805899667,40.85486035801007,-62.0443508964638,-0.141499,0.321718,-0.496632,0.79362,0.299708,-0.879319,-0.370098,0.697228,0.46667,-0.544143,F,BuildTutorial
50.938,0.134681,1.521159,2.722434,33.9140124787083,1.6770366217309944,8.397493732706542,-0.291865,0.007391,-0.065769,-0.954167,0.99124,0.121195,0.052496,-0.129824,0.820978,0.556004,-0.126666,1.14424,2.903455,19.77223165642427,-35.57400929090444,46.639289045488475,0.030997,-0.341076,0.419504,0.840668,0.415368,0.684182,0.59947,-0.726472,0.646112,-0.234049,0.431444,1.228248,2.943147,6.343791221704676,40.32134239613507,-62.405165686429626,-0.133852,0.321254,-0.50189,0.791824,0.289803,-0.880819,-0.374396,0.708816,0.460379,-0.534444,F,BuildTutorial
50.971,0.133329,1.519701,2.722128,34.55120105564946,0.9485077381812888,8.226960888561115,-0.29676,0.013418,-0.066042,-0.952571,0.990917,0.117856,0.06476,-0.133784,0.815143,0.563598,-0.12432,1.142042,2.902968,20.797667234610604,-34.55000442656128,46.91000472586562,0.041859,-0.33655,0.423003,0.840268,0.415606,0.682696,0.600997,-0.739047,0.638633,-0.214377,0.428969,1.223937,2.943567,7.341163619218229,39.730891291790826,-62.68400705224447,-0.124965,0.320949,-0.50677,0.790291,0.280352,-0.881206,-0.380629,0.720776,0.455136,-0.522813,F,BuildTutorial
51.005,0.132087,1.51835,2.721839,35.065503050021995,0.2149085486815891,8.054427865626156,-0.300632,0.019373,-0.066404,-0.951228,0.99043,0.114683,0.076783,-0.137979,0.810422,0.569367,-0.122499,1.142022,2.903216,20.46962779702226,-33.550728163857286,46.62143219924499,0.04384,-0.328163,0.419945,0.845005,0.431912,0.680938,0.591419,-0.738484,0.643449,-0.201531,0.425937,1.219738,2.944752,8.170318055434548,39.17910031167016,-62.474535065068984,-0.116043,0.32075,-0.507748,0.791104,0.278622,-0.877805,-0.389652,0.728922,0.457451,-0.509324,F,BuildTutorial
51.038,0.130872,1.517068,2.721195,35.61174484350132,-0.4795679030251599,7.818528547910444,-0.304807,0.024823,-0.066187,-0.949787,0.990006,0.110594,0.087502,-0.140859,0.805424,0.575718,-0.121534,1.142203,2.902609,20.180762276422023,-33.20034538526369,46.623120873091146,0.042885,-0.324754,0.419339,0.84667,0.43738,0.68223,0.585886,-0.737938,0.644632,-0.199745,0.422252,1.216193,2.946003,8.661714852067716,38.60880758888427,-61.77883287619003,-0.108072,0.319475,-0.504558,0.794781,0.286714,-0.87108,-0.398768,0.732974,0.467483,-0.494175,F,BuildTutorial
51.071,0.129855,1.515872,2.720495,36.15429309783777,-1.139056954971429,7.548756969893872,-0.308987,0.029854,-0.065653,-0.948328,0.989597,0.106072,0.097193,-0.142969,0.800434,0.582121,-0.121809,1.142302,2.902057,20.24349458564953,-33.06493584739112,46.35133954635803,0.044634,-0.323828,0.417383,0.847901,0.441855,0.67889,0.586406,-0.736706,0.647599,-0.194629,0.417949,1.212948,2.947199,9.05486123862686,37.90101187312691,-61.33183127045526,-0.100899,0.316543,-0.502932,0.797922,0.29372,-0.866478,-0.403663,0.738723,0.473758,-0.479419,F,BuildTutorial
51.105,0.1289,1.514925,2.719954,36.45375856174376,-1.7031383811546066,7.327000445394798,-0.311205,0.034071,-0.065323,-0.947483,0.989144,0.102579,0.105222,-0.144991,0.797769,0.585272,-0.121993,1.142022,2.901631,20.156403336618208,-32.87789364619309,46.11785400793053,0.045297,-0.322104,0.415435,0.849477,0.447326,0.676624,0.584875,-0.734986,0.650724,-0.190669,0.412865,1.209532,2.948475,9.570289172065223,37.04938720817315,-61.04936356508694,-0.092672,0.312902,-0.502745,0.80047,0.29868,-0.862859,-0.407756,0.74687,0.477319,-0.462981,F,BuildTutorial
51.138,0.127906,1.514122,2.719413,36.770682495756496,-2.1460808955126147,7.2054495646502374,-0.313611,0.037552,-0.065515,-0.946544,0.988595,0.100473,0.112182,-0.14758,0.794712,0.588773,-0.122457,1.142245,2.901441,19.970969522261424,-32.66942878175888,46.048264766866026,0.044809,-0.320005,0.414529,0.850738,0.451526,0.676633,0.581629,-0.733989,0.652316,-0.189062,0.407291,1.205943,2.949888,10.308126320250956,35.84985417620114,-61.02114158947397,-0.081984,0.307478,-0.504921,0.802366,0.301025,-0.860679,-0.410629,0.759846,0.476668,-0.442066,F,BuildTutorial
51.171,0.127167,1.513335,2.718777,37.13223548048117,-2.484267662458779,7.17912235234022,-0.316413,0.040439,-0.066225,-0.945443,0.987958,0.099633,0.118373,-0.150814,0.790995,0.592944,-0.122638,1.142693,2.9007,19.86429439213166,-32.631283458243,45.75419328050858,0.044939,-0.319305,0.412152,0.852148,0.45635,0.67373,0.581234,-0.731128,0.656222,-0.186615,0.401342,1.202209,2.951726,11.071459488973352,34.548889759183446,-61.48649153358769,-0.07192,0.301116,-0.510477,0.802228,0.297485,-0.862351,-0.4097,0.775726,0.468481,-0.422818,F,BuildTutorial
51.205,0.126514,1.512416,2.718204,37.46394964841322,-2.715565906713194,7.164388917855471,-0.319022,0.042456,-0.066749,-0.94444,0.987484,0.098993,0.122783,-0.15317,0.787539,0.596926,-0.122068,1.144263,2.900483,19.074465841563555,-32.35442153666517,44.6852546441344,0.042734,-0.314623,0.402743,0.858478,0.477621,0.664602,0.574615,-0.718382,0.671944,-0.180052,0.395207,1.198658,2.953148,11.619933400766955,33.585426785860285,-61.414364895782334,-0.06345,0.296614,-0.511509,0.803961,0.300757,-0.860107,-0.412022,0.784826,0.468665,-0.405465,F,BuildTutorial
51.238,0.126035,1.511255,2.717579,37.884470124874504,-2.8396402791996525,7.229353525593856,-0.322392,0.043849,-0.067641,-0.943168,0.987004,0.099321,0.126327,-0.155867,0.782976,0.602207,-0.119741,1.146892,2.900333,17.739190986349477,-31.51273535108238,43.57827917054632,0.0382,-0.304214,0.39185,0.867438,0.507816,0.656568,0.557711,-0.703053,0.689989,-0.17214,0.388751,1.19537,2.954608,12.452725291672424,32.13415313261934,-60.9376370410105,-0.049682,0.289983,-0.51026,0.808132,0.31109,-0.853528,-0.417987,0.7959,0.474333,-0.376233,F,BuildTutorial
51.271,0.125446,1.509825,2.716975,38.42753338823618,-2.8978414312115484,7.399001311048011,-0.326762,0.045055,-0.069214,-0.941491,0.986359,0.100884,0.130072,-0.159773,0.776872,0.60905,-0.116061,1.149865,2.899648,16.46642255545775,-30.207832129361936,43.119617366992536,0.033817,-0.290647,0.385825,0.87494,0.533327,0.65549,0.534693,-0.694805,0.699991,-0.165103,0.382742,1.192349,2.956456,13.075842565025358,30.52223808914116,-61.676446926339224,-0.039737,0.280843,-0.517056,0.80759,0.30756,-0.857459,-0.412518,0.812819,0.462147,-0.354606,F,BuildTutorial
51.306,0.124731,1.508538,2.716548,38.90865143046821,-2.964599283045104,7.5590595284863165,-0.330612,0.046285,-0.07073,-0.939974,0.98571,0.102365,0.133781,-0.163574,0.771385,0.614986,-0.112673,1.154477,2.899575,14.716084621301382,-28.646490399147726,43.8503311273442,0.023499,-0.273943,0.388201,0.879604,0.548511,0.670052,0.500167,-0.695802,0.697495,-0.171349,0.37742,1.189696,2.958,13.504241363153914,29.38011043207692,-61.99362345031298,-0.032201,0.274439,-0.520259,0.80807,0.308027,-0.858486,-0.410025,0.823137,0.456587,-0.337601,F,BuildTutorial
51.338,0.124017,1.507483,2.716286,39.30725090710848,-3.0779327571287545,7.584318670680932,-0.333803,0.047473,-0.071275,-0.938745,0.985332,0.102125,0.136714,-0.165512,0.76699,0.619945,-0.109448,1.159414,2.898787,12.83291059058582,-27.69435658517186,44.22523173115509,0.010998,-0.261185,0.387978,0.883818,0.562511,0.680059,0.470214,-0.691549,0.698704,-0.183228,0.37315,1.187387,2.959286,14.091034015313436,28.423101878193403,-61.58387389203672,-0.022587,0.270172,-0.518376,0.811039,0.316587,-0.85305,-0.414823,0.828641,0.461553,-0.316739,F,BuildTutorial
51.372,0.12318,1.506438,2.716111,39.62643173351882,-3.2298070838767257,7.609874589846787,-0.336314,0.048939,-0.071938,-0.937722,0.98486,0.101998,0.140169,-0.167833,0.763435,0.623697,-0.107021,1.164713,2.897113,10.532196420130486,-27.718384706022388,43.29079221459906,-0.005157,-0.254575,0.377046,0.890507,0.586057,0.674149,0.449511,-0.668897,0.71562,-0.201158,0.370192,1.185889,2.960675,14.424857163752892,27.501855545523657,-61.60856186939686,-0.01602,0.265003,-0.519126,0.812419,0.320564,-0.851987,-0.413954,0.835005,0.460503,-0.301169,F,BuildTutorial
51.405,0.122455,1.505641,2.715755,39.97753381025539,-3.4193980571211866,7.673259246539467,-0.339042,0.050838,-0.073029,-0.936554,0.984165,0.102319,0.144744,-0.171264,0.759434,0.627638,-0.10491,1.171659,2.896658,7.206864168415334,-27.44006175283616,40.56554603009759,-0.024785,-0.243197,0.350079,0.90426,0.6366,0.64518,0.422474,-0.621069,0.753661,-0.215101,0.368845,1.185406,2.961576,14.420696732071692,27.161564137176292,-61.80628505836378,-0.014962,0.262547,-0.520569,0.812314,0.320154,-0.853587,-0.410963,0.837874,0.457568,-0.297655,F,BuildTutorial
51.437,0.121584,1.505208,2.715758,40.0777227424235,-3.637158951319031,7.682670102194685,-0.339718,0.052691,-0.073756,-0.936149,0.983567,0.102294,0.148766,-0.173894,0.758304,0.62828,-0.102813,1.178548,2.895717,4.079885111274457,-27.206223069600917,38.1174475192844,-0.04405,-0.233459,0.325089,0.915354,0.679628,0.615711,0.398756,-0.574575,0.784754,-0.232434,0.368789,1.186326,2.962032,13.865727211971274,27.44319554788482,-61.132613916866006,-0.018778,0.262381,-0.515063,0.815791,0.331734,-0.85022,-0.408752,0.830513,0.468716,-0.300922,F,BuildTutorial
51.471,0.120607,1.504945,2.715941,40.111139133346256,-3.851255591639164,7.687066530365311,-0.339851,0.054468,-0.074429,-0.935946,0.982987,0.1023,0.152548,-0.176345,0.757924,0.628056,-0.10101,1.184605,2.894474,1.6282930991013067,-27.15090204350061,36.1713824140869,-0.059731,-0.227394,0.304906,0.922907,0.710648,0.589965,0.383302,-0.535635,0.806929,-0.24892,0.368931,1.1883,2.962673,12.809458448851515,27.849911867095603,-59.64978077606566,-0.025009,0.261323,-0.503011,0.823447,0.35738,-0.841477,-0.405212,0.815335,0.492709,-0.304085,F,BuildTutorial
51.504,0.119579,1.504642,2.715914,40.28405559012769,-4.026596916492484,7.692844650096552,-0.341148,0.055994,-0.075011,-0.935337,0.982476,0.102117,0.155926,-0.178526,0.755983,0.629777,-0.098796,1.189363,2.89374,-0.439220871066671,-26.725904097309833,34.26670610960684,-0.07165,-0.219762,0.285772,0.930003,0.740079,0.563029,0.367807,-0.500045,0.826402,-0.258873,0.369108,1.190055,2.963037,11.915595498124247,28.32941642031873,-58.706104694517904,-0.031587,0.261474,-0.494858,0.8281,0.373494,-0.836102,-0.401791,0.803065,0.508236,-0.3111,F,BuildTutorial
51.538,0.118662,1.504426,2.715983,40.429478360410634,-4.1672451116648395,7.78593982576148,-0.342198,0.057484,-0.076203,-0.934767,0.981777,0.103122,0.159622,-0.181806,0.754187,0.63099,-0.096419,1.193222,2.893245,-2.3117823356814347,-26.239378718175946,32.34534867887595,-0.082079,-0.212487,0.26681,0.936443,0.767324,0.534585,0.354165,-0.464823,0.844151,-0.267112,0.368993,1.191138,2.963276,11.506365813710794,28.48195604021226,-58.23904113515045,-0.034227,0.261108,-0.490846,0.830495,0.381786,-0.833164,-0.400098,0.797415,0.515798,-0.313179,F,BuildTutorial
51.571,0.117986,1.504367,2.716093,40.454410457827855,-4.30480000397265,7.902759467870648,-0.34225,0.058966,-0.077569,-0.934543,0.981012,0.104621,0.163309,-0.185346,0.753696,0.630547,-0.095799,1.195994,2.892723,-3.604800320354185,-26.447387897046234,31.122899412432535,-0.090834,-0.212045,0.254098,0.939266,0.780943,0.515852,0.352172,-0.438809,0.854367,-0.278395,0.368204,1.191682,2.963934,11.205106968595972,28.134579469828495,-57.67318863490311,-0.033715,0.257579,-0.486401,0.834224,0.394134,-0.828904,-0.39696,0.794167,0.524554,-0.306825,F,BuildTutorial
51.604,0.117333,1.504283,2.716449,40.48401366572115,-4.400756366240254,7.9771147003316285,-0.342388,0.059984,-0.078465,-0.934353,0.98049,0.105552,0.165824,-0.187703,0.753228,0.630409,-0.094966,1.197849,2.89285,-4.682969517407113,-26.424415925414504,29.455435112044455,-0.096524,-0.210753,0.238259,0.943133,0.797632,0.490105,0.35154,-0.408734,0.867832,-0.282497,0.366753,1.191847,2.964951,10.882942754597323,27.464528606892713,-57.338476204641545,-0.032548,0.251538,-0.48369,0.837683,0.405545,-0.826732,-0.389932,0.793984,0.529969,-0.297863,F,BuildTutorial
51.638,0.116859,1.504114,2.716659,40.515673020816976,-4.524662642605182,8.010385776722018,-0.342544,0.061108,-0.07911,-0.934169,0.980015,0.105939,0.168368,-0.189668,0.75281,0.63032,-0.094417,1.19899,2.893438,-5.537995861933763,-26.218828938057797,28.28973634439713,-0.100986,-0.20818,0.227103,0.945985,0.81017,0.471719,0.348002,-0.387627,0.876452,-0.285618,0.366202,1.190713,2.965193,11.171576194038863,27.492750160810736,-57.57788870908757,-0.031031,0.252798,-0.48584,0.836116,0.400106,-0.828126,-0.392584,0.796748,0.525994,-0.29753,F,BuildTutorial
51.671,0.116463,1.504009,2.716966,40.57408495788095,-4.652485810939126,8.044731744337541,-0.342914,0.062279,-0.079779,-0.933899,0.979513,0.106298,0.171039,-0.191723,0.752091,0.630557,-0.094464,1.199355,2.893287,-6.0602956472151694,-26.746969313195436,27.21897547166253,-0.104333,-0.212388,0.216719,0.947122,0.815849,0.454836,0.357093,-0.3662,0.884295,-0.289688,0.365267,1.189897,2.965662,11.135707157986715,27.527356492133855,-56.58957999440118,-0.029264,0.253173,-0.478551,0.84026,0.413785,-0.819032,-0.397453,0.789397,0.540265,-0.29149,F,BuildTutorial
51.704,0.116134,1.503807,2.717271,40.64160202899291,-4.740655830769921,8.093182523669542,-0.343377,0.063173,-0.080446,-0.933611,0.979075,0.106826,0.173204,-0.193594,0.751241,0.630998,-0.094857,1.198734,2.893325,-6.1005581487404665,-27.3234683353351,26.353597223988764,-0.10411,-0.217858,0.208956,0.947648,0.817751,0.441396,0.369396,-0.350671,0.890997,-0.288366,0.36416,1.189532,2.965924,10.86603876078721,27.39256512745731,-55.622645608314954,-0.02861,0.251403,-0.471087,0.845018,0.429748,-0.810539,-0.397924,0.781768,0.554518,-0.285217,F,BuildTutorial
51.738,0.11588,1.503757,2.717655,40.650489061796414,-4.817222075530376,8.105265538280976,-0.343389,0.063837,-0.080775,-0.933533,0.9788,0.106971,0.174663,-0.194655,0.751119,0.630816,-0.094758,1.197911,2.893687,-6.045393009840173,-27.327782772056068,25.97206313913324,-0.102938,-0.21835,0.205912,0.948329,0.819848,0.435497,0.371743,-0.345591,0.894008,-0.28516,0.363358,1.188232,2.96593,11.102430040165622,27.320212942197585,-55.69231492985583,-0.026679,0.251743,-0.471958,0.844494,0.427762,-0.810564,-0.400007,0.783699,0.553087,-0.282684,F,BuildTutorial
51.771,0.115697,1.503826,2.718035,40.6475590103518,-4.84057177279924,8.129983522943046,-0.343335,0.0641,-0.081046,-0.933512,0.978645,0.107298,0.175329,-0.19533,0.751105,0.630625,-0.094263,1.197292,2.894166,-5.998235304787175,-27.123745011637354,26.051359703399793,-0.102333,-0.216685,0.20685,0.948572,0.820521,0.436772,0.368749,-0.348076,0.893482,-0.283782,0.362249,1.18656,2.965927,11.611474742990554,27.09582673170116,-55.86381963842665,-0.022284,0.251972,-0.473988,0.843415,0.423691,-0.810767,-0.403909,0.788307,0.549678,-0.276453,F,BuildTutorial
51.804,0.115625,1.503929,2.718511,40.65660540833732,-4.809353953179178,8.167109064543729,-0.34341,0.063961,-0.081256,-0.933475,0.978613,0.107772,0.175221,-0.195632,0.750935,0.630734,-0.0931,1.196372,2.894168,-5.9785104722077005,-26.85310588156361,25.917966219185335,-0.101432,-0.214602,0.206027,0.949321,0.822998,0.434706,0.365656,-0.347636,0.894529,-0.281011,0.360708,1.18495,2.966149,12.12942029402277,26.562214609062323,-55.90253396768992,-0.016245,0.249991,-0.475071,0.843533,0.423624,-0.809599,-0.406316,0.793355,0.548087,-0.264933,F,BuildTutorial
51.838,0.115688,1.504067,2.718908,40.63804109509951,-4.73020746612837,8.155501020387607,-0.343321,0.063273,-0.080922,-0.933584,0.978896,0.10765,0.173705,-0.194541,0.751165,0.630797,-0.09168,1.195876,2.89475,-5.880787751620194,-26.206714430382583,25.800833688719855,-0.099248,-0.209541,0.205822,0.950726,0.82746,0.432954,0.357578,-0.349767,0.895574,-0.274972,0.359266,1.183589,2.966561,12.486286553096011,26.048201515323225,-56.13220848291501,-0.01191,0.247529,-0.477294,0.843077,0.42184,-0.810687,-0.406003,0.798894,0.544098,-0.25637,F,BuildTutorial
51.871,0.115813,1.504311,2.719155,40.593262999115574,-4.612988121455461,8.133327833269606,-0.34305,0.062231,-0.080385,-0.9338,0.979331,0.10743,0.171375,-0.192823,0.75171,0.630675,-0.091318,1.195463,2.894853,-5.6116091520176345,-26.089827882401188,26.46583885259179,-0.098028,-0.208542,0.21198,0.949719,0.82315,0.443529,0.354552,-0.361757,0.89091,-0.274612,0.358383,1.182849,2.966486,12.633786355775142,25.91221165941641,-56.04341501463351,-0.010037,0.247095,-0.476843,0.843484,0.423131,-0.809378,-0.407269,0.799458,0.545041,-0.252582,F,BuildTutorial
51.904,0.116057,1.504426,2.719415,40.56447348204955,-4.434642845642508,8.16632488815648,-0.342922,0.060863,-0.080117,-0.93396,0.979754,0.107909,0.168636,-0.191395,0.751971,0.630799,-0.090585,1.195068,2.894683,-5.64598315779813,-26.04947965369793,26.38121521817598,-0.098083,-0.20821,0.211244,0.94995,0.824049,0.442187,0.354139,-0.360499,0.891511,-0.274315,0.357822,1.182693,2.966594,12.473126932855664,25.832367941147865,-55.54858080804627,-0.009858,0.245944,-0.472996,0.845984,0.431573,-0.805144,-0.406803,0.795446,0.552355,-0.249341,F,BuildTutorial
51.938,0.116362,1.504496,2.719633,40.499711889624834,-4.248053897461136,8.230004046556719,-0.34249,0.059502,-0.080072,-0.93421,0.980096,0.10885,0.166022,-0.190366,0.752578,0.630386,-0.089662,1.195453,2.89516,-6.096281223500241,-25.63584040899398,25.398324515664378,-0.099283,-0.204722,0.202542,0.952475,0.834131,0.426483,0.349768,-0.345181,0.89824,-0.272059,0.357624,1.182779,2.966625,12.327577478669646,25.77762522301112,-55.289749029766746,-0.010182,0.245017,-0.470901,0.847417,0.436438,-0.803089,-0.405673,0.79311,0.556297,-0.248013,F,BuildTutorial
51.971,0.116586,1.504567,2.719762,40.44964328216527,-4.152091099056589,8.216365867779539,-0.342155,0.058655,-0.07967,-0.934421,0.980425,0.108752,0.164136,-0.189029,0.753165,0.630088,-0.0889,1.196014,2.895116,-6.571877542976703,-25.602030879139058,24.79985346191412,-0.10209,-0.204039,0.196649,0.953559,0.839395,0.416693,0.348974,-0.333372,0.901814,-0.274946,0.35768,1.182705,2.966517,12.343471159023428,25.927675308190913,-55.20037575378236,-0.010486,0.246194,-0.470247,0.847435,0.436513,-0.802171,-0.407404,0.791845,0.557516,-0.249316,F,BuildTutorial
52.005,0.116883,1.504471,2.71972,40.444753877016424,-4.055090458020002,8.215141281919477,-0.342183,0.057858,-0.07937,-0.934486,0.980706,0.108743,0.162454,-0.187936,0.753223,0.630345,-0.088035,1.1959,2.894605,-6.64020683265589,-25.718743276289125,24.84549461320927,-0.102937,-0.204837,0.196788,0.953268,0.838632,0.417354,0.350017,-0.333013,0.901357,-0.276872,0.357633,1.182832,2.966325,12.272871941832904,25.986567361732412,-54.96154939132243,-0.01075,0.246389,-0.468382,0.848407,0.439821,-0.800055,-0.408006,0.78946,0.561005,-0.24905,F,BuildTutorial
52.037,0.117117,1.504399,2.719728,40.49244522644941,-3.9706331478931887,8.235136523918575,-0.342621,0.057252,-0.079284,-0.93437,0.980872,0.10893,0.161319,-0.187394,0.75265,0.631191,-0.086864,1.195265,2.894479,-6.295190088560679,-25.494210852439792,25.298945957911084,-0.100501,-0.20324,0.201445,0.952897,0.836227,0.424764,0.346844,-0.34306,0.898639,-0.273417,0.357377,1.183098,2.966249,12.186414613092166,25.929403405722105,-55.037939424045845,-0.011337,0.245637,-0.46884,0.848365,0.439703,-0.801065,-0.406149,0.789926,0.56012,-0.249564,F,BuildTutorial
52.071,0.117346,1.504369,2.719719,40.49149584816885,-3.917228973789553,8.1849477671451,-0.342675,0.056666,-0.078715,-0.934434,0.981186,0.108272,0.15985,-0.185945,0.752755,0.631493,-0.086251,1.195495,2.894387,-6.32495380202576,-25.40803151759001,25.54887225147754,-0.101037,-0.202245,0.20354,0.952607,0.835337,0.428656,0.34419,-0.346919,0.896726,-0.274827,0.357007,1.183219,2.966035,12.169758735317073,25.798458973603292,-55.22824815587966,-0.011334,0.244587,-0.47024,0.847894,0.438104,-0.802971,-0.404108,0.791882,0.557493,-0.249249,F,BuildTutorial
52.104,0.117538,1.504358,2.719607,40.47220955690371,-3.8374347054013014,8.136116462277709,-0.342596,0.05586,-0.078077,-0.934565,0.981567,0.107661,0.157908,-0.184211,0.753065,0.631633,-0.084275,1.19695,2.89415,-7.061182264911501,-24.698651519381027,24.97948505686109,-0.104898,-0.195404,0.198001,0.954782,0.845226,0.419091,0.331597,-0.337102,0.899584,-0.277689,0.356159,1.18325,2.965691,12.29387546494402,25.521588136729505,-55.41864368540793,-0.009659,0.242986,-0.471833,0.847489,0.436662,-0.804441,-0.402742,0.795053,0.55456,-0.24567,F,BuildTutorial
52.137,0.117622,1.504378,2.71944,40.44225786091648,-3.819505004525821,8.08344339691313,-0.342389,0.055542,-0.077592,-0.9347,0.981789,0.107017,0.156963,-0.183085,0.753498,0.631443,-0.081798,1.200497,2.893553,-8.713607783026857,-23.581243688605444,25.085713114045785,-0.116837,-0.182733,0.196821,0.956148,0.85574,0.41908,0.303448,-0.33368,0.895221,-0.295358,0.354901,1.183345,2.965499,12.30579814853979,25.022236948160064,-55.66221402132225,-0.008021,0.239319,-0.473688,0.847515,0.436693,-0.806754,-0.398054,0.799075,0.551112,-0.240322,F,BuildTutorial
52.171,0.117615,1.504469,2.719151,40.41001803215703,-3.8191198247653784,7.980111327731651,-0.342176,0.055215,-0.076746,-0.934868,0.982123,0.105709,0.155759,-0.181282,0.754052,0.631303,-0.080881,1.20385,2.892497,-9.79453943765852,-23.209314156652436,25.98995011799864,-0.126551,-0.176486,0.202732,0.954849,0.855505,0.431827,0.285723,-0.342489,0.885769,-0.313232,0.353793,1.183299,2.965222,12.266597925250307,24.69221979509379,-56.02273509337219,-0.007699,0.236706,-0.476328,0.846772,0.434165,-0.810327,-0.393537,0.803038,0.546105,-0.238538,F,BuildTutorial
52.204,0.117645,1.504519,2.718866,40.364678898220326,-3.7853766559050337,7.910933935988915,-0.341861,0.054712,-0.076078,-0.935067,0.982438,0.104868,0.154335,-0.179684,0.754687,0.631,-0.080059,1.206177,2.891502,-10.254945207497324,-22.908896355848807,26.8009454510122,-0.131047,-0.172109,0.208966,0.953697,0.853424,0.443689,0.273511,-0.353472,0.87832,-0.321888,0.352966,1.182925,2.964888,12.372679692065828,24.548205353206107,-55.93610760918924,-0.006118,0.23605,-0.475824,0.847251,0.435744,-0.809174,-0.394165,0.803397,0.547108,-0.235004,F,BuildTutorial
52.237,0.117653,1.504623,2.718398,40.30674721620355,-3.757512208327379,7.910403926994348,-0.341406,0.054456,-0.075987,-0.935255,0.982521,0.104951,0.153746,-0.179318,0.755336,0.630328,-0.079522,1.208237,2.890777,-10.721589696205742,-22.585369468699533,27.19877834923965,-0.134892,-0.167956,0.211789,0.953279,0.853873,0.449099,0.263081,-0.358475,0.8739,-0.328321,0.35215,1.182426,2.964923,12.297161534129854,24.5055089251172,-55.66733269414959,-0.005961,0.235462,-0.473747,0.848579,0.440242,-0.806831,-0.393968,0.801217,0.551056,-0.233216,F,BuildTutorial
52.271,0.117654,1.504804,2.717951,40.21612110281626,-3.731381712535454,7.86486027570076,-0.340704,0.054065,-0.075532,-0.935571,0.982744,0.104491,0.15263,-0.178171,0.756431,0.629339,-0.079298,1.210216,2.889988,-11.33101854851944,-22.549893010030925,26.946960236087527,-0.139483,-0.16665,0.208612,0.953548,0.857418,0.444332,0.259622,-0.351353,0.874052,-0.335537,0.351423,1.181533,2.964828,12.40304804442396,24.37025787248403,-55.53952202399352,-0.004336,0.234866,-0.472933,0.849208,0.442345,-0.805273,-0.394799,0.8012,0.552631,-0.229515,F,BuildTutorial
52.304,0.117649,1.504927,2.717554,40.12008651661168,-3.727459236131708,7.835408850592258,-0.339935,0.053901,-0.075274,-0.935881,0.982857,0.104248,0.152067,-0.17754,0.757556,0.628163,-0.079995,1.211796,2.889544,-11.781945920963665,-22.706342674874698,26.948125783233433,-0.143484,-0.16698,0.207591,0.953119,0.858048,0.443635,0.258731,-0.3478,0.872637,-0.342841,0.350981,1.180147,2.964591,12.822996716858622,24.285833986208964,-55.70561473253166,-0.001139,0.235823,-0.47466,0.847988,0.438171,-0.805549,-0.398869,0.804475,0.549393,-0.225802,F,BuildTutorial
52.339,0.117711,1.505095,2.717222,39.98775671122764,-3.760417680540273,7.874304402291711,-0.338812,0.054224,-0.075681,-0.936236,0.982664,0.104967,0.152817,-0.178455,0.758957,0.626209,-0.080701,1.212176,2.889368,-11.746930491623788,-22.770578486812987,27.13487224480847,-0.143585,-0.167356,0.209129,0.952702,0.856514,0.446534,0.258825,-0.350415,0.871297,-0.343586,0.350339,1.179358,2.964343,12.933805486760477,24.243545043584778,-55.64608496416891,0.0,0.235929,-0.474349,0.848134,0.438661,-0.804622,-0.400199,0.804622,0.549986,-0.223826,F,BuildTutorial
52.371,0.117679,1.505241,2.717005,39.89471097405514,-3.883195272232835,7.9125725506124445,-0.337951,0.055297,-0.07635,-0.936431,0.982226,0.105617,0.155169,-0.180368,0.75992,0.624491,-0.08151,1.211845,2.889088,-11.488049528494344,-22.86905410491547,27.15542667754211,-0.141664,-0.16871,0.209662,0.952633,0.855158,0.447262,0.262034,-0.351662,0.871946,-0.340652,0.349469,1.179172,2.964295,12.778964676008345,24.180339618708697,-55.54737357524074,-0.000712,0.234877,-0.473438,0.848934,0.441378,-0.804169,-0.398117,0.803501,0.551712,-0.223608,F,BuildTutorial
52.405,0.117695,1.505326,2.71681,39.85369644949484,-4.130918978258255,7.803089560667974,-0.337504,0.05698,-0.076182,-0.936505,0.981899,0.104228,0.158147,-0.181152,0.760575,0.623466,-0.082603,1.21137,2.888238,-11.336501645285578,-23.19366686930674,26.839092887100165,-0.140536,-0.172125,0.206918,0.95279,0.855116,0.442677,0.26984,-0.345918,0.87487,-0.339033,0.348361,1.17925,2.964415,12.689023830269925,24.00799951654108,-55.61394354432276,-0.000819,0.23326,-0.473828,0.849162,0.442153,-0.805096,-0.395375,0.804332,0.550973,-0.222441,F,BuildTutorial
52.438,0.117644,1.505354,2.716654,39.85553026588715,-4.411917659391506,7.565989254285377,-0.337453,0.058579,-0.075072,-0.936514,0.981865,0.101078,0.160386,-0.180148,0.760979,0.623264,-0.083395,1.2108,2.886694,-11.182509312202193,-23.52174859921164,26.48861333088239,-0.139324,-0.175609,0.203896,0.952983,0.855176,0.437552,0.27789,-0.339686,0.87803,-0.337159,0.346861,1.17913,2.964528,12.716608345827812,23.83308892466309,-55.74423563817306,-0.00015,0.232068,-0.474826,0.848932,0.441369,-0.806259,-0.393879,0.80612,0.549081,-0.220638,F,BuildTutorial
52.47,0.117741,1.505376,2.716505,39.921360979128586,-4.705472089538844,7.269749227915704,-0.337955,0.060132,-0.073525,-0.936357,0.981956,0.097048,0.162306,-0.178335,0.760761,0.624051,-0.084526,1.210302,2.885493,-11.090096622228309,-23.501911758150396,26.25229052418722,-0.138165,-0.175925,0.202131,0.95347,0.856387,0.434065,0.279623,-0.336838,0.880107,-0.334592,0.344946,1.179085,2.965003,12.719135635209172,23.59028607023903,-55.85286006358917,0.000657,0.230279,-0.475633,0.848967,0.44149,-0.807291,-0.391623,0.807896,0.547545,-0.21794,F,BuildTutorial
52.504,0.117946,1.505401,2.716453,39.96952845263969,-4.899051734834223,7.018877637612599,-0.338359,0.060992,-0.072054,-0.93627,0.982176,0.093649,0.16297,-0.176198,0.760643,0.624802,-0.085501,1.209409,2.884365,-10.889180778574024,-23.59704262918023,26.16649317480101,-0.136544,-0.17724,0.201687,0.953553,0.855816,0.433041,0.282938,-0.336237,0.881356,-0.331898,0.34321,1.179294,2.965462,12.677797349594234,23.181961002057164,-56.1131008749584,0.001522,0.227099,-0.477511,0.848768,0.440818,-0.809901,-0.386963,0.811283,0.543962,-0.214301,F,BuildTutorial
52.537,0.118199,1.505451,2.716394,39.97085281326984,-4.961046839524009,6.910160329934814,-0.338389,0.061178,-0.071349,-0.936301,0.982333,0.092205,0.162849,-0.175013,0.760804,0.624939,-0.087437,1.208486,2.8837,-10.55169387400053,-23.862505997072184,26.124956447770515,-0.134164,-0.180202,0.201676,0.953338,0.853708,0.432884,0.289472,-0.336177,0.882654,-0.328492,0.341487,1.17961,2.965621,12.677904890058974,22.725457691850508,-56.39434434386453,0.002876,0.223724,-0.479585,0.848491,0.439892,-0.812561,-0.382414,0.815134,0.53998,-0.209709,F,BuildTutorial
52.57,0.11855,1.505331,2.716269,39.98027899922823,-4.93921711986384,6.885415160527675,-0.338493,0.06093,-0.071084,-0.9363,0.982469,0.091864,0.16222,-0.174361,0.760738,0.6252,-0.088495,1.207486,2.882906,-10.265061497476916,-23.955802566552865,26.03090529910619,-0.131816,-0.181683,0.201338,0.953456,0.852908,0.431832,0.293374,-0.336037,0.884175,-0.324522,0.34026,1.179961,2.965609,12.571888639223342,22.46762951317638,-56.558814631106024,0.002833,0.22141,-0.480685,0.848476,0.43984,-0.814445,-0.378445,0.816953,0.537869,-0.20805,F,BuildTutorial
52.604,0.118897,1.505219,2.716164,40.01712011440536,-4.869129679941034,6.890904951140186,-0.338835,0.060387,-0.070928,-0.936223,0.982645,0.091886,0.161136,-0.173731,0.76032,0.625884,-0.089874,1.206575,2.881931,-9.94828070657929,-24.37094955132427,26.03114350663382,-0.129934,-0.185792,0.201481,0.952892,0.849774,0.432261,0.30172,-0.335698,0.885045,-0.322494,0.339647,1.180206,2.965719,12.35585110298056,22.416326132982164,-56.340957509865994,0.001829,0.220191,-0.478843,0.849836,0.444451,-0.813071,-0.376004,0.814682,0.541412,-0.207765,F,BuildTutorial
52.637,0.119142,1.505045,2.716133,40.07503646818024,-4.818872282997179,6.864349898094397,-0.339354,0.059919,-0.070572,-0.936092,0.982859,0.091457,0.160077,-0.172792,0.759717,0.626876,-0.091694,1.20626,2.881093,-9.824956093359209,-24.949356976467534,26.099676058609106,-0.130048,-0.190777,0.201638,0.951858,0.845892,0.433482,0.31074,-0.334242,0.884859,-0.32451,0.339658,1.180012,2.965688,12.323595923225437,22.434109046364433,-56.165542702524064,0.001847,0.220196,-0.477508,0.850586,0.447,-0.81151,-0.376355,0.813137,0.543965,-0.207148,F,BuildTutorial
52.671,0.119377,1.504948,2.716155,40.10440769881709,-4.828015283075721,6.844647098946558,-0.339599,0.059946,-0.070443,-0.936011,0.982889,0.091155,0.160065,-0.172586,0.759421,0.627291,-0.09328,1.206347,2.88059,-9.921629117573222,-25.253728264116816,26.00622711955792,-0.131221,-0.193211,0.200321,0.951484,0.845082,0.431911,0.315102,-0.330498,0.885305,-0.327117,0.340218,1.179399,2.965606,12.336339941206864,22.613029106936285,-56.00790335872573,0.001503,0.221571,-0.476354,0.850877,0.447987,-0.809971,-0.37849,0.811303,0.54617,-0.208535,F,BuildTutorial
52.704,0.119527,1.504747,2.71609,40.156967356926465,-4.837936093023908,6.787321952581219,-0.340053,0.059876,-0.070013,-0.935883,0.983026,0.090325,0.15969,-0.171769,0.758924,0.628116,-0.093492,1.206053,2.879606,-10.011704862034662,-25.377324148070628,25.677594298228716,-0.131621,-0.194429,0.197268,0.951819,0.846566,0.426708,0.318193,-0.324344,0.887523,-0.327268,0.340842,1.178594,2.965586,12.42380733298842,22.79371327479168,-55.72267422435088,0.001972,0.223243,-0.474332,0.851568,0.450343,-0.806972,-0.382084,0.808733,0.55001,-0.208424,F,BuildTutorial
52.738,0.119724,1.504585,2.715871,40.20936256906562,-4.860704063019168,6.794491866106369,-0.340464,0.060102,-0.070148,-0.935709,0.982934,0.090351,0.160242,-0.172201,0.758327,0.628718,-0.09506,1.205987,2.879182,-9.898012075941503,-25.685126370780935,25.665966752816853,-0.131195,-0.197231,0.19705,0.951346,0.844543,0.426677,0.323565,-0.323174,0.887918,-0.327353,0.341567,1.177877,2.965518,12.527564698819422,22.89796005270736,-55.595800864198175,0.002578,0.22441,-0.473504,0.851721,0.450869,-0.805428,-0.384711,0.807743,0.551575,-0.208127,F,BuildTutorial
52.77,0.119836,1.504473,2.715617,40.25074986050324,-4.919250609371286,6.803297077300575,-0.340762,0.060621,-0.070401,-0.935548,0.982738,0.090412,0.161408,-0.173041,0.75785,0.629063,-0.095403,1.205134,2.87799,-9.759367316920144,-25.967501710942635,25.760027741211708,-0.130704,-0.199751,0.197793,0.950733,0.841955,0.428314,0.328115,-0.323881,0.887589,-0.327548,0.342389,1.177424,2.965393,12.604478226191915,23.02261820985975,-55.50287707004544,0.002831,0.225626,-0.4729,0.851734,0.450918,-0.804292,-0.387025,0.806847,0.552716,-0.208574,F,BuildTutorial
52.804,0.119982,1.504394,2.715408,40.28317952890707,-4.983438213985915,6.795380230620479,-0.340992,0.061133,-0.070533,-0.935421,0.982576,0.090265,0.162473,-0.173649,0.757499,0.629318,-0.095825,1.204527,2.877256,-9.680843079738295,-26.081301475229573,25.488734381676217,-0.129779,-0.201164,0.195575,0.951021,0.842568,0.424205,0.331859,-0.319778,0.889816,-0.325529,0.343155,1.177168,2.965408,12.47560253095834,23.221082992075956,-55.25325685277715,0.001525,0.22661,-0.470905,0.852581,0.453792,-0.802278,-0.387843,0.80366,0.556492,-0.210824,F,BuildTutorial
52.837,0.120139,1.504159,2.715094,40.37087108023274,-5.0829812467710145,6.755998222235777,-0.341669,0.061859,-0.070524,-0.935127,0.9824,0.089627,0.163884,-0.174169,0.756577,0.630282,-0.097176,1.203923,2.877057,-9.545280955461315,-26.272204307302907,25.29866816264538,-0.128653,-0.203237,0.194064,0.951043,0.842068,0.42142,0.336641,-0.316831,0.891575,-0.323592,0.344019,1.177139,2.965518,12.158164592613517,23.460105158778628,-54.86212486044167,-0.001099,0.227196,-0.467633,0.854225,0.459403,-0.799427,-0.387125,0.798428,0.562637,-0.214365,F,BuildTutorial
52.871,0.120368,1.503779,2.714799,40.52918595876842,-5.159437147849914,6.705969941449025,-0.342943,0.062388,-0.070374,-0.934636,0.98231,0.088757,0.164889,-0.174339,0.754875,0.632274,-0.098736,1.202754,2.877119,-9.105284331210354,-26.506784969066796,25.205300603726258,-0.125263,-0.206171,0.193948,0.950887,0.839755,0.420497,0.343501,-0.317195,0.893386,-0.318196,0.345023,1.176947,2.965504,11.926393297863152,23.793199965605844,-54.30404668930195,-0.003111,0.228828,-0.463191,0.856202,0.466185,-0.794594,-0.388964,0.791746,0.57089,-0.217309,F,BuildTutorial
52.904,0.120657,1.503461,2.714423,40.67207408676853,-5.186780001114006,6.63808388454724,-0.344131,0.062456,-0.06993,-0.934229,0.982418,0.087676,0.164826,-0.173648,0.753368,0.634258,-0.099613,1.200572,2.876839,-8.226101190926128,-26.67358682160595,25.173129826118736,-0.118251,-0.209343,0.195344,0.950807,0.836033,0.420978,0.35189,-0.321959,0.895715,-0.306655,0.34599,1.176716,2.965466,11.528411843009986,24.234436308457084,-53.552364039594664,-0.006421,0.230695,-0.457064,0.858971,0.475745,-0.788172,-0.390451,0.782246,0.582103,-0.221916,F,BuildTutorial
52.937,0.120989,1.503358,2.714296,40.68024489476169,-5.188830911689041,6.578016292906024,-0.344229,0.062295,-0.069448,-0.934239,0.982593,0.086875,0.164209,-0.17265,0.753367,0.634532,-0.101024,1.198704,2.876953,-7.507016724571002,-26.941263672725384,25.33245416641317,-0.113083,-0.212831,0.197903,0.950132,0.831075,0.424202,0.359675,-0.327933,0.896094,-0.299126,0.346814,1.17628,2.965697,11.022092287077813,24.724705442247128,-52.72707286181814,-0.010578,0.232598,-0.450186,0.862043,0.486461,-0.781081,-0.391495,0.77124,0.594441,-0.227662,F,BuildTutorial
52.97,0.121357,1.503201,2.714243,40.68262032855531,-5.114053148581961,6.560986507590757,-0.344303,0.061635,-0.069085,-0.934283,0.982857,0.086647,0.162741,-0.171531,0.753365,0.634837,-0.102546,1.196613,2.877255,-6.743042682498989,-27.250458688888106,25.4933787492744,-0.107633,-0.216756,0.200548,0.949322,0.825594,0.42743,0.368371,-0.33411,0.896391,-0.291297,0.347166,1.175032,2.966171,10.653254406304924,25.026947128604053,-51.77615964098369,-0.012659,0.233654,-0.442498,0.865703,0.499203,-0.772059,-0.393346,0.760228,0.60807,-0.2287,F,BuildTutorial
53.004,0.121856,1.503039,2.713927,40.73010284536722,-4.977870548137069,6.575416039190478,-0.344765,0.060584,-0.068802,-0.934202,0.983192,0.086775,0.160637,-0.170324,0.752807,0.635824,-0.103106,1.193467,2.877158,-5.699644726083504,-27.48268737842058,25.291997007696917,-0.099063,-0.220917,0.200874,0.949227,0.82169,0.425119,0.379603,-0.337581,0.899672,-0.276819,0.346554,1.173132,2.967012,10.362014309725051,24.967397217340768,-50.62695041815419,-0.012345,0.232306,-0.433402,0.870658,0.516394,-0.760424,-0.393817,0.748953,0.624021,-0.222859,F,BuildTutorial
53.037,0.122351,1.502906,2.71359,40.77489468870863,-4.84451381495995,6.566784224624364,-0.345215,0.059486,-0.068338,-0.93414,0.983583,0.086604,0.158319,-0.168746,0.752313,0.636828,-0.104257,1.190665,2.87784,-4.848955195658506,-27.503927253088868,24.57755137478564,-0.090699,-0.223319,0.196727,0.950369,0.822854,0.414435,0.388786,-0.333416,0.906145,-0.260261,0.345258,1.170735,2.967799,10.240159161049505,24.57211223598278,-49.52470337078669,-0.009592,0.22898,-0.424874,0.875762,0.5341,-0.74857,-0.392913,0.739784,0.63878,-0.211377,F,BuildTutorial
53.07,0.12278,1.502812,2.71339,40.814827083265605,-4.713373763039206,6.572875130079947,-0.345616,0.058449,-0.067999,-0.934082,0.98392,0.086631,0.156196,-0.167435,0.751851,0.637719,-0.104707,1.187992,2.878106,-4.148669309353955,-27.681199966746636,24.18849374607191,-0.084454,-0.226395,0.194837,0.950606,0.821568,0.408666,0.397515,-0.332187,0.909812,-0.248785,0.343499,1.167782,2.968544,10.137218606802834,24.172325510057743,-48.38894268966303,-0.006675,0.225649,-0.416057,0.880871,0.551958,-0.735998,-0.391982,0.729973,0.653704,-0.199525,F,BuildTutorial
53.104,0.123192,1.502519,2.713161,40.89446702135794,-4.570657161439839,6.608511448906629,-0.346333,0.057421,-0.067871,-0.93389,0.984193,0.086995,0.154261,-0.166542,0.750895,0.639078,-0.104777,1.185793,2.877785,-3.6287213609459825,-27.915244397888237,23.96950484665064,-0.080118,-0.229448,0.193949,0.950431,0.819475,0.405436,0.405071,-0.331905,0.91193,-0.241296,0.341511,1.164915,2.968776,10.194746667829657,23.766488276452023,-47.18337987524517,-0.002408,0.222758,-0.406857,0.885913,0.569694,-0.721951,-0.392729,0.719806,0.668924,-0.185527,F,BuildTutorial
53.137,0.123558,1.502188,2.712945,41.016021920469,-4.492396148895081,6.5993096964987155,-0.347376,0.056798,-0.067577,-0.933562,0.984415,0.086714,0.152997,-0.165635,0.749526,0.640918,-0.104149,1.184066,2.877282,-3.132138246385767,-27.902109006421263,23.826214797847197,-0.075702,-0.230337,0.193817,0.950605,0.818759,0.403361,0.408574,-0.333613,0.913408,-0.233213,0.339157,1.162076,2.968814,10.65233207369481,22.9146498907834,-46.65215051910003,0.005226,0.217638,-0.403329,0.888781,0.579919,-0.714667,-0.391081,0.719217,0.674597,-0.166269,F,BuildTutorial
53.17,0.123849,1.501999,2.712825,41.08123056908751,-4.453644998937708,6.589030833517766,-0.347936,0.056474,-0.067385,-0.933387,0.98454,0.086493,0.152316,-0.165091,0.7488,0.641907,-0.104458,1.183032,2.877335,-2.7391736600435106,-27.960212932285035,23.930828142551544,-0.072761,-0.23146,0.195474,0.950222,0.816432,0.405171,0.411432,-0.337806,0.912991,-0.228767,0.337015,1.159929,2.968794,10.7693153297919,22.125823989274277,-46.79682546351144,0.008658,0.211904,-0.404549,0.889585,0.582874,-0.716093,-0.384018,0.723431,0.67253,-0.156048,F,BuildTutorial
53.204,0.124117,1.501947,2.712746,41.053071681768024,-4.407436053745618,6.613856844721255,-0.347721,0.056163,-0.067443,-0.933481,0.984594,0.086856,0.151757,-0.164972,0.749082,0.641607,-0.104161,1.182518,2.876899,-2.599916997258139,-28.01429383142449,24.207097171800225,-0.072261,-0.231986,0.198023,0.949604,0.813939,0.409614,0.411971,-0.34256,0.911131,-0.229115,0.334998,1.158644,2.968389,10.550792442798382,21.714541888692256,-46.158932465660726,0.009543,0.20795,-0.399292,0.892878,0.594645,-0.70907,-0.378969,0.717008,0.680949,-0.149023,F,BuildTutorial
53.237,0.124378,1.501894,2.712733,41.00256433093219,-4.369547776760482,6.628557018842842,-0.347324,0.055881,-0.067441,-0.933646,0.984658,0.087114,0.151194,-0.164749,0.749636,0.641017,-0.104151,1.182116,2.877149,-2.4097094894430766,-28.00775172628283,24.26076832048206,-0.070786,-0.232245,0.198872,0.949475,0.813025,0.410528,0.412866,-0.344769,0.910878,-0.226793,0.333298,1.157976,2.96749,10.44679594454941,21.541739036146645,-45.10387854041569,0.011221,0.206175,-0.390912,0.896969,0.609359,-0.696646,-0.378638,0.705899,0.694123,-0.141064,F,BuildTutorial
53.271,0.12459,1.5023,2.712904,40.70268586187202,-4.398736731171579,6.567706519356475,-0.344888,0.055829,-0.066992,-0.934584,0.984791,0.086709,0.150563,-0.163728,0.753129,0.637174,-0.103943,1.18201,2.877164,-2.322869772687991,-28.08442371300574,24.1697080878079,-0.070016,-0.233094,0.198253,0.949453,0.812726,0.409105,0.414861,-0.343824,0.911587,-0.225377,0.331727,1.157735,2.966569,10.30767750627116,21.428340497642655,-44.75807656305584,0.011121,0.204818,-0.388025,0.898534,0.614972,-0.692752,-0.376702,0.701863,0.698626,-0.138964,F,BuildTutorial
53.303,0.124805,1.503304,2.713219,40.18989681169828,-4.46336959307647,6.427818291975663,-0.340726,0.05576,-0.065969,-0.936186,0.985078,0.08552,0.149358,-0.161515,0.759109,0.630609,-0.103932,1.182637,2.877574,-2.3717596121249627,-28.136463983708214,24.152452492373644,-0.070475,-0.233447,0.197975,0.94939,0.812617,0.408816,0.41536,-0.343007,0.911678,-0.226251,0.329903,1.158216,2.965708,10.060152823900058,21.221189124498096,-44.66778723994752,0.010013,0.202413,-0.387001,0.899533,0.618518,-0.692187,-0.371905,0.700294,0.70026,-0.138653,F,BuildTutorial
53.337,0.125112,1.504883,2.713192,39.26611863945965,-4.516926358558312,6.109502917449564,-0.333279,0.054955,-0.063375,-0.939089,0.985927,0.082398,0.145459,-0.15566,0.769817,0.618992,-0.103456,1.183074,2.878037,-2.325476436577497,-28.109133234298287,24.30173006072395,-0.070349,-0.233213,0.199326,0.949174,0.811762,0.411202,0.414675,-0.345577,0.910641,-0.226519,0.32767,1.158462,2.965287,10.02514502381425,20.943730510466168,-44.4034306648946,0.011133,0.2001,-0.384857,0.900956,0.62369,-0.689023,-0.369131,0.697933,0.703523,-0.13396,F,BuildTutorial
53.37,0.125605,1.50754,2.713065,37.98148475751568,-4.510387781290004,5.738635416393711,-0.322893,0.053439,-0.060086,-0.943013,0.987068,0.078814,0.13959,-0.147834,0.784259,0.602563,-0.103504,1.182976,2.87911,-1.8058390973015,-28.229147088543645,23.94205464676862,-0.065525,-0.235359,0.197371,0.949399,0.811302,0.40561,0.421033,-0.343923,0.913503,-0.217325,0.325312,1.157852,2.964956,10.713066832424635,21.005795371235557,-44.04250776352058,0.017043,0.202665,-0.382834,0.901152,0.624731,-0.683074,-0.378313,0.69689,0.706296,-0.124458,F,BuildTutorial
53.403,0.126307,1.511067,2.712955,36.61745523863073,-4.41804633374755,5.567875891546757,-0.311756,0.051797,-0.058171,-0.946965,0.987866,0.077877,0.13437,-0.142468,0.798849,0.584417,-0.103123,1.182595,2.880346,-0.8725844901070754,-28.343190581464743,23.08752968938114,-0.056226,-0.23839,0.192194,0.9503,0.812463,0.392092,0.431472,-0.338477,0.9198,-0.198498,0.32237,1.157577,2.964579,11.584360141141484,21.060775310138432,-43.27153384922666,0.025191,0.205597,-0.377789,0.902425,0.630011,-0.671494,-0.390105,0.692211,0.713282,-0.109877,F,BuildTutorial
53.437,0.127146,1.515014,2.712908,35.17338857261346,-4.245346844459924,5.390379513333351,-0.299947,0.049467,-0.055973,-0.951027,0.98884,0.076789,0.127667,-0.136139,0.813797,0.564978,-0.102016,1.183497,2.882179,-0.4703931849730305,-27.819034598235177,22.82475466708131,-0.051471,-0.234846,0.191098,0.951672,0.816658,0.387901,0.427321,-0.339549,0.921665,-0.187725,0.318406,1.158779,2.965379,11.427907803511692,20.30595979150123,-43.13924659908571,0.026657,0.199147,-0.376398,0.904408,0.63733,-0.670218,-0.380287,0.691453,0.715228,-0.101698,F,BuildTutorial
53.47,0.127868,1.518716,2.713548,33.74076913471407,-4.064058764360664,5.0196351341758465,-0.288261,0.0466,-0.05216,-0.954994,0.990216,0.072759,0.119077,-0.126491,0.82837,0.545713,-0.100787,1.185838,2.883963,-0.5966901383767784,-27.144081923873134,23.043214969823868,-0.051831,-0.228925,0.19296,0.952719,0.82072,0.391403,0.4162,-0.343942,0.92016,-0.187107,0.314141,1.160393,2.966305,11.282278087939726,19.50070669861661,-43.1579751028201,0.028103,0.192353,-0.376196,0.905918,0.642954,-0.670794,-0.369656,0.692416,0.715374,-0.093807,F,BuildTutorial
53.504,0.128495,1.521117,2.714162,32.68826085457056,-3.7687093759832457,4.684697777916793,-0.279729,0.043022,-0.048443,-0.95789,0.991605,0.068737,0.109523,-0.116875,0.83881,0.531732,-0.101249,1.189262,2.885486,-1.3084827203437772,-27.05806570700393,23.496764384889453,-0.058499,-0.226762,0.195336,0.952366,0.820846,0.398594,0.409067,-0.345532,0.916843,-0.200015,0.310424,1.16223,2.966852,11.231525619498036,19.0214760381104,-43.463933560342234,0.028766,0.188487,-0.378443,0.905774,0.642508,-0.674723,-0.363225,0.696411,0.711907,-0.090551,F,BuildTutorial
53.537,0.12907,1.522106,2.71455,32.258142278690926,-3.3664651320612724,4.702150941471579,-0.276291,0.039585,-0.047544,-0.959081,0.992345,0.069323,0.102203,-0.113071,0.842806,0.526206,-0.101427,1.192796,2.886232,-2.427210105026419,-27.1164608015691,23.431901097358686,-0.067754,-0.225317,0.192495,0.952674,0.824356,0.397302,0.403223,-0.336237,0.91671,-0.21584,0.306609,1.164683,2.96776,10.547391702385063,18.301451644030948,-43.642991197808314,0.025377,0.180743,-0.379002,0.907219,0.647379,-0.678502,-0.347182,0.696848,0.711427,-0.09096,F,BuildTutorial
53.57,0.129463,1.5222,2.714913,32.356197860414746,-2.99841158435244,4.743969059168551,-0.27725,0.036633,-0.047018,-0.958947,0.992895,0.069863,0.09633,-0.110489,0.841843,0.528292,-0.102596,1.195981,2.886771,-3.5485413347105723,-27.3625454746383,23.5974619265056,-0.077787,-0.225261,0.191409,0.952139,0.82524,0.399541,0.399182,-0.329452,0.914624,-0.234362,0.303324,1.167541,2.968552,9.610305446305938,17.424544602344927,-44.338073347784025,0.019724,0.171026,-0.383426,0.907384,0.647469,-0.689083,-0.325498,0.702576,0.705191,-0.095357,F,BuildTutorial
53.603,0.129637,1.5214,2.715426,32.54930158398851,-2.677919154587554,4.615500188129082,-0.279035,0.033694,-0.045186,-0.958625,0.993646,0.06783,0.089816,-0.105436,0.840195,0.531936,-0.103068,1.19774,2.886583,-4.468477833970722,-27.61375000393425,23.991049272206332,-0.086594,-0.225393,0.192576,0.951112,0.824225,0.405359,0.395395,-0.327288,0.910832,-0.251532,0.300855,1.169978,2.968917,8.799365793796332,17.03720826398138,-44.94466233988414,0.013652,0.165478,-0.387407,0.906833,0.645065,-0.69811,-0.310699,0.707146,0.699458,-0.103455,F,BuildTutorial
53.637,0.129946,1.520006,2.715377,32.804496256125425,-2.3933684655147243,4.6365092404788175,-0.281276,0.031438,-0.044688,-0.95807,0.994029,0.067942,0.08538,-0.103314,0.837774,0.536155,-0.103888,1.197937,2.886935,-4.793574593774094,-28.00588653183507,24.14075952284016,-0.090235,-0.22793,0.192826,0.950118,0.821732,0.40755,0.398322,-0.32528,0.909351,-0.25937,0.299141,1.171672,2.969301,8.226111614065788,17.22154680789115,-44.87007407200692,0.008557,0.165097,-0.386288,0.907442,0.64705,-0.698243,-0.306242,0.703894,0.701417,-0.112019,F,BuildTutorial
53.67,0.130288,1.518831,2.714486,33.39203389081025,-2.227635180206921,4.840805157123174,-0.286197,0.030733,-0.046023,-0.956571,0.993875,0.070457,0.08514,-0.10564,0.831947,0.544706,-0.104297,1.196194,2.887311,-4.107177155130416,-28.452613233743413,23.561023714409863,-0.084145,-0.23333,0.189154,0.950104,0.819556,0.398699,0.411542,-0.320165,0.914281,-0.248163,0.297287,1.17273,2.969331,8.013600429135892,17.46438769287834,-43.865304505014606,0.007499,0.166281,-0.378125,0.910668,0.658744,-0.686199,-0.308526,0.691186,0.713931,-0.112092,F,BuildTutorial
53.703,0.130549,1.518055,2.713357,33.926679134758196,-2.043313785780584,4.937836894114317,-0.290708,0.029605,-0.046394,-0.955228,0.993942,0.071421,0.083534,-0.105848,0.826672,0.552638,-0.103668,1.19431,2.887541,-3.257404246768325,-28.359830129255464,23.534052060048744,-0.076914,-0.234103,0.190823,0.950193,0.817564,0.39865,0.415532,-0.326626,0.915341,-0.235511,0.295372,1.17353,2.968899,7.958661306759892,17.488460858433577,-43.54016459245661,0.007451,0.16628,-0.375486,0.91176,0.662723,-0.682227,-0.30881,0.687183,0.71791,-0.111284,F,BuildTutorial
53.737,0.130534,1.51807,2.713063,34.14471076294236,-1.8728269855959736,4.702454901093579,-0.292652,0.027652,-0.044006,-0.954806,0.994598,0.06785,0.078561,-0.10022,0.824837,0.556418,-0.101044,1.193388,2.887708,-3.1109074663970686,-27.439914427105226,23.71148580890133,-0.074517,-0.226614,0.193212,0.951716,0.82263,0.401539,0.402549,-0.333993,0.914233,-0.229407,0.292656,1.173838,2.968544,8.032101111500447,17.039070030105872,-43.46287153981969,0.009623,0.162925,-0.37491,0.912582,0.665796,-0.681136,-0.304581,0.687407,0.7187,-0.1046,F,BuildTutorial
53.77,0.130399,1.518548,2.713253,34.03163597957542,-1.6781584441478372,4.410115660902218,-0.291849,0.025251,-0.04107,-0.955249,0.995351,0.063726,0.072214,-0.093203,0.826275,0.555503,-0.09807,1.193074,2.887535,-3.2779741930486175,-26.515674271055925,23.882113281724703,-0.074668,-0.218519,0.194891,0.953253,0.828534,0.404193,0.387503,-0.338928,0.912885,-0.22753,0.289445,1.173968,2.968186,8.255456966107928,16.19501999611781,-43.64724996520192,0.013927,0.156916,-0.376502,0.912924,0.667248,-0.683064,-0.296991,0.691806,0.716105,-0.092729,F,BuildTutorial
53.803,0.130386,1.518916,2.713635,33.90661312057375,-1.4427438966827826,4.235471394765023,-0.290925,0.022809,-0.039013,-0.955678,0.995915,0.061296,0.066297,-0.087839,0.827682,0.554281,-0.096693,1.192744,2.887127,-3.338688473096465,-26.15056518158284,24.149496747218397,-0.075053,-0.215196,0.197233,0.953497,0.82958,0.408424,0.380771,-0.34382,0.910933,-0.228013,0.286951,1.174417,2.967712,8.368285493972584,15.23091470191729,-44.30757150014206,0.017139,0.149684,-0.381727,0.911913,0.663758,-0.691073,-0.286082,0.701335,0.707981,-0.083018,F,BuildTutorial
53.837,0.130505,1.519476,2.714138,33.731543121497985,-1.0782955054043726,4.170729703299724,-0.289598,0.019556,-0.03755,-0.956212,0.996415,0.060486,0.059148,-0.083139,0.829446,0.552365,-0.096112,1.192322,2.886258,-3.4049745931537703,-26.19665507503401,24.409019326815685,-0.07617,-0.215286,0.19923,0.952973,0.827918,0.412518,0.379973,-0.346925,0.909011,-0.230959,0.285417,1.175163,2.967074,8.331397011625125,14.592972357253592,-44.80133496267216,0.018345,0.144568,-0.385526,0.911116,0.660939,-0.697215,-0.277582,0.707823,0.702066,-0.078041,F,BuildTutorial
53.87,0.130587,1.520004,2.714725,33.43433151480968,-0.6960940721672769,4.106185607354654,-0.287249,0.016119,-0.036057,-0.957041,0.99688,0.059755,0.051568,-0.078276,0.832376,0.548656,-0.095995,1.19129,2.885496,-3.4634507768911074,-26.301120922908872,24.616288391246552,-0.077227,-0.215907,0.200767,0.952425,0.826154,0.415778,0.380261,-0.349083,0.907457,-0.2338,0.285163,1.17618,2.966092,7.951592199366402,14.45040295875894,-44.93351848728353,0.015617,0.14223,-0.386259,0.911225,0.661149,-0.699495,-0.271272,0.70838,0.70112,-0.081414,F,BuildTutorial
53.904,0.131004,1.520962,2.715191,32.959444701420296,-0.2740724127852644,4.114341733672582,-0.28341,0.012475,-0.0351,-0.958275,0.997225,0.060199,0.043805,-0.074342,0.836894,0.542293,-0.096638,1.190034,2.885156,-3.2761123283831437,-26.46678918158516,24.459784245043153,-0.075668,-0.217737,0.19973,0.952351,0.825397,0.413378,0.384497,-0.347475,0.908764,-0.231102,0.285632,1.177183,2.965208,7.551847527539562,14.691092760234344,-44.782902244108094,0.011792,0.142837,-0.384771,0.911817,0.663098,-0.698313,-0.269557,0.70505,0.703625,-0.088415,F,BuildTutorial
53.937,0.13151,1.52238,2.715413,32.394103348570155,0.2347812096386639,4.169904485759371,-0.278828,0.008182,-0.034366,-0.959691,0.997504,0.061398,0.034869,-0.070524,0.842148,0.534615,-0.096804,1.188713,2.884795,-3.1035950111157224,-26.4627166713308,23.967029940278746,-0.073293,-0.21834,0.195981,0.953177,0.827838,0.405616,0.387505,-0.341605,0.912439,-0.225303,0.286818,1.177224,2.964326,7.595730303140534,15.096633557052824,-44.52872492047564,0.011106,0.14618,-0.382825,0.912115,0.664153,-0.695114,-0.275169,0.701607,0.706644,-0.091663,F,BuildTutorial
53.971,0.132199,1.524489,2.715952,31.50991552520084,0.8233004183551457,4.032769657076171,-0.271592,0.002643,-0.031913,-0.96188,0.997949,0.059956,0.02242,-0.062828,0.850439,0.522309,-0.096844,1.187735,2.884699,-3.0323922021875633,-26.215280233016895,23.735884115296273,-0.071842,-0.216556,0.194356,0.954027,0.830658,0.401958,0.385275,-0.339727,0.914129,-0.221256,0.28835,1.177148,2.963966,7.730131676607984,15.614208988311493,-43.99248881983921,0.011159,0.150677,-0.37872,0.913095,0.667735,-0.688252,-0.283617,0.694978,0.712893,-0.09375,F,BuildTutorial
54.004,0.133248,1.527213,2.716607,30.356315656978456,1.5175421483713318,3.911372470142307,-0.262082,-0.003839,-0.029468,-0.964588,0.998234,0.058862,0.00804,-0.054837,0.86089,0.505828,-0.097126,1.186913,2.884935,-2.851537541251895,-25.918858535261,23.633187806652465,-0.069644,-0.214475,0.19404,0.954724,0.832698,0.400384,0.382502,-0.340636,0.914996,-0.216215,0.289092,1.177347,2.963858,7.55780666742673,15.88613667577673,-43.38005679761885,0.009691,0.15225,-0.373706,0.914915,0.674328,-0.680867,-0.285836,0.68677,0.7205,-0.09606,F,BuildTutorial
54.036,0.134474,1.529732,2.716955,29.245344096048857,2.3105315205804393,4.010972046240767,-0.252929,-0.010664,-0.028768,-0.966998,0.998117,0.061031,-0.006073,-0.050242,0.870399,0.489778,-0.096935,1.186142,2.884595,-2.7226685603710634,-25.71382634600889,23.439481339618236,-0.067865,-0.213112,0.1928,0.955409,0.834823,0.397331,0.381049,-0.33948,0.916445,-0.211853,0.289306,1.177487,2.964477,7.457540354941213,15.797576308026752,-43.09081749748645,0.009555,0.151207,-0.371297,0.91607,0.67855,-0.677379,-0.284129,0.683158,0.724094,-0.09478,F,BuildTutorial
54.07,0.135688,1.531775,2.717187,28.296437754058196,3.087444315435995,4.156265639211097,-0.245129,-0.017245,-0.028569,-0.968916,0.997773,0.063816,-0.019412,-0.046907,0.878192,0.476004,-0.097411,1.18604,2.884472,-2.799501634726851,-25.730010136211817,23.150129865234415,-0.067993,-0.213283,0.190228,0.955877,0.836648,0.392672,0.381876,-0.334665,0.918381,-0.211131,0.289655,1.17728,2.965092,7.533723499061131,15.736054256593,-43.23562961523403,0.010177,0.150964,-0.372518,0.915608,0.676881,-0.679087,-0.284029,0.685233,0.722254,-0.093836,F,BuildTutorial
54.103,0.136894,1.533426,2.717208,27.50483660153134,3.90751946949862,4.338378690882056,-0.238672,-0.024099,-0.028645,-0.970379,0.997197,0.067097,-0.033096,-0.044091,0.884431,0.464584,-0.098551,1.186321,2.884256,-2.905502472029019,-25.97506984414853,23.08177559482045,-0.069153,-0.215182,0.189304,0.955551,0.835721,0.391541,0.385053,-0.332019,0.918763,-0.213629,0.290338,1.177271,2.965561,7.568304601077596,15.8693036112313,-43.30574782048724,0.009929,0.152142,-0.373121,0.91517,0.675268,-0.679916,-0.285881,0.685958,0.721365,-0.095361,F,BuildTutorial
54.136,0.13812,1.534628,2.717087,26.9363501964606,4.697807208906992,4.643239985047351,-0.234133,-0.030398,-0.029824,-0.971271,0.996373,0.072169,-0.045085,-0.043699,0.888584,0.456627,-0.100104,1.186838,2.884514,-3.0544127219138963,-26.227531471297,23.094983540621215,-0.070833,-0.217018,0.188966,0.95508,0.83439,0.3917,0.38777,-0.330212,0.918549,-0.21732,0.291379,1.177818,2.96594,7.256424002404221,16.3270381527099,-43.10777431844658,0.006198,0.154817,-0.371282,0.915501,0.676362,-0.6779,-0.288073,0.681738,0.724222,-0.103613,F,BuildTutorial
54.17,0.139173,1.535779,2.717034,26.396738967377832,5.372516009708881,4.947197266542246,-0.229829,-0.035743,-0.031282,-0.972071,0.995488,0.077245,-0.05511,-0.044386,0.8924,0.449057,-0.100672,1.187508,2.884727,-3.351848637066018,-26.36875649933519,22.9530665749205,-0.073268,-0.217764,0.187102,0.955094,0.835143,0.38931,0.388553,-0.32549,0.919249,-0.221443,0.29219,1.178689,2.965984,6.793671872318019,16.761782158552105,-42.769767180708506,0.00153,0.156854,-0.368145,0.916441,0.679732,-0.674286,-0.288621,0.675246,0.728934,-0.112686,F,BuildTutorial
54.203,0.140209,1.536757,2.716836,25.940633851285916,5.975959697048696,5.198235691309412,-0.226214,-0.04058,-0.032443,-0.972691,0.994601,0.081474,-0.064266,-0.044755,0.895549,0.442706,-0.101121,1.187947,2.885256,-3.479195873095717,-26.515509445728625,22.743828473697576,-0.074166,-0.2189,0.185008,0.955172,0.83571,0.3859,0.390731,-0.32096,0.920543,-0.222679,0.292859,1.179034,2.965862,6.672757819534253,17.16901848562271,-42.50754166816197,-0.000386,0.15974,-0.365927,0.916832,0.681162,-0.67111,-0.292626,0.670863,0.732195,-0.117614,F,BuildTutorial
54.237,0.14111,1.537087,2.716262,25.774039260346687,6.485303344349476,5.488843518221993,-0.225057,-0.044415,-0.033999,-0.972739,0.993743,0.086137,-0.071104,-0.046153,0.896386,0.440864,-0.100631,1.188157,2.886039,-3.574128844589928,-26.456791714442335,22.5164027405826,-0.074427,-0.218394,0.182959,0.955662,0.83766,0.382204,0.390188,-0.317186,0.921973,-0.222168,0.292872,1.179054,2.965656,6.508429991322852,17.3876829016689,-42.17817395123985,-0.001945,0.160994,-0.363117,0.917727,0.684454,-0.667111,-0.294085,0.665858,0.736285,-0.12049,F,BuildTutorial
54.276,0.141864,1.536897,2.715699,25.830045584493913,6.883813810799383,5.852464070114223,-0.225799,-0.047052,-0.036268,-0.972361,0.992941,0.091781,-0.075125,-0.049283,0.895398,0.44253,-0.099761,1.188358,2.887469,-3.487450606341942,-26.187973979170177,22.384269123830816,-0.073027,-0.216385,0.182203,0.956372,0.83996,0.380111,0.387277,-0.316903,0.922939,-0.218533,0.292606,1.178927,2.965725,6.358627496804094,17.43743552462579,-41.90876714680843,-0.002932,0.160946,-0.360799,0.918647,0.68784,-0.663838,-0.29359,0.66195,0.73963,-0.121526,F,BuildTutorial
54.303,0.142413,1.536711,2.715434,25.862529520581223,7.18106184981679,6.181737744875291,-0.226309,-0.048906,-0.038455,-0.972067,0.992259,0.096898,-0.077674,-0.052627,0.894611,0.443735,-0.097927,1.188456,2.88883,-3.316209378032861,-25.698612492640983,22.475081218336214,-0.07099,-0.212535,0.183606,0.95712,0.842236,0.381641,0.380775,-0.321289,0.922499,-0.213938,0.29236,1.17839,2.965915,6.4982401152225675,17.393788844695216,-41.79991124514777,-0.001515,0.161018,-0.360075,0.918922,0.688839,-0.662249,-0.294836,0.661273,0.740688,-0.118741,F,BuildTutorial
54.337,0.142653,1.536563,2.715202,25.86818681750125,7.324548197827521,6.319804215913356,-0.226465,-0.049847,-0.039339,-0.971947,0.991935,0.099049,-0.07908,-0.053894,0.894332,0.444146,-0.096224,1.189193,2.889864,-3.534855894656835,-25.430013461132702,22.378600214896856,-0.072205,-0.209977,0.182543,0.957797,0.845175,0.38,0.37587,-0.319354,0.922929,-0.214976,0.292213,1.178069,2.965925,6.422303298515671,17.28304467607766,-41.77978274458223,-0.001752,0.159902,-0.359835,0.91921,0.6899,-0.662089,-0.292706,0.660968,0.741031,-0.118298,F,BuildTutorial
54.37,0.142753,1.536032,2.714861,26.01620304050801,7.329558084895808,6.446486650982731,-0.227775,-0.04955,-0.040307,-0.971617,0.99184,0.100898,-0.077925,-0.055753,0.892988,0.446614,-0.093921,1.190609,2.890992,-3.997145516766565,-24.937336923341256,21.985430590666343,-0.074572,-0.205322,0.178682,0.959351,0.851831,0.37346,0.367303,-0.312215,0.925024,-0.216456,0.292166,1.177767,2.966089,6.33972978130987,17.236507221197737,-41.60381229595902,-0.002028,0.159284,-0.358337,0.919902,0.692446,-0.659916,-0.291597,0.658624,0.74318,-0.117886,F,BuildTutorial
54.403,0.142718,1.53552,2.714518,26.23168650614996,7.262391046701759,6.557183540675396,-0.229622,-0.048629,-0.041239,-0.971189,0.991869,0.102434,-0.075517,-0.057769,0.891146,0.450024,-0.091991,1.192288,2.892051,-4.333004864517807,-24.638598156753172,21.85024138778044,-0.076672,-0.202343,0.17711,0.96011,0.855379,0.371118,0.361385,-0.309062,0.925507,-0.218901,0.292751,1.1776,2.965937,6.359774653735619,17.50474334665938,-41.5095147143381,-0.002572,0.161499,-0.357596,0.919803,0.692087,-0.658666,-0.295254,0.657004,0.744237,-0.120234,F,BuildTutorial
54.437,0.142664,1.535423,2.714319,26.341549070494484,7.117292419246107,6.558900271498407,-0.2305,-0.047329,-0.041474,-0.971036,0.99208,0.102364,-0.072796,-0.058727,0.8903,0.451573,-0.089972,1.194191,2.892813,-4.819594046044435,-24.389626558473484,21.63474863856338,-0.079977,-0.199586,0.174558,0.960884,0.85939,0.367384,0.355638,-0.303535,0.926267,-0.223375,0.293224,1.177844,2.965836,5.991353551013176,17.882543111958018,-41.09790724103451,-0.006139,0.163455,-0.353874,0.920879,0.696112,-0.653757,-0.296699,0.649743,0.749471,-0.126991,F,BuildTutorial
54.47,0.142397,1.535341,2.714352,26.374911553460297,6.919189878813671,6.536062491864081,-0.230701,-0.045676,-0.041658,-0.971059,0.992357,0.10198,-0.069488,-0.059829,0.890083,0.451855,-0.088198,1.196159,2.89346,-5.362973516259021,-24.174125543137464,21.52171906283226,-0.083996,-0.196949,0.172747,0.961413,0.862739,0.365249,0.349678,-0.299077,0.926206,-0.229555,0.293775,1.178799,2.965403,5.322986753574775,18.298443513440997,-40.20629827686573,-0.011542,0.164915,-0.345906,0.92359,0.706304,-0.642758,-0.296644,0.635144,0.760432,-0.135411,F,BuildTutorial
54.506,0.142042,1.535263,2.714333,26.4125660735656,6.69512762927115,6.541831929818178,-0.23094,-0.043743,-0.042135,-0.971071,0.992622,0.102036,-0.065493,-0.061629,0.889783,0.452203,-0.086422,1.19787,2.893656,-5.920805012811506,-23.993810394946692,21.049030148378048,-0.087584,-0.194862,0.167874,0.962381,0.867694,0.357252,0.345656,-0.288984,0.928294,-0.234004,0.294287,1.180218,2.964656,4.604085642986725,18.64574255527906,-39.462448323994614,-0.017338,0.165745,-0.339005,0.925907,0.715208,-0.633522,-0.295173,0.622027,0.76955,-0.144483,F,BuildTutorial
54.536,0.141575,1.534789,2.714082,26.56872389385944,6.476411237923567,6.551851420959557,-0.232184,-0.041776,-0.042568,-0.970842,0.992885,0.102054,-0.061349,-0.063255,0.888557,0.454384,-0.085276,1.199472,2.893555,-6.452517952107946,-24.056772646383298,20.60403594576906,-0.091366,-0.194868,0.163094,0.96285,0.870854,0.349679,0.345454,-0.278462,0.930105,-0.239508,0.294679,1.181493,2.963986,3.785902239715643,18.914162927915157,-38.8775010643351,-0.023926,0.165702,-0.333215,0.927868,0.723021,-0.626288,-0.291554,0.610429,0.776791,-0.15483,F,BuildTutorial
54.57,0.141033,1.534098,2.713901,26.865562236825212,6.2218415253590065,6.799391665392744,-0.234684,-0.038936,-0.045009,-0.970248,0.992916,0.105616,-0.054428,-0.069065,0.885795,0.458908,-0.084309,1.200542,2.8933,-6.765946289651994,-24.025416436508863,20.356621011411853,-0.093524,-0.194297,0.160453,0.963202,0.873007,0.34544,0.344282,-0.272754,0.931016,-0.242515,0.294764,1.182272,2.963211,3.3662497101123643,18.957707908921066,-38.34707139657423,-0.0267,0.164996,-0.328375,0.929641,0.729892,-0.619353,-0.289239,0.601732,0.782914,-0.158003,F,BuildTutorial
54.603,0.140554,1.533457,2.713706,27.157391508229512,5.973064575749009,7.040062152615288,-0.237129,-0.036154,-0.047391,-0.969648,0.992894,0.109052,-0.047639,-0.074759,0.883048,0.463291,-0.084522,1.201163,2.89358,-6.697461469285502,-24.025322927132663,20.390378942537787,-0.093008,-0.194379,0.160865,0.963166,0.872679,0.346037,0.344514,-0.273722,0.930944,-0.241701,0.295098,1.182398,2.962291,3.3285204108143702,18.854600376990017,-38.36193572582416,-0.026733,0.164051,-0.328472,0.929774,0.730387,-0.619579,-0.287499,0.602037,0.782784,-0.157483,F,BuildTutorial
54.637,0.140076,1.53275,2.713537,27.4637246979018,5.717082066030467,7.114251194177195,-0.239632,-0.033642,-0.04838,-0.969074,0.993055,0.10989,-0.042017,-0.077643,0.880472,0.467697,-0.084637,1.201313,2.893514,-6.6055623565788215,-24.02311345845698,20.49414620100646,-0.092412,-0.194425,0.161911,0.963039,0.871968,0.347787,0.344552,-0.275918,0.93049,-0.240951,0.295454,1.182374,2.961487,3.26769531774382,18.69268082383284,-38.41049021979354,-0.026833,0.162556,-0.328827,0.929908,0.730897,-0.62028,-0.284678,0.602833,0.782306,-0.15681,F,BuildTutorial
54.67,0.139664,1.53192,2.713309,27.799026675488765,5.468610140760273,7.22407277218802,-0.242387,-0.031099,-0.049649,-0.968409,0.993136,0.111237,-0.036164,-0.081085,0.877567,0.472547,-0.084355,1.201272,2.893532,-6.735642873858386,-23.820647763395915,20.092414267518485,-0.092539,-0.192838,0.158454,0.96392,0.875412,0.341164,0.342435,-0.269784,0.932658,-0.239512,0.29564,1.181992,2.960957,3.2578802320295956,18.599850656141815,-38.14736740629769,-0.026275,0.161836,-0.3267,0.930799,0.734152,-0.616688,-0.284106,0.599679,0.785154,-0.154656,F,BuildTutorial
54.703,0.139288,1.530868,2.713069,28.235904250866668,5.238357599142099,7.363453434385645,-0.246007,-0.028579,-0.051086,-0.967499,0.993147,0.112912,-0.030165,-0.08479,0.873741,0.478944,-0.083976,1.20127,2.893379,-6.8995595389954625,-23.643173651086546,19.655231247079765,-0.092937,-0.19144,0.154615,0.964784,0.87889,0.333923,0.340658,-0.262756,0.934914,-0.238527,0.295526,1.181813,2.960898,2.953698776054285,18.452145263676844,-37.497958696742685,-0.027427,0.159949,-0.321072,0.933047,0.742658,-0.607924,-0.280868,0.590377,0.792321,-0.153891,F,BuildTutorial
54.737,0.139068,1.529639,2.712816,28.7414036413906,5.046385806718965,7.451007218092142,-0.250201,-0.026445,-0.051979,-0.966436,0.993198,0.113701,-0.025105,-0.087235,0.869395,0.486356,-0.084893,1.201378,2.893159,-6.816901358501151,-23.78335287798401,19.770415043365883,-0.092627,-0.192656,0.155624,0.964409,0.87733,0.335861,0.342768,-0.264481,0.934403,-0.238624,0.295042,1.18147,2.961007,2.6400980446845357,18.15455620106534,-36.78248991020249,-0.028176,0.156846,-0.314919,0.935645,0.75245,-0.598144,-0.275758,0.580467,0.800064,-0.151512,F,BuildTutorial
54.769,0.138899,1.528498,2.712564,29.26314491714681,4.919028140855595,7.563511017252553,-0.254559,-0.024786,-0.052942,-0.965289,0.993166,0.114827,-0.020897,-0.089589,0.864793,0.494071,-0.085351,1.201244,2.892723,-6.724319882463044,-23.89073250642151,19.82001843495996,-0.092081,-0.193665,0.156127,0.964178,0.876237,0.336734,0.344702,-0.265402,0.934291,-0.238038,0.294499,1.180907,2.961233,2.505728717380902,17.96214938803567,-36.37778431151338,-0.0282,0.155014,-0.311493,0.937096,0.757886,-0.592539,-0.272958,0.575054,0.804354,-0.149424,F,BuildTutorial
54.803,0.138753,1.527482,2.712421,29.70862162217919,4.7679514436945265,7.636078044453515,-0.258249,-0.023061,-0.053667,-0.964311,0.993176,0.115415,-0.016757,-0.091593,0.860855,0.50054,-0.08575,1.201406,2.892347,-6.901286195656273,-24.02137936795149,19.456759136172536,-0.093124,-0.194782,0.152634,0.964412,0.877526,0.330683,0.347272,-0.258127,0.936061,-0.239081,0.293855,1.180285,2.961563,2.4750158528425907,17.88558002415765,-35.87627896651025,-0.027568,0.154428,-0.307369,0.938571,0.763352,-0.585491,-0.272936,0.568461,0.809528,-0.146683,F,BuildTutorial
54.836,0.138616,1.526871,2.712446,29.937562360413533,4.576235304411671,7.634189036743328,-0.260082,-0.021303,-0.053972,-0.963842,0.993267,0.115122,-0.012992,-0.092959,0.858889,0.503654,-0.086475,1.201655,2.892328,-7.139126649297916,-24.12216947981661,19.047152920533524,-0.094552,-0.195601,0.148657,0.964729,0.879283,0.323816,0.349292,-0.249838,0.937922,-0.240589,0.292953,1.180016,2.961902,2.175971824702564,17.78496766158751,-35.23467397726043,-0.028897,0.152982,-0.301764,0.940585,0.77107,-0.576511,-0.270345,0.558828,0.816207,-0.14669,F,BuildTutorial
54.869,0.138608,1.526264,2.712332,30.18486171027141,4.418588423042493,7.668647168254243,-0.26209,-0.019738,-0.054502,-0.963301,0.99328,0.115351,-0.009458,-0.094658,0.856677,0.507095,-0.087142,1.201471,2.892414,-7.168909819906997,-24.06045740714461,18.792568004295926,-0.094288,-0.195246,0.146508,0.965155,0.880829,0.319625,0.349257,-0.245988,0.93929,-0.239215,0.29138,1.179826,2.962199,1.7312464755544088,17.44442045623999,-34.61780498489119,-0.030856,0.149203,-0.296236,0.942884,0.779965,-0.567841,-0.263082,0.549426,0.822584,-0.146586,F,BuildTutorial
54.903,0.138501,1.525453,2.712253,30.518865774106477,4.2959925016917815,7.709699456684024,-0.264841,-0.018396,-0.054971,-0.962548,0.99328,0.115569,-0.006296,-0.096081,0.853675,0.511866,-0.087217,1.20053,2.892404,-6.73107570705344,-23.986094639836494,18.747224268138577,-0.090443,-0.195312,0.147006,0.965434,0.880485,0.319178,0.350531,-0.24852,0.940419,-0.232057,0.289153,1.179482,2.962734,1.3134518544547191,16.984177977571306,-33.873351369364464,-0.032172,0.144561,-0.289721,0.945584,0.790328,-0.557213,-0.254747,0.53861,0.830053,-0.144606,F,BuildTutorial
54.936,0.138397,1.524746,2.71215,30.853054947111303,4.179172895100581,7.721993333567767,-0.267589,-0.017169,-0.05519,-0.961798,0.993319,0.115351,-0.00349,-0.096974,0.8507,0.516629,-0.08658,1.199475,2.892248,-6.3923259869522155,-23.829070753441467,18.48398139777781,-0.086951,-0.194694,0.145539,0.966102,0.881826,0.315069,0.350878,-0.247354,0.942516,-0.224679,0.286726,1.179065,2.963099,1.0109972790581392,16.614361070538603,-33.117388448171916,-0.032807,0.140971,-0.283218,0.948071,0.799829,-0.546272,-0.248717,0.527773,0.837422,-0.142058,F,BuildTutorial
54.969,0.138401,1.523936,2.712049,31.198673402804182,4.021434101973163,7.709799681178046,-0.270407,-0.01565,-0.0553,-0.961029,0.993394,0.114754,-0.000172,-0.097827,0.847644,0.521469,-0.085663,1.199056,2.892196,-6.408617597399665,-23.593145111758467,18.04841491951785,-0.086055,-0.193009,0.142013,0.967044,0.88516,0.307885,0.348854,-0.241448,0.944854,-0.221257,0.283764,1.178527,2.963821,0.5866223703706723,16.03638132145772,-32.28371749212527,-0.03391,0.135396,-0.275981,0.950975,0.811005,-0.534084,-0.238799,0.515719,0.845369,-0.139229,F,BuildTutorial
55.003,0.13834,1.523328,2.712093,31.426704166719,3.830829241597846,7.642786162751076,-0.272216,-0.014064,-0.055088,-0.960555,0.993535,0.113486,0.002972,-0.098172,0.845728,0.524506,-0.083978,1.199241,2.891724,-6.821128125726986,-23.236421320473873,17.374387617584073,-0.087967,-0.189925,0.13584,0.968369,0.890952,0.296501,0.343937,-0.229672,0.947619,-0.221968,0.280448,1.177872,2.964497,0.2489036651667388,15.138113974747494,-31.208574849605387,-0.033358,0.127445,-0.266923,0.954671,0.82502,-0.518151,-0.225528,0.501145,0.855278,-0.131728,F,BuildTutorial
55.037,0.138188,1.522723,2.712202,31.66441748196126,3.627852040984916,7.532315799619343,-0.274096,-0.012476,-0.054544,-0.960074,0.993739,0.111571,0.005945,-0.097893,0.843793,0.527665,-0.082053,1.19956,2.891359,-7.257762996316603,-22.78879625936522,16.392445461362207,-0.089521,-0.186306,0.127097,0.970115,0.898273,0.279953,0.338721,-0.21324,0.951665,-0.221049,0.27698,1.177157,2.965521,0.0325705569638965,14.09023071561144,-30.5543449041655,-0.032045,0.118391,-0.261533,0.95737,0.835168,-0.508356,-0.209926,0.493181,0.861147,-0.123283,F,BuildTutorial
55.07,0.137842,1.521827,2.712168,32.040911952601704,3.4312918814879114,7.486744999144071,-0.277147,-0.010705,-0.054479,-0.959222,0.993835,0.11045,0.00966,-0.098582,0.840443,0.532858,-0.080559,1.200149,2.890835,-7.801587022558849,-22.633452740141426,15.555798168834938,-0.092588,-0.184949,0.119168,0.971092,0.903186,0.265695,0.337138,-0.197199,0.954453,-0.223904,0.27422,1.176924,2.96585,-0.354876622063097,13.44687470259313,-30.179232009243417,-0.033448,0.112239,-0.258188,0.95897,0.841483,-0.502697,-0.197995,0.487681,0.864441,-0.122108,F,BuildTutorial
55.103,0.137491,1.520684,2.711953,32.581624434935144,3.232067547174773,7.495532053241757,-0.281571,-0.008683,-0.054821,-0.957934,0.993838,0.10992,0.014237,-0.100141,0.835425,0.540405,-0.079153,1.20121,2.890685,-8.71008292915606,-22.431866351104176,14.33756251302463,-0.098107,-0.183134,0.107401,0.972266,0.909854,0.244779,0.335036,-0.172912,0.95768,-0.230111,0.271921,1.176793,2.966505,-0.968463375991658,12.903641394913429,-29.185942973633185,-0.036437,0.106623,-0.249427,0.961816,0.852835,-0.487576,-0.186927,0.472036,0.872917,-0.123281,F,BuildTutorial
55.136,0.137088,1.519225,2.711531,33.29164450767253,3.03962422053679,7.436723945290814,-0.287399,-0.006787,-0.054531,-0.956233,0.993961,0.10819,0.018364,-0.100388,0.828856,0.550381,-0.076819,1.202422,2.890824,-9.856858439651209,-21.777878136958787,12.224135497146094,-0.103924,-0.178155,0.088033,0.974531,0.921022,0.208612,0.328938,-0.134553,0.9629,-0.233922,0.268907,1.176451,2.967723,-1.8637398300859689,12.187712944199568,-27.255416906130513,-0.040725,0.099345,-0.232572,0.966635,0.872082,-0.457716,-0.173117,0.441533,0.888503,-0.124942,F,BuildTutorial
55.169,0.136752,1.51766,2.71105,34.04774477283347,2.8144276173708556,7.323732753985602,-0.293584,-0.004741,-0.053876,-0.954402,0.99415,0.105622,0.022584,-0.100054,0.821812,0.560905,-0.073824,1.203188,2.891049,-10.611085573314249,-20.822394729923108,10.329321794144391,-0.106773,-0.17102,0.071515,0.976851,0.931276,0.176239,0.318849,-0.103198,0.96697,-0.233064,0.26546,1.175725,2.969069,-2.761578425798971,11.391505889082064,-24.72746921110049,-0.044666,0.091782,-0.210662,0.972215,0.894395,-0.417816,-0.159645,0.401418,0.907253,-0.12552,F,BuildTutorial
55.203,0.136278,1.516214,2.710913,34.72732877486512,2.5466573411528666,7.309624008256356,-0.299107,-0.002147,-0.054207,-0.952676,0.994114,0.104568,0.028336,-0.101999,0.815193,0.570138,-0.071245,1.203569,2.891697,-11.06274953254021,-19.997315959000563,9.24120897744083,-0.10854,-0.164608,0.062283,0.978389,0.93805,0.157607,0.308581,-0.086141,0.96868,-0.232893,0.261666,1.174616,2.970807,-3.746952076878566,10.384838303199189,-22.357947674434065,-0.049477,0.082424,-0.190073,0.977052,0.914157,-0.379579,-0.142256,0.363267,0.922848,-0.128017,F,BuildTutorial
55.236,0.135868,1.515108,2.710844,35.28939910761336,2.2246199643423563,7.32206680188341,-0.303619,0.00089,-0.054966,-0.951206,0.993956,0.104027,0.035071,-0.105108,0.809589,0.577511,-0.06856,1.203483,2.891974,-11.405334526248904,-19.277207972652988,8.049265817935746,-0.109415,-0.159318,0.052256,0.979753,0.943774,0.137259,0.30075,-0.067532,0.970596,-0.23105,0.257284,1.17272,2.972618,-4.421685740867251,9.14873353031236,-19.892315489528382,-0.051641,0.071854,-0.169014,0.981634,0.932543,-0.33924,-0.123612,0.324398,0.937535,-0.125674,F,BuildTutorial
55.269,0.1354,1.514284,2.711099,35.65491973802818,1.9063707068807012,7.251093411790565,-0.306498,0.003552,-0.055108,-0.950268,0.993901,0.102558,0.040531,-0.106912,0.806044,0.582119,-0.065194,1.203163,2.892711,-11.89396160191104,-18.136805579636963,6.208248035977367,-0.110652,-0.150995,0.03688,0.98163,0.951681,0.105822,0.288281,-0.03899,0.972792,-0.228375,0.253272,1.170063,2.97422,-4.651333121669213,8.045286247363201,-17.994544300861318,-0.050943,0.0629,-0.153062,0.984896,0.945231,-0.307909,-0.108304,0.295092,0.947954,-0.119603,F,BuildTutorial
55.303,0.13496,1.513592,2.711328,35.95491371419278,1.6130002299462225,7.197432195212048,-0.308844,0.006009,-0.055362,-0.949481,0.993798,0.101419,0.045606,-0.108842,0.803101,0.585818,-0.062263,1.202482,2.893296,-12.046942374275266,-17.159728260488844,5.312646555240006,-0.110526,-0.143396,0.029935,0.983019,0.957083,0.090552,0.275305,-0.027156,0.973776,-0.225884,0.248708,1.166409,2.975774,-4.571264918188383,6.89789988330077,-15.899254196640992,-0.04774,0.054028,-0.135566,0.988142,0.957406,-0.273075,-0.093831,0.262758,0.958686,-0.108997,F,BuildTutorial
55.336,0.134515,1.513162,2.711773,36.196160841182234,1.3475448763182332,7.145511733810552,-0.310716,0.008201,-0.055583,-0.948841,0.993687,0.100383,0.050103,-0.110575,0.800733,0.588728,-0.060783,1.201452,2.893555,-11.807114553505905,-16.967240257139128,5.773351556411292,-0.10899,-0.141435,0.034391,0.983329,0.957627,0.098466,0.270657,-0.036806,0.973877,-0.224074,0.243442,1.162251,2.977412,-4.809829135133364,5.357415230777464,-13.95102814362448,-0.047276,0.041258,-0.119259,0.990878,0.96815,-0.240244,-0.070488,0.232442,0.967084,-0.103531,F,BuildTutorial
55.37,0.134189,1.512897,2.712294,36.345695437730406,1.1315798757292852,7.088007480965717,-0.311853,0.009914,-0.055655,-0.948447,0.993608,0.099389,0.053518,-0.111756,0.799301,0.590448,-0.059838,1.200022,2.893992,-11.365360067489988,-16.822106084316413,5.82487022708642,-0.105223,-0.14039,0.035551,0.983847,0.958054,0.099497,0.268763,-0.040409,0.975329,-0.217028,0.238763,1.157355,2.979128,-4.629065214048783,4.253464854706326,-12.91652070521408,-0.044272,0.032305,-0.110821,0.992328,0.97335,-0.222803,-0.054301,0.217082,0.971517,-0.095024,F,BuildTutorial
55.403,0.133934,1.512571,2.712573,36.5237210976171,0.9828488867012718,7.08896665726936,-0.313253,0.011243,-0.056025,-0.947949,0.99347,0.099174,0.056416,-0.113262,0.797468,0.592636,-0.05936,1.198675,2.894737,-11.084111661781174,-16.544397276928816,5.438661217852402,-0.102258,-0.138508,0.032851,0.98452,0.959473,0.093011,0.26601,-0.036357,0.976929,-0.210449,0.233816,1.151219,2.981298,-4.292081622449853,3.113781681061121,-11.768002746633323,-0.040019,0.02317,-0.101393,0.993771,0.978365,-0.203377,-0.037937,0.199668,0.976236,-0.084238,F,BuildTutorial
55.437,0.133691,1.512279,2.712995,36.65688026028259,0.9061375123551586,7.103303216881894,-0.314315,0.011988,-0.056322,-0.947571,0.993368,0.099202,0.058124,-0.114273,0.796068,0.594321,-0.058732,1.197439,2.894811,-10.965068921694844,-16.43941431327575,5.422598643074755,-0.101187,-0.137683,0.032959,0.984743,0.959914,0.092775,0.264494,-0.037049,0.97735,-0.208361,0.228789,1.144361,2.983593,-3.683118508692026,1.9851281981574536,-10.585408504780846,-0.033591,0.014276,-0.091628,0.995124,0.982801,-0.183322,-0.022257,0.181404,0.980952,-0.06947,F,BuildTutorial
55.469,0.133489,1.512074,2.713573,36.73923924556811,0.8645155924179141,7.12290098055532,-0.314973,0.01243,-0.056579,-0.947331,0.993289,0.099368,0.059192,-0.115028,0.795181,0.595361,-0.058505,1.196105,2.894708,-10.702375584976531,-16.50739977520335,5.644684911484985,-0.09922,-0.138213,0.035145,0.984793,0.959324,0.096648,0.265249,-0.041794,0.977841,-0.205137,0.224497,1.136814,2.985493,-2.1770728215793,0.9660925846587818,-9.710631795709556,-0.019642,0.006791,-0.084462,0.99621,0.98564,-0.168551,-0.010213,0.168017,0.984961,-0.040282,F,BuildTutorial
55.502,0.133317,1.511721,2.714128,36.879592976409945,0.8856291938706999,7.208215291585416,-0.316134,0.012566,-0.057193,-0.946906,0.993142,0.100367,0.059958,-0.116257,0.793576,0.597261,-0.058067,1.194519,2.894987,-10.478597535652767,-16.32030783724907,5.164057563636001,-0.096667,-0.137132,0.031459,0.985323,0.960411,0.088507,0.264156,-0.035483,0.979332,-0.199125,0.221675,1.130628,2.987598,-1.2873344763338397,0.5833643436494742,-10.00999510163406,-0.011635,0.004091,-0.087179,0.996116,0.984766,-0.173777,-0.006121,0.173587,0.984529,-0.023893,F,BuildTutorial
55.536,0.13328,1.511431,2.714743,37.01359743284167,0.9240362166836572,7.335237514482986,-0.317246,0.012673,-0.058104,-0.946477,0.992927,0.101947,0.060856,-0.118029,0.791958,0.599059,-0.057281,1.193078,2.894797,-10.530208909389108,-16.049552546721,4.287527508124747,-0.096002,-0.135516,0.024083,0.985819,0.962111,0.073502,0.262564,-0.021462,0.980407,-0.195808,0.219491,1.125307,2.988968,-0.4636210799814231,0.3920126570640764,-9.716162597903068,-0.004321,0.003066,-0.084673,0.996395,0.985642,-0.168761,-0.005379,0.168708,0.985624,-0.00913,F,BuildTutorial
55.569,0.133287,1.511231,2.715494,37.12807523101797,0.9259419868823524,7.39703583646212,-0.318185,0.012892,-0.058581,-0.946129,0.992804,0.102645,0.061674,-0.119054,0.790653,0.600578,-0.05728,1.191996,2.894605,-10.569617020653126,-16.02978013459153,3.7705536816148935,-0.095725,-0.135762,0.019603,0.985911,0.962369,0.064646,0.263946,-0.012662,0.980905,-0.194076,0.216889,1.121074,2.989931,0.0356321810114004,0.0172423301126135,-8.462482240414422,0.000299,0.000173,-0.073782,0.997274,0.989112,-0.147163,-0.000388,0.147163,0.989112,0.000571,F,BuildTutorial
55.603,0.133214,1.511133,2.716194,37.23024032848869,0.9087284274614884,7.408572314451059,-0.319018,0.013123,-0.058699,-0.945838,0.992764,0.102667,0.062276,-0.119413,0.789565,0.601937,-0.057959,1.190758,2.894854,-10.51528805363732,-15.885569717569265,3.1091450476804305,-0.094455,-0.13509,0.014098,0.98622,0.963104,0.053327,0.263793,-0.002287,0.981759,-0.190116,0.213781,1.117854,2.99052,-0.1095300017244889,-0.8043464218230321,-7.121848871539484,-0.000518,-0.007065,-0.062115,0.998044,0.992184,-0.12398,0.014167,0.123995,0.992283,-0.000156,F,BuildTutorial
55.636,0.13316,1.511071,2.716869,37.28348274287633,0.8920648424949048,7.390226065767943,-0.319451,0.013239,-0.058581,-0.945698,0.992786,0.102341,0.062467,-0.119258,0.789039,0.602657,-0.057503,1.188885,2.894672,-10.34350722161631,-15.596252048423247,2.449556396071937,-0.092176,-0.133191,0.008863,0.986755,0.964363,0.042044,0.26122,0.007064,0.98285,-0.18427,0.210167,1.114983,2.991137,-0.18980899902022,-1.7941904091893746,-5.245626291792659,-0.000938,-0.015716,-0.045781,0.998828,0.995314,-0.091424,0.031481,0.091483,0.995807,-0.000434,F,BuildTutorial
55.669,0.133165,1.511113,2.717613,37.282909987764,0.8811606689006004,7.403976750291826,-0.319439,0.013367,-0.058725,-0.945691,0.992746,0.102531,0.0628,-0.119611,0.78902,0.602612,-0.057892,1.186849,2.894839,-9.795205466517716,-15.616052866822471,2.686912806760328,-0.087734,-0.133338,0.011548,0.987112,0.964176,0.046194,0.261212,0.000599,0.984339,-0.176286,0.205999,1.111923,2.991827,-0.373701715430528,-3.347239616397255,-2.808732015695778,-0.002543,-0.029277,-0.024593,0.999266,0.997076,-0.049001,0.058636,0.049298,0.998777,-0.003642,F,BuildTutorial
55.702,0.13311,1.51102,2.718199,37.28088829728041,0.8917892637605201,7.462035089504295,-0.319421,0.01344,-0.059175,-0.945668,0.992635,0.103334,0.063224,-0.120506,0.788937,0.602542,-0.058465,1.184715,2.894653,-9.28201486220351,-15.86993040918466,2.9500508535793983,-0.083653,-0.135488,0.014245,0.987139,0.96288,0.050791,0.265107,-0.005455,0.985599,-0.169014,0.202213,1.110109,2.993375,-0.7243419574077286,-4.576130753190869,-1.8977461241284264,-0.005654,-0.040022,-0.016799,0.999042,0.996232,-0.033114,0.080158,0.034019,0.999372,-0.009952,F,BuildTutorial
55.736,0.133128,1.510979,2.718779,37.28686345420225,0.912618202970344,7.489845871289205,-0.319478,0.013349,-0.059345,-0.94564,0.9926,0.103708,0.063165,-0.120767,0.788824,0.602637,-0.058944,1.182794,2.894756,-8.934951279486002,-15.919158089980431,2.632838495826122,-0.080294,-0.136245,0.0119,0.987344,0.962592,0.045378,0.26713,-0.001619,0.986823,-0.161797,0.200629,1.108818,2.996212,-0.9781670556831352,-4.461655001534179,-2.89373145235006,-0.007544,-0.039127,-0.025562,0.998879,0.995631,-0.050477,0.078551,0.051658,0.998579,-0.01307,F,BuildTutorial
55.769,0.133155,1.510947,2.719196,37.28416107885232,0.9548642412068176,7.51070573536501,-0.319475,0.013057,-0.0594,-0.945641,0.992602,0.104,0.062649,-0.120686,0.788814,0.602667,-0.059401,1.181251,2.894727,-8.643364481772577,-16.09511394371816,2.510367146131013,-0.077654,-0.137929,0.011081,0.987331,0.961706,0.043302,0.270642,-0.00046,0.987694,-0.156396,0.198762,1.106023,3.000643,-0.9293537974628971,-4.5572275665977156,-3.0806839210078376,-0.007032,-0.039961,-0.027181,0.998807,0.995329,-0.053736,0.080209,0.05486,0.998424,-0.011874,F,BuildTutorial
55.802,0.1333,1.510759,2.71927,37.37994942186416,1.0161710720694477,7.537424508738049,-0.320294,0.01268,-0.059425,-0.945368,0.992616,0.104234,0.062042,-0.12048,0.787762,0.604083,-0.059491,1.180044,2.894422,-8.366298861582207,-16.350181175060687,2.7565959661108432,-0.075594,-0.140042,0.013376,0.987165,0.960419,0.047581,0.274466,-0.005236,0.988213,-0.152993,0.196526,1.102333,3.004974,-0.171998189306082,-4.848662767370079,-2.8235475693851857,-0.000457,-0.042324,-0.024679,0.998799,0.995199,-0.049261,0.08457,0.049338,0.998781,0.001177,F,BuildTutorial
55.836,0.133479,1.510563,2.719212,37.49019348452105,1.0654978015825411,7.549267379602576,-0.321227,0.012369,-0.059356,-0.945059,0.992648,0.104243,0.061512,-0.120136,0.78658,0.605689,-0.059709,1.179237,2.894374,-8.108891487446845,-16.430283924074633,2.8290214494322856,-0.073476,-0.140762,0.014271,0.98721,0.959965,0.048862,0.275826,-0.007491,0.988795,-0.149091,0.195823,1.098914,3.009271,0.8829005051085708,-4.251471440214988,-4.015049988825513,0.008994,-0.036799,-0.03472,0.998679,0.994881,-0.070009,0.072876,0.068685,0.997427,0.020519,F,BuildTutorial
55.869,0.133501,1.510432,2.719261,37.54310840392559,1.097343327628974,7.566874681860995,-0.321678,0.012186,-0.059398,-0.944906,0.992647,0.104412,0.061243,-0.120091,0.785991,0.606462,-0.059568,1.179134,2.894153,-8.129312438087469,-16.29511446698269,2.8840128939426024,-0.073702,-0.139556,0.014806,0.987357,0.96061,0.049808,0.273401,-0.008666,0.988698,-0.149672,0.195592,1.095624,3.013404,1.732199542657474,-3.4973477553494967,-6.016078183779623,0.016689,-0.029677,-0.051985,0.998067,0.992834,-0.10476,0.057504,0.102779,0.994038,0.0364,F,BuildTutorial
55.903,0.133536,1.510371,2.719258,37.56510244274258,1.100708118958097,7.595770388880927,-0.321858,0.012252,-0.059621,-0.94483,0.99259,0.104777,0.061531,-0.12055,0.785706,0.606741,-0.059404,1.178965,2.893756,-8.296769024665956,-16.279786846221388,3.00241203846746,-0.075286,-0.139295,0.015627,0.987261,0.960705,0.05183,0.272688,-0.009883,0.988176,-0.153007,0.194106,1.091694,3.016757,2.557689019338755,-3.5370884959149396,-6.1942816511846095,0.023942,-0.029604,-0.053302,0.997852,0.992565,-0.107793,0.056528,0.104957,0.993171,0.050938,F,BuildTutorial
55.936,0.133538,1.510322,2.719388,37.60000822349194,1.0502995774678665,7.598750944376534,-0.322119,0.012696,-0.059778,-0.944725,0.992531,0.104769,0.0625,-0.121128,0.785332,0.60711,-0.060018,1.178781,2.893584,-8.362282977946043,-16.507828956645206,2.8735052692843337,-0.075722,-0.141324,0.014284,0.98696,0.959647,0.049598,0.276798,-0.006793,0.988124,-0.153506,0.19256,1.087626,3.019228,3.301994461836356,-3.5595629544613168,-5.899924187052127,0.030357,-0.029522,-0.050524,0.997825,0.993151,-0.102622,0.055849,0.099037,0.993051,0.063566,F,BuildTutorial
55.969,0.133468,1.510319,2.719418,37.61189671774322,0.9758191217273818,7.582095535953846,-0.32218,0.01327,-0.059847,-0.944692,0.992485,0.104524,0.063635,-0.121625,0.785236,0.607134,-0.060482,1.178461,2.893127,-8.30976776507332,-16.70271584632838,2.7539624263584845,-0.075145,-0.143097,0.013193,0.986764,0.958698,0.047542,0.280423,-0.00453,0.988359,-0.152076,0.191363,1.083551,3.02111,3.855554009260825,-3.3543903018125754,-5.483233485403576,0.034986,-0.02761,-0.046801,0.99791,0.994095,-0.095338,0.05183,0.091474,0.993171,0.072409,F,BuildTutorial
56.003,0.13333,1.510262,2.719318,37.65303563012978,0.8591967153568724,7.508620219847094,-0.322467,0.014048,-0.059559,-0.944601,0.992511,0.103459,0.06495,-0.121579,0.784936,0.607532,-0.06112,1.178146,2.892551,-8.172483660520342,-16.80269260835414,2.9808899396329105,-0.07426,-0.143852,0.015258,0.986691,0.958148,0.051475,0.281608,-0.008746,0.988505,-0.150933,0.18941,1.079187,3.022619,4.601550989780033,-3.586354213925151,-4.959933877518788,0.041441,-0.029501,-0.041959,0.997824,0.994738,-0.08618,0.055397,0.08129,0.993044,0.085177,F,BuildTutorial
56.036,0.133095,1.510221,2.719294,37.701311426426315,0.7434450772907238,7.426216562041055,-0.322815,0.014797,-0.059194,-0.944493,0.992554,0.102263,0.066168,-0.12137,0.784573,0.608041,-0.061691,1.177606,2.89167,-8.02067704781239,-16.879838883622035,3.1220804441859635,-0.073142,-0.144474,0.01662,0.986662,0.957702,0.05393,0.282663,-0.011661,0.988748,-0.149135,0.186915,1.074322,3.02343,5.527952236607702,-4.229261361856912,-4.409073709182375,0.049571,-0.034975,-0.036618,0.997486,0.994872,-0.076519,0.066143,0.069584,0.992404,0.101454,F,BuildTutorial
56.072,0.132869,1.510242,2.719076,37.69925145965772,0.6576063881541901,7.378866092175317,-0.32276,0.01537,-0.059046,-0.944512,0.992555,0.101617,0.06715,-0.121461,0.78468,0.607886,-0.061798,1.176904,2.890247,-8.035690979393523,-16.973969593773074,2.7620793191205757,-0.072828,-0.145509,0.013441,0.986581,0.957293,0.047716,0.285155,-0.005327,0.989031,-0.147613,0.184868,1.070276,3.023667,6.237719674509628,-4.654076878010144,-3.977902802894404,0.055737,-0.038632,-0.032419,0.997171,0.994913,-0.068961,0.073431,0.060348,0.991685,0.113663,F,BuildTutorial
56.102,0.132687,1.510207,2.718876,37.66954503154162,0.5610044886121951,7.381695984448297,-0.322465,0.016158,-0.059348,-0.944581,0.992433,0.101698,0.068801,-0.122539,0.784988,0.607271,-0.06284,1.176561,2.889398,-8.151986440373525,-17.1845346308506,2.5893937528653987,-0.073631,-0.147398,0.011668,0.986264,0.956276,0.044722,0.289028,-0.00131,0.988885,-0.148679,0.183831,1.067383,3.024508,6.69067727974595,-4.61361073835866,-4.511127423724143,0.059843,-0.037856,-0.036911,0.996807,0.994409,-0.078118,0.071052,0.069056,0.990113,0.122099,F,BuildTutorial
56.135,0.132499,1.510118,2.718569,37.68355359601709,0.4953584756417092,7.418737533973722,-0.322541,0.016811,-0.059835,-0.944513,0.992275,0.102185,0.070354,-0.123873,0.784774,0.607277,-0.064002,1.175961,2.888407,-8.099427269386828,-17.48341255754232,2.5533448307372493,-0.073162,-0.150008,0.011236,0.98591,0.954743,0.044106,0.294145,-0.000207,0.989042,-0.147633,0.181931,1.065169,3.025125,6.922531792412983,-5.114154681224195,-3.7703750621242698,0.061746,-0.042525,-0.030112,0.996731,0.99457,-0.065279,0.081053,0.054776,0.990561,0.12565,F,BuildTutorial
56.169,0.132279,1.510007,2.718287,37.72492574253413,0.4673043042406627,7.4546489957035345,-0.322862,0.017166,-0.060201,-0.944374,0.992162,0.10262,0.071296,-0.12479,0.784272,0.607738,-0.065486,1.175132,2.887214,-7.916581416600256,-18.05473669092908,2.7324305151699075,-0.071888,-0.154862,0.012663,0.985236,0.951715,0.047217,0.30333,-0.002687,0.989344,-0.145575,0.180296,1.065051,3.026414,6.684577133117598,-5.352960274490209,-3.511020862112477,0.059638,-0.044811,-0.027828,0.996825,0.994435,-0.060824,0.086019,0.050134,0.991338,0.121391,F,BuildTutorial
56.202,0.132069,1.509864,2.71788,37.772311076649785,0.4058145043668273,7.487034116117847,-0.323215,0.01779,-0.060631,-0.944214,0.992015,0.102998,0.072788,-0.125997,0.783712,0.60821,-0.067093,1.174737,2.886084,-7.913281414234221,-18.643194237930754,2.764864360935229,-0.071969,-0.1599,0.012577,0.984426,0.948548,0.047779,0.313009,-0.001747,0.989325,-0.145719,0.179755,1.068337,3.028735,5.287082690893577,-4.991464708333865,-4.341669819617285,0.047693,-0.041722,-0.035796,0.997348,0.993956,-0.075382,0.079808,0.067423,0.992888,0.09812,F,BuildTutorial
56.235,0.131812,1.509801,2.71749,37.80040939717431,0.3543282083351533,7.488935613155046,-0.323419,0.018235,-0.060786,-0.944126,0.991945,0.102984,0.073751,-0.126574,0.783411,0.608479,-0.068537,1.174587,2.885332,-7.943407775465172,-18.921120339272893,2.6979186140636537,-0.072163,-0.16232,0.011784,0.984025,0.947027,0.046619,0.317753,0.000235,0.989307,-0.145846,0.17758,1.075872,3.030649,1.5018772332750865,-5.518505469019341,-4.031970591876598,0.014776,-0.047645,-0.034504,0.998159,0.993079,-0.070289,0.094095,0.067473,0.997182,0.032785,F,BuildTutorial
56.269,0.131541,1.509826,2.717096,37.79935780113785,0.2889617939249155,7.479025434768014,-0.323377,0.018745,-0.060889,-0.944123,0.991882,0.10285,0.074775,-0.127096,0.783439,0.608333,-0.069404,1.174366,2.884308,-7.972764659364762,-19.10110002976983,2.8662570451315976,-0.072674,-0.16375,0.013073,0.983735,0.94603,0.049521,0.320272,-0.00192,0.989095,-0.147265,0.176957,1.08914,3.031375,-5.075477479993988,-5.284761869641857,-5.692002743464586,-0.041889,-0.048196,-0.051589,0.996625,0.990032,-0.098791,0.100388,0.106867,0.991168,-0.078523,F,BuildTutorial
56.302,0.131208,1.509792,2.716739,37.76778352482545,0.236363596774707,7.466551096503036,-0.323091,0.019126,-0.060941,-0.94421,0.991841,0.102722,0.075497,-0.127441,0.783797,0.607801,-0.070238,1.174111,2.883269,-8.012513787661796,-19.42844779429786,3.0053695644432623,-0.073254,-0.166458,0.014,0.983224,0.944192,0.051918,0.325279,-0.003144,0.988876,-0.148711,0.175166,1.105245,3.029163,-13.046904990616706,-5.866636241075256,-5.479852080133591,-0.110901,-0.056208,-0.053238,0.990812,0.988013,-0.09303,0.123191,0.117964,0.969734,-0.213779,F,BuildTutorial
56.336,0.130927,1.509755,2.716316,37.72323445016089,0.1901172476412626,7.497836197790182,-0.322694,0.019571,-0.061338,-0.944311,0.991709,0.103213,0.07655,-0.128475,0.784213,0.607046,-0.071514,1.17406,2.882606,-8.098869783271397,-19.739816948330567,2.9241271574019967,-0.073912,-0.169153,0.012974,0.982729,0.942438,0.050505,0.330546,-0.000495,0.988737,-0.14966,0.173431,1.120286,3.024372,-20.76612219679817,-6.909890324803204,-4.857993079250282,-0.177227,-0.066848,-0.052463,0.980495,0.985558,-0.079185,0.149684,0.126574,0.931676,-0.340527,F,BuildTutorial
56.369,0.130644,1.509753,2.715941,37.698386797077006,0.1394664862390948,7.561484861960906,-0.322451,0.020154,-0.06201,-0.944338,0.991497,0.10412,0.078056,-0.130115,0.784361,0.606505,-0.07183,1.173629,2.881704,-8.063944829440677,-19.786903850568763,2.726195095400117,-0.073325,-0.169695,0.011299,0.9827,0.942152,0.047093,0.331862,0.002678,0.988991,-0.147949,0.172038,1.132086,3.018588,-26.728419021379494,-7.456460026205066,-2.95184494180152,-0.228945,-0.069183,-0.040031,0.970152,0.987223,-0.045993,0.152566,0.10935,0.891963,-0.438685,F,BuildTutorial
56.402,0.130378,1.50968,2.715501,37.719604167240696,0.0523042138285618,7.569349185522043,-0.322577,0.020906,-0.062316,-0.944258,0.991359,0.104196,0.079684,-0.131172,0.784122,0.606586,-0.072454,1.173195,2.881257,-7.947867253351615,-19.87081878155721,2.9007412750141044,-0.072598,-0.17034,0.012918,0.982622,0.941635,0.05012,0.332884,-0.000655,0.989125,-0.147074,0.171123,1.139071,3.015024,-29.0138840676926,-7.737825429473621,-1.794323035109787,-0.248873,-0.069228,-0.032024,0.965528,0.988364,-0.027383,0.149622,0.096298,0.874074,-0.476153,F,BuildTutorial
56.436,0.130059,1.509676,2.715001,37.72210000534015,-0.0313649941953616,7.543127193850088,-0.322557,0.021523,-0.062335,-0.94425,0.991302,0.103835,0.080859,-0.131605,0.784143,0.606465,-0.073053,1.172774,2.880732,-7.913713253099462,-19.9975662499972,2.860871646518743,-0.07226,-0.171463,0.012548,0.982457,0.940886,0.049436,0.335097,0.000124,0.989242,-0.146289,0.17189,1.142833,3.012963,-29.8436197373872,-7.053822354937798,-4.697568537232717,-0.254361,-0.069926,-0.055353,0.962989,0.984093,-0.071037,0.162836,0.142183,0.864473,-0.482152,F,BuildTutorial
56.469,0.129874,1.509828,2.714423,37.66192672812678,-0.0242404333700107,7.564603121504054,-0.322061,0.021492,-0.062503,-0.944409,0.991263,0.104214,0.080854,-0.131901,0.784741,0.605627,-0.073336,1.172415,2.880155,-7.945001805102922,-20.03469761296172,2.758718261069746,-0.072379,-0.171836,0.011601,0.982395,0.940676,0.047669,0.335942,0.002081,0.989253,-0.146197,0.172068,1.144613,3.011379,-30.588534405959535,-6.612760809491189,-5.587189169092543,-0.260313,-0.068401,-0.062129,0.961092,0.982923,-0.083812,0.163825,0.155035,0.856754,-0.49187,F,BuildTutorial
56.504,0.129722,1.50989,2.713721,37.61635517101353,0.0325178680869581,7.63678492761212,-0.321703,0.021202,-0.062947,-0.944508,0.991176,0.105267,0.080551,-0.13255,0.78509,0.605033,-0.07307,1.171958,2.879593,-7.887944475609721,-20.027459248472645,2.748485700475544,-0.071874,-0.171798,0.011605,0.982438,0.940701,0.047498,0.335894,0.001893,0.989399,-0.145211,0.170447,1.14201,3.011156,-30.039835884405235,-7.241107877040082,-2.9636136263571067,-0.256974,-0.067659,-0.041286,0.963163,0.987435,-0.044756,0.151553,0.114303,0.86452,-0.489429,F,BuildTutorial
56.536,0.129626,1.509885,2.712955,37.579368780717395,0.1350264555198737,7.733534392913825,-0.321437,0.020608,-0.063464,-0.944577,0.991095,0.106644,0.07973,-0.133141,0.785301,0.604628,-0.073248,1.171622,2.879281,-7.847927857899173,-20.058104960589027,2.868861240638739,-0.071715,-0.171998,0.012679,0.982402,0.940512,0.049581,0.336123,-0.000242,0.989393,-0.145267,0.167255,1.133887,3.013249,-26.83472523484392,-8.615065283093346,1.1633268135590886,-0.232117,-0.070707,-0.007581,0.970085,0.989886,0.018116,0.140703,0.047533,0.892128,-0.449275,F,BuildTutorial
56.568,0.129585,1.509817,2.712268,37.54712368193019,0.2270750915434856,7.836958978599784,-0.321204,0.020121,-0.064065,-0.944626,0.990982,0.108109,0.07917,-0.133962,0.785448,0.604257,-0.072337,1.171244,2.878604,-7.861345381150581,-20.009527640799877,2.763666649530501,-0.071667,-0.171643,0.011787,0.982478,0.940799,0.047764,0.335582,0.001441,0.98945,-0.144869,0.164151,1.119637,3.017103,-20.52749414109859,-9.751441252808227,6.142845741063581,-0.181761,-0.074002,0.03741,0.97984,0.986248,0.100214,0.131421,-0.046411,0.931127,-0.361731,F,BuildTutorial
56.6,0.129518,1.50968,2.711618,37.50814189049163,0.2640307608895318,7.851916891908155,-0.320901,0.019836,-0.064093,-0.944734,0.990997,0.10837,0.078615,-0.133832,0.78583,0.603789,-0.071654,1.171678,2.877857,-8.213270592665095,-20.06152451418147,2.3007456692707895,-0.073992,-0.172279,0.007248,0.982239,0.940535,0.039732,0.337365,0.011257,0.988945,-0.147853,0.163123,1.099874,3.0201,-10.80181523924541,-9.894758348699389,10.236424592009367,-0.101059,-0.07715,0.080399,0.988621,0.975168,0.174562,0.136295,-0.143374,0.966646,-0.212224,F,BuildTutorial
56.634,0.129437,1.509566,2.711095,37.48644893697956,0.2501103023314796,7.80212472253681,-0.320723,0.019799,-0.063726,-0.94482,0.991094,0.107718,0.078289,-0.133118,0.786152,0.603527,-0.071089,1.173018,2.876941,-8.849953797912523,-20.209293180708332,1.8493889768633671,-0.07877,-0.173675,0.002306,0.981645,0.939664,0.031889,0.34061,0.022832,0.98758,-0.155449,0.164343,1.075681,3.020203,1.154281781594773,-9.23002431813561,10.95276508893,0.002316,-0.081047,0.095928,0.992081,0.968459,0.18996,0.161255,-0.190711,0.981585,-0.010954,F,BuildTutorial
56.667,0.129453,1.509444,2.710372,37.54041742892042,0.3613611597657402,7.767695212034344,-0.321235,0.018816,-0.063119,-0.944706,0.991324,0.107169,0.076104,-0.131347,0.785648,0.60457,-0.07068,1.174683,2.876174,-9.506752675043534,-20.212675899860987,1.528928971367146,-0.083907,-0.173768,-0.00145,0.981204,0.939605,0.026316,0.341248,0.032005,0.985915,-0.164156,0.168374,1.058478,3.018515,9.362663778669134,-7.169346829010993,5.143398287275089,0.078576,-0.065907,0.04973,0.993483,0.986367,0.088454,0.13877,-0.109168,0.982706,0.149572,F,BuildTutorial
56.701,0.129462,1.509689,2.709887,37.4570850941784,0.5731118910333367,7.714997743086747,-0.320672,0.016875,-0.06211,-0.945001,0.991715,0.106566,0.071727,-0.128211,0.786624,0.603974,-0.070258,1.176652,2.87565,-10.24750129968908,-20.1110624268572,0.8857960987973006,-0.089277,-0.17322,-0.008012,0.980796,0.939862,0.015213,0.341217,0.046646,0.983931,-0.172349,0.175286,1.054929,3.017479,10.382534408095864,-4.820623352336644,-5.490638161538938,0.092303,-0.037505,-0.043857,0.994057,0.99334,-0.094115,0.066467,0.080268,0.979114,0.186799,F,BuildTutorial
56.734,0.129477,1.510409,2.709797,37.155157923348625,0.7540363112145111,7.680261920706938,-0.318284,0.015113,-0.06139,-0.945885,0.992006,0.106515,0.06767,-0.125756,0.789853,0.600265,-0.070483,1.179609,2.874757,-11.433671301800532,-20.40710389630869,0.9025828725021764,-0.099422,-0.175487,-0.009932,0.979398,0.938212,0.01544,0.345718,0.054349,0.980033,-0.191262,0.175953,1.052267,3.013714,9.968244447573666,-6.244858090333627,-6.961127340981763,0.089885,-0.048897,-0.055667,0.993192,0.989021,-0.119366,0.087121,0.101785,0.977644,0.183991,F,BuildTutorial
56.767,0.129623,1.511114,2.709846,36.7708217271967,0.9660125773776151,7.833215402052428,-0.315206,0.013562,-0.062163,-0.946888,0.991904,0.109173,0.064872,-0.126272,0.793562,0.595244,-0.070446,1.182577,2.873622,-12.721204346935084,-20.584240596471982,0.5279882897577292,-0.10982,-0.177063,-0.015288,0.977934,0.93683,0.00899,0.34967,0.068791,0.975412,-0.20938,0.175018,1.050517,3.007637,9.05050760179166,-7.395497987705224,-1.0354773214834223,0.079312,-0.063578,-0.003901,0.994813,0.991885,-0.017846,0.125878,-0.002324,0.987389,0.158298,F,BuildTutorial
56.801,0.13001,1.512043,2.709827,36.354138815507376,1.3149672602857725,7.978830728949971,-0.311937,0.010826,-0.062525,-0.947982,0.991947,0.11179,0.059533,-0.125299,0.797572,0.590067,-0.069749,1.184433,2.872889,-13.56044258639696,-20.473135721071667,-0.5970327690602831,-0.115261,-0.177073,-0.026072,0.977078,0.935931,-0.01013,0.352038,0.091768,0.97207,-0.216005,0.176155,1.049994,3.002164,8.022188736166896,-7.060303395284223,2.444140834346443,0.068491,-0.062898,0.025541,0.995339,0.990783,0.042229,0.128708,-0.05946,0.989313,0.133131,F,BuildTutorial
56.834,0.130571,1.51325,2.70981,35.849309255724435,1.8262847624974028,7.945036051191235,-0.308038,0.006192,-0.061014,-0.949395,0.992478,0.112037,0.049346,-0.119667,0.80278,0.584144,-0.069385,1.185957,2.872013,-14.241657827714985,-20.714610098016077,-0.6867323532025352,-0.120871,-0.179127,-0.028136,0.975967,0.934244,-0.011617,0.356446,0.098222,0.969197,-0.225853,0.178022,1.050392,2.997386,7.456545266795572,-6.825265998070705,2.8765579048497685,0.063398,-0.061011,0.028872,0.995703,0.990888,0.04976,0.125159,-0.065232,0.990294,0.122729,F,BuildTutorial
56.868,0.131388,1.514771,2.709917,35.143983801332716,2.420226825711312,7.964904345913479,-0.302506,0.000878,-0.059835,-0.951267,0.992838,0.113306,0.037872,-0.114369,0.809819,0.575424,-0.070477,1.187857,2.871749,-14.942157678971675,-21.175280451909373,0.2769780075330853,-0.128252,-0.18187,-0.021535,0.974685,0.932919,0.004671,0.360056,0.08863,0.966175,-0.242177,0.179329,1.050721,2.991904,8.000462416977722,-7.361702313865973,1.731529307495119,0.068641,-0.065087,0.01952,0.995325,0.990765,0.029923,0.132246,-0.047793,0.989815,0.134099,F,BuildTutorial
56.9,0.132474,1.516687,2.710321,34.19019011749198,3.093949929466296,8.095920686770459,-0.29494,-0.004996,-0.059532,-0.953647,0.992862,0.116492,0.025587,-0.110598,0.818933,0.563132,-0.070842,1.188972,2.871921,-15.520844606149025,-21.216358680474723,0.1946223284006795,-0.133033,-0.18218,-0.023204,0.973948,0.932544,0.003273,0.361041,0.09367,0.963528,-0.25068,0.18119,1.052197,2.987192,8.415854767347712,-7.736835011628302,0.0289809528313176,0.073192,-0.067302,0.005202,0.995031,0.990887,0.0005,0.134696,-0.020204,0.989232,0.144957,F,BuildTutorial
56.934,0.133625,1.518698,2.710398,33.18331990805619,3.848794701494087,8.265380912178397,-0.286965,-0.011532,-0.059463,-0.956024,0.992662,0.120314,0.012079,-0.107078,0.82823,0.550063,-0.070942,1.189998,2.872404,-16.113561224042698,-21.325581035081793,-0.6612513106637901,-0.136675,-0.183994,-0.031547,0.972868,0.930302,-0.011088,0.366627,0.111677,0.96065,-0.254324,0.184336,1.055136,2.983026,8.165166892601956,-7.443906355058682,-1.255043618882366,0.071749,-0.063968,-0.00628,0.99535,0.991737,-0.021682,0.126439,0.003323,0.989625,0.143635,F,BuildTutorial
56.967,0.134774,1.520681,2.710351,32.2147227390603,4.698323933832836,8.494053384274872,-0.27936,-0.018743,-0.059749,-0.958142,0.992158,0.124969,-0.002535,-0.104024,0.836776,0.537574,-0.071047,1.191126,2.872333,-16.650648605108746,-21.813828796055834,-0.1241998447778521,-0.141975,-0.187374,-0.02845,0.971558,0.928163,-0.002076,0.372167,0.108486,0.958067,-0.265213,0.1875,1.058692,2.979602,7.643290436554745,-7.271958589046834,-1.121873745083132,0.067133,-0.062622,-0.005522,0.995762,0.992096,-0.019404,0.123971,0.002588,0.990925,0.134389,F,BuildTutorial
57.001,0.13584,1.522412,2.710022,31.33159505594065,5.514576005706338,8.702673775712482,-0.27245,-0.025721,-0.060017,-0.959952,0.991473,0.129242,-0.016678,-0.101212,0.844338,0.526165,-0.070609,1.191181,2.87259,-16.63857850917609,-22.069227038026753,0.7495163613998849,-0.14325,-0.188455,-0.021341,0.971344,0.928059,0.012533,0.372223,0.095452,0.958048,-0.270246,0.190698,1.062694,2.976642,6.8469506960814215,-7.0511369760935425,-0.0292289360054886,0.059618,-0.061369,0.003418,0.996327,0.992444,-0.000507,0.122696,-0.014128,0.992868,0.118379,F,BuildTutorial
57.034,0.136771,1.523925,2.709541,30.547225637374076,6.269191399994113,8.88006543360363,-0.266329,-0.032229,-0.060208,-0.96146,0.990673,0.132942,-0.029903,-0.098608,0.850888,0.51601,-0.069428,1.19058,2.873249,-16.512839982817358,-22.022832419181324,0.8854553779837334,-0.142416,-0.18793,-0.019922,0.971598,0.928571,0.014816,0.37086,0.092241,0.958642,-0.269254,0.195043,1.067547,2.974324,5.783919130214514,-6.1676264732305075,0.6566634697702617,0.050071,-0.054016,0.008429,0.997248,0.994023,0.011402,0.108579,-0.022221,0.994844,0.098957,F,BuildTutorial
57.069,0.137431,1.525202,2.708933,29.86723649795531,6.991329400412838,9.08418041358883,-0.261078,-0.038359,-0.060711,-0.962643,0.989685,0.136916,-0.042152,-0.096857,0.856305,0.507307,-0.067699,1.189982,2.873812,-16.580341542389544,-21.97907795059403,0.8441024498276523,-0.142928,-0.18759,-0.02033,0.97158,0.928793,0.01412,0.370329,0.093128,0.958317,-0.270104,0.199845,1.072541,2.972331,4.7966795834163,-5.147477191503796,1.036378744398352,0.041397,-0.045242,0.010906,0.998058,0.995668,0.018024,0.091212,-0.025515,0.996335,0.081646,F,BuildTutorial
57.102,0.13785,1.52671,2.708287,29.092506884209197,7.593179059878203,9.204893477509266,-0.254945,-0.043776,-0.060922,-0.964041,0.988744,0.139784,-0.05334,-0.095142,0.862583,0.49689,-0.066595,1.189842,2.875021,-16.60435217943797,-21.872835734816793,1.2569511239081743,-0.143822,-0.186165,-0.016736,0.971791,0.930125,0.021022,0.36664,0.086076,0.95807,-0.273299,0.204398,1.077204,2.970634,4.101485827576047,-4.2672595346660955,1.1487039460211057,0.035385,-0.037563,0.011343,0.998603,0.996921,0.019997,0.075823,-0.025313,0.997239,0.069818,F,BuildTutorial
57.135,0.138001,1.528237,2.707402,28.363072875582,8.096589544571472,9.28326809993326,-0.249121,-0.048445,-0.061022,-0.965333,0.987859,0.14195,-0.063127,-0.093676,0.86843,0.486882,-0.065566,1.189523,2.876314,-16.621274672199352,-21.76406705994971,1.6507576773286297,-0.144617,-0.184741,-0.013287,0.971998,0.931388,0.027603,0.36298,0.079264,0.957819,-0.276225,0.208722,1.081847,2.968992,3.542210293930777,-3.45585299958084,1.0506641386538025,0.030615,-0.030421,0.010092,0.999017,0.997945,0.018302,0.0614,-0.022027,0.997922,0.060555,F,BuildTutorial
57.169,0.137876,1.529604,2.706564,27.691716772887304,8.570332114198672,9.34617802002338,-0.243759,-0.052866,-0.06106,-0.966467,0.986954,0.143798,-0.072419,-0.092251,0.873707,0.477626,-0.064807,1.189397,2.8781,-16.630079983259655,-21.641810163886827,1.7020472021542317,-0.144788,-0.183636,-0.012712,0.97219,0.932233,0.028459,0.360739,0.077894,0.95775,-0.276854,0.213233,1.086972,2.967514,2.747472984506363,-2.5247042170682983,0.6851495914683127,0.023836,-0.022167,0.006504,0.999449,0.998933,0.011944,0.044621,-0.014058,0.998779,0.047358,F,BuildTutorial
57.202,0.137392,1.530889,2.705874,27.12080940833939,8.991400294380833,9.388475176438524,-0.239201,-0.056814,-0.060995,-0.967386,0.986104,0.145192,-0.080741,-0.090832,0.878125,0.46973,-0.064094,1.189692,2.880022,-16.80539957127254,-21.44345988965193,1.9370729137629183,-0.146669,-0.181589,-0.010752,0.972316,0.93382,0.032359,0.356278,0.074176,0.956745,-0.281313,0.217075,1.092149,2.966202,2.000994550963113,-1.8741958230032605,0.5643477544397155,0.017378,-0.016438,0.005209,0.9997,0.999405,0.009844,0.033047,-0.010986,0.999342,0.034575,F,BuildTutorial
57.236,0.136542,1.532133,2.705166,26.659533387966484,9.340061690682552,9.377953771391224,-0.235497,-0.060174,-0.060572,-0.968117,0.98542,0.145624,-0.087983,-0.08894,0.881744,0.463267,-0.062358,1.189564,2.881482,-16.82570392677098,-21.093803370240096,2.1526186740894326,-0.147209,-0.178337,-0.008507,0.972858,0.936247,0.035953,0.349499,0.069058,0.956515,-0.283392,0.220209,1.097154,2.964886,1.3584285498047757,-1.3288558458094806,0.7235823055569782,0.01178,-0.01167,0.006451,0.999842,0.999644,0.012626,0.023488,-0.013175,0.999639,0.023406,F,BuildTutorial
57.269,0.135345,1.533408,2.704576,26.210577790685196,9.623584421041611,9.311598598796708,-0.231828,-0.063089,-0.05982,-0.968864,0.984883,0.145167,-0.094513,-0.086664,0.885355,0.456767,-0.061485,1.189775,2.883282,-16.814902792435724,-20.76464984641156,2.3588804357669204,-0.147457,-0.175281,-0.006315,0.973393,0.938474,0.039399,0.343096,0.063986,0.956433,-0.284853,0.223554,1.102796,2.963309,0.4976579141259354,-0.4030459995170978,0.7089622108456406,0.004321,-0.003544,0.006202,0.999965,0.999898,0.012372,0.007142,-0.012433,0.999886,0.008598,F,BuildTutorial
57.301,0.133683,1.53445,2.703925,25.855123162677913,9.901397453416005,9.253646494122094,-0.228943,-0.065858,-0.059084,-0.969411,0.984344,0.144709,-0.100633,-0.084398,0.888188,0.451662,-0.060315,1.190058,2.884952,-16.88777981928346,-20.299306444343024,2.4451017369722003,-0.148229,-0.171186,-0.005096,0.974011,0.941339,0.040822,0.334986,0.060677,0.956005,-0.287008,0.226588,1.108268,2.961989,-0.4754705107312412,0.4910510568067099,0.9379838905312012,-0.004114,0.004319,0.008203,0.999949,0.999828,0.01637,-0.008706,-0.016441,0.999832,-0.008157,F,BuildTutorial
57.335,0.131791,1.535385,2.703442,25.47362825406122,10.152805229147924,9.21593254891568,-0.225832,-0.068385,-0.058608,-0.969994,0.983777,0.144585,-0.106194,-0.082811,0.89113,0.446128,-0.059323,1.190495,2.886443,-16.974422221627083,-19.80025416001783,2.735188544121766,-0.149408,-0.16653,-0.002114,0.974649,0.944527,0.04564,0.325248,0.053883,0.955346,-0.290536,0.228561,1.113182,2.960726,-1.19923922795783,0.9880894583681114,1.4737975998457926,-0.010353,0.008756,0.01295,0.999824,0.999511,0.025715,-0.017777,-0.026078,0.99945,-0.020476,F,BuildTutorial
57.368,0.129498,1.536529,2.703293,25.017419356321707,10.358472853000064,9.14831661737734,-0.222045,-0.070646,-0.058049,-0.97074,0.983279,0.144074,-0.111379,-0.081328,0.894653,0.439297,-0.059162,1.191114,2.888229,-17.138589750576486,-19.3967278175554,2.854179816034627,-0.150979,-0.162871,-0.000819,0.975027,0.946945,0.047583,0.317854,0.050777,0.95441,-0.29415,0.230756,1.118037,2.959641,-1.7522224649367406,1.709446548437341,0.7788237708927273,-0.015187,0.015019,0.007023,0.999747,0.99945,0.013586,-0.030244,-0.014499,0.99944,-0.030155,F,BuildTutorial
57.402,0.126863,1.537359,2.703041,24.68023160480824,10.560746169761575,9.131936579155663,-0.219289,-0.072677,-0.057832,-0.971229,0.982747,0.144211,-0.115808,-0.080462,0.897136,0.434365,-0.059394,1.191682,2.889933,-17.34188417993189,-19.040233789212905,2.855572124148336,-0.152711,-0.159748,-0.000634,0.975274,0.94896,0.047553,0.31179,0.050028,0.953358,-0.297667,0.233064,1.123158,2.958532,-2.3983448039293873,2.708215122127713,-0.1109292461197636,-0.020945,0.023606,-0.000473,0.999502,0.998885,-0.001934,-0.047169,-4.4e-05,0.999122,-0.041891,F,BuildTutorial
57.435,0.123908,1.53824,2.702744,24.375251042837224,10.758158860660576,9.14515126930398,-0.21682,-0.074584,-0.057854,-0.971637,0.98218,0.144769,-0.119849,-0.080084,0.899284,0.429971,-0.059677,1.19193,2.891721,-17.352982613971196,-18.551903534182433,2.8351423967048848,-0.152779,-0.155613,-0.000173,0.975932,0.951569,0.047212,0.303788,0.047886,0.953317,-0.298151,0.234709,1.127954,2.957558,-3.074498361615632,3.5856672753124617,-0.2283797417471982,-0.026876,0.031221,-0.001152,0.999151,0.998048,-0.003979,-0.062327,0.000623,0.998553,-0.053778,F,BuildTutorial
57.468,0.120437,1.539309,2.702737,24.01957176450329,10.89317373672352,9.100794848026185,-0.213852,-0.076114,-0.057561,-0.972194,0.981787,0.144474,-0.123376,-0.079366,0.901908,0.424573,-0.06052,1.192001,2.893996,-17.165326312525366,-17.986583359553567,3.001386041308495,-0.151399,-0.150655,0.002257,0.976922,0.954596,0.050029,0.293673,0.041207,0.954147,-0.29649,0.235741,1.132889,2.956425,-3.7450659679153686,4.368382077580744,-0.2128759063267218,-0.032723,0.038031,-0.00061,0.99874,0.997107,-0.003708,-0.075926,-0.00127,0.997858,-0.06541,F,BuildTutorial
57.502,0.116648,1.540493,2.702772,23.752157121420147,11.013525134841622,9.04801995759484,-0.211615,-0.077459,-0.057145,-0.972602,0.981469,0.143941,-0.126488,-0.078375,0.903907,0.420487,-0.061387,1.19199,2.895979,-17.029719738195677,-17.55876449390104,3.1970919844451275,-0.150485,-0.146807,0.004675,0.97764,0.956852,0.053326,0.285642,0.035043,0.954665,-0.295613,0.236481,1.137922,2.955463,-4.425749185390031,5.16709604973199,-0.4048191752447317,-0.038732,0.044906,-0.001786,0.998239,0.995961,-0.007044,-0.089515,8.7e-05,0.996993,-0.077488,F,BuildTutorial
57.535,0.112486,1.541937,2.70304,23.30718672117783,11.083406696617969,8.967955347851497,-0.207829,-0.078572,-0.056764,-0.973351,0.981209,0.143161,-0.129362,-0.077843,0.90717,0.4135,-0.062084,1.19223,2.89748,-17.111875547762445,-17.05053910959588,3.1776025367751095,-0.151139,-0.14246,0.005068,0.97818,0.959359,0.052978,0.277171,0.033147,0.954263,-0.297126,0.236966,1.142952,2.954555,-5.142648830655185,6.036408967279462,-0.7344762250815814,-0.045137,0.052312,-0.004032,0.997602,0.994494,-0.012767,-0.104009,0.003322,0.995893,-0.090479,F,BuildTutorial
57.569,0.107797,1.543663,2.703771,22.706986162381796,11.080654848896776,8.852909666843807,-0.202663,-0.079252,-0.056366,-0.974407,0.981084,0.14197,-0.131601,-0.077724,0.911501,0.403888,-0.062755,1.19257,2.899505,-17.206851860050957,-16.20535253184633,3.0995681379201683,-0.151816,-0.135305,0.005397,0.979089,0.963327,0.051652,0.263313,0.030514,0.953846,-0.298744,0.236768,1.147938,2.953416,-5.763308296226672,6.766032180569663,-0.8454332803775914,-0.050619,0.058564,-0.004389,0.99699,0.993102,-0.014681,-0.116331,0.002823,0.994837,-0.101448,F,BuildTutorial
57.603,0.102816,1.545249,2.704369,22.23382742384635,11.156996945121971,8.76884913844361,-0.198629,-0.080436,-0.05597,-0.975164,0.980795,0.141113,-0.134643,-0.077205,0.914828,0.396395,-0.064306,1.192897,2.902047,-17.194228260748528,-15.60012725301132,3.1254180407523795,-0.151707,-0.130103,0.006435,0.979805,0.966064,0.052085,0.252999,0.026865,0.953887,-0.298961,0.235941,1.152792,2.952688,-6.392957029518878,7.291602083136112,-1.1962241185721298,-0.056307,0.062905,-0.006856,0.996406,0.991992,-0.020746,-0.124586,0.006578,0.993565,-0.113072,F,BuildTutorial
57.635,0.097614,1.547043,2.705171,21.701830879991945,11.281858305571694,8.74460365188791,-0.194157,-0.081973,-0.056061,-0.975931,0.980275,0.141255,-0.138231,-0.077592,0.918321,0.388158,-0.066115,1.193064,2.904344,-17.205722062617593,-15.267582482102728,3.366296989750196,-0.152053,-0.126935,0.008922,0.980147,0.967616,0.056091,0.246117,0.021112,0.953601,-0.300333,0.234969,1.157739,2.951881,-7.172958990312229,7.908671223229169,-1.618622330803968,-0.063372,0.067938,-0.00975,0.995627,0.990579,-0.028025,-0.134046,0.010803,0.991778,-0.127515,F,BuildTutorial
57.669,0.092237,1.549259,2.70631,21.19404569788177,11.496319102663035,8.838028189240891,-0.190017,-0.084057,-0.056991,-0.976514,0.979373,0.14325,-0.142507,-0.079361,0.921291,0.380689,-0.067485,1.193484,2.907013,-17.290522976467482,-14.642465115022128,3.2325214048243787,-0.152585,-0.121729,0.00851,0.980728,0.970219,0.05384,0.236169,0.020456,0.953291,-0.30136,0.234174,1.162742,2.950921,-7.904673393496733,8.888138778788504,-1.7306780887490805,-0.069879,0.076255,-0.009681,0.99459,0.988183,-0.029914,-0.150333,0.008599,0.990046,-0.140479,F,BuildTutorial
57.702,0.086751,1.55144,2.707249,20.857036110097557,11.796521217232025,8.980283783850247,-0.18741,-0.086659,-0.058043,-0.976729,0.978243,0.145866,-0.147528,-0.080903,0.923017,0.376158,-0.069125,1.194274,2.910152,-17.20663080613364,-13.792678674223968,2.9259727116550063,-0.151493,-0.114892,0.007105,0.981733,0.973499,0.048762,0.223434,0.02086,0.953999,-0.299083,0.232977,1.167896,2.950385,-8.544762461114034,9.917304049385995,-2.1847440292082494,-0.075849,0.084766,-0.012502,0.993431,0.985317,-0.037699,-0.166522,0.011981,0.988181,-0.152822,F,BuildTutorial
57.734,0.081277,1.553813,2.708266,20.442903848300706,12.186301164931058,9.119756896552024,-0.184197,-0.090102,-0.059021,-0.97697,0.976796,0.148516,-0.154311,-0.08213,0.925176,0.370546,-0.071802,1.195828,2.912876,-17.190057435843567,-13.548900989779034,3.6055297279251968,-0.152002,-0.11191,0.013268,0.981935,0.9746,0.060078,0.215742,0.007964,0.953439,-0.301482,0.231365,1.172626,2.949663,-9.273759795942905,10.73262971248512,-2.960032675044972,-0.082867,0.091107,-0.018073,0.992223,0.982746,-0.050964,-0.177802,0.020765,0.985613,-0.167738,F,BuildTutorial
57.768,0.075776,1.556132,2.709313,20.018978141504167,12.60577715510018,9.331046870158689,-0.180982,-0.093703,-0.060598,-0.977135,0.975095,0.152342,-0.161186,-0.084508,0.927147,0.365045,-0.074673,1.19774,2.915832,-17.239403967925192,-13.13482839495706,3.7223678765892303,-0.152486,-0.108185,0.014768,0.982256,0.976156,0.062006,0.208027,0.003981,0.95306,-0.302756,0.22953,1.17726,2.948565,-9.907608754921752,11.593858045961907,-3.5774694933556015,-0.08901,0.097895,-0.022221,0.990959,0.979845,-0.061468,-0.190065,0.026613,0.983167,-0.180761,F,BuildTutorial
57.802,0.070178,1.558188,2.710472,19.625071584881574,13.062116370120815,9.554604868874971,-0.178065,-0.097587,-0.062215,-0.977189,0.973212,0.156346,-0.168564,-0.086839,0.928845,0.360148,-0.077171,1.199855,2.91872,-17.515807985107124,-12.431909832701972,3.5818019375497077,-0.154635,-0.102231,0.014228,0.982565,0.978693,0.059578,0.196497,0.003656,0.951771,-0.306787,0.227165,1.181373,2.947631,-10.45866508598776,12.303023090173443,-3.707296948469663,-0.094022,0.103725,-0.022265,0.989902,0.977491,-0.063584,-0.201167,0.024575,0.981328,-0.190764,F,BuildTutorial
57.835,0.064656,1.560333,2.711649,19.238236038519133,13.484691698572377,9.75013945216383,-0.175179,-0.101233,-0.063662,-0.977247,0.971398,0.159896,-0.175554,-0.08896,0.930519,0.355276,-0.079696,1.201854,2.921479,-17.821002801400628,-11.780843012093676,3.4892547548231203,-0.157089,-0.09665,0.01403,0.982744,0.980924,0.057942,0.185557,0.002789,0.950252,-0.311469,0.224454,1.18518,2.946829,-10.853150016718724,12.843037014274048,-3.591879125052253,-0.09742,0.108341,-0.020432,0.989118,0.975689,-0.061529,-0.210344,0.019311,0.980184,-0.197147,F,BuildTutorial
57.869,0.059137,1.562187,2.712643,18.950671175863008,13.90164457563092,9.945538878864465,-0.173145,-0.104752,-0.065024,-0.977149,0.969598,0.16335,-0.1822,-0.090801,0.931585,0.352,-0.082536,1.203479,2.924526,-17.85222252420264,-11.210452413538102,3.4920302008852557,-0.157287,-0.091741,0.014808,0.983171,0.982729,0.057977,0.175736,-0.000258,0.950083,-0.311997,0.22177,1.188589,2.94613,-11.081033144675912,13.3074678662766,-3.9039800665529394,-0.099772,0.111994,-0.022494,0.988432,0.973903,-0.066815,-0.216908,0.022119,0.979079,-0.202274,F,BuildTutorial
57.902,0.053782,1.563665,2.713607,18.705961541037087,14.302900733372596,10.117047351045668,-0.171455,-0.108141,-0.066171,-0.977001,0.967854,0.166381,-0.188617,-0.092216,0.932449,0.349335,-0.085162,1.204738,2.927033,-17.837804721909137,-10.836574536907204,3.850044502271789,-0.15739,-0.088047,0.018406,0.983431,0.983818,0.063917,0.167383,-0.008486,0.949779,-0.312805,0.219335,1.192263,2.945249,-11.344392838814208,14.015742661850911,-4.564019733903393,-0.102855,0.117406,-0.027278,0.987367,0.970944,-0.078018,-0.226234,0.029715,0.977354,-0.209516,F,BuildTutorial
57.935,0.048707,1.564866,2.714622,18.503792661484628,14.732836011617998,10.350443664297204,-0.170213,-0.111648,-0.067764,-0.976714,0.965885,0.17038,-0.195029,-0.094364,0.932872,0.34763,-0.088168,1.206324,2.929663,-18.001785943278485,-10.538907790686466,4.0639126594722725,-0.158907,-0.085128,0.020513,0.983403,0.984665,0.0674,0.160911,-0.01329,0.948655,-0.316032,0.217306,1.196072,2.94403,-11.761808776372208,14.831995937870422,-5.06420210561484,-0.107177,0.123779,-0.030367,0.986037,0.967513,-0.086419,-0.237593,0.033354,0.975182,-0.218878,F,BuildTutorial
57.969,0.043773,1.565799,2.71555,18.363820879098785,15.169631051498538,10.61067281596778,-0.169544,-0.115119,-0.069508,-0.976305,0.963833,0.174758,-0.201213,-0.096687,0.932847,0.347057,-0.09073,1.207927,2.931854,-18.457983576832735,-10.331071629725711,4.153771298776273,-0.162845,-0.083021,0.021196,0.982924,0.985317,0.068707,0.156304,-0.014628,0.946065,-0.323648,0.215008,1.199747,2.94267,-12.306696693089773,15.437639663665548,-5.362320842306645,-0.112349,0.128423,-0.031706,0.984825,0.965004,-0.091306,-0.245824,0.033593,0.972745,-0.229432,F,BuildTutorial
58.001,0.039134,1.566494,2.716544,18.21574490326364,15.596849111487836,10.715796380780318,-0.168655,-0.118748,-0.069962,-0.975992,0.962008,0.17662,-0.208196,-0.09651,0.933321,0.345828,-0.09317,1.209032,2.934077,-18.666916928676336,-10.09125321938262,4.243551194920548,-0.164654,-0.080744,0.022138,0.982792,0.985981,0.070103,0.151418,-0.016924,0.944798,-0.327216,0.212833,1.203249,2.941035,-12.82497966521268,15.961666729970002,-5.590697034280411,-0.117201,0.132415,-0.032506,0.983704,0.96282,-0.094991,-0.252894,0.032914,0.970415,-0.239191,F,BuildTutorial
58.035,0.03472,1.566925,2.717308,18.192788642457906,16.06033787704259,10.778443453555486,-0.168809,-0.122625,-0.069843,-0.975494,0.96017,0.177664,-0.21566,-0.094863,0.933251,0.346474,-0.094872,1.209523,2.935887,-18.646116887883323,-9.895063099351486,4.508495512252058,-0.16462,-0.07869,0.024709,0.982903,0.986395,0.07448,0.146555,-0.022664,0.94458,-0.327499,0.210918,1.206267,2.939391,-13.180279095615582,16.62367930173436,-5.807780082889788,-0.12069,0.137668,-0.033228,0.982536,0.959887,-0.098526,-0.262507,0.032066,0.96866,-0.246313,F,BuildTutorial
58.068,0.030598,1.56722,2.717993,18.23558893504427,16.553507390418215,10.855730209953908,-0.169556,-0.126665,-0.069715,-0.974857,0.958192,0.178877,-0.223319,-0.09297,0.932781,0.348247,-0.096247,1.20989,2.93807,-18.62430039520816,-9.386951200549149,4.519535416459216,-0.164329,-0.074325,0.02555,0.98327,0.987646,0.074673,0.137766,-0.025818,0.944686,-0.326958,0.209809,1.208815,2.937513,-13.445381982291396,17.576788652856603,-6.016271612270646,-0.123493,0.145455,-0.033644,0.981051,0.955422,-0.101939,-0.277089,0.030089,0.967235,-0.252093,F,BuildTutorial
58.101,0.026687,1.567366,2.71856,18.303023088484306,17.03211290545274,10.886919073802318,-0.170452,-0.130621,-0.069177,-0.974217,0.956305,0.179316,-0.230924,-0.090257,0.932322,0.350186,-0.097357,1.210049,2.939857,-18.57976619850608,-8.905449770870202,4.771005561013603,-0.163992,-0.069853,0.028431,0.983575,0.988625,0.078839,0.128086,-0.033018,0.944597,-0.326568,0.208446,1.210733,2.935676,-13.578746676570695,18.188360215214516,-5.965892921111466,-0.124743,0.150662,-0.032364,0.980149,0.952507,-0.10103,-0.287268,0.025854,0.966784,-0.254286,F,BuildTutorial
58.135,0.023,1.56729,2.719028,18.430276963729565,17.510244741835095,10.937010177663662,-0.171874,-0.13448,-0.068708,-0.973475,0.954389,0.179998,-0.238208,-0.087543,0.931478,0.353109,-0.098365,1.21045,2.941375,-18.644693976314223,-8.493941659271835,4.816605782319513,-0.164472,-0.066225,0.029366,0.983718,0.989504,0.079561,0.120633,-0.035992,0.944173,-0.327477,0.207162,1.212362,2.933886,-13.709821904293976,18.745813098792336,-6.143868506736773,-0.126258,0.155152,-0.033086,0.97923,0.949666,-0.103976,-0.295504,0.025619,0.965928,-0.257538,F,BuildTutorial
58.168,0.019396,1.567297,2.719578,18.467795605301276,17.961859801184524,10.978126501307347,-0.17251,-0.138215,-0.068324,-0.972866,0.952457,0.180628,-0.245357,-0.085254,0.931144,0.354545,-0.099676,1.211103,2.942817,-18.821675793489547,-8.156914332902366,4.759084353361487,-0.165871,-0.063333,0.029237,0.983677,0.990268,0.07853,0.114899,-0.03651,0.943264,-0.33003,0.206059,1.213878,2.932343,-13.811863889886675,19.366008005393912,-6.3057442568348625,-0.127531,0.160205,-0.03363,0.978233,0.946407,-0.106659,-0.304858,0.024934,0.96521,-0.260285,F,BuildTutorial
58.202,0.015989,1.567363,2.720034,18.466071485076657,18.388350374792864,11.00840732581606,-0.172786,-0.141791,-0.067941,-0.972329,0.950559,0.18112,-0.252257,-0.083122,0.931059,0.355276,-0.100035,1.211525,2.943871,-18.94632088759448,-7.589539916328204,4.785574130270719,-0.166807,-0.058367,0.030207,0.983797,0.991362,0.078907,0.104766,-0.039962,0.942526,-0.331735,0.204807,1.214895,2.93083,-13.93714546140852,19.79584839926948,-6.062157828319784,-0.128374,0.164065,-0.03088,0.977573,0.944258,-0.102498,-0.312843,0.018251,0.965133,-0.261123,F,BuildTutorial
58.234,0.012794,1.567278,2.720454,18.460707294042987,18.809618972339603,11.03569583614892,-0.173024,-0.145329,-0.067545,-0.971792,0.948634,0.18157,-0.259086,-0.080988,0.931001,0.355919,-0.10104,1.212006,2.945376,-19.03934003706267,-7.083898219646655,5.013184055261521,-0.167577,-0.053651,0.032842,0.98385,0.992086,0.082604,0.094562,-0.046642,0.941679,-0.333266,0.203523,1.215617,2.929524,-13.996186032613997,20.078031639624133,-5.827552537933171,-0.128611,0.166698,-0.028471,0.97717,0.942802,-0.098521,-0.318462,0.012765,0.965297,-0.260841,F,BuildTutorial
58.267,0.009785,1.567111,2.720932,18.45897177735109,19.218905703243536,11.074596144040632,-0.1733,-0.148742,-0.067259,-0.971246,0.946704,0.182203,-0.265619,-0.079095,0.930887,0.356642,-0.101881,1.211942,2.946954,-18.984497082110128,-6.716123831094349,4.9674533055490295,-0.16698,-0.050585,0.033018,0.984108,0.992702,0.081879,0.088537,-0.048093,0.942055,-0.331992,0.202985,1.216373,2.928098,-14.09604792686715,20.746952596021963,-6.105344700174145,-0.130041,0.172022,-0.029925,0.976013,0.939026,-0.103154,-0.328009,0.013674,0.964388,-0.26414,F,BuildTutorial
58.301,0.007008,1.567,2.721394,18.51006373542527,19.640488495800888,11.11692226289245,-0.174033,-0.152196,-0.066898,-0.970605,0.944722,0.182838,-0.272159,-0.076889,0.930474,0.358198,-0.103122,1.212151,2.948265,-19.02868432820808,-6.716322408134105,5.119108328097141,-0.167426,-0.050345,0.034295,0.984001,0.992579,0.08435,0.087594,-0.050634,0.941585,-0.332947,0.202748,1.217049,2.926692,-14.274416634488354,21.539765560887627,-5.905789081144036,-0.131447,0.178883,-0.027029,0.974675,0.934541,-0.099716,-0.3416,0.005662,0.963982,-0.265906,F,BuildTutorial
58.334,0.004533,1.566903,2.721778,18.625717445864854,20.067698132298993,11.202648792418842,-0.175371,-0.155559,-0.066786,-0.969838,0.942682,0.184104,-0.278309,-0.074982,0.92957,0.360941,-0.104634,1.212388,2.949903,-19.151889722050853,-6.586958946548888,5.092997583302179,-0.168433,-0.049215,0.034191,0.98389,0.992818,0.083859,0.085327,-0.050701,0.940922,-0.334805,0.202118,1.217245,2.925641,-14.360661414760338,21.97075906888058,-5.3041600649127085,-0.131319,0.183184,-0.021274,0.974036,0.931982,-0.089554,-0.351268,-0.006668,0.964605,-0.263613,F,BuildTutorial
58.368,0.002213,1.566785,2.72211,18.733505549622834,20.459872374065853,11.215689213174072,-0.176523,-0.158741,-0.066117,-0.969159,0.94086,0.184199,-0.284347,-0.072114,0.928936,0.363149,-0.105419,1.212525,2.951368,-19.063869028028655,-6.124196751994891,5.006608892857656,-0.167504,-0.045408,0.034175,0.984232,0.99354,0.082485,0.077936,-0.05206,0.941549,-0.33283,0.201567,1.217451,2.924612,-14.185547684912434,22.470264581732337,-5.375370682684063,-0.130043,0.187453,-0.02161,0.973387,0.928789,-0.090823,-0.359309,-0.006685,0.965244,-0.261267,F,BuildTutorial
58.401,-0.000109,1.566782,2.722722,18.780663929338743,20.808300450681315,11.160730535750927,-0.177042,-0.161721,-0.065036,-0.968645,0.939234,0.183256,-0.290272,-0.06873,0.928853,0.364018,-0.105936,1.21239,2.952705,-18.918626398970364,-5.741362432000237,5.148361232276259,-0.166194,-0.041979,0.036024,0.98454,0.99388,0.084887,0.070686,-0.05698,0.942164,-0.330275,0.201432,1.217629,2.923567,-14.005432724651978,23.146381743828726,-5.920664488827358,-0.129562,0.192689,-0.025791,0.972327,0.924412,-0.100085,-0.368031,0.000224,0.965097,-0.261892,F,BuildTutorial
58.435,-0.002153,1.566678,2.723241,18.827832211923795,21.12553287774414,11.16521078073354,-0.177624,-0.164344,-0.064503,-0.968133,0.937661,0.183277,-0.295298,-0.066512,0.928579,0.365127,-0.105985,1.211941,2.953777,-18.840387387508223,-5.364248717865819,5.093059612328002,-0.165384,-0.038854,0.036132,0.984801,0.99437,0.084017,0.064575,-0.058314,0.942686,-0.328547,0.200745,1.217722,2.922634,-13.979110216492993,23.449902908208156,-5.667818393584766,-0.128976,0.195566,-0.023351,0.971892,0.922418,-0.095835,-0.374114,-0.005057,0.96564,-0.259834,F,BuildTutorial
58.468,-0.00405,1.566475,2.723717,18.928920768145467,21.467915629331177,11.241985351701487,-0.178776,-0.167006,-0.064445,-0.967468,0.935911,0.18441,-0.300105,-0.064983,0.927772,0.367445,-0.106328,1.211553,2.955031,-18.713985375305224,-5.054975029805016,4.853765637071935,-0.164124,-0.036595,0.034577,0.985154,0.994931,0.080139,0.060754,-0.056115,0.943736,-0.325905,0.199922,1.217876,2.92174,-13.976239808630606,23.704570766705892,-5.361895849834858,-0.128475,0.198071,-0.020476,0.971516,0.920698,-0.09068,-0.379596,-0.011109,0.96615,-0.257743,F,BuildTutorial
